BEGIN_KVSTACK run=1 context=16384 publisher_mig=fafc828a mem_free_mib=48501 kernel_reclaimable_mib=67429
PUBLISH store=stock prefix_tokens=14282 prefix_ms=16881.8 publish_ms=499.11 state_bytes=819216229
PUBLISH store=device prefix_tokens=14282 prefix_ms=16992.8 publish_ms=500.53 state_bytes=819216229
PUBLISH store=huge prefix_tokens=14282 prefix_ms=17056.5 publish_ms=8.24 state_bytes=229221 file_used_kib=802816
CASE mode=both agents=128
AGENT index=0 mig=fafc828a exit=0 wall_ms=221946 text=bb92e4befc7eddec role=child prefix_tokens=14282 suffix_tokens=27 model_ms=18340.5 context_ms=619.0 state_ms=54.70 prefix_ms=0.0 suffix_ms=5203.1 first_token_ms=28841.9 generation_ms=192482.6 generated=64 generation_tps=0.332
AGENT index=1 mig=31ffbfe4 exit=0 wall_ms=327958 text=a8d47b5298abb2fc role=child prefix_tokens=14282 suffix_tokens=22 model_ms=18943.5 context_ms=403.8 state_ms=20.00 prefix_ms=0.0 suffix_ms=8777.2 first_token_ms=33006.9 generation_ms=294485.5 generated=64 generation_tps=0.217
AGENT index=2 mig=fafc828a exit=0 wall_ms=223413 text=abfd4eb3fb8ebdd8 role=child prefix_tokens=14282 suffix_tokens=24 model_ms=19648.1 context_ms=488.0 state_ms=7.49 prefix_ms=0.0 suffix_ms=5683.2 first_token_ms=30448.5 generation_ms=192303.1 generated=64 generation_tps=0.333
AGENT index=3 mig=31ffbfe4 exit=0 wall_ms=327605 text=077e38d3762a4e5d role=child prefix_tokens=14282 suffix_tokens=32 model_ms=20095.3 context_ms=344.0 state_ms=6.14 prefix_ms=0.0 suffix_ms=9248.0 first_token_ms=34280.1 generation_ms=292837.4 generated=64 generation_tps=0.219
AGENT index=4 mig=fafc828a exit=0 wall_ms=216238 text=16f8c0610a09645d role=child prefix_tokens=14282 suffix_tokens=23 model_ms=16763.4 context_ms=591.0 state_ms=66.60 prefix_ms=0.0 suffix_ms=2033.0 first_token_ms=24043.6 generation_ms=191716.7 generated=64 generation_tps=0.334
AGENT index=5 mig=31ffbfe4 exit=0 wall_ms=326817 text=ff4188d71e02bfdb role=child prefix_tokens=14282 suffix_tokens=26 model_ms=17114.8 context_ms=347.3 state_ms=70.34 prefix_ms=0.0 suffix_ms=5470.1 first_token_ms=28092.1 generation_ms=298232.0 generated=64 generation_tps=0.215
AGENT index=6 mig=fafc828a exit=0 wall_ms=219343 text=f88f503d1005fa22 role=child prefix_tokens=14282 suffix_tokens=21 model_ms=17673.1 context_ms=513.5 state_ms=66.60 prefix_ms=0.0 suffix_ms=2060.2 first_token_ms=24945.2 generation_ms=193941.6 generated=64 generation_tps=0.330
AGENT index=7 mig=31ffbfe4 exit=0 wall_ms=325355 text=f9c832b7cad1a509 role=child prefix_tokens=14282 suffix_tokens=31 model_ms=16534.1 context_ms=407.2 state_ms=54.41 prefix_ms=0.0 suffix_ms=4381.0 first_token_ms=26185.2 generation_ms=298719.4 generated=64 generation_tps=0.214
AGENT index=8 mig=fafc828a exit=0 wall_ms=225488 text=ae3f57b141780268 role=child prefix_tokens=14282 suffix_tokens=18 model_ms=19121.5 context_ms=492.0 state_ms=15.49 prefix_ms=0.0 suffix_ms=5245.5 first_token_ms=29852.4 generation_ms=193543.3 generated=64 generation_tps=0.331
AGENT index=9 mig=31ffbfe4 exit=0 wall_ms=323921 text=a2d016def74ecc62 role=child prefix_tokens=14282 suffix_tokens=18 model_ms=17246.1 context_ms=362.5 state_ms=59.34 prefix_ms=0.0 suffix_ms=3617.9 first_token_ms=25852.9 generation_ms=297519.4 generated=64 generation_tps=0.215
AGENT index=10 mig=fafc828a exit=0 wall_ms=221540 text=a733f3a39259263c role=child prefix_tokens=14282 suffix_tokens=18 model_ms=18425.3 context_ms=383.9 state_ms=50.28 prefix_ms=0.0 suffix_ms=3754.1 first_token_ms=27246.6 generation_ms=193705.6 generated=64 generation_tps=0.330
AGENT index=11 mig=31ffbfe4 exit=0 wall_ms=326465 text=087278665f3dec68 role=child prefix_tokens=14282 suffix_tokens=22 model_ms=18996.8 context_ms=196.2 state_ms=30.56 prefix_ms=0.0 suffix_ms=8529.6 first_token_ms=32321.3 generation_ms=293568.5 generated=64 generation_tps=0.218
AGENT index=12 mig=fafc828a exit=0 wall_ms=223558 text=2c93819fe85df763 role=child prefix_tokens=14282 suffix_tokens=21 model_ms=19488.9 context_ms=252.9 state_ms=7.71 prefix_ms=0.0 suffix_ms=5635.1 first_token_ms=30733.9 generation_ms=192181.0 generated=64 generation_tps=0.333
AGENT index=13 mig=31ffbfe4 exit=0 wall_ms=328833 text=5d483815f91685a6 role=child prefix_tokens=14282 suffix_tokens=31 model_ms=20074.6 context_ms=326.0 state_ms=6.19 prefix_ms=0.0 suffix_ms=9198.8 first_token_ms=34278.0 generation_ms=294079.6 generated=64 generation_tps=0.218
AGENT index=14 mig=fafc828a exit=0 wall_ms=169644 text=3f33f20708943e2f role=child prefix_tokens=14282 suffix_tokens=21 model_ms=10017.5 context_ms=986.7 state_ms=14.35 prefix_ms=0.0 suffix_ms=1099.8 first_token_ms=17432.3 generation_ms=151750.5 generated=64 generation_tps=0.422
AGENT index=15 mig=31ffbfe4 exit=0 wall_ms=329840 text=0502c45076359254 role=child prefix_tokens=14282 suffix_tokens=26 model_ms=19969.0 context_ms=309.1 state_ms=7.95 prefix_ms=0.0 suffix_ms=9101.8 first_token_ms=34095.1 generation_ms=294703.8 generated=64 generation_tps=0.217
AGENT index=16 mig=fafc828a exit=0 wall_ms=222410 text=0ebc8757605c5571 role=child prefix_tokens=14282 suffix_tokens=25 model_ms=20196.6 context_ms=176.8 state_ms=6.44 prefix_ms=0.0 suffix_ms=6152.1 first_token_ms=31256.5 generation_ms=190713.6 generated=64 generation_tps=0.336
AGENT index=17 mig=31ffbfe4 exit=0 wall_ms=326041 text=5d7dbcf0a7eca76c role=child prefix_tokens=14282 suffix_tokens=22 model_ms=17100.2 context_ms=715.0 state_ms=24.17 prefix_ms=0.0 suffix_ms=5328.3 first_token_ms=27878.1 generation_ms=297735.6 generated=64 generation_tps=0.215
AGENT index=18 mig=fafc828a exit=0 wall_ms=220799 text=cb99e4b1c2fd84d5 role=child prefix_tokens=14282 suffix_tokens=21 model_ms=17610.3 context_ms=689.8 state_ms=18.26 prefix_ms=0.0 suffix_ms=2744.5 first_token_ms=25708.0 generation_ms=194647.9 generated=64 generation_tps=0.329
AGENT index=19 mig=31ffbfe4 exit=0 wall_ms=324161 text=4c7501e634d9bf23 role=child prefix_tokens=14282 suffix_tokens=18 model_ms=16695.4 context_ms=459.0 state_ms=54.45 prefix_ms=0.0 suffix_ms=3699.5 first_token_ms=25832.3 generation_ms=297876.8 generated=64 generation_tps=0.215
AGENT index=20 mig=fafc828a exit=0 wall_ms=221475 text=b3893059e7e79532 role=child prefix_tokens=14282 suffix_tokens=21 model_ms=18272.7 context_ms=543.4 state_ms=34.48 prefix_ms=0.0 suffix_ms=3222.5 first_token_ms=26813.1 generation_ms=193926.6 generated=64 generation_tps=0.330
AGENT index=21 mig=31ffbfe4 exit=0 wall_ms=311771 text=284eef78a2286715 role=child prefix_tokens=14282 suffix_tokens=26 model_ms=13703.8 context_ms=805.0 state_ms=10.55 prefix_ms=0.0 suffix_ms=2130.3 first_token_ms=21686.2 generation_ms=289647.4 generated=64 generation_tps=0.221
AGENT index=22 mig=fafc828a exit=0 wall_ms=223782 text=ad3122b47bf9d41d role=child prefix_tokens=14282 suffix_tokens=27 model_ms=20004.9 context_ms=315.9 state_ms=7.99 prefix_ms=0.0 suffix_ms=6106.1 first_token_ms=31173.7 generation_ms=191712.6 generated=64 generation_tps=0.334
AGENT index=23 mig=31ffbfe4 exit=0 wall_ms=323984 text=f79224e341ba5115 role=child prefix_tokens=14282 suffix_tokens=17 model_ms=17152.1 context_ms=471.0 state_ms=38.80 prefix_ms=0.0 suffix_ms=6278.6 first_token_ms=28479.4 generation_ms=295060.0 generated=64 generation_tps=0.217
AGENT index=24 mig=fafc828a exit=0 wall_ms=224835 text=9834d2c93010cb40 role=child prefix_tokens=14282 suffix_tokens=22 model_ms=19426.9 context_ms=510.3 state_ms=7.98 prefix_ms=0.0 suffix_ms=5597.3 first_token_ms=30320.7 generation_ms=193005.8 generated=64 generation_tps=0.332
AGENT index=25 mig=31ffbfe4 exit=0 wall_ms=327571 text=da4c2dca73ac54e0 role=child prefix_tokens=14282 suffix_tokens=23 model_ms=19638.7 context_ms=448.2 state_ms=14.76 prefix_ms=0.0 suffix_ms=8764.7 first_token_ms=33413.0 generation_ms=293710.7 generated=64 generation_tps=0.218
AGENT index=26 mig=fafc828a exit=0 wall_ms=225399 text=07ec2de36a00f7a1 role=child prefix_tokens=14282 suffix_tokens=19 model_ms=19630.5 context_ms=246.8 state_ms=8.10 prefix_ms=0.0 suffix_ms=5701.7 first_token_ms=30722.8 generation_ms=192807.6 generated=64 generation_tps=0.332
AGENT index=27 mig=31ffbfe4 exit=0 wall_ms=328018 text=e1e29071a16e2061 role=child prefix_tokens=14282 suffix_tokens=21 model_ms=18692.1 context_ms=495.5 state_ms=7.40 prefix_ms=0.0 suffix_ms=8717.1 first_token_ms=33412.7 generation_ms=294173.1 generated=64 generation_tps=0.218
AGENT index=28 mig=fafc828a exit=0 wall_ms=224093 text=1c65ed1020843e8d role=child prefix_tokens=14282 suffix_tokens=20 model_ms=19514.1 context_ms=363.9 state_ms=6.76 prefix_ms=0.0 suffix_ms=5667.2 first_token_ms=30582.1 generation_ms=192258.8 generated=64 generation_tps=0.333
AGENT index=29 mig=31ffbfe4 exit=0 wall_ms=329977 text=a72f71cd80731afe role=child prefix_tokens=14282 suffix_tokens=22 model_ms=18695.8 context_ms=528.2 state_ms=21.27 prefix_ms=0.0 suffix_ms=8649.3 first_token_ms=33245.3 generation_ms=295725.1 generated=64 generation_tps=0.216
AGENT index=30 mig=fafc828a exit=0 wall_ms=224485 text=317f6f38771a1e41 role=child prefix_tokens=14282 suffix_tokens=20 model_ms=19201.4 context_ms=540.0 state_ms=8.19 prefix_ms=0.0 suffix_ms=5423.0 first_token_ms=30184.6 generation_ms=192803.3 generated=64 generation_tps=0.332
AGENT index=31 mig=31ffbfe4 exit=0 wall_ms=327710 text=1b4036771dcdadef role=child prefix_tokens=14282 suffix_tokens=22 model_ms=18565.9 context_ms=386.8 state_ms=54.78 prefix_ms=0.0 suffix_ms=8041.6 first_token_ms=31618.4 generation_ms=295553.2 generated=64 generation_tps=0.217
AGENT index=32 mig=fafc828a exit=0 wall_ms=222822 text=3f50371ecb0032a2 role=child prefix_tokens=14282 suffix_tokens=28 model_ms=18727.4 context_ms=723.6 state_ms=32.15 prefix_ms=0.0 suffix_ms=6144.9 first_token_ms=30346.9 generation_ms=191973.5 generated=64 generation_tps=0.333
AGENT index=33 mig=31ffbfe4 exit=0 wall_ms=327676 text=5b450cf9627e77b9 role=child prefix_tokens=14282 suffix_tokens=23 model_ms=17583.9 context_ms=647.6 state_ms=38.74 prefix_ms=0.0 suffix_ms=6831.0 first_token_ms=29877.1 generation_ms=297272.8 generated=64 generation_tps=0.215
AGENT index=34 mig=fafc828a exit=0 wall_ms=171626 text=8fe64643182c4081 role=child prefix_tokens=14282 suffix_tokens=25 model_ms=10503.7 context_ms=1042.4 state_ms=15.92 prefix_ms=0.0 suffix_ms=1745.7 first_token_ms=17625.9 generation_ms=153573.6 generated=64 generation_tps=0.417
AGENT index=35 mig=31ffbfe4 exit=0 wall_ms=327753 text=ab418a5e41977b06 role=child prefix_tokens=14282 suffix_tokens=33 model_ms=17456.3 context_ms=298.2 state_ms=67.34 prefix_ms=0.0 suffix_ms=8201.4 first_token_ms=30598.2 generation_ms=296580.4 generated=64 generation_tps=0.216
AGENT index=36 mig=fafc828a exit=0 wall_ms=216588 text=2852504019aca3b6 role=child prefix_tokens=14282 suffix_tokens=24 model_ms=15582.1 context_ms=929.8 state_ms=47.05 prefix_ms=0.0 suffix_ms=1977.6 first_token_ms=23508.4 generation_ms=192565.0 generated=64 generation_tps=0.332
AGENT index=37 mig=31ffbfe4 exit=0 wall_ms=329277 text=bef1e0801c6e655f role=child prefix_tokens=14282 suffix_tokens=27 model_ms=18750.2 context_ms=439.9 state_ms=47.90 prefix_ms=0.0 suffix_ms=8684.7 first_token_ms=32701.0 generation_ms=295826.9 generated=64 generation_tps=0.216
AGENT index=38 mig=fafc828a exit=0 wall_ms=165057 text=03d3cecc4e2c4ef7 role=child prefix_tokens=14282 suffix_tokens=22 model_ms=8115.0 context_ms=2202.6 state_ms=15.63 prefix_ms=0.0 suffix_ms=1675.8 first_token_ms=17039.9 generation_ms=147530.0 generated=64 generation_tps=0.434
AGENT index=39 mig=31ffbfe4 exit=0 wall_ms=321584 text=f9c832b7cad1a509 role=child prefix_tokens=14282 suffix_tokens=32 model_ms=15432.8 context_ms=865.6 state_ms=58.59 prefix_ms=0.0 suffix_ms=2466.2 first_token_ms=23917.0 generation_ms=297219.1 generated=64 generation_tps=0.215
AGENT index=40 mig=fafc828a exit=0 wall_ms=223808 text=1bedc9985ebffdf3 role=child prefix_tokens=14282 suffix_tokens=19 model_ms=19464.4 context_ms=200.6 state_ms=23.14 prefix_ms=0.0 suffix_ms=5369.8 first_token_ms=29927.7 generation_ms=192846.0 generated=64 generation_tps=0.332
AGENT index=41 mig=31ffbfe4 exit=0 wall_ms=328205 text=45248c21a8c64213 role=child prefix_tokens=14282 suffix_tokens=19 model_ms=19749.2 context_ms=254.6 state_ms=6.34 prefix_ms=0.0 suffix_ms=8819.2 first_token_ms=33665.5 generation_ms=294073.1 generated=64 generation_tps=0.218
AGENT index=42 mig=fafc828a exit=0 wall_ms=222466 text=c2b860976d76c188 role=child prefix_tokens=14282 suffix_tokens=18 model_ms=19362.9 context_ms=585.5 state_ms=14.12 prefix_ms=0.0 suffix_ms=5219.0 first_token_ms=29656.1 generation_ms=192221.2 generated=64 generation_tps=0.333
AGENT index=43 mig=31ffbfe4 exit=0 wall_ms=329739 text=7f088fd1d1738f8b role=child prefix_tokens=14282 suffix_tokens=22 model_ms=18620.7 context_ms=507.8 state_ms=30.88 prefix_ms=0.0 suffix_ms=8626.1 first_token_ms=32959.7 generation_ms=295812.0 generated=64 generation_tps=0.216
AGENT index=44 mig=fafc828a exit=0 wall_ms=217752 text=f631ba01e55b49fa role=child prefix_tokens=14282 suffix_tokens=21 model_ms=15932.8 context_ms=461.8 state_ms=44.32 prefix_ms=0.0 suffix_ms=2313.1 first_token_ms=23889.0 generation_ms=193406.6 generated=64 generation_tps=0.331
AGENT index=45 mig=31ffbfe4 exit=0 wall_ms=327106 text=5d483815f91685a6 role=child prefix_tokens=14282 suffix_tokens=31 model_ms=17513.7 context_ms=488.1 state_ms=43.02 prefix_ms=0.0 suffix_ms=7025.4 first_token_ms=29919.3 generation_ms=296742.3 generated=64 generation_tps=0.216
AGENT index=46 mig=fafc828a exit=0 wall_ms=221857 text=56be8609eb72cb4a role=child prefix_tokens=14282 suffix_tokens=21 model_ms=18009.2 context_ms=369.6 state_ms=14.54 prefix_ms=0.0 suffix_ms=3986.4 first_token_ms=27143.2 generation_ms=194141.5 generated=64 generation_tps=0.330
AGENT index=47 mig=31ffbfe4 exit=0 wall_ms=329269 text=0d9668c2f9cbc9fc role=child prefix_tokens=14282 suffix_tokens=26 model_ms=19380.1 context_ms=441.0 state_ms=19.88 prefix_ms=0.0 suffix_ms=9028.9 first_token_ms=33496.2 generation_ms=295113.0 generated=64 generation_tps=0.217
AGENT index=48 mig=fafc828a exit=0 wall_ms=222128 text=27f58a7742c668f5 role=child prefix_tokens=14282 suffix_tokens=25 model_ms=19723.0 context_ms=267.3 state_ms=6.23 prefix_ms=0.0 suffix_ms=6184.8 first_token_ms=31142.8 generation_ms=190456.6 generated=64 generation_tps=0.336
AGENT index=49 mig=31ffbfe4 exit=0 wall_ms=329918 text=facc2c2ea4689e1e role=child prefix_tokens=14282 suffix_tokens=22 model_ms=19179.0 context_ms=506.1 state_ms=27.01 prefix_ms=0.0 suffix_ms=8815.4 first_token_ms=33044.9 generation_ms=295715.5 generated=64 generation_tps=0.216
AGENT index=50 mig=fafc828a exit=0 wall_ms=224897 text=64fd37c296cb1dd5 role=child prefix_tokens=14282 suffix_tokens=21 model_ms=19466.9 context_ms=92.9 state_ms=6.25 prefix_ms=0.0 suffix_ms=5578.6 first_token_ms=30548.4 generation_ms=192855.9 generated=64 generation_tps=0.332
AGENT index=51 mig=31ffbfe4 exit=0 wall_ms=327257 text=4c7501e634d9bf23 role=child prefix_tokens=14282 suffix_tokens=18 model_ms=16794.4 context_ms=471.5 state_ms=46.96 prefix_ms=0.0 suffix_ms=6927.5 first_token_ms=29387.7 generation_ms=297411.0 generated=64 generation_tps=0.215
AGENT index=52 mig=fafc828a exit=0 wall_ms=224976 text=b3893059e7e79532 role=child prefix_tokens=14282 suffix_tokens=21 model_ms=19492.9 context_ms=340.2 state_ms=6.94 prefix_ms=0.0 suffix_ms=5662.9 first_token_ms=30544.9 generation_ms=192811.4 generated=64 generation_tps=0.332
AGENT index=53 mig=31ffbfe4 exit=0 wall_ms=328829 text=11e4c2a85150fa06 role=child prefix_tokens=14282 suffix_tokens=26 model_ms=19778.2 context_ms=228.2 state_ms=8.85 prefix_ms=0.0 suffix_ms=8867.5 first_token_ms=33546.7 generation_ms=294779.5 generated=64 generation_tps=0.217
AGENT index=54 mig=fafc828a exit=0 wall_ms=221194 text=3b6f5b9c968721eb role=child prefix_tokens=14282 suffix_tokens=27 model_ms=16626.1 context_ms=465.1 state_ms=30.87 prefix_ms=0.0 suffix_ms=3516.4 first_token_ms=25731.8 generation_ms=194836.8 generated=64 generation_tps=0.328
AGENT index=55 mig=31ffbfe4 exit=0 wall_ms=329063 text=7e4fad52bd577abf role=child prefix_tokens=14282 suffix_tokens=17 model_ms=18898.4 context_ms=482.9 state_ms=25.97 prefix_ms=0.0 suffix_ms=8726.9 first_token_ms=33123.9 generation_ms=295300.6 generated=64 generation_tps=0.217
AGENT index=56 mig=fafc828a exit=0 wall_ms=225134 text=9834d2c93010cb40 role=child prefix_tokens=14282 suffix_tokens=22 model_ms=19488.7 context_ms=335.5 state_ms=6.17 prefix_ms=0.0 suffix_ms=5651.8 first_token_ms=30531.3 generation_ms=192997.4 generated=64 generation_tps=0.332
AGENT index=57 mig=31ffbfe4 exit=0 wall_ms=323727 text=a4e76b0a1993f6d6 role=child prefix_tokens=14282 suffix_tokens=23 model_ms=15165.1 context_ms=991.2 state_ms=24.22 prefix_ms=0.0 suffix_ms=3564.5 first_token_ms=25109.8 generation_ms=298128.7 generated=64 generation_tps=0.215
AGENT index=58 mig=fafc828a exit=0 wall_ms=215341 text=359d7b30e6a9a9fc role=child prefix_tokens=14282 suffix_tokens=19 model_ms=15387.1 context_ms=1028.4 state_ms=39.53 prefix_ms=0.0 suffix_ms=1996.5 first_token_ms=23315.3 generation_ms=191519.3 generated=64 generation_tps=0.334
AGENT index=59 mig=31ffbfe4 exit=0 wall_ms=329261 text=7b1e906b43903ada role=child prefix_tokens=14282 suffix_tokens=21 model_ms=19539.5 context_ms=454.8 state_ms=6.56 prefix_ms=0.0 suffix_ms=8771.6 first_token_ms=33553.4 generation_ms=294967.9 generated=64 generation_tps=0.217
AGENT index=60 mig=fafc828a exit=0 wall_ms=225006 text=23f27e20526aad11 role=child prefix_tokens=14282 suffix_tokens=20 model_ms=18569.6 context_ms=535.5 state_ms=17.59 prefix_ms=0.0 suffix_ms=5481.8 first_token_ms=30016.6 generation_ms=193435.6 generated=64 generation_tps=0.331
AGENT index=61 mig=31ffbfe4 exit=0 wall_ms=328909 text=a61a16a4bc46c53d role=child prefix_tokens=14282 suffix_tokens=22 model_ms=19673.4 context_ms=214.2 state_ms=6.52 prefix_ms=0.0 suffix_ms=8902.0 first_token_ms=33826.6 generation_ms=294488.8 generated=64 generation_tps=0.217
AGENT index=62 mig=fafc828a exit=0 wall_ms=221248 text=dbac730f9e3a3df4 role=child prefix_tokens=14282 suffix_tokens=20 model_ms=17398.5 context_ms=546.9 state_ms=28.31 prefix_ms=0.0 suffix_ms=2637.2 first_token_ms=25516.1 generation_ms=195152.6 generated=64 generation_tps=0.328
AGENT index=63 mig=31ffbfe4 exit=0 wall_ms=205620 text=cd56b7d8c4ff1887 role=child prefix_tokens=14282 suffix_tokens=22 model_ms=6274.3 context_ms=2565.9 state_ms=15.42 prefix_ms=0.0 suffix_ms=2971.4 first_token_ms=16266.5 generation_ms=188946.9 generated=64 generation_tps=0.339
AGENT index=64 mig=fafc828a exit=0 wall_ms=155065 text=a067a6895417f0e8 role=child prefix_tokens=14282 suffix_tokens=28 model_ms=7944.0 context_ms=3226.6 state_ms=14.38 prefix_ms=0.0 suffix_ms=1937.9 first_token_ms=16657.3 generation_ms=128988.9 generated=64 generation_tps=0.496
AGENT index=65 mig=31ffbfe4 exit=0 wall_ms=329917 text=664acbfcf59959c4 role=child prefix_tokens=14282 suffix_tokens=23 model_ms=19756.3 context_ms=273.9 state_ms=7.55 prefix_ms=0.0 suffix_ms=8924.8 first_token_ms=33843.3 generation_ms=294953.0 generated=64 generation_tps=0.217
AGENT index=66 mig=fafc828a exit=0 wall_ms=222331 text=8fe64643182c4081 role=child prefix_tokens=14282 suffix_tokens=25 model_ms=18324.5 context_ms=703.1 state_ms=31.50 prefix_ms=0.0 suffix_ms=5624.9 first_token_ms=29105.9 generation_ms=192670.0 generated=64 generation_tps=0.332
AGENT index=67 mig=31ffbfe4 exit=0 wall_ms=328568 text=077e38d3762a4e5d role=child prefix_tokens=14282 suffix_tokens=33 model_ms=19427.7 context_ms=381.9 state_ms=6.51 prefix_ms=0.0 suffix_ms=10905.0 first_token_ms=35540.0 generation_ms=292521.1 generated=64 generation_tps=0.219
AGENT index=68 mig=fafc828a exit=0 wall_ms=224106 text=4d2fc992c2841379 role=child prefix_tokens=14282 suffix_tokens=24 model_ms=19630.2 context_ms=215.3 state_ms=6.16 prefix_ms=0.0 suffix_ms=5637.5 first_token_ms=30457.3 generation_ms=192473.7 generated=64 generation_tps=0.333
AGENT index=69 mig=31ffbfe4 exit=0 wall_ms=329932 text=6ce00e8033df1792 role=child prefix_tokens=14282 suffix_tokens=27 model_ms=19894.8 context_ms=254.7 state_ms=6.61 prefix_ms=0.0 suffix_ms=9049.7 first_token_ms=33939.1 generation_ms=294924.9 generated=64 generation_tps=0.217
AGENT index=70 mig=fafc828a exit=0 wall_ms=225398 text=312bed507beb25e1 role=child prefix_tokens=14282 suffix_tokens=22 model_ms=19039.5 context_ms=292.2 state_ms=6.15 prefix_ms=0.0 suffix_ms=5607.8 first_token_ms=30489.5 generation_ms=193053.0 generated=64 generation_tps=0.332
AGENT index=71 mig=31ffbfe4 exit=0 wall_ms=326342 text=13e4dfd293d8126f role=child prefix_tokens=14282 suffix_tokens=32 model_ms=16356.9 context_ms=516.2 state_ms=35.59 prefix_ms=0.0 suffix_ms=6235.9 first_token_ms=28097.9 generation_ms=297720.6 generated=64 generation_tps=0.215
AGENT index=72 mig=fafc828a exit=0 wall_ms=215846 text=724c6fed862eef57 role=child prefix_tokens=14282 suffix_tokens=19 model_ms=16665.3 context_ms=529.3 state_ms=51.71 prefix_ms=0.0 suffix_ms=2050.1 first_token_ms=23658.1 generation_ms=191678.4 generated=64 generation_tps=0.334
AGENT index=73 mig=31ffbfe4 exit=0 wall_ms=329890 text=f69b628d0f4868ff role=child prefix_tokens=14282 suffix_tokens=19 model_ms=19062.3 context_ms=253.0 state_ms=7.55 prefix_ms=0.0 suffix_ms=8856.1 first_token_ms=33724.0 generation_ms=295133.0 generated=64 generation_tps=0.217
AGENT index=74 mig=fafc828a exit=0 wall_ms=222550 text=95997adc906fa24a role=child prefix_tokens=14282 suffix_tokens=18 model_ms=19510.5 context_ms=539.8 state_ms=20.28 prefix_ms=0.0 suffix_ms=5500.0 first_token_ms=30108.6 generation_ms=191946.9 generated=64 generation_tps=0.333
AGENT index=75 mig=31ffbfe4 exit=0 wall_ms=327089 text=8aaf40a95565910c role=child prefix_tokens=14282 suffix_tokens=22 model_ms=18171.8 context_ms=253.9 state_ms=17.18 prefix_ms=0.0 suffix_ms=8140.1 first_token_ms=31737.9 generation_ms=294873.1 generated=64 generation_tps=0.217
AGENT index=76 mig=fafc828a exit=0 wall_ms=225009 text=2c93819fe85df763 role=child prefix_tokens=14282 suffix_tokens=21 model_ms=19680.3 context_ms=210.5 state_ms=7.54 prefix_ms=0.0 suffix_ms=5679.1 first_token_ms=30536.2 generation_ms=192504.7 generated=64 generation_tps=0.332
AGENT index=77 mig=31ffbfe4 exit=0 wall_ms=326165 text=5d483815f91685a6 role=child prefix_tokens=14282 suffix_tokens=31 model_ms=18601.8 context_ms=367.8 state_ms=24.48 prefix_ms=0.0 suffix_ms=8898.2 first_token_ms=33341.6 generation_ms=292347.5 generated=64 generation_tps=0.219
AGENT index=78 mig=fafc828a exit=0 wall_ms=222506 text=3f33f20708943e2f role=child prefix_tokens=14282 suffix_tokens=21 model_ms=17796.4 context_ms=545.2 state_ms=15.66 prefix_ms=0.0 suffix_ms=4275.6 first_token_ms=27329.4 generation_ms=194541.4 generated=64 generation_tps=0.329
AGENT index=79 mig=31ffbfe4 exit=0 wall_ms=329299 text=0d9668c2f9cbc9fc role=child prefix_tokens=14282 suffix_tokens=26 model_ms=18858.4 context_ms=520.6 state_ms=7.50 prefix_ms=0.0 suffix_ms=8976.7 first_token_ms=33666.9 generation_ms=294754.7 generated=64 generation_tps=0.217
AGENT index=80 mig=fafc828a exit=0 wall_ms=224486 text=86d4ee1044251a25 role=child prefix_tokens=14282 suffix_tokens=25 model_ms=17534.9 context_ms=532.3 state_ms=47.17 prefix_ms=0.0 suffix_ms=5228.6 first_token_ms=28758.8 generation_ms=193982.3 generated=64 generation_tps=0.330
AGENT index=81 mig=31ffbfe4 exit=0 wall_ms=329945 text=6bd685fbc4b441ec role=child prefix_tokens=14282 suffix_tokens=22 model_ms=19111.9 context_ms=142.9 state_ms=7.13 prefix_ms=0.0 suffix_ms=8858.4 first_token_ms=33585.9 generation_ms=295185.1 generated=64 generation_tps=0.217
AGENT index=82 mig=fafc828a exit=0 wall_ms=203416 text=ce66287a7832a2bb role=child prefix_tokens=14282 suffix_tokens=21 model_ms=12927.2 context_ms=440.1 state_ms=8.23 prefix_ms=0.0 suffix_ms=2694.6 first_token_ms=21247.0 generation_ms=181720.8 generated=64 generation_tps=0.352
AGENT index=83 mig=31ffbfe4 exit=0 wall_ms=258838 text=cdf6d4762f0ad9c6 role=child prefix_tokens=14282 suffix_tokens=18 model_ms=10378.1 context_ms=790.7 state_ms=16.15 prefix_ms=0.0 suffix_ms=1267.2 first_token_ms=17695.6 generation_ms=240701.7 generated=64 generation_tps=0.266
AGENT index=84 mig=fafc828a exit=0 wall_ms=222849 text=621bb723edc357c2 role=child prefix_tokens=14282 suffix_tokens=21 model_ms=18767.7 context_ms=232.4 state_ms=35.79 prefix_ms=0.0 suffix_ms=5181.6 first_token_ms=29192.6 generation_ms=193015.9 generated=64 generation_tps=0.332
AGENT index=85 mig=31ffbfe4 exit=0 wall_ms=329250 text=b8578943aeaf7387 role=child prefix_tokens=14282 suffix_tokens=26 model_ms=19068.5 context_ms=401.0 state_ms=6.18 prefix_ms=0.0 suffix_ms=9113.2 first_token_ms=33929.2 generation_ms=294378.7 generated=64 generation_tps=0.217
AGENT index=86 mig=fafc828a exit=0 wall_ms=168690 text=bc92b0cfd69b8bd4 role=child prefix_tokens=14282 suffix_tokens=27 model_ms=8725.0 context_ms=2064.6 state_ms=10.87 prefix_ms=0.0 suffix_ms=2051.2 first_token_ms=17489.7 generation_ms=150729.4 generated=64 generation_tps=0.425
AGENT index=87 mig=31ffbfe4 exit=0 wall_ms=328761 text=46daf195b61b12ee role=child prefix_tokens=14282 suffix_tokens=17 model_ms=17054.9 context_ms=687.5 state_ms=54.78 prefix_ms=0.0 suffix_ms=7600.8 first_token_ms=30889.5 generation_ms=297374.3 generated=64 generation_tps=0.215
AGENT index=88 mig=fafc828a exit=0 wall_ms=221937 text=fb072021023b5031 role=child prefix_tokens=14282 suffix_tokens=22 model_ms=18554.1 context_ms=596.3 state_ms=30.21 prefix_ms=0.0 suffix_ms=5134.1 first_token_ms=29142.2 generation_ms=192288.6 generated=64 generation_tps=0.333
AGENT index=89 mig=31ffbfe4 exit=0 wall_ms=322508 text=1dc70f9673b0dd57 role=child prefix_tokens=14282 suffix_tokens=23 model_ms=15051.2 context_ms=895.5 state_ms=50.78 prefix_ms=0.0 suffix_ms=3045.7 first_token_ms=24420.6 generation_ms=297655.5 generated=64 generation_tps=0.215
AGENT index=90 mig=fafc828a exit=0 wall_ms=222887 text=9aa85e1403c22284 role=child prefix_tokens=14282 suffix_tokens=19 model_ms=19352.1 context_ms=157.2 state_ms=6.70 prefix_ms=0.0 suffix_ms=5660.6 first_token_ms=30480.0 generation_ms=191874.9 generated=64 generation_tps=0.334
AGENT index=91 mig=31ffbfe4 exit=0 wall_ms=327093 text=0ec120ad804ad591 role=child prefix_tokens=14282 suffix_tokens=21 model_ms=19169.8 context_ms=311.1 state_ms=16.71 prefix_ms=0.0 suffix_ms=8644.5 first_token_ms=33196.5 generation_ms=293362.5 generated=64 generation_tps=0.218
AGENT index=92 mig=fafc828a exit=0 wall_ms=222798 text=4a33e463a3e8f524 role=child prefix_tokens=14282 suffix_tokens=20 model_ms=19808.2 context_ms=390.0 state_ms=6.96 prefix_ms=0.0 suffix_ms=5609.1 first_token_ms=30247.7 generation_ms=191990.5 generated=64 generation_tps=0.333
AGENT index=93 mig=31ffbfe4 exit=0 wall_ms=329195 text=a56a85c42cb9bcf4 role=child prefix_tokens=14282 suffix_tokens=22 model_ms=17659.3 context_ms=527.2 state_ms=22.59 prefix_ms=0.0 suffix_ms=8121.5 first_token_ms=31628.1 generation_ms=296693.5 generated=64 generation_tps=0.216
AGENT index=94 mig=fafc828a exit=0 wall_ms=169569 text=5b96a105ed76f9fa role=child prefix_tokens=14282 suffix_tokens=20 model_ms=10692.3 context_ms=845.7 state_ms=15.66 prefix_ms=0.0 suffix_ms=1100.0 first_token_ms=17484.3 generation_ms=151670.0 generated=64 generation_tps=0.422
AGENT index=95 mig=31ffbfe4 exit=0 wall_ms=328078 text=4ed1e788823f7ae6 role=child prefix_tokens=14282 suffix_tokens=22 model_ms=18724.0 context_ms=584.7 state_ms=16.51 prefix_ms=0.0 suffix_ms=8863.5 first_token_ms=33300.8 generation_ms=294308.6 generated=64 generation_tps=0.217
AGENT index=96 mig=fafc828a exit=0 wall_ms=224067 text=a067a6895417f0e8 role=child prefix_tokens=14282 suffix_tokens=28 model_ms=17601.0 context_ms=477.0 state_ms=31.08 prefix_ms=0.0 suffix_ms=5237.1 first_token_ms=28364.9 generation_ms=194432.8 generated=64 generation_tps=0.329
AGENT index=97 mig=31ffbfe4 exit=0 wall_ms=317579 text=5b450cf9627e77b9 role=child prefix_tokens=14282 suffix_tokens=23 model_ms=14296.4 context_ms=1362.3 state_ms=26.36 prefix_ms=0.0 suffix_ms=1939.5 first_token_ms=22485.5 generation_ms=294664.3 generated=64 generation_tps=0.217
AGENT index=98 mig=fafc828a exit=0 wall_ms=223940 text=2ecfd34dfa486110 role=child prefix_tokens=14282 suffix_tokens=25 model_ms=17523.5 context_ms=395.8 state_ms=28.87 prefix_ms=0.0 suffix_ms=5283.7 first_token_ms=28222.4 generation_ms=194484.2 generated=64 generation_tps=0.329
AGENT index=99 mig=31ffbfe4 exit=0 wall_ms=323425 text=f1b10c0aeb700d09 role=child prefix_tokens=14282 suffix_tokens=33 model_ms=15076.6 context_ms=1049.9 state_ms=63.47 prefix_ms=0.0 suffix_ms=4397.1 first_token_ms=25313.3 generation_ms=297679.3 generated=64 generation_tps=0.215
AGENT index=100 mig=fafc828a exit=0 wall_ms=225095 text=e4f7a0fff10da58f role=child prefix_tokens=14282 suffix_tokens=25 model_ms=19970.3 context_ms=228.4 state_ms=7.02 prefix_ms=0.0 suffix_ms=6289.0 first_token_ms=31046.1 generation_ms=192309.2 generated=64 generation_tps=0.333
AGENT index=101 mig=31ffbfe4 exit=0 wall_ms=329711 text=4e58d1434e38d87b role=child prefix_tokens=14282 suffix_tokens=28 model_ms=19348.2 context_ms=176.8 state_ms=7.36 prefix_ms=0.0 suffix_ms=9059.3 first_token_ms=33733.6 generation_ms=295009.1 generated=64 generation_tps=0.217
AGENT index=102 mig=fafc828a exit=0 wall_ms=224664 text=74ff651a4aa431c6 role=child prefix_tokens=14282 suffix_tokens=23 model_ms=19447.9 context_ms=264.4 state_ms=6.50 prefix_ms=0.0 suffix_ms=5431.9 first_token_ms=29994.1 generation_ms=193405.6 generated=64 generation_tps=0.331
AGENT index=103 mig=31ffbfe4 exit=0 wall_ms=329576 text=f9c832b7cad1a509 role=child prefix_tokens=14282 suffix_tokens=33 model_ms=18911.2 context_ms=445.7 state_ms=11.07 prefix_ms=0.0 suffix_ms=10967.6 first_token_ms=35603.1 generation_ms=293088.8 generated=64 generation_tps=0.218
AGENT index=104 mig=fafc828a exit=0 wall_ms=225054 text=8d692aa4a801d17d role=child prefix_tokens=14282 suffix_tokens=20 model_ms=19119.1 context_ms=210.4 state_ms=6.26 prefix_ms=0.0 suffix_ms=5674.6 first_token_ms=30475.2 generation_ms=192986.0 generated=64 generation_tps=0.332
AGENT index=105 mig=31ffbfe4 exit=0 wall_ms=328104 text=d78bd735ec80af2b role=child prefix_tokens=14282 suffix_tokens=20 model_ms=17126.2 context_ms=422.2 state_ms=22.41 prefix_ms=0.0 suffix_ms=7321.5 first_token_ms=30285.8 generation_ms=297372.3 generated=64 generation_tps=0.215
AGENT index=106 mig=fafc828a exit=0 wall_ms=223001 text=0843554c3d590aaf role=child prefix_tokens=14282 suffix_tokens=19 model_ms=19231.9 context_ms=310.8 state_ms=6.91 prefix_ms=0.0 suffix_ms=5556.1 first_token_ms=30211.5 generation_ms=192199.7 generated=64 generation_tps=0.333
AGENT index=107 mig=31ffbfe4 exit=0 wall_ms=329393 text=087278665f3dec68 role=child prefix_tokens=14282 suffix_tokens=23 model_ms=19596.0 context_ms=315.4 state_ms=7.62 prefix_ms=0.0 suffix_ms=8825.0 first_token_ms=33418.4 generation_ms=295228.9 generated=64 generation_tps=0.217
AGENT index=108 mig=fafc828a exit=0 wall_ms=224334 text=2c93819fe85df763 role=child prefix_tokens=14282 suffix_tokens=22 model_ms=19383.7 context_ms=239.4 state_ms=6.89 prefix_ms=0.0 suffix_ms=5741.8 first_token_ms=30422.8 generation_ms=192537.5 generated=64 generation_tps=0.332
AGENT index=109 mig=31ffbfe4 exit=0 wall_ms=244519 text=c2157cfb976018b5 role=child prefix_tokens=14282 suffix_tokens=32 model_ms=8117.2 context_ms=1772.5 state_ms=15.14 prefix_ms=0.0 suffix_ms=1733.6 first_token_ms=16812.5 generation_ms=227285.3 generated=64 generation_tps=0.282
AGENT index=110 mig=fafc828a exit=0 wall_ms=216092 text=3f33f20708943e2f role=child prefix_tokens=14282 suffix_tokens=22 model_ms=14967.8 context_ms=1405.2 state_ms=46.42 prefix_ms=0.0 suffix_ms=2135.9 first_token_ms=23352.5 generation_ms=192240.2 generated=64 generation_tps=0.333
AGENT index=111 mig=31ffbfe4 exit=0 wall_ms=329438 text=0d9668c2f9cbc9fc role=child prefix_tokens=14282 suffix_tokens=27 model_ms=18290.7 context_ms=461.8 state_ms=17.91 prefix_ms=0.0 suffix_ms=9089.1 first_token_ms=33064.5 generation_ms=295383.1 generated=64 generation_tps=0.217
AGENT index=112 mig=fafc828a exit=0 wall_ms=220886 text=787d0f2cb9f0f5f6 role=child prefix_tokens=14282 suffix_tokens=26 model_ms=19283.3 context_ms=287.0 state_ms=26.98 prefix_ms=0.0 suffix_ms=5941.7 first_token_ms=29765.0 generation_ms=190564.0 generated=64 generation_tps=0.336
AGENT index=113 mig=31ffbfe4 exit=0 wall_ms=320534 text=6bd685fbc4b441ec role=child prefix_tokens=14282 suffix_tokens=23 model_ms=13625.3 context_ms=1067.5 state_ms=19.57 prefix_ms=0.0 suffix_ms=4152.6 first_token_ms=24207.0 generation_ms=295867.6 generated=64 generation_tps=0.216
AGENT index=114 mig=fafc828a exit=0 wall_ms=215577 text=2f3bcae6671ff31f role=child prefix_tokens=14282 suffix_tokens=22 model_ms=15072.6 context_ms=612.2 state_ms=46.45 prefix_ms=0.0 suffix_ms=2091.0 first_token_ms=23187.4 generation_ms=191886.9 generated=64 generation_tps=0.334
AGENT index=115 mig=31ffbfe4 exit=0 wall_ms=318801 text=4c7501e634d9bf23 role=child prefix_tokens=14282 suffix_tokens=19 model_ms=14794.7 context_ms=1302.2 state_ms=30.42 prefix_ms=0.0 suffix_ms=2208.3 first_token_ms=22880.2 generation_ms=295457.9 generated=64 generation_tps=0.217
AGENT index=116 mig=fafc828a exit=0 wall_ms=224562 text=59ab8a91f9570afc role=child prefix_tokens=14282 suffix_tokens=22 model_ms=18590.2 context_ms=473.3 state_ms=6.63 prefix_ms=0.0 suffix_ms=5427.8 first_token_ms=29940.4 generation_ms=193471.2 generated=64 generation_tps=0.331
AGENT index=117 mig=31ffbfe4 exit=0 wall_ms=327696 text=397d44936e8841e9 role=child prefix_tokens=14282 suffix_tokens=27 model_ms=19357.1 context_ms=188.4 state_ms=6.67 prefix_ms=0.0 suffix_ms=9123.8 first_token_ms=33794.8 generation_ms=293411.5 generated=64 generation_tps=0.218
AGENT index=118 mig=fafc828a exit=0 wall_ms=221377 text=df0985d3d0c73de0 role=child prefix_tokens=14282 suffix_tokens=28 model_ms=17780.6 context_ms=579.3 state_ms=20.43 prefix_ms=0.0 suffix_ms=5776.0 first_token_ms=29514.0 generation_ms=191221.8 generated=64 generation_tps=0.335
AGENT index=119 mig=31ffbfe4 exit=0 wall_ms=328142 text=a94c9c83167a5f8c role=child prefix_tokens=14282 suffix_tokens=18 model_ms=17717.0 context_ms=996.1 state_ms=46.81 prefix_ms=0.0 suffix_ms=8752.0 first_token_ms=32522.1 generation_ms=295186.0 generated=64 generation_tps=0.217
AGENT index=120 mig=fafc828a exit=0 wall_ms=223850 text=9834d2c93010cb40 role=child prefix_tokens=14282 suffix_tokens=23 model_ms=18186.9 context_ms=409.9 state_ms=23.47 prefix_ms=0.0 suffix_ms=5305.3 first_token_ms=29101.3 generation_ms=193669.5 generated=64 generation_tps=0.330
AGENT index=121 mig=31ffbfe4 exit=0 wall_ms=329244 text=7a6a0515e5f4b2e4 role=child prefix_tokens=14282 suffix_tokens=24 model_ms=19497.7 context_ms=221.5 state_ms=7.04 prefix_ms=0.0 suffix_ms=8873.1 first_token_ms=33623.1 generation_ms=294577.1 generated=64 generation_tps=0.217
AGENT index=122 mig=fafc828a exit=0 wall_ms=223510 text=158a991a74f5c09c role=child prefix_tokens=14282 suffix_tokens=20 model_ms=17964.6 context_ms=637.0 state_ms=29.86 prefix_ms=0.0 suffix_ms=5662.4 first_token_ms=29318.0 generation_ms=193363.0 generated=64 generation_tps=0.331
AGENT index=123 mig=31ffbfe4 exit=0 wall_ms=320613 text=e38ea5b855370f1e role=child prefix_tokens=14282 suffix_tokens=22 model_ms=14412.3 context_ms=787.6 state_ms=46.14 prefix_ms=0.0 suffix_ms=2883.6 first_token_ms=23382.8 generation_ms=296770.0 generated=64 generation_tps=0.216
AGENT index=124 mig=fafc828a exit=0 wall_ms=225114 text=5442500eccbad2cf role=child prefix_tokens=14282 suffix_tokens=21 model_ms=19151.7 context_ms=450.2 state_ms=7.68 prefix_ms=0.0 suffix_ms=5703.9 first_token_ms=30310.6 generation_ms=192848.0 generated=64 generation_tps=0.332
AGENT index=125 mig=31ffbfe4 exit=0 wall_ms=281371 text=77ec1b209de8c3c4 role=child prefix_tokens=14282 suffix_tokens=23 model_ms=11964.4 context_ms=287.0 state_ms=14.82 prefix_ms=0.0 suffix_ms=1298.4 first_token_ms=18875.3 generation_ms=262080.3 generated=64 generation_tps=0.244
AGENT index=126 mig=fafc828a exit=0 wall_ms=224736 text=09fd41491d0c178b role=child prefix_tokens=14282 suffix_tokens=21 model_ms=19372.6 context_ms=168.4 state_ms=47.92 prefix_ms=0.0 suffix_ms=5627.4 first_token_ms=30293.8 generation_ms=192701.6 generated=64 generation_tps=0.332
AGENT index=127 mig=31ffbfe4 exit=0 wall_ms=328746 text=c5fb19c141f1ba26 role=child prefix_tokens=14282 suffix_tokens=23 model_ms=18513.2 context_ms=598.6 state_ms=6.49 prefix_ms=0.0 suffix_ms=8750.5 first_token_ms=33224.5 generation_ms=294878.1 generated=64 generation_tps=0.217
MEMORY mem_available_drop_mib=90289 mem_available_before_mib=119167 mem_free_before_mib=45779 pss_anon_mib=30572 pss_file_mib=7179 pss_shmem_mib=8230 device_mib=49536 samples=17
END_CASE failed_agents=0 wall_ms=330983
SKIPPED mode=both agents=136 mem_available_mib=119214
END_KVSTACK
BEGIN_KVSTACK run=2 context=16384 publisher_mig=31ffbfe4 mem_free_mib=48502 kernel_reclaimable_mib=67430
PUBLISH store=stock prefix_tokens=14282 prefix_ms=24857.5 publish_ms=496.96 state_bytes=819216229
PUBLISH store=device prefix_tokens=14282 prefix_ms=25101.4 publish_ms=501.73 state_bytes=819216229
PUBLISH store=huge prefix_tokens=14282 prefix_ms=25146.9 publish_ms=8.01 state_bytes=229221 file_used_kib=802816
CASE mode=both agents=128
AGENT index=0 mig=31ffbfe4 exit=0 wall_ms=328230 text=4605b6e04b2228eb role=child prefix_tokens=14282 suffix_tokens=27 model_ms=19258.6 context_ms=628.6 state_ms=25.68 prefix_ms=0.0 suffix_ms=8969.0 first_token_ms=33458.2 generation_ms=294137.9 generated=64 generation_tps=0.218
AGENT index=1 mig=fafc828a exit=0 wall_ms=222846 text=a5af93194a2d1ced role=child prefix_tokens=14282 suffix_tokens=22 model_ms=17749.0 context_ms=542.7 state_ms=62.24 prefix_ms=0.0 suffix_ms=3420.5 first_token_ms=26806.3 generation_ms=195034.7 generated=64 generation_tps=0.328
AGENT index=2 mig=31ffbfe4 exit=0 wall_ms=328121 text=37e5f08e6279aa62 role=child prefix_tokens=14282 suffix_tokens=24 model_ms=19810.3 context_ms=198.7 state_ms=6.32 prefix_ms=0.0 suffix_ms=8520.1 first_token_ms=33092.4 generation_ms=294423.8 generated=64 generation_tps=0.217
AGENT index=3 mig=fafc828a exit=0 wall_ms=214827 text=5e1ac569aa8b0faf role=child prefix_tokens=14282 suffix_tokens=32 model_ms=15647.2 context_ms=919.3 state_ms=62.88 prefix_ms=0.0 suffix_ms=2104.9 first_token_ms=23462.9 generation_ms=190870.3 generated=64 generation_tps=0.335
AGENT index=4 mig=31ffbfe4 exit=0 wall_ms=326820 text=6e3d8f07cfceb082 role=child prefix_tokens=14282 suffix_tokens=23 model_ms=19256.0 context_ms=490.4 state_ms=38.30 prefix_ms=0.0 suffix_ms=8576.2 first_token_ms=32944.8 generation_ms=293423.4 generated=64 generation_tps=0.218
AGENT index=5 mig=fafc828a exit=0 wall_ms=221013 text=47179dd0dcd49eb0 role=child prefix_tokens=14282 suffix_tokens=26 model_ms=20086.1 context_ms=393.2 state_ms=9.12 prefix_ms=0.0 suffix_ms=6347.2 first_token_ms=31420.9 generation_ms=189083.5 generated=64 generation_tps=0.338
AGENT index=6 mig=31ffbfe4 exit=0 wall_ms=322330 text=f88f503d1005fa22 role=child prefix_tokens=14282 suffix_tokens=21 model_ms=16013.1 context_ms=838.4 state_ms=34.34 prefix_ms=0.0 suffix_ms=3181.4 first_token_ms=24845.0 generation_ms=297086.0 generated=64 generation_tps=0.215
AGENT index=7 mig=fafc828a exit=0 wall_ms=222674 text=f9c832b7cad1a509 role=child prefix_tokens=14282 suffix_tokens=31 model_ms=19958.6 context_ms=327.5 state_ms=15.61 prefix_ms=0.0 suffix_ms=6395.3 first_token_ms=31424.4 generation_ms=190407.7 generated=64 generation_tps=0.336
AGENT index=8 mig=31ffbfe4 exit=0 wall_ms=328002 text=a3c806a5411bc6e6 role=child prefix_tokens=14282 suffix_tokens=18 model_ms=20008.2 context_ms=337.5 state_ms=9.95 prefix_ms=0.0 suffix_ms=8818.6 first_token_ms=33848.8 generation_ms=293661.4 generated=64 generation_tps=0.218
AGENT index=9 mig=fafc828a exit=0 wall_ms=222558 text=a2d016def74ecc62 role=child prefix_tokens=14282 suffix_tokens=18 model_ms=18058.1 context_ms=440.0 state_ms=55.67 prefix_ms=0.0 suffix_ms=4665.8 first_token_ms=28052.5 generation_ms=193820.4 generated=64 generation_tps=0.330
AGENT index=10 mig=31ffbfe4 exit=0 wall_ms=328434 text=a733f3a39259263c role=child prefix_tokens=14282 suffix_tokens=18 model_ms=19177.3 context_ms=592.9 state_ms=231.79 prefix_ms=0.0 suffix_ms=8632.1 first_token_ms=33230.8 generation_ms=294656.4 generated=64 generation_tps=0.217
AGENT index=11 mig=fafc828a exit=0 wall_ms=217684 text=ad0d6edf343e5e28 role=child prefix_tokens=14282 suffix_tokens=22 model_ms=16619.9 context_ms=535.9 state_ms=58.95 prefix_ms=0.0 suffix_ms=2028.3 first_token_ms=24137.1 generation_ms=193085.8 generated=64 generation_tps=0.331
AGENT index=12 mig=31ffbfe4 exit=0 wall_ms=329340 text=2c93819fe85df763 role=child prefix_tokens=14282 suffix_tokens=21 model_ms=19836.7 context_ms=358.7 state_ms=7.79 prefix_ms=0.0 suffix_ms=8902.2 first_token_ms=33863.0 generation_ms=294703.8 generated=64 generation_tps=0.217
AGENT index=13 mig=fafc828a exit=0 wall_ms=211020 text=5d483815f91685a6 role=child prefix_tokens=14282 suffix_tokens=31 model_ms=14884.5 context_ms=1035.5 state_ms=66.45 prefix_ms=0.0 suffix_ms=1535.0 first_token_ms=22597.4 generation_ms=187897.5 generated=64 generation_tps=0.341
AGENT index=14 mig=31ffbfe4 exit=0 wall_ms=326121 text=f8f770d151794139 role=child prefix_tokens=14282 suffix_tokens=21 model_ms=17555.0 context_ms=863.1 state_ms=43.75 prefix_ms=0.0 suffix_ms=6898.2 first_token_ms=29901.3 generation_ms=295811.0 generated=64 generation_tps=0.216
AGENT index=15 mig=fafc828a exit=0 wall_ms=221127 text=0d9668c2f9cbc9fc role=child prefix_tokens=14282 suffix_tokens=26 model_ms=18132.6 context_ms=348.7 state_ms=43.52 prefix_ms=0.0 suffix_ms=4697.3 first_token_ms=27834.6 generation_ms=192775.8 generated=64 generation_tps=0.332
AGENT index=16 mig=31ffbfe4 exit=0 wall_ms=322091 text=a6ffaf564cadb5d1 role=child prefix_tokens=14282 suffix_tokens=25 model_ms=15704.9 context_ms=793.6 state_ms=66.38 prefix_ms=0.0 suffix_ms=3042.8 first_token_ms=24659.4 generation_ms=297019.7 generated=64 generation_tps=0.215
AGENT index=17 mig=fafc828a exit=0 wall_ms=225551 text=6bd685fbc4b441ec role=child prefix_tokens=14282 suffix_tokens=22 model_ms=19296.6 context_ms=338.2 state_ms=6.15 prefix_ms=0.0 suffix_ms=5918.4 first_token_ms=30817.7 generation_ms=192559.1 generated=64 generation_tps=0.332
AGENT index=18 mig=31ffbfe4 exit=0 wall_ms=327335 text=ba15e410535ababc role=child prefix_tokens=14282 suffix_tokens=21 model_ms=20116.3 context_ms=330.6 state_ms=17.15 prefix_ms=0.0 suffix_ms=8801.0 first_token_ms=33801.7 generation_ms=293058.9 generated=64 generation_tps=0.218
AGENT index=19 mig=fafc828a exit=0 wall_ms=218459 text=4c7501e634d9bf23 role=child prefix_tokens=14282 suffix_tokens=18 model_ms=16956.3 context_ms=542.3 state_ms=41.55 prefix_ms=0.0 suffix_ms=2239.3 first_token_ms=24644.3 generation_ms=193358.8 generated=64 generation_tps=0.331
AGENT index=20 mig=31ffbfe4 exit=0 wall_ms=328371 text=b3893059e7e79532 role=child prefix_tokens=14282 suffix_tokens=21 model_ms=20177.8 context_ms=248.7 state_ms=6.25 prefix_ms=0.0 suffix_ms=8863.5 first_token_ms=33923.3 generation_ms=293833.8 generated=64 generation_tps=0.218
AGENT index=21 mig=fafc828a exit=0 wall_ms=225398 text=284eef78a2286715 role=child prefix_tokens=14282 suffix_tokens=26 model_ms=19814.2 context_ms=329.0 state_ms=7.14 prefix_ms=0.0 suffix_ms=6275.6 first_token_ms=31312.5 generation_ms=191714.7 generated=64 generation_tps=0.334
AGENT index=22 mig=31ffbfe4 exit=0 wall_ms=328952 text=ad3122b47bf9d41d role=child prefix_tokens=14282 suffix_tokens=27 model_ms=20289.3 context_ms=182.3 state_ms=7.25 prefix_ms=0.0 suffix_ms=9082.2 first_token_ms=34122.1 generation_ms=294322.6 generated=64 generation_tps=0.217
AGENT index=23 mig=fafc828a exit=0 wall_ms=223414 text=fd9dec9936f784ff role=child prefix_tokens=14282 suffix_tokens=17 model_ms=19889.3 context_ms=310.4 state_ms=7.02 prefix_ms=0.0 suffix_ms=5731.7 first_token_ms=30758.1 generation_ms=191508.9 generated=64 generation_tps=0.334
AGENT index=24 mig=31ffbfe4 exit=0 wall_ms=328218 text=9834d2c93010cb40 role=child prefix_tokens=14282 suffix_tokens=22 model_ms=19898.4 context_ms=463.9 state_ms=6.23 prefix_ms=0.0 suffix_ms=8849.2 first_token_ms=33803.7 generation_ms=293875.9 generated=64 generation_tps=0.218
AGENT index=25 mig=fafc828a exit=0 wall_ms=220715 text=d4e1fcaa961685d1 role=child prefix_tokens=14282 suffix_tokens=23 model_ms=18392.2 context_ms=707.3 state_ms=42.47 prefix_ms=0.0 suffix_ms=4639.7 first_token_ms=28320.5 generation_ms=191930.9 generated=64 generation_tps=0.333
AGENT index=26 mig=31ffbfe4 exit=0 wall_ms=321456 text=9e35020256b4a71c role=child prefix_tokens=14282 suffix_tokens=19 model_ms=16653.9 context_ms=656.0 state_ms=51.77 prefix_ms=0.0 suffix_ms=3297.5 first_token_ms=25145.9 generation_ms=295830.5 generated=64 generation_tps=0.216
AGENT index=27 mig=fafc828a exit=0 wall_ms=223487 text=178df8f18d21f57e role=child prefix_tokens=14282 suffix_tokens=21 model_ms=19416.9 context_ms=408.8 state_ms=7.00 prefix_ms=0.0 suffix_ms=5858.4 first_token_ms=30732.4 generation_ms=191526.6 generated=64 generation_tps=0.334
AGENT index=28 mig=31ffbfe4 exit=0 wall_ms=327985 text=15c67d79a860da75 role=child prefix_tokens=14282 suffix_tokens=20 model_ms=19572.6 context_ms=393.5 state_ms=7.18 prefix_ms=0.0 suffix_ms=8872.2 first_token_ms=33765.3 generation_ms=293635.8 generated=64 generation_tps=0.218
AGENT index=29 mig=fafc828a exit=0 wall_ms=225144 text=a72f71cd80731afe role=child prefix_tokens=14282 suffix_tokens=22 model_ms=19144.7 context_ms=378.3 state_ms=7.19 prefix_ms=0.0 suffix_ms=5807.8 first_token_ms=30775.7 generation_ms=192553.0 generated=64 generation_tps=0.332
AGENT index=30 mig=31ffbfe4 exit=0 wall_ms=320084 text=317f6f38771a1e41 role=child prefix_tokens=14282 suffix_tokens=20 model_ms=15074.5 context_ms=935.2 state_ms=64.76 prefix_ms=0.0 suffix_ms=2467.3 first_token_ms=23828.7 generation_ms=295856.5 generated=64 generation_tps=0.216
AGENT index=31 mig=fafc828a exit=0 wall_ms=221183 text=d52293b0dc058085 role=child prefix_tokens=14282 suffix_tokens=22 model_ms=18091.0 context_ms=427.2 state_ms=35.25 prefix_ms=0.0 suffix_ms=4006.6 first_token_ms=27553.5 generation_ms=193131.1 generated=64 generation_tps=0.331
AGENT index=32 mig=31ffbfe4 exit=0 wall_ms=326626 text=a067a6895417f0e8 role=child prefix_tokens=14282 suffix_tokens=28 model_ms=16980.2 context_ms=840.4 state_ms=53.18 prefix_ms=0.0 suffix_ms=7217.0 first_token_ms=29617.2 generation_ms=296579.2 generated=64 generation_tps=0.216
AGENT index=33 mig=fafc828a exit=0 wall_ms=221830 text=5b450cf9627e77b9 role=child prefix_tokens=14282 suffix_tokens=23 model_ms=19106.2 context_ms=457.1 state_ms=25.59 prefix_ms=0.0 suffix_ms=5683.1 first_token_ms=30373.2 generation_ms=190918.0 generated=64 generation_tps=0.335
AGENT index=34 mig=31ffbfe4 exit=0 wall_ms=323636 text=5c09b6f1d055319b role=child prefix_tokens=14282 suffix_tokens=25 model_ms=16661.7 context_ms=641.6 state_ms=33.05 prefix_ms=0.0 suffix_ms=3444.3 first_token_ms=25565.3 generation_ms=297624.8 generated=64 generation_tps=0.215
AGENT index=35 mig=fafc828a exit=0 wall_ms=222747 text=077e38d3762a4e5d role=child prefix_tokens=14282 suffix_tokens=33 model_ms=17473.6 context_ms=632.0 state_ms=39.02 prefix_ms=0.0 suffix_ms=5566.2 first_token_ms=28684.4 generation_ms=193079.8 generated=64 generation_tps=0.331
AGENT index=36 mig=31ffbfe4 exit=0 wall_ms=328400 text=836ebfaf7d21007d role=child prefix_tokens=14282 suffix_tokens=24 model_ms=19843.8 context_ms=274.4 state_ms=6.33 prefix_ms=0.0 suffix_ms=8870.8 first_token_ms=33873.9 generation_ms=293911.4 generated=64 generation_tps=0.218
AGENT index=37 mig=fafc828a exit=0 wall_ms=223943 text=b5c1cde845350686 role=child prefix_tokens=14282 suffix_tokens=27 model_ms=19613.8 context_ms=393.1 state_ms=6.35 prefix_ms=0.0 suffix_ms=6426.7 first_token_ms=31345.5 generation_ms=191264.7 generated=64 generation_tps=0.335
AGENT index=38 mig=31ffbfe4 exit=0 wall_ms=327136 text=e57f2865bc99ed0e role=child prefix_tokens=14282 suffix_tokens=22 model_ms=18742.2 context_ms=642.4 state_ms=42.65 prefix_ms=0.0 suffix_ms=8610.4 first_token_ms=32844.0 generation_ms=293880.9 generated=64 generation_tps=0.218
AGENT index=39 mig=fafc828a exit=0 wall_ms=225023 text=f9c832b7cad1a509 role=child prefix_tokens=14282 suffix_tokens=32 model_ms=19250.4 context_ms=337.9 state_ms=6.46 prefix_ms=0.0 suffix_ms=6411.6 first_token_ms=31189.4 generation_ms=191969.3 generated=64 generation_tps=0.333
AGENT index=40 mig=31ffbfe4 exit=0 wall_ms=327582 text=1bedc9985ebffdf3 role=child prefix_tokens=14282 suffix_tokens=19 model_ms=19234.9 context_ms=152.0 state_ms=27.12 prefix_ms=0.0 suffix_ms=8287.3 first_token_ms=32214.4 generation_ms=294866.9 generated=64 generation_tps=0.217
AGENT index=41 mig=fafc828a exit=0 wall_ms=224572 text=3be32d4f1f40e878 role=child prefix_tokens=14282 suffix_tokens=19 model_ms=19442.0 context_ms=284.1 state_ms=9.96 prefix_ms=0.0 suffix_ms=5807.7 first_token_ms=30713.6 generation_ms=192250.2 generated=64 generation_tps=0.333
AGENT index=42 mig=31ffbfe4 exit=0 wall_ms=328593 text=519b2de5b706a49d role=child prefix_tokens=14282 suffix_tokens=18 model_ms=18926.5 context_ms=500.0 state_ms=39.14 prefix_ms=0.0 suffix_ms=8656.3 first_token_ms=33116.2 generation_ms=294980.7 generated=64 generation_tps=0.217
AGENT index=43 mig=fafc828a exit=0 wall_ms=209313 text=ad92edad967aef00 role=child prefix_tokens=14282 suffix_tokens=22 model_ms=15479.2 context_ms=1159.2 state_ms=46.28 prefix_ms=0.0 suffix_ms=1238.8 first_token_ms=22384.7 generation_ms=186476.0 generated=64 generation_tps=0.343
AGENT index=44 mig=31ffbfe4 exit=0 wall_ms=323488 text=806eb5a225900d3a role=child prefix_tokens=14282 suffix_tokens=21 model_ms=17562.8 context_ms=474.3 state_ms=41.18 prefix_ms=0.0 suffix_ms=5258.9 first_token_ms=27926.6 generation_ms=295101.6 generated=64 generation_tps=0.217
AGENT index=45 mig=fafc828a exit=0 wall_ms=222986 text=9f441c92dda94d6e role=child prefix_tokens=14282 suffix_tokens=31 model_ms=20043.3 context_ms=197.2 state_ms=6.27 prefix_ms=0.0 suffix_ms=6281.1 first_token_ms=30932.4 generation_ms=191232.7 generated=64 generation_tps=0.335
AGENT index=46 mig=31ffbfe4 exit=0 wall_ms=324282 text=3f33f20708943e2f role=child prefix_tokens=14282 suffix_tokens=21 model_ms=17843.0 context_ms=603.7 state_ms=54.32 prefix_ms=0.0 suffix_ms=6459.7 first_token_ms=29394.5 generation_ms=294416.6 generated=64 generation_tps=0.217
AGENT index=47 mig=fafc828a exit=0 wall_ms=223087 text=0d9668c2f9cbc9fc role=child prefix_tokens=14282 suffix_tokens=26 model_ms=19342.2 context_ms=516.8 state_ms=8.71 prefix_ms=0.0 suffix_ms=6241.3 first_token_ms=30934.1 generation_ms=191143.7 generated=64 generation_tps=0.335
AGENT index=48 mig=31ffbfe4 exit=0 wall_ms=328607 text=27f58a7742c668f5 role=child prefix_tokens=14282 suffix_tokens=25 model_ms=19254.2 context_ms=595.1 state_ms=12.21 prefix_ms=0.0 suffix_ms=8927.8 first_token_ms=33535.2 generation_ms=294624.4 generated=64 generation_tps=0.217
AGENT index=49 mig=fafc828a exit=0 wall_ms=221474 text=6bd685fbc4b441ec role=child prefix_tokens=14282 suffix_tokens=22 model_ms=17826.5 context_ms=503.2 state_ms=14.20 prefix_ms=0.0 suffix_ms=4875.9 first_token_ms=28122.1 generation_ms=192849.0 generated=64 generation_tps=0.332
AGENT index=50 mig=31ffbfe4 exit=0 wall_ms=328187 text=802dc3b79f95f0ef role=child prefix_tokens=14282 suffix_tokens=21 model_ms=18486.2 context_ms=528.3 state_ms=10.81 prefix_ms=0.0 suffix_ms=8676.4 first_token_ms=32820.9 generation_ms=294750.3 generated=64 generation_tps=0.217
AGENT index=51 mig=fafc828a exit=0 wall_ms=128050 text=88ab36014083e9b4 role=child prefix_tokens=14282 suffix_tokens=18 model_ms=11210.0 context_ms=812.8 state_ms=15.47 prefix_ms=0.0 suffix_ms=1247.1 first_token_ms=17426.3 generation_ms=110158.2 generated=64 generation_tps=0.581
AGENT index=52 mig=31ffbfe4 exit=0 wall_ms=321070 text=56ae1f5c8f39885b role=child prefix_tokens=14282 suffix_tokens=21 model_ms=14838.3 context_ms=1341.2 state_ms=46.50 prefix_ms=0.0 suffix_ms=3195.2 first_token_ms=23994.8 generation_ms=296614.8 generated=64 generation_tps=0.216
AGENT index=53 mig=fafc828a exit=0 wall_ms=221931 text=11e4c2a85150fa06 role=child prefix_tokens=14282 suffix_tokens=26 model_ms=17495.7 context_ms=762.3 state_ms=34.39 prefix_ms=0.0 suffix_ms=3812.6 first_token_ms=26770.1 generation_ms=194594.5 generated=64 generation_tps=0.329
AGENT index=54 mig=31ffbfe4 exit=0 wall_ms=329682 text=3b6f5b9c968721eb role=child prefix_tokens=14282 suffix_tokens=27 model_ms=19997.9 context_ms=251.6 state_ms=6.68 prefix_ms=0.0 suffix_ms=9080.0 first_token_ms=33932.1 generation_ms=294673.0 generated=64 generation_tps=0.217
AGENT index=55 mig=fafc828a exit=0 wall_ms=208347 text=7e4fad52bd577abf role=child prefix_tokens=14282 suffix_tokens=17 model_ms=14842.6 context_ms=1323.1 state_ms=16.04 prefix_ms=0.0 suffix_ms=1537.7 first_token_ms=22121.7 generation_ms=185779.6 generated=64 generation_tps=0.344
AGENT index=56 mig=31ffbfe4 exit=0 wall_ms=328922 text=9834d2c93010cb40 role=child prefix_tokens=14282 suffix_tokens=22 model_ms=19612.1 context_ms=362.9 state_ms=6.90 prefix_ms=0.0 suffix_ms=8860.0 first_token_ms=33720.9 generation_ms=294670.1 generated=64 generation_tps=0.217
AGENT index=57 mig=fafc828a exit=0 wall_ms=224070 text=50630b6612aba7b8 role=child prefix_tokens=14282 suffix_tokens=23 model_ms=19375.9 context_ms=483.6 state_ms=11.61 prefix_ms=0.0 suffix_ms=5780.8 first_token_ms=30535.3 generation_ms=191771.5 generated=64 generation_tps=0.334
AGENT index=58 mig=31ffbfe4 exit=0 wall_ms=326927 text=9ca71337e20d8558 role=child prefix_tokens=14282 suffix_tokens=19 model_ms=18432.6 context_ms=521.5 state_ms=30.52 prefix_ms=0.0 suffix_ms=7379.2 first_token_ms=30842.0 generation_ms=295643.5 generated=64 generation_tps=0.216
AGENT index=59 mig=fafc828a exit=0 wall_ms=225068 text=a0d59f42adbdb7a7 role=child prefix_tokens=14282 suffix_tokens=21 model_ms=19279.5 context_ms=395.0 state_ms=6.93 prefix_ms=0.0 suffix_ms=5709.2 first_token_ms=30463.1 generation_ms=192604.8 generated=64 generation_tps=0.332
AGENT index=60 mig=31ffbfe4 exit=0 wall_ms=327719 text=b1fe3c81bfb2916f role=child prefix_tokens=14282 suffix_tokens=20 model_ms=17930.8 context_ms=689.3 state_ms=34.35 prefix_ms=0.0 suffix_ms=8156.0 first_token_ms=31625.6 generation_ms=295655.1 generated=64 generation_tps=0.216
AGENT index=61 mig=fafc828a exit=0 wall_ms=223470 text=5b7f00ee41a4f8ef role=child prefix_tokens=14282 suffix_tokens=22 model_ms=19688.3 context_ms=298.8 state_ms=11.65 prefix_ms=0.0 suffix_ms=5642.1 first_token_ms=30204.4 generation_ms=192334.4 generated=64 generation_tps=0.333
AGENT index=62 mig=31ffbfe4 exit=0 wall_ms=329651 text=c17cb2a0a71c6a47 role=child prefix_tokens=14282 suffix_tokens=20 model_ms=19331.9 context_ms=301.6 state_ms=5.96 prefix_ms=0.0 suffix_ms=9001.2 first_token_ms=33901.9 generation_ms=294692.0 generated=64 generation_tps=0.217
AGENT index=63 mig=fafc828a exit=0 wall_ms=223306 text=3b010582add6c19e role=child prefix_tokens=14282 suffix_tokens=22 model_ms=19843.6 context_ms=349.9 state_ms=8.80 prefix_ms=0.0 suffix_ms=5756.1 first_token_ms=30509.6 generation_ms=191576.2 generated=64 generation_tps=0.334
AGENT index=64 mig=31ffbfe4 exit=0 wall_ms=329423 text=3f50371ecb0032a2 role=child prefix_tokens=14282 suffix_tokens=28 model_ms=18150.4 context_ms=751.4 state_ms=27.05 prefix_ms=0.0 suffix_ms=8967.0 first_token_ms=33216.8 generation_ms=295377.1 generated=64 generation_tps=0.217
AGENT index=65 mig=fafc828a exit=0 wall_ms=216873 text=88835aea19336bf3 role=child prefix_tokens=14282 suffix_tokens=23 model_ms=16700.5 context_ms=587.6 state_ms=46.39 prefix_ms=0.0 suffix_ms=1855.3 first_token_ms=23924.1 generation_ms=192452.5 generated=64 generation_tps=0.333
AGENT index=66 mig=31ffbfe4 exit=0 wall_ms=329443 text=56cc6fc91016e6d9 role=child prefix_tokens=14282 suffix_tokens=25 model_ms=19998.3 context_ms=235.4 state_ms=11.18 prefix_ms=0.0 suffix_ms=9169.4 first_token_ms=34065.8 generation_ms=294535.2 generated=64 generation_tps=0.217
AGENT index=67 mig=fafc828a exit=0 wall_ms=221266 text=28222a18d507172c role=child prefix_tokens=14282 suffix_tokens=33 model_ms=19543.8 context_ms=430.1 state_ms=8.83 prefix_ms=0.0 suffix_ms=6811.1 first_token_ms=31433.4 generation_ms=189342.8 generated=64 generation_tps=0.338
AGENT index=68 mig=31ffbfe4 exit=0 wall_ms=322412 text=836ebfaf7d21007d role=child prefix_tokens=14282 suffix_tokens=24 model_ms=16036.0 context_ms=651.3 state_ms=41.45 prefix_ms=0.0 suffix_ms=2565.3 first_token_ms=24395.4 generation_ms=297552.2 generated=64 generation_tps=0.215
AGENT index=69 mig=fafc828a exit=0 wall_ms=219771 text=4e58d1434e38d87b role=child prefix_tokens=14282 suffix_tokens=27 model_ms=16884.5 context_ms=519.7 state_ms=59.93 prefix_ms=0.0 suffix_ms=2920.7 first_token_ms=25140.8 generation_ms=194160.1 generated=64 generation_tps=0.330
AGENT index=70 mig=31ffbfe4 exit=0 wall_ms=328372 text=2bc8a87702ffa5ba role=child prefix_tokens=14282 suffix_tokens=22 model_ms=20146.2 context_ms=207.9 state_ms=6.06 prefix_ms=0.0 suffix_ms=8876.5 first_token_ms=33756.8 generation_ms=294186.9 generated=64 generation_tps=0.218
AGENT index=71 mig=fafc828a exit=0 wall_ms=224049 text=f9c832b7cad1a509 role=child prefix_tokens=14282 suffix_tokens=32 model_ms=18769.8 context_ms=635.2 state_ms=23.91 prefix_ms=0.0 suffix_ms=6247.4 first_token_ms=30594.9 generation_ms=191947.4 generated=64 generation_tps=0.333
AGENT index=72 mig=31ffbfe4 exit=0 wall_ms=322821 text=4e007a54c417b8e2 role=child prefix_tokens=14282 suffix_tokens=19 model_ms=16376.6 context_ms=360.2 state_ms=65.76 prefix_ms=0.0 suffix_ms=2908.5 first_token_ms=24637.1 generation_ms=297744.6 generated=64 generation_tps=0.215
AGENT index=73 mig=fafc828a exit=0 wall_ms=224246 text=f69b628d0f4868ff role=child prefix_tokens=14282 suffix_tokens=19 model_ms=19382.0 context_ms=370.0 state_ms=11.70 prefix_ms=0.0 suffix_ms=5794.4 first_token_ms=30518.0 generation_ms=192422.6 generated=64 generation_tps=0.333
AGENT index=74 mig=31ffbfe4 exit=0 wall_ms=321255 text=ab6f927a6830d128 role=child prefix_tokens=14282 suffix_tokens=18 model_ms=15575.6 context_ms=583.6 state_ms=64.86 prefix_ms=0.0 suffix_ms=2532.4 first_token_ms=23960.2 generation_ms=296846.9 generated=64 generation_tps=0.216
AGENT index=75 mig=fafc828a exit=0 wall_ms=199226 text=3f79542af35d277d role=child prefix_tokens=14282 suffix_tokens=22 model_ms=13673.6 context_ms=1077.7 state_ms=18.49 prefix_ms=0.0 suffix_ms=1132.9 first_token_ms=21168.1 generation_ms=177647.0 generated=64 generation_tps=0.360
AGENT index=76 mig=31ffbfe4 exit=0 wall_ms=329516 text=2c93819fe85df763 role=child prefix_tokens=14282 suffix_tokens=21 model_ms=19187.7 context_ms=324.2 state_ms=7.48 prefix_ms=0.0 suffix_ms=8842.1 first_token_ms=33664.0 generation_ms=294823.8 generated=64 generation_tps=0.217
AGENT index=77 mig=fafc828a exit=0 wall_ms=225371 text=5d483815f91685a6 role=child prefix_tokens=14282 suffix_tokens=31 model_ms=19377.4 context_ms=237.0 state_ms=14.09 prefix_ms=0.0 suffix_ms=6260.2 first_token_ms=30787.3 generation_ms=192349.8 generated=64 generation_tps=0.333
AGENT index=78 mig=31ffbfe4 exit=0 wall_ms=214131 text=3f33f20708943e2f role=child prefix_tokens=14282 suffix_tokens=21 model_ms=6985.8 context_ms=3314.4 state_ms=15.48 prefix_ms=0.0 suffix_ms=1696.9 first_token_ms=16564.7 generation_ms=197085.8 generated=64 generation_tps=0.325
AGENT index=79 mig=fafc828a exit=0 wall_ms=224773 text=0d9668c2f9cbc9fc role=child prefix_tokens=14282 suffix_tokens=26 model_ms=19898.4 context_ms=281.9 state_ms=6.33 prefix_ms=0.0 suffix_ms=6374.9 first_token_ms=31138.6 generation_ms=191851.9 generated=64 generation_tps=0.334
AGENT index=80 mig=31ffbfe4 exit=0 wall_ms=325777 text=86d4ee1044251a25 role=child prefix_tokens=14282 suffix_tokens=25 model_ms=17869.9 context_ms=685.0 state_ms=26.61 prefix_ms=0.0 suffix_ms=7189.2 first_token_ms=30334.6 generation_ms=294994.3 generated=64 generation_tps=0.217
AGENT index=81 mig=fafc828a exit=0 wall_ms=222363 text=facc2c2ea4689e1e role=child prefix_tokens=14282 suffix_tokens=22 model_ms=19809.8 context_ms=327.1 state_ms=6.33 prefix_ms=0.0 suffix_ms=5766.4 first_token_ms=30438.8 generation_ms=191151.3 generated=64 generation_tps=0.335
AGENT index=82 mig=31ffbfe4 exit=0 wall_ms=329502 text=ce66287a7832a2bb role=child prefix_tokens=14282 suffix_tokens=21 model_ms=19049.8 context_ms=475.4 state_ms=7.24 prefix_ms=0.0 suffix_ms=8899.7 first_token_ms=33646.6 generation_ms=294855.5 generated=64 generation_tps=0.217
AGENT index=83 mig=fafc828a exit=0 wall_ms=216029 text=cdf6d4762f0ad9c6 role=child prefix_tokens=14282 suffix_tokens=18 model_ms=16466.9 context_ms=594.9 state_ms=42.11 prefix_ms=0.0 suffix_ms=1979.7 first_token_ms=23666.1 generation_ms=191885.8 generated=64 generation_tps=0.334
AGENT index=84 mig=31ffbfe4 exit=0 wall_ms=315195 text=1af3357d195a5902 role=child prefix_tokens=14282 suffix_tokens=21 model_ms=14105.1 context_ms=1134.7 state_ms=30.39 prefix_ms=0.0 suffix_ms=1814.6 first_token_ms=22345.2 generation_ms=292410.4 generated=64 generation_tps=0.219
AGENT index=85 mig=fafc828a exit=0 wall_ms=223607 text=957077b2ac48aee9 role=child prefix_tokens=14282 suffix_tokens=26 model_ms=18629.0 context_ms=417.4 state_ms=26.45 prefix_ms=0.0 suffix_ms=6213.3 first_token_ms=30222.5 generation_ms=192226.1 generated=64 generation_tps=0.333
AGENT index=86 mig=31ffbfe4 exit=0 wall_ms=328898 text=1b55181381f9c4bb role=child prefix_tokens=14282 suffix_tokens=27 model_ms=19220.1 context_ms=326.6 state_ms=19.54 prefix_ms=0.0 suffix_ms=8814.1 first_token_ms=33205.6 generation_ms=295127.5 generated=64 generation_tps=0.217
AGENT index=87 mig=fafc828a exit=0 wall_ms=225313 text=b8ac585c0a873612 role=child prefix_tokens=14282 suffix_tokens=17 model_ms=18180.0 context_ms=692.0 state_ms=16.57 prefix_ms=0.0 suffix_ms=4829.7 first_token_ms=28688.7 generation_ms=194094.3 generated=64 generation_tps=0.330
AGENT index=88 mig=31ffbfe4 exit=0 wall_ms=325805 text=9834d2c93010cb40 role=child prefix_tokens=14282 suffix_tokens=22 model_ms=16553.5 context_ms=650.7 state_ms=42.45 prefix_ms=0.0 suffix_ms=4877.1 first_token_ms=27483.5 generation_ms=297808.0 generated=64 generation_tps=0.215
AGENT index=89 mig=fafc828a exit=0 wall_ms=225193 text=4a108aa854664970 role=child prefix_tokens=14282 suffix_tokens=23 model_ms=19189.5 context_ms=269.1 state_ms=7.96 prefix_ms=0.0 suffix_ms=5790.5 first_token_ms=30585.3 generation_ms=192567.4 generated=64 generation_tps=0.332
AGENT index=90 mig=31ffbfe4 exit=0 wall_ms=326270 text=dbc7a5d875e3e7e1 role=child prefix_tokens=14282 suffix_tokens=19 model_ms=16654.3 context_ms=421.9 state_ms=48.53 prefix_ms=0.0 suffix_ms=6214.0 first_token_ms=28508.1 generation_ms=297307.4 generated=64 generation_tps=0.215
AGENT index=91 mig=fafc828a exit=0 wall_ms=224258 text=7b1e906b43903ada role=child prefix_tokens=14282 suffix_tokens=21 model_ms=18107.8 context_ms=605.7 state_ms=45.40 prefix_ms=0.0 suffix_ms=4759.8 first_token_ms=28552.3 generation_ms=194215.0 generated=64 generation_tps=0.330
AGENT index=92 mig=31ffbfe4 exit=0 wall_ms=329270 text=6270d284b62a8043 role=child prefix_tokens=14282 suffix_tokens=20 model_ms=19653.4 context_ms=337.2 state_ms=7.25 prefix_ms=0.0 suffix_ms=8864.8 first_token_ms=33596.6 generation_ms=294713.7 generated=64 generation_tps=0.217
AGENT index=93 mig=fafc828a exit=0 wall_ms=225009 text=ce087b8cf95f26a2 role=child prefix_tokens=14282 suffix_tokens=22 model_ms=19514.0 context_ms=390.8 state_ms=11.86 prefix_ms=0.0 suffix_ms=5578.3 first_token_ms=30211.7 generation_ms=192588.2 generated=64 generation_tps=0.332
AGENT index=94 mig=31ffbfe4 exit=0 wall_ms=323589 text=4878ce4ae644876a role=child prefix_tokens=14282 suffix_tokens=20 model_ms=17715.9 context_ms=501.9 state_ms=31.31 prefix_ms=0.0 suffix_ms=7882.9 first_token_ms=31306.4 generation_ms=291832.2 generated=64 generation_tps=0.219
AGENT index=95 mig=fafc828a exit=0 wall_ms=220528 text=93d0d9337eb50146 role=child prefix_tokens=14282 suffix_tokens=22 model_ms=17900.5 context_ms=587.4 state_ms=28.43 prefix_ms=0.0 suffix_ms=5417.1 first_token_ms=29160.1 generation_ms=190826.7 generated=64 generation_tps=0.335
AGENT index=96 mig=31ffbfe4 exit=0 wall_ms=323795 text=5b3e8496b267e28f role=child prefix_tokens=14282 suffix_tokens=28 model_ms=15961.5 context_ms=419.9 state_ms=16.93 prefix_ms=0.0 suffix_ms=3542.6 first_token_ms=25227.6 generation_ms=298135.9 generated=64 generation_tps=0.215
AGENT index=97 mig=fafc828a exit=0 wall_ms=93002 text=5b450cf9627e77b9 role=child prefix_tokens=14282 suffix_tokens=23 model_ms=5175.2 context_ms=3597.4 state_ms=16.52 prefix_ms=0.0 suffix_ms=2276.7 first_token_ms=16108.8 generation_ms=67497.0 generated=64 generation_tps=0.948
AGENT index=98 mig=31ffbfe4 exit=0 wall_ms=328243 text=f1423a12d392ea73 role=child prefix_tokens=14282 suffix_tokens=25 model_ms=19663.4 context_ms=288.7 state_ms=7.48 prefix_ms=0.0 suffix_ms=9093.6 first_token_ms=33841.1 generation_ms=293922.8 generated=64 generation_tps=0.218
AGENT index=99 mig=fafc828a exit=0 wall_ms=224050 text=65315b3a048c65d3 role=child prefix_tokens=14282 suffix_tokens=33 model_ms=19226.2 context_ms=410.3 state_ms=6.43 prefix_ms=0.0 suffix_ms=6913.7 first_token_ms=31588.9 generation_ms=191064.0 generated=64 generation_tps=0.335
AGENT index=100 mig=31ffbfe4 exit=0 wall_ms=329415 text=46bf93c2b1366bc6 role=child prefix_tokens=14282 suffix_tokens=25 model_ms=18515.4 context_ms=671.6 state_ms=23.87 prefix_ms=0.0 suffix_ms=8806.5 first_token_ms=33073.5 generation_ms=295297.4 generated=64 generation_tps=0.217
AGENT index=101 mig=fafc828a exit=0 wall_ms=115350 text=c62512a5d8b596ef role=child prefix_tokens=14282 suffix_tokens=28 model_ms=8793.3 context_ms=1715.9 state_ms=15.61 prefix_ms=0.0 suffix_ms=1441.9 first_token_ms=16729.1 generation_ms=98171.1 generated=64 generation_tps=0.652
AGENT index=102 mig=31ffbfe4 exit=0 wall_ms=201414 text=1e3a87d5bf89af05 role=child prefix_tokens=14282 suffix_tokens=23 model_ms=6112.6 context_ms=3115.4 state_ms=15.59 prefix_ms=0.0 suffix_ms=1778.3 first_token_ms=16155.2 generation_ms=184789.2 generated=64 generation_tps=0.346
AGENT index=103 mig=fafc828a exit=0 wall_ms=223805 text=f9c832b7cad1a509 role=child prefix_tokens=14282 suffix_tokens=33 model_ms=18867.9 context_ms=563.5 state_ms=38.51 prefix_ms=0.0 suffix_ms=6582.4 first_token_ms=30739.2 generation_ms=191341.0 generated=64 generation_tps=0.334
AGENT index=104 mig=31ffbfe4 exit=0 wall_ms=328701 text=788265a3a7959ede role=child prefix_tokens=14282 suffix_tokens=20 model_ms=18248.0 context_ms=452.3 state_ms=50.24 prefix_ms=0.0 suffix_ms=8224.7 first_token_ms=31941.2 generation_ms=296213.2 generated=64 generation_tps=0.216
AGENT index=105 mig=fafc828a exit=0 wall_ms=223488 text=9bbcff728ca7192b role=child prefix_tokens=14282 suffix_tokens=20 model_ms=17426.7 context_ms=533.6 state_ms=17.96 prefix_ms=0.0 suffix_ms=4580.7 first_token_ms=27646.1 generation_ms=194725.7 generated=64 generation_tps=0.329
AGENT index=106 mig=31ffbfe4 exit=0 wall_ms=329528 text=f4dd5b98bdc77fee role=child prefix_tokens=14282 suffix_tokens=19 model_ms=18928.2 context_ms=371.9 state_ms=6.29 prefix_ms=0.0 suffix_ms=8969.5 first_token_ms=33585.1 generation_ms=294885.8 generated=64 generation_tps=0.217
AGENT index=107 mig=fafc828a exit=0 wall_ms=224315 text=b75a2e4512194a0a role=child prefix_tokens=14282 suffix_tokens=23 model_ms=18659.4 context_ms=424.9 state_ms=12.38 prefix_ms=0.0 suffix_ms=5463.1 first_token_ms=29429.4 generation_ms=193050.8 generated=64 generation_tps=0.332
AGENT index=108 mig=31ffbfe4 exit=0 wall_ms=225351 text=2c93819fe85df763 role=child prefix_tokens=14282 suffix_tokens=22 model_ms=7520.3 context_ms=2457.7 state_ms=15.48 prefix_ms=0.0 suffix_ms=1692.4 first_token_ms=16785.0 generation_ms=206708.3 generated=64 generation_tps=0.310
AGENT index=109 mig=fafc828a exit=0 wall_ms=225351 text=5d483815f91685a6 role=child prefix_tokens=14282 suffix_tokens=32 model_ms=17741.2 context_ms=623.6 state_ms=23.13 prefix_ms=0.0 suffix_ms=6111.0 first_token_ms=29470.9 generation_ms=193502.3 generated=64 generation_tps=0.331
AGENT index=110 mig=31ffbfe4 exit=0 wall_ms=320553 text=3f33f20708943e2f role=child prefix_tokens=14282 suffix_tokens=22 model_ms=15642.5 context_ms=707.5 state_ms=24.01 prefix_ms=0.0 suffix_ms=2752.4 first_token_ms=23992.5 generation_ms=296094.1 generated=64 generation_tps=0.216
AGENT index=111 mig=fafc828a exit=0 wall_ms=224337 text=0d9668c2f9cbc9fc role=child prefix_tokens=14282 suffix_tokens=27 model_ms=17567.4 context_ms=844.3 state_ms=44.81 prefix_ms=0.0 suffix_ms=5940.2 first_token_ms=29544.0 generation_ms=192864.6 generated=64 generation_tps=0.332
AGENT index=112 mig=31ffbfe4 exit=0 wall_ms=329343 text=787d0f2cb9f0f5f6 role=child prefix_tokens=14282 suffix_tokens=26 model_ms=18530.0 context_ms=582.7 state_ms=30.29 prefix_ms=0.0 suffix_ms=8958.0 first_token_ms=33043.9 generation_ms=295334.7 generated=64 generation_tps=0.217
AGENT index=113 mig=fafc828a exit=0 wall_ms=206362 text=1d161aafe68538d2 role=child prefix_tokens=14282 suffix_tokens=23 model_ms=14082.6 context_ms=1484.8 state_ms=30.37 prefix_ms=0.0 suffix_ms=1521.5 first_token_ms=21739.2 generation_ms=184132.9 generated=64 generation_tps=0.348
AGENT index=114 mig=31ffbfe4 exit=0 wall_ms=329148 text=2f3bcae6671ff31f role=child prefix_tokens=14282 suffix_tokens=22 model_ms=18707.6 context_ms=555.5 state_ms=9.27 prefix_ms=0.0 suffix_ms=8748.7 first_token_ms=33207.7 generation_ms=294987.8 generated=64 generation_tps=0.217
AGENT index=115 mig=fafc828a exit=0 wall_ms=225024 text=cdf6d4762f0ad9c6 role=child prefix_tokens=14282 suffix_tokens=19 model_ms=19710.7 context_ms=231.0 state_ms=6.25 prefix_ms=0.0 suffix_ms=5710.6 first_token_ms=30450.9 generation_ms=192068.4 generated=64 generation_tps=0.333
AGENT index=116 mig=31ffbfe4 exit=0 wall_ms=327297 text=5337acbd8fb941ee role=child prefix_tokens=14282 suffix_tokens=22 model_ms=18204.6 context_ms=404.5 state_ms=37.98 prefix_ms=0.0 suffix_ms=6987.9 first_token_ms=30032.9 generation_ms=296767.5 generated=64 generation_tps=0.216
AGENT index=117 mig=fafc828a exit=0 wall_ms=222360 text=a34112262f5fd48d role=child prefix_tokens=14282 suffix_tokens=27 model_ms=18099.2 context_ms=481.8 state_ms=26.37 prefix_ms=0.0 suffix_ms=5159.1 first_token_ms=28540.9 generation_ms=193073.4 generated=64 generation_tps=0.331
AGENT index=118 mig=31ffbfe4 exit=0 wall_ms=328901 text=ad3122b47bf9d41d role=child prefix_tokens=14282 suffix_tokens=28 model_ms=19480.6 context_ms=383.0 state_ms=6.91 prefix_ms=0.0 suffix_ms=9052.8 first_token_ms=33699.5 generation_ms=294478.8 generated=64 generation_tps=0.217
AGENT index=119 mig=fafc828a exit=0 wall_ms=224756 text=c096e05173cc4f43 role=child prefix_tokens=14282 suffix_tokens=18 model_ms=18921.1 context_ms=354.7 state_ms=6.90 prefix_ms=0.0 suffix_ms=5768.3 first_token_ms=30228.8 generation_ms=192356.5 generated=64 generation_tps=0.333
AGENT index=120 mig=31ffbfe4 exit=0 wall_ms=327392 text=9834d2c93010cb40 role=child prefix_tokens=14282 suffix_tokens=23 model_ms=19385.1 context_ms=262.8 state_ms=6.19 prefix_ms=0.0 suffix_ms=8914.3 first_token_ms=33459.9 generation_ms=293521.2 generated=64 generation_tps=0.218
AGENT index=121 mig=fafc828a exit=0 wall_ms=220079 text=1aa7a235737ffc91 role=child prefix_tokens=14282 suffix_tokens=24 model_ms=16760.1 context_ms=929.7 state_ms=33.24 prefix_ms=0.0 suffix_ms=2732.0 first_token_ms=25646.9 generation_ms=193941.3 generated=64 generation_tps=0.330
AGENT index=122 mig=31ffbfe4 exit=0 wall_ms=329119 text=b5b604cb763700f9 role=child prefix_tokens=14282 suffix_tokens=20 model_ms=18664.2 context_ms=460.1 state_ms=15.47 prefix_ms=0.0 suffix_ms=8611.7 first_token_ms=32888.5 generation_ms=295367.2 generated=64 generation_tps=0.217
AGENT index=123 mig=fafc828a exit=0 wall_ms=221407 text=e38ea5b855370f1e role=child prefix_tokens=14282 suffix_tokens=22 model_ms=17112.5 context_ms=651.2 state_ms=16.01 prefix_ms=0.0 suffix_ms=3899.1 first_token_ms=26642.9 generation_ms=194301.0 generated=64 generation_tps=0.329
AGENT index=124 mig=31ffbfe4 exit=0 wall_ms=326099 text=61f860d06cef5fa0 role=child prefix_tokens=14282 suffix_tokens=21 model_ms=16803.3 context_ms=672.7 state_ms=18.21 prefix_ms=0.0 suffix_ms=6779.5 first_token_ms=29285.5 generation_ms=296390.8 generated=64 generation_tps=0.216
AGENT index=125 mig=fafc828a exit=0 wall_ms=225071 text=97190065bed772ed role=child prefix_tokens=14282 suffix_tokens=23 model_ms=18334.0 context_ms=397.7 state_ms=15.28 prefix_ms=0.0 suffix_ms=5282.7 first_token_ms=29289.6 generation_ms=193704.4 generated=64 generation_tps=0.330
AGENT index=126 mig=31ffbfe4 exit=0 wall_ms=329049 text=7596decc9ef604b8 role=child prefix_tokens=14282 suffix_tokens=21 model_ms=19736.9 context_ms=302.4 state_ms=7.40 prefix_ms=0.0 suffix_ms=8957.7 first_token_ms=33600.6 generation_ms=294759.9 generated=64 generation_tps=0.217
AGENT index=127 mig=fafc828a exit=0 wall_ms=224339 text=c5fb19c141f1ba26 role=child prefix_tokens=14282 suffix_tokens=23 model_ms=17747.0 context_ms=627.4 state_ms=42.15 prefix_ms=0.0 suffix_ms=4871.9 first_token_ms=28283.8 generation_ms=193867.5 generated=64 generation_tps=0.330
MEMORY mem_available_drop_mib=89539 mem_available_before_mib=119165 mem_free_before_mib=45777 pss_anon_mib=29648 pss_file_mib=7179 pss_shmem_mib=8230 device_mib=49536 samples=11
END_CASE failed_agents=0 wall_ms=330667
SKIPPED mode=both agents=136 mem_available_mib=119191
END_KVSTACK
BEGIN_KVSTACK run=3 context=16384 publisher_mig=fafc828a mem_free_mib=48488 kernel_reclaimable_mib=67430
PUBLISH store=stock prefix_tokens=14282 prefix_ms=16880.7 publish_ms=507.76 state_bytes=819216229
PUBLISH store=device prefix_tokens=14282 prefix_ms=16996.0 publish_ms=502.96 state_bytes=819216229
PUBLISH store=huge prefix_tokens=14282 prefix_ms=17059.9 publish_ms=8.14 state_bytes=229221 file_used_kib=802816
CASE mode=both agents=128
AGENT index=0 mig=fafc828a exit=0 wall_ms=94567 text=bb92e4befc7eddec role=child prefix_tokens=14282 suffix_tokens=27 model_ms=6142.7 context_ms=2339.8 state_ms=15.96 prefix_ms=0.0 suffix_ms=4231.9 first_token_ms=16347.6 generation_ms=69066.5 generated=64 generation_tps=0.927
AGENT index=1 mig=31ffbfe4 exit=0 wall_ms=324216 text=a8d47b5298abb2fc role=child prefix_tokens=14282 suffix_tokens=22 model_ms=15895.8 context_ms=709.0 state_ms=54.46 prefix_ms=0.0 suffix_ms=3670.0 first_token_ms=25318.6 generation_ms=298464.5 generated=64 generation_tps=0.214
AGENT index=2 mig=fafc828a exit=0 wall_ms=220532 text=abfd4eb3fb8ebdd8 role=child prefix_tokens=14282 suffix_tokens=24 model_ms=18488.6 context_ms=644.9 state_ms=43.43 prefix_ms=0.0 suffix_ms=4332.8 first_token_ms=28093.6 generation_ms=191924.7 generated=64 generation_tps=0.333
AGENT index=3 mig=31ffbfe4 exit=0 wall_ms=328153 text=077e38d3762a4e5d role=child prefix_tokens=14282 suffix_tokens=32 model_ms=19549.8 context_ms=513.3 state_ms=40.27 prefix_ms=0.0 suffix_ms=8789.1 first_token_ms=33489.3 generation_ms=294233.7 generated=64 generation_tps=0.218
AGENT index=4 mig=fafc828a exit=0 wall_ms=220803 text=16f8c0610a09645d role=child prefix_tokens=14282 suffix_tokens=23 model_ms=18363.4 context_ms=632.5 state_ms=10.91 prefix_ms=0.0 suffix_ms=3577.1 first_token_ms=27195.8 generation_ms=193116.0 generated=64 generation_tps=0.331
AGENT index=5 mig=31ffbfe4 exit=0 wall_ms=329024 text=ff4188d71e02bfdb role=child prefix_tokens=14282 suffix_tokens=26 model_ms=17732.1 context_ms=448.4 state_ms=14.52 prefix_ms=0.0 suffix_ms=8024.5 first_token_ms=31671.7 generation_ms=296639.8 generated=64 generation_tps=0.216
AGENT index=6 mig=fafc828a exit=0 wall_ms=221076 text=f88f503d1005fa22 role=child prefix_tokens=14282 suffix_tokens=21 model_ms=17950.3 context_ms=898.3 state_ms=51.01 prefix_ms=0.0 suffix_ms=3942.7 first_token_ms=27708.5 generation_ms=192914.2 generated=64 generation_tps=0.332
AGENT index=7 mig=31ffbfe4 exit=0 wall_ms=269304 text=f9c832b7cad1a509 role=child prefix_tokens=14282 suffix_tokens=31 model_ms=8311.4 context_ms=2295.8 state_ms=13.30 prefix_ms=0.0 suffix_ms=1691.8 first_token_ms=17581.7 generation_ms=251353.5 generated=64 generation_tps=0.255
AGENT index=8 mig=fafc828a exit=0 wall_ms=221323 text=ae3f57b141780268 role=child prefix_tokens=14282 suffix_tokens=18 model_ms=20446.1 context_ms=266.7 state_ms=8.15 prefix_ms=0.0 suffix_ms=5694.5 first_token_ms=30995.1 generation_ms=189694.9 generated=64 generation_tps=0.337
AGENT index=9 mig=31ffbfe4 exit=0 wall_ms=329566 text=a2d016def74ecc62 role=child prefix_tokens=14282 suffix_tokens=18 model_ms=19470.1 context_ms=566.2 state_ms=13.05 prefix_ms=0.0 suffix_ms=8782.3 first_token_ms=33857.9 generation_ms=294846.2 generated=64 generation_tps=0.217
AGENT index=10 mig=fafc828a exit=0 wall_ms=222391 text=a733f3a39259263c role=child prefix_tokens=14282 suffix_tokens=18 model_ms=20006.0 context_ms=534.2 state_ms=10.01 prefix_ms=0.0 suffix_ms=5493.2 first_token_ms=30700.8 generation_ms=191196.2 generated=64 generation_tps=0.335
AGENT index=11 mig=31ffbfe4 exit=0 wall_ms=328166 text=087278665f3dec68 role=child prefix_tokens=14282 suffix_tokens=22 model_ms=20392.1 context_ms=258.6 state_ms=6.31 prefix_ms=0.0 suffix_ms=8912.6 first_token_ms=34196.4 generation_ms=293498.6 generated=64 generation_tps=0.218
AGENT index=12 mig=fafc828a exit=0 wall_ms=217319 text=2c93819fe85df763 role=child prefix_tokens=14282 suffix_tokens=21 model_ms=16251.0 context_ms=511.3 state_ms=71.12 prefix_ms=0.0 suffix_ms=2154.7 first_token_ms=24273.2 generation_ms=192551.4 generated=64 generation_tps=0.332
AGENT index=13 mig=31ffbfe4 exit=0 wall_ms=328870 text=5d483815f91685a6 role=child prefix_tokens=14282 suffix_tokens=31 model_ms=19014.6 context_ms=858.7 state_ms=39.64 prefix_ms=0.0 suffix_ms=8906.0 first_token_ms=33710.8 generation_ms=294404.6 generated=64 generation_tps=0.217
AGENT index=14 mig=fafc828a exit=0 wall_ms=223184 text=3f33f20708943e2f role=child prefix_tokens=14282 suffix_tokens=21 model_ms=19596.6 context_ms=625.2 state_ms=6.34 prefix_ms=0.0 suffix_ms=5701.7 first_token_ms=30785.6 generation_ms=191628.7 generated=64 generation_tps=0.334
AGENT index=15 mig=31ffbfe4 exit=0 wall_ms=273122 text=0502c45076359254 role=child prefix_tokens=14282 suffix_tokens=26 model_ms=11460.0 context_ms=625.8 state_ms=11.43 prefix_ms=0.0 suffix_ms=1560.0 first_token_ms=17897.2 generation_ms=254795.4 generated=64 generation_tps=0.251
AGENT index=16 mig=fafc828a exit=0 wall_ms=213189 text=0ebc8757605c5571 role=child prefix_tokens=14282 suffix_tokens=25 model_ms=16320.0 context_ms=787.2 state_ms=43.17 prefix_ms=0.0 suffix_ms=1753.1 first_token_ms=23426.2 generation_ms=189271.5 generated=64 generation_tps=0.338
AGENT index=17 mig=31ffbfe4 exit=0 wall_ms=330126 text=5d7dbcf0a7eca76c role=child prefix_tokens=14282 suffix_tokens=22 model_ms=18385.0 context_ms=587.6 state_ms=24.19 prefix_ms=0.0 suffix_ms=8278.1 first_token_ms=32265.5 generation_ms=296593.8 generated=64 generation_tps=0.216
AGENT index=18 mig=fafc828a exit=0 wall_ms=224833 text=cb99e4b1c2fd84d5 role=child prefix_tokens=14282 suffix_tokens=21 model_ms=19945.8 context_ms=521.9 state_ms=8.05 prefix_ms=0.0 suffix_ms=5757.4 first_token_ms=31013.4 generation_ms=191992.5 generated=64 generation_tps=0.333
AGENT index=19 mig=31ffbfe4 exit=0 wall_ms=326603 text=4c7501e634d9bf23 role=child prefix_tokens=14282 suffix_tokens=18 model_ms=18412.0 context_ms=520.3 state_ms=50.70 prefix_ms=0.0 suffix_ms=6175.8 first_token_ms=29796.4 generation_ms=296353.5 generated=64 generation_tps=0.216
AGENT index=20 mig=fafc828a exit=0 wall_ms=224485 text=b3893059e7e79532 role=child prefix_tokens=14282 suffix_tokens=21 model_ms=18748.7 context_ms=432.2 state_ms=29.74 prefix_ms=0.0 suffix_ms=5666.0 first_token_ms=30101.0 generation_ms=192706.4 generated=64 generation_tps=0.332
AGENT index=21 mig=31ffbfe4 exit=0 wall_ms=321123 text=284eef78a2286715 role=child prefix_tokens=14282 suffix_tokens=26 model_ms=16037.7 context_ms=554.4 state_ms=50.46 prefix_ms=0.0 suffix_ms=2920.8 first_token_ms=24265.2 generation_ms=296481.1 generated=64 generation_tps=0.216
AGENT index=22 mig=fafc828a exit=0 wall_ms=224540 text=ad3122b47bf9d41d role=child prefix_tokens=14282 suffix_tokens=27 model_ms=20109.9 context_ms=253.1 state_ms=8.92 prefix_ms=0.0 suffix_ms=6329.7 first_token_ms=31596.3 generation_ms=191046.4 generated=64 generation_tps=0.335
AGENT index=23 mig=31ffbfe4 exit=0 wall_ms=329280 text=f79224e341ba5115 role=child prefix_tokens=14282 suffix_tokens=17 model_ms=20188.2 context_ms=367.6 state_ms=6.29 prefix_ms=0.0 suffix_ms=9005.5 first_token_ms=34208.2 generation_ms=294328.0 generated=64 generation_tps=0.217
AGENT index=24 mig=fafc828a exit=0 wall_ms=222837 text=9834d2c93010cb40 role=child prefix_tokens=14282 suffix_tokens=22 model_ms=19925.6 context_ms=210.9 state_ms=6.47 prefix_ms=0.0 suffix_ms=5581.8 first_token_ms=30658.2 generation_ms=191516.1 generated=64 generation_tps=0.334
AGENT index=25 mig=31ffbfe4 exit=0 wall_ms=321658 text=da4c2dca73ac54e0 role=child prefix_tokens=14282 suffix_tokens=23 model_ms=16157.7 context_ms=942.2 state_ms=78.99 prefix_ms=0.0 suffix_ms=3158.6 first_token_ms=24907.5 generation_ms=296347.7 generated=64 generation_tps=0.216
AGENT index=26 mig=fafc828a exit=0 wall_ms=221515 text=07ec2de36a00f7a1 role=child prefix_tokens=14282 suffix_tokens=19 model_ms=18982.5 context_ms=727.4 state_ms=13.23 prefix_ms=0.0 suffix_ms=5524.5 first_token_ms=29769.1 generation_ms=191226.8 generated=64 generation_tps=0.335
AGENT index=27 mig=31ffbfe4 exit=0 wall_ms=321383 text=e1e29071a16e2061 role=child prefix_tokens=14282 suffix_tokens=21 model_ms=15196.9 context_ms=1419.1 state_ms=50.18 prefix_ms=0.0 suffix_ms=3318.6 first_token_ms=24708.6 generation_ms=296245.4 generated=64 generation_tps=0.216
AGENT index=28 mig=fafc828a exit=0 wall_ms=222628 text=1c65ed1020843e8d role=child prefix_tokens=14282 suffix_tokens=20 model_ms=19160.9 context_ms=488.5 state_ms=7.88 prefix_ms=0.0 suffix_ms=5574.8 first_token_ms=30453.5 generation_ms=191570.4 generated=64 generation_tps=0.334
AGENT index=29 mig=31ffbfe4 exit=0 wall_ms=325918 text=a72f71cd80731afe role=child prefix_tokens=14282 suffix_tokens=22 model_ms=17574.8 context_ms=561.4 state_ms=58.60 prefix_ms=0.0 suffix_ms=5862.8 first_token_ms=28853.0 generation_ms=296676.5 generated=64 generation_tps=0.216
AGENT index=30 mig=fafc828a exit=0 wall_ms=224711 text=317f6f38771a1e41 role=child prefix_tokens=14282 suffix_tokens=20 model_ms=19054.0 context_ms=437.3 state_ms=17.48 prefix_ms=0.0 suffix_ms=5406.5 first_token_ms=29962.7 generation_ms=192987.5 generated=64 generation_tps=0.332
AGENT index=31 mig=31ffbfe4 exit=0 wall_ms=319565 text=1b4036771dcdadef role=child prefix_tokens=14282 suffix_tokens=22 model_ms=15154.2 context_ms=903.8 state_ms=22.95 prefix_ms=0.0 suffix_ms=3328.7 first_token_ms=24082.1 generation_ms=295083.1 generated=64 generation_tps=0.217
AGENT index=32 mig=fafc828a exit=0 wall_ms=221358 text=3f50371ecb0032a2 role=child prefix_tokens=14282 suffix_tokens=28 model_ms=18110.3 context_ms=495.2 state_ms=42.45 prefix_ms=0.0 suffix_ms=5887.9 first_token_ms=29629.0 generation_ms=191133.4 generated=64 generation_tps=0.335
AGENT index=33 mig=31ffbfe4 exit=0 wall_ms=329643 text=5b450cf9627e77b9 role=child prefix_tokens=14282 suffix_tokens=23 model_ms=19384.0 context_ms=261.6 state_ms=6.33 prefix_ms=0.0 suffix_ms=8894.7 first_token_ms=34083.7 generation_ms=294693.6 generated=64 generation_tps=0.217
AGENT index=34 mig=fafc828a exit=0 wall_ms=224897 text=8fe64643182c4081 role=child prefix_tokens=14282 suffix_tokens=25 model_ms=20019.0 context_ms=198.0 state_ms=6.20 prefix_ms=0.0 suffix_ms=6359.3 first_token_ms=31590.2 generation_ms=191473.3 generated=64 generation_tps=0.334
AGENT index=35 mig=31ffbfe4 exit=0 wall_ms=329586 text=ab418a5e41977b06 role=child prefix_tokens=14282 suffix_tokens=33 model_ms=20008.9 context_ms=336.5 state_ms=6.47 prefix_ms=0.0 suffix_ms=10890.9 first_token_ms=35971.1 generation_ms=292524.2 generated=64 generation_tps=0.219
AGENT index=36 mig=fafc828a exit=0 wall_ms=224013 text=2852504019aca3b6 role=child prefix_tokens=14282 suffix_tokens=24 model_ms=18029.4 context_ms=520.6 state_ms=30.65 prefix_ms=0.0 suffix_ms=5322.6 first_token_ms=29350.2 generation_ms=193276.3 generated=64 generation_tps=0.331
AGENT index=37 mig=31ffbfe4 exit=0 wall_ms=327564 text=bef1e0801c6e655f role=child prefix_tokens=14282 suffix_tokens=27 model_ms=18548.5 context_ms=374.0 state_ms=41.87 prefix_ms=0.0 suffix_ms=8022.1 first_token_ms=31518.2 generation_ms=295601.3 generated=64 generation_tps=0.217
AGENT index=38 mig=fafc828a exit=0 wall_ms=213403 text=03d3cecc4e2c4ef7 role=child prefix_tokens=14282 suffix_tokens=22 model_ms=16096.4 context_ms=890.8 state_ms=51.13 prefix_ms=0.0 suffix_ms=1424.4 first_token_ms=23050.0 generation_ms=189862.8 generated=64 generation_tps=0.337
AGENT index=39 mig=31ffbfe4 exit=0 wall_ms=328257 text=f9c832b7cad1a509 role=child prefix_tokens=14282 suffix_tokens=32 model_ms=18986.3 context_ms=520.1 state_ms=38.41 prefix_ms=0.0 suffix_ms=8917.2 first_token_ms=33104.1 generation_ms=294608.5 generated=64 generation_tps=0.217
AGENT index=40 mig=fafc828a exit=0 wall_ms=219587 text=1bedc9985ebffdf3 role=child prefix_tokens=14282 suffix_tokens=19 model_ms=19325.9 context_ms=772.9 state_ms=18.92 prefix_ms=0.0 suffix_ms=5340.4 first_token_ms=30175.4 generation_ms=188923.5 generated=64 generation_tps=0.339
AGENT index=41 mig=31ffbfe4 exit=0 wall_ms=329511 text=45248c21a8c64213 role=child prefix_tokens=14282 suffix_tokens=19 model_ms=19413.4 context_ms=651.1 state_ms=16.74 prefix_ms=0.0 suffix_ms=8702.4 first_token_ms=33416.1 generation_ms=295061.0 generated=64 generation_tps=0.217
AGENT index=42 mig=fafc828a exit=0 wall_ms=224615 text=c2b860976d76c188 role=child prefix_tokens=14282 suffix_tokens=18 model_ms=19850.4 context_ms=323.4 state_ms=14.39 prefix_ms=0.0 suffix_ms=5798.3 first_token_ms=30927.8 generation_ms=191894.7 generated=64 generation_tps=0.334
AGENT index=43 mig=31ffbfe4 exit=0 wall_ms=325738 text=7f088fd1d1738f8b role=child prefix_tokens=14282 suffix_tokens=22 model_ms=19807.7 context_ms=551.6 state_ms=10.37 prefix_ms=0.0 suffix_ms=8598.9 first_token_ms=33468.7 generation_ms=291827.2 generated=64 generation_tps=0.219
AGENT index=44 mig=fafc828a exit=0 wall_ms=221847 text=f631ba01e55b49fa role=child prefix_tokens=14282 suffix_tokens=21 model_ms=18980.2 context_ms=633.3 state_ms=12.33 prefix_ms=0.0 suffix_ms=5534.9 first_token_ms=30181.3 generation_ms=191137.5 generated=64 generation_tps=0.335
AGENT index=45 mig=31ffbfe4 exit=0 wall_ms=322275 text=5d483815f91685a6 role=child prefix_tokens=14282 suffix_tokens=31 model_ms=15254.9 context_ms=943.5 state_ms=38.07 prefix_ms=0.0 suffix_ms=3196.9 first_token_ms=24613.4 generation_ms=297271.3 generated=64 generation_tps=0.215
AGENT index=46 mig=fafc828a exit=0 wall_ms=215246 text=56be8609eb72cb4a role=child prefix_tokens=14282 suffix_tokens=21 model_ms=14943.9 context_ms=1098.1 state_ms=40.63 prefix_ms=0.0 suffix_ms=2053.6 first_token_ms=23477.5 generation_ms=191355.9 generated=64 generation_tps=0.334
AGENT index=47 mig=31ffbfe4 exit=0 wall_ms=327754 text=0d9668c2f9cbc9fc role=child prefix_tokens=14282 suffix_tokens=26 model_ms=19076.0 context_ms=223.5 state_ms=37.80 prefix_ms=0.0 suffix_ms=8189.1 first_token_ms=32098.4 generation_ms=295218.0 generated=64 generation_tps=0.217
AGENT index=48 mig=fafc828a exit=0 wall_ms=222620 text=27f58a7742c668f5 role=child prefix_tokens=14282 suffix_tokens=25 model_ms=19664.7 context_ms=405.7 state_ms=7.95 prefix_ms=0.0 suffix_ms=6267.2 first_token_ms=31368.7 generation_ms=190557.1 generated=64 generation_tps=0.336
AGENT index=49 mig=31ffbfe4 exit=0 wall_ms=330112 text=facc2c2ea4689e1e role=child prefix_tokens=14282 suffix_tokens=22 model_ms=19189.8 context_ms=697.8 state_ms=22.58 prefix_ms=0.0 suffix_ms=8664.3 first_token_ms=33418.2 generation_ms=295556.9 generated=64 generation_tps=0.217
AGENT index=50 mig=fafc828a exit=0 wall_ms=219750 text=64fd37c296cb1dd5 role=child prefix_tokens=14282 suffix_tokens=21 model_ms=17955.9 context_ms=260.0 state_ms=46.06 prefix_ms=0.0 suffix_ms=2442.6 first_token_ms=25591.2 generation_ms=193675.3 generated=64 generation_tps=0.330
AGENT index=51 mig=31ffbfe4 exit=0 wall_ms=328611 text=4c7501e634d9bf23 role=child prefix_tokens=14282 suffix_tokens=18 model_ms=18256.0 context_ms=597.8 state_ms=24.29 prefix_ms=0.0 suffix_ms=8370.2 first_token_ms=32239.2 generation_ms=295724.9 generated=64 generation_tps=0.216
AGENT index=52 mig=fafc828a exit=0 wall_ms=221238 text=b3893059e7e79532 role=child prefix_tokens=14282 suffix_tokens=21 model_ms=18666.5 context_ms=637.0 state_ms=46.48 prefix_ms=0.0 suffix_ms=4908.1 first_token_ms=28710.6 generation_ms=191839.2 generated=64 generation_tps=0.334
AGENT index=53 mig=31ffbfe4 exit=0 wall_ms=325602 text=11e4c2a85150fa06 role=child prefix_tokens=14282 suffix_tokens=26 model_ms=16527.0 context_ms=543.8 state_ms=68.82 prefix_ms=0.0 suffix_ms=5954.9 first_token_ms=28635.6 generation_ms=296552.2 generated=64 generation_tps=0.216
AGENT index=54 mig=fafc828a exit=0 wall_ms=221039 text=3b6f5b9c968721eb role=child prefix_tokens=14282 suffix_tokens=27 model_ms=17234.0 context_ms=687.4 state_ms=70.42 prefix_ms=0.0 suffix_ms=3143.6 first_token_ms=26023.3 generation_ms=194484.6 generated=64 generation_tps=0.329
AGENT index=55 mig=31ffbfe4 exit=0 wall_ms=329339 text=7e4fad52bd577abf role=child prefix_tokens=14282 suffix_tokens=17 model_ms=18486.6 context_ms=335.6 state_ms=8.81 prefix_ms=0.0 suffix_ms=8505.0 first_token_ms=32865.0 generation_ms=295621.0 generated=64 generation_tps=0.216
AGENT index=56 mig=fafc828a exit=0 wall_ms=222102 text=9834d2c93010cb40 role=child prefix_tokens=14282 suffix_tokens=22 model_ms=17558.7 context_ms=602.6 state_ms=23.75 prefix_ms=0.0 suffix_ms=5572.9 first_token_ms=29210.1 generation_ms=192375.5 generated=64 generation_tps=0.333
AGENT index=57 mig=31ffbfe4 exit=0 wall_ms=330131 text=a4e76b0a1993f6d6 role=child prefix_tokens=14282 suffix_tokens=23 model_ms=19520.7 context_ms=219.0 state_ms=6.21 prefix_ms=0.0 suffix_ms=8839.5 first_token_ms=33913.8 generation_ms=294912.8 generated=64 generation_tps=0.217
AGENT index=58 mig=fafc828a exit=0 wall_ms=219187 text=359d7b30e6a9a9fc role=child prefix_tokens=14282 suffix_tokens=19 model_ms=17077.2 context_ms=665.9 state_ms=50.04 prefix_ms=0.0 suffix_ms=2372.5 first_token_ms=24969.8 generation_ms=193803.4 generated=64 generation_tps=0.330
AGENT index=59 mig=31ffbfe4 exit=0 wall_ms=329238 text=7b1e906b43903ada role=child prefix_tokens=14282 suffix_tokens=21 model_ms=17934.7 context_ms=780.3 state_ms=28.60 prefix_ms=0.0 suffix_ms=8014.9 first_token_ms=31855.1 generation_ms=296465.6 generated=64 generation_tps=0.216
AGENT index=60 mig=fafc828a exit=0 wall_ms=218351 text=23f27e20526aad11 role=child prefix_tokens=14282 suffix_tokens=20 model_ms=17556.6 context_ms=497.9 state_ms=59.26 prefix_ms=0.0 suffix_ms=2158.7 first_token_ms=24767.2 generation_ms=193154.5 generated=64 generation_tps=0.331
AGENT index=61 mig=31ffbfe4 exit=0 wall_ms=327809 text=a61a16a4bc46c53d role=child prefix_tokens=14282 suffix_tokens=22 model_ms=20177.1 context_ms=364.0 state_ms=7.17 prefix_ms=0.0 suffix_ms=8969.4 first_token_ms=33946.5 generation_ms=293382.7 generated=64 generation_tps=0.218
AGENT index=62 mig=fafc828a exit=0 wall_ms=220032 text=dbac730f9e3a3df4 role=child prefix_tokens=14282 suffix_tokens=20 model_ms=18675.8 context_ms=514.8 state_ms=23.61 prefix_ms=0.0 suffix_ms=5082.8 first_token_ms=28906.8 generation_ms=190582.6 generated=64 generation_tps=0.336
AGENT index=63 mig=31ffbfe4 exit=0 wall_ms=328937 text=cd56b7d8c4ff1887 role=child prefix_tokens=14282 suffix_tokens=22 model_ms=19398.8 context_ms=510.2 state_ms=7.52 prefix_ms=0.0 suffix_ms=8835.0 first_token_ms=33857.8 generation_ms=294276.3 generated=64 generation_tps=0.217
AGENT index=64 mig=fafc828a exit=0 wall_ms=224280 text=a067a6895417f0e8 role=child prefix_tokens=14282 suffix_tokens=28 model_ms=19895.1 context_ms=205.6 state_ms=6.81 prefix_ms=0.0 suffix_ms=6064.4 first_token_ms=31049.1 generation_ms=191750.7 generated=64 generation_tps=0.334
AGENT index=65 mig=31ffbfe4 exit=0 wall_ms=330243 text=664acbfcf59959c4 role=child prefix_tokens=14282 suffix_tokens=23 model_ms=19164.5 context_ms=312.8 state_ms=6.52 prefix_ms=0.0 suffix_ms=8952.4 first_token_ms=34011.8 generation_ms=295129.0 generated=64 generation_tps=0.217
AGENT index=66 mig=fafc828a exit=0 wall_ms=222894 text=8fe64643182c4081 role=child prefix_tokens=14282 suffix_tokens=25 model_ms=19708.9 context_ms=258.6 state_ms=6.47 prefix_ms=0.0 suffix_ms=6332.4 first_token_ms=31437.0 generation_ms=190815.5 generated=64 generation_tps=0.335
AGENT index=67 mig=31ffbfe4 exit=0 wall_ms=254342 text=077e38d3762a4e5d role=child prefix_tokens=14282 suffix_tokens=33 model_ms=7187.4 context_ms=3098.9 state_ms=15.40 prefix_ms=0.0 suffix_ms=2026.0 first_token_ms=16737.6 generation_ms=237178.2 generated=64 generation_tps=0.270
AGENT index=68 mig=fafc828a exit=0 wall_ms=224068 text=4d2fc992c2841379 role=child prefix_tokens=14282 suffix_tokens=24 model_ms=20118.3 context_ms=325.2 state_ms=6.52 prefix_ms=0.0 suffix_ms=5682.8 first_token_ms=30734.2 generation_ms=191945.0 generated=64 generation_tps=0.333
AGENT index=69 mig=31ffbfe4 exit=0 wall_ms=270104 text=6ce00e8033df1792 role=child prefix_tokens=14282 suffix_tokens=27 model_ms=11113.0 context_ms=637.9 state_ms=15.52 prefix_ms=0.0 suffix_ms=1384.5 first_token_ms=17768.7 generation_ms=251893.4 generated=64 generation_tps=0.254
AGENT index=70 mig=fafc828a exit=0 wall_ms=223616 text=312bed507beb25e1 role=child prefix_tokens=14282 suffix_tokens=22 model_ms=19047.1 context_ms=452.0 state_ms=39.18 prefix_ms=0.0 suffix_ms=5420.1 first_token_ms=29790.6 generation_ms=192688.0 generated=64 generation_tps=0.332
AGENT index=71 mig=31ffbfe4 exit=0 wall_ms=324598 text=13e4dfd293d8126f role=child prefix_tokens=14282 suffix_tokens=32 model_ms=17656.6 context_ms=535.8 state_ms=68.26 prefix_ms=0.0 suffix_ms=6187.2 first_token_ms=28813.9 generation_ms=295339.5 generated=64 generation_tps=0.217
AGENT index=72 mig=fafc828a exit=0 wall_ms=221697 text=724c6fed862eef57 role=child prefix_tokens=14282 suffix_tokens=19 model_ms=19759.9 context_ms=527.5 state_ms=18.41 prefix_ms=0.0 suffix_ms=5350.2 first_token_ms=30078.7 generation_ms=191073.8 generated=64 generation_tps=0.335
AGENT index=73 mig=31ffbfe4 exit=0 wall_ms=329865 text=f69b628d0f4868ff role=child prefix_tokens=14282 suffix_tokens=19 model_ms=19438.5 context_ms=301.1 state_ms=9.07 prefix_ms=0.0 suffix_ms=8877.9 first_token_ms=33873.1 generation_ms=295025.7 generated=64 generation_tps=0.217
AGENT index=74 mig=fafc828a exit=0 wall_ms=221275 text=95997adc906fa24a role=child prefix_tokens=14282 suffix_tokens=18 model_ms=17382.2 context_ms=328.9 state_ms=27.15 prefix_ms=0.0 suffix_ms=3300.1 first_token_ms=26157.4 generation_ms=194445.0 generated=64 generation_tps=0.329
AGENT index=75 mig=31ffbfe4 exit=0 wall_ms=328388 text=8aaf40a95565910c role=child prefix_tokens=14282 suffix_tokens=22 model_ms=19379.6 context_ms=341.4 state_ms=6.71 prefix_ms=0.0 suffix_ms=8942.0 first_token_ms=33919.4 generation_ms=293948.2 generated=64 generation_tps=0.218
AGENT index=76 mig=fafc828a exit=0 wall_ms=212289 text=2c93819fe85df763 role=child prefix_tokens=14282 suffix_tokens=21 model_ms=16196.3 context_ms=550.9 state_ms=47.31 prefix_ms=0.0 suffix_ms=1446.4 first_token_ms=22785.8 generation_ms=189058.9 generated=64 generation_tps=0.339
AGENT index=77 mig=31ffbfe4 exit=0 wall_ms=329549 text=5d483815f91685a6 role=child prefix_tokens=14282 suffix_tokens=31 model_ms=19689.6 context_ms=394.9 state_ms=6.46 prefix_ms=0.0 suffix_ms=9201.9 first_token_ms=34219.3 generation_ms=294389.1 generated=64 generation_tps=0.217
AGENT index=78 mig=fafc828a exit=0 wall_ms=222131 text=3f33f20708943e2f role=child prefix_tokens=14282 suffix_tokens=21 model_ms=18843.1 context_ms=613.1 state_ms=18.60 prefix_ms=0.0 suffix_ms=5484.8 first_token_ms=29846.8 generation_ms=191672.3 generated=64 generation_tps=0.334
AGENT index=79 mig=31ffbfe4 exit=0 wall_ms=329784 text=0d9668c2f9cbc9fc role=child prefix_tokens=14282 suffix_tokens=26 model_ms=19604.8 context_ms=311.7 state_ms=7.83 prefix_ms=0.0 suffix_ms=9106.1 first_token_ms=34141.9 generation_ms=294796.2 generated=64 generation_tps=0.217
AGENT index=80 mig=fafc828a exit=0 wall_ms=218087 text=86d4ee1044251a25 role=child prefix_tokens=14282 suffix_tokens=25 model_ms=16251.6 context_ms=476.9 state_ms=70.38 prefix_ms=0.0 suffix_ms=2000.4 first_token_ms=24292.9 generation_ms=193347.5 generated=64 generation_tps=0.331
AGENT index=81 mig=31ffbfe4 exit=0 wall_ms=328611 text=6bd685fbc4b441ec role=child prefix_tokens=14282 suffix_tokens=22 model_ms=19137.9 context_ms=701.8 state_ms=6.83 prefix_ms=0.0 suffix_ms=8958.3 first_token_ms=33795.0 generation_ms=294112.4 generated=64 generation_tps=0.218
AGENT index=82 mig=fafc828a exit=0 wall_ms=224394 text=ce66287a7832a2bb role=child prefix_tokens=14282 suffix_tokens=21 model_ms=19394.3 context_ms=343.0 state_ms=6.07 prefix_ms=0.0 suffix_ms=5661.6 first_token_ms=30696.4 generation_ms=191972.0 generated=64 generation_tps=0.333
AGENT index=83 mig=31ffbfe4 exit=0 wall_ms=329370 text=cdf6d4762f0ad9c6 role=child prefix_tokens=14282 suffix_tokens=18 model_ms=17688.4 context_ms=430.2 state_ms=18.33 prefix_ms=0.0 suffix_ms=8618.5 first_token_ms=32151.4 generation_ms=296338.4 generated=64 generation_tps=0.216
AGENT index=84 mig=fafc828a exit=0 wall_ms=224618 text=621bb723edc357c2 role=child prefix_tokens=14282 suffix_tokens=21 model_ms=19892.3 context_ms=127.8 state_ms=6.72 prefix_ms=0.0 suffix_ms=5755.0 first_token_ms=30812.1 generation_ms=192020.6 generated=64 generation_tps=0.333
AGENT index=85 mig=31ffbfe4 exit=0 wall_ms=330068 text=b8578943aeaf7387 role=child prefix_tokens=14282 suffix_tokens=26 model_ms=19110.7 context_ms=605.6 state_ms=6.40 prefix_ms=0.0 suffix_ms=9137.6 first_token_ms=34037.3 generation_ms=294944.0 generated=64 generation_tps=0.217
AGENT index=86 mig=fafc828a exit=0 wall_ms=224176 text=bc92b0cfd69b8bd4 role=child prefix_tokens=14282 suffix_tokens=27 model_ms=18798.7 context_ms=473.6 state_ms=29.68 prefix_ms=0.0 suffix_ms=6050.7 first_token_ms=30691.9 generation_ms=192111.0 generated=64 generation_tps=0.333
AGENT index=87 mig=31ffbfe4 exit=0 wall_ms=329459 text=46daf195b61b12ee role=child prefix_tokens=14282 suffix_tokens=17 model_ms=19230.5 context_ms=283.5 state_ms=38.68 prefix_ms=0.0 suffix_ms=8713.1 first_token_ms=33003.3 generation_ms=295430.4 generated=64 generation_tps=0.217
AGENT index=88 mig=fafc828a exit=0 wall_ms=224109 text=fb072021023b5031 role=child prefix_tokens=14282 suffix_tokens=22 model_ms=18832.6 context_ms=376.5 state_ms=21.73 prefix_ms=0.0 suffix_ms=5380.6 first_token_ms=29977.5 generation_ms=192695.5 generated=64 generation_tps=0.332
AGENT index=89 mig=31ffbfe4 exit=0 wall_ms=328418 text=1dc70f9673b0dd57 role=child prefix_tokens=14282 suffix_tokens=23 model_ms=19744.9 context_ms=449.6 state_ms=6.14 prefix_ms=0.0 suffix_ms=8793.1 first_token_ms=33660.4 generation_ms=294189.3 generated=64 generation_tps=0.218
AGENT index=90 mig=fafc828a exit=0 wall_ms=220055 text=9aa85e1403c22284 role=child prefix_tokens=14282 suffix_tokens=19 model_ms=17742.3 context_ms=325.2 state_ms=39.76 prefix_ms=0.0 suffix_ms=4927.0 first_token_ms=28443.3 generation_ms=191053.8 generated=64 generation_tps=0.335
AGENT index=91 mig=31ffbfe4 exit=0 wall_ms=266935 text=0ec120ad804ad591 role=child prefix_tokens=14282 suffix_tokens=21 model_ms=9262.6 context_ms=1791.0 state_ms=15.62 prefix_ms=0.0 suffix_ms=1292.6 first_token_ms=17179.1 generation_ms=249360.7 generated=64 generation_tps=0.257
AGENT index=92 mig=fafc828a exit=0 wall_ms=212984 text=4a33e463a3e8f524 role=child prefix_tokens=14282 suffix_tokens=20 model_ms=15876.7 context_ms=645.9 state_ms=62.52 prefix_ms=0.0 suffix_ms=1591.3 first_token_ms=22884.3 generation_ms=189605.0 generated=64 generation_tps=0.338
AGENT index=93 mig=31ffbfe4 exit=0 wall_ms=320687 text=a56a85c42cb9bcf4 role=child prefix_tokens=14282 suffix_tokens=22 model_ms=14170.5 context_ms=1466.1 state_ms=40.02 prefix_ms=0.0 suffix_ms=2990.6 first_token_ms=23769.4 generation_ms=296501.0 generated=64 generation_tps=0.216
AGENT index=94 mig=fafc828a exit=0 wall_ms=219982 text=5b96a105ed76f9fa role=child prefix_tokens=14282 suffix_tokens=20 model_ms=16928.4 context_ms=423.5 state_ms=53.61 prefix_ms=0.0 suffix_ms=2636.7 first_token_ms=25249.2 generation_ms=194117.5 generated=64 generation_tps=0.330
AGENT index=95 mig=31ffbfe4 exit=0 wall_ms=325505 text=4ed1e788823f7ae6 role=child prefix_tokens=14282 suffix_tokens=22 model_ms=16666.0 context_ms=552.2 state_ms=74.91 prefix_ms=0.0 suffix_ms=5332.2 first_token_ms=27849.3 generation_ms=297216.4 generated=64 generation_tps=0.215
AGENT index=96 mig=fafc828a exit=0 wall_ms=223113 text=a067a6895417f0e8 role=child prefix_tokens=14282 suffix_tokens=28 model_ms=19932.3 context_ms=196.0 state_ms=7.18 prefix_ms=0.0 suffix_ms=6360.6 first_token_ms=31338.7 generation_ms=190923.9 generated=64 generation_tps=0.335
AGENT index=97 mig=31ffbfe4 exit=0 wall_ms=323717 text=5b450cf9627e77b9 role=child prefix_tokens=14282 suffix_tokens=23 model_ms=15170.1 context_ms=1041.2 state_ms=44.46 prefix_ms=0.0 suffix_ms=3724.7 first_token_ms=25066.8 generation_ms=298210.3 generated=64 generation_tps=0.215
AGENT index=98 mig=fafc828a exit=0 wall_ms=140418 text=2ecfd34dfa486110 role=child prefix_tokens=14282 suffix_tokens=25 model_ms=8054.9 context_ms=2395.5 state_ms=15.61 prefix_ms=0.0 suffix_ms=1242.2 first_token_ms=16922.0 generation_ms=123027.6 generated=64 generation_tps=0.520
AGENT index=99 mig=31ffbfe4 exit=0 wall_ms=329847 text=f1b10c0aeb700d09 role=child prefix_tokens=14282 suffix_tokens=33 model_ms=18668.9 context_ms=688.3 state_ms=10.04 prefix_ms=0.0 suffix_ms=10763.0 first_token_ms=35467.1 generation_ms=293318.3 generated=64 generation_tps=0.218
AGENT index=100 mig=fafc828a exit=0 wall_ms=223952 text=e4f7a0fff10da58f role=child prefix_tokens=14282 suffix_tokens=25 model_ms=18758.2 context_ms=279.0 state_ms=28.26 prefix_ms=0.0 suffix_ms=5851.4 first_token_ms=29805.7 generation_ms=192610.6 generated=64 generation_tps=0.332
AGENT index=101 mig=31ffbfe4 exit=0 wall_ms=329896 text=4e58d1434e38d87b role=child prefix_tokens=14282 suffix_tokens=28 model_ms=19405.4 context_ms=149.0 state_ms=6.17 prefix_ms=0.0 suffix_ms=9082.2 first_token_ms=34068.6 generation_ms=294913.9 generated=64 generation_tps=0.217
AGENT index=102 mig=fafc828a exit=0 wall_ms=223013 text=74ff651a4aa431c6 role=child prefix_tokens=14282 suffix_tokens=23 model_ms=19214.1 context_ms=293.3 state_ms=9.55 prefix_ms=0.0 suffix_ms=5616.0 first_token_ms=30402.9 generation_ms=191860.7 generated=64 generation_tps=0.334
AGENT index=103 mig=31ffbfe4 exit=0 wall_ms=330081 text=f9c832b7cad1a509 role=child prefix_tokens=14282 suffix_tokens=33 model_ms=18989.5 context_ms=383.7 state_ms=7.78 prefix_ms=0.0 suffix_ms=11001.9 first_token_ms=35782.5 generation_ms=293247.5 generated=64 generation_tps=0.218
AGENT index=104 mig=fafc828a exit=0 wall_ms=216251 text=8d692aa4a801d17d role=child prefix_tokens=14282 suffix_tokens=20 model_ms=15857.2 context_ms=611.6 state_ms=52.42 prefix_ms=0.0 suffix_ms=1692.6 first_token_ms=23582.5 generation_ms=192184.7 generated=64 generation_tps=0.333
AGENT index=105 mig=31ffbfe4 exit=0 wall_ms=329612 text=d78bd735ec80af2b role=child prefix_tokens=14282 suffix_tokens=20 model_ms=19518.5 context_ms=155.8 state_ms=5.90 prefix_ms=0.0 suffix_ms=8965.1 first_token_ms=33937.6 generation_ms=294711.7 generated=64 generation_tps=0.217
AGENT index=106 mig=fafc828a exit=0 wall_ms=139974 text=0843554c3d590aaf role=child prefix_tokens=14282 suffix_tokens=19 model_ms=10337.2 context_ms=926.4 state_ms=15.87 prefix_ms=0.0 suffix_ms=1006.4 first_token_ms=17026.5 generation_ms=122521.5 generated=64 generation_tps=0.522
AGENT index=107 mig=31ffbfe4 exit=0 wall_ms=313929 text=087278665f3dec68 role=child prefix_tokens=14282 suffix_tokens=23 model_ms=13411.7 context_ms=1073.1 state_ms=18.44 prefix_ms=0.0 suffix_ms=2180.2 first_token_ms=21945.2 generation_ms=291562.6 generated=64 generation_tps=0.220
AGENT index=108 mig=fafc828a exit=0 wall_ms=210474 text=2c93819fe85df763 role=child prefix_tokens=14282 suffix_tokens=22 model_ms=14782.3 context_ms=1386.1 state_ms=70.19 prefix_ms=0.0 suffix_ms=1414.8 first_token_ms=22322.1 generation_ms=187658.1 generated=64 generation_tps=0.341
AGENT index=109 mig=31ffbfe4 exit=0 wall_ms=322752 text=c2157cfb976018b5 role=child prefix_tokens=14282 suffix_tokens=32 model_ms=16052.1 context_ms=896.3 state_ms=42.76 prefix_ms=0.0 suffix_ms=3403.5 first_token_ms=24879.5 generation_ms=297464.8 generated=64 generation_tps=0.215
AGENT index=110 mig=fafc828a exit=0 wall_ms=215914 text=3f33f20708943e2f role=child prefix_tokens=14282 suffix_tokens=22 model_ms=16733.9 context_ms=645.2 state_ms=74.71 prefix_ms=0.0 suffix_ms=2008.2 first_token_ms=23682.6 generation_ms=191814.8 generated=64 generation_tps=0.334
AGENT index=111 mig=31ffbfe4 exit=0 wall_ms=330063 text=0d9668c2f9cbc9fc role=child prefix_tokens=14282 suffix_tokens=27 model_ms=19337.2 context_ms=164.6 state_ms=6.67 prefix_ms=0.0 suffix_ms=9145.4 first_token_ms=34043.8 generation_ms=294905.6 generated=64 generation_tps=0.217
AGENT index=112 mig=fafc828a exit=0 wall_ms=144575 text=787d0f2cb9f0f5f6 role=child prefix_tokens=14282 suffix_tokens=26 model_ms=10620.4 context_ms=690.5 state_ms=16.66 prefix_ms=0.0 suffix_ms=1091.0 first_token_ms=17307.4 generation_ms=126798.7 generated=64 generation_tps=0.505
AGENT index=113 mig=31ffbfe4 exit=0 wall_ms=328891 text=6bd685fbc4b441ec role=child prefix_tokens=14282 suffix_tokens=23 model_ms=19926.9 context_ms=280.6 state_ms=6.24 prefix_ms=0.0 suffix_ms=8797.7 first_token_ms=33497.2 generation_ms=294622.5 generated=64 generation_tps=0.217
AGENT index=114 mig=fafc828a exit=0 wall_ms=223356 text=2f3bcae6671ff31f role=child prefix_tokens=14282 suffix_tokens=22 model_ms=18673.9 context_ms=430.4 state_ms=30.62 prefix_ms=0.0 suffix_ms=5386.9 first_token_ms=29866.3 generation_ms=192368.1 generated=64 generation_tps=0.333
AGENT index=115 mig=31ffbfe4 exit=0 wall_ms=327999 text=4c7501e634d9bf23 role=child prefix_tokens=14282 suffix_tokens=19 model_ms=18975.5 context_ms=346.9 state_ms=18.08 prefix_ms=0.0 suffix_ms=8522.7 first_token_ms=33009.6 generation_ms=294469.7 generated=64 generation_tps=0.217
AGENT index=116 mig=fafc828a exit=0 wall_ms=223654 text=59ab8a91f9570afc role=child prefix_tokens=14282 suffix_tokens=22 model_ms=18721.1 context_ms=663.2 state_ms=16.82 prefix_ms=0.0 suffix_ms=5561.7 first_token_ms=29649.1 generation_ms=192723.6 generated=64 generation_tps=0.332
AGENT index=117 mig=31ffbfe4 exit=0 wall_ms=323866 text=397d44936e8841e9 role=child prefix_tokens=14282 suffix_tokens=27 model_ms=16501.2 context_ms=446.8 state_ms=82.48 prefix_ms=0.0 suffix_ms=3961.0 first_token_ms=25741.0 generation_ms=297722.4 generated=64 generation_tps=0.215
AGENT index=118 mig=fafc828a exit=0 wall_ms=224298 text=df0985d3d0c73de0 role=child prefix_tokens=14282 suffix_tokens=28 model_ms=18406.2 context_ms=686.0 state_ms=15.89 prefix_ms=0.0 suffix_ms=6053.7 first_token_ms=30500.2 generation_ms=192282.9 generated=64 generation_tps=0.333
AGENT index=119 mig=31ffbfe4 exit=0 wall_ms=323108 text=a94c9c83167a5f8c role=child prefix_tokens=14282 suffix_tokens=18 model_ms=16348.0 context_ms=751.1 state_ms=78.53 prefix_ms=0.0 suffix_ms=3302.8 first_token_ms=25043.2 generation_ms=297648.7 generated=64 generation_tps=0.215
AGENT index=120 mig=fafc828a exit=0 wall_ms=224173 text=9834d2c93010cb40 role=child prefix_tokens=14282 suffix_tokens=23 model_ms=19923.9 context_ms=156.4 state_ms=9.76 prefix_ms=0.0 suffix_ms=5749.3 first_token_ms=30582.0 generation_ms=192133.2 generated=64 generation_tps=0.333
AGENT index=121 mig=31ffbfe4 exit=0 wall_ms=329562 text=7a6a0515e5f4b2e4 role=child prefix_tokens=14282 suffix_tokens=24 model_ms=18908.7 context_ms=523.4 state_ms=15.34 prefix_ms=0.0 suffix_ms=8858.1 first_token_ms=33497.4 generation_ms=295290.8 generated=64 generation_tps=0.217
AGENT index=122 mig=fafc828a exit=0 wall_ms=224532 text=158a991a74f5c09c role=child prefix_tokens=14282 suffix_tokens=20 model_ms=19179.2 context_ms=377.5 state_ms=11.61 prefix_ms=0.0 suffix_ms=5684.3 first_token_ms=30579.7 generation_ms=192147.0 generated=64 generation_tps=0.333
AGENT index=123 mig=31ffbfe4 exit=0 wall_ms=328567 text=e38ea5b855370f1e role=child prefix_tokens=14282 suffix_tokens=22 model_ms=17554.6 context_ms=568.4 state_ms=27.00 prefix_ms=0.0 suffix_ms=7888.4 first_token_ms=30715.3 generation_ms=297135.9 generated=64 generation_tps=0.215
AGENT index=124 mig=fafc828a exit=0 wall_ms=222408 text=5442500eccbad2cf role=child prefix_tokens=14282 suffix_tokens=21 model_ms=17984.2 context_ms=354.6 state_ms=17.94 prefix_ms=0.0 suffix_ms=4076.0 first_token_ms=27798.9 generation_ms=194021.0 generated=64 generation_tps=0.330
AGENT index=125 mig=31ffbfe4 exit=0 wall_ms=328726 text=77ec1b209de8c3c4 role=child prefix_tokens=14282 suffix_tokens=23 model_ms=17459.6 context_ms=707.4 state_ms=50.47 prefix_ms=0.0 suffix_ms=7767.2 first_token_ms=31132.3 generation_ms=296773.0 generated=64 generation_tps=0.216
AGENT index=126 mig=fafc828a exit=0 wall_ms=223949 text=09fd41491d0c178b role=child prefix_tokens=14282 suffix_tokens=21 model_ms=19113.1 context_ms=252.9 state_ms=9.01 prefix_ms=0.0 suffix_ms=5531.5 first_token_ms=30260.2 generation_ms=192474.5 generated=64 generation_tps=0.333
AGENT index=127 mig=31ffbfe4 exit=0 wall_ms=328056 text=c5fb19c141f1ba26 role=child prefix_tokens=14282 suffix_tokens=23 model_ms=19250.4 context_ms=277.3 state_ms=7.96 prefix_ms=0.0 suffix_ms=8734.4 first_token_ms=33423.6 generation_ms=294150.6 generated=64 generation_tps=0.218
MEMORY mem_available_drop_mib=89836 mem_available_before_mib=119107 mem_free_before_mib=45721 pss_anon_mib=29648 pss_file_mib=7232 pss_shmem_mib=8236 device_mib=49536 samples=11
END_CASE failed_agents=0 wall_ms=331249
SKIPPED mode=both agents=136 mem_available_mib=119188
END_KVSTACK
BEGIN_KVSTACK run=4 context=16384 publisher_mig=31ffbfe4 mem_free_mib=48483 kernel_reclaimable_mib=67430
PUBLISH store=stock prefix_tokens=14282 prefix_ms=24855.6 publish_ms=512.51 state_bytes=819216229
PUBLISH store=device prefix_tokens=14282 prefix_ms=25101.3 publish_ms=503.53 state_bytes=819216229
PUBLISH store=huge prefix_tokens=14282 prefix_ms=25151.8 publish_ms=8.02 state_bytes=229221 file_used_kib=802816
CASE mode=both agents=128
AGENT index=0 mig=31ffbfe4 exit=0 wall_ms=257458 text=4605b6e04b2228eb role=child prefix_tokens=14282 suffix_tokens=27 model_ms=11845.2 context_ms=1461.9 state_ms=16.35 prefix_ms=0.0 suffix_ms=1600.2 first_token_ms=17542.4 generation_ms=239487.3 generated=64 generation_tps=0.267
AGENT index=1 mig=fafc828a exit=0 wall_ms=217854 text=a5af93194a2d1ced role=child prefix_tokens=14282 suffix_tokens=22 model_ms=16425.2 context_ms=517.3 state_ms=54.54 prefix_ms=0.0 suffix_ms=2287.6 first_token_ms=24435.6 generation_ms=192988.2 generated=64 generation_tps=0.332
AGENT index=2 mig=31ffbfe4 exit=0 wall_ms=327239 text=37e5f08e6279aa62 role=child prefix_tokens=14282 suffix_tokens=24 model_ms=19967.7 context_ms=274.7 state_ms=6.56 prefix_ms=0.0 suffix_ms=8904.9 first_token_ms=33741.3 generation_ms=293030.7 generated=64 generation_tps=0.218
AGENT index=3 mig=fafc828a exit=0 wall_ms=219647 text=5e1ac569aa8b0faf role=child prefix_tokens=14282 suffix_tokens=32 model_ms=16516.9 context_ms=316.7 state_ms=50.25 prefix_ms=0.0 suffix_ms=3018.3 first_token_ms=24865.5 generation_ms=194312.5 generated=64 generation_tps=0.329
AGENT index=4 mig=31ffbfe4 exit=0 wall_ms=326055 text=6e3d8f07cfceb082 role=child prefix_tokens=14282 suffix_tokens=23 model_ms=17038.0 context_ms=406.0 state_ms=52.58 prefix_ms=0.0 suffix_ms=5533.9 first_token_ms=28205.2 generation_ms=297392.5 generated=64 generation_tps=0.215
AGENT index=5 mig=fafc828a exit=0 wall_ms=214074 text=47179dd0dcd49eb0 role=child prefix_tokens=14282 suffix_tokens=26 model_ms=14682.9 context_ms=1110.7 state_ms=50.34 prefix_ms=0.0 suffix_ms=2258.9 first_token_ms=22700.7 generation_ms=190932.8 generated=64 generation_tps=0.335
AGENT index=6 mig=31ffbfe4 exit=0 wall_ms=329486 text=f88f503d1005fa22 role=child prefix_tokens=14282 suffix_tokens=21 model_ms=19453.9 context_ms=314.7 state_ms=22.37 prefix_ms=0.0 suffix_ms=8787.5 first_token_ms=33286.7 generation_ms=295338.9 generated=64 generation_tps=0.217
AGENT index=7 mig=fafc828a exit=0 wall_ms=224583 text=f9c832b7cad1a509 role=child prefix_tokens=14282 suffix_tokens=31 model_ms=19694.8 context_ms=303.1 state_ms=7.82 prefix_ms=0.0 suffix_ms=6389.5 first_token_ms=31340.9 generation_ms=191463.3 generated=64 generation_tps=0.334
AGENT index=8 mig=31ffbfe4 exit=0 wall_ms=250586 text=a3c806a5411bc6e6 role=child prefix_tokens=14282 suffix_tokens=18 model_ms=11904.8 context_ms=2014.4 state_ms=8.81 prefix_ms=0.0 suffix_ms=1463.4 first_token_ms=17062.1 generation_ms=233113.5 generated=64 generation_tps=0.275
AGENT index=9 mig=fafc828a exit=0 wall_ms=223656 text=a2d016def74ecc62 role=child prefix_tokens=14282 suffix_tokens=18 model_ms=20107.2 context_ms=268.9 state_ms=6.91 prefix_ms=0.0 suffix_ms=5851.4 first_token_ms=30949.1 generation_ms=191193.6 generated=64 generation_tps=0.335
AGENT index=10 mig=31ffbfe4 exit=0 wall_ms=329680 text=a733f3a39259263c role=child prefix_tokens=14282 suffix_tokens=18 model_ms=19444.0 context_ms=310.7 state_ms=6.95 prefix_ms=0.0 suffix_ms=8818.4 first_token_ms=33576.6 generation_ms=295037.5 generated=64 generation_tps=0.217
AGENT index=11 mig=fafc828a exit=0 wall_ms=224238 text=ad0d6edf343e5e28 role=child prefix_tokens=14282 suffix_tokens=22 model_ms=19571.2 context_ms=538.8 state_ms=8.51 prefix_ms=0.0 suffix_ms=5650.7 first_token_ms=30374.4 generation_ms=192358.4 generated=64 generation_tps=0.333
AGENT index=12 mig=31ffbfe4 exit=0 wall_ms=261002 text=2c93819fe85df763 role=child prefix_tokens=14282 suffix_tokens=21 model_ms=12223.3 context_ms=804.0 state_ms=15.96 prefix_ms=0.0 suffix_ms=1297.6 first_token_ms=17697.6 generation_ms=242883.1 generated=64 generation_tps=0.264
AGENT index=13 mig=fafc828a exit=0 wall_ms=223787 text=5d483815f91685a6 role=child prefix_tokens=14282 suffix_tokens=31 model_ms=18884.9 context_ms=353.5 state_ms=26.90 prefix_ms=0.0 suffix_ms=6307.3 first_token_ms=30431.7 generation_ms=191948.5 generated=64 generation_tps=0.333
AGENT index=14 mig=31ffbfe4 exit=0 wall_ms=325849 text=f8f770d151794139 role=child prefix_tokens=14282 suffix_tokens=21 model_ms=18749.8 context_ms=402.6 state_ms=29.07 prefix_ms=0.0 suffix_ms=8851.4 first_token_ms=33061.1 generation_ms=292358.9 generated=64 generation_tps=0.219
AGENT index=15 mig=fafc828a exit=0 wall_ms=222186 text=0d9668c2f9cbc9fc role=child prefix_tokens=14282 suffix_tokens=26 model_ms=19693.7 context_ms=394.3 state_ms=20.06 prefix_ms=0.0 suffix_ms=6333.8 first_token_ms=30986.6 generation_ms=190446.5 generated=64 generation_tps=0.336
AGENT index=16 mig=31ffbfe4 exit=0 wall_ms=329488 text=a6ffaf564cadb5d1 role=child prefix_tokens=14282 suffix_tokens=25 model_ms=19331.8 context_ms=502.3 state_ms=6.43 prefix_ms=0.0 suffix_ms=9014.3 first_token_ms=33758.0 generation_ms=294807.1 generated=64 generation_tps=0.217
AGENT index=17 mig=fafc828a exit=0 wall_ms=222089 text=6bd685fbc4b441ec role=child prefix_tokens=14282 suffix_tokens=22 model_ms=19705.8 context_ms=431.8 state_ms=6.00 prefix_ms=0.0 suffix_ms=5692.0 first_token_ms=30483.8 generation_ms=190937.6 generated=64 generation_tps=0.335
AGENT index=18 mig=31ffbfe4 exit=0 wall_ms=326225 text=ba15e410535ababc role=child prefix_tokens=14282 suffix_tokens=21 model_ms=17373.1 context_ms=397.2 state_ms=24.30 prefix_ms=0.0 suffix_ms=6012.7 first_token_ms=29164.4 generation_ms=296635.2 generated=64 generation_tps=0.216
AGENT index=19 mig=fafc828a exit=0 wall_ms=164640 text=4c7501e634d9bf23 role=child prefix_tokens=14282 suffix_tokens=18 model_ms=6447.7 context_ms=2846.7 state_ms=8.94 prefix_ms=0.0 suffix_ms=2632.8 first_token_ms=16769.2 generation_ms=147395.3 generated=64 generation_tps=0.434
AGENT index=20 mig=31ffbfe4 exit=0 wall_ms=310573 text=b3893059e7e79532 role=child prefix_tokens=14282 suffix_tokens=21 model_ms=13438.3 context_ms=1365.7 state_ms=30.53 prefix_ms=0.0 suffix_ms=1595.3 first_token_ms=21722.4 generation_ms=288447.2 generated=64 generation_tps=0.222
AGENT index=21 mig=fafc828a exit=0 wall_ms=220553 text=284eef78a2286715 role=child prefix_tokens=14282 suffix_tokens=26 model_ms=19204.5 context_ms=486.7 state_ms=9.63 prefix_ms=0.0 suffix_ms=6418.7 first_token_ms=31143.0 generation_ms=188930.5 generated=64 generation_tps=0.339
AGENT index=22 mig=31ffbfe4 exit=0 wall_ms=327686 text=ad3122b47bf9d41d role=child prefix_tokens=14282 suffix_tokens=27 model_ms=18338.8 context_ms=387.8 state_ms=54.49 prefix_ms=0.0 suffix_ms=8265.2 first_token_ms=31941.1 generation_ms=295260.4 generated=64 generation_tps=0.217
AGENT index=23 mig=fafc828a exit=0 wall_ms=115600 text=fd9dec9936f784ff role=child prefix_tokens=14282 suffix_tokens=17 model_ms=6275.8 context_ms=3056.0 state_ms=11.59 prefix_ms=0.0 suffix_ms=1983.4 first_token_ms=15893.9 generation_ms=98100.6 generated=64 generation_tps=0.652
AGENT index=24 mig=31ffbfe4 exit=0 wall_ms=327768 text=9834d2c93010cb40 role=child prefix_tokens=14282 suffix_tokens=22 model_ms=18753.2 context_ms=644.4 state_ms=14.19 prefix_ms=0.0 suffix_ms=8349.5 first_token_ms=32191.9 generation_ms=295003.3 generated=64 generation_tps=0.217
AGENT index=25 mig=fafc828a exit=0 wall_ms=223061 text=d4e1fcaa961685d1 role=child prefix_tokens=14282 suffix_tokens=23 model_ms=19203.7 context_ms=268.3 state_ms=19.04 prefix_ms=0.0 suffix_ms=5514.1 first_token_ms=29604.2 generation_ms=192198.6 generated=64 generation_tps=0.333
AGENT index=26 mig=31ffbfe4 exit=0 wall_ms=329485 text=9e35020256b4a71c role=child prefix_tokens=14282 suffix_tokens=19 model_ms=19832.4 context_ms=347.0 state_ms=14.69 prefix_ms=0.0 suffix_ms=8811.6 first_token_ms=33532.8 generation_ms=295083.0 generated=64 generation_tps=0.217
AGENT index=27 mig=fafc828a exit=0 wall_ms=170481 text=178df8f18d21f57e role=child prefix_tokens=14282 suffix_tokens=21 model_ms=8645.0 context_ms=1805.2 state_ms=15.47 prefix_ms=0.0 suffix_ms=1573.1 first_token_ms=17066.3 generation_ms=152971.8 generated=64 generation_tps=0.418
AGENT index=28 mig=31ffbfe4 exit=0 wall_ms=328649 text=15c67d79a860da75 role=child prefix_tokens=14282 suffix_tokens=20 model_ms=18377.8 context_ms=504.1 state_ms=22.82 prefix_ms=0.0 suffix_ms=8646.6 first_token_ms=32688.5 generation_ms=295273.1 generated=64 generation_tps=0.217
AGENT index=29 mig=fafc828a exit=0 wall_ms=223100 text=a72f71cd80731afe role=child prefix_tokens=14282 suffix_tokens=22 model_ms=19588.5 context_ms=238.0 state_ms=7.19 prefix_ms=0.0 suffix_ms=5723.4 first_token_ms=30668.8 generation_ms=191109.2 generated=64 generation_tps=0.335
AGENT index=30 mig=31ffbfe4 exit=0 wall_ms=329244 text=317f6f38771a1e41 role=child prefix_tokens=14282 suffix_tokens=20 model_ms=18474.9 context_ms=483.7 state_ms=14.35 prefix_ms=0.0 suffix_ms=8439.4 first_token_ms=32480.4 generation_ms=295913.1 generated=64 generation_tps=0.216
AGENT index=31 mig=fafc828a exit=0 wall_ms=218468 text=d52293b0dc058085 role=child prefix_tokens=14282 suffix_tokens=22 model_ms=16251.1 context_ms=554.7 state_ms=42.96 prefix_ms=0.0 suffix_ms=2974.7 first_token_ms=25244.7 generation_ms=192712.4 generated=64 generation_tps=0.332
AGENT index=32 mig=31ffbfe4 exit=0 wall_ms=327954 text=a067a6895417f0e8 role=child prefix_tokens=14282 suffix_tokens=28 model_ms=19975.9 context_ms=174.5 state_ms=6.44 prefix_ms=0.0 suffix_ms=8985.5 first_token_ms=33746.4 generation_ms=293700.1 generated=64 generation_tps=0.218
AGENT index=33 mig=fafc828a exit=0 wall_ms=176243 text=5b450cf9627e77b9 role=child prefix_tokens=14282 suffix_tokens=23 model_ms=11294.5 context_ms=775.0 state_ms=14.71 prefix_ms=0.0 suffix_ms=1292.3 first_token_ms=17914.0 generation_ms=157833.8 generated=64 generation_tps=0.405
AGENT index=34 mig=31ffbfe4 exit=0 wall_ms=329802 text=5c09b6f1d055319b role=child prefix_tokens=14282 suffix_tokens=25 model_ms=19223.5 context_ms=488.7 state_ms=17.09 prefix_ms=0.0 suffix_ms=8912.3 first_token_ms=33606.8 generation_ms=295016.8 generated=64 generation_tps=0.217
AGENT index=35 mig=fafc828a exit=0 wall_ms=224093 text=077e38d3762a4e5d role=child prefix_tokens=14282 suffix_tokens=33 model_ms=18918.5 context_ms=590.9 state_ms=25.33 prefix_ms=0.0 suffix_ms=6704.2 first_token_ms=30869.5 generation_ms=191663.1 generated=64 generation_tps=0.334
AGENT index=36 mig=31ffbfe4 exit=0 wall_ms=309744 text=836ebfaf7d21007d role=child prefix_tokens=14282 suffix_tokens=24 model_ms=14478.6 context_ms=870.8 state_ms=21.54 prefix_ms=0.0 suffix_ms=1671.3 first_token_ms=21635.9 generation_ms=287687.5 generated=64 generation_tps=0.222
AGENT index=37 mig=fafc828a exit=0 wall_ms=216255 text=b5c1cde845350686 role=child prefix_tokens=14282 suffix_tokens=27 model_ms=15240.8 context_ms=792.6 state_ms=13.73 prefix_ms=0.0 suffix_ms=2902.6 first_token_ms=23414.9 generation_ms=192381.6 generated=64 generation_tps=0.333
AGENT index=38 mig=31ffbfe4 exit=0 wall_ms=327826 text=e57f2865bc99ed0e role=child prefix_tokens=14282 suffix_tokens=22 model_ms=20033.7 context_ms=278.9 state_ms=7.51 prefix_ms=0.0 suffix_ms=8918.1 first_token_ms=33733.8 generation_ms=293478.0 generated=64 generation_tps=0.218
AGENT index=39 mig=fafc828a exit=0 wall_ms=216952 text=f9c832b7cad1a509 role=child prefix_tokens=14282 suffix_tokens=32 model_ms=15991.4 context_ms=236.5 state_ms=33.51 prefix_ms=0.0 suffix_ms=2693.7 first_token_ms=23766.6 generation_ms=192756.0 generated=64 generation_tps=0.332
AGENT index=40 mig=31ffbfe4 exit=0 wall_ms=328664 text=1bedc9985ebffdf3 role=child prefix_tokens=14282 suffix_tokens=19 model_ms=19032.9 context_ms=391.6 state_ms=30.38 prefix_ms=0.0 suffix_ms=8396.0 first_token_ms=32401.6 generation_ms=295554.5 generated=64 generation_tps=0.217
AGENT index=41 mig=fafc828a exit=0 wall_ms=218103 text=3be32d4f1f40e878 role=child prefix_tokens=14282 suffix_tokens=19 model_ms=15984.4 context_ms=695.3 state_ms=62.34 prefix_ms=0.0 suffix_ms=2246.2 first_token_ms=24180.3 generation_ms=193438.2 generated=64 generation_tps=0.331
AGENT index=42 mig=31ffbfe4 exit=0 wall_ms=328337 text=519b2de5b706a49d role=child prefix_tokens=14282 suffix_tokens=18 model_ms=19306.2 context_ms=304.6 state_ms=15.93 prefix_ms=0.0 suffix_ms=8685.7 first_token_ms=33111.3 generation_ms=294618.4 generated=64 generation_tps=0.217
AGENT index=43 mig=fafc828a exit=0 wall_ms=222934 text=ad92edad967aef00 role=child prefix_tokens=14282 suffix_tokens=22 model_ms=18429.3 context_ms=637.7 state_ms=19.16 prefix_ms=0.0 suffix_ms=5342.8 first_token_ms=29182.6 generation_ms=192604.5 generated=64 generation_tps=0.332
AGENT index=44 mig=31ffbfe4 exit=0 wall_ms=329615 text=806eb5a225900d3a role=child prefix_tokens=14282 suffix_tokens=21 model_ms=19932.9 context_ms=218.9 state_ms=6.35 prefix_ms=0.0 suffix_ms=8904.7 first_token_ms=33764.9 generation_ms=294879.4 generated=64 generation_tps=0.217
AGENT index=45 mig=fafc828a exit=0 wall_ms=221243 text=9f441c92dda94d6e role=child prefix_tokens=14282 suffix_tokens=31 model_ms=17382.1 context_ms=421.0 state_ms=34.58 prefix_ms=0.0 suffix_ms=4254.9 first_token_ms=26615.8 generation_ms=194128.1 generated=64 generation_tps=0.330
AGENT index=46 mig=31ffbfe4 exit=0 wall_ms=319404 text=3f33f20708943e2f role=child prefix_tokens=14282 suffix_tokens=21 model_ms=15028.3 context_ms=719.5 state_ms=50.39 prefix_ms=0.0 suffix_ms=2727.5 first_token_ms=23697.7 generation_ms=295240.4 generated=64 generation_tps=0.217
AGENT index=47 mig=fafc828a exit=0 wall_ms=222473 text=0d9668c2f9cbc9fc role=child prefix_tokens=14282 suffix_tokens=26 model_ms=18070.4 context_ms=297.5 state_ms=18.25 prefix_ms=0.0 suffix_ms=5756.7 first_token_ms=29272.0 generation_ms=192295.5 generated=64 generation_tps=0.333
AGENT index=48 mig=31ffbfe4 exit=0 wall_ms=328887 text=27f58a7742c668f5 role=child prefix_tokens=14282 suffix_tokens=25 model_ms=17363.8 context_ms=599.1 state_ms=15.52 prefix_ms=0.0 suffix_ms=8046.7 first_token_ms=31397.8 generation_ms=296527.1 generated=64 generation_tps=0.216
AGENT index=49 mig=fafc828a exit=0 wall_ms=222147 text=6bd685fbc4b441ec role=child prefix_tokens=14282 suffix_tokens=22 model_ms=18583.3 context_ms=238.3 state_ms=22.74 prefix_ms=0.0 suffix_ms=5577.6 first_token_ms=29741.5 generation_ms=191596.5 generated=64 generation_tps=0.334
AGENT index=50 mig=31ffbfe4 exit=0 wall_ms=329780 text=802dc3b79f95f0ef role=child prefix_tokens=14282 suffix_tokens=21 model_ms=18473.4 context_ms=375.3 state_ms=21.39 prefix_ms=0.0 suffix_ms=8611.6 first_token_ms=32912.9 generation_ms=295793.5 generated=64 generation_tps=0.216
AGENT index=51 mig=fafc828a exit=0 wall_ms=224518 text=88ab36014083e9b4 role=child prefix_tokens=14282 suffix_tokens=18 model_ms=19680.5 context_ms=171.7 state_ms=6.29 prefix_ms=0.0 suffix_ms=5799.1 first_token_ms=30633.9 generation_ms=191743.8 generated=64 generation_tps=0.334
AGENT index=52 mig=31ffbfe4 exit=0 wall_ms=326971 text=56ae1f5c8f39885b role=child prefix_tokens=14282 suffix_tokens=21 model_ms=17703.8 context_ms=589.3 state_ms=50.81 prefix_ms=0.0 suffix_ms=7261.4 first_token_ms=30392.6 generation_ms=296170.7 generated=64 generation_tps=0.216
AGENT index=53 mig=fafc828a exit=0 wall_ms=224633 text=11e4c2a85150fa06 role=child prefix_tokens=14282 suffix_tokens=26 model_ms=19905.6 context_ms=401.4 state_ms=6.44 prefix_ms=0.0 suffix_ms=6364.8 first_token_ms=31092.7 generation_ms=191498.0 generated=64 generation_tps=0.334
AGENT index=54 mig=31ffbfe4 exit=0 wall_ms=328095 text=3b6f5b9c968721eb role=child prefix_tokens=14282 suffix_tokens=27 model_ms=19359.2 context_ms=414.9 state_ms=6.31 prefix_ms=0.0 suffix_ms=9135.5 first_token_ms=33868.5 generation_ms=293658.5 generated=64 generation_tps=0.218
AGENT index=55 mig=fafc828a exit=0 wall_ms=165270 text=7e4fad52bd577abf role=child prefix_tokens=14282 suffix_tokens=17 model_ms=8173.2 context_ms=2416.3 state_ms=15.20 prefix_ms=0.0 suffix_ms=1738.0 first_token_ms=16830.1 generation_ms=147974.7 generated=64 generation_tps=0.433
AGENT index=56 mig=31ffbfe4 exit=0 wall_ms=328392 text=9834d2c93010cb40 role=child prefix_tokens=14282 suffix_tokens=22 model_ms=19804.8 context_ms=256.9 state_ms=6.20 prefix_ms=0.0 suffix_ms=8949.3 first_token_ms=33786.3 generation_ms=293983.4 generated=64 generation_tps=0.218
AGENT index=57 mig=fafc828a exit=0 wall_ms=224701 text=50630b6612aba7b8 role=child prefix_tokens=14282 suffix_tokens=23 model_ms=19254.6 context_ms=421.5 state_ms=6.78 prefix_ms=0.0 suffix_ms=5781.8 first_token_ms=30535.4 generation_ms=192306.6 generated=64 generation_tps=0.333
AGENT index=58 mig=31ffbfe4 exit=0 wall_ms=239269 text=9ca71337e20d8558 role=child prefix_tokens=14282 suffix_tokens=19 model_ms=7463.4 context_ms=3462.5 state_ms=14.39 prefix_ms=0.0 suffix_ms=1681.8 first_token_ms=16487.3 generation_ms=222332.7 generated=64 generation_tps=0.288
AGENT index=59 mig=fafc828a exit=0 wall_ms=224180 text=a0d59f42adbdb7a7 role=child prefix_tokens=14282 suffix_tokens=21 model_ms=19205.0 context_ms=406.9 state_ms=6.46 prefix_ms=0.0 suffix_ms=5779.5 first_token_ms=30503.8 generation_ms=192133.6 generated=64 generation_tps=0.333
AGENT index=60 mig=31ffbfe4 exit=0 wall_ms=329009 text=b1fe3c81bfb2916f role=child prefix_tokens=14282 suffix_tokens=20 model_ms=19485.2 context_ms=410.0 state_ms=12.51 prefix_ms=0.0 suffix_ms=8783.5 first_token_ms=33487.4 generation_ms=294660.3 generated=64 generation_tps=0.217
AGENT index=61 mig=fafc828a exit=0 wall_ms=223310 text=5b7f00ee41a4f8ef role=child prefix_tokens=14282 suffix_tokens=22 model_ms=18223.7 context_ms=666.2 state_ms=15.16 prefix_ms=0.0 suffix_ms=5451.5 first_token_ms=29498.1 generation_ms=192540.4 generated=64 generation_tps=0.332
AGENT index=62 mig=31ffbfe4 exit=0 wall_ms=327797 text=c17cb2a0a71c6a47 role=child prefix_tokens=14282 suffix_tokens=20 model_ms=17266.4 context_ms=330.0 state_ms=42.35 prefix_ms=0.0 suffix_ms=7920.4 first_token_ms=30937.5 generation_ms=296240.1 generated=64 generation_tps=0.216
AGENT index=63 mig=fafc828a exit=0 wall_ms=221457 text=3b010582add6c19e role=child prefix_tokens=14282 suffix_tokens=22 model_ms=19483.3 context_ms=271.3 state_ms=6.57 prefix_ms=0.0 suffix_ms=5823.9 first_token_ms=30645.0 generation_ms=190299.4 generated=64 generation_tps=0.336
AGENT index=64 mig=31ffbfe4 exit=0 wall_ms=327488 text=3f50371ecb0032a2 role=child prefix_tokens=14282 suffix_tokens=28 model_ms=17398.7 context_ms=293.6 state_ms=32.72 prefix_ms=0.0 suffix_ms=7549.2 first_token_ms=29995.6 generation_ms=297029.2 generated=64 generation_tps=0.215
AGENT index=65 mig=fafc828a exit=0 wall_ms=219384 text=88835aea19336bf3 role=child prefix_tokens=14282 suffix_tokens=23 model_ms=19362.1 context_ms=306.8 state_ms=6.29 prefix_ms=0.0 suffix_ms=5828.4 first_token_ms=30629.6 generation_ms=188309.0 generated=64 generation_tps=0.340
AGENT index=66 mig=31ffbfe4 exit=0 wall_ms=318908 text=56cc6fc91016e6d9 role=child prefix_tokens=14282 suffix_tokens=25 model_ms=15133.0 context_ms=610.4 state_ms=50.47 prefix_ms=0.0 suffix_ms=2606.3 first_token_ms=23258.4 generation_ms=295194.6 generated=64 generation_tps=0.217
AGENT index=67 mig=fafc828a exit=0 wall_ms=223816 text=28222a18d507172c role=child prefix_tokens=14282 suffix_tokens=33 model_ms=19050.4 context_ms=455.4 state_ms=11.57 prefix_ms=0.0 suffix_ms=6680.3 first_token_ms=30750.4 generation_ms=191389.1 generated=64 generation_tps=0.334
AGENT index=68 mig=31ffbfe4 exit=0 wall_ms=328748 text=836ebfaf7d21007d role=child prefix_tokens=14282 suffix_tokens=24 model_ms=19178.2 context_ms=291.3 state_ms=6.81 prefix_ms=0.0 suffix_ms=8870.9 first_token_ms=33642.1 generation_ms=294290.1 generated=64 generation_tps=0.217
AGENT index=69 mig=fafc828a exit=0 wall_ms=223331 text=4e58d1434e38d87b role=child prefix_tokens=14282 suffix_tokens=27 model_ms=17649.7 context_ms=629.8 state_ms=34.65 prefix_ms=0.0 suffix_ms=5734.4 first_token_ms=29120.9 generation_ms=193308.5 generated=64 generation_tps=0.331
AGENT index=70 mig=31ffbfe4 exit=0 wall_ms=322992 text=2bc8a87702ffa5ba role=child prefix_tokens=14282 suffix_tokens=22 model_ms=17408.6 context_ms=611.4 state_ms=50.33 prefix_ms=0.0 suffix_ms=6155.8 first_token_ms=29353.0 generation_ms=293185.9 generated=64 generation_tps=0.218
AGENT index=71 mig=fafc828a exit=0 wall_ms=219884 text=f9c832b7cad1a509 role=child prefix_tokens=14282 suffix_tokens=32 model_ms=16713.2 context_ms=375.4 state_ms=57.62 prefix_ms=0.0 suffix_ms=3014.5 first_token_ms=24996.1 generation_ms=194443.6 generated=64 generation_tps=0.329
AGENT index=72 mig=31ffbfe4 exit=0 wall_ms=329405 text=4e007a54c417b8e2 role=child prefix_tokens=14282 suffix_tokens=19 model_ms=18855.4 context_ms=333.1 state_ms=18.30 prefix_ms=0.0 suffix_ms=8716.5 first_token_ms=32824.1 generation_ms=295663.6 generated=64 generation_tps=0.216
AGENT index=73 mig=fafc828a exit=0 wall_ms=221080 text=f69b628d0f4868ff role=child prefix_tokens=14282 suffix_tokens=19 model_ms=17389.1 context_ms=528.6 state_ms=18.25 prefix_ms=0.0 suffix_ms=4200.6 first_token_ms=27268.1 generation_ms=193356.1 generated=64 generation_tps=0.331
AGENT index=74 mig=31ffbfe4 exit=0 wall_ms=328983 text=ab6f927a6830d128 role=child prefix_tokens=14282 suffix_tokens=18 model_ms=19820.3 context_ms=304.5 state_ms=6.43 prefix_ms=0.0 suffix_ms=8748.0 first_token_ms=33325.9 generation_ms=294747.6 generated=64 generation_tps=0.217
AGENT index=75 mig=fafc828a exit=0 wall_ms=222538 text=3f79542af35d277d role=child prefix_tokens=14282 suffix_tokens=22 model_ms=19035.2 context_ms=465.1 state_ms=18.12 prefix_ms=0.0 suffix_ms=5675.4 first_token_ms=29983.6 generation_ms=191539.4 generated=64 generation_tps=0.334
AGENT index=76 mig=31ffbfe4 exit=0 wall_ms=328585 text=2c93819fe85df763 role=child prefix_tokens=14282 suffix_tokens=21 model_ms=18944.8 context_ms=324.0 state_ms=10.31 prefix_ms=0.0 suffix_ms=8833.6 first_token_ms=33427.6 generation_ms=294494.5 generated=64 generation_tps=0.217
AGENT index=77 mig=fafc828a exit=0 wall_ms=224687 text=5d483815f91685a6 role=child prefix_tokens=14282 suffix_tokens=31 model_ms=19368.6 context_ms=235.0 state_ms=6.27 prefix_ms=0.0 suffix_ms=6345.1 first_token_ms=31112.6 generation_ms=191655.2 generated=64 generation_tps=0.334
AGENT index=78 mig=31ffbfe4 exit=0 wall_ms=328894 text=3f33f20708943e2f role=child prefix_tokens=14282 suffix_tokens=21 model_ms=19353.3 context_ms=484.8 state_ms=7.98 prefix_ms=0.0 suffix_ms=8688.4 first_token_ms=33223.4 generation_ms=294888.8 generated=64 generation_tps=0.217
AGENT index=79 mig=fafc828a exit=0 wall_ms=221811 text=0d9668c2f9cbc9fc role=child prefix_tokens=14282 suffix_tokens=26 model_ms=17375.1 context_ms=593.6 state_ms=46.18 prefix_ms=0.0 suffix_ms=5508.8 first_token_ms=28660.0 generation_ms=192581.5 generated=64 generation_tps=0.332
AGENT index=80 mig=31ffbfe4 exit=0 wall_ms=327140 text=86d4ee1044251a25 role=child prefix_tokens=14282 suffix_tokens=25 model_ms=18923.0 context_ms=754.5 state_ms=39.37 prefix_ms=0.0 suffix_ms=8859.2 first_token_ms=33073.6 generation_ms=293656.1 generated=64 generation_tps=0.218
AGENT index=81 mig=fafc828a exit=0 wall_ms=220581 text=facc2c2ea4689e1e role=child prefix_tokens=14282 suffix_tokens=22 model_ms=17371.8 context_ms=387.8 state_ms=54.00 prefix_ms=0.0 suffix_ms=3155.7 first_token_ms=25670.2 generation_ms=194430.4 generated=64 generation_tps=0.329
AGENT index=82 mig=31ffbfe4 exit=0 wall_ms=322660 text=ce66287a7832a2bb role=child prefix_tokens=14282 suffix_tokens=21 model_ms=16313.3 context_ms=372.1 state_ms=30.50 prefix_ms=0.0 suffix_ms=3148.8 first_token_ms=24978.0 generation_ms=297238.9 generated=64 generation_tps=0.215
AGENT index=83 mig=fafc828a exit=0 wall_ms=217731 text=cdf6d4762f0ad9c6 role=child prefix_tokens=14282 suffix_tokens=18 model_ms=15562.6 context_ms=580.9 state_ms=66.30 prefix_ms=0.0 suffix_ms=2376.5 first_token_ms=23657.9 generation_ms=193630.7 generated=64 generation_tps=0.331
AGENT index=84 mig=31ffbfe4 exit=0 wall_ms=328793 text=1af3357d195a5902 role=child prefix_tokens=14282 suffix_tokens=21 model_ms=19364.4 context_ms=429.5 state_ms=13.08 prefix_ms=0.0 suffix_ms=8983.4 first_token_ms=33610.4 generation_ms=294451.9 generated=64 generation_tps=0.217
AGENT index=85 mig=fafc828a exit=0 wall_ms=222783 text=957077b2ac48aee9 role=child prefix_tokens=14282 suffix_tokens=26 model_ms=19430.3 context_ms=345.1 state_ms=6.69 prefix_ms=0.0 suffix_ms=6231.4 first_token_ms=30957.0 generation_ms=190864.3 generated=64 generation_tps=0.335
AGENT index=86 mig=31ffbfe4 exit=0 wall_ms=329707 text=1b55181381f9c4bb role=child prefix_tokens=14282 suffix_tokens=27 model_ms=19131.1 context_ms=250.7 state_ms=6.18 prefix_ms=0.0 suffix_ms=9194.4 first_token_ms=33899.4 generation_ms=294728.0 generated=64 generation_tps=0.217
AGENT index=87 mig=fafc828a exit=0 wall_ms=223158 text=b8ac585c0a873612 role=child prefix_tokens=14282 suffix_tokens=17 model_ms=18978.9 context_ms=413.7 state_ms=27.37 prefix_ms=0.0 suffix_ms=5383.7 first_token_ms=29628.9 generation_ms=192032.9 generated=64 generation_tps=0.333
AGENT index=88 mig=31ffbfe4 exit=0 wall_ms=329674 text=9834d2c93010cb40 role=child prefix_tokens=14282 suffix_tokens=22 model_ms=19103.1 context_ms=321.1 state_ms=6.25 prefix_ms=0.0 suffix_ms=8937.4 first_token_ms=33623.1 generation_ms=294932.8 generated=64 generation_tps=0.217
AGENT index=89 mig=fafc828a exit=0 wall_ms=223346 text=4a108aa854664970 role=child prefix_tokens=14282 suffix_tokens=23 model_ms=19202.9 context_ms=327.9 state_ms=6.16 prefix_ms=0.0 suffix_ms=5760.6 first_token_ms=30484.9 generation_ms=191458.8 generated=64 generation_tps=0.334
AGENT index=90 mig=31ffbfe4 exit=0 wall_ms=329286 text=dbc7a5d875e3e7e1 role=child prefix_tokens=14282 suffix_tokens=19 model_ms=19298.1 context_ms=177.2 state_ms=12.56 prefix_ms=0.0 suffix_ms=8989.4 first_token_ms=33607.8 generation_ms=294891.5 generated=64 generation_tps=0.217
AGENT index=91 mig=fafc828a exit=0 wall_ms=224206 text=7b1e906b43903ada role=child prefix_tokens=14282 suffix_tokens=21 model_ms=18949.9 context_ms=328.1 state_ms=15.06 prefix_ms=0.0 suffix_ms=5643.7 first_token_ms=30098.6 generation_ms=192434.0 generated=64 generation_tps=0.333
AGENT index=92 mig=31ffbfe4 exit=0 wall_ms=326027 text=6270d284b62a8043 role=child prefix_tokens=14282 suffix_tokens=20 model_ms=17426.1 context_ms=697.7 state_ms=30.43 prefix_ms=0.0 suffix_ms=8508.5 first_token_ms=31923.6 generation_ms=293652.2 generated=64 generation_tps=0.218
AGENT index=93 mig=fafc828a exit=0 wall_ms=213658 text=ce087b8cf95f26a2 role=child prefix_tokens=14282 suffix_tokens=22 model_ms=14828.1 context_ms=775.1 state_ms=46.63 prefix_ms=0.0 suffix_ms=1904.5 first_token_ms=22330.4 generation_ms=190816.3 generated=64 generation_tps=0.335
AGENT index=94 mig=31ffbfe4 exit=0 wall_ms=327863 text=4878ce4ae644876a role=child prefix_tokens=14282 suffix_tokens=20 model_ms=18415.1 context_ms=370.8 state_ms=22.96 prefix_ms=0.0 suffix_ms=8694.5 first_token_ms=32685.0 generation_ms=294565.6 generated=64 generation_tps=0.217
AGENT index=95 mig=fafc828a exit=0 wall_ms=216192 text=93d0d9337eb50146 role=child prefix_tokens=14282 suffix_tokens=22 model_ms=15860.1 context_ms=678.0 state_ms=58.98 prefix_ms=0.0 suffix_ms=1910.7 first_token_ms=23246.0 generation_ms=192447.1 generated=64 generation_tps=0.333
AGENT index=96 mig=31ffbfe4 exit=0 wall_ms=329506 text=5b3e8496b267e28f role=child prefix_tokens=14282 suffix_tokens=28 model_ms=19297.9 context_ms=466.2 state_ms=9.11 prefix_ms=0.0 suffix_ms=9102.5 first_token_ms=33571.7 generation_ms=294705.9 generated=64 generation_tps=0.217
AGENT index=97 mig=fafc828a exit=0 wall_ms=224242 text=5b450cf9627e77b9 role=child prefix_tokens=14282 suffix_tokens=23 model_ms=18241.9 context_ms=500.9 state_ms=34.48 prefix_ms=0.0 suffix_ms=5633.3 first_token_ms=29516.4 generation_ms=192986.2 generated=64 generation_tps=0.332
AGENT index=98 mig=31ffbfe4 exit=0 wall_ms=328293 text=f1423a12d392ea73 role=child prefix_tokens=14282 suffix_tokens=25 model_ms=18318.9 context_ms=350.1 state_ms=14.06 prefix_ms=0.0 suffix_ms=8867.8 first_token_ms=32805.5 generation_ms=294816.7 generated=64 generation_tps=0.217
AGENT index=99 mig=fafc828a exit=0 wall_ms=223951 text=65315b3a048c65d3 role=child prefix_tokens=14282 suffix_tokens=33 model_ms=17707.1 context_ms=471.7 state_ms=30.70 prefix_ms=0.0 suffix_ms=6658.0 first_token_ms=30073.0 generation_ms=192496.6 generated=64 generation_tps=0.332
AGENT index=100 mig=31ffbfe4 exit=0 wall_ms=329251 text=46bf93c2b1366bc6 role=child prefix_tokens=14282 suffix_tokens=25 model_ms=19160.5 context_ms=339.2 state_ms=7.97 prefix_ms=0.0 suffix_ms=9061.6 first_token_ms=33548.7 generation_ms=294612.8 generated=64 generation_tps=0.217
AGENT index=101 mig=fafc828a exit=0 wall_ms=172650 text=c62512a5d8b596ef role=child prefix_tokens=14282 suffix_tokens=28 model_ms=9518.3 context_ms=785.9 state_ms=12.52 prefix_ms=0.0 suffix_ms=1473.8 first_token_ms=17003.5 generation_ms=155211.2 generated=64 generation_tps=0.412
AGENT index=102 mig=31ffbfe4 exit=0 wall_ms=320214 text=1e3a87d5bf89af05 role=child prefix_tokens=14282 suffix_tokens=23 model_ms=15245.0 context_ms=657.5 state_ms=43.91 prefix_ms=0.0 suffix_ms=2737.9 first_token_ms=23647.6 generation_ms=296179.6 generated=64 generation_tps=0.216
AGENT index=103 mig=fafc828a exit=0 wall_ms=224422 text=f9c832b7cad1a509 role=child prefix_tokens=14282 suffix_tokens=33 model_ms=17547.7 context_ms=446.7 state_ms=29.62 prefix_ms=0.0 suffix_ms=6205.7 first_token_ms=29511.6 generation_ms=193146.4 generated=64 generation_tps=0.331
AGENT index=104 mig=31ffbfe4 exit=0 wall_ms=326588 text=788265a3a7959ede role=child prefix_tokens=14282 suffix_tokens=20 model_ms=17515.8 context_ms=557.8 state_ms=14.84 prefix_ms=0.0 suffix_ms=7818.2 first_token_ms=31255.5 generation_ms=294881.6 generated=64 generation_tps=0.217
AGENT index=105 mig=fafc828a exit=0 wall_ms=224533 text=9bbcff728ca7192b role=child prefix_tokens=14282 suffix_tokens=20 model_ms=17752.8 context_ms=608.4 state_ms=45.89 prefix_ms=0.0 suffix_ms=5040.4 first_token_ms=28763.0 generation_ms=193828.6 generated=64 generation_tps=0.330
AGENT index=106 mig=31ffbfe4 exit=0 wall_ms=325678 text=f4dd5b98bdc77fee role=child prefix_tokens=14282 suffix_tokens=19 model_ms=16800.8 context_ms=345.1 state_ms=54.77 prefix_ms=0.0 suffix_ms=5520.8 first_token_ms=27824.8 generation_ms=297399.7 generated=64 generation_tps=0.215
AGENT index=107 mig=fafc828a exit=0 wall_ms=218487 text=b75a2e4512194a0a role=child prefix_tokens=14282 suffix_tokens=23 model_ms=17536.6 context_ms=467.4 state_ms=50.35 prefix_ms=0.0 suffix_ms=3687.7 first_token_ms=26193.9 generation_ms=191800.0 generated=64 generation_tps=0.334
AGENT index=108 mig=31ffbfe4 exit=0 wall_ms=321942 text=2c93819fe85df763 role=child prefix_tokens=14282 suffix_tokens=22 model_ms=16065.6 context_ms=319.5 state_ms=50.41 prefix_ms=0.0 suffix_ms=2640.8 first_token_ms=24128.5 generation_ms=297391.2 generated=64 generation_tps=0.215
AGENT index=109 mig=fafc828a exit=0 wall_ms=214170 text=5d483815f91685a6 role=child prefix_tokens=14282 suffix_tokens=32 model_ms=15065.1 context_ms=637.5 state_ms=30.39 prefix_ms=0.0 suffix_ms=1777.0 first_token_ms=22424.4 generation_ms=191257.2 generated=64 generation_tps=0.335
AGENT index=110 mig=31ffbfe4 exit=0 wall_ms=320160 text=3f33f20708943e2f role=child prefix_tokens=14282 suffix_tokens=22 model_ms=15476.5 context_ms=601.2 state_ms=33.25 prefix_ms=0.0 suffix_ms=2309.8 first_token_ms=23483.0 generation_ms=296202.3 generated=64 generation_tps=0.216
AGENT index=111 mig=fafc828a exit=0 wall_ms=222988 text=0d9668c2f9cbc9fc role=child prefix_tokens=14282 suffix_tokens=27 model_ms=19431.2 context_ms=305.0 state_ms=7.33 prefix_ms=0.0 suffix_ms=6277.9 first_token_ms=30776.8 generation_ms=191205.9 generated=64 generation_tps=0.335
AGENT index=112 mig=31ffbfe4 exit=0 wall_ms=327979 text=787d0f2cb9f0f5f6 role=child prefix_tokens=14282 suffix_tokens=26 model_ms=18974.0 context_ms=314.2 state_ms=14.32 prefix_ms=0.0 suffix_ms=9033.3 first_token_ms=33482.4 generation_ms=293932.8 generated=64 generation_tps=0.218
AGENT index=113 mig=fafc828a exit=0 wall_ms=224330 text=1d161aafe68538d2 role=child prefix_tokens=14282 suffix_tokens=23 model_ms=19094.5 context_ms=266.6 state_ms=6.38 prefix_ms=0.0 suffix_ms=5794.6 first_token_ms=30432.1 generation_ms=192187.1 generated=64 generation_tps=0.333
AGENT index=114 mig=31ffbfe4 exit=0 wall_ms=318792 text=2f3bcae6671ff31f role=child prefix_tokens=14282 suffix_tokens=22 model_ms=14673.8 context_ms=1090.9 state_ms=38.34 prefix_ms=0.0 suffix_ms=2619.7 first_token_ms=23636.0 generation_ms=294678.9 generated=64 generation_tps=0.217
AGENT index=115 mig=fafc828a exit=0 wall_ms=217075 text=cdf6d4762f0ad9c6 role=child prefix_tokens=14282 suffix_tokens=19 model_ms=15300.0 context_ms=554.4 state_ms=54.43 prefix_ms=0.0 suffix_ms=2138.1 first_token_ms=23248.9 generation_ms=193334.1 generated=64 generation_tps=0.331
AGENT index=116 mig=31ffbfe4 exit=0 wall_ms=329521 text=5337acbd8fb941ee role=child prefix_tokens=14282 suffix_tokens=22 model_ms=18757.1 context_ms=301.3 state_ms=24.65 prefix_ms=0.0 suffix_ms=8716.8 first_token_ms=33025.7 generation_ms=295438.9 generated=64 generation_tps=0.217
AGENT index=117 mig=fafc828a exit=0 wall_ms=224290 text=a34112262f5fd48d role=child prefix_tokens=14282 suffix_tokens=27 model_ms=19051.5 context_ms=203.1 state_ms=11.48 prefix_ms=0.0 suffix_ms=6378.6 first_token_ms=30893.6 generation_ms=191760.0 generated=64 generation_tps=0.334
AGENT index=118 mig=31ffbfe4 exit=0 wall_ms=321879 text=ad3122b47bf9d41d role=child prefix_tokens=14282 suffix_tokens=28 model_ms=15101.8 context_ms=976.3 state_ms=37.70 prefix_ms=0.0 suffix_ms=2594.0 first_token_ms=23945.1 generation_ms=297511.9 generated=64 generation_tps=0.215
AGENT index=119 mig=fafc828a exit=0 wall_ms=218504 text=c096e05173cc4f43 role=child prefix_tokens=14282 suffix_tokens=18 model_ms=16175.6 context_ms=427.1 state_ms=20.62 prefix_ms=0.0 suffix_ms=2432.8 first_token_ms=24203.5 generation_ms=193741.7 generated=64 generation_tps=0.330
AGENT index=120 mig=31ffbfe4 exit=0 wall_ms=329429 text=9834d2c93010cb40 role=child prefix_tokens=14282 suffix_tokens=23 model_ms=19322.7 context_ms=240.5 state_ms=6.66 prefix_ms=0.0 suffix_ms=8895.3 first_token_ms=33514.2 generation_ms=294979.1 generated=64 generation_tps=0.217
AGENT index=121 mig=fafc828a exit=0 wall_ms=206952 text=1aa7a235737ffc91 role=child prefix_tokens=14282 suffix_tokens=24 model_ms=12756.5 context_ms=464.2 state_ms=6.51 prefix_ms=0.0 suffix_ms=2702.9 first_token_ms=20997.4 generation_ms=185479.9 generated=64 generation_tps=0.345
AGENT index=122 mig=31ffbfe4 exit=0 wall_ms=328104 text=b5b604cb763700f9 role=child prefix_tokens=14282 suffix_tokens=20 model_ms=18200.5 context_ms=511.0 state_ms=39.14 prefix_ms=0.0 suffix_ms=8472.5 first_token_ms=31990.4 generation_ms=295559.4 generated=64 generation_tps=0.217
AGENT index=123 mig=fafc828a exit=0 wall_ms=222320 text=e38ea5b855370f1e role=child prefix_tokens=14282 suffix_tokens=22 model_ms=19242.5 context_ms=427.9 state_ms=11.16 prefix_ms=0.0 suffix_ms=5786.9 first_token_ms=30342.2 generation_ms=191142.5 generated=64 generation_tps=0.335
AGENT index=124 mig=31ffbfe4 exit=0 wall_ms=327880 text=61f860d06cef5fa0 role=child prefix_tokens=14282 suffix_tokens=21 model_ms=19423.5 context_ms=198.5 state_ms=6.16 prefix_ms=0.0 suffix_ms=8877.0 first_token_ms=33442.3 generation_ms=293838.9 generated=64 generation_tps=0.218
AGENT index=125 mig=fafc828a exit=0 wall_ms=224005 text=97190065bed772ed role=child prefix_tokens=14282 suffix_tokens=23 model_ms=17697.1 context_ms=439.9 state_ms=21.69 prefix_ms=0.0 suffix_ms=5067.8 first_token_ms=28301.3 generation_ms=193795.6 generated=64 generation_tps=0.330
AGENT index=126 mig=31ffbfe4 exit=0 wall_ms=327465 text=7596decc9ef604b8 role=child prefix_tokens=14282 suffix_tokens=21 model_ms=16999.8 context_ms=568.7 state_ms=18.64 prefix_ms=0.0 suffix_ms=6336.8 first_token_ms=29143.2 generation_ms=297759.5 generated=64 generation_tps=0.215
AGENT index=127 mig=fafc828a exit=0 wall_ms=222054 text=c5fb19c141f1ba26 role=child prefix_tokens=14282 suffix_tokens=23 model_ms=19338.2 context_ms=218.8 state_ms=6.74 prefix_ms=0.0 suffix_ms=5804.2 first_token_ms=30423.5 generation_ms=190862.9 generated=64 generation_tps=0.335
MEMORY mem_available_drop_mib=89927 mem_available_before_mib=119137 mem_free_before_mib=45744 pss_anon_mib=29891 pss_file_mib=7473 pss_shmem_mib=8231 device_mib=49536 samples=13
END_CASE failed_agents=0 wall_ms=330775
SKIPPED mode=both agents=136 mem_available_mib=119184
END_KVSTACK
BEGIN_KVSTACK run=5 context=16384 publisher_mig=fafc828a mem_free_mib=48468 kernel_reclaimable_mib=67430
PUBLISH store=stock prefix_tokens=14282 prefix_ms=16890.8 publish_ms=502.10 state_bytes=819216229
PUBLISH store=device prefix_tokens=14282 prefix_ms=16997.9 publish_ms=496.49 state_bytes=819216229
PUBLISH store=huge prefix_tokens=14282 prefix_ms=17026.8 publish_ms=8.07 state_bytes=229221 file_used_kib=802816
CASE mode=both agents=128
AGENT index=0 mig=fafc828a exit=0 wall_ms=212116 text=bb92e4befc7eddec role=child prefix_tokens=14282 suffix_tokens=27 model_ms=14850.5 context_ms=806.8 state_ms=20.00 prefix_ms=0.0 suffix_ms=2601.0 first_token_ms=22747.6 generation_ms=188883.7 generated=64 generation_tps=0.339
AGENT index=1 mig=31ffbfe4 exit=0 wall_ms=329035 text=a8d47b5298abb2fc role=child prefix_tokens=14282 suffix_tokens=22 model_ms=19627.0 context_ms=339.6 state_ms=6.64 prefix_ms=0.0 suffix_ms=8871.8 first_token_ms=33960.4 generation_ms=294384.8 generated=64 generation_tps=0.217
AGENT index=2 mig=fafc828a exit=0 wall_ms=221058 text=abfd4eb3fb8ebdd8 role=child prefix_tokens=14282 suffix_tokens=24 model_ms=19210.2 context_ms=612.3 state_ms=12.66 prefix_ms=0.0 suffix_ms=5261.6 first_token_ms=29726.5 generation_ms=190825.2 generated=64 generation_tps=0.335
AGENT index=3 mig=31ffbfe4 exit=0 wall_ms=329924 text=077e38d3762a4e5d role=child prefix_tokens=14282 suffix_tokens=32 model_ms=19735.1 context_ms=483.9 state_ms=7.33 prefix_ms=0.0 suffix_ms=8975.6 first_token_ms=33886.3 generation_ms=294867.7 generated=64 generation_tps=0.217
AGENT index=4 mig=fafc828a exit=0 wall_ms=222228 text=16f8c0610a09645d role=child prefix_tokens=14282 suffix_tokens=23 model_ms=17430.1 context_ms=375.4 state_ms=35.94 prefix_ms=0.0 suffix_ms=4590.8 first_token_ms=27481.9 generation_ms=194223.6 generated=64 generation_tps=0.330
AGENT index=5 mig=31ffbfe4 exit=0 wall_ms=329244 text=ff4188d71e02bfdb role=child prefix_tokens=14282 suffix_tokens=26 model_ms=19134.7 context_ms=567.9 state_ms=6.55 prefix_ms=0.0 suffix_ms=8759.6 first_token_ms=33602.6 generation_ms=295074.5 generated=64 generation_tps=0.217
AGENT index=6 mig=fafc828a exit=0 wall_ms=223772 text=f88f503d1005fa22 role=child prefix_tokens=14282 suffix_tokens=21 model_ms=20188.7 context_ms=127.9 state_ms=8.85 prefix_ms=0.0 suffix_ms=5559.9 first_token_ms=30527.1 generation_ms=192134.4 generated=64 generation_tps=0.333
AGENT index=7 mig=31ffbfe4 exit=0 wall_ms=320671 text=f9c832b7cad1a509 role=child prefix_tokens=14282 suffix_tokens=31 model_ms=16340.0 context_ms=457.6 state_ms=63.37 prefix_ms=0.0 suffix_ms=2238.1 first_token_ms=23869.2 generation_ms=296375.5 generated=64 generation_tps=0.216
AGENT index=8 mig=fafc828a exit=0 wall_ms=225021 text=ae3f57b141780268 role=child prefix_tokens=14282 suffix_tokens=18 model_ms=19714.3 context_ms=339.3 state_ms=6.61 prefix_ms=0.0 suffix_ms=5557.9 first_token_ms=30649.3 generation_ms=192532.2 generated=64 generation_tps=0.332
AGENT index=9 mig=31ffbfe4 exit=0 wall_ms=327797 text=a2d016def74ecc62 role=child prefix_tokens=14282 suffix_tokens=18 model_ms=18569.7 context_ms=355.1 state_ms=43.78 prefix_ms=0.0 suffix_ms=7550.5 first_token_ms=31315.5 generation_ms=296054.6 generated=64 generation_tps=0.216
AGENT index=10 mig=fafc828a exit=0 wall_ms=220362 text=a733f3a39259263c role=child prefix_tokens=14282 suffix_tokens=18 model_ms=19447.1 context_ms=334.0 state_ms=29.74 prefix_ms=0.0 suffix_ms=5417.3 first_token_ms=29833.3 generation_ms=190038.7 generated=64 generation_tps=0.337
AGENT index=11 mig=31ffbfe4 exit=0 wall_ms=323634 text=087278665f3dec68 role=child prefix_tokens=14282 suffix_tokens=22 model_ms=18009.5 context_ms=569.0 state_ms=46.62 prefix_ms=0.0 suffix_ms=6420.9 first_token_ms=29674.7 generation_ms=293541.5 generated=64 generation_tps=0.218
AGENT index=12 mig=fafc828a exit=0 wall_ms=223451 text=2c93819fe85df763 role=child prefix_tokens=14282 suffix_tokens=21 model_ms=18292.2 context_ms=674.1 state_ms=34.20 prefix_ms=0.0 suffix_ms=5132.4 first_token_ms=29257.9 generation_ms=193431.9 generated=64 generation_tps=0.331
AGENT index=13 mig=31ffbfe4 exit=0 wall_ms=330297 text=5d483815f91685a6 role=child prefix_tokens=14282 suffix_tokens=31 model_ms=19336.4 context_ms=253.1 state_ms=6.22 prefix_ms=0.0 suffix_ms=8848.8 first_token_ms=33548.9 generation_ms=295283.6 generated=64 generation_tps=0.217
AGENT index=14 mig=fafc828a exit=0 wall_ms=218748 text=3f33f20708943e2f role=child prefix_tokens=14282 suffix_tokens=21 model_ms=17715.5 context_ms=431.0 state_ms=21.01 prefix_ms=0.0 suffix_ms=2700.0 first_token_ms=25414.2 generation_ms=192819.6 generated=64 generation_tps=0.332
AGENT index=15 mig=31ffbfe4 exit=0 wall_ms=329281 text=0502c45076359254 role=child prefix_tokens=14282 suffix_tokens=26 model_ms=19506.2 context_ms=236.6 state_ms=6.37 prefix_ms=0.0 suffix_ms=9034.4 first_token_ms=34118.4 generation_ms=294494.0 generated=64 generation_tps=0.217
AGENT index=16 mig=fafc828a exit=0 wall_ms=212364 text=0ebc8757605c5571 role=child prefix_tokens=14282 suffix_tokens=25 model_ms=15836.4 context_ms=653.9 state_ms=55.09 prefix_ms=0.0 suffix_ms=1603.7 first_token_ms=22747.7 generation_ms=189153.4 generated=64 generation_tps=0.338
AGENT index=17 mig=31ffbfe4 exit=0 wall_ms=328499 text=5d7dbcf0a7eca76c role=child prefix_tokens=14282 suffix_tokens=22 model_ms=19595.0 context_ms=482.3 state_ms=8.10 prefix_ms=0.0 suffix_ms=8700.0 first_token_ms=33434.6 generation_ms=294601.9 generated=64 generation_tps=0.217
AGENT index=18 mig=fafc828a exit=0 wall_ms=220729 text=cb99e4b1c2fd84d5 role=child prefix_tokens=14282 suffix_tokens=21 model_ms=17437.7 context_ms=595.5 state_ms=32.44 prefix_ms=0.0 suffix_ms=3638.1 first_token_ms=26498.2 generation_ms=193652.0 generated=64 generation_tps=0.330
AGENT index=19 mig=31ffbfe4 exit=0 wall_ms=330445 text=4c7501e634d9bf23 role=child prefix_tokens=14282 suffix_tokens=18 model_ms=20245.1 context_ms=236.8 state_ms=7.48 prefix_ms=0.0 suffix_ms=8864.3 first_token_ms=33952.2 generation_ms=295116.5 generated=64 generation_tps=0.217
AGENT index=20 mig=fafc828a exit=0 wall_ms=222961 text=b3893059e7e79532 role=child prefix_tokens=14282 suffix_tokens=21 model_ms=19590.3 context_ms=628.2 state_ms=8.33 prefix_ms=0.0 suffix_ms=5483.8 first_token_ms=30372.2 generation_ms=191959.5 generated=64 generation_tps=0.333
AGENT index=21 mig=31ffbfe4 exit=0 wall_ms=315831 text=284eef78a2286715 role=child prefix_tokens=14282 suffix_tokens=26 model_ms=14262.9 context_ms=1237.4 state_ms=58.59 prefix_ms=0.0 suffix_ms=1990.9 first_token_ms=22574.9 generation_ms=292804.8 generated=64 generation_tps=0.219
AGENT index=22 mig=fafc828a exit=0 wall_ms=222374 text=ad3122b47bf9d41d role=child prefix_tokens=14282 suffix_tokens=27 model_ms=17660.6 context_ms=507.5 state_ms=54.56 prefix_ms=0.0 suffix_ms=5457.2 first_token_ms=28693.6 generation_ms=193157.2 generated=64 generation_tps=0.331
AGENT index=23 mig=31ffbfe4 exit=0 wall_ms=327595 text=f79224e341ba5115 role=child prefix_tokens=14282 suffix_tokens=17 model_ms=18557.6 context_ms=575.2 state_ms=37.69 prefix_ms=0.0 suffix_ms=7230.1 first_token_ms=30989.5 generation_ms=296142.6 generated=64 generation_tps=0.216
AGENT index=24 mig=fafc828a exit=0 wall_ms=214650 text=9834d2c93010cb40 role=child prefix_tokens=14282 suffix_tokens=22 model_ms=15391.9 context_ms=651.0 state_ms=56.70 prefix_ms=0.0 suffix_ms=1986.5 first_token_ms=22967.6 generation_ms=191222.5 generated=64 generation_tps=0.335
AGENT index=25 mig=31ffbfe4 exit=0 wall_ms=330101 text=da4c2dca73ac54e0 role=child prefix_tokens=14282 suffix_tokens=23 model_ms=18639.0 context_ms=431.3 state_ms=35.58 prefix_ms=0.0 suffix_ms=8360.3 first_token_ms=32799.2 generation_ms=296328.8 generated=64 generation_tps=0.216
AGENT index=26 mig=fafc828a exit=0 wall_ms=224572 text=07ec2de36a00f7a1 role=child prefix_tokens=14282 suffix_tokens=19 model_ms=19525.3 context_ms=478.2 state_ms=11.64 prefix_ms=0.0 suffix_ms=5522.0 first_token_ms=30470.9 generation_ms=192494.9 generated=64 generation_tps=0.332
AGENT index=27 mig=31ffbfe4 exit=0 wall_ms=217399 text=e1e29071a16e2061 role=child prefix_tokens=14282 suffix_tokens=21 model_ms=5797.7 context_ms=3714.1 state_ms=15.40 prefix_ms=0.0 suffix_ms=2602.0 first_token_ms=16709.8 generation_ms=200164.5 generated=64 generation_tps=0.320
AGENT index=28 mig=fafc828a exit=0 wall_ms=224877 text=1c65ed1020843e8d role=child prefix_tokens=14282 suffix_tokens=20 model_ms=19839.2 context_ms=310.1 state_ms=11.76 prefix_ms=0.0 suffix_ms=5512.6 first_token_ms=30477.3 generation_ms=192879.3 generated=64 generation_tps=0.332
AGENT index=29 mig=31ffbfe4 exit=0 wall_ms=328859 text=a72f71cd80731afe role=child prefix_tokens=14282 suffix_tokens=22 model_ms=18673.8 context_ms=638.6 state_ms=14.58 prefix_ms=0.0 suffix_ms=8390.0 first_token_ms=32719.3 generation_ms=295530.6 generated=64 generation_tps=0.217
AGENT index=30 mig=fafc828a exit=0 wall_ms=168413 text=317f6f38771a1e41 role=child prefix_tokens=14282 suffix_tokens=20 model_ms=9465.0 context_ms=1211.7 state_ms=15.94 prefix_ms=0.0 suffix_ms=1383.7 first_token_ms=17279.5 generation_ms=150647.8 generated=64 generation_tps=0.425
AGENT index=31 mig=31ffbfe4 exit=0 wall_ms=238764 text=1b4036771dcdadef role=child prefix_tokens=14282 suffix_tokens=22 model_ms=10604.9 context_ms=901.3 state_ms=16.19 prefix_ms=0.0 suffix_ms=1247.0 first_token_ms=17316.2 generation_ms=221073.2 generated=64 generation_tps=0.289
AGENT index=32 mig=fafc828a exit=0 wall_ms=220690 text=3f50371ecb0032a2 role=child prefix_tokens=14282 suffix_tokens=28 model_ms=16988.8 context_ms=460.7 state_ms=52.89 prefix_ms=0.0 suffix_ms=3706.7 first_token_ms=26104.1 generation_ms=194020.4 generated=64 generation_tps=0.330
AGENT index=33 mig=31ffbfe4 exit=0 wall_ms=241920 text=5b450cf9627e77b9 role=child prefix_tokens=14282 suffix_tokens=23 model_ms=10339.6 context_ms=942.6 state_ms=15.78 prefix_ms=0.0 suffix_ms=1266.2 first_token_ms=17365.0 generation_ms=224158.2 generated=64 generation_tps=0.286
AGENT index=34 mig=fafc828a exit=0 wall_ms=223828 text=8fe64643182c4081 role=child prefix_tokens=14282 suffix_tokens=25 model_ms=19119.2 context_ms=380.2 state_ms=7.22 prefix_ms=0.0 suffix_ms=6220.4 first_token_ms=31166.1 generation_ms=191720.8 generated=64 generation_tps=0.334
AGENT index=35 mig=31ffbfe4 exit=0 wall_ms=330145 text=ab418a5e41977b06 role=child prefix_tokens=14282 suffix_tokens=33 model_ms=19709.4 context_ms=246.2 state_ms=8.73 prefix_ms=0.0 suffix_ms=11011.2 first_token_ms=36060.9 generation_ms=292735.3 generated=64 generation_tps=0.219
AGENT index=36 mig=fafc828a exit=0 wall_ms=157242 text=2852504019aca3b6 role=child prefix_tokens=14282 suffix_tokens=24 model_ms=7101.3 context_ms=2264.3 state_ms=11.47 prefix_ms=0.0 suffix_ms=1612.8 first_token_ms=16470.6 generation_ms=136632.1 generated=64 generation_tps=0.468
AGENT index=37 mig=31ffbfe4 exit=0 wall_ms=327996 text=bef1e0801c6e655f role=child prefix_tokens=14282 suffix_tokens=27 model_ms=19573.8 context_ms=472.2 state_ms=12.10 prefix_ms=0.0 suffix_ms=8863.1 first_token_ms=33551.9 generation_ms=293999.8 generated=64 generation_tps=0.218
AGENT index=38 mig=fafc828a exit=0 wall_ms=215516 text=03d3cecc4e2c4ef7 role=child prefix_tokens=14282 suffix_tokens=22 model_ms=15258.6 context_ms=400.9 state_ms=14.89 prefix_ms=0.0 suffix_ms=2034.0 first_token_ms=23103.0 generation_ms=191998.2 generated=64 generation_tps=0.333
AGENT index=39 mig=31ffbfe4 exit=0 wall_ms=311052 text=f9c832b7cad1a509 role=child prefix_tokens=14282 suffix_tokens=32 model_ms=14481.3 context_ms=480.4 state_ms=14.44 prefix_ms=0.0 suffix_ms=1978.4 first_token_ms=21653.5 generation_ms=288974.4 generated=64 generation_tps=0.221
AGENT index=40 mig=fafc828a exit=0 wall_ms=223549 text=1bedc9985ebffdf3 role=child prefix_tokens=14282 suffix_tokens=19 model_ms=18331.7 context_ms=707.1 state_ms=42.59 prefix_ms=0.0 suffix_ms=5368.0 first_token_ms=29277.2 generation_ms=193328.6 generated=64 generation_tps=0.331
AGENT index=41 mig=31ffbfe4 exit=0 wall_ms=328912 text=45248c21a8c64213 role=child prefix_tokens=14282 suffix_tokens=19 model_ms=19407.4 context_ms=422.2 state_ms=10.53 prefix_ms=0.0 suffix_ms=8723.5 first_token_ms=33457.9 generation_ms=294760.8 generated=64 generation_tps=0.217
AGENT index=42 mig=fafc828a exit=0 wall_ms=223708 text=c2b860976d76c188 role=child prefix_tokens=14282 suffix_tokens=18 model_ms=18087.3 context_ms=612.9 state_ms=24.19 prefix_ms=0.0 suffix_ms=5305.9 first_token_ms=29153.9 generation_ms=193542.0 generated=64 generation_tps=0.331
AGENT index=43 mig=31ffbfe4 exit=0 wall_ms=330633 text=7f088fd1d1738f8b role=child prefix_tokens=14282 suffix_tokens=22 model_ms=19600.6 context_ms=269.8 state_ms=6.21 prefix_ms=0.0 suffix_ms=8887.5 first_token_ms=33898.6 generation_ms=295315.8 generated=64 generation_tps=0.217
AGENT index=44 mig=fafc828a exit=0 wall_ms=221370 text=f631ba01e55b49fa role=child prefix_tokens=14282 suffix_tokens=21 model_ms=17912.4 context_ms=438.0 state_ms=41.39 prefix_ms=0.0 suffix_ms=4020.2 first_token_ms=27458.3 generation_ms=193399.0 generated=64 generation_tps=0.331
AGENT index=45 mig=31ffbfe4 exit=0 wall_ms=330411 text=5d483815f91685a6 role=child prefix_tokens=14282 suffix_tokens=31 model_ms=18463.4 context_ms=487.8 state_ms=23.53 prefix_ms=0.0 suffix_ms=8484.3 first_token_ms=32846.6 generation_ms=296010.1 generated=64 generation_tps=0.216
AGENT index=46 mig=fafc828a exit=0 wall_ms=171412 text=56be8609eb72cb4a role=child prefix_tokens=14282 suffix_tokens=21 model_ms=10561.5 context_ms=662.8 state_ms=16.30 prefix_ms=0.0 suffix_ms=1305.1 first_token_ms=17678.7 generation_ms=153287.1 generated=64 generation_tps=0.418
AGENT index=47 mig=31ffbfe4 exit=0 wall_ms=325539 text=0d9668c2f9cbc9fc role=child prefix_tokens=14282 suffix_tokens=26 model_ms=19555.5 context_ms=315.6 state_ms=34.53 prefix_ms=0.0 suffix_ms=8723.8 first_token_ms=33114.8 generation_ms=291976.2 generated=64 generation_tps=0.219
AGENT index=48 mig=fafc828a exit=0 wall_ms=225062 text=27f58a7742c668f5 role=child prefix_tokens=14282 suffix_tokens=25 model_ms=19127.9 context_ms=439.3 state_ms=7.55 prefix_ms=0.0 suffix_ms=6113.8 first_token_ms=30872.2 generation_ms=192536.7 generated=64 generation_tps=0.332
AGENT index=49 mig=31ffbfe4 exit=0 wall_ms=329223 text=facc2c2ea4689e1e role=child prefix_tokens=14282 suffix_tokens=22 model_ms=18880.5 context_ms=762.1 state_ms=52.54 prefix_ms=0.0 suffix_ms=8546.2 first_token_ms=33156.1 generation_ms=295285.1 generated=64 generation_tps=0.217
AGENT index=50 mig=fafc828a exit=0 wall_ms=224214 text=64fd37c296cb1dd5 role=child prefix_tokens=14282 suffix_tokens=21 model_ms=19953.5 context_ms=227.2 state_ms=6.34 prefix_ms=0.0 suffix_ms=5674.2 first_token_ms=30679.1 generation_ms=192066.7 generated=64 generation_tps=0.333
AGENT index=51 mig=31ffbfe4 exit=0 wall_ms=329489 text=4c7501e634d9bf23 role=child prefix_tokens=14282 suffix_tokens=18 model_ms=19156.4 context_ms=408.0 state_ms=15.50 prefix_ms=0.0 suffix_ms=8634.8 first_token_ms=33361.8 generation_ms=295374.5 generated=64 generation_tps=0.217
AGENT index=52 mig=fafc828a exit=0 wall_ms=223154 text=b3893059e7e79532 role=child prefix_tokens=14282 suffix_tokens=21 model_ms=17416.1 context_ms=622.3 state_ms=30.42 prefix_ms=0.0 suffix_ms=5545.3 first_token_ms=28975.8 generation_ms=193479.0 generated=64 generation_tps=0.331
AGENT index=53 mig=31ffbfe4 exit=0 wall_ms=330686 text=11e4c2a85150fa06 role=child prefix_tokens=14282 suffix_tokens=26 model_ms=18853.5 context_ms=614.6 state_ms=50.38 prefix_ms=0.0 suffix_ms=8938.2 first_token_ms=33062.9 generation_ms=295992.4 generated=64 generation_tps=0.216
AGENT index=54 mig=fafc828a exit=0 wall_ms=221600 text=3b6f5b9c968721eb role=child prefix_tokens=14282 suffix_tokens=27 model_ms=20013.6 context_ms=237.0 state_ms=10.33 prefix_ms=0.0 suffix_ms=6220.7 first_token_ms=31068.6 generation_ms=190099.4 generated=64 generation_tps=0.337
AGENT index=55 mig=31ffbfe4 exit=0 wall_ms=318408 text=7e4fad52bd577abf role=child prefix_tokens=14282 suffix_tokens=17 model_ms=14284.5 context_ms=1194.4 state_ms=39.44 prefix_ms=0.0 suffix_ms=2108.8 first_token_ms=23163.7 generation_ms=294796.1 generated=64 generation_tps=0.217
AGENT index=56 mig=fafc828a exit=0 wall_ms=224387 text=9834d2c93010cb40 role=child prefix_tokens=14282 suffix_tokens=22 model_ms=19111.2 context_ms=321.3 state_ms=10.46 prefix_ms=0.0 suffix_ms=5697.4 first_token_ms=30613.9 generation_ms=192782.8 generated=64 generation_tps=0.332
AGENT index=57 mig=31ffbfe4 exit=0 wall_ms=329623 text=a4e76b0a1993f6d6 role=child prefix_tokens=14282 suffix_tokens=23 model_ms=19450.7 context_ms=479.3 state_ms=20.15 prefix_ms=0.0 suffix_ms=8721.6 first_token_ms=33436.5 generation_ms=295177.0 generated=64 generation_tps=0.217
AGENT index=58 mig=fafc828a exit=0 wall_ms=221384 text=359d7b30e6a9a9fc role=child prefix_tokens=14282 suffix_tokens=19 model_ms=17971.3 context_ms=580.0 state_ms=46.92 prefix_ms=0.0 suffix_ms=3635.1 first_token_ms=26777.8 generation_ms=194115.3 generated=64 generation_tps=0.330
AGENT index=59 mig=31ffbfe4 exit=0 wall_ms=329356 text=7b1e906b43903ada role=child prefix_tokens=14282 suffix_tokens=21 model_ms=19756.7 context_ms=322.1 state_ms=9.14 prefix_ms=0.0 suffix_ms=8863.0 first_token_ms=33797.3 generation_ms=294720.6 generated=64 generation_tps=0.217
AGENT index=60 mig=fafc828a exit=0 wall_ms=224514 text=23f27e20526aad11 role=child prefix_tokens=14282 suffix_tokens=20 model_ms=19570.3 context_ms=421.0 state_ms=10.90 prefix_ms=0.0 suffix_ms=5605.4 first_token_ms=30366.7 generation_ms=192737.3 generated=64 generation_tps=0.332
AGENT index=61 mig=31ffbfe4 exit=0 wall_ms=318093 text=a61a16a4bc46c53d role=child prefix_tokens=14282 suffix_tokens=22 model_ms=14600.6 context_ms=1149.3 state_ms=69.88 prefix_ms=0.0 suffix_ms=2227.9 first_token_ms=23055.6 generation_ms=294609.2 generated=64 generation_tps=0.217
AGENT index=62 mig=fafc828a exit=0 wall_ms=222871 text=dbac730f9e3a3df4 role=child prefix_tokens=14282 suffix_tokens=20 model_ms=18125.7 context_ms=469.9 state_ms=38.52 prefix_ms=0.0 suffix_ms=5488.1 first_token_ms=29433.2 generation_ms=192834.4 generated=64 generation_tps=0.332
AGENT index=63 mig=31ffbfe4 exit=0 wall_ms=330152 text=cd56b7d8c4ff1887 role=child prefix_tokens=14282 suffix_tokens=22 model_ms=18618.8 context_ms=623.0 state_ms=13.11 prefix_ms=0.0 suffix_ms=8662.3 first_token_ms=33341.7 generation_ms=295619.2 generated=64 generation_tps=0.216
AGENT index=64 mig=fafc828a exit=0 wall_ms=222449 text=a067a6895417f0e8 role=child prefix_tokens=14282 suffix_tokens=28 model_ms=17012.9 context_ms=429.1 state_ms=70.78 prefix_ms=0.0 suffix_ms=4056.8 first_token_ms=27076.5 generation_ms=194901.5 generated=64 generation_tps=0.328
AGENT index=65 mig=31ffbfe4 exit=0 wall_ms=319553 text=664acbfcf59959c4 role=child prefix_tokens=14282 suffix_tokens=23 model_ms=16246.3 context_ms=373.2 state_ms=62.27 prefix_ms=0.0 suffix_ms=2111.4 first_token_ms=23549.7 generation_ms=295582.7 generated=64 generation_tps=0.217
AGENT index=66 mig=fafc828a exit=0 wall_ms=223264 text=8fe64643182c4081 role=child prefix_tokens=14282 suffix_tokens=25 model_ms=19547.7 context_ms=121.6 state_ms=6.57 prefix_ms=0.0 suffix_ms=6221.5 first_token_ms=31145.2 generation_ms=191343.6 generated=64 generation_tps=0.334
AGENT index=67 mig=31ffbfe4 exit=0 wall_ms=330221 text=077e38d3762a4e5d role=child prefix_tokens=14282 suffix_tokens=33 model_ms=19281.1 context_ms=543.6 state_ms=18.22 prefix_ms=0.0 suffix_ms=10577.7 first_token_ms=34925.5 generation_ms=294015.6 generated=64 generation_tps=0.218
AGENT index=68 mig=fafc828a exit=0 wall_ms=220703 text=4d2fc992c2841379 role=child prefix_tokens=14282 suffix_tokens=24 model_ms=17212.8 context_ms=498.9 state_ms=21.02 prefix_ms=0.0 suffix_ms=2657.0 first_token_ms=25361.4 generation_ms=194779.0 generated=64 generation_tps=0.329
AGENT index=69 mig=31ffbfe4 exit=0 wall_ms=330328 text=6ce00e8033df1792 role=child prefix_tokens=14282 suffix_tokens=27 model_ms=18673.5 context_ms=490.5 state_ms=12.34 prefix_ms=0.0 suffix_ms=8893.0 first_token_ms=33584.3 generation_ms=295462.6 generated=64 generation_tps=0.217
AGENT index=70 mig=fafc828a exit=0 wall_ms=222931 text=312bed507beb25e1 role=child prefix_tokens=14282 suffix_tokens=22 model_ms=19438.7 context_ms=383.7 state_ms=8.21 prefix_ms=0.0 suffix_ms=5692.2 first_token_ms=30509.8 generation_ms=191744.1 generated=64 generation_tps=0.334
AGENT index=71 mig=31ffbfe4 exit=0 wall_ms=325165 text=13e4dfd293d8126f role=child prefix_tokens=14282 suffix_tokens=32 model_ms=17241.3 context_ms=331.1 state_ms=58.57 prefix_ms=0.0 suffix_ms=4851.6 first_token_ms=27454.2 generation_ms=297285.6 generated=64 generation_tps=0.215
AGENT index=72 mig=fafc828a exit=0 wall_ms=169823 text=724c6fed862eef57 role=child prefix_tokens=14282 suffix_tokens=19 model_ms=11139.7 context_ms=882.7 state_ms=15.45 prefix_ms=0.0 suffix_ms=1084.4 first_token_ms=17579.6 generation_ms=151814.0 generated=64 generation_tps=0.422
AGENT index=73 mig=31ffbfe4 exit=0 wall_ms=330395 text=f69b628d0f4868ff role=child prefix_tokens=14282 suffix_tokens=19 model_ms=18858.5 context_ms=270.8 state_ms=27.11 prefix_ms=0.0 suffix_ms=8586.8 first_token_ms=32986.5 generation_ms=295853.3 generated=64 generation_tps=0.216
AGENT index=74 mig=fafc828a exit=0 wall_ms=220625 text=95997adc906fa24a role=child prefix_tokens=14282 suffix_tokens=18 model_ms=18078.4 context_ms=747.4 state_ms=20.92 prefix_ms=0.0 suffix_ms=5510.3 first_token_ms=29605.1 generation_ms=190366.7 generated=64 generation_tps=0.336
AGENT index=75 mig=31ffbfe4 exit=0 wall_ms=311136 text=8aaf40a95565910c role=child prefix_tokens=14282 suffix_tokens=22 model_ms=14689.2 context_ms=631.8 state_ms=22.97 prefix_ms=0.0 suffix_ms=1922.8 first_token_ms=21628.9 generation_ms=289125.7 generated=64 generation_tps=0.221
AGENT index=76 mig=fafc828a exit=0 wall_ms=221683 text=2c93819fe85df763 role=child prefix_tokens=14282 suffix_tokens=21 model_ms=17565.6 context_ms=421.5 state_ms=31.02 prefix_ms=0.0 suffix_ms=3102.7 first_token_ms=26348.3 generation_ms=194902.7 generated=64 generation_tps=0.328
AGENT index=77 mig=31ffbfe4 exit=0 wall_ms=324456 text=5d483815f91685a6 role=child prefix_tokens=14282 suffix_tokens=31 model_ms=16376.9 context_ms=368.3 state_ms=50.24 prefix_ms=0.0 suffix_ms=3994.9 first_token_ms=25838.3 generation_ms=298166.1 generated=64 generation_tps=0.215
AGENT index=78 mig=fafc828a exit=0 wall_ms=224698 text=3f33f20708943e2f role=child prefix_tokens=14282 suffix_tokens=21 model_ms=19753.8 context_ms=296.2 state_ms=6.50 prefix_ms=0.0 suffix_ms=5704.8 first_token_ms=30523.3 generation_ms=192743.2 generated=64 generation_tps=0.332
AGENT index=79 mig=31ffbfe4 exit=0 wall_ms=330565 text=0d9668c2f9cbc9fc role=child prefix_tokens=14282 suffix_tokens=26 model_ms=18840.1 context_ms=442.2 state_ms=6.53 prefix_ms=0.0 suffix_ms=8986.2 first_token_ms=33669.8 generation_ms=295446.5 generated=64 generation_tps=0.217
AGENT index=80 mig=fafc828a exit=0 wall_ms=222367 text=86d4ee1044251a25 role=child prefix_tokens=14282 suffix_tokens=25 model_ms=19979.0 context_ms=238.1 state_ms=6.77 prefix_ms=0.0 suffix_ms=6191.5 first_token_ms=31086.8 generation_ms=190676.0 generated=64 generation_tps=0.336
AGENT index=81 mig=31ffbfe4 exit=0 wall_ms=330149 text=6bd685fbc4b441ec role=child prefix_tokens=14282 suffix_tokens=22 model_ms=18886.7 context_ms=542.3 state_ms=11.60 prefix_ms=0.0 suffix_ms=8728.6 first_token_ms=33374.9 generation_ms=295705.7 generated=64 generation_tps=0.216
AGENT index=82 mig=fafc828a exit=0 wall_ms=219068 text=ce66287a7832a2bb role=child prefix_tokens=14282 suffix_tokens=21 model_ms=16079.6 context_ms=367.1 state_ms=33.49 prefix_ms=0.0 suffix_ms=2443.2 first_token_ms=24464.4 generation_ms=194182.4 generated=64 generation_tps=0.330
AGENT index=83 mig=31ffbfe4 exit=0 wall_ms=330635 text=cdf6d4762f0ad9c6 role=child prefix_tokens=14282 suffix_tokens=18 model_ms=18502.2 context_ms=534.4 state_ms=6.75 prefix_ms=0.0 suffix_ms=8652.0 first_token_ms=33201.5 generation_ms=295823.3 generated=64 generation_tps=0.216
AGENT index=84 mig=fafc828a exit=0 wall_ms=221908 text=621bb723edc357c2 role=child prefix_tokens=14282 suffix_tokens=21 model_ms=19911.1 context_ms=369.8 state_ms=8.98 prefix_ms=0.0 suffix_ms=5675.1 first_token_ms=30529.0 generation_ms=190794.1 generated=64 generation_tps=0.335
AGENT index=85 mig=31ffbfe4 exit=0 wall_ms=330632 text=b8578943aeaf7387 role=child prefix_tokens=14282 suffix_tokens=26 model_ms=19227.1 context_ms=298.0 state_ms=6.48 prefix_ms=0.0 suffix_ms=8968.9 first_token_ms=33732.2 generation_ms=295281.2 generated=64 generation_tps=0.217
AGENT index=86 mig=fafc828a exit=0 wall_ms=212460 text=bc92b0cfd69b8bd4 role=child prefix_tokens=14282 suffix_tokens=27 model_ms=14968.9 context_ms=597.3 state_ms=34.68 prefix_ms=0.0 suffix_ms=1726.5 first_token_ms=22405.7 generation_ms=189613.7 generated=64 generation_tps=0.338
AGENT index=87 mig=31ffbfe4 exit=0 wall_ms=328235 text=46daf195b61b12ee role=child prefix_tokens=14282 suffix_tokens=17 model_ms=19087.0 context_ms=435.2 state_ms=9.74 prefix_ms=0.0 suffix_ms=8487.1 first_token_ms=32980.4 generation_ms=294779.7 generated=64 generation_tps=0.217
AGENT index=88 mig=fafc828a exit=0 wall_ms=223470 text=fb072021023b5031 role=child prefix_tokens=14282 suffix_tokens=22 model_ms=18791.3 context_ms=547.6 state_ms=12.64 prefix_ms=0.0 suffix_ms=5451.1 first_token_ms=29710.3 generation_ms=192822.3 generated=64 generation_tps=0.332
AGENT index=89 mig=31ffbfe4 exit=0 wall_ms=328617 text=1dc70f9673b0dd57 role=child prefix_tokens=14282 suffix_tokens=23 model_ms=19403.6 context_ms=583.5 state_ms=13.33 prefix_ms=0.0 suffix_ms=8643.3 first_token_ms=33291.8 generation_ms=294766.2 generated=64 generation_tps=0.217
AGENT index=90 mig=fafc828a exit=0 wall_ms=224351 text=9aa85e1403c22284 role=child prefix_tokens=14282 suffix_tokens=19 model_ms=19721.9 context_ms=250.4 state_ms=6.47 prefix_ms=0.0 suffix_ms=5554.0 first_token_ms=30367.0 generation_ms=192650.8 generated=64 generation_tps=0.332
AGENT index=91 mig=31ffbfe4 exit=0 wall_ms=329398 text=0ec120ad804ad591 role=child prefix_tokens=14282 suffix_tokens=21 model_ms=18762.1 context_ms=400.4 state_ms=46.08 prefix_ms=0.0 suffix_ms=8600.1 first_token_ms=32824.5 generation_ms=295885.0 generated=64 generation_tps=0.216
AGENT index=92 mig=fafc828a exit=0 wall_ms=170032 text=4a33e463a3e8f524 role=child prefix_tokens=14282 suffix_tokens=20 model_ms=9315.7 context_ms=1190.7 state_ms=15.61 prefix_ms=0.0 suffix_ms=1250.5 first_token_ms=17057.8 generation_ms=152517.1 generated=64 generation_tps=0.420
AGENT index=93 mig=31ffbfe4 exit=0 wall_ms=330627 text=a56a85c42cb9bcf4 role=child prefix_tokens=14282 suffix_tokens=22 model_ms=19250.2 context_ms=98.2 state_ms=6.42 prefix_ms=0.0 suffix_ms=8864.3 first_token_ms=33741.7 generation_ms=295401.9 generated=64 generation_tps=0.217
AGENT index=94 mig=fafc828a exit=0 wall_ms=221874 text=5b96a105ed76f9fa role=child prefix_tokens=14282 suffix_tokens=20 model_ms=19355.1 context_ms=503.4 state_ms=6.55 prefix_ms=0.0 suffix_ms=5556.6 first_token_ms=30211.4 generation_ms=191102.0 generated=64 generation_tps=0.335
AGENT index=95 mig=31ffbfe4 exit=0 wall_ms=327948 text=4ed1e788823f7ae6 role=child prefix_tokens=14282 suffix_tokens=22 model_ms=17831.2 context_ms=447.0 state_ms=46.45 prefix_ms=0.0 suffix_ms=7230.0 first_token_ms=30682.5 generation_ms=296807.8 generated=64 generation_tps=0.216
AGENT index=96 mig=fafc828a exit=0 wall_ms=224551 text=a067a6895417f0e8 role=child prefix_tokens=14282 suffix_tokens=28 model_ms=19727.1 context_ms=368.2 state_ms=9.30 prefix_ms=0.0 suffix_ms=6116.9 first_token_ms=30862.6 generation_ms=191961.4 generated=64 generation_tps=0.333
AGENT index=97 mig=31ffbfe4 exit=0 wall_ms=330008 text=5b450cf9627e77b9 role=child prefix_tokens=14282 suffix_tokens=23 model_ms=19164.8 context_ms=444.5 state_ms=35.21 prefix_ms=0.0 suffix_ms=8608.4 first_token_ms=33026.8 generation_ms=295853.0 generated=64 generation_tps=0.216
AGENT index=98 mig=fafc828a exit=0 wall_ms=212228 text=2ecfd34dfa486110 role=child prefix_tokens=14282 suffix_tokens=25 model_ms=14687.1 context_ms=895.8 state_ms=14.16 prefix_ms=0.0 suffix_ms=2651.1 first_token_ms=22544.6 generation_ms=189180.1 generated=64 generation_tps=0.338
AGENT index=99 mig=31ffbfe4 exit=0 wall_ms=330382 text=f1b10c0aeb700d09 role=child prefix_tokens=14282 suffix_tokens=33 model_ms=18688.3 context_ms=454.7 state_ms=7.91 prefix_ms=0.0 suffix_ms=10894.5 first_token_ms=35508.1 generation_ms=293624.0 generated=64 generation_tps=0.218
AGENT index=100 mig=fafc828a exit=0 wall_ms=158966 text=e4f7a0fff10da58f role=child prefix_tokens=14282 suffix_tokens=25 model_ms=8021.3 context_ms=1851.2 state_ms=15.55 prefix_ms=0.0 suffix_ms=1424.0 first_token_ms=16450.3 generation_ms=142092.8 generated=64 generation_tps=0.450
AGENT index=101 mig=31ffbfe4 exit=0 wall_ms=330294 text=4e58d1434e38d87b role=child prefix_tokens=14282 suffix_tokens=28 model_ms=19770.3 context_ms=375.4 state_ms=6.68 prefix_ms=0.0 suffix_ms=8986.6 first_token_ms=33754.9 generation_ms=295089.2 generated=64 generation_tps=0.217
AGENT index=102 mig=fafc828a exit=0 wall_ms=223885 text=74ff651a4aa431c6 role=child prefix_tokens=14282 suffix_tokens=23 model_ms=19093.7 context_ms=259.4 state_ms=10.61 prefix_ms=0.0 suffix_ms=5613.2 first_token_ms=30315.9 generation_ms=192453.0 generated=64 generation_tps=0.333
AGENT index=103 mig=31ffbfe4 exit=0 wall_ms=330371 text=f9c832b7cad1a509 role=child prefix_tokens=14282 suffix_tokens=33 model_ms=19121.6 context_ms=269.6 state_ms=6.83 prefix_ms=0.0 suffix_ms=11187.0 first_token_ms=35999.9 generation_ms=293070.0 generated=64 generation_tps=0.218
AGENT index=104 mig=fafc828a exit=0 wall_ms=224809 text=8d692aa4a801d17d role=child prefix_tokens=14282 suffix_tokens=20 model_ms=18727.5 context_ms=375.5 state_ms=12.06 prefix_ms=0.0 suffix_ms=5418.3 first_token_ms=29938.3 generation_ms=193290.6 generated=64 generation_tps=0.331
AGENT index=105 mig=31ffbfe4 exit=0 wall_ms=320789 text=d78bd735ec80af2b role=child prefix_tokens=14282 suffix_tokens=20 model_ms=15461.8 context_ms=653.3 state_ms=47.72 prefix_ms=0.0 suffix_ms=2396.0 first_token_ms=23791.2 generation_ms=296537.5 generated=64 generation_tps=0.216
AGENT index=106 mig=fafc828a exit=0 wall_ms=224634 text=0843554c3d590aaf role=child prefix_tokens=14282 suffix_tokens=19 model_ms=18602.8 context_ms=558.3 state_ms=13.97 prefix_ms=0.0 suffix_ms=5434.2 first_token_ms=29926.7 generation_ms=193261.7 generated=64 generation_tps=0.331
AGENT index=107 mig=31ffbfe4 exit=0 wall_ms=328741 text=087278665f3dec68 role=child prefix_tokens=14282 suffix_tokens=23 model_ms=18728.6 context_ms=652.6 state_ms=17.93 prefix_ms=0.0 suffix_ms=8536.0 first_token_ms=32715.0 generation_ms=295304.9 generated=64 generation_tps=0.217
AGENT index=108 mig=fafc828a exit=0 wall_ms=214467 text=2c93819fe85df763 role=child prefix_tokens=14282 suffix_tokens=22 model_ms=14737.6 context_ms=1065.4 state_ms=51.54 prefix_ms=0.0 suffix_ms=1862.2 first_token_ms=22679.4 generation_ms=191276.3 generated=64 generation_tps=0.335
AGENT index=109 mig=31ffbfe4 exit=0 wall_ms=330435 text=c2157cfb976018b5 role=child prefix_tokens=14282 suffix_tokens=32 model_ms=19447.7 context_ms=311.5 state_ms=6.26 prefix_ms=0.0 suffix_ms=9079.9 first_token_ms=33836.3 generation_ms=295108.5 generated=64 generation_tps=0.217
AGENT index=110 mig=fafc828a exit=0 wall_ms=224792 text=3f33f20708943e2f role=child prefix_tokens=14282 suffix_tokens=22 model_ms=19091.7 context_ms=213.2 state_ms=6.32 prefix_ms=0.0 suffix_ms=5709.1 first_token_ms=30426.0 generation_ms=192791.9 generated=64 generation_tps=0.332
AGENT index=111 mig=31ffbfe4 exit=0 wall_ms=323029 text=0d9668c2f9cbc9fc role=child prefix_tokens=14282 suffix_tokens=27 model_ms=16356.3 context_ms=319.1 state_ms=29.24 prefix_ms=0.0 suffix_ms=3124.3 first_token_ms=25008.5 generation_ms=297586.0 generated=64 generation_tps=0.215
AGENT index=112 mig=fafc828a exit=0 wall_ms=222488 text=787d0f2cb9f0f5f6 role=child prefix_tokens=14282 suffix_tokens=26 model_ms=18447.1 context_ms=398.8 state_ms=41.30 prefix_ms=0.0 suffix_ms=6205.5 first_token_ms=30368.5 generation_ms=191563.6 generated=64 generation_tps=0.334
AGENT index=113 mig=31ffbfe4 exit=0 wall_ms=329582 text=6bd685fbc4b441ec role=child prefix_tokens=14282 suffix_tokens=23 model_ms=18283.2 context_ms=652.8 state_ms=24.68 prefix_ms=0.0 suffix_ms=8540.4 first_token_ms=32233.6 generation_ms=296316.5 generated=64 generation_tps=0.216
AGENT index=114 mig=fafc828a exit=0 wall_ms=224688 text=2f3bcae6671ff31f role=child prefix_tokens=14282 suffix_tokens=22 model_ms=19448.6 context_ms=286.8 state_ms=10.79 prefix_ms=0.0 suffix_ms=5695.9 first_token_ms=30407.3 generation_ms=192698.0 generated=64 generation_tps=0.332
AGENT index=115 mig=31ffbfe4 exit=0 wall_ms=328813 text=4c7501e634d9bf23 role=child prefix_tokens=14282 suffix_tokens=19 model_ms=18827.8 context_ms=562.1 state_ms=6.06 prefix_ms=0.0 suffix_ms=8576.7 first_token_ms=33022.7 generation_ms=295178.4 generated=64 generation_tps=0.217
AGENT index=116 mig=fafc828a exit=0 wall_ms=222631 text=59ab8a91f9570afc role=child prefix_tokens=14282 suffix_tokens=22 model_ms=17572.8 context_ms=331.3 state_ms=67.33 prefix_ms=0.0 suffix_ms=4476.2 first_token_ms=27632.4 generation_ms=194306.2 generated=64 generation_tps=0.329
AGENT index=117 mig=31ffbfe4 exit=0 wall_ms=327236 text=397d44936e8841e9 role=child prefix_tokens=14282 suffix_tokens=27 model_ms=20261.6 context_ms=155.5 state_ms=6.49 prefix_ms=0.0 suffix_ms=8919.1 first_token_ms=33558.9 generation_ms=293239.2 generated=64 generation_tps=0.218
AGENT index=118 mig=fafc828a exit=0 wall_ms=219710 text=df0985d3d0c73de0 role=child prefix_tokens=14282 suffix_tokens=28 model_ms=16511.9 context_ms=241.1 state_ms=42.40 prefix_ms=0.0 suffix_ms=2775.7 first_token_ms=24907.6 generation_ms=194307.5 generated=64 generation_tps=0.329
AGENT index=119 mig=31ffbfe4 exit=0 wall_ms=319580 text=a94c9c83167a5f8c role=child prefix_tokens=14282 suffix_tokens=18 model_ms=14719.3 context_ms=938.1 state_ms=24.24 prefix_ms=0.0 suffix_ms=2272.9 first_token_ms=23238.2 generation_ms=295940.6 generated=64 generation_tps=0.216
AGENT index=120 mig=fafc828a exit=0 wall_ms=219814 text=9834d2c93010cb40 role=child prefix_tokens=14282 suffix_tokens=23 model_ms=16880.0 context_ms=610.9 state_ms=67.54 prefix_ms=0.0 suffix_ms=2354.7 first_token_ms=24750.3 generation_ms=194493.8 generated=64 generation_tps=0.329
AGENT index=121 mig=31ffbfe4 exit=0 wall_ms=322543 text=7a6a0515e5f4b2e4 role=child prefix_tokens=14282 suffix_tokens=24 model_ms=16844.2 context_ms=479.1 state_ms=78.51 prefix_ms=0.0 suffix_ms=3592.8 first_token_ms=25360.8 generation_ms=296752.2 generated=64 generation_tps=0.216
AGENT index=122 mig=fafc828a exit=0 wall_ms=224430 text=158a991a74f5c09c role=child prefix_tokens=14282 suffix_tokens=20 model_ms=19256.6 context_ms=221.0 state_ms=6.35 prefix_ms=0.0 suffix_ms=5552.6 first_token_ms=30269.4 generation_ms=192742.3 generated=64 generation_tps=0.332
AGENT index=123 mig=31ffbfe4 exit=0 wall_ms=326329 text=e38ea5b855370f1e role=child prefix_tokens=14282 suffix_tokens=22 model_ms=16791.5 context_ms=671.1 state_ms=46.97 prefix_ms=0.0 suffix_ms=5784.3 first_token_ms=28429.3 generation_ms=297448.4 generated=64 generation_tps=0.215
AGENT index=124 mig=fafc828a exit=0 wall_ms=224371 text=5442500eccbad2cf role=child prefix_tokens=14282 suffix_tokens=21 model_ms=19597.8 context_ms=243.4 state_ms=6.52 prefix_ms=0.0 suffix_ms=5770.7 first_token_ms=30521.9 generation_ms=192522.9 generated=64 generation_tps=0.332
AGENT index=125 mig=31ffbfe4 exit=0 wall_ms=327818 text=77ec1b209de8c3c4 role=child prefix_tokens=14282 suffix_tokens=23 model_ms=19042.5 context_ms=702.2 state_ms=15.23 prefix_ms=0.0 suffix_ms=8570.7 first_token_ms=32743.7 generation_ms=294591.3 generated=64 generation_tps=0.217
AGENT index=126 mig=fafc828a exit=0 wall_ms=224308 text=09fd41491d0c178b role=child prefix_tokens=14282 suffix_tokens=21 model_ms=19271.8 context_ms=221.4 state_ms=7.37 prefix_ms=0.0 suffix_ms=5720.2 first_token_ms=30438.5 generation_ms=192443.6 generated=64 generation_tps=0.333
AGENT index=127 mig=31ffbfe4 exit=0 wall_ms=326289 text=c5fb19c141f1ba26 role=child prefix_tokens=14282 suffix_tokens=23 model_ms=16479.6 context_ms=525.9 state_ms=46.43 prefix_ms=0.0 suffix_ms=5058.9 first_token_ms=27501.2 generation_ms=298380.2 generated=64 generation_tps=0.214
MEMORY mem_available_drop_mib=89857 mem_available_before_mib=119037 mem_free_before_mib=45646 pss_anon_mib=30747 pss_file_mib=7193 pss_shmem_mib=8233 device_mib=49536 samples=17
END_CASE failed_agents=0 wall_ms=331721
SKIPPED mode=both agents=136 mem_available_mib=119201
END_KVSTACK
BEGIN_KVSTACK run=6 context=16384 publisher_mig=31ffbfe4 mem_free_mib=48487 kernel_reclaimable_mib=67431
PUBLISH store=stock prefix_tokens=14282 prefix_ms=24852.6 publish_ms=503.35 state_bytes=819216229
PUBLISH store=device prefix_tokens=14282 prefix_ms=25104.0 publish_ms=505.03 state_bytes=819216229
PUBLISH store=huge prefix_tokens=14282 prefix_ms=25136.4 publish_ms=8.11 state_bytes=229221 file_used_kib=802816
CASE mode=both agents=128
AGENT index=0 mig=31ffbfe4 exit=0 wall_ms=327022 text=4605b6e04b2228eb role=child prefix_tokens=14282 suffix_tokens=27 model_ms=19382.0 context_ms=413.8 state_ms=54.38 prefix_ms=0.0 suffix_ms=8645.9 first_token_ms=33099.5 generation_ms=293478.2 generated=64 generation_tps=0.218
AGENT index=1 mig=fafc828a exit=0 wall_ms=219521 text=a5af93194a2d1ced role=child prefix_tokens=14282 suffix_tokens=22 model_ms=18276.4 context_ms=600.7 state_ms=61.79 prefix_ms=0.0 suffix_ms=4139.2 first_token_ms=27676.8 generation_ms=191376.1 generated=64 generation_tps=0.334
AGENT index=2 mig=31ffbfe4 exit=0 wall_ms=329044 text=37e5f08e6279aa62 role=child prefix_tokens=14282 suffix_tokens=24 model_ms=19722.1 context_ms=609.3 state_ms=12.51 prefix_ms=0.0 suffix_ms=8714.9 first_token_ms=33646.9 generation_ms=294538.6 generated=64 generation_tps=0.217
AGENT index=3 mig=fafc828a exit=0 wall_ms=225247 text=5e1ac569aa8b0faf role=child prefix_tokens=14282 suffix_tokens=32 model_ms=19571.1 context_ms=436.9 state_ms=8.10 prefix_ms=0.0 suffix_ms=6436.2 first_token_ms=31497.9 generation_ms=192149.4 generated=64 generation_tps=0.333
AGENT index=4 mig=31ffbfe4 exit=0 wall_ms=328817 text=6e3d8f07cfceb082 role=child prefix_tokens=14282 suffix_tokens=23 model_ms=19484.5 context_ms=534.7 state_ms=6.96 prefix_ms=0.0 suffix_ms=8501.9 first_token_ms=33353.1 generation_ms=294793.9 generated=64 generation_tps=0.217
AGENT index=5 mig=fafc828a exit=0 wall_ms=154319 text=47179dd0dcd49eb0 role=child prefix_tokens=14282 suffix_tokens=26 model_ms=8976.2 context_ms=2600.3 state_ms=13.81 prefix_ms=0.0 suffix_ms=1992.3 first_token_ms=17100.4 generation_ms=136739.7 generated=64 generation_tps=0.468
AGENT index=6 mig=31ffbfe4 exit=0 wall_ms=329843 text=f88f503d1005fa22 role=child prefix_tokens=14282 suffix_tokens=21 model_ms=19146.7 context_ms=481.6 state_ms=16.05 prefix_ms=0.0 suffix_ms=8824.6 first_token_ms=33374.1 generation_ms=295252.3 generated=64 generation_tps=0.217
AGENT index=7 mig=fafc828a exit=0 wall_ms=223038 text=f9c832b7cad1a509 role=child prefix_tokens=14282 suffix_tokens=31 model_ms=20115.7 context_ms=201.4 state_ms=11.03 prefix_ms=0.0 suffix_ms=6446.9 first_token_ms=31644.2 generation_ms=190728.2 generated=64 generation_tps=0.336
AGENT index=8 mig=31ffbfe4 exit=0 wall_ms=326418 text=a3c806a5411bc6e6 role=child prefix_tokens=14282 suffix_tokens=18 model_ms=18809.4 context_ms=597.7 state_ms=24.06 prefix_ms=0.0 suffix_ms=8598.1 first_token_ms=32621.8 generation_ms=293342.3 generated=64 generation_tps=0.218
AGENT index=9 mig=fafc828a exit=0 wall_ms=215032 text=a2d016def74ecc62 role=child prefix_tokens=14282 suffix_tokens=18 model_ms=15523.2 context_ms=1118.4 state_ms=47.85 prefix_ms=0.0 suffix_ms=1661.9 first_token_ms=23161.1 generation_ms=191417.0 generated=64 generation_tps=0.334
AGENT index=10 mig=31ffbfe4 exit=0 wall_ms=318340 text=a733f3a39259263c role=child prefix_tokens=14282 suffix_tokens=18 model_ms=15682.8 context_ms=1007.6 state_ms=66.53 prefix_ms=0.0 suffix_ms=2113.3 first_token_ms=23478.9 generation_ms=294449.4 generated=64 generation_tps=0.217
AGENT index=11 mig=fafc828a exit=0 wall_ms=222945 text=ad0d6edf343e5e28 role=child prefix_tokens=14282 suffix_tokens=22 model_ms=18870.0 context_ms=771.8 state_ms=20.91 prefix_ms=0.0 suffix_ms=5256.9 first_token_ms=29902.3 generation_ms=192285.7 generated=64 generation_tps=0.333
AGENT index=12 mig=31ffbfe4 exit=0 wall_ms=308733 text=2c93819fe85df763 role=child prefix_tokens=14282 suffix_tokens=21 model_ms=14328.0 context_ms=1313.2 state_ms=46.54 prefix_ms=0.0 suffix_ms=1268.0 first_token_ms=21787.1 generation_ms=286518.5 generated=64 generation_tps=0.223
AGENT index=13 mig=fafc828a exit=0 wall_ms=224606 text=5d483815f91685a6 role=child prefix_tokens=14282 suffix_tokens=31 model_ms=19818.6 context_ms=307.4 state_ms=6.70 prefix_ms=0.0 suffix_ms=6458.3 first_token_ms=31336.3 generation_ms=191838.5 generated=64 generation_tps=0.334
AGENT index=14 mig=31ffbfe4 exit=0 wall_ms=329878 text=f8f770d151794139 role=child prefix_tokens=14282 suffix_tokens=21 model_ms=19181.8 context_ms=465.0 state_ms=15.21 prefix_ms=0.0 suffix_ms=8655.8 first_token_ms=33139.4 generation_ms=295652.9 generated=64 generation_tps=0.216
AGENT index=15 mig=fafc828a exit=0 wall_ms=224407 text=0d9668c2f9cbc9fc role=child prefix_tokens=14282 suffix_tokens=26 model_ms=18559.8 context_ms=633.6 state_ms=10.32 prefix_ms=0.0 suffix_ms=6219.2 first_token_ms=30855.3 generation_ms=192167.7 generated=64 generation_tps=0.333
AGENT index=16 mig=31ffbfe4 exit=0 wall_ms=193594 text=a6ffaf564cadb5d1 role=child prefix_tokens=14282 suffix_tokens=25 model_ms=10134.4 context_ms=1395.9 state_ms=15.39 prefix_ms=0.0 suffix_ms=1367.8 first_token_ms=17305.5 generation_ms=175824.3 generated=64 generation_tps=0.364
AGENT index=17 mig=fafc828a exit=0 wall_ms=163692 text=6bd685fbc4b441ec role=child prefix_tokens=14282 suffix_tokens=22 model_ms=10821.9 context_ms=920.1 state_ms=15.07 prefix_ms=0.0 suffix_ms=1517.0 first_token_ms=17460.7 generation_ms=145760.7 generated=64 generation_tps=0.439
AGENT index=18 mig=31ffbfe4 exit=0 wall_ms=328330 text=ba15e410535ababc role=child prefix_tokens=14282 suffix_tokens=21 model_ms=19829.4 context_ms=357.0 state_ms=10.61 prefix_ms=0.0 suffix_ms=8731.4 first_token_ms=33570.1 generation_ms=294150.6 generated=64 generation_tps=0.218
AGENT index=19 mig=fafc828a exit=0 wall_ms=223711 text=4c7501e634d9bf23 role=child prefix_tokens=14282 suffix_tokens=18 model_ms=20245.9 context_ms=240.9 state_ms=6.14 prefix_ms=0.0 suffix_ms=5813.6 first_token_ms=30939.4 generation_ms=191715.9 generated=64 generation_tps=0.334
AGENT index=20 mig=31ffbfe4 exit=0 wall_ms=328480 text=b3893059e7e79532 role=child prefix_tokens=14282 suffix_tokens=21 model_ms=19674.3 context_ms=564.2 state_ms=9.45 prefix_ms=0.0 suffix_ms=8454.8 first_token_ms=33286.1 generation_ms=294496.4 generated=64 generation_tps=0.217
AGENT index=21 mig=fafc828a exit=0 wall_ms=223568 text=284eef78a2286715 role=child prefix_tokens=14282 suffix_tokens=26 model_ms=19624.2 context_ms=444.1 state_ms=6.21 prefix_ms=0.0 suffix_ms=6328.5 first_token_ms=31131.0 generation_ms=191606.9 generated=64 generation_tps=0.334
AGENT index=22 mig=31ffbfe4 exit=0 wall_ms=327746 text=ad3122b47bf9d41d role=child prefix_tokens=14282 suffix_tokens=27 model_ms=19877.2 context_ms=453.3 state_ms=6.48 prefix_ms=0.0 suffix_ms=8851.2 first_token_ms=33746.6 generation_ms=293531.6 generated=64 generation_tps=0.218
AGENT index=23 mig=fafc828a exit=0 wall_ms=225047 text=fd9dec9936f784ff role=child prefix_tokens=14282 suffix_tokens=17 model_ms=19505.7 context_ms=239.1 state_ms=10.10 prefix_ms=0.0 suffix_ms=5700.4 first_token_ms=30861.0 generation_ms=192670.2 generated=64 generation_tps=0.332
AGENT index=24 mig=31ffbfe4 exit=0 wall_ms=151143 text=9834d2c93010cb40 role=child prefix_tokens=14282 suffix_tokens=22 model_ms=5502.6 context_ms=3107.5 state_ms=16.20 prefix_ms=0.0 suffix_ms=2548.3 first_token_ms=16562.0 generation_ms=134096.0 generated=64 generation_tps=0.477
AGENT index=25 mig=fafc828a exit=0 wall_ms=224032 text=d4e1fcaa961685d1 role=child prefix_tokens=14282 suffix_tokens=23 model_ms=20146.6 context_ms=346.9 state_ms=7.09 prefix_ms=0.0 suffix_ms=5760.0 first_token_ms=30823.3 generation_ms=192320.7 generated=64 generation_tps=0.333
AGENT index=26 mig=31ffbfe4 exit=0 wall_ms=323202 text=9e35020256b4a71c role=child prefix_tokens=14282 suffix_tokens=19 model_ms=16974.6 context_ms=551.0 state_ms=43.64 prefix_ms=0.0 suffix_ms=2946.0 first_token_ms=25440.6 generation_ms=297358.0 generated=64 generation_tps=0.215
AGENT index=27 mig=fafc828a exit=0 wall_ms=218131 text=178df8f18d21f57e role=child prefix_tokens=14282 suffix_tokens=21 model_ms=16207.8 context_ms=526.7 state_ms=28.76 prefix_ms=0.0 suffix_ms=2319.6 first_token_ms=24300.6 generation_ms=193322.1 generated=64 generation_tps=0.331
AGENT index=28 mig=31ffbfe4 exit=0 wall_ms=321292 text=15c67d79a860da75 role=child prefix_tokens=14282 suffix_tokens=20 model_ms=16690.4 context_ms=408.7 state_ms=66.26 prefix_ms=0.0 suffix_ms=2350.9 first_token_ms=24320.2 generation_ms=296591.6 generated=64 generation_tps=0.216
AGENT index=29 mig=fafc828a exit=0 wall_ms=158465 text=a72f71cd80731afe role=child prefix_tokens=14282 suffix_tokens=22 model_ms=9270.4 context_ms=1718.8 state_ms=15.53 prefix_ms=0.0 suffix_ms=1475.9 first_token_ms=17191.7 generation_ms=140850.4 generated=64 generation_tps=0.454
AGENT index=30 mig=31ffbfe4 exit=0 wall_ms=329142 text=317f6f38771a1e41 role=child prefix_tokens=14282 suffix_tokens=20 model_ms=18668.2 context_ms=611.3 state_ms=31.00 prefix_ms=0.0 suffix_ms=8441.2 first_token_ms=32501.5 generation_ms=295775.7 generated=64 generation_tps=0.216
AGENT index=31 mig=fafc828a exit=0 wall_ms=209530 text=d52293b0dc058085 role=child prefix_tokens=14282 suffix_tokens=22 model_ms=14765.7 context_ms=711.2 state_ms=15.19 prefix_ms=0.0 suffix_ms=1894.3 first_token_ms=21882.3 generation_ms=187153.6 generated=64 generation_tps=0.342
AGENT index=32 mig=31ffbfe4 exit=0 wall_ms=325043 text=a067a6895417f0e8 role=child prefix_tokens=14282 suffix_tokens=28 model_ms=18968.0 context_ms=564.8 state_ms=26.59 prefix_ms=0.0 suffix_ms=8886.6 first_token_ms=32996.6 generation_ms=291672.2 generated=64 generation_tps=0.219
AGENT index=33 mig=fafc828a exit=0 wall_ms=221665 text=5b450cf9627e77b9 role=child prefix_tokens=14282 suffix_tokens=23 model_ms=18873.6 context_ms=387.5 state_ms=28.43 prefix_ms=0.0 suffix_ms=4254.1 first_token_ms=28112.0 generation_ms=193068.9 generated=64 generation_tps=0.331
AGENT index=34 mig=31ffbfe4 exit=0 wall_ms=323091 text=5c09b6f1d055319b role=child prefix_tokens=14282 suffix_tokens=25 model_ms=16690.2 context_ms=442.8 state_ms=79.46 prefix_ms=0.0 suffix_ms=2721.2 first_token_ms=25035.0 generation_ms=297618.0 generated=64 generation_tps=0.215
AGENT index=35 mig=fafc828a exit=0 wall_ms=221415 text=077e38d3762a4e5d role=child prefix_tokens=14282 suffix_tokens=33 model_ms=17046.9 context_ms=465.1 state_ms=28.38 prefix_ms=0.0 suffix_ms=4751.6 first_token_ms=27212.0 generation_ms=193752.8 generated=64 generation_tps=0.330
AGENT index=36 mig=31ffbfe4 exit=0 wall_ms=328353 text=836ebfaf7d21007d role=child prefix_tokens=14282 suffix_tokens=24 model_ms=20076.9 context_ms=313.4 state_ms=6.32 prefix_ms=0.0 suffix_ms=8741.0 first_token_ms=33706.6 generation_ms=293972.8 generated=64 generation_tps=0.218
AGENT index=37 mig=fafc828a exit=0 wall_ms=143354 text=b5c1cde845350686 role=child prefix_tokens=14282 suffix_tokens=27 model_ms=6016.8 context_ms=3135.3 state_ms=13.02 prefix_ms=0.0 suffix_ms=2232.1 first_token_ms=16366.8 generation_ms=119405.3 generated=64 generation_tps=0.536
AGENT index=38 mig=31ffbfe4 exit=0 wall_ms=328236 text=e57f2865bc99ed0e role=child prefix_tokens=14282 suffix_tokens=22 model_ms=19685.5 context_ms=459.4 state_ms=11.67 prefix_ms=0.0 suffix_ms=8623.0 first_token_ms=33520.5 generation_ms=294177.8 generated=64 generation_tps=0.218
AGENT index=39 mig=fafc828a exit=0 wall_ms=224739 text=f9c832b7cad1a509 role=child prefix_tokens=14282 suffix_tokens=32 model_ms=18968.0 context_ms=559.0 state_ms=8.30 prefix_ms=0.0 suffix_ms=6365.5 first_token_ms=31272.4 generation_ms=192160.8 generated=64 generation_tps=0.333
AGENT index=40 mig=31ffbfe4 exit=0 wall_ms=329235 text=1bedc9985ebffdf3 role=child prefix_tokens=14282 suffix_tokens=19 model_ms=19281.3 context_ms=454.7 state_ms=11.39 prefix_ms=0.0 suffix_ms=8470.9 first_token_ms=33131.3 generation_ms=295097.7 generated=64 generation_tps=0.217
AGENT index=41 mig=fafc828a exit=0 wall_ms=214351 text=3be32d4f1f40e878 role=child prefix_tokens=14282 suffix_tokens=19 model_ms=16429.2 context_ms=331.9 state_ms=35.03 prefix_ms=0.0 suffix_ms=1690.7 first_token_ms=23179.2 generation_ms=190685.8 generated=64 generation_tps=0.336
AGENT index=42 mig=31ffbfe4 exit=0 wall_ms=329697 text=519b2de5b706a49d role=child prefix_tokens=14282 suffix_tokens=18 model_ms=19848.8 context_ms=167.8 state_ms=6.14 prefix_ms=0.0 suffix_ms=8868.1 first_token_ms=33939.3 generation_ms=294798.9 generated=64 generation_tps=0.217
AGENT index=43 mig=fafc828a exit=0 wall_ms=214117 text=ad92edad967aef00 role=child prefix_tokens=14282 suffix_tokens=22 model_ms=14208.2 context_ms=1271.0 state_ms=46.47 prefix_ms=0.0 suffix_ms=1837.4 first_token_ms=22738.4 generation_ms=190865.0 generated=64 generation_tps=0.335
AGENT index=44 mig=31ffbfe4 exit=0 wall_ms=328134 text=806eb5a225900d3a role=child prefix_tokens=14282 suffix_tokens=21 model_ms=20212.6 context_ms=193.1 state_ms=6.85 prefix_ms=0.0 suffix_ms=8892.0 first_token_ms=33972.5 generation_ms=293664.3 generated=64 generation_tps=0.218
AGENT index=45 mig=fafc828a exit=0 wall_ms=224106 text=9f441c92dda94d6e role=child prefix_tokens=14282 suffix_tokens=31 model_ms=19876.6 context_ms=178.1 state_ms=6.17 prefix_ms=0.0 suffix_ms=6543.5 first_token_ms=31555.3 generation_ms=191361.8 generated=64 generation_tps=0.334
AGENT index=46 mig=31ffbfe4 exit=0 wall_ms=328758 text=3f33f20708943e2f role=child prefix_tokens=14282 suffix_tokens=21 model_ms=19527.3 context_ms=623.5 state_ms=8.64 prefix_ms=0.0 suffix_ms=8582.5 first_token_ms=33215.0 generation_ms=294830.9 generated=64 generation_tps=0.217
AGENT index=47 mig=fafc828a exit=0 wall_ms=224238 text=0d9668c2f9cbc9fc role=child prefix_tokens=14282 suffix_tokens=26 model_ms=17941.7 context_ms=512.2 state_ms=22.88 prefix_ms=0.0 suffix_ms=5514.0 first_token_ms=29142.8 generation_ms=193681.1 generated=64 generation_tps=0.330
AGENT index=48 mig=31ffbfe4 exit=0 wall_ms=329045 text=27f58a7742c668f5 role=child prefix_tokens=14282 suffix_tokens=25 model_ms=18283.5 context_ms=713.4 state_ms=13.60 prefix_ms=0.0 suffix_ms=8658.7 first_token_ms=32785.4 generation_ms=295488.7 generated=64 generation_tps=0.217
AGENT index=49 mig=fafc828a exit=0 wall_ms=220593 text=6bd685fbc4b441ec role=child prefix_tokens=14282 suffix_tokens=22 model_ms=16862.1 context_ms=530.6 state_ms=42.56 prefix_ms=0.0 suffix_ms=2519.8 first_token_ms=25153.3 generation_ms=195013.3 generated=64 generation_tps=0.328
AGENT index=50 mig=31ffbfe4 exit=0 wall_ms=327526 text=802dc3b79f95f0ef role=child prefix_tokens=14282 suffix_tokens=21 model_ms=18272.8 context_ms=373.1 state_ms=26.28 prefix_ms=0.0 suffix_ms=7924.2 first_token_ms=31738.6 generation_ms=295357.8 generated=64 generation_tps=0.217
AGENT index=51 mig=fafc828a exit=0 wall_ms=223414 text=88ab36014083e9b4 role=child prefix_tokens=14282 suffix_tokens=18 model_ms=20104.0 context_ms=318.2 state_ms=12.47 prefix_ms=0.0 suffix_ms=5687.6 first_token_ms=30592.4 generation_ms=191705.4 generated=64 generation_tps=0.334
AGENT index=52 mig=31ffbfe4 exit=0 wall_ms=322979 text=56ae1f5c8f39885b role=child prefix_tokens=14282 suffix_tokens=21 model_ms=18321.3 context_ms=572.1 state_ms=38.27 prefix_ms=0.0 suffix_ms=5873.5 first_token_ms=29228.7 generation_ms=293282.7 generated=64 generation_tps=0.218
AGENT index=53 mig=fafc828a exit=0 wall_ms=221908 text=11e4c2a85150fa06 role=child prefix_tokens=14282 suffix_tokens=26 model_ms=19722.6 context_ms=243.5 state_ms=7.95 prefix_ms=0.0 suffix_ms=6459.7 first_token_ms=31480.2 generation_ms=189947.2 generated=64 generation_tps=0.337
AGENT index=54 mig=31ffbfe4 exit=0 wall_ms=326748 text=3b6f5b9c968721eb role=child prefix_tokens=14282 suffix_tokens=27 model_ms=18222.4 context_ms=428.8 state_ms=24.80 prefix_ms=0.0 suffix_ms=7840.8 first_token_ms=31003.6 generation_ms=295331.2 generated=64 generation_tps=0.217
AGENT index=55 mig=fafc828a exit=0 wall_ms=219934 text=7e4fad52bd577abf role=child prefix_tokens=14282 suffix_tokens=17 model_ms=17622.2 context_ms=493.3 state_ms=38.44 prefix_ms=0.0 suffix_ms=2636.5 first_token_ms=25240.3 generation_ms=194145.6 generated=64 generation_tps=0.330
AGENT index=56 mig=31ffbfe4 exit=0 wall_ms=329311 text=9834d2c93010cb40 role=child prefix_tokens=14282 suffix_tokens=22 model_ms=19777.1 context_ms=340.8 state_ms=6.21 prefix_ms=0.0 suffix_ms=8867.3 first_token_ms=33861.9 generation_ms=294553.9 generated=64 generation_tps=0.217
AGENT index=57 mig=fafc828a exit=0 wall_ms=224738 text=50630b6612aba7b8 role=child prefix_tokens=14282 suffix_tokens=23 model_ms=18185.4 context_ms=534.0 state_ms=12.27 prefix_ms=0.0 suffix_ms=5309.3 first_token_ms=29483.0 generation_ms=193804.6 generated=64 generation_tps=0.330
AGENT index=58 mig=31ffbfe4 exit=0 wall_ms=328412 text=9ca71337e20d8558 role=child prefix_tokens=14282 suffix_tokens=19 model_ms=19258.0 context_ms=403.6 state_ms=26.58 prefix_ms=0.0 suffix_ms=8558.2 first_token_ms=33054.4 generation_ms=294813.0 generated=64 generation_tps=0.217
AGENT index=59 mig=fafc828a exit=0 wall_ms=209872 text=a0d59f42adbdb7a7 role=child prefix_tokens=14282 suffix_tokens=21 model_ms=13517.0 context_ms=1296.1 state_ms=35.38 prefix_ms=0.0 suffix_ms=1702.0 first_token_ms=21878.2 generation_ms=187522.1 generated=64 generation_tps=0.341
AGENT index=60 mig=31ffbfe4 exit=0 wall_ms=329009 text=b1fe3c81bfb2916f role=child prefix_tokens=14282 suffix_tokens=20 model_ms=19744.6 context_ms=456.4 state_ms=9.86 prefix_ms=0.0 suffix_ms=8772.4 first_token_ms=33463.8 generation_ms=294760.6 generated=64 generation_tps=0.217
AGENT index=61 mig=fafc828a exit=0 wall_ms=224140 text=5b7f00ee41a4f8ef role=child prefix_tokens=14282 suffix_tokens=22 model_ms=18978.3 context_ms=386.0 state_ms=31.70 prefix_ms=0.0 suffix_ms=5349.4 first_token_ms=29791.9 generation_ms=193087.5 generated=64 generation_tps=0.331
AGENT index=62 mig=31ffbfe4 exit=0 wall_ms=315296 text=c17cb2a0a71c6a47 role=child prefix_tokens=14282 suffix_tokens=20 model_ms=15812.2 context_ms=339.1 state_ms=52.31 prefix_ms=0.0 suffix_ms=1741.5 first_token_ms=22735.7 generation_ms=292125.8 generated=64 generation_tps=0.219
AGENT index=63 mig=fafc828a exit=0 wall_ms=218118 text=3b010582add6c19e role=child prefix_tokens=14282 suffix_tokens=22 model_ms=16504.0 context_ms=901.9 state_ms=50.22 prefix_ms=0.0 suffix_ms=2535.5 first_token_ms=24379.4 generation_ms=193265.7 generated=64 generation_tps=0.331
AGENT index=64 mig=31ffbfe4 exit=0 wall_ms=326176 text=3f50371ecb0032a2 role=child prefix_tokens=14282 suffix_tokens=28 model_ms=17441.3 context_ms=509.6 state_ms=46.35 prefix_ms=0.0 suffix_ms=5674.6 first_token_ms=28462.0 generation_ms=297283.6 generated=64 generation_tps=0.215
AGENT index=65 mig=fafc828a exit=0 wall_ms=222625 text=88835aea19336bf3 role=child prefix_tokens=14282 suffix_tokens=23 model_ms=17963.3 context_ms=414.9 state_ms=54.50 prefix_ms=0.0 suffix_ms=5314.7 first_token_ms=28933.6 generation_ms=193032.1 generated=64 generation_tps=0.332
AGENT index=66 mig=31ffbfe4 exit=0 wall_ms=322613 text=56cc6fc91016e6d9 role=child prefix_tokens=14282 suffix_tokens=25 model_ms=16765.1 context_ms=487.3 state_ms=35.24 prefix_ms=0.0 suffix_ms=3260.5 first_token_ms=25594.9 generation_ms=296579.1 generated=64 generation_tps=0.216
AGENT index=67 mig=fafc828a exit=0 wall_ms=219954 text=28222a18d507172c role=child prefix_tokens=14282 suffix_tokens=33 model_ms=17331.7 context_ms=645.4 state_ms=19.93 prefix_ms=0.0 suffix_ms=2949.0 first_token_ms=25411.2 generation_ms=194015.3 generated=64 generation_tps=0.330
AGENT index=68 mig=31ffbfe4 exit=0 wall_ms=327809 text=836ebfaf7d21007d role=child prefix_tokens=14282 suffix_tokens=24 model_ms=18617.7 context_ms=521.4 state_ms=15.17 prefix_ms=0.0 suffix_ms=8559.3 first_token_ms=32324.6 generation_ms=294978.2 generated=64 generation_tps=0.217
AGENT index=69 mig=fafc828a exit=0 wall_ms=224090 text=4e58d1434e38d87b role=child prefix_tokens=14282 suffix_tokens=27 model_ms=20098.7 context_ms=183.5 state_ms=6.19 prefix_ms=0.0 suffix_ms=6386.6 first_token_ms=31375.9 generation_ms=191599.1 generated=64 generation_tps=0.334
AGENT index=70 mig=31ffbfe4 exit=0 wall_ms=317324 text=2bc8a87702ffa5ba role=child prefix_tokens=14282 suffix_tokens=22 model_ms=13942.5 context_ms=1605.9 state_ms=54.60 prefix_ms=0.0 suffix_ms=2202.6 first_token_ms=23042.4 generation_ms=293840.5 generated=64 generation_tps=0.218
AGENT index=71 mig=fafc828a exit=0 wall_ms=224861 text=f9c832b7cad1a509 role=child prefix_tokens=14282 suffix_tokens=32 model_ms=19238.4 context_ms=504.9 state_ms=15.16 prefix_ms=0.0 suffix_ms=6301.5 first_token_ms=30877.2 generation_ms=192173.9 generated=64 generation_tps=0.333
AGENT index=72 mig=31ffbfe4 exit=0 wall_ms=327821 text=4e007a54c417b8e2 role=child prefix_tokens=14282 suffix_tokens=19 model_ms=18592.9 context_ms=610.9 state_ms=41.52 prefix_ms=0.0 suffix_ms=8453.7 first_token_ms=32666.6 generation_ms=294647.4 generated=64 generation_tps=0.217
AGENT index=73 mig=fafc828a exit=0 wall_ms=221674 text=f69b628d0f4868ff role=child prefix_tokens=14282 suffix_tokens=19 model_ms=18092.9 context_ms=705.8 state_ms=34.47 prefix_ms=0.0 suffix_ms=5158.2 first_token_ms=28997.8 generation_ms=192146.9 generated=64 generation_tps=0.333
AGENT index=74 mig=31ffbfe4 exit=0 wall_ms=328384 text=ab6f927a6830d128 role=child prefix_tokens=14282 suffix_tokens=18 model_ms=19326.7 context_ms=432.8 state_ms=8.03 prefix_ms=0.0 suffix_ms=8861.8 first_token_ms=33682.7 generation_ms=294135.5 generated=64 generation_tps=0.218
AGENT index=75 mig=fafc828a exit=0 wall_ms=224288 text=3f79542af35d277d role=child prefix_tokens=14282 suffix_tokens=22 model_ms=19348.6 context_ms=292.0 state_ms=6.35 prefix_ms=0.0 suffix_ms=5744.8 first_token_ms=30550.6 generation_ms=192740.3 generated=64 generation_tps=0.332
AGENT index=76 mig=31ffbfe4 exit=0 wall_ms=329502 text=2c93819fe85df763 role=child prefix_tokens=14282 suffix_tokens=21 model_ms=19226.2 context_ms=269.4 state_ms=6.33 prefix_ms=0.0 suffix_ms=8886.3 first_token_ms=33720.9 generation_ms=294925.9 generated=64 generation_tps=0.217
AGENT index=77 mig=fafc828a exit=0 wall_ms=222491 text=5d483815f91685a6 role=child prefix_tokens=14282 suffix_tokens=31 model_ms=18225.6 context_ms=655.0 state_ms=14.12 prefix_ms=0.0 suffix_ms=5656.3 first_token_ms=29240.9 generation_ms=192677.1 generated=64 generation_tps=0.332
AGENT index=78 mig=31ffbfe4 exit=0 wall_ms=313874 text=3f33f20708943e2f role=child prefix_tokens=14282 suffix_tokens=21 model_ms=14918.8 context_ms=1031.1 state_ms=34.42 prefix_ms=0.0 suffix_ms=1527.4 first_token_ms=22400.3 generation_ms=291025.2 generated=64 generation_tps=0.220
AGENT index=79 mig=fafc828a exit=0 wall_ms=216495 text=0d9668c2f9cbc9fc role=child prefix_tokens=14282 suffix_tokens=26 model_ms=15338.2 context_ms=1255.1 state_ms=55.06 prefix_ms=0.0 suffix_ms=2285.9 first_token_ms=23580.8 generation_ms=192476.6 generated=64 generation_tps=0.333
AGENT index=80 mig=31ffbfe4 exit=0 wall_ms=329870 text=86d4ee1044251a25 role=child prefix_tokens=14282 suffix_tokens=25 model_ms=18841.7 context_ms=507.3 state_ms=8.92 prefix_ms=0.0 suffix_ms=8949.5 first_token_ms=33724.7 generation_ms=294992.1 generated=64 generation_tps=0.217
AGENT index=81 mig=fafc828a exit=0 wall_ms=222797 text=facc2c2ea4689e1e role=child prefix_tokens=14282 suffix_tokens=22 model_ms=19088.1 context_ms=396.7 state_ms=6.37 prefix_ms=0.0 suffix_ms=5810.2 first_token_ms=30605.6 generation_ms=191526.7 generated=64 generation_tps=0.334
AGENT index=82 mig=31ffbfe4 exit=0 wall_ms=328512 text=ce66287a7832a2bb role=child prefix_tokens=14282 suffix_tokens=21 model_ms=19893.1 context_ms=334.6 state_ms=10.73 prefix_ms=0.0 suffix_ms=8942.5 first_token_ms=33860.9 generation_ms=294003.6 generated=64 generation_tps=0.218
AGENT index=83 mig=fafc828a exit=0 wall_ms=224929 text=cdf6d4762f0ad9c6 role=child prefix_tokens=14282 suffix_tokens=18 model_ms=19270.3 context_ms=232.3 state_ms=6.32 prefix_ms=0.0 suffix_ms=5796.1 first_token_ms=30659.4 generation_ms=192706.9 generated=64 generation_tps=0.332
AGENT index=84 mig=31ffbfe4 exit=0 wall_ms=325927 text=1af3357d195a5902 role=child prefix_tokens=14282 suffix_tokens=21 model_ms=17305.5 context_ms=563.3 state_ms=50.26 prefix_ms=0.0 suffix_ms=5895.9 first_token_ms=28670.7 generation_ms=296829.4 generated=64 generation_tps=0.216
AGENT index=85 mig=fafc828a exit=0 wall_ms=220843 text=957077b2ac48aee9 role=child prefix_tokens=14282 suffix_tokens=26 model_ms=18443.4 context_ms=527.0 state_ms=33.62 prefix_ms=0.0 suffix_ms=6173.3 first_token_ms=30228.4 generation_ms=190180.1 generated=64 generation_tps=0.337
AGENT index=86 mig=31ffbfe4 exit=0 wall_ms=315709 text=1b55181381f9c4bb role=child prefix_tokens=14282 suffix_tokens=27 model_ms=14477.8 context_ms=1025.8 state_ms=90.70 prefix_ms=0.0 suffix_ms=2067.6 first_token_ms=22696.7 generation_ms=292570.0 generated=64 generation_tps=0.219
AGENT index=87 mig=fafc828a exit=0 wall_ms=213859 text=b8ac585c0a873612 role=child prefix_tokens=14282 suffix_tokens=17 model_ms=14531.4 context_ms=959.4 state_ms=62.50 prefix_ms=0.0 suffix_ms=2091.4 first_token_ms=22961.5 generation_ms=190451.1 generated=64 generation_tps=0.336
AGENT index=88 mig=31ffbfe4 exit=0 wall_ms=329763 text=9834d2c93010cb40 role=child prefix_tokens=14282 suffix_tokens=22 model_ms=18688.8 context_ms=370.8 state_ms=15.52 prefix_ms=0.0 suffix_ms=8919.5 first_token_ms=33014.8 generation_ms=295650.6 generated=64 generation_tps=0.216
AGENT index=89 mig=fafc828a exit=0 wall_ms=219933 text=4a108aa854664970 role=child prefix_tokens=14282 suffix_tokens=23 model_ms=16872.2 context_ms=523.7 state_ms=59.24 prefix_ms=0.0 suffix_ms=2635.4 first_token_ms=24947.8 generation_ms=194441.1 generated=64 generation_tps=0.329
AGENT index=90 mig=31ffbfe4 exit=0 wall_ms=329647 text=dbc7a5d875e3e7e1 role=child prefix_tokens=14282 suffix_tokens=19 model_ms=19066.5 context_ms=418.6 state_ms=19.02 prefix_ms=0.0 suffix_ms=8546.1 first_token_ms=33004.6 generation_ms=295644.2 generated=64 generation_tps=0.216
AGENT index=91 mig=fafc828a exit=0 wall_ms=215925 text=7b1e906b43903ada role=child prefix_tokens=14282 suffix_tokens=21 model_ms=15087.2 context_ms=995.6 state_ms=30.57 prefix_ms=0.0 suffix_ms=1818.9 first_token_ms=23032.4 generation_ms=192489.9 generated=64 generation_tps=0.332
AGENT index=92 mig=31ffbfe4 exit=0 wall_ms=329190 text=6270d284b62a8043 role=child prefix_tokens=14282 suffix_tokens=20 model_ms=19803.2 context_ms=244.1 state_ms=6.66 prefix_ms=0.0 suffix_ms=8867.2 first_token_ms=33754.1 generation_ms=294536.6 generated=64 generation_tps=0.217
AGENT index=93 mig=fafc828a exit=0 wall_ms=223169 text=ce087b8cf95f26a2 role=child prefix_tokens=14282 suffix_tokens=22 model_ms=18805.3 context_ms=475.6 state_ms=15.12 prefix_ms=0.0 suffix_ms=5628.5 first_token_ms=29766.8 generation_ms=192447.6 generated=64 generation_tps=0.333
AGENT index=94 mig=31ffbfe4 exit=0 wall_ms=328631 text=4878ce4ae644876a role=child prefix_tokens=14282 suffix_tokens=20 model_ms=19514.4 context_ms=265.9 state_ms=10.96 prefix_ms=0.0 suffix_ms=8836.1 first_token_ms=33740.5 generation_ms=294355.8 generated=64 generation_tps=0.217
AGENT index=95 mig=fafc828a exit=0 wall_ms=220055 text=93d0d9337eb50146 role=child prefix_tokens=14282 suffix_tokens=22 model_ms=17163.7 context_ms=644.3 state_ms=51.74 prefix_ms=0.0 suffix_ms=2731.2 first_token_ms=25331.0 generation_ms=194193.9 generated=64 generation_tps=0.330
AGENT index=96 mig=31ffbfe4 exit=0 wall_ms=329768 text=5b3e8496b267e28f role=child prefix_tokens=14282 suffix_tokens=28 model_ms=19352.3 context_ms=244.0 state_ms=7.02 prefix_ms=0.0 suffix_ms=9071.5 first_token_ms=33940.5 generation_ms=294590.8 generated=64 generation_tps=0.217
AGENT index=97 mig=fafc828a exit=0 wall_ms=223372 text=5b450cf9627e77b9 role=child prefix_tokens=14282 suffix_tokens=23 model_ms=17622.8 context_ms=369.6 state_ms=40.57 prefix_ms=0.0 suffix_ms=4404.4 first_token_ms=27467.5 generation_ms=194869.0 generated=64 generation_tps=0.328
AGENT index=98 mig=31ffbfe4 exit=0 wall_ms=329329 text=f1423a12d392ea73 role=child prefix_tokens=14282 suffix_tokens=25 model_ms=19013.5 context_ms=483.8 state_ms=20.63 prefix_ms=0.0 suffix_ms=8411.7 first_token_ms=32632.0 generation_ms=295759.5 generated=64 generation_tps=0.216
AGENT index=99 mig=fafc828a exit=0 wall_ms=223933 text=65315b3a048c65d3 role=child prefix_tokens=14282 suffix_tokens=33 model_ms=19525.3 context_ms=327.7 state_ms=11.66 prefix_ms=0.0 suffix_ms=6965.9 first_token_ms=31600.8 generation_ms=191107.3 generated=64 generation_tps=0.335
AGENT index=100 mig=31ffbfe4 exit=0 wall_ms=325633 text=46bf93c2b1366bc6 role=child prefix_tokens=14282 suffix_tokens=25 model_ms=16651.6 context_ms=457.9 state_ms=52.18 prefix_ms=0.0 suffix_ms=4368.9 first_token_ms=26908.5 generation_ms=298321.6 generated=64 generation_tps=0.215
AGENT index=101 mig=fafc828a exit=0 wall_ms=224870 text=c62512a5d8b596ef role=child prefix_tokens=14282 suffix_tokens=28 model_ms=18080.2 context_ms=455.6 state_ms=13.26 prefix_ms=0.0 suffix_ms=5799.1 first_token_ms=29685.2 generation_ms=193596.1 generated=64 generation_tps=0.331
AGENT index=102 mig=31ffbfe4 exit=0 wall_ms=329689 text=1e3a87d5bf89af05 role=child prefix_tokens=14282 suffix_tokens=23 model_ms=19320.6 context_ms=304.8 state_ms=6.56 prefix_ms=0.0 suffix_ms=8823.7 first_token_ms=33631.5 generation_ms=294931.3 generated=64 generation_tps=0.217
AGENT index=103 mig=fafc828a exit=0 wall_ms=222003 text=f9c832b7cad1a509 role=child prefix_tokens=14282 suffix_tokens=33 model_ms=18538.3 context_ms=416.9 state_ms=43.89 prefix_ms=0.0 suffix_ms=6951.7 first_token_ms=30619.3 generation_ms=190815.3 generated=64 generation_tps=0.335
AGENT index=104 mig=31ffbfe4 exit=0 wall_ms=323441 text=788265a3a7959ede role=child prefix_tokens=14282 suffix_tokens=20 model_ms=16512.4 context_ms=555.5 state_ms=63.87 prefix_ms=0.0 suffix_ms=2850.8 first_token_ms=25192.8 generation_ms=297790.4 generated=64 generation_tps=0.215
AGENT index=105 mig=fafc828a exit=0 wall_ms=155296 text=9bbcff728ca7192b role=child prefix_tokens=14282 suffix_tokens=20 model_ms=7523.2 context_ms=2779.9 state_ms=16.24 prefix_ms=0.0 suffix_ms=1677.8 first_token_ms=16630.2 generation_ms=138194.0 generated=64 generation_tps=0.463
AGENT index=106 mig=31ffbfe4 exit=0 wall_ms=329644 text=f4dd5b98bdc77fee role=child prefix_tokens=14282 suffix_tokens=19 model_ms=18911.5 context_ms=499.1 state_ms=6.53 prefix_ms=0.0 suffix_ms=8829.1 first_token_ms=33524.5 generation_ms=295064.6 generated=64 generation_tps=0.217
AGENT index=107 mig=fafc828a exit=0 wall_ms=223227 text=b75a2e4512194a0a role=child prefix_tokens=14282 suffix_tokens=23 model_ms=19252.5 context_ms=535.5 state_ms=6.69 prefix_ms=0.0 suffix_ms=5761.8 first_token_ms=30538.1 generation_ms=191818.4 generated=64 generation_tps=0.334
AGENT index=108 mig=31ffbfe4 exit=0 wall_ms=329213 text=2c93819fe85df763 role=child prefix_tokens=14282 suffix_tokens=22 model_ms=19185.6 context_ms=450.8 state_ms=6.28 prefix_ms=0.0 suffix_ms=8692.7 first_token_ms=33409.4 generation_ms=294961.6 generated=64 generation_tps=0.217
AGENT index=109 mig=fafc828a exit=0 wall_ms=223806 text=5d483815f91685a6 role=child prefix_tokens=14282 suffix_tokens=32 model_ms=18623.8 context_ms=460.9 state_ms=12.99 prefix_ms=0.0 suffix_ms=6189.0 first_token_ms=30096.1 generation_ms=192438.6 generated=64 generation_tps=0.333
AGENT index=110 mig=31ffbfe4 exit=0 wall_ms=329443 text=3f33f20708943e2f role=child prefix_tokens=14282 suffix_tokens=22 model_ms=18292.3 context_ms=571.9 state_ms=22.32 prefix_ms=0.0 suffix_ms=8373.2 first_token_ms=32372.6 generation_ms=296085.8 generated=64 generation_tps=0.216
AGENT index=111 mig=fafc828a exit=0 wall_ms=224973 text=0d9668c2f9cbc9fc role=child prefix_tokens=14282 suffix_tokens=27 model_ms=19377.3 context_ms=191.5 state_ms=6.39 prefix_ms=0.0 suffix_ms=6404.2 first_token_ms=31260.4 generation_ms=192064.0 generated=64 generation_tps=0.333
AGENT index=112 mig=31ffbfe4 exit=0 wall_ms=327133 text=787d0f2cb9f0f5f6 role=child prefix_tokens=14282 suffix_tokens=26 model_ms=18699.2 context_ms=523.4 state_ms=14.30 prefix_ms=0.0 suffix_ms=8752.4 first_token_ms=33253.1 generation_ms=293429.9 generated=64 generation_tps=0.218
AGENT index=113 mig=fafc828a exit=0 wall_ms=222215 text=1d161aafe68538d2 role=child prefix_tokens=14282 suffix_tokens=23 model_ms=17825.4 context_ms=558.6 state_ms=20.50 prefix_ms=0.0 suffix_ms=5625.5 first_token_ms=29118.4 generation_ms=192598.7 generated=64 generation_tps=0.332
AGENT index=114 mig=31ffbfe4 exit=0 wall_ms=329759 text=2f3bcae6671ff31f role=child prefix_tokens=14282 suffix_tokens=22 model_ms=19978.3 context_ms=406.2 state_ms=6.17 prefix_ms=0.0 suffix_ms=8813.5 first_token_ms=33603.1 generation_ms=294994.7 generated=64 generation_tps=0.217
AGENT index=115 mig=fafc828a exit=0 wall_ms=221587 text=cdf6d4762f0ad9c6 role=child prefix_tokens=14282 suffix_tokens=19 model_ms=17551.5 context_ms=233.9 state_ms=46.35 prefix_ms=0.0 suffix_ms=4006.7 first_token_ms=27089.7 generation_ms=194006.9 generated=64 generation_tps=0.330
AGENT index=116 mig=31ffbfe4 exit=0 wall_ms=327754 text=5337acbd8fb941ee role=child prefix_tokens=14282 suffix_tokens=22 model_ms=19187.4 context_ms=417.3 state_ms=8.64 prefix_ms=0.0 suffix_ms=8756.6 first_token_ms=33152.0 generation_ms=294109.9 generated=64 generation_tps=0.218
AGENT index=117 mig=fafc828a exit=0 wall_ms=224564 text=a34112262f5fd48d role=child prefix_tokens=14282 suffix_tokens=27 model_ms=19276.4 context_ms=263.1 state_ms=6.25 prefix_ms=0.0 suffix_ms=6415.1 first_token_ms=31237.8 generation_ms=192058.2 generated=64 generation_tps=0.333
AGENT index=118 mig=31ffbfe4 exit=0 wall_ms=328633 text=ad3122b47bf9d41d role=child prefix_tokens=14282 suffix_tokens=28 model_ms=19935.1 context_ms=339.7 state_ms=7.15 prefix_ms=0.0 suffix_ms=9194.2 first_token_ms=33931.9 generation_ms=293901.1 generated=64 generation_tps=0.218
AGENT index=119 mig=fafc828a exit=0 wall_ms=220543 text=c096e05173cc4f43 role=child prefix_tokens=14282 suffix_tokens=18 model_ms=17175.5 context_ms=409.6 state_ms=25.63 prefix_ms=0.0 suffix_ms=2549.9 first_token_ms=25046.4 generation_ms=195024.8 generated=64 generation_tps=0.328
AGENT index=120 mig=31ffbfe4 exit=0 wall_ms=326419 text=9834d2c93010cb40 role=child prefix_tokens=14282 suffix_tokens=23 model_ms=18244.3 context_ms=460.5 state_ms=26.10 prefix_ms=0.0 suffix_ms=7965.2 first_token_ms=31865.4 generation_ms=294097.5 generated=64 generation_tps=0.218
AGENT index=121 mig=fafc828a exit=0 wall_ms=224773 text=1aa7a235737ffc91 role=child prefix_tokens=14282 suffix_tokens=24 model_ms=19032.4 context_ms=613.9 state_ms=8.84 prefix_ms=0.0 suffix_ms=5552.6 first_token_ms=30170.4 generation_ms=192727.9 generated=64 generation_tps=0.332
AGENT index=122 mig=31ffbfe4 exit=0 wall_ms=317231 text=b5b604cb763700f9 role=child prefix_tokens=14282 suffix_tokens=20 model_ms=14780.2 context_ms=989.9 state_ms=70.39 prefix_ms=0.0 suffix_ms=1848.2 first_token_ms=22824.0 generation_ms=294000.5 generated=64 generation_tps=0.218
AGENT index=123 mig=fafc828a exit=0 wall_ms=222234 text=e38ea5b855370f1e role=child prefix_tokens=14282 suffix_tokens=22 model_ms=19343.9 context_ms=522.4 state_ms=24.12 prefix_ms=0.0 suffix_ms=5713.5 first_token_ms=29888.4 generation_ms=191790.9 generated=64 generation_tps=0.334
AGENT index=124 mig=31ffbfe4 exit=0 wall_ms=328930 text=61f860d06cef5fa0 role=child prefix_tokens=14282 suffix_tokens=21 model_ms=18670.1 context_ms=462.4 state_ms=46.99 prefix_ms=0.0 suffix_ms=8714.4 first_token_ms=32872.5 generation_ms=295313.3 generated=64 generation_tps=0.217
AGENT index=125 mig=fafc828a exit=0 wall_ms=224649 text=97190065bed772ed role=child prefix_tokens=14282 suffix_tokens=23 model_ms=19133.4 context_ms=437.6 state_ms=6.89 prefix_ms=0.0 suffix_ms=5741.4 first_token_ms=30401.5 generation_ms=192784.4 generated=64 generation_tps=0.332
AGENT index=126 mig=31ffbfe4 exit=0 wall_ms=327557 text=7596decc9ef604b8 role=child prefix_tokens=14282 suffix_tokens=21 model_ms=17246.7 context_ms=468.5 state_ms=40.92 prefix_ms=0.0 suffix_ms=7177.2 first_token_ms=30212.5 generation_ms=296879.9 generated=64 generation_tps=0.216
AGENT index=127 mig=fafc828a exit=0 wall_ms=222989 text=c5fb19c141f1ba26 role=child prefix_tokens=14282 suffix_tokens=23 model_ms=18633.9 context_ms=627.5 state_ms=9.11 prefix_ms=0.0 suffix_ms=5504.7 first_token_ms=29892.2 generation_ms=192210.8 generated=64 generation_tps=0.333
MEMORY mem_available_drop_mib=89797 mem_available_before_mib=119174 mem_free_before_mib=45782 pss_anon_mib=30273 pss_file_mib=7179 pss_shmem_mib=8230 device_mib=49536 samples=16
END_CASE failed_agents=0 wall_ms=330914
SKIPPED mode=both agents=136 mem_available_mib=119180
END_KVSTACK
