BEGIN_KVSTACK run=1 context=16384 publisher_mig=fafc828a mem_free_mib=48753 kernel_reclaimable_mib=68139
PUBLISH store=stock prefix_tokens=14282 prefix_ms=16889.0 publish_ms=502.02 state_bytes=819216229
PUBLISH store=device prefix_tokens=14282 prefix_ms=16999.5 publish_ms=462.46 state_bytes=819216229
PUBLISH store=huge prefix_tokens=14282 prefix_ms=17051.7 publish_ms=8.03 state_bytes=229221 file_used_kib=802816
CASE mode=both agents=96
AGENT index=0 mig=fafc828a exit=0 wall_ms=166367 text=bb92e4befc7eddec role=child prefix_tokens=14282 suffix_tokens=27 model_ms=13261.4 context_ms=433.6 state_ms=18.45 prefix_ms=0.0 suffix_ms=4083.1 first_token_ms=21254.5 generation_ms=144608.0 generated=64 generation_tps=0.443
AGENT index=1 mig=31ffbfe4 exit=0 wall_ms=209545 text=a8d47b5298abb2fc role=child prefix_tokens=14282 suffix_tokens=22 model_ms=9127.5 context_ms=430.5 state_ms=15.41 prefix_ms=0.0 suffix_ms=1121.9 first_token_ms=12915.5 generation_ms=196262.4 generated=64 generation_tps=0.326
AGENT index=2 mig=fafc828a exit=0 wall_ms=166226 text=abfd4eb3fb8ebdd8 role=child prefix_tokens=14282 suffix_tokens=24 model_ms=13144.5 context_ms=235.0 state_ms=38.33 prefix_ms=0.0 suffix_ms=3323.2 first_token_ms=20526.9 generation_ms=145212.5 generated=64 generation_tps=0.441
AGENT index=3 mig=31ffbfe4 exit=0 wall_ms=246013 text=077e38d3762a4e5d role=child prefix_tokens=14282 suffix_tokens=32 model_ms=12542.3 context_ms=476.7 state_ms=16.19 prefix_ms=0.0 suffix_ms=6473.2 first_token_ms=23257.8 generation_ms=222112.8 generated=64 generation_tps=0.288
AGENT index=4 mig=fafc828a exit=0 wall_ms=160126 text=16f8c0610a09645d role=child prefix_tokens=14282 suffix_tokens=23 model_ms=10514.0 context_ms=663.6 state_ms=31.28 prefix_ms=0.0 suffix_ms=1422.6 first_token_ms=16293.8 generation_ms=143429.7 generated=64 generation_tps=0.446
AGENT index=5 mig=31ffbfe4 exit=0 wall_ms=244695 text=ff4188d71e02bfdb role=child prefix_tokens=14282 suffix_tokens=26 model_ms=13396.8 context_ms=516.6 state_ms=25.31 prefix_ms=0.0 suffix_ms=6716.9 first_token_ms=24105.7 generation_ms=220193.4 generated=64 generation_tps=0.291
AGENT index=6 mig=fafc828a exit=0 wall_ms=165492 text=f88f503d1005fa22 role=child prefix_tokens=14282 suffix_tokens=21 model_ms=13435.7 context_ms=468.1 state_ms=18.05 prefix_ms=0.0 suffix_ms=3987.2 first_token_ms=21423.3 generation_ms=143663.9 generated=64 generation_tps=0.445
AGENT index=7 mig=31ffbfe4 exit=0 wall_ms=240359 text=f9c832b7cad1a509 role=child prefix_tokens=14282 suffix_tokens=31 model_ms=11552.1 context_ms=236.5 state_ms=22.57 prefix_ms=0.0 suffix_ms=1724.5 first_token_ms=16974.0 generation_ms=222980.9 generated=64 generation_tps=0.287
AGENT index=8 mig=fafc828a exit=0 wall_ms=167425 text=ae3f57b141780268 role=child prefix_tokens=14282 suffix_tokens=18 model_ms=13756.0 context_ms=232.2 state_ms=8.10 prefix_ms=0.0 suffix_ms=4196.9 first_token_ms=21921.9 generation_ms=144657.9 generated=64 generation_tps=0.442
AGENT index=9 mig=31ffbfe4 exit=0 wall_ms=246657 text=a2d016def74ecc62 role=child prefix_tokens=14282 suffix_tokens=18 model_ms=13735.1 context_ms=226.2 state_ms=8.62 prefix_ms=0.0 suffix_ms=6745.7 first_token_ms=24565.9 generation_ms=221161.9 generated=64 generation_tps=0.289
AGENT index=10 mig=fafc828a exit=0 wall_ms=164450 text=a733f3a39259263c role=child prefix_tokens=14282 suffix_tokens=18 model_ms=12142.4 context_ms=266.6 state_ms=53.05 prefix_ms=0.0 suffix_ms=2060.6 first_token_ms=17993.9 generation_ms=145989.2 generated=64 generation_tps=0.438
AGENT index=11 mig=31ffbfe4 exit=0 wall_ms=245252 text=087278665f3dec68 role=child prefix_tokens=14282 suffix_tokens=22 model_ms=11978.1 context_ms=269.7 state_ms=26.91 prefix_ms=0.0 suffix_ms=5598.5 first_token_ms=22094.8 generation_ms=222711.3 generated=64 generation_tps=0.287
AGENT index=12 mig=fafc828a exit=0 wall_ms=165003 text=2c93819fe85df763 role=child prefix_tokens=14282 suffix_tokens=21 model_ms=13803.5 context_ms=349.2 state_ms=20.53 prefix_ms=0.0 suffix_ms=4099.8 first_token_ms=21552.6 generation_ms=143044.9 generated=64 generation_tps=0.447
AGENT index=13 mig=31ffbfe4 exit=0 wall_ms=245399 text=5d483815f91685a6 role=child prefix_tokens=14282 suffix_tokens=31 model_ms=13624.1 context_ms=302.9 state_ms=26.64 prefix_ms=0.0 suffix_ms=6700.1 first_token_ms=24094.4 generation_ms=220812.5 generated=64 generation_tps=0.290
AGENT index=14 mig=fafc828a exit=0 wall_ms=162288 text=3f33f20708943e2f role=child prefix_tokens=14282 suffix_tokens=21 model_ms=11738.9 context_ms=305.0 state_ms=50.24 prefix_ms=0.0 suffix_ms=1555.1 first_token_ms=17153.2 generation_ms=144693.4 generated=64 generation_tps=0.442
AGENT index=15 mig=31ffbfe4 exit=0 wall_ms=245532 text=0502c45076359254 role=child prefix_tokens=14282 suffix_tokens=26 model_ms=13019.7 context_ms=348.6 state_ms=32.39 prefix_ms=0.0 suffix_ms=6480.8 first_token_ms=23391.8 generation_ms=221693.8 generated=64 generation_tps=0.289
AGENT index=16 mig=fafc828a exit=0 wall_ms=167735 text=0ebc8757605c5571 role=child prefix_tokens=14282 suffix_tokens=25 model_ms=13385.6 context_ms=201.1 state_ms=6.40 prefix_ms=0.0 suffix_ms=4653.7 first_token_ms=22455.0 generation_ms=144191.4 generated=64 generation_tps=0.444
AGENT index=17 mig=31ffbfe4 exit=0 wall_ms=245100 text=5d7dbcf0a7eca76c role=child prefix_tokens=14282 suffix_tokens=22 model_ms=11683.2 context_ms=478.2 state_ms=33.11 prefix_ms=0.0 suffix_ms=4991.4 first_token_ms=21436.4 generation_ms=223269.7 generated=64 generation_tps=0.287
AGENT index=18 mig=fafc828a exit=0 wall_ms=167621 text=cb99e4b1c2fd84d5 role=child prefix_tokens=14282 suffix_tokens=21 model_ms=13474.2 context_ms=395.9 state_ms=6.39 prefix_ms=0.0 suffix_ms=3947.6 first_token_ms=21590.3 generation_ms=144956.9 generated=64 generation_tps=0.442
AGENT index=19 mig=31ffbfe4 exit=0 wall_ms=246100 text=4c7501e634d9bf23 role=child prefix_tokens=14282 suffix_tokens=18 model_ms=13818.3 context_ms=368.0 state_ms=8.96 prefix_ms=0.0 suffix_ms=6735.4 first_token_ms=24431.6 generation_ms=220885.0 generated=64 generation_tps=0.290
AGENT index=20 mig=fafc828a exit=0 wall_ms=166668 text=b3893059e7e79532 role=child prefix_tokens=14282 suffix_tokens=21 model_ms=13056.9 context_ms=244.0 state_ms=26.23 prefix_ms=0.0 suffix_ms=3895.0 first_token_ms=21234.5 generation_ms=144924.7 generated=64 generation_tps=0.442
AGENT index=21 mig=31ffbfe4 exit=0 wall_ms=244282 text=284eef78a2286715 role=child prefix_tokens=14282 suffix_tokens=26 model_ms=12363.5 context_ms=379.6 state_ms=43.45 prefix_ms=0.0 suffix_ms=4327.0 first_token_ms=20531.9 generation_ms=223361.9 generated=64 generation_tps=0.287
AGENT index=22 mig=fafc828a exit=0 wall_ms=124268 text=ad3122b47bf9d41d role=child prefix_tokens=14282 suffix_tokens=27 model_ms=7637.2 context_ms=606.9 state_ms=15.47 prefix_ms=0.0 suffix_ms=695.6 first_token_ms=12420.4 generation_ms=111448.9 generated=64 generation_tps=0.574
AGENT index=23 mig=31ffbfe4 exit=0 wall_ms=246113 text=f79224e341ba5115 role=child prefix_tokens=14282 suffix_tokens=17 model_ms=12478.1 context_ms=458.9 state_ms=34.71 prefix_ms=0.0 suffix_ms=6217.0 first_token_ms=23203.4 generation_ms=222109.3 generated=64 generation_tps=0.288
AGENT index=24 mig=fafc828a exit=0 wall_ms=166631 text=9834d2c93010cb40 role=child prefix_tokens=14282 suffix_tokens=22 model_ms=13780.9 context_ms=336.8 state_ms=6.95 prefix_ms=0.0 suffix_ms=4121.2 first_token_ms=21764.5 generation_ms=144362.9 generated=64 generation_tps=0.443
AGENT index=25 mig=31ffbfe4 exit=0 wall_ms=246112 text=da4c2dca73ac54e0 role=child prefix_tokens=14282 suffix_tokens=23 model_ms=12358.3 context_ms=327.2 state_ms=20.35 prefix_ms=0.0 suffix_ms=5582.1 first_token_ms=22386.5 generation_ms=222939.4 generated=64 generation_tps=0.287
AGENT index=26 mig=fafc828a exit=0 wall_ms=166404 text=07ec2de36a00f7a1 role=child prefix_tokens=14282 suffix_tokens=19 model_ms=13961.7 context_ms=242.7 state_ms=11.72 prefix_ms=0.0 suffix_ms=4033.2 first_token_ms=21658.6 generation_ms=144261.0 generated=64 generation_tps=0.444
AGENT index=27 mig=31ffbfe4 exit=0 wall_ms=245376 text=e1e29071a16e2061 role=child prefix_tokens=14282 suffix_tokens=21 model_ms=13013.5 context_ms=451.3 state_ms=32.96 prefix_ms=0.0 suffix_ms=6127.9 first_token_ms=23056.7 generation_ms=221842.6 generated=64 generation_tps=0.288
AGENT index=28 mig=fafc828a exit=0 wall_ms=128486 text=1c65ed1020843e8d role=child prefix_tokens=14282 suffix_tokens=20 model_ms=7058.2 context_ms=698.1 state_ms=15.26 prefix_ms=0.0 suffix_ms=893.1 first_token_ms=12590.1 generation_ms=115482.0 generated=64 generation_tps=0.554
AGENT index=29 mig=31ffbfe4 exit=0 wall_ms=246252 text=a72f71cd80731afe role=child prefix_tokens=14282 suffix_tokens=22 model_ms=12848.4 context_ms=336.4 state_ms=33.97 prefix_ms=0.0 suffix_ms=6023.4 first_token_ms=22928.4 generation_ms=222644.1 generated=64 generation_tps=0.287
AGENT index=30 mig=fafc828a exit=0 wall_ms=166973 text=317f6f38771a1e41 role=child prefix_tokens=14282 suffix_tokens=20 model_ms=14010.5 context_ms=176.4 state_ms=6.83 prefix_ms=0.0 suffix_ms=4212.0 first_token_ms=21958.5 generation_ms=144300.6 generated=64 generation_tps=0.444
AGENT index=31 mig=31ffbfe4 exit=0 wall_ms=244383 text=1b4036771dcdadef role=child prefix_tokens=14282 suffix_tokens=22 model_ms=12557.0 context_ms=244.5 state_ms=26.81 prefix_ms=0.0 suffix_ms=4903.1 first_token_ms=21111.7 generation_ms=222874.2 generated=64 generation_tps=0.287
AGENT index=32 mig=fafc828a exit=0 wall_ms=158562 text=3f50371ecb0032a2 role=child prefix_tokens=14282 suffix_tokens=28 model_ms=11192.7 context_ms=384.3 state_ms=54.24 prefix_ms=0.0 suffix_ms=1028.5 first_token_ms=16074.7 generation_ms=142100.9 generated=64 generation_tps=0.450
AGENT index=33 mig=31ffbfe4 exit=0 wall_ms=246523 text=5b450cf9627e77b9 role=child prefix_tokens=14282 suffix_tokens=23 model_ms=13409.7 context_ms=194.1 state_ms=11.48 prefix_ms=0.0 suffix_ms=6757.0 first_token_ms=24296.9 generation_ms=221318.9 generated=64 generation_tps=0.289
AGENT index=34 mig=fafc828a exit=0 wall_ms=167254 text=8fe64643182c4081 role=child prefix_tokens=14282 suffix_tokens=25 model_ms=13983.3 context_ms=186.3 state_ms=6.26 prefix_ms=0.0 suffix_ms=4635.8 first_token_ms=22376.3 generation_ms=144020.2 generated=64 generation_tps=0.444
AGENT index=35 mig=31ffbfe4 exit=0 wall_ms=245970 text=ab418a5e41977b06 role=child prefix_tokens=14282 suffix_tokens=33 model_ms=12286.3 context_ms=347.1 state_ms=31.61 prefix_ms=0.0 suffix_ms=7051.5 first_token_ms=23515.2 generation_ms=221720.5 generated=64 generation_tps=0.289
AGENT index=36 mig=fafc828a exit=0 wall_ms=167479 text=2852504019aca3b6 role=child prefix_tokens=14282 suffix_tokens=24 model_ms=13612.2 context_ms=312.3 state_ms=7.61 prefix_ms=0.0 suffix_ms=3987.5 first_token_ms=21599.0 generation_ms=144936.4 generated=64 generation_tps=0.442
AGENT index=37 mig=31ffbfe4 exit=0 wall_ms=245838 text=bef1e0801c6e655f role=child prefix_tokens=14282 suffix_tokens=27 model_ms=11964.3 context_ms=503.7 state_ms=37.59 prefix_ms=0.0 suffix_ms=5967.7 first_token_ms=22522.8 generation_ms=222796.2 generated=64 generation_tps=0.287
AGENT index=38 mig=fafc828a exit=0 wall_ms=124963 text=03d3cecc4e2c4ef7 role=child prefix_tokens=14282 suffix_tokens=22 model_ms=7321.3 context_ms=848.6 state_ms=15.42 prefix_ms=0.0 suffix_ms=869.9 first_token_ms=12403.1 generation_ms=112104.6 generated=64 generation_tps=0.571
AGENT index=39 mig=31ffbfe4 exit=0 wall_ms=245194 text=f9c832b7cad1a509 role=child prefix_tokens=14282 suffix_tokens=32 model_ms=12502.9 context_ms=387.5 state_ms=31.61 prefix_ms=0.0 suffix_ms=5869.8 first_token_ms=22294.6 generation_ms=222471.1 generated=64 generation_tps=0.288
AGENT index=40 mig=fafc828a exit=0 wall_ms=164210 text=1bedc9985ebffdf3 role=child prefix_tokens=14282 suffix_tokens=19 model_ms=12194.2 context_ms=335.0 state_ms=39.00 prefix_ms=0.0 suffix_ms=1850.7 first_token_ms=17855.8 generation_ms=145817.6 generated=64 generation_tps=0.439
AGENT index=41 mig=31ffbfe4 exit=0 wall_ms=246705 text=45248c21a8c64213 role=child prefix_tokens=14282 suffix_tokens=19 model_ms=13281.4 context_ms=337.5 state_ms=18.81 prefix_ms=0.0 suffix_ms=6577.2 first_token_ms=23893.6 generation_ms=222098.1 generated=64 generation_tps=0.288
AGENT index=42 mig=fafc828a exit=0 wall_ms=165439 text=c2b860976d76c188 role=child prefix_tokens=14282 suffix_tokens=18 model_ms=11917.9 context_ms=339.0 state_ms=33.82 prefix_ms=0.0 suffix_ms=2392.1 first_token_ms=18659.3 generation_ms=146343.6 generated=64 generation_tps=0.437
AGENT index=43 mig=31ffbfe4 exit=0 wall_ms=238200 text=7f088fd1d1738f8b role=child prefix_tokens=14282 suffix_tokens=22 model_ms=9763.1 context_ms=579.2 state_ms=44.57 prefix_ms=0.0 suffix_ms=1659.4 first_token_ms=16182.3 generation_ms=221602.2 generated=64 generation_tps=0.289
AGENT index=44 mig=fafc828a exit=0 wall_ms=167228 text=f631ba01e55b49fa role=child prefix_tokens=14282 suffix_tokens=21 model_ms=13610.0 context_ms=291.2 state_ms=9.51 prefix_ms=0.0 suffix_ms=4176.2 first_token_ms=21732.1 generation_ms=144694.8 generated=64 generation_tps=0.442
AGENT index=45 mig=31ffbfe4 exit=0 wall_ms=208497 text=5d483815f91685a6 role=child prefix_tokens=14282 suffix_tokens=31 model_ms=7926.7 context_ms=363.3 state_ms=11.67 prefix_ms=0.0 suffix_ms=664.7 first_token_ms=12605.9 generation_ms=195501.0 generated=64 generation_tps=0.327
AGENT index=46 mig=fafc828a exit=0 wall_ms=166899 text=56be8609eb72cb4a role=child prefix_tokens=14282 suffix_tokens=21 model_ms=12693.4 context_ms=173.3 state_ms=18.08 prefix_ms=0.0 suffix_ms=3943.7 first_token_ms=20972.9 generation_ms=145294.4 generated=64 generation_tps=0.440
AGENT index=47 mig=31ffbfe4 exit=0 wall_ms=202441 text=0d9668c2f9cbc9fc role=child prefix_tokens=14282 suffix_tokens=26 model_ms=4919.0 context_ms=2057.2 state_ms=12.27 prefix_ms=0.0 suffix_ms=1383.0 first_token_ms=12040.1 generation_ms=189996.6 generated=64 generation_tps=0.337
AGENT index=48 mig=fafc828a exit=0 wall_ms=167386 text=27f58a7742c668f5 role=child prefix_tokens=14282 suffix_tokens=25 model_ms=13940.9 context_ms=270.3 state_ms=6.42 prefix_ms=0.0 suffix_ms=4596.4 first_token_ms=22257.3 generation_ms=144081.5 generated=64 generation_tps=0.444
AGENT index=49 mig=31ffbfe4 exit=0 wall_ms=246760 text=facc2c2ea4689e1e role=child prefix_tokens=14282 suffix_tokens=22 model_ms=13778.3 context_ms=219.1 state_ms=6.57 prefix_ms=0.0 suffix_ms=6751.2 first_token_ms=24358.9 generation_ms=221479.2 generated=64 generation_tps=0.289
AGENT index=50 mig=fafc828a exit=0 wall_ms=164185 text=64fd37c296cb1dd5 role=child prefix_tokens=14282 suffix_tokens=21 model_ms=11603.3 context_ms=270.9 state_ms=42.37 prefix_ms=0.0 suffix_ms=1985.6 first_token_ms=17822.5 generation_ms=145813.1 generated=64 generation_tps=0.439
AGENT index=51 mig=31ffbfe4 exit=0 wall_ms=210755 text=4c7501e634d9bf23 role=child prefix_tokens=14282 suffix_tokens=18 model_ms=6772.4 context_ms=803.9 state_ms=15.24 prefix_ms=0.0 suffix_ms=1132.8 first_token_ms=12586.7 generation_ms=197756.9 generated=64 generation_tps=0.324
AGENT index=52 mig=fafc828a exit=0 wall_ms=167829 text=b3893059e7e79532 role=child prefix_tokens=14282 suffix_tokens=21 model_ms=13736.3 context_ms=255.9 state_ms=6.05 prefix_ms=0.0 suffix_ms=4124.9 first_token_ms=21701.2 generation_ms=144698.1 generated=64 generation_tps=0.442
AGENT index=53 mig=31ffbfe4 exit=0 wall_ms=246962 text=11e4c2a85150fa06 role=child prefix_tokens=14282 suffix_tokens=26 model_ms=13669.6 context_ms=139.0 state_ms=6.88 prefix_ms=0.0 suffix_ms=6890.7 first_token_ms=24587.0 generation_ms=221371.4 generated=64 generation_tps=0.289
AGENT index=54 mig=fafc828a exit=0 wall_ms=162208 text=3b6f5b9c968721eb role=child prefix_tokens=14282 suffix_tokens=27 model_ms=11204.7 context_ms=284.6 state_ms=54.79 prefix_ms=0.0 suffix_ms=1468.0 first_token_ms=16843.4 generation_ms=144842.0 generated=64 generation_tps=0.442
AGENT index=55 mig=31ffbfe4 exit=0 wall_ms=243564 text=7e4fad52bd577abf role=child prefix_tokens=14282 suffix_tokens=17 model_ms=11695.2 context_ms=292.5 state_ms=20.84 prefix_ms=0.0 suffix_ms=3921.0 first_token_ms=19838.8 generation_ms=223320.7 generated=64 generation_tps=0.287
AGENT index=56 mig=fafc828a exit=0 wall_ms=168007 text=9834d2c93010cb40 role=child prefix_tokens=14282 suffix_tokens=22 model_ms=13196.5 context_ms=223.0 state_ms=8.96 prefix_ms=0.0 suffix_ms=4133.3 first_token_ms=21625.0 generation_ms=145046.8 generated=64 generation_tps=0.441
AGENT index=57 mig=31ffbfe4 exit=0 wall_ms=246369 text=a4e76b0a1993f6d6 role=child prefix_tokens=14282 suffix_tokens=23 model_ms=13001.0 context_ms=343.1 state_ms=6.65 prefix_ms=0.0 suffix_ms=6637.3 first_token_ms=24029.3 generation_ms=221529.7 generated=64 generation_tps=0.289
AGENT index=58 mig=fafc828a exit=0 wall_ms=165578 text=359d7b30e6a9a9fc role=child prefix_tokens=14282 suffix_tokens=19 model_ms=12944.6 context_ms=423.5 state_ms=26.49 prefix_ms=0.0 suffix_ms=3139.6 first_token_ms=19783.7 generation_ms=145399.6 generated=64 generation_tps=0.440
AGENT index=59 mig=31ffbfe4 exit=0 wall_ms=245486 text=7b1e906b43903ada role=child prefix_tokens=14282 suffix_tokens=21 model_ms=13014.6 context_ms=388.7 state_ms=19.57 prefix_ms=0.0 suffix_ms=6115.6 first_token_ms=22896.5 generation_ms=222117.7 generated=64 generation_tps=0.288
AGENT index=60 mig=fafc828a exit=0 wall_ms=167313 text=23f27e20526aad11 role=child prefix_tokens=14282 suffix_tokens=20 model_ms=13229.3 context_ms=233.6 state_ms=10.53 prefix_ms=0.0 suffix_ms=3988.4 first_token_ms=21449.3 generation_ms=145051.3 generated=64 generation_tps=0.441
AGENT index=61 mig=31ffbfe4 exit=0 wall_ms=246234 text=a61a16a4bc46c53d role=child prefix_tokens=14282 suffix_tokens=22 model_ms=13304.5 context_ms=192.0 state_ms=7.68 prefix_ms=0.0 suffix_ms=6711.2 first_token_ms=24297.1 generation_ms=221117.4 generated=64 generation_tps=0.289
AGENT index=62 mig=fafc828a exit=0 wall_ms=168122 text=dbac730f9e3a3df4 role=child prefix_tokens=14282 suffix_tokens=20 model_ms=13622.8 context_ms=221.2 state_ms=8.45 prefix_ms=0.0 suffix_ms=4184.9 first_token_ms=21754.8 generation_ms=144934.2 generated=64 generation_tps=0.442
AGENT index=63 mig=31ffbfe4 exit=0 wall_ms=240738 text=cd56b7d8c4ff1887 role=child prefix_tokens=14282 suffix_tokens=22 model_ms=10614.8 context_ms=350.1 state_ms=18.99 prefix_ms=0.0 suffix_ms=1772.7 first_token_ms=16869.1 generation_ms=223471.3 generated=64 generation_tps=0.286
AGENT index=64 mig=fafc828a exit=0 wall_ms=167946 text=a067a6895417f0e8 role=child prefix_tokens=14282 suffix_tokens=28 model_ms=13180.1 context_ms=282.7 state_ms=6.16 prefix_ms=0.0 suffix_ms=4529.7 first_token_ms=22014.9 generation_ms=144568.4 generated=64 generation_tps=0.443
AGENT index=65 mig=31ffbfe4 exit=0 wall_ms=239936 text=664acbfcf59959c4 role=child prefix_tokens=14282 suffix_tokens=23 model_ms=10927.8 context_ms=411.3 state_ms=36.81 prefix_ms=0.0 suffix_ms=2114.8 first_token_ms=16734.1 generation_ms=222803.2 generated=64 generation_tps=0.287
AGENT index=66 mig=fafc828a exit=0 wall_ms=166721 text=8fe64643182c4081 role=child prefix_tokens=14282 suffix_tokens=25 model_ms=13033.4 context_ms=281.6 state_ms=30.97 prefix_ms=0.0 suffix_ms=4460.1 first_token_ms=21535.0 generation_ms=144541.6 generated=64 generation_tps=0.443
AGENT index=67 mig=31ffbfe4 exit=0 wall_ms=246737 text=077e38d3762a4e5d role=child prefix_tokens=14282 suffix_tokens=33 model_ms=13217.6 context_ms=188.8 state_ms=16.15 prefix_ms=0.0 suffix_ms=8107.2 first_token_ms=25344.9 generation_ms=220696.3 generated=64 generation_tps=0.290
AGENT index=68 mig=fafc828a exit=0 wall_ms=167846 text=4d2fc992c2841379 role=child prefix_tokens=14282 suffix_tokens=24 model_ms=13584.4 context_ms=187.8 state_ms=11.56 prefix_ms=0.0 suffix_ms=4251.9 first_token_ms=21871.6 generation_ms=144848.0 generated=64 generation_tps=0.442
AGENT index=69 mig=31ffbfe4 exit=0 wall_ms=246735 text=6ce00e8033df1792 role=child prefix_tokens=14282 suffix_tokens=27 model_ms=13775.7 context_ms=189.8 state_ms=9.28 prefix_ms=0.0 suffix_ms=6905.6 first_token_ms=24514.9 generation_ms=221176.9 generated=64 generation_tps=0.289
AGENT index=70 mig=fafc828a exit=0 wall_ms=165927 text=312bed507beb25e1 role=child prefix_tokens=14282 suffix_tokens=22 model_ms=13455.5 context_ms=208.4 state_ms=8.66 prefix_ms=0.0 suffix_ms=4161.4 first_token_ms=21747.7 generation_ms=143702.6 generated=64 generation_tps=0.445
AGENT index=71 mig=31ffbfe4 exit=0 wall_ms=246342 text=13e4dfd293d8126f role=child prefix_tokens=14282 suffix_tokens=32 model_ms=12295.6 context_ms=230.1 state_ms=34.60 prefix_ms=0.0 suffix_ms=6668.8 first_token_ms=23225.0 generation_ms=222316.0 generated=64 generation_tps=0.288
AGENT index=72 mig=fafc828a exit=0 wall_ms=158052 text=724c6fed862eef57 role=child prefix_tokens=14282 suffix_tokens=19 model_ms=10387.5 context_ms=506.0 state_ms=18.02 prefix_ms=0.0 suffix_ms=1058.2 first_token_ms=15747.5 generation_ms=141910.2 generated=64 generation_tps=0.451
AGENT index=73 mig=31ffbfe4 exit=0 wall_ms=246778 text=f69b628d0f4868ff role=child prefix_tokens=14282 suffix_tokens=19 model_ms=13231.2 context_ms=305.3 state_ms=6.39 prefix_ms=0.0 suffix_ms=6749.4 first_token_ms=24302.8 generation_ms=221656.4 generated=64 generation_tps=0.289
AGENT index=74 mig=fafc828a exit=0 wall_ms=167856 text=95997adc906fa24a role=child prefix_tokens=14282 suffix_tokens=18 model_ms=13179.3 context_ms=288.6 state_ms=7.42 prefix_ms=0.0 suffix_ms=4143.0 first_token_ms=21721.2 generation_ms=144981.0 generated=64 generation_tps=0.441
AGENT index=75 mig=31ffbfe4 exit=0 wall_ms=238677 text=8aaf40a95565910c role=child prefix_tokens=14282 suffix_tokens=22 model_ms=10480.5 context_ms=604.8 state_ms=26.64 prefix_ms=0.0 suffix_ms=1739.0 first_token_ms=16437.7 generation_ms=221869.3 generated=64 generation_tps=0.288
AGENT index=76 mig=fafc828a exit=0 wall_ms=165988 text=2c93819fe85df763 role=child prefix_tokens=14282 suffix_tokens=21 model_ms=12143.0 context_ms=310.3 state_ms=21.23 prefix_ms=0.0 suffix_ms=2878.2 first_token_ms=19447.8 generation_ms=146054.2 generated=64 generation_tps=0.438
AGENT index=77 mig=31ffbfe4 exit=0 wall_ms=238131 text=5d483815f91685a6 role=child prefix_tokens=14282 suffix_tokens=31 model_ms=10059.4 context_ms=394.6 state_ms=54.27 prefix_ms=0.0 suffix_ms=1621.3 first_token_ms=16110.6 generation_ms=221634.1 generated=64 generation_tps=0.289
AGENT index=78 mig=fafc828a exit=0 wall_ms=158677 text=3f33f20708943e2f role=child prefix_tokens=14282 suffix_tokens=21 model_ms=10413.9 context_ms=339.0 state_ms=62.59 prefix_ms=0.0 suffix_ms=1211.5 first_token_ms=15861.7 generation_ms=142429.0 generated=64 generation_tps=0.449
AGENT index=79 mig=31ffbfe4 exit=0 wall_ms=246341 text=0d9668c2f9cbc9fc role=child prefix_tokens=14282 suffix_tokens=26 model_ms=13726.8 context_ms=255.6 state_ms=7.62 prefix_ms=0.0 suffix_ms=6809.3 first_token_ms=24232.4 generation_ms=221244.9 generated=64 generation_tps=0.289
AGENT index=80 mig=fafc828a exit=0 wall_ms=167725 text=86d4ee1044251a25 role=child prefix_tokens=14282 suffix_tokens=25 model_ms=13438.6 context_ms=232.9 state_ms=6.71 prefix_ms=0.0 suffix_ms=4537.0 first_token_ms=22102.6 generation_ms=144509.7 generated=64 generation_tps=0.443
AGENT index=81 mig=31ffbfe4 exit=0 wall_ms=246836 text=6bd685fbc4b441ec role=child prefix_tokens=14282 suffix_tokens=22 model_ms=13491.6 context_ms=193.9 state_ms=6.29 prefix_ms=0.0 suffix_ms=6798.4 first_token_ms=24272.6 generation_ms=221650.6 generated=64 generation_tps=0.289
AGENT index=82 mig=fafc828a exit=0 wall_ms=167944 text=ce66287a7832a2bb role=child prefix_tokens=14282 suffix_tokens=21 model_ms=13342.7 context_ms=127.6 state_ms=6.35 prefix_ms=0.0 suffix_ms=4167.5 first_token_ms=21687.7 generation_ms=144977.5 generated=64 generation_tps=0.441
AGENT index=83 mig=31ffbfe4 exit=0 wall_ms=246932 text=cdf6d4762f0ad9c6 role=child prefix_tokens=14282 suffix_tokens=18 model_ms=13279.5 context_ms=176.7 state_ms=7.46 prefix_ms=0.0 suffix_ms=6804.6 first_token_ms=24338.4 generation_ms=221605.8 generated=64 generation_tps=0.289
AGENT index=84 mig=fafc828a exit=0 wall_ms=168042 text=621bb723edc357c2 role=child prefix_tokens=14282 suffix_tokens=21 model_ms=12862.4 context_ms=284.2 state_ms=13.36 prefix_ms=0.0 suffix_ms=3972.1 first_token_ms=21228.1 generation_ms=145372.6 generated=64 generation_tps=0.440
AGENT index=85 mig=31ffbfe4 exit=0 wall_ms=242337 text=b8578943aeaf7387 role=child prefix_tokens=14282 suffix_tokens=26 model_ms=11370.6 context_ms=163.2 state_ms=38.34 prefix_ms=0.0 suffix_ms=2443.6 first_token_ms=17725.2 generation_ms=224219.9 generated=64 generation_tps=0.285
AGENT index=86 mig=fafc828a exit=0 wall_ms=168088 text=bc92b0cfd69b8bd4 role=child prefix_tokens=14282 suffix_tokens=27 model_ms=13333.7 context_ms=133.5 state_ms=6.27 prefix_ms=0.0 suffix_ms=4605.4 first_token_ms=22177.2 generation_ms=144501.3 generated=64 generation_tps=0.443
AGENT index=87 mig=31ffbfe4 exit=0 wall_ms=246209 text=46daf195b61b12ee role=child prefix_tokens=14282 suffix_tokens=17 model_ms=13760.2 context_ms=122.0 state_ms=7.35 prefix_ms=0.0 suffix_ms=6800.7 first_token_ms=24382.4 generation_ms=221181.1 generated=64 generation_tps=0.289
AGENT index=88 mig=fafc828a exit=0 wall_ms=120462 text=fb072021023b5031 role=child prefix_tokens=14282 suffix_tokens=22 model_ms=4577.9 context_ms=2168.5 state_ms=20.41 prefix_ms=0.0 suffix_ms=1574.5 first_token_ms=11811.5 generation_ms=106416.6 generated=64 generation_tps=0.601
AGENT index=89 mig=31ffbfe4 exit=0 wall_ms=246700 text=1dc70f9673b0dd57 role=child prefix_tokens=14282 suffix_tokens=23 model_ms=12192.3 context_ms=400.3 state_ms=39.75 prefix_ms=0.0 suffix_ms=6682.6 first_token_ms=23367.5 generation_ms=222382.0 generated=64 generation_tps=0.288
AGENT index=90 mig=fafc828a exit=0 wall_ms=160170 text=9aa85e1403c22284 role=child prefix_tokens=14282 suffix_tokens=19 model_ms=11277.6 context_ms=256.6 state_ms=42.54 prefix_ms=0.0 suffix_ms=1038.0 first_token_ms=16166.9 generation_ms=143613.4 generated=64 generation_tps=0.446
AGENT index=91 mig=31ffbfe4 exit=0 wall_ms=246743 text=0ec120ad804ad591 role=child prefix_tokens=14282 suffix_tokens=21 model_ms=13335.6 context_ms=186.5 state_ms=6.57 prefix_ms=0.0 suffix_ms=6781.2 first_token_ms=24308.7 generation_ms=221529.7 generated=64 generation_tps=0.289
AGENT index=92 mig=fafc828a exit=0 wall_ms=166341 text=4a33e463a3e8f524 role=child prefix_tokens=14282 suffix_tokens=20 model_ms=12741.4 context_ms=384.7 state_ms=30.37 prefix_ms=0.0 suffix_ms=3571.8 first_token_ms=20433.9 generation_ms=145329.7 generated=64 generation_tps=0.440
AGENT index=93 mig=31ffbfe4 exit=0 wall_ms=245952 text=a56a85c42cb9bcf4 role=child prefix_tokens=14282 suffix_tokens=22 model_ms=12697.4 context_ms=384.9 state_ms=25.83 prefix_ms=0.0 suffix_ms=5862.2 first_token_ms=22432.2 generation_ms=222805.0 generated=64 generation_tps=0.287
AGENT index=94 mig=fafc828a exit=0 wall_ms=167730 text=5b96a105ed76f9fa role=child prefix_tokens=14282 suffix_tokens=20 model_ms=13651.9 context_ms=208.9 state_ms=8.63 prefix_ms=0.0 suffix_ms=4186.7 first_token_ms=21705.5 generation_ms=144810.9 generated=64 generation_tps=0.442
AGENT index=95 mig=31ffbfe4 exit=0 wall_ms=246937 text=4ed1e788823f7ae6 role=child prefix_tokens=14282 suffix_tokens=22 model_ms=13301.3 context_ms=206.4 state_ms=6.46 prefix_ms=0.0 suffix_ms=6779.7 first_token_ms=24323.5 generation_ms=221634.7 generated=64 generation_tps=0.289
MEMORY mem_available_drop_mib=67339 mem_available_before_mib=120038 mem_free_before_mib=45842 pss_anon_mib=23055 pss_file_mib=6616 pss_shmem_mib=6368 device_mib=37152 samples=18
END_CASE failed_agents=0 wall_ms=247797
CASE mode=both agents=128
AGENT index=0 mig=fafc828a exit=0 wall_ms=220923 text=bb92e4befc7eddec role=child prefix_tokens=14282 suffix_tokens=27 model_ms=18623.6 context_ms=449.9 state_ms=15.65 prefix_ms=0.0 suffix_ms=5785.5 first_token_ms=29453.9 generation_ms=191027.5 generated=64 generation_tps=0.335
AGENT index=1 mig=31ffbfe4 exit=0 wall_ms=329264 text=a8d47b5298abb2fc role=child prefix_tokens=14282 suffix_tokens=22 model_ms=19111.0 context_ms=502.8 state_ms=6.67 prefix_ms=0.0 suffix_ms=8845.5 first_token_ms=33396.1 generation_ms=295051.0 generated=64 generation_tps=0.217
AGENT index=2 mig=fafc828a exit=0 wall_ms=217347 text=abfd4eb3fb8ebdd8 role=child prefix_tokens=14282 suffix_tokens=24 model_ms=15159.8 context_ms=1289.5 state_ms=34.64 prefix_ms=0.0 suffix_ms=2712.5 first_token_ms=23778.4 generation_ms=193146.7 generated=64 generation_tps=0.331
AGENT index=3 mig=31ffbfe4 exit=0 wall_ms=263000 text=077e38d3762a4e5d role=child prefix_tokens=14282 suffix_tokens=32 model_ms=11608.1 context_ms=1580.6 state_ms=15.15 prefix_ms=0.0 suffix_ms=1603.3 first_token_ms=17308.8 generation_ms=245288.5 generated=64 generation_tps=0.261
AGENT index=4 mig=fafc828a exit=0 wall_ms=223093 text=16f8c0610a09645d role=child prefix_tokens=14282 suffix_tokens=23 model_ms=20009.5 context_ms=236.6 state_ms=6.42 prefix_ms=0.0 suffix_ms=5744.1 first_token_ms=30545.8 generation_ms=191728.0 generated=64 generation_tps=0.334
AGENT index=5 mig=31ffbfe4 exit=0 wall_ms=319861 text=ff4188d71e02bfdb role=child prefix_tokens=14282 suffix_tokens=26 model_ms=15391.7 context_ms=655.6 state_ms=14.58 prefix_ms=0.0 suffix_ms=2430.2 first_token_ms=23449.7 generation_ms=295999.9 generated=64 generation_tps=0.216
AGENT index=6 mig=fafc828a exit=0 wall_ms=217895 text=f88f503d1005fa22 role=child prefix_tokens=14282 suffix_tokens=21 model_ms=15289.2 context_ms=1133.5 state_ms=21.48 prefix_ms=0.0 suffix_ms=2215.0 first_token_ms=23819.8 generation_ms=193665.3 generated=64 generation_tps=0.330
AGENT index=7 mig=31ffbfe4 exit=0 wall_ms=326641 text=f9c832b7cad1a509 role=child prefix_tokens=14282 suffix_tokens=31 model_ms=17373.0 context_ms=533.6 state_ms=38.37 prefix_ms=0.0 suffix_ms=7321.9 first_token_ms=29879.7 generation_ms=296371.3 generated=64 generation_tps=0.216
AGENT index=8 mig=fafc828a exit=0 wall_ms=219514 text=ae3f57b141780268 role=child prefix_tokens=14282 suffix_tokens=18 model_ms=16996.7 context_ms=595.3 state_ms=75.39 prefix_ms=0.0 suffix_ms=2076.2 first_token_ms=24521.3 generation_ms=194578.5 generated=64 generation_tps=0.329
AGENT index=9 mig=31ffbfe4 exit=0 wall_ms=322272 text=a2d016def74ecc62 role=child prefix_tokens=14282 suffix_tokens=18 model_ms=16152.4 context_ms=899.8 state_ms=27.76 prefix_ms=0.0 suffix_ms=2925.3 first_token_ms=24585.8 generation_ms=297316.9 generated=64 generation_tps=0.215
AGENT index=10 mig=fafc828a exit=0 wall_ms=224620 text=a733f3a39259263c role=child prefix_tokens=14282 suffix_tokens=18 model_ms=19360.9 context_ms=246.2 state_ms=7.47 prefix_ms=0.0 suffix_ms=5721.3 first_token_ms=30453.3 generation_ms=192463.0 generated=64 generation_tps=0.333
AGENT index=11 mig=31ffbfe4 exit=0 wall_ms=328355 text=087278665f3dec68 role=child prefix_tokens=14282 suffix_tokens=22 model_ms=18222.7 context_ms=554.9 state_ms=26.00 prefix_ms=0.0 suffix_ms=8440.9 first_token_ms=32329.7 generation_ms=295456.5 generated=64 generation_tps=0.217
AGENT index=12 mig=fafc828a exit=0 wall_ms=224786 text=2c93819fe85df763 role=child prefix_tokens=14282 suffix_tokens=21 model_ms=19998.9 context_ms=134.5 state_ms=6.25 prefix_ms=0.0 suffix_ms=5814.5 first_token_ms=30622.7 generation_ms=192094.2 generated=64 generation_tps=0.333
AGENT index=13 mig=31ffbfe4 exit=0 wall_ms=264902 text=5d483815f91685a6 role=child prefix_tokens=14282 suffix_tokens=31 model_ms=9476.1 context_ms=2818.1 state_ms=14.60 prefix_ms=0.0 suffix_ms=1829.7 first_token_ms=17308.6 generation_ms=247174.7 generated=64 generation_tps=0.259
AGENT index=14 mig=fafc828a exit=0 wall_ms=218999 text=3f33f20708943e2f role=child prefix_tokens=14282 suffix_tokens=21 model_ms=16652.5 context_ms=633.3 state_ms=58.39 prefix_ms=0.0 suffix_ms=2452.8 first_token_ms=24345.8 generation_ms=194110.9 generated=64 generation_tps=0.330
AGENT index=15 mig=31ffbfe4 exit=0 wall_ms=274870 text=0502c45076359254 role=child prefix_tokens=14282 suffix_tokens=26 model_ms=10539.0 context_ms=738.1 state_ms=18.02 prefix_ms=0.0 suffix_ms=1832.1 first_token_ms=18067.6 generation_ms=256387.0 generated=64 generation_tps=0.250
AGENT index=16 mig=fafc828a exit=0 wall_ms=221538 text=0ebc8757605c5571 role=child prefix_tokens=14282 suffix_tokens=25 model_ms=19349.6 context_ms=475.1 state_ms=14.31 prefix_ms=0.0 suffix_ms=6134.3 first_token_ms=30582.1 generation_ms=190531.1 generated=64 generation_tps=0.336
AGENT index=17 mig=31ffbfe4 exit=0 wall_ms=328621 text=5d7dbcf0a7eca76c role=child prefix_tokens=14282 suffix_tokens=22 model_ms=18551.9 context_ms=546.8 state_ms=19.90 prefix_ms=0.0 suffix_ms=8736.2 first_token_ms=32881.1 generation_ms=294992.9 generated=64 generation_tps=0.217
AGENT index=18 mig=fafc828a exit=0 wall_ms=221998 text=cb99e4b1c2fd84d5 role=child prefix_tokens=14282 suffix_tokens=21 model_ms=18143.3 context_ms=415.0 state_ms=30.40 prefix_ms=0.0 suffix_ms=4506.5 first_token_ms=27713.3 generation_ms=193869.9 generated=64 generation_tps=0.330
AGENT index=19 mig=31ffbfe4 exit=0 wall_ms=325957 text=4c7501e634d9bf23 role=child prefix_tokens=14282 suffix_tokens=18 model_ms=18579.5 context_ms=630.9 state_ms=21.50 prefix_ms=0.0 suffix_ms=8677.3 first_token_ms=32869.0 generation_ms=292695.9 generated=64 generation_tps=0.219
AGENT index=20 mig=fafc828a exit=0 wall_ms=224870 text=b3893059e7e79532 role=child prefix_tokens=14282 suffix_tokens=21 model_ms=19262.8 context_ms=256.7 state_ms=14.63 prefix_ms=0.0 suffix_ms=5869.4 first_token_ms=30592.7 generation_ms=192242.7 generated=64 generation_tps=0.333
AGENT index=21 mig=31ffbfe4 exit=0 wall_ms=257376 text=284eef78a2286715 role=child prefix_tokens=14282 suffix_tokens=26 model_ms=9351.6 context_ms=1558.5 state_ms=15.36 prefix_ms=0.0 suffix_ms=1094.3 first_token_ms=16715.3 generation_ms=240263.8 generated=64 generation_tps=0.266
AGENT index=22 mig=fafc828a exit=0 wall_ms=217424 text=ad3122b47bf9d41d role=child prefix_tokens=14282 suffix_tokens=27 model_ms=15530.7 context_ms=709.4 state_ms=26.19 prefix_ms=0.0 suffix_ms=2262.9 first_token_ms=23661.8 generation_ms=193325.8 generated=64 generation_tps=0.331
AGENT index=23 mig=31ffbfe4 exit=0 wall_ms=324664 text=f79224e341ba5115 role=child prefix_tokens=14282 suffix_tokens=17 model_ms=16222.7 context_ms=414.9 state_ms=58.67 prefix_ms=0.0 suffix_ms=3764.0 first_token_ms=25735.7 generation_ms=298540.2 generated=64 generation_tps=0.214
AGENT index=24 mig=fafc828a exit=0 wall_ms=163206 text=9834d2c93010cb40 role=child prefix_tokens=14282 suffix_tokens=22 model_ms=9538.5 context_ms=987.0 state_ms=15.55 prefix_ms=0.0 suffix_ms=1087.0 first_token_ms=16978.1 generation_ms=138777.3 generated=64 generation_tps=0.461
AGENT index=25 mig=31ffbfe4 exit=0 wall_ms=327871 text=da4c2dca73ac54e0 role=child prefix_tokens=14282 suffix_tokens=23 model_ms=17909.4 context_ms=649.5 state_ms=26.46 prefix_ms=0.0 suffix_ms=8310.3 first_token_ms=31430.2 generation_ms=296020.9 generated=64 generation_tps=0.216
AGENT index=26 mig=fafc828a exit=0 wall_ms=223501 text=07ec2de36a00f7a1 role=child prefix_tokens=14282 suffix_tokens=19 model_ms=19405.4 context_ms=371.2 state_ms=8.51 prefix_ms=0.0 suffix_ms=5565.0 first_token_ms=29978.8 generation_ms=192386.2 generated=64 generation_tps=0.333
AGENT index=27 mig=31ffbfe4 exit=0 wall_ms=324887 text=e1e29071a16e2061 role=child prefix_tokens=14282 suffix_tokens=21 model_ms=16946.1 context_ms=723.0 state_ms=40.18 prefix_ms=0.0 suffix_ms=5282.6 first_token_ms=27484.0 generation_ms=297026.2 generated=64 generation_tps=0.215
AGENT index=28 mig=fafc828a exit=0 wall_ms=223632 text=1c65ed1020843e8d role=child prefix_tokens=14282 suffix_tokens=20 model_ms=17811.0 context_ms=397.3 state_ms=17.23 prefix_ms=0.0 suffix_ms=5061.9 first_token_ms=28565.5 generation_ms=193916.3 generated=64 generation_tps=0.330
AGENT index=29 mig=31ffbfe4 exit=0 wall_ms=328738 text=a72f71cd80731afe role=child prefix_tokens=14282 suffix_tokens=22 model_ms=19006.0 context_ms=398.0 state_ms=6.51 prefix_ms=0.0 suffix_ms=8844.2 first_token_ms=33395.5 generation_ms=294517.2 generated=64 generation_tps=0.217
AGENT index=30 mig=fafc828a exit=0 wall_ms=223869 text=317f6f38771a1e41 role=child prefix_tokens=14282 suffix_tokens=20 model_ms=19478.6 context_ms=167.0 state_ms=6.38 prefix_ms=0.0 suffix_ms=5762.6 first_token_ms=30467.8 generation_ms=192290.6 generated=64 generation_tps=0.333
AGENT index=31 mig=31ffbfe4 exit=0 wall_ms=328031 text=1b4036771dcdadef role=child prefix_tokens=14282 suffix_tokens=22 model_ms=17949.1 context_ms=530.4 state_ms=49.72 prefix_ms=0.0 suffix_ms=8272.0 first_token_ms=31649.5 generation_ms=295925.3 generated=64 generation_tps=0.216
AGENT index=32 mig=fafc828a exit=0 wall_ms=222377 text=3f50371ecb0032a2 role=child prefix_tokens=14282 suffix_tokens=28 model_ms=17919.4 context_ms=415.4 state_ms=46.63 prefix_ms=0.0 suffix_ms=5772.2 first_token_ms=29117.9 generation_ms=192663.2 generated=64 generation_tps=0.332
AGENT index=33 mig=31ffbfe4 exit=0 wall_ms=328431 text=5b450cf9627e77b9 role=child prefix_tokens=14282 suffix_tokens=23 model_ms=18391.7 context_ms=534.4 state_ms=13.42 prefix_ms=0.0 suffix_ms=8647.6 first_token_ms=32838.9 generation_ms=294851.7 generated=64 generation_tps=0.217
AGENT index=34 mig=fafc828a exit=0 wall_ms=224292 text=8fe64643182c4081 role=child prefix_tokens=14282 suffix_tokens=25 model_ms=17631.7 context_ms=721.7 state_ms=42.16 prefix_ms=0.0 suffix_ms=5897.9 first_token_ms=29527.7 generation_ms=193203.7 generated=64 generation_tps=0.331
AGENT index=35 mig=31ffbfe4 exit=0 wall_ms=329703 text=ab418a5e41977b06 role=child prefix_tokens=14282 suffix_tokens=33 model_ms=17855.8 context_ms=669.2 state_ms=38.20 prefix_ms=0.0 suffix_ms=10493.3 first_token_ms=34121.9 generation_ms=294509.9 generated=64 generation_tps=0.217
AGENT index=36 mig=fafc828a exit=0 wall_ms=221702 text=2852504019aca3b6 role=child prefix_tokens=14282 suffix_tokens=24 model_ms=18771.3 context_ms=385.8 state_ms=8.17 prefix_ms=0.0 suffix_ms=5389.6 first_token_ms=29219.2 generation_ms=192054.5 generated=64 generation_tps=0.333
AGENT index=37 mig=31ffbfe4 exit=0 wall_ms=328801 text=bef1e0801c6e655f role=child prefix_tokens=14282 suffix_tokens=27 model_ms=19063.3 context_ms=488.0 state_ms=11.50 prefix_ms=0.0 suffix_ms=9133.5 first_token_ms=33610.5 generation_ms=294498.9 generated=64 generation_tps=0.217
AGENT index=38 mig=fafc828a exit=0 wall_ms=163156 text=03d3cecc4e2c4ef7 role=child prefix_tokens=14282 suffix_tokens=22 model_ms=11400.3 context_ms=732.8 state_ms=15.97 prefix_ms=0.0 suffix_ms=667.1 first_token_ms=17522.5 generation_ms=144399.6 generated=64 generation_tps=0.443
AGENT index=39 mig=31ffbfe4 exit=0 wall_ms=325650 text=f9c832b7cad1a509 role=child prefix_tokens=14282 suffix_tokens=32 model_ms=16070.8 context_ms=1051.7 state_ms=52.91 prefix_ms=0.0 suffix_ms=5666.2 first_token_ms=27610.2 generation_ms=297658.7 generated=64 generation_tps=0.215
AGENT index=40 mig=fafc828a exit=0 wall_ms=212197 text=1bedc9985ebffdf3 role=child prefix_tokens=14282 suffix_tokens=19 model_ms=13998.9 context_ms=1418.5 state_ms=14.27 prefix_ms=0.0 suffix_ms=2020.4 first_token_ms=22174.8 generation_ms=189612.0 generated=64 generation_tps=0.338
AGENT index=41 mig=31ffbfe4 exit=0 wall_ms=329902 text=45248c21a8c64213 role=child prefix_tokens=14282 suffix_tokens=19 model_ms=19523.6 context_ms=205.9 state_ms=6.35 prefix_ms=0.0 suffix_ms=8822.8 first_token_ms=33277.4 generation_ms=295293.5 generated=64 generation_tps=0.217
AGENT index=42 mig=fafc828a exit=0 wall_ms=218835 text=c2b860976d76c188 role=child prefix_tokens=14282 suffix_tokens=18 model_ms=16282.6 context_ms=914.7 state_ms=48.32 prefix_ms=0.0 suffix_ms=2218.8 first_token_ms=24243.2 generation_ms=194100.6 generated=64 generation_tps=0.330
AGENT index=43 mig=31ffbfe4 exit=0 wall_ms=329202 text=7f088fd1d1738f8b role=child prefix_tokens=14282 suffix_tokens=22 model_ms=19770.0 context_ms=294.6 state_ms=6.35 prefix_ms=0.0 suffix_ms=8892.4 first_token_ms=33480.1 generation_ms=294818.1 generated=64 generation_tps=0.217
AGENT index=44 mig=fafc828a exit=0 wall_ms=222390 text=f631ba01e55b49fa role=child prefix_tokens=14282 suffix_tokens=21 model_ms=19163.9 context_ms=407.6 state_ms=20.73 prefix_ms=0.0 suffix_ms=5583.7 first_token_ms=29687.1 generation_ms=192179.7 generated=64 generation_tps=0.333
AGENT index=45 mig=31ffbfe4 exit=0 wall_ms=326042 text=5d483815f91685a6 role=child prefix_tokens=14282 suffix_tokens=31 model_ms=17230.9 context_ms=627.3 state_ms=42.96 prefix_ms=0.0 suffix_ms=6230.9 first_token_ms=28810.4 generation_ms=296836.9 generated=64 generation_tps=0.216
AGENT index=46 mig=fafc828a exit=0 wall_ms=163128 text=56be8609eb72cb4a role=child prefix_tokens=14282 suffix_tokens=21 model_ms=10901.6 context_ms=704.2 state_ms=14.46 prefix_ms=0.0 suffix_ms=1346.8 first_token_ms=17438.2 generation_ms=142971.8 generated=64 generation_tps=0.448
AGENT index=47 mig=31ffbfe4 exit=0 wall_ms=329717 text=0d9668c2f9cbc9fc role=child prefix_tokens=14282 suffix_tokens=26 model_ms=17517.6 context_ms=846.4 state_ms=22.15 prefix_ms=0.0 suffix_ms=8909.0 first_token_ms=32595.2 generation_ms=295865.2 generated=64 generation_tps=0.216
AGENT index=48 mig=fafc828a exit=0 wall_ms=223917 text=27f58a7742c668f5 role=child prefix_tokens=14282 suffix_tokens=25 model_ms=18026.6 context_ms=443.9 state_ms=38.43 prefix_ms=0.0 suffix_ms=5426.4 first_token_ms=28741.1 generation_ms=193895.3 generated=64 generation_tps=0.330
AGENT index=49 mig=31ffbfe4 exit=0 wall_ms=320671 text=facc2c2ea4689e1e role=child prefix_tokens=14282 suffix_tokens=22 model_ms=14865.9 context_ms=1291.0 state_ms=39.92 prefix_ms=0.0 suffix_ms=2701.8 first_token_ms=23654.6 generation_ms=296624.9 generated=64 generation_tps=0.216
AGENT index=50 mig=fafc828a exit=0 wall_ms=219611 text=64fd37c296cb1dd5 role=child prefix_tokens=14282 suffix_tokens=21 model_ms=16878.5 context_ms=263.1 state_ms=35.26 prefix_ms=0.0 suffix_ms=2622.2 first_token_ms=24772.5 generation_ms=194451.7 generated=64 generation_tps=0.329
AGENT index=51 mig=31ffbfe4 exit=0 wall_ms=323576 text=4c7501e634d9bf23 role=child prefix_tokens=14282 suffix_tokens=18 model_ms=15642.8 context_ms=859.5 state_ms=44.90 prefix_ms=0.0 suffix_ms=3787.5 first_token_ms=25421.3 generation_ms=297796.1 generated=64 generation_tps=0.215
AGENT index=52 mig=fafc828a exit=0 wall_ms=223130 text=b3893059e7e79532 role=child prefix_tokens=14282 suffix_tokens=21 model_ms=19258.9 context_ms=380.7 state_ms=23.53 prefix_ms=0.0 suffix_ms=5376.6 first_token_ms=29571.5 generation_ms=192795.5 generated=64 generation_tps=0.332
AGENT index=53 mig=31ffbfe4 exit=0 wall_ms=330074 text=11e4c2a85150fa06 role=child prefix_tokens=14282 suffix_tokens=26 model_ms=18925.7 context_ms=211.3 state_ms=6.11 prefix_ms=0.0 suffix_ms=9129.9 first_token_ms=33680.5 generation_ms=294933.6 generated=64 generation_tps=0.217
AGENT index=54 mig=fafc828a exit=0 wall_ms=222677 text=3b6f5b9c968721eb role=child prefix_tokens=14282 suffix_tokens=27 model_ms=18129.9 context_ms=312.6 state_ms=36.84 prefix_ms=0.0 suffix_ms=5799.4 first_token_ms=29306.5 generation_ms=192799.6 generated=64 generation_tps=0.332
AGENT index=55 mig=31ffbfe4 exit=0 wall_ms=329325 text=7e4fad52bd577abf role=child prefix_tokens=14282 suffix_tokens=17 model_ms=19244.9 context_ms=405.2 state_ms=10.40 prefix_ms=0.0 suffix_ms=9024.3 first_token_ms=33545.9 generation_ms=294533.1 generated=64 generation_tps=0.217
AGENT index=56 mig=fafc828a exit=0 wall_ms=220791 text=9834d2c93010cb40 role=child prefix_tokens=14282 suffix_tokens=22 model_ms=19384.0 context_ms=254.6 state_ms=6.43 prefix_ms=0.0 suffix_ms=5777.8 first_token_ms=30224.4 generation_ms=190058.4 generated=64 generation_tps=0.337
AGENT index=57 mig=31ffbfe4 exit=0 wall_ms=327376 text=a4e76b0a1993f6d6 role=child prefix_tokens=14282 suffix_tokens=23 model_ms=17107.2 context_ms=473.7 state_ms=30.02 prefix_ms=0.0 suffix_ms=6380.5 first_token_ms=29376.2 generation_ms=297586.2 generated=64 generation_tps=0.215
AGENT index=58 mig=fafc828a exit=0 wall_ms=224621 text=359d7b30e6a9a9fc role=child prefix_tokens=14282 suffix_tokens=19 model_ms=19464.3 context_ms=143.2 state_ms=6.38 prefix_ms=0.0 suffix_ms=5702.8 first_token_ms=30280.3 generation_ms=192729.7 generated=64 generation_tps=0.332
AGENT index=59 mig=31ffbfe4 exit=0 wall_ms=329757 text=7b1e906b43903ada role=child prefix_tokens=14282 suffix_tokens=21 model_ms=18795.2 context_ms=477.9 state_ms=11.42 prefix_ms=0.0 suffix_ms=8712.1 first_token_ms=32993.8 generation_ms=295174.7 generated=64 generation_tps=0.217
AGENT index=60 mig=fafc828a exit=0 wall_ms=224866 text=23f27e20526aad11 role=child prefix_tokens=14282 suffix_tokens=20 model_ms=19369.2 context_ms=293.9 state_ms=8.65 prefix_ms=0.0 suffix_ms=5800.0 first_token_ms=30293.8 generation_ms=192893.1 generated=64 generation_tps=0.332
AGENT index=61 mig=31ffbfe4 exit=0 wall_ms=328551 text=a61a16a4bc46c53d role=child prefix_tokens=14282 suffix_tokens=22 model_ms=19988.2 context_ms=215.6 state_ms=7.63 prefix_ms=0.0 suffix_ms=9010.0 first_token_ms=33612.3 generation_ms=294168.1 generated=64 generation_tps=0.218
AGENT index=62 mig=fafc828a exit=0 wall_ms=163079 text=dbac730f9e3a3df4 role=child prefix_tokens=14282 suffix_tokens=20 model_ms=8327.8 context_ms=2063.1 state_ms=14.95 prefix_ms=0.0 suffix_ms=1315.0 first_token_ms=16791.3 generation_ms=136611.5 generated=64 generation_tps=0.468
AGENT index=63 mig=31ffbfe4 exit=0 wall_ms=328276 text=cd56b7d8c4ff1887 role=child prefix_tokens=14282 suffix_tokens=22 model_ms=18590.2 context_ms=487.8 state_ms=19.55 prefix_ms=0.0 suffix_ms=8679.3 first_token_ms=32511.4 generation_ms=295152.7 generated=64 generation_tps=0.217
AGENT index=64 mig=fafc828a exit=0 wall_ms=217558 text=a067a6895417f0e8 role=child prefix_tokens=14282 suffix_tokens=28 model_ms=16538.1 context_ms=544.8 state_ms=37.23 prefix_ms=0.0 suffix_ms=2842.6 first_token_ms=24778.6 generation_ms=192301.3 generated=64 generation_tps=0.333
AGENT index=65 mig=31ffbfe4 exit=0 wall_ms=321214 text=664acbfcf59959c4 role=child prefix_tokens=14282 suffix_tokens=23 model_ms=15114.0 context_ms=1415.2 state_ms=38.79 prefix_ms=0.0 suffix_ms=3169.4 first_token_ms=24395.8 generation_ms=296394.9 generated=64 generation_tps=0.216
AGENT index=66 mig=fafc828a exit=0 wall_ms=225126 text=8fe64643182c4081 role=child prefix_tokens=14282 suffix_tokens=25 model_ms=18499.3 context_ms=702.1 state_ms=31.20 prefix_ms=0.0 suffix_ms=6210.1 first_token_ms=29894.1 generation_ms=193327.7 generated=64 generation_tps=0.331
AGENT index=67 mig=31ffbfe4 exit=0 wall_ms=323310 text=077e38d3762a4e5d role=child prefix_tokens=14282 suffix_tokens=33 model_ms=14353.8 context_ms=1373.3 state_ms=38.92 prefix_ms=0.0 suffix_ms=4317.6 first_token_ms=24928.1 generation_ms=297971.0 generated=64 generation_tps=0.215
AGENT index=68 mig=fafc828a exit=0 wall_ms=220448 text=4d2fc992c2841379 role=child prefix_tokens=14282 suffix_tokens=24 model_ms=16831.8 context_ms=655.1 state_ms=55.58 prefix_ms=0.0 suffix_ms=4505.7 first_token_ms=27115.2 generation_ms=192900.9 generated=64 generation_tps=0.332
AGENT index=69 mig=31ffbfe4 exit=0 wall_ms=329773 text=6ce00e8033df1792 role=child prefix_tokens=14282 suffix_tokens=27 model_ms=18468.5 context_ms=462.1 state_ms=10.29 prefix_ms=0.0 suffix_ms=9093.2 first_token_ms=33409.7 generation_ms=295172.8 generated=64 generation_tps=0.217
AGENT index=70 mig=fafc828a exit=0 wall_ms=222497 text=312bed507beb25e1 role=child prefix_tokens=14282 suffix_tokens=22 model_ms=16971.1 context_ms=636.4 state_ms=23.98 prefix_ms=0.0 suffix_ms=5337.0 first_token_ms=28059.4 generation_ms=193859.9 generated=64 generation_tps=0.330
AGENT index=71 mig=31ffbfe4 exit=0 wall_ms=320906 text=13e4dfd293d8126f role=child prefix_tokens=14282 suffix_tokens=32 model_ms=14996.5 context_ms=1236.4 state_ms=62.65 prefix_ms=0.0 suffix_ms=2569.7 first_token_ms=23553.7 generation_ms=296942.5 generated=64 generation_tps=0.216
AGENT index=72 mig=fafc828a exit=0 wall_ms=224762 text=724c6fed862eef57 role=child prefix_tokens=14282 suffix_tokens=19 model_ms=18112.3 context_ms=370.0 state_ms=14.29 prefix_ms=0.0 suffix_ms=5464.8 first_token_ms=29280.3 generation_ms=193501.6 generated=64 generation_tps=0.331
AGENT index=73 mig=31ffbfe4 exit=0 wall_ms=327725 text=f69b628d0f4868ff role=child prefix_tokens=14282 suffix_tokens=19 model_ms=17358.2 context_ms=398.0 state_ms=26.27 prefix_ms=0.0 suffix_ms=7953.5 first_token_ms=30887.0 generation_ms=296398.4 generated=64 generation_tps=0.216
AGENT index=74 mig=fafc828a exit=0 wall_ms=224062 text=95997adc906fa24a role=child prefix_tokens=14282 suffix_tokens=18 model_ms=19022.7 context_ms=167.4 state_ms=8.48 prefix_ms=0.0 suffix_ms=5532.5 first_token_ms=29858.4 generation_ms=193291.3 generated=64 generation_tps=0.331
AGENT index=75 mig=31ffbfe4 exit=0 wall_ms=329357 text=8aaf40a95565910c role=child prefix_tokens=14282 suffix_tokens=22 model_ms=17756.7 context_ms=686.1 state_ms=16.38 prefix_ms=0.0 suffix_ms=8569.4 first_token_ms=32391.8 generation_ms=296031.6 generated=64 generation_tps=0.216
AGENT index=76 mig=fafc828a exit=0 wall_ms=223376 text=2c93819fe85df763 role=child prefix_tokens=14282 suffix_tokens=21 model_ms=19353.7 context_ms=344.6 state_ms=7.29 prefix_ms=0.0 suffix_ms=5796.7 first_token_ms=30299.6 generation_ms=192133.1 generated=64 generation_tps=0.333
AGENT index=77 mig=31ffbfe4 exit=0 wall_ms=329054 text=5d483815f91685a6 role=child prefix_tokens=14282 suffix_tokens=31 model_ms=18082.5 context_ms=739.0 state_ms=12.68 prefix_ms=0.0 suffix_ms=8555.9 first_token_ms=32222.9 generation_ms=295779.2 generated=64 generation_tps=0.216
AGENT index=78 mig=fafc828a exit=0 wall_ms=224485 text=3f33f20708943e2f role=child prefix_tokens=14282 suffix_tokens=21 model_ms=18372.9 context_ms=421.0 state_ms=6.64 prefix_ms=0.0 suffix_ms=5384.9 first_token_ms=29394.8 generation_ms=193401.2 generated=64 generation_tps=0.331
AGENT index=79 mig=31ffbfe4 exit=0 wall_ms=321214 text=0d9668c2f9cbc9fc role=child prefix_tokens=14282 suffix_tokens=26 model_ms=15579.1 context_ms=659.0 state_ms=44.60 prefix_ms=0.0 suffix_ms=2810.2 first_token_ms=23647.9 generation_ms=297093.6 generated=64 generation_tps=0.215
AGENT index=80 mig=fafc828a exit=0 wall_ms=218641 text=86d4ee1044251a25 role=child prefix_tokens=14282 suffix_tokens=25 model_ms=15193.5 context_ms=1235.4 state_ms=54.54 prefix_ms=0.0 suffix_ms=2461.4 first_token_ms=23931.5 generation_ms=194199.8 generated=64 generation_tps=0.330
AGENT index=81 mig=31ffbfe4 exit=0 wall_ms=261843 text=6bd685fbc4b441ec role=child prefix_tokens=14282 suffix_tokens=22 model_ms=7557.5 context_ms=2817.1 state_ms=13.54 prefix_ms=0.0 suffix_ms=1314.9 first_token_ms=16569.4 generation_ms=244878.0 generated=64 generation_tps=0.261
AGENT index=82 mig=fafc828a exit=0 wall_ms=221104 text=ce66287a7832a2bb role=child prefix_tokens=14282 suffix_tokens=21 model_ms=16580.4 context_ms=531.8 state_ms=27.26 prefix_ms=0.0 suffix_ms=2556.9 first_token_ms=25116.1 generation_ms=195581.3 generated=64 generation_tps=0.327
AGENT index=83 mig=31ffbfe4 exit=0 wall_ms=329885 text=cdf6d4762f0ad9c6 role=child prefix_tokens=14282 suffix_tokens=18 model_ms=18288.2 context_ms=474.3 state_ms=9.69 prefix_ms=0.0 suffix_ms=8787.1 first_token_ms=32932.9 generation_ms=295664.5 generated=64 generation_tps=0.216
AGENT index=84 mig=fafc828a exit=0 wall_ms=222138 text=621bb723edc357c2 role=child prefix_tokens=14282 suffix_tokens=21 model_ms=18581.5 context_ms=279.5 state_ms=13.32 prefix_ms=0.0 suffix_ms=5694.2 first_token_ms=29861.2 generation_ms=191724.6 generated=64 generation_tps=0.334
AGENT index=85 mig=31ffbfe4 exit=0 wall_ms=328540 text=b8578943aeaf7387 role=child prefix_tokens=14282 suffix_tokens=26 model_ms=19881.8 context_ms=316.5 state_ms=6.53 prefix_ms=0.0 suffix_ms=9130.0 first_token_ms=33598.9 generation_ms=294042.1 generated=64 generation_tps=0.218
AGENT index=86 mig=fafc828a exit=0 wall_ms=224400 text=bc92b0cfd69b8bd4 role=child prefix_tokens=14282 suffix_tokens=27 model_ms=19171.5 context_ms=442.1 state_ms=14.33 prefix_ms=0.0 suffix_ms=6009.4 first_token_ms=30079.2 generation_ms=192719.7 generated=64 generation_tps=0.332
AGENT index=87 mig=31ffbfe4 exit=0 wall_ms=328370 text=46daf195b61b12ee role=child prefix_tokens=14282 suffix_tokens=17 model_ms=19401.6 context_ms=259.7 state_ms=6.54 prefix_ms=0.0 suffix_ms=8914.0 first_token_ms=33393.8 generation_ms=294169.5 generated=64 generation_tps=0.218
AGENT index=88 mig=fafc828a exit=0 wall_ms=222941 text=fb072021023b5031 role=child prefix_tokens=14282 suffix_tokens=22 model_ms=19070.7 context_ms=213.3 state_ms=6.40 prefix_ms=0.0 suffix_ms=5815.5 first_token_ms=30334.1 generation_ms=191891.6 generated=64 generation_tps=0.334
AGENT index=89 mig=31ffbfe4 exit=0 wall_ms=327880 text=1dc70f9673b0dd57 role=child prefix_tokens=14282 suffix_tokens=23 model_ms=17146.0 context_ms=529.7 state_ms=36.38 prefix_ms=0.0 suffix_ms=8170.1 first_token_ms=31202.5 generation_ms=296177.6 generated=64 generation_tps=0.216
AGENT index=90 mig=fafc828a exit=0 wall_ms=218804 text=9aa85e1403c22284 role=child prefix_tokens=14282 suffix_tokens=19 model_ms=16528.6 context_ms=655.2 state_ms=78.09 prefix_ms=0.0 suffix_ms=2672.0 first_token_ms=24437.5 generation_ms=193934.9 generated=64 generation_tps=0.330
AGENT index=91 mig=31ffbfe4 exit=0 wall_ms=329061 text=0ec120ad804ad591 role=child prefix_tokens=14282 suffix_tokens=21 model_ms=17817.2 context_ms=622.7 state_ms=30.67 prefix_ms=0.0 suffix_ms=9045.7 first_token_ms=32074.2 generation_ms=295867.6 generated=64 generation_tps=0.216
AGENT index=92 mig=fafc828a exit=0 wall_ms=223044 text=4a33e463a3e8f524 role=child prefix_tokens=14282 suffix_tokens=20 model_ms=18358.8 context_ms=593.0 state_ms=11.31 prefix_ms=0.0 suffix_ms=5553.2 first_token_ms=29838.3 generation_ms=192126.0 generated=64 generation_tps=0.333
AGENT index=93 mig=31ffbfe4 exit=0 wall_ms=328676 text=a56a85c42cb9bcf4 role=child prefix_tokens=14282 suffix_tokens=22 model_ms=19120.9 context_ms=454.3 state_ms=11.35 prefix_ms=0.0 suffix_ms=9063.0 first_token_ms=33386.9 generation_ms=294411.8 generated=64 generation_tps=0.217
AGENT index=94 mig=fafc828a exit=0 wall_ms=224762 text=5b96a105ed76f9fa role=child prefix_tokens=14282 suffix_tokens=20 model_ms=16927.0 context_ms=487.6 state_ms=27.42 prefix_ms=0.0 suffix_ms=4816.6 first_token_ms=27648.2 generation_ms=194996.2 generated=64 generation_tps=0.328
AGENT index=95 mig=31ffbfe4 exit=0 wall_ms=327470 text=4ed1e788823f7ae6 role=child prefix_tokens=14282 suffix_tokens=22 model_ms=19072.0 context_ms=308.0 state_ms=6.22 prefix_ms=0.0 suffix_ms=8988.8 first_token_ms=33463.0 generation_ms=293601.2 generated=64 generation_tps=0.218
AGENT index=96 mig=fafc828a exit=0 wall_ms=225065 text=a067a6895417f0e8 role=child prefix_tokens=14282 suffix_tokens=28 model_ms=18628.4 context_ms=183.5 state_ms=17.41 prefix_ms=0.0 suffix_ms=5975.6 first_token_ms=29860.5 generation_ms=193079.8 generated=64 generation_tps=0.331
AGENT index=97 mig=31ffbfe4 exit=0 wall_ms=328088 text=5b450cf9627e77b9 role=child prefix_tokens=14282 suffix_tokens=23 model_ms=16799.9 context_ms=793.7 state_ms=36.43 prefix_ms=0.0 suffix_ms=7807.9 first_token_ms=30572.8 generation_ms=296941.4 generated=64 generation_tps=0.216
AGENT index=98 mig=fafc828a exit=0 wall_ms=223475 text=2ecfd34dfa486110 role=child prefix_tokens=14282 suffix_tokens=25 model_ms=19037.4 context_ms=240.9 state_ms=10.60 prefix_ms=0.0 suffix_ms=6294.3 first_token_ms=30765.8 generation_ms=191779.1 generated=64 generation_tps=0.334
AGENT index=99 mig=31ffbfe4 exit=0 wall_ms=326883 text=f1b10c0aeb700d09 role=child prefix_tokens=14282 suffix_tokens=33 model_ms=17292.3 context_ms=647.3 state_ms=34.64 prefix_ms=0.0 suffix_ms=10649.8 first_token_ms=33454.1 generation_ms=293034.9 generated=64 generation_tps=0.218
AGENT index=100 mig=fafc828a exit=0 wall_ms=224942 text=e4f7a0fff10da58f role=child prefix_tokens=14282 suffix_tokens=25 model_ms=19036.0 context_ms=214.8 state_ms=9.35 prefix_ms=0.0 suffix_ms=6265.4 first_token_ms=30516.6 generation_ms=192614.7 generated=64 generation_tps=0.332
AGENT index=101 mig=31ffbfe4 exit=0 wall_ms=329395 text=4e58d1434e38d87b role=child prefix_tokens=14282 suffix_tokens=28 model_ms=16693.7 context_ms=493.7 state_ms=26.30 prefix_ms=0.0 suffix_ms=8605.5 first_token_ms=31201.3 generation_ms=297162.5 generated=64 generation_tps=0.215
AGENT index=102 mig=fafc828a exit=0 wall_ms=224823 text=74ff651a4aa431c6 role=child prefix_tokens=14282 suffix_tokens=23 model_ms=18699.0 context_ms=239.2 state_ms=26.55 prefix_ms=0.0 suffix_ms=5520.7 first_token_ms=29329.0 generation_ms=193686.9 generated=64 generation_tps=0.330
AGENT index=103 mig=31ffbfe4 exit=0 wall_ms=322816 text=f9c832b7cad1a509 role=child prefix_tokens=14282 suffix_tokens=33 model_ms=15308.2 context_ms=575.4 state_ms=54.64 prefix_ms=0.0 suffix_ms=6044.1 first_token_ms=27186.8 generation_ms=295228.2 generated=64 generation_tps=0.217
AGENT index=104 mig=fafc828a exit=0 wall_ms=225095 text=8d692aa4a801d17d role=child prefix_tokens=14282 suffix_tokens=20 model_ms=19121.6 context_ms=174.6 state_ms=6.22 prefix_ms=0.0 suffix_ms=5789.0 first_token_ms=30233.1 generation_ms=192850.8 generated=64 generation_tps=0.332
AGENT index=105 mig=31ffbfe4 exit=0 wall_ms=329067 text=d78bd735ec80af2b role=child prefix_tokens=14282 suffix_tokens=20 model_ms=17637.2 context_ms=399.3 state_ms=25.86 prefix_ms=0.0 suffix_ms=8344.5 first_token_ms=31546.5 generation_ms=296393.6 generated=64 generation_tps=0.216
AGENT index=106 mig=fafc828a exit=0 wall_ms=211851 text=0843554c3d590aaf role=child prefix_tokens=14282 suffix_tokens=19 model_ms=13559.0 context_ms=1270.3 state_ms=54.48 prefix_ms=0.0 suffix_ms=2249.8 first_token_ms=21929.5 generation_ms=189494.0 generated=64 generation_tps=0.338
AGENT index=107 mig=31ffbfe4 exit=0 wall_ms=329907 text=087278665f3dec68 role=child prefix_tokens=14282 suffix_tokens=23 model_ms=18574.5 context_ms=497.3 state_ms=6.31 prefix_ms=0.0 suffix_ms=8902.9 first_token_ms=33282.2 generation_ms=295283.4 generated=64 generation_tps=0.217
AGENT index=108 mig=fafc828a exit=0 wall_ms=222810 text=2c93819fe85df763 role=child prefix_tokens=14282 suffix_tokens=22 model_ms=17152.7 context_ms=718.7 state_ms=10.33 prefix_ms=0.0 suffix_ms=4996.8 first_token_ms=28028.9 generation_ms=193899.3 generated=64 generation_tps=0.330
AGENT index=109 mig=31ffbfe4 exit=0 wall_ms=329733 text=c2157cfb976018b5 role=child prefix_tokens=14282 suffix_tokens=32 model_ms=18608.9 context_ms=382.8 state_ms=6.58 prefix_ms=0.0 suffix_ms=9285.4 first_token_ms=33586.3 generation_ms=294974.1 generated=64 generation_tps=0.217
AGENT index=110 mig=fafc828a exit=0 wall_ms=162905 text=3f33f20708943e2f role=child prefix_tokens=14282 suffix_tokens=22 model_ms=9121.7 context_ms=1212.7 state_ms=15.20 prefix_ms=0.0 suffix_ms=1445.5 first_token_ms=16957.0 generation_ms=144486.4 generated=64 generation_tps=0.443
AGENT index=111 mig=31ffbfe4 exit=0 wall_ms=329565 text=0d9668c2f9cbc9fc role=child prefix_tokens=14282 suffix_tokens=27 model_ms=18791.6 context_ms=315.6 state_ms=6.65 prefix_ms=0.0 suffix_ms=8895.7 first_token_ms=32830.9 generation_ms=295648.0 generated=64 generation_tps=0.216
AGENT index=112 mig=fafc828a exit=0 wall_ms=224898 text=787d0f2cb9f0f5f6 role=child prefix_tokens=14282 suffix_tokens=26 model_ms=17820.2 context_ms=640.2 state_ms=20.56 prefix_ms=0.0 suffix_ms=6158.3 first_token_ms=29892.1 generation_ms=193168.5 generated=64 generation_tps=0.331
AGENT index=113 mig=31ffbfe4 exit=0 wall_ms=328635 text=6bd685fbc4b441ec role=child prefix_tokens=14282 suffix_tokens=23 model_ms=18831.6 context_ms=322.6 state_ms=6.33 prefix_ms=0.0 suffix_ms=8961.0 first_token_ms=33314.9 generation_ms=294438.9 generated=64 generation_tps=0.217
AGENT index=114 mig=fafc828a exit=0 wall_ms=224749 text=2f3bcae6671ff31f role=child prefix_tokens=14282 suffix_tokens=22 model_ms=18069.6 context_ms=501.6 state_ms=30.16 prefix_ms=0.0 suffix_ms=5592.3 first_token_ms=29371.2 generation_ms=193383.9 generated=64 generation_tps=0.331
AGENT index=115 mig=31ffbfe4 exit=0 wall_ms=329084 text=4c7501e634d9bf23 role=child prefix_tokens=14282 suffix_tokens=19 model_ms=19033.4 context_ms=301.5 state_ms=11.08 prefix_ms=0.0 suffix_ms=8943.8 first_token_ms=33212.5 generation_ms=294887.1 generated=64 generation_tps=0.217
AGENT index=116 mig=fafc828a exit=0 wall_ms=224748 text=59ab8a91f9570afc role=child prefix_tokens=14282 suffix_tokens=22 model_ms=18819.6 context_ms=441.7 state_ms=6.20 prefix_ms=0.0 suffix_ms=5713.8 first_token_ms=29897.2 generation_ms=193031.7 generated=64 generation_tps=0.332
AGENT index=117 mig=31ffbfe4 exit=0 wall_ms=329711 text=397d44936e8841e9 role=child prefix_tokens=14282 suffix_tokens=27 model_ms=18617.7 context_ms=404.2 state_ms=17.27 prefix_ms=0.0 suffix_ms=9012.2 first_token_ms=33129.9 generation_ms=295331.1 generated=64 generation_tps=0.217
AGENT index=118 mig=fafc828a exit=0 wall_ms=213451 text=df0985d3d0c73de0 role=child prefix_tokens=14282 suffix_tokens=28 model_ms=13965.0 context_ms=877.5 state_ms=18.59 prefix_ms=0.0 suffix_ms=2418.0 first_token_ms=22183.9 generation_ms=190855.6 generated=64 generation_tps=0.335
AGENT index=119 mig=31ffbfe4 exit=0 wall_ms=329788 text=a94c9c83167a5f8c role=child prefix_tokens=14282 suffix_tokens=18 model_ms=18303.0 context_ms=667.5 state_ms=22.37 prefix_ms=0.0 suffix_ms=8496.0 first_token_ms=32234.4 generation_ms=296110.0 generated=64 generation_tps=0.216
AGENT index=120 mig=fafc828a exit=0 wall_ms=213691 text=9834d2c93010cb40 role=child prefix_tokens=14282 suffix_tokens=23 model_ms=14200.4 context_ms=1178.7 state_ms=42.79 prefix_ms=0.0 suffix_ms=1842.1 first_token_ms=22208.3 generation_ms=191080.0 generated=64 generation_tps=0.335
AGENT index=121 mig=31ffbfe4 exit=0 wall_ms=329728 text=7a6a0515e5f4b2e4 role=child prefix_tokens=14282 suffix_tokens=24 model_ms=17479.1 context_ms=445.7 state_ms=38.30 prefix_ms=0.0 suffix_ms=8354.6 first_token_ms=31754.7 generation_ms=296688.9 generated=64 generation_tps=0.216
AGENT index=122 mig=fafc828a exit=0 wall_ms=224901 text=158a991a74f5c09c role=child prefix_tokens=14282 suffix_tokens=20 model_ms=18813.3 context_ms=281.6 state_ms=6.27 prefix_ms=0.0 suffix_ms=5732.1 first_token_ms=29971.8 generation_ms=193016.0 generated=64 generation_tps=0.332
AGENT index=123 mig=31ffbfe4 exit=0 wall_ms=323514 text=e38ea5b855370f1e role=child prefix_tokens=14282 suffix_tokens=22 model_ms=14652.6 context_ms=1254.0 state_ms=59.04 prefix_ms=0.0 suffix_ms=3832.7 first_token_ms=25011.6 generation_ms=298094.3 generated=64 generation_tps=0.215
AGENT index=124 mig=fafc828a exit=0 wall_ms=222146 text=5442500eccbad2cf role=child prefix_tokens=14282 suffix_tokens=21 model_ms=17205.9 context_ms=571.7 state_ms=30.34 prefix_ms=0.0 suffix_ms=3918.9 first_token_ms=26744.7 generation_ms=194757.4 generated=64 generation_tps=0.329
AGENT index=125 mig=31ffbfe4 exit=0 wall_ms=327838 text=77ec1b209de8c3c4 role=child prefix_tokens=14282 suffix_tokens=23 model_ms=19168.9 context_ms=365.7 state_ms=9.58 prefix_ms=0.0 suffix_ms=8870.7 first_token_ms=33027.1 generation_ms=294196.3 generated=64 generation_tps=0.218
AGENT index=126 mig=fafc828a exit=0 wall_ms=224293 text=09fd41491d0c178b role=child prefix_tokens=14282 suffix_tokens=21 model_ms=18923.5 context_ms=206.1 state_ms=6.54 prefix_ms=0.0 suffix_ms=5706.2 first_token_ms=30050.4 generation_ms=192583.7 generated=64 generation_tps=0.332
AGENT index=127 mig=31ffbfe4 exit=0 wall_ms=329817 text=c5fb19c141f1ba26 role=child prefix_tokens=14282 suffix_tokens=23 model_ms=19186.0 context_ms=275.7 state_ms=6.41 prefix_ms=0.0 suffix_ms=9005.6 first_token_ms=33328.9 generation_ms=295122.3 generated=64 generation_tps=0.217
MEMORY mem_available_drop_mib=90147 mem_available_before_mib=120136 mem_free_before_mib=45893 pss_anon_mib=30791 pss_file_mib=7179 pss_shmem_mib=8230 device_mib=49536 samples=19
END_CASE failed_agents=0 wall_ms=331029
END_KVSTACK
BEGIN_KVSTACK run=2 context=16384 publisher_mig=31ffbfe4 mem_free_mib=48798 kernel_reclaimable_mib=68173
PUBLISH store=stock prefix_tokens=14282 prefix_ms=24848.6 publish_ms=502.62 state_bytes=819216229
PUBLISH store=device prefix_tokens=14282 prefix_ms=25090.5 publish_ms=504.25 state_bytes=819216229
PUBLISH store=huge prefix_tokens=14282 prefix_ms=25141.5 publish_ms=8.07 state_bytes=229221 file_used_kib=802816
CASE mode=both agents=96
AGENT index=0 mig=31ffbfe4 exit=0 wall_ms=245857 text=4605b6e04b2228eb role=child prefix_tokens=14282 suffix_tokens=27 model_ms=13933.9 context_ms=223.4 state_ms=8.52 prefix_ms=0.0 suffix_ms=6819.2 first_token_ms=24456.6 generation_ms=220979.2 generated=64 generation_tps=0.290
AGENT index=1 mig=fafc828a exit=0 wall_ms=165208 text=a5af93194a2d1ced role=child prefix_tokens=14282 suffix_tokens=22 model_ms=13057.5 context_ms=404.4 state_ms=19.57 prefix_ms=0.0 suffix_ms=3763.2 first_token_ms=20896.9 generation_ms=143837.9 generated=64 generation_tps=0.445
AGENT index=2 mig=31ffbfe4 exit=0 wall_ms=237524 text=37e5f08e6279aa62 role=child prefix_tokens=14282 suffix_tokens=24 model_ms=11118.5 context_ms=378.9 state_ms=34.23 prefix_ms=0.0 suffix_ms=1401.6 first_token_ms=16427.4 generation_ms=220732.4 generated=64 generation_tps=0.290
AGENT index=3 mig=fafc828a exit=0 wall_ms=157406 text=5e1ac569aa8b0faf role=child prefix_tokens=14282 suffix_tokens=32 model_ms=10222.6 context_ms=770.7 state_ms=42.53 prefix_ms=0.0 suffix_ms=1363.7 first_token_ms=15860.1 generation_ms=141117.7 generated=64 generation_tps=0.454
AGENT index=4 mig=31ffbfe4 exit=0 wall_ms=246078 text=6e3d8f07cfceb082 role=child prefix_tokens=14282 suffix_tokens=23 model_ms=13735.8 context_ms=411.2 state_ms=8.10 prefix_ms=0.0 suffix_ms=6742.6 first_token_ms=24373.1 generation_ms=221341.6 generated=64 generation_tps=0.289
AGENT index=5 mig=fafc828a exit=0 wall_ms=167652 text=47179dd0dcd49eb0 role=child prefix_tokens=14282 suffix_tokens=26 model_ms=13507.1 context_ms=357.9 state_ms=7.01 prefix_ms=0.0 suffix_ms=4585.1 first_token_ms=22320.1 generation_ms=144280.8 generated=64 generation_tps=0.444
AGENT index=6 mig=31ffbfe4 exit=0 wall_ms=244153 text=f88f503d1005fa22 role=child prefix_tokens=14282 suffix_tokens=21 model_ms=12015.5 context_ms=371.6 state_ms=24.91 prefix_ms=0.0 suffix_ms=3975.7 first_token_ms=20093.5 generation_ms=223678.6 generated=64 generation_tps=0.286
AGENT index=7 mig=fafc828a exit=0 wall_ms=168106 text=f9c832b7cad1a509 role=child prefix_tokens=14282 suffix_tokens=31 model_ms=13799.3 context_ms=283.9 state_ms=6.25 prefix_ms=0.0 suffix_ms=4777.0 first_token_ms=22552.9 generation_ms=144231.8 generated=64 generation_tps=0.444
AGENT index=8 mig=31ffbfe4 exit=0 wall_ms=231790 text=a3c806a5411bc6e6 role=child prefix_tokens=14282 suffix_tokens=18 model_ms=10377.4 context_ms=394.5 state_ms=37.05 prefix_ms=0.0 suffix_ms=931.6 first_token_ms=15248.3 generation_ms=216174.4 generated=64 generation_tps=0.296
AGENT index=9 mig=fafc828a exit=0 wall_ms=166084 text=a2d016def74ecc62 role=child prefix_tokens=14282 suffix_tokens=18 model_ms=14063.9 context_ms=183.3 state_ms=6.30 prefix_ms=0.0 suffix_ms=4262.8 first_token_ms=22015.3 generation_ms=143597.2 generated=64 generation_tps=0.446
AGENT index=10 mig=31ffbfe4 exit=0 wall_ms=246274 text=a733f3a39259263c role=child prefix_tokens=14282 suffix_tokens=18 model_ms=13951.8 context_ms=228.6 state_ms=7.31 prefix_ms=0.0 suffix_ms=6723.4 first_token_ms=24443.9 generation_ms=221370.7 generated=64 generation_tps=0.289
AGENT index=11 mig=fafc828a exit=0 wall_ms=165414 text=ad0d6edf343e5e28 role=child prefix_tokens=14282 suffix_tokens=22 model_ms=13033.6 context_ms=294.0 state_ms=6.21 prefix_ms=0.0 suffix_ms=2976.7 first_token_ms=19816.4 generation_ms=145181.8 generated=64 generation_tps=0.441
AGENT index=12 mig=31ffbfe4 exit=0 wall_ms=245912 text=2c93819fe85df763 role=child prefix_tokens=14282 suffix_tokens=21 model_ms=12436.3 context_ms=337.3 state_ms=18.45 prefix_ms=0.0 suffix_ms=5881.8 first_token_ms=22531.9 generation_ms=222939.5 generated=64 generation_tps=0.287
AGENT index=13 mig=fafc828a exit=0 wall_ms=166423 text=5d483815f91685a6 role=child prefix_tokens=14282 suffix_tokens=31 model_ms=13690.2 context_ms=349.6 state_ms=9.13 prefix_ms=0.0 suffix_ms=4618.8 first_token_ms=22179.9 generation_ms=143724.6 generated=64 generation_tps=0.445
AGENT index=14 mig=31ffbfe4 exit=0 wall_ms=245623 text=f8f770d151794139 role=child prefix_tokens=14282 suffix_tokens=21 model_ms=13877.6 context_ms=220.2 state_ms=7.68 prefix_ms=0.0 suffix_ms=6698.9 first_token_ms=24229.3 generation_ms=220854.8 generated=64 generation_tps=0.290
AGENT index=15 mig=fafc828a exit=0 wall_ms=162447 text=0d9668c2f9cbc9fc role=child prefix_tokens=14282 suffix_tokens=26 model_ms=11743.5 context_ms=271.4 state_ms=52.85 prefix_ms=0.0 suffix_ms=1654.9 first_token_ms=17173.5 generation_ms=144855.3 generated=64 generation_tps=0.442
AGENT index=16 mig=31ffbfe4 exit=0 wall_ms=236350 text=a6ffaf564cadb5d1 role=child prefix_tokens=14282 suffix_tokens=25 model_ms=10428.7 context_ms=555.6 state_ms=22.71 prefix_ms=0.0 suffix_ms=1465.8 first_token_ms=15904.7 generation_ms=220002.0 generated=64 generation_tps=0.291
AGENT index=17 mig=fafc828a exit=0 wall_ms=167913 text=6bd685fbc4b441ec role=child prefix_tokens=14282 suffix_tokens=22 model_ms=14033.6 context_ms=138.7 state_ms=6.81 prefix_ms=0.0 suffix_ms=4362.2 first_token_ms=22080.3 generation_ms=144406.8 generated=64 generation_tps=0.443
AGENT index=18 mig=31ffbfe4 exit=0 wall_ms=247476 text=ba15e410535ababc role=child prefix_tokens=14282 suffix_tokens=21 model_ms=13277.8 context_ms=252.1 state_ms=6.29 prefix_ms=0.0 suffix_ms=6679.3 first_token_ms=24298.1 generation_ms=222229.5 generated=64 generation_tps=0.288
AGENT index=19 mig=fafc828a exit=0 wall_ms=163842 text=4c7501e634d9bf23 role=child prefix_tokens=14282 suffix_tokens=18 model_ms=12012.4 context_ms=436.6 state_ms=34.56 prefix_ms=0.0 suffix_ms=1903.8 first_token_ms=17850.8 generation_ms=145562.7 generated=64 generation_tps=0.440
AGENT index=20 mig=31ffbfe4 exit=0 wall_ms=247315 text=b3893059e7e79532 role=child prefix_tokens=14282 suffix_tokens=21 model_ms=13457.0 context_ms=281.5 state_ms=6.79 prefix_ms=0.0 suffix_ms=6713.7 first_token_ms=24369.9 generation_ms=222103.3 generated=64 generation_tps=0.288
AGENT index=21 mig=fafc828a exit=0 wall_ms=168141 text=284eef78a2286715 role=child prefix_tokens=14282 suffix_tokens=26 model_ms=13680.0 context_ms=200.7 state_ms=10.29 prefix_ms=0.0 suffix_ms=4609.0 first_token_ms=22279.3 generation_ms=144394.5 generated=64 generation_tps=0.443
AGENT index=22 mig=31ffbfe4 exit=0 wall_ms=247201 text=ad3122b47bf9d41d role=child prefix_tokens=14282 suffix_tokens=27 model_ms=13538.9 context_ms=282.0 state_ms=13.12 prefix_ms=0.0 suffix_ms=6839.9 first_token_ms=24343.1 generation_ms=221997.8 generated=64 generation_tps=0.288
AGENT index=23 mig=fafc828a exit=0 wall_ms=129018 text=fd9dec9936f784ff role=child prefix_tokens=14282 suffix_tokens=17 model_ms=4549.7 context_ms=1616.3 state_ms=11.14 prefix_ms=0.0 suffix_ms=2085.4 first_token_ms=11666.4 generation_ms=110130.3 generated=64 generation_tps=0.581
AGENT index=24 mig=31ffbfe4 exit=0 wall_ms=247274 text=9834d2c93010cb40 role=child prefix_tokens=14282 suffix_tokens=22 model_ms=13645.2 context_ms=207.0 state_ms=7.65 prefix_ms=0.0 suffix_ms=6723.7 first_token_ms=24415.8 generation_ms=221906.9 generated=64 generation_tps=0.288
AGENT index=25 mig=fafc828a exit=0 wall_ms=165168 text=d4e1fcaa961685d1 role=child prefix_tokens=14282 suffix_tokens=23 model_ms=12062.9 context_ms=550.3 state_ms=20.16 prefix_ms=0.0 suffix_ms=2493.1 first_token_ms=18920.8 generation_ms=145839.6 generated=64 generation_tps=0.439
AGENT index=26 mig=31ffbfe4 exit=0 wall_ms=244497 text=9e35020256b4a71c role=child prefix_tokens=14282 suffix_tokens=19 model_ms=13373.6 context_ms=253.7 state_ms=31.52 prefix_ms=0.0 suffix_ms=6112.6 first_token_ms=23136.9 generation_ms=220943.6 generated=64 generation_tps=0.290
AGENT index=27 mig=fafc828a exit=0 wall_ms=167745 text=178df8f18d21f57e role=child prefix_tokens=14282 suffix_tokens=21 model_ms=13682.8 context_ms=157.6 state_ms=6.46 prefix_ms=0.0 suffix_ms=4257.7 first_token_ms=21887.9 generation_ms=144486.4 generated=64 generation_tps=0.443
AGENT index=28 mig=31ffbfe4 exit=0 wall_ms=247500 text=15c67d79a860da75 role=child prefix_tokens=14282 suffix_tokens=20 model_ms=13719.0 context_ms=168.3 state_ms=6.61 prefix_ms=0.0 suffix_ms=6688.3 first_token_ms=24332.0 generation_ms=222128.5 generated=64 generation_tps=0.288
AGENT index=29 mig=fafc828a exit=0 wall_ms=167097 text=a72f71cd80731afe role=child prefix_tokens=14282 suffix_tokens=22 model_ms=12940.0 context_ms=503.0 state_ms=26.22 prefix_ms=0.0 suffix_ms=4096.9 first_token_ms=21584.7 generation_ms=144655.9 generated=64 generation_tps=0.442
AGENT index=30 mig=31ffbfe4 exit=0 wall_ms=246827 text=317f6f38771a1e41 role=child prefix_tokens=14282 suffix_tokens=20 model_ms=13118.5 context_ms=429.1 state_ms=34.45 prefix_ms=0.0 suffix_ms=6468.8 first_token_ms=23581.9 generation_ms=222658.6 generated=64 generation_tps=0.287
AGENT index=31 mig=fafc828a exit=0 wall_ms=168187 text=d52293b0dc058085 role=child prefix_tokens=14282 suffix_tokens=22 model_ms=13868.0 context_ms=166.7 state_ms=8.59 prefix_ms=0.0 suffix_ms=4247.6 first_token_ms=21827.1 generation_ms=144801.6 generated=64 generation_tps=0.442
AGENT index=32 mig=31ffbfe4 exit=0 wall_ms=247514 text=a067a6895417f0e8 role=child prefix_tokens=14282 suffix_tokens=28 model_ms=13193.3 context_ms=334.4 state_ms=7.60 prefix_ms=0.0 suffix_ms=6703.2 first_token_ms=24070.7 generation_ms=222328.8 generated=64 generation_tps=0.288
AGENT index=33 mig=fafc828a exit=0 wall_ms=159072 text=5b450cf9627e77b9 role=child prefix_tokens=14282 suffix_tokens=23 model_ms=10278.2 context_ms=461.3 state_ms=41.67 prefix_ms=0.0 suffix_ms=1141.9 first_token_ms=16016.4 generation_ms=142654.1 generated=64 generation_tps=0.449
AGENT index=34 mig=31ffbfe4 exit=0 wall_ms=247293 text=5c09b6f1d055319b role=child prefix_tokens=14282 suffix_tokens=25 model_ms=13621.7 context_ms=256.8 state_ms=7.92 prefix_ms=0.0 suffix_ms=6843.0 first_token_ms=24449.9 generation_ms=221916.8 generated=64 generation_tps=0.288
AGENT index=35 mig=fafc828a exit=0 wall_ms=168095 text=077e38d3762a4e5d role=child prefix_tokens=14282 suffix_tokens=33 model_ms=13569.6 context_ms=96.2 state_ms=6.33 prefix_ms=0.0 suffix_ms=5100.5 first_token_ms=22766.7 generation_ms=143763.0 generated=64 generation_tps=0.445
AGENT index=36 mig=31ffbfe4 exit=0 wall_ms=246466 text=836ebfaf7d21007d role=child prefix_tokens=14282 suffix_tokens=24 model_ms=13821.3 context_ms=147.3 state_ms=6.30 prefix_ms=0.0 suffix_ms=6695.6 first_token_ms=24361.1 generation_ms=221658.6 generated=64 generation_tps=0.289
AGENT index=37 mig=fafc828a exit=0 wall_ms=166692 text=b5c1cde845350686 role=child prefix_tokens=14282 suffix_tokens=27 model_ms=13059.1 context_ms=345.8 state_ms=14.16 prefix_ms=0.0 suffix_ms=4473.4 first_token_ms=21693.7 generation_ms=144408.0 generated=64 generation_tps=0.443
AGENT index=38 mig=31ffbfe4 exit=0 wall_ms=229870 text=e57f2865bc99ed0e role=child prefix_tokens=14282 suffix_tokens=22 model_ms=9705.8 context_ms=635.7 state_ms=18.27 prefix_ms=0.0 suffix_ms=837.2 first_token_ms=14988.9 generation_ms=214471.0 generated=64 generation_tps=0.298
AGENT index=39 mig=fafc828a exit=0 wall_ms=167869 text=f9c832b7cad1a509 role=child prefix_tokens=14282 suffix_tokens=32 model_ms=13536.7 context_ms=133.9 state_ms=14.42 prefix_ms=0.0 suffix_ms=4674.6 first_token_ms=22280.6 generation_ms=144304.5 generated=64 generation_tps=0.444
AGENT index=40 mig=31ffbfe4 exit=0 wall_ms=236272 text=1bedc9985ebffdf3 role=child prefix_tokens=14282 suffix_tokens=19 model_ms=9907.8 context_ms=538.7 state_ms=26.24 prefix_ms=0.0 suffix_ms=1343.5 first_token_ms=15777.2 generation_ms=220018.7 generated=64 generation_tps=0.291
AGENT index=41 mig=fafc828a exit=0 wall_ms=167246 text=3be32d4f1f40e878 role=child prefix_tokens=14282 suffix_tokens=19 model_ms=13185.4 context_ms=245.5 state_ms=7.59 prefix_ms=0.0 suffix_ms=4146.4 first_token_ms=21465.7 generation_ms=144818.1 generated=64 generation_tps=0.442
AGENT index=42 mig=31ffbfe4 exit=0 wall_ms=246325 text=519b2de5b706a49d role=child prefix_tokens=14282 suffix_tokens=18 model_ms=12796.5 context_ms=326.0 state_ms=22.70 prefix_ms=0.0 suffix_ms=6447.6 first_token_ms=23675.5 generation_ms=222254.0 generated=64 generation_tps=0.288
AGENT index=43 mig=fafc828a exit=0 wall_ms=162482 text=ad92edad967aef00 role=child prefix_tokens=14282 suffix_tokens=22 model_ms=11733.9 context_ms=259.1 state_ms=38.43 prefix_ms=0.0 suffix_ms=1675.1 first_token_ms=17091.8 generation_ms=145005.2 generated=64 generation_tps=0.441
AGENT index=44 mig=31ffbfe4 exit=0 wall_ms=245347 text=806eb5a225900d3a role=child prefix_tokens=14282 suffix_tokens=21 model_ms=11627.0 context_ms=406.8 state_ms=30.61 prefix_ms=0.0 suffix_ms=5209.8 first_token_ms=21458.3 generation_ms=223477.4 generated=64 generation_tps=0.286
AGENT index=45 mig=fafc828a exit=0 wall_ms=132982 text=9f441c92dda94d6e role=child prefix_tokens=14282 suffix_tokens=31 model_ms=6131.4 context_ms=1965.4 state_ms=15.59 prefix_ms=0.0 suffix_ms=838.8 first_token_ms=11952.2 generation_ms=120641.5 generated=64 generation_tps=0.530
AGENT index=46 mig=31ffbfe4 exit=0 wall_ms=246664 text=3f33f20708943e2f role=child prefix_tokens=14282 suffix_tokens=21 model_ms=13338.7 context_ms=316.2 state_ms=7.08 prefix_ms=0.0 suffix_ms=6535.1 first_token_ms=23875.2 generation_ms=222258.4 generated=64 generation_tps=0.288
AGENT index=47 mig=fafc828a exit=0 wall_ms=167273 text=0d9668c2f9cbc9fc role=child prefix_tokens=14282 suffix_tokens=26 model_ms=13829.5 context_ms=208.8 state_ms=7.98 prefix_ms=0.0 suffix_ms=4611.5 first_token_ms=22103.0 generation_ms=144317.9 generated=64 generation_tps=0.443
AGENT index=48 mig=31ffbfe4 exit=0 wall_ms=239950 text=27f58a7742c668f5 role=child prefix_tokens=14282 suffix_tokens=25 model_ms=10662.3 context_ms=367.4 state_ms=58.44 prefix_ms=0.0 suffix_ms=1382.1 first_token_ms=16561.4 generation_ms=222979.0 generated=64 generation_tps=0.287
AGENT index=49 mig=fafc828a exit=0 wall_ms=165622 text=6bd685fbc4b441ec role=child prefix_tokens=14282 suffix_tokens=22 model_ms=12067.6 context_ms=292.9 state_ms=27.54 prefix_ms=0.0 suffix_ms=2350.9 first_token_ms=18677.1 generation_ms=146501.7 generated=64 generation_tps=0.437
AGENT index=50 mig=31ffbfe4 exit=0 wall_ms=247264 text=802dc3b79f95f0ef role=child prefix_tokens=14282 suffix_tokens=21 model_ms=12249.7 context_ms=355.0 state_ms=19.49 prefix_ms=0.0 suffix_ms=6302.3 first_token_ms=23144.7 generation_ms=223286.9 generated=64 generation_tps=0.287
AGENT index=51 mig=fafc828a exit=0 wall_ms=167875 text=88ab36014083e9b4 role=child prefix_tokens=14282 suffix_tokens=18 model_ms=13792.7 context_ms=212.4 state_ms=7.07 prefix_ms=0.0 suffix_ms=4181.8 first_token_ms=21749.6 generation_ms=144623.1 generated=64 generation_tps=0.443
AGENT index=52 mig=31ffbfe4 exit=0 wall_ms=243255 text=56ae1f5c8f39885b role=child prefix_tokens=14282 suffix_tokens=21 model_ms=11315.4 context_ms=358.9 state_ms=38.61 prefix_ms=0.0 suffix_ms=2527.6 first_token_ms=18359.1 generation_ms=224503.1 generated=64 generation_tps=0.285
AGENT index=53 mig=fafc828a exit=0 wall_ms=167730 text=11e4c2a85150fa06 role=child prefix_tokens=14282 suffix_tokens=26 model_ms=12286.8 context_ms=347.4 state_ms=27.30 prefix_ms=0.0 suffix_ms=4409.6 first_token_ms=21150.9 generation_ms=145252.4 generated=64 generation_tps=0.441
AGENT index=54 mig=31ffbfe4 exit=0 wall_ms=247325 text=3b6f5b9c968721eb role=child prefix_tokens=14282 suffix_tokens=27 model_ms=12706.5 context_ms=384.6 state_ms=36.32 prefix_ms=0.0 suffix_ms=6605.0 first_token_ms=23681.3 generation_ms=222673.7 generated=64 generation_tps=0.287
AGENT index=55 mig=fafc828a exit=0 wall_ms=166707 text=7e4fad52bd577abf role=child prefix_tokens=14282 suffix_tokens=17 model_ms=12912.3 context_ms=249.8 state_ms=18.53 prefix_ms=0.0 suffix_ms=4042.2 first_token_ms=21305.8 generation_ms=144693.8 generated=64 generation_tps=0.442
AGENT index=56 mig=31ffbfe4 exit=0 wall_ms=247027 text=9834d2c93010cb40 role=child prefix_tokens=14282 suffix_tokens=22 model_ms=13253.2 context_ms=322.2 state_ms=14.48 prefix_ms=0.0 suffix_ms=6334.7 first_token_ms=23399.7 generation_ms=222870.4 generated=64 generation_tps=0.287
AGENT index=57 mig=fafc828a exit=0 wall_ms=138541 text=50630b6612aba7b8 role=child prefix_tokens=14282 suffix_tokens=23 model_ms=6823.9 context_ms=672.9 state_ms=15.24 prefix_ms=0.0 suffix_ms=1217.7 first_token_ms=12602.5 generation_ms=125548.1 generated=64 generation_tps=0.510
AGENT index=58 mig=31ffbfe4 exit=0 wall_ms=246675 text=9ca71337e20d8558 role=child prefix_tokens=14282 suffix_tokens=19 model_ms=13489.5 context_ms=327.3 state_ms=6.82 prefix_ms=0.0 suffix_ms=6574.1 first_token_ms=23892.7 generation_ms=222185.7 generated=64 generation_tps=0.288
AGENT index=59 mig=fafc828a exit=0 wall_ms=168142 text=a0d59f42adbdb7a7 role=child prefix_tokens=14282 suffix_tokens=21 model_ms=13318.0 context_ms=197.8 state_ms=7.22 prefix_ms=0.0 suffix_ms=4209.3 first_token_ms=21654.1 generation_ms=144945.5 generated=64 generation_tps=0.442
AGENT index=60 mig=31ffbfe4 exit=0 wall_ms=247281 text=b1fe3c81bfb2916f role=child prefix_tokens=14282 suffix_tokens=20 model_ms=13098.3 context_ms=321.2 state_ms=6.53 prefix_ms=0.0 suffix_ms=6595.7 first_token_ms=23986.9 generation_ms=222380.0 generated=64 generation_tps=0.288
AGENT index=61 mig=fafc828a exit=0 wall_ms=168082 text=5b7f00ee41a4f8ef role=child prefix_tokens=14282 suffix_tokens=22 model_ms=13672.8 context_ms=137.0 state_ms=6.25 prefix_ms=0.0 suffix_ms=4281.5 first_token_ms=21873.2 generation_ms=144721.4 generated=64 generation_tps=0.442
AGENT index=62 mig=31ffbfe4 exit=0 wall_ms=245175 text=c17cb2a0a71c6a47 role=child prefix_tokens=14282 suffix_tokens=20 model_ms=11478.7 context_ms=354.1 state_ms=28.96 prefix_ms=0.0 suffix_ms=4806.3 first_token_ms=20645.2 generation_ms=224108.2 generated=64 generation_tps=0.286
AGENT index=63 mig=fafc828a exit=0 wall_ms=164823 text=3b010582add6c19e role=child prefix_tokens=14282 suffix_tokens=22 model_ms=11474.8 context_ms=526.9 state_ms=37.14 prefix_ms=0.0 suffix_ms=2667.0 first_token_ms=18780.7 generation_ms=145621.8 generated=64 generation_tps=0.439
AGENT index=64 mig=31ffbfe4 exit=0 wall_ms=245525 text=3f50371ecb0032a2 role=child prefix_tokens=14282 suffix_tokens=28 model_ms=12542.2 context_ms=287.0 state_ms=35.90 prefix_ms=0.0 suffix_ms=5941.8 first_token_ms=22181.5 generation_ms=222916.8 generated=64 generation_tps=0.287
AGENT index=65 mig=fafc828a exit=0 wall_ms=164843 text=88835aea19336bf3 role=child prefix_tokens=14282 suffix_tokens=23 model_ms=12544.4 context_ms=301.6 state_ms=29.15 prefix_ms=0.0 suffix_ms=3216.1 first_token_ms=19329.4 generation_ms=145115.7 generated=64 generation_tps=0.441
AGENT index=66 mig=31ffbfe4 exit=0 wall_ms=244434 text=56cc6fc91016e6d9 role=child prefix_tokens=14282 suffix_tokens=25 model_ms=11759.1 context_ms=287.3 state_ms=26.12 prefix_ms=0.0 suffix_ms=4831.6 first_token_ms=20388.2 generation_ms=223634.5 generated=64 generation_tps=0.286
AGENT index=67 mig=fafc828a exit=0 wall_ms=167285 text=28222a18d507172c role=child prefix_tokens=14282 suffix_tokens=33 model_ms=13545.3 context_ms=281.9 state_ms=10.72 prefix_ms=0.0 suffix_ms=5026.9 first_token_ms=22386.4 generation_ms=143821.3 generated=64 generation_tps=0.445
AGENT index=68 mig=31ffbfe4 exit=0 wall_ms=245372 text=836ebfaf7d21007d role=child prefix_tokens=14282 suffix_tokens=24 model_ms=12326.7 context_ms=306.1 state_ms=26.30 prefix_ms=0.0 suffix_ms=5451.1 first_token_ms=21654.0 generation_ms=223295.4 generated=64 generation_tps=0.287
AGENT index=69 mig=fafc828a exit=0 wall_ms=136486 text=4e58d1434e38d87b role=child prefix_tokens=14282 suffix_tokens=27 model_ms=6005.0 context_ms=1359.7 state_ms=15.11 prefix_ms=0.0 suffix_ms=1407.2 first_token_ms=12460.3 generation_ms=123639.9 generated=64 generation_tps=0.518
AGENT index=70 mig=31ffbfe4 exit=0 wall_ms=246740 text=2bc8a87702ffa5ba role=child prefix_tokens=14282 suffix_tokens=22 model_ms=13631.3 context_ms=213.3 state_ms=6.50 prefix_ms=0.0 suffix_ms=6670.9 first_token_ms=24165.6 generation_ms=221865.7 generated=64 generation_tps=0.288
AGENT index=71 mig=fafc828a exit=0 wall_ms=166375 text=f9c832b7cad1a509 role=child prefix_tokens=14282 suffix_tokens=32 model_ms=12946.4 context_ms=448.7 state_ms=30.18 prefix_ms=0.0 suffix_ms=4503.6 first_token_ms=21721.0 generation_ms=144108.6 generated=64 generation_tps=0.444
AGENT index=72 mig=31ffbfe4 exit=0 wall_ms=245754 text=4e007a54c417b8e2 role=child prefix_tokens=14282 suffix_tokens=19 model_ms=12108.6 context_ms=482.9 state_ms=13.72 prefix_ms=0.0 suffix_ms=6246.6 first_token_ms=22522.8 generation_ms=222804.1 generated=64 generation_tps=0.287
AGENT index=73 mig=fafc828a exit=0 wall_ms=167532 text=f69b628d0f4868ff role=child prefix_tokens=14282 suffix_tokens=19 model_ms=13714.1 context_ms=194.5 state_ms=6.42 prefix_ms=0.0 suffix_ms=4159.3 first_token_ms=21518.4 generation_ms=144780.4 generated=64 generation_tps=0.442
AGENT index=74 mig=31ffbfe4 exit=0 wall_ms=244587 text=ab6f927a6830d128 role=child prefix_tokens=14282 suffix_tokens=18 model_ms=11134.2 context_ms=434.1 state_ms=34.46 prefix_ms=0.0 suffix_ms=4092.4 first_token_ms=19837.9 generation_ms=224367.6 generated=64 generation_tps=0.285
AGENT index=75 mig=fafc828a exit=0 wall_ms=167180 text=3f79542af35d277d role=child prefix_tokens=14282 suffix_tokens=22 model_ms=13805.9 context_ms=205.2 state_ms=6.37 prefix_ms=0.0 suffix_ms=4312.3 first_token_ms=21784.1 generation_ms=144342.8 generated=64 generation_tps=0.443
AGENT index=76 mig=31ffbfe4 exit=0 wall_ms=132606 text=2c93819fe85df763 role=child prefix_tokens=14282 suffix_tokens=21 model_ms=6958.9 context_ms=523.2 state_ms=15.33 prefix_ms=0.0 suffix_ms=843.9 first_token_ms=12229.3 generation_ms=119977.3 generated=64 generation_tps=0.533
AGENT index=77 mig=fafc828a exit=0 wall_ms=136881 text=5d483815f91685a6 role=child prefix_tokens=14282 suffix_tokens=31 model_ms=5788.8 context_ms=1278.7 state_ms=15.73 prefix_ms=0.0 suffix_ms=1209.5 first_token_ms=12242.0 generation_ms=124232.0 generated=64 generation_tps=0.515
AGENT index=78 mig=31ffbfe4 exit=0 wall_ms=247035 text=3f33f20708943e2f role=child prefix_tokens=14282 suffix_tokens=21 model_ms=12941.8 context_ms=444.6 state_ms=29.38 prefix_ms=0.0 suffix_ms=6391.8 first_token_ms=23307.6 generation_ms=222789.2 generated=64 generation_tps=0.287
AGENT index=79 mig=fafc828a exit=0 wall_ms=166681 text=0d9668c2f9cbc9fc role=child prefix_tokens=14282 suffix_tokens=26 model_ms=13378.3 context_ms=241.3 state_ms=6.76 prefix_ms=0.0 suffix_ms=4761.9 first_token_ms=22247.1 generation_ms=143765.6 generated=64 generation_tps=0.445
AGENT index=80 mig=31ffbfe4 exit=0 wall_ms=245273 text=86d4ee1044251a25 role=child prefix_tokens=14282 suffix_tokens=25 model_ms=11816.2 context_ms=310.1 state_ms=32.24 prefix_ms=0.0 suffix_ms=5032.5 first_token_ms=21075.2 generation_ms=223758.4 generated=64 generation_tps=0.286
AGENT index=81 mig=fafc828a exit=0 wall_ms=166292 text=facc2c2ea4689e1e role=child prefix_tokens=14282 suffix_tokens=22 model_ms=12155.1 context_ms=434.9 state_ms=9.43 prefix_ms=0.0 suffix_ms=3048.1 first_token_ms=19356.8 generation_ms=146386.2 generated=64 generation_tps=0.437
AGENT index=82 mig=31ffbfe4 exit=0 wall_ms=247489 text=ce66287a7832a2bb role=child prefix_tokens=14282 suffix_tokens=21 model_ms=13221.0 context_ms=158.5 state_ms=6.28 prefix_ms=0.0 suffix_ms=6705.7 first_token_ms=24165.2 generation_ms=222210.5 generated=64 generation_tps=0.288
AGENT index=83 mig=fafc828a exit=0 wall_ms=132024 text=cdf6d4762f0ad9c6 role=child prefix_tokens=14282 suffix_tokens=18 model_ms=5964.2 context_ms=1501.5 state_ms=15.32 prefix_ms=0.0 suffix_ms=943.8 first_token_ms=11830.8 generation_ms=119786.4 generated=64 generation_tps=0.534
AGENT index=84 mig=31ffbfe4 exit=0 wall_ms=246716 text=1af3357d195a5902 role=child prefix_tokens=14282 suffix_tokens=21 model_ms=13244.9 context_ms=423.8 state_ms=6.55 prefix_ms=0.0 suffix_ms=6658.6 first_token_ms=23797.3 generation_ms=222226.9 generated=64 generation_tps=0.288
AGENT index=85 mig=fafc828a exit=0 wall_ms=164135 text=957077b2ac48aee9 role=child prefix_tokens=14282 suffix_tokens=26 model_ms=11817.9 context_ms=368.3 state_ms=35.55 prefix_ms=0.0 suffix_ms=2272.2 first_token_ms=18131.1 generation_ms=145615.8 generated=64 generation_tps=0.440
AGENT index=86 mig=31ffbfe4 exit=0 wall_ms=245036 text=1b55181381f9c4bb role=child prefix_tokens=14282 suffix_tokens=27 model_ms=11190.8 context_ms=329.5 state_ms=44.17 prefix_ms=0.0 suffix_ms=4730.5 first_token_ms=20387.1 generation_ms=224227.5 generated=64 generation_tps=0.285
AGENT index=87 mig=fafc828a exit=0 wall_ms=166974 text=b8ac585c0a873612 role=child prefix_tokens=14282 suffix_tokens=17 model_ms=13572.6 context_ms=220.2 state_ms=7.66 prefix_ms=0.0 suffix_ms=4287.2 first_token_ms=21767.5 generation_ms=144480.6 generated=64 generation_tps=0.443
AGENT index=88 mig=31ffbfe4 exit=0 wall_ms=247417 text=9834d2c93010cb40 role=child prefix_tokens=14282 suffix_tokens=22 model_ms=12992.0 context_ms=194.9 state_ms=11.53 prefix_ms=0.0 suffix_ms=6575.0 first_token_ms=23819.5 generation_ms=222507.7 generated=64 generation_tps=0.288
AGENT index=89 mig=fafc828a exit=0 wall_ms=167772 text=4a108aa854664970 role=child prefix_tokens=14282 suffix_tokens=23 model_ms=12441.8 context_ms=472.2 state_ms=18.29 prefix_ms=0.0 suffix_ms=4074.4 first_token_ms=20946.4 generation_ms=145274.9 generated=64 generation_tps=0.441
AGENT index=90 mig=31ffbfe4 exit=0 wall_ms=247465 text=dbc7a5d875e3e7e1 role=child prefix_tokens=14282 suffix_tokens=19 model_ms=13179.2 context_ms=188.3 state_ms=7.79 prefix_ms=0.0 suffix_ms=6684.4 first_token_ms=24140.7 generation_ms=222210.8 generated=64 generation_tps=0.288
AGENT index=91 mig=fafc828a exit=0 wall_ms=166200 text=7b1e906b43903ada role=child prefix_tokens=14282 suffix_tokens=21 model_ms=13393.8 context_ms=341.5 state_ms=6.36 prefix_ms=0.0 suffix_ms=4003.0 first_token_ms=20983.8 generation_ms=144677.7 generated=64 generation_tps=0.442
AGENT index=92 mig=31ffbfe4 exit=0 wall_ms=242077 text=6270d284b62a8043 role=child prefix_tokens=14282 suffix_tokens=20 model_ms=11489.9 context_ms=237.4 state_ms=52.65 prefix_ms=0.0 suffix_ms=2054.9 first_token_ms=17469.9 generation_ms=224225.8 generated=64 generation_tps=0.285
AGENT index=93 mig=fafc828a exit=0 wall_ms=165653 text=ce087b8cf95f26a2 role=child prefix_tokens=14282 suffix_tokens=22 model_ms=12282.1 context_ms=329.1 state_ms=26.41 prefix_ms=0.0 suffix_ms=3650.2 first_token_ms=20225.7 generation_ms=145035.8 generated=64 generation_tps=0.441
AGENT index=94 mig=31ffbfe4 exit=0 wall_ms=246413 text=4878ce4ae644876a role=child prefix_tokens=14282 suffix_tokens=20 model_ms=11809.2 context_ms=407.2 state_ms=30.43 prefix_ms=0.0 suffix_ms=5627.1 first_token_ms=21926.5 generation_ms=223976.3 generated=64 generation_tps=0.286
AGENT index=95 mig=fafc828a exit=0 wall_ms=165811 text=93d0d9337eb50146 role=child prefix_tokens=14282 suffix_tokens=22 model_ms=12230.3 context_ms=407.9 state_ms=8.34 prefix_ms=0.0 suffix_ms=3497.9 first_token_ms=19926.1 generation_ms=145446.8 generated=64 generation_tps=0.440
MEMORY mem_available_drop_mib=67806 mem_available_before_mib=120039 mem_free_before_mib=46008 pss_anon_mib=22970 pss_file_mib=6520 pss_shmem_mib=6368 device_mib=37152 samples=19
END_CASE failed_agents=0 wall_ms=248335
CASE mode=both agents=128
AGENT index=0 mig=31ffbfe4 exit=0 wall_ms=316001 text=4605b6e04b2228eb role=child prefix_tokens=14282 suffix_tokens=27 model_ms=15126.6 context_ms=1180.2 state_ms=50.44 prefix_ms=0.0 suffix_ms=1933.9 first_token_ms=23153.3 generation_ms=292380.4 generated=64 generation_tps=0.219
AGENT index=1 mig=fafc828a exit=0 wall_ms=148057 text=a5af93194a2d1ced role=child prefix_tokens=14282 suffix_tokens=22 model_ms=11246.3 context_ms=1017.1 state_ms=15.54 prefix_ms=0.0 suffix_ms=1671.5 first_token_ms=17724.4 generation_ms=129938.1 generated=64 generation_tps=0.493
AGENT index=2 mig=31ffbfe4 exit=0 wall_ms=247516 text=37e5f08e6279aa62 role=child prefix_tokens=14282 suffix_tokens=24 model_ms=8166.1 context_ms=2845.6 state_ms=15.11 prefix_ms=0.0 suffix_ms=1669.1 first_token_ms=17260.8 generation_ms=229873.2 generated=64 generation_tps=0.278
AGENT index=3 mig=fafc828a exit=0 wall_ms=223850 text=5e1ac569aa8b0faf role=child prefix_tokens=14282 suffix_tokens=32 model_ms=18804.2 context_ms=503.9 state_ms=12.17 prefix_ms=0.0 suffix_ms=5907.3 first_token_ms=30453.8 generation_ms=192120.4 generated=64 generation_tps=0.333
AGENT index=4 mig=31ffbfe4 exit=0 wall_ms=312125 text=6e3d8f07cfceb082 role=child prefix_tokens=14282 suffix_tokens=23 model_ms=14860.9 context_ms=1294.8 state_ms=23.68 prefix_ms=0.0 suffix_ms=1598.4 first_token_ms=22531.2 generation_ms=289216.2 generated=64 generation_tps=0.221
AGENT index=5 mig=fafc828a exit=0 wall_ms=212998 text=47179dd0dcd49eb0 role=child prefix_tokens=14282 suffix_tokens=26 model_ms=16017.8 context_ms=770.3 state_ms=36.93 prefix_ms=0.0 suffix_ms=1680.4 first_token_ms=23083.9 generation_ms=189504.3 generated=64 generation_tps=0.338
AGENT index=6 mig=31ffbfe4 exit=0 wall_ms=329827 text=f88f503d1005fa22 role=child prefix_tokens=14282 suffix_tokens=21 model_ms=20065.3 context_ms=306.6 state_ms=10.44 prefix_ms=0.0 suffix_ms=8750.6 first_token_ms=33744.4 generation_ms=294849.0 generated=64 generation_tps=0.217
AGENT index=7 mig=fafc828a exit=0 wall_ms=137374 text=f9c832b7cad1a509 role=child prefix_tokens=14282 suffix_tokens=31 model_ms=10410.0 context_ms=1980.8 state_ms=15.18 prefix_ms=0.0 suffix_ms=1579.3 first_token_ms=17223.2 generation_ms=119705.8 generated=64 generation_tps=0.535
AGENT index=8 mig=31ffbfe4 exit=0 wall_ms=328541 text=a3c806a5411bc6e6 role=child prefix_tokens=14282 suffix_tokens=18 model_ms=18842.4 context_ms=638.2 state_ms=26.47 prefix_ms=0.0 suffix_ms=8572.6 first_token_ms=32918.4 generation_ms=295031.3 generated=64 generation_tps=0.217
AGENT index=9 mig=fafc828a exit=0 wall_ms=221758 text=a2d016def74ecc62 role=child prefix_tokens=14282 suffix_tokens=18 model_ms=17636.1 context_ms=803.1 state_ms=36.99 prefix_ms=0.0 suffix_ms=3796.0 first_token_ms=27268.2 generation_ms=193882.7 generated=64 generation_tps=0.330
AGENT index=10 mig=31ffbfe4 exit=0 wall_ms=329173 text=a733f3a39259263c role=child prefix_tokens=14282 suffix_tokens=18 model_ms=19927.4 context_ms=458.9 state_ms=6.76 prefix_ms=0.0 suffix_ms=8792.3 first_token_ms=33803.6 generation_ms=294421.4 generated=64 generation_tps=0.217
AGENT index=11 mig=fafc828a exit=0 wall_ms=223137 text=ad0d6edf343e5e28 role=child prefix_tokens=14282 suffix_tokens=22 model_ms=19268.8 context_ms=569.6 state_ms=6.87 prefix_ms=0.0 suffix_ms=5586.6 first_token_ms=30308.9 generation_ms=191860.8 generated=64 generation_tps=0.334
AGENT index=12 mig=31ffbfe4 exit=0 wall_ms=329485 text=2c93819fe85df763 role=child prefix_tokens=14282 suffix_tokens=21 model_ms=18539.7 context_ms=708.6 state_ms=30.50 prefix_ms=0.0 suffix_ms=8824.9 first_token_ms=32937.3 generation_ms=295594.3 generated=64 generation_tps=0.217
AGENT index=13 mig=fafc828a exit=0 wall_ms=221626 text=5d483815f91685a6 role=child prefix_tokens=14282 suffix_tokens=31 model_ms=17333.0 context_ms=834.4 state_ms=28.74 prefix_ms=0.0 suffix_ms=4768.9 first_token_ms=27787.7 generation_ms=193289.1 generated=64 generation_tps=0.331
AGENT index=14 mig=31ffbfe4 exit=0 wall_ms=327481 text=f8f770d151794139 role=child prefix_tokens=14282 suffix_tokens=21 model_ms=18977.1 context_ms=278.1 state_ms=17.08 prefix_ms=0.0 suffix_ms=8142.2 first_token_ms=31980.1 generation_ms=295059.9 generated=64 generation_tps=0.217
AGENT index=15 mig=fafc828a exit=0 wall_ms=124542 text=0d9668c2f9cbc9fc role=child prefix_tokens=14282 suffix_tokens=26 model_ms=5886.9 context_ms=2687.8 state_ms=15.79 prefix_ms=0.0 suffix_ms=3429.7 first_token_ms=16542.2 generation_ms=107554.1 generated=64 generation_tps=0.595
AGENT index=16 mig=31ffbfe4 exit=0 wall_ms=328219 text=a6ffaf564cadb5d1 role=child prefix_tokens=14282 suffix_tokens=25 model_ms=20139.5 context_ms=292.0 state_ms=6.40 prefix_ms=0.0 suffix_ms=8911.1 first_token_ms=33942.5 generation_ms=293845.3 generated=64 generation_tps=0.218
AGENT index=17 mig=fafc828a exit=0 wall_ms=220887 text=6bd685fbc4b441ec role=child prefix_tokens=14282 suffix_tokens=22 model_ms=17893.0 context_ms=674.9 state_ms=43.61 prefix_ms=0.0 suffix_ms=5504.7 first_token_ms=29162.0 generation_ms=191190.6 generated=64 generation_tps=0.335
AGENT index=18 mig=31ffbfe4 exit=0 wall_ms=329837 text=ba15e410535ababc role=child prefix_tokens=14282 suffix_tokens=21 model_ms=20076.6 context_ms=325.6 state_ms=7.32 prefix_ms=0.0 suffix_ms=8734.1 first_token_ms=33719.7 generation_ms=294942.1 generated=64 generation_tps=0.217
AGENT index=19 mig=fafc828a exit=0 wall_ms=223687 text=4c7501e634d9bf23 role=child prefix_tokens=14282 suffix_tokens=18 model_ms=19311.1 context_ms=178.6 state_ms=8.50 prefix_ms=0.0 suffix_ms=5595.1 first_token_ms=30381.6 generation_ms=191735.8 generated=64 generation_tps=0.334
AGENT index=20 mig=31ffbfe4 exit=0 wall_ms=329723 text=b3893059e7e79532 role=child prefix_tokens=14282 suffix_tokens=21 model_ms=19452.3 context_ms=372.5 state_ms=6.16 prefix_ms=0.0 suffix_ms=8773.8 first_token_ms=33795.0 generation_ms=294582.1 generated=64 generation_tps=0.217
AGENT index=21 mig=fafc828a exit=0 wall_ms=220763 text=284eef78a2286715 role=child prefix_tokens=14282 suffix_tokens=26 model_ms=19271.0 context_ms=561.2 state_ms=26.79 prefix_ms=0.0 suffix_ms=6061.1 first_token_ms=30435.7 generation_ms=189739.5 generated=64 generation_tps=0.337
AGENT index=22 mig=31ffbfe4 exit=0 wall_ms=327700 text=ad3122b47bf9d41d role=child prefix_tokens=14282 suffix_tokens=27 model_ms=18388.6 context_ms=628.1 state_ms=38.73 prefix_ms=0.0 suffix_ms=8329.6 first_token_ms=32094.1 generation_ms=295096.3 generated=64 generation_tps=0.217
AGENT index=23 mig=fafc828a exit=0 wall_ms=223425 text=fd9dec9936f784ff role=child prefix_tokens=14282 suffix_tokens=17 model_ms=19852.4 context_ms=344.4 state_ms=6.96 prefix_ms=0.0 suffix_ms=5593.4 first_token_ms=30564.9 generation_ms=191424.0 generated=64 generation_tps=0.334
AGENT index=24 mig=31ffbfe4 exit=0 wall_ms=329521 text=9834d2c93010cb40 role=child prefix_tokens=14282 suffix_tokens=22 model_ms=20077.2 context_ms=336.4 state_ms=6.75 prefix_ms=0.0 suffix_ms=8799.8 first_token_ms=33770.0 generation_ms=294522.9 generated=64 generation_tps=0.217
AGENT index=25 mig=fafc828a exit=0 wall_ms=224133 text=d4e1fcaa961685d1 role=child prefix_tokens=14282 suffix_tokens=23 model_ms=19198.0 context_ms=330.4 state_ms=6.93 prefix_ms=0.0 suffix_ms=5463.9 first_token_ms=30279.0 generation_ms=192268.7 generated=64 generation_tps=0.333
AGENT index=26 mig=31ffbfe4 exit=0 wall_ms=328065 text=9e35020256b4a71c role=child prefix_tokens=14282 suffix_tokens=19 model_ms=18814.5 context_ms=501.4 state_ms=16.50 prefix_ms=0.0 suffix_ms=8435.6 first_token_ms=32585.6 generation_ms=295033.8 generated=64 generation_tps=0.217
AGENT index=27 mig=fafc828a exit=0 wall_ms=213862 text=178df8f18d21f57e role=child prefix_tokens=14282 suffix_tokens=21 model_ms=16023.3 context_ms=715.1 state_ms=54.84 prefix_ms=0.0 suffix_ms=2015.1 first_token_ms=23417.4 generation_ms=190010.9 generated=64 generation_tps=0.337
AGENT index=28 mig=31ffbfe4 exit=0 wall_ms=329893 text=15c67d79a860da75 role=child prefix_tokens=14282 suffix_tokens=20 model_ms=19759.6 context_ms=362.5 state_ms=6.36 prefix_ms=0.0 suffix_ms=8824.7 first_token_ms=33764.7 generation_ms=294694.5 generated=64 generation_tps=0.217
AGENT index=29 mig=fafc828a exit=0 wall_ms=223025 text=a72f71cd80731afe role=child prefix_tokens=14282 suffix_tokens=22 model_ms=19171.3 context_ms=425.7 state_ms=9.77 prefix_ms=0.0 suffix_ms=5628.5 first_token_ms=30535.9 generation_ms=191268.5 generated=64 generation_tps=0.335
AGENT index=30 mig=31ffbfe4 exit=0 wall_ms=324608 text=317f6f38771a1e41 role=child prefix_tokens=14282 suffix_tokens=20 model_ms=16364.5 context_ms=667.3 state_ms=50.58 prefix_ms=0.0 suffix_ms=4586.3 first_token_ms=26951.6 generation_ms=297157.3 generated=64 generation_tps=0.215
AGENT index=31 mig=fafc828a exit=0 wall_ms=224280 text=d52293b0dc058085 role=child prefix_tokens=14282 suffix_tokens=22 model_ms=19693.5 context_ms=358.9 state_ms=6.61 prefix_ms=0.0 suffix_ms=5706.3 first_token_ms=30677.9 generation_ms=191871.5 generated=64 generation_tps=0.334
AGENT index=32 mig=31ffbfe4 exit=0 wall_ms=329283 text=a067a6895417f0e8 role=child prefix_tokens=14282 suffix_tokens=28 model_ms=19613.4 context_ms=354.8 state_ms=8.11 prefix_ms=0.0 suffix_ms=8923.7 first_token_ms=33904.2 generation_ms=294330.8 generated=64 generation_tps=0.217
AGENT index=33 mig=fafc828a exit=0 wall_ms=218252 text=5b450cf9627e77b9 role=child prefix_tokens=14282 suffix_tokens=23 model_ms=16743.9 context_ms=707.1 state_ms=42.38 prefix_ms=0.0 suffix_ms=2640.8 first_token_ms=24879.4 generation_ms=192979.2 generated=64 generation_tps=0.332
AGENT index=34 mig=31ffbfe4 exit=0 wall_ms=325743 text=5c09b6f1d055319b role=child prefix_tokens=14282 suffix_tokens=25 model_ms=20151.1 context_ms=381.1 state_ms=6.46 prefix_ms=0.0 suffix_ms=8978.8 first_token_ms=33957.4 generation_ms=291360.8 generated=64 generation_tps=0.220
AGENT index=35 mig=fafc828a exit=0 wall_ms=223327 text=077e38d3762a4e5d role=child prefix_tokens=14282 suffix_tokens=33 model_ms=18826.0 context_ms=727.0 state_ms=7.84 prefix_ms=0.0 suffix_ms=6509.1 first_token_ms=31119.9 generation_ms=190959.8 generated=64 generation_tps=0.335
AGENT index=36 mig=31ffbfe4 exit=0 wall_ms=329943 text=836ebfaf7d21007d role=child prefix_tokens=14282 suffix_tokens=24 model_ms=19059.6 context_ms=259.7 state_ms=6.39 prefix_ms=0.0 suffix_ms=8715.8 first_token_ms=33464.8 generation_ms=295085.7 generated=64 generation_tps=0.217
AGENT index=37 mig=fafc828a exit=0 wall_ms=224170 text=b5c1cde845350686 role=child prefix_tokens=14282 suffix_tokens=27 model_ms=17669.2 context_ms=587.3 state_ms=46.40 prefix_ms=0.0 suffix_ms=6177.4 first_token_ms=29636.9 generation_ms=192742.8 generated=64 generation_tps=0.332
AGENT index=38 mig=31ffbfe4 exit=0 wall_ms=243801 text=e57f2865bc99ed0e role=child prefix_tokens=14282 suffix_tokens=22 model_ms=8010.0 context_ms=2831.6 state_ms=15.49 prefix_ms=0.0 suffix_ms=1575.6 first_token_ms=16709.2 generation_ms=226691.9 generated=64 generation_tps=0.282
AGENT index=39 mig=fafc828a exit=0 wall_ms=220758 text=f9c832b7cad1a509 role=child prefix_tokens=14282 suffix_tokens=32 model_ms=16314.0 context_ms=576.8 state_ms=46.18 prefix_ms=0.0 suffix_ms=3890.4 first_token_ms=25955.2 generation_ms=194225.9 generated=64 generation_tps=0.330
AGENT index=40 mig=31ffbfe4 exit=0 wall_ms=326297 text=1bedc9985ebffdf3 role=child prefix_tokens=14282 suffix_tokens=19 model_ms=17759.8 context_ms=366.3 state_ms=26.24 prefix_ms=0.0 suffix_ms=5542.0 first_token_ms=28562.4 generation_ms=297331.1 generated=64 generation_tps=0.215
AGENT index=41 mig=fafc828a exit=0 wall_ms=216482 text=3be32d4f1f40e878 role=child prefix_tokens=14282 suffix_tokens=19 model_ms=16849.8 context_ms=469.7 state_ms=38.26 prefix_ms=0.0 suffix_ms=2077.9 first_token_ms=24334.0 generation_ms=191713.5 generated=64 generation_tps=0.334
AGENT index=42 mig=31ffbfe4 exit=0 wall_ms=327628 text=519b2de5b706a49d role=child prefix_tokens=14282 suffix_tokens=18 model_ms=18958.3 context_ms=705.2 state_ms=12.91 prefix_ms=0.0 suffix_ms=8499.8 first_token_ms=32958.6 generation_ms=294135.3 generated=64 generation_tps=0.218
AGENT index=43 mig=fafc828a exit=0 wall_ms=224206 text=ad92edad967aef00 role=child prefix_tokens=14282 suffix_tokens=22 model_ms=18708.9 context_ms=596.3 state_ms=6.23 prefix_ms=0.0 suffix_ms=5714.0 first_token_ms=30522.7 generation_ms=191779.8 generated=64 generation_tps=0.334
AGENT index=44 mig=31ffbfe4 exit=0 wall_ms=328525 text=806eb5a225900d3a role=child prefix_tokens=14282 suffix_tokens=21 model_ms=19099.9 context_ms=589.6 state_ms=31.70 prefix_ms=0.0 suffix_ms=8482.3 first_token_ms=32891.3 generation_ms=294955.3 generated=64 generation_tps=0.217
AGENT index=45 mig=fafc828a exit=0 wall_ms=224062 text=9f441c92dda94d6e role=child prefix_tokens=14282 suffix_tokens=31 model_ms=19774.3 context_ms=487.6 state_ms=6.40 prefix_ms=0.0 suffix_ms=6169.6 first_token_ms=30867.0 generation_ms=191524.3 generated=64 generation_tps=0.334
AGENT index=46 mig=31ffbfe4 exit=0 wall_ms=325490 text=3f33f20708943e2f role=child prefix_tokens=14282 suffix_tokens=21 model_ms=19549.2 context_ms=540.1 state_ms=9.99 prefix_ms=0.0 suffix_ms=8439.7 first_token_ms=32958.6 generation_ms=292141.4 generated=64 generation_tps=0.219
AGENT index=47 mig=fafc828a exit=0 wall_ms=220206 text=0d9668c2f9cbc9fc role=child prefix_tokens=14282 suffix_tokens=26 model_ms=16773.9 context_ms=515.4 state_ms=16.05 prefix_ms=0.0 suffix_ms=3213.3 first_token_ms=25735.6 generation_ms=194027.6 generated=64 generation_tps=0.330
AGENT index=48 mig=31ffbfe4 exit=0 wall_ms=328241 text=27f58a7742c668f5 role=child prefix_tokens=14282 suffix_tokens=25 model_ms=19464.4 context_ms=153.3 state_ms=6.06 prefix_ms=0.0 suffix_ms=8976.5 first_token_ms=33928.7 generation_ms=293835.9 generated=64 generation_tps=0.218
AGENT index=49 mig=fafc828a exit=0 wall_ms=224298 text=6bd685fbc4b441ec role=child prefix_tokens=14282 suffix_tokens=22 model_ms=19446.3 context_ms=142.4 state_ms=7.19 prefix_ms=0.0 suffix_ms=5574.8 first_token_ms=30403.3 generation_ms=192031.4 generated=64 generation_tps=0.333
AGENT index=50 mig=31ffbfe4 exit=0 wall_ms=328557 text=802dc3b79f95f0ef role=child prefix_tokens=14282 suffix_tokens=21 model_ms=19036.0 context_ms=615.8 state_ms=8.55 prefix_ms=0.0 suffix_ms=8564.9 first_token_ms=33197.6 generation_ms=294781.9 generated=64 generation_tps=0.217
AGENT index=51 mig=fafc828a exit=0 wall_ms=223106 text=88ab36014083e9b4 role=child prefix_tokens=14282 suffix_tokens=18 model_ms=20029.8 context_ms=252.5 state_ms=6.22 prefix_ms=0.0 suffix_ms=5626.0 first_token_ms=30557.4 generation_ms=191084.8 generated=64 generation_tps=0.335
AGENT index=52 mig=31ffbfe4 exit=0 wall_ms=328944 text=56ae1f5c8f39885b role=child prefix_tokens=14282 suffix_tokens=21 model_ms=19110.9 context_ms=422.5 state_ms=6.80 prefix_ms=0.0 suffix_ms=8861.3 first_token_ms=33658.3 generation_ms=294468.6 generated=64 generation_tps=0.217
AGENT index=53 mig=fafc828a exit=0 wall_ms=221514 text=11e4c2a85150fa06 role=child prefix_tokens=14282 suffix_tokens=26 model_ms=19271.0 context_ms=266.5 state_ms=9.09 prefix_ms=0.0 suffix_ms=6182.4 first_token_ms=30911.0 generation_ms=189971.7 generated=64 generation_tps=0.337
AGENT index=54 mig=31ffbfe4 exit=0 wall_ms=329499 text=3b6f5b9c968721eb role=child prefix_tokens=14282 suffix_tokens=27 model_ms=19051.9 context_ms=357.0 state_ms=6.27 prefix_ms=0.0 suffix_ms=8900.4 first_token_ms=33739.0 generation_ms=294418.2 generated=64 generation_tps=0.217
AGENT index=55 mig=fafc828a exit=0 wall_ms=222855 text=7e4fad52bd577abf role=child prefix_tokens=14282 suffix_tokens=17 model_ms=19024.5 context_ms=402.9 state_ms=37.69 prefix_ms=0.0 suffix_ms=5505.5 first_token_ms=29755.8 generation_ms=191975.9 generated=64 generation_tps=0.333
AGENT index=56 mig=31ffbfe4 exit=0 wall_ms=325430 text=9834d2c93010cb40 role=child prefix_tokens=14282 suffix_tokens=22 model_ms=16653.2 context_ms=596.9 state_ms=54.30 prefix_ms=0.0 suffix_ms=5436.1 first_token_ms=28169.4 generation_ms=296835.3 generated=64 generation_tps=0.216
AGENT index=57 mig=fafc828a exit=0 wall_ms=220913 text=50630b6612aba7b8 role=child prefix_tokens=14282 suffix_tokens=23 model_ms=18983.1 context_ms=459.1 state_ms=11.63 prefix_ms=0.0 suffix_ms=5620.0 first_token_ms=30308.1 generation_ms=190075.7 generated=64 generation_tps=0.337
AGENT index=58 mig=31ffbfe4 exit=0 wall_ms=326672 text=9ca71337e20d8558 role=child prefix_tokens=14282 suffix_tokens=19 model_ms=16921.0 context_ms=979.0 state_ms=24.79 prefix_ms=0.0 suffix_ms=7025.5 first_token_ms=30384.4 generation_ms=295896.1 generated=64 generation_tps=0.216
AGENT index=59 mig=fafc828a exit=0 wall_ms=220545 text=a0d59f42adbdb7a7 role=child prefix_tokens=14282 suffix_tokens=21 model_ms=18855.0 context_ms=831.9 state_ms=11.74 prefix_ms=0.0 suffix_ms=5431.9 first_token_ms=29899.6 generation_ms=190102.6 generated=64 generation_tps=0.337
AGENT index=60 mig=31ffbfe4 exit=0 wall_ms=329392 text=b1fe3c81bfb2916f role=child prefix_tokens=14282 suffix_tokens=20 model_ms=19201.1 context_ms=390.0 state_ms=8.48 prefix_ms=0.0 suffix_ms=8724.4 first_token_ms=33272.3 generation_ms=295125.2 generated=64 generation_tps=0.217
AGENT index=61 mig=fafc828a exit=0 wall_ms=223862 text=5b7f00ee41a4f8ef role=child prefix_tokens=14282 suffix_tokens=22 model_ms=19242.4 context_ms=543.4 state_ms=6.62 prefix_ms=0.0 suffix_ms=5709.9 first_token_ms=30471.2 generation_ms=191952.9 generated=64 generation_tps=0.333
AGENT index=62 mig=31ffbfe4 exit=0 wall_ms=329006 text=c17cb2a0a71c6a47 role=child prefix_tokens=14282 suffix_tokens=20 model_ms=19086.9 context_ms=364.8 state_ms=6.20 prefix_ms=0.0 suffix_ms=8692.8 first_token_ms=33505.5 generation_ms=294494.9 generated=64 generation_tps=0.217
AGENT index=63 mig=fafc828a exit=0 wall_ms=218890 text=3b010582add6c19e role=child prefix_tokens=14282 suffix_tokens=22 model_ms=15872.5 context_ms=431.3 state_ms=59.74 prefix_ms=0.0 suffix_ms=3012.2 first_token_ms=24763.9 generation_ms=193602.0 generated=64 generation_tps=0.331
AGENT index=64 mig=31ffbfe4 exit=0 wall_ms=329698 text=3f50371ecb0032a2 role=child prefix_tokens=14282 suffix_tokens=28 model_ms=18608.3 context_ms=574.7 state_ms=10.65 prefix_ms=0.0 suffix_ms=8791.8 first_token_ms=33183.3 generation_ms=295327.7 generated=64 generation_tps=0.217
AGENT index=65 mig=fafc828a exit=0 wall_ms=220986 text=88835aea19336bf3 role=child prefix_tokens=14282 suffix_tokens=23 model_ms=18368.8 context_ms=684.0 state_ms=28.00 prefix_ms=0.0 suffix_ms=5477.0 first_token_ms=29244.8 generation_ms=191237.9 generated=64 generation_tps=0.335
AGENT index=66 mig=31ffbfe4 exit=0 wall_ms=323605 text=56cc6fc91016e6d9 role=child prefix_tokens=14282 suffix_tokens=25 model_ms=16329.9 context_ms=511.5 state_ms=58.51 prefix_ms=0.0 suffix_ms=3231.6 first_token_ms=25545.4 generation_ms=297639.3 generated=64 generation_tps=0.215
AGENT index=67 mig=fafc828a exit=0 wall_ms=213961 text=28222a18d507172c role=child prefix_tokens=14282 suffix_tokens=33 model_ms=15290.7 context_ms=1152.5 state_ms=63.33 prefix_ms=0.0 suffix_ms=1973.0 first_token_ms=23122.1 generation_ms=190431.6 generated=64 generation_tps=0.336
AGENT index=68 mig=31ffbfe4 exit=0 wall_ms=328749 text=836ebfaf7d21007d role=child prefix_tokens=14282 suffix_tokens=24 model_ms=19670.0 context_ms=277.9 state_ms=8.54 prefix_ms=0.0 suffix_ms=8748.4 first_token_ms=33585.9 generation_ms=294395.1 generated=64 generation_tps=0.217
AGENT index=69 mig=fafc828a exit=0 wall_ms=218596 text=4e58d1434e38d87b role=child prefix_tokens=14282 suffix_tokens=27 model_ms=15467.6 context_ms=506.9 state_ms=28.12 prefix_ms=0.0 suffix_ms=3082.9 first_token_ms=24527.8 generation_ms=193615.2 generated=64 generation_tps=0.331
AGENT index=70 mig=31ffbfe4 exit=0 wall_ms=316280 text=2bc8a87702ffa5ba role=child prefix_tokens=14282 suffix_tokens=22 model_ms=15570.0 context_ms=872.4 state_ms=61.80 prefix_ms=0.0 suffix_ms=1967.6 first_token_ms=22972.7 generation_ms=292937.3 generated=64 generation_tps=0.218
AGENT index=71 mig=fafc828a exit=0 wall_ms=223364 text=f9c832b7cad1a509 role=child prefix_tokens=14282 suffix_tokens=32 model_ms=19624.8 context_ms=353.9 state_ms=6.71 prefix_ms=0.0 suffix_ms=6299.5 first_token_ms=31078.6 generation_ms=190494.0 generated=64 generation_tps=0.336
AGENT index=72 mig=31ffbfe4 exit=0 wall_ms=327402 text=4e007a54c417b8e2 role=child prefix_tokens=14282 suffix_tokens=19 model_ms=19549.4 context_ms=269.4 state_ms=11.02 prefix_ms=0.0 suffix_ms=8718.2 first_token_ms=33350.5 generation_ms=293566.6 generated=64 generation_tps=0.218
AGENT index=73 mig=fafc828a exit=0 wall_ms=212293 text=f69b628d0f4868ff role=child prefix_tokens=14282 suffix_tokens=19 model_ms=15963.6 context_ms=633.8 state_ms=42.19 prefix_ms=0.0 suffix_ms=1704.9 first_token_ms=22658.2 generation_ms=189212.1 generated=64 generation_tps=0.338
AGENT index=74 mig=31ffbfe4 exit=0 wall_ms=327665 text=ab6f927a6830d128 role=child prefix_tokens=14282 suffix_tokens=18 model_ms=18698.6 context_ms=505.6 state_ms=35.13 prefix_ms=0.0 suffix_ms=8766.7 first_token_ms=32868.9 generation_ms=294336.1 generated=64 generation_tps=0.217
AGENT index=75 mig=fafc828a exit=0 wall_ms=99072 text=3f79542af35d277d role=child prefix_tokens=14282 suffix_tokens=22 model_ms=4184.8 context_ms=2415.9 state_ms=15.66 prefix_ms=0.0 suffix_ms=4303.9 first_token_ms=15823.5 generation_ms=81956.2 generated=64 generation_tps=0.781
AGENT index=76 mig=31ffbfe4 exit=0 wall_ms=329605 text=2c93819fe85df763 role=child prefix_tokens=14282 suffix_tokens=21 model_ms=19109.4 context_ms=456.4 state_ms=6.62 prefix_ms=0.0 suffix_ms=8611.1 first_token_ms=33122.8 generation_ms=295309.0 generated=64 generation_tps=0.217
AGENT index=77 mig=fafc828a exit=0 wall_ms=213407 text=5d483815f91685a6 role=child prefix_tokens=14282 suffix_tokens=31 model_ms=15772.9 context_ms=514.4 state_ms=66.24 prefix_ms=0.0 suffix_ms=1707.8 first_token_ms=22785.9 generation_ms=190221.4 generated=64 generation_tps=0.336
AGENT index=78 mig=31ffbfe4 exit=0 wall_ms=326652 text=3f33f20708943e2f role=child prefix_tokens=14282 suffix_tokens=21 model_ms=17701.6 context_ms=696.0 state_ms=10.99 prefix_ms=0.0 suffix_ms=6910.7 first_token_ms=30299.3 generation_ms=295897.0 generated=64 generation_tps=0.216
AGENT index=79 mig=fafc828a exit=0 wall_ms=222205 text=0d9668c2f9cbc9fc role=child prefix_tokens=14282 suffix_tokens=26 model_ms=18843.9 context_ms=597.6 state_ms=6.37 prefix_ms=0.0 suffix_ms=6347.4 first_token_ms=31033.6 generation_ms=190350.5 generated=64 generation_tps=0.336
AGENT index=80 mig=31ffbfe4 exit=0 wall_ms=327817 text=86d4ee1044251a25 role=child prefix_tokens=14282 suffix_tokens=25 model_ms=17905.7 context_ms=711.0 state_ms=33.52 prefix_ms=0.0 suffix_ms=8319.8 first_token_ms=31780.2 generation_ms=295570.0 generated=64 generation_tps=0.217
AGENT index=81 mig=fafc828a exit=0 wall_ms=220145 text=facc2c2ea4689e1e role=child prefix_tokens=14282 suffix_tokens=22 model_ms=17360.3 context_ms=339.4 state_ms=54.38 prefix_ms=0.0 suffix_ms=3270.8 first_token_ms=25614.5 generation_ms=194029.6 generated=64 generation_tps=0.330
AGENT index=82 mig=31ffbfe4 exit=0 wall_ms=326851 text=ce66287a7832a2bb role=child prefix_tokens=14282 suffix_tokens=21 model_ms=19264.7 context_ms=285.8 state_ms=6.37 prefix_ms=0.0 suffix_ms=8518.0 first_token_ms=32945.2 generation_ms=293482.9 generated=64 generation_tps=0.218
AGENT index=83 mig=fafc828a exit=0 wall_ms=218863 text=cdf6d4762f0ad9c6 role=child prefix_tokens=14282 suffix_tokens=18 model_ms=17685.8 context_ms=602.0 state_ms=21.10 prefix_ms=0.0 suffix_ms=4816.0 first_token_ms=28106.9 generation_ms=190247.7 generated=64 generation_tps=0.336
AGENT index=84 mig=31ffbfe4 exit=0 wall_ms=328806 text=1af3357d195a5902 role=child prefix_tokens=14282 suffix_tokens=21 model_ms=18188.6 context_ms=746.3 state_ms=22.62 prefix_ms=0.0 suffix_ms=8692.2 first_token_ms=32667.6 generation_ms=295356.6 generated=64 generation_tps=0.217
AGENT index=85 mig=fafc828a exit=0 wall_ms=222263 text=957077b2ac48aee9 role=child prefix_tokens=14282 suffix_tokens=26 model_ms=19892.6 context_ms=280.0 state_ms=6.11 prefix_ms=0.0 suffix_ms=6175.1 first_token_ms=30917.6 generation_ms=190469.5 generated=64 generation_tps=0.336
AGENT index=86 mig=31ffbfe4 exit=0 wall_ms=329497 text=1b55181381f9c4bb role=child prefix_tokens=14282 suffix_tokens=27 model_ms=19551.8 context_ms=200.9 state_ms=6.76 prefix_ms=0.0 suffix_ms=8995.0 first_token_ms=33753.5 generation_ms=294695.8 generated=64 generation_tps=0.217
AGENT index=87 mig=fafc828a exit=0 wall_ms=221253 text=b8ac585c0a873612 role=child prefix_tokens=14282 suffix_tokens=17 model_ms=18342.4 context_ms=644.5 state_ms=19.27 prefix_ms=0.0 suffix_ms=5226.8 first_token_ms=29396.8 generation_ms=191319.2 generated=64 generation_tps=0.335
AGENT index=88 mig=31ffbfe4 exit=0 wall_ms=328338 text=9834d2c93010cb40 role=child prefix_tokens=14282 suffix_tokens=22 model_ms=18648.5 context_ms=627.2 state_ms=9.46 prefix_ms=0.0 suffix_ms=8748.3 first_token_ms=33318.5 generation_ms=294427.3 generated=64 generation_tps=0.217
AGENT index=89 mig=fafc828a exit=0 wall_ms=221780 text=4a108aa854664970 role=child prefix_tokens=14282 suffix_tokens=23 model_ms=19682.5 context_ms=301.2 state_ms=6.05 prefix_ms=0.0 suffix_ms=5568.7 first_token_ms=30204.9 generation_ms=190895.6 generated=64 generation_tps=0.335
AGENT index=90 mig=31ffbfe4 exit=0 wall_ms=327371 text=dbc7a5d875e3e7e1 role=child prefix_tokens=14282 suffix_tokens=19 model_ms=18376.7 context_ms=698.0 state_ms=43.11 prefix_ms=0.0 suffix_ms=8620.1 first_token_ms=32085.1 generation_ms=294759.8 generated=64 generation_tps=0.217
AGENT index=91 mig=fafc828a exit=0 wall_ms=223837 text=7b1e906b43903ada role=child prefix_tokens=14282 suffix_tokens=21 model_ms=17620.4 context_ms=663.4 state_ms=25.95 prefix_ms=0.0 suffix_ms=5682.6 first_token_ms=29344.1 generation_ms=192875.5 generated=64 generation_tps=0.332
AGENT index=92 mig=31ffbfe4 exit=0 wall_ms=309228 text=6270d284b62a8043 role=child prefix_tokens=14282 suffix_tokens=20 model_ms=13570.6 context_ms=1070.1 state_ms=11.73 prefix_ms=0.0 suffix_ms=1712.5 first_token_ms=21678.9 generation_ms=287150.2 generated=64 generation_tps=0.223
AGENT index=93 mig=fafc828a exit=0 wall_ms=217594 text=ce087b8cf95f26a2 role=child prefix_tokens=14282 suffix_tokens=22 model_ms=16541.6 context_ms=323.9 state_ms=18.66 prefix_ms=0.0 suffix_ms=2351.5 first_token_ms=24081.0 generation_ms=193091.6 generated=64 generation_tps=0.331
AGENT index=94 mig=31ffbfe4 exit=0 wall_ms=245414 text=4878ce4ae644876a role=child prefix_tokens=14282 suffix_tokens=20 model_ms=8612.1 context_ms=2036.5 state_ms=7.73 prefix_ms=0.0 suffix_ms=1367.4 first_token_ms=16739.2 generation_ms=228256.3 generated=64 generation_tps=0.280
AGENT index=95 mig=fafc828a exit=0 wall_ms=222948 text=93d0d9337eb50146 role=child prefix_tokens=14282 suffix_tokens=22 model_ms=19067.6 context_ms=469.3 state_ms=6.36 prefix_ms=0.0 suffix_ms=5567.5 first_token_ms=29615.3 generation_ms=192235.3 generated=64 generation_tps=0.333
AGENT index=96 mig=31ffbfe4 exit=0 wall_ms=325070 text=5b3e8496b267e28f role=child prefix_tokens=14282 suffix_tokens=28 model_ms=17009.7 context_ms=485.3 state_ms=37.57 prefix_ms=0.0 suffix_ms=5449.6 first_token_ms=28025.5 generation_ms=296651.1 generated=64 generation_tps=0.216
AGENT index=97 mig=fafc828a exit=0 wall_ms=221835 text=5b450cf9627e77b9 role=child prefix_tokens=14282 suffix_tokens=23 model_ms=18390.8 context_ms=630.7 state_ms=23.97 prefix_ms=0.0 suffix_ms=5621.6 first_token_ms=29380.4 generation_ms=191769.2 generated=64 generation_tps=0.334
AGENT index=98 mig=31ffbfe4 exit=0 wall_ms=328251 text=f1423a12d392ea73 role=child prefix_tokens=14282 suffix_tokens=25 model_ms=19589.3 context_ms=675.7 state_ms=7.97 prefix_ms=0.0 suffix_ms=8841.4 first_token_ms=33372.8 generation_ms=294401.3 generated=64 generation_tps=0.217
AGENT index=99 mig=fafc828a exit=0 wall_ms=214839 text=65315b3a048c65d3 role=child prefix_tokens=14282 suffix_tokens=33 model_ms=15145.3 context_ms=830.4 state_ms=62.95 prefix_ms=0.0 suffix_ms=2044.9 first_token_ms=23064.5 generation_ms=191364.0 generated=64 generation_tps=0.334
AGENT index=100 mig=31ffbfe4 exit=0 wall_ms=329606 text=46bf93c2b1366bc6 role=child prefix_tokens=14282 suffix_tokens=25 model_ms=18724.4 context_ms=505.0 state_ms=10.82 prefix_ms=0.0 suffix_ms=8734.5 first_token_ms=32851.4 generation_ms=295467.2 generated=64 generation_tps=0.217
AGENT index=101 mig=fafc828a exit=0 wall_ms=223199 text=c62512a5d8b596ef role=child prefix_tokens=14282 suffix_tokens=28 model_ms=17328.3 context_ms=726.6 state_ms=38.94 prefix_ms=0.0 suffix_ms=6077.8 first_token_ms=29525.2 generation_ms=192774.9 generated=64 generation_tps=0.332
AGENT index=102 mig=31ffbfe4 exit=0 wall_ms=326332 text=1e3a87d5bf89af05 role=child prefix_tokens=14282 suffix_tokens=23 model_ms=18816.7 context_ms=541.5 state_ms=6.23 prefix_ms=0.0 suffix_ms=8675.1 first_token_ms=33247.9 generation_ms=292666.5 generated=64 generation_tps=0.219
AGENT index=103 mig=fafc828a exit=0 wall_ms=223221 text=f9c832b7cad1a509 role=child prefix_tokens=14282 suffix_tokens=33 model_ms=19394.2 context_ms=332.7 state_ms=6.29 prefix_ms=0.0 suffix_ms=6968.2 first_token_ms=31570.1 generation_ms=190235.7 generated=64 generation_tps=0.336
AGENT index=104 mig=31ffbfe4 exit=0 wall_ms=328807 text=788265a3a7959ede role=child prefix_tokens=14282 suffix_tokens=20 model_ms=19153.9 context_ms=664.3 state_ms=22.92 prefix_ms=0.0 suffix_ms=8558.7 first_token_ms=32691.6 generation_ms=295148.8 generated=64 generation_tps=0.217
AGENT index=105 mig=fafc828a exit=0 wall_ms=223926 text=9bbcff728ca7192b role=child prefix_tokens=14282 suffix_tokens=20 model_ms=18460.5 context_ms=441.1 state_ms=15.92 prefix_ms=0.0 suffix_ms=5347.4 first_token_ms=29606.7 generation_ms=192694.0 generated=64 generation_tps=0.332
AGENT index=106 mig=31ffbfe4 exit=0 wall_ms=315634 text=f4dd5b98bdc77fee role=child prefix_tokens=14282 suffix_tokens=19 model_ms=14545.3 context_ms=972.5 state_ms=28.88 prefix_ms=0.0 suffix_ms=1946.6 first_token_ms=22739.2 generation_ms=292447.3 generated=64 generation_tps=0.219
AGENT index=107 mig=fafc828a exit=0 wall_ms=224141 text=b75a2e4512194a0a role=child prefix_tokens=14282 suffix_tokens=23 model_ms=18899.5 context_ms=269.9 state_ms=9.22 prefix_ms=0.0 suffix_ms=5773.1 first_token_ms=30306.1 generation_ms=192014.4 generated=64 generation_tps=0.333
AGENT index=108 mig=31ffbfe4 exit=0 wall_ms=323490 text=2c93819fe85df763 role=child prefix_tokens=14282 suffix_tokens=22 model_ms=17981.7 context_ms=396.0 state_ms=42.47 prefix_ms=0.0 suffix_ms=4814.1 first_token_ms=27416.7 generation_ms=295647.5 generated=64 generation_tps=0.216
AGENT index=109 mig=fafc828a exit=0 wall_ms=224051 text=5d483815f91685a6 role=child prefix_tokens=14282 suffix_tokens=32 model_ms=19676.4 context_ms=315.7 state_ms=7.49 prefix_ms=0.0 suffix_ms=6315.6 first_token_ms=30997.9 generation_ms=191320.5 generated=64 generation_tps=0.335
AGENT index=110 mig=31ffbfe4 exit=0 wall_ms=329321 text=3f33f20708943e2f role=child prefix_tokens=14282 suffix_tokens=22 model_ms=18039.7 context_ms=497.8 state_ms=18.51 prefix_ms=0.0 suffix_ms=8575.2 first_token_ms=32470.5 generation_ms=295834.9 generated=64 generation_tps=0.216
AGENT index=111 mig=fafc828a exit=0 wall_ms=212021 text=0d9668c2f9cbc9fc role=child prefix_tokens=14282 suffix_tokens=27 model_ms=14407.6 context_ms=1139.1 state_ms=28.78 prefix_ms=0.0 suffix_ms=1873.3 first_token_ms=22425.6 generation_ms=189157.9 generated=64 generation_tps=0.338
AGENT index=112 mig=31ffbfe4 exit=0 wall_ms=328646 text=787d0f2cb9f0f5f6 role=child prefix_tokens=14282 suffix_tokens=26 model_ms=18740.1 context_ms=417.3 state_ms=19.09 prefix_ms=0.0 suffix_ms=8703.1 first_token_ms=32982.8 generation_ms=294986.4 generated=64 generation_tps=0.217
AGENT index=113 mig=fafc828a exit=0 wall_ms=218637 text=1d161aafe68538d2 role=child prefix_tokens=14282 suffix_tokens=23 model_ms=16446.8 context_ms=599.2 state_ms=42.00 prefix_ms=0.0 suffix_ms=2606.4 first_token_ms=24932.4 generation_ms=193257.5 generated=64 generation_tps=0.331
AGENT index=114 mig=31ffbfe4 exit=0 wall_ms=248277 text=2f3bcae6671ff31f role=child prefix_tokens=14282 suffix_tokens=22 model_ms=7119.8 context_ms=2788.6 state_ms=15.90 prefix_ms=0.0 suffix_ms=1768.2 first_token_ms=16750.1 generation_ms=231158.6 generated=64 generation_tps=0.277
AGENT index=115 mig=fafc828a exit=0 wall_ms=221601 text=cdf6d4762f0ad9c6 role=child prefix_tokens=14282 suffix_tokens=19 model_ms=19228.5 context_ms=366.0 state_ms=6.47 prefix_ms=0.0 suffix_ms=5610.1 first_token_ms=30219.1 generation_ms=190782.4 generated=64 generation_tps=0.335
AGENT index=116 mig=31ffbfe4 exit=0 wall_ms=322188 text=5337acbd8fb941ee role=child prefix_tokens=14282 suffix_tokens=22 model_ms=16105.7 context_ms=543.3 state_ms=29.60 prefix_ms=0.0 suffix_ms=2983.7 first_token_ms=24750.5 generation_ms=297031.7 generated=64 generation_tps=0.215
AGENT index=117 mig=fafc828a exit=0 wall_ms=221540 text=a34112262f5fd48d role=child prefix_tokens=14282 suffix_tokens=27 model_ms=16924.1 context_ms=716.4 state_ms=27.45 prefix_ms=0.0 suffix_ms=5920.7 first_token_ms=28704.3 generation_ms=192160.1 generated=64 generation_tps=0.333
AGENT index=118 mig=31ffbfe4 exit=0 wall_ms=329407 text=ad3122b47bf9d41d role=child prefix_tokens=14282 suffix_tokens=28 model_ms=18474.3 context_ms=509.6 state_ms=19.67 prefix_ms=0.0 suffix_ms=8689.0 first_token_ms=32988.8 generation_ms=295352.7 generated=64 generation_tps=0.217
AGENT index=119 mig=fafc828a exit=0 wall_ms=223283 text=c096e05173cc4f43 role=child prefix_tokens=14282 suffix_tokens=18 model_ms=18509.9 context_ms=515.7 state_ms=17.96 prefix_ms=0.0 suffix_ms=5491.8 first_token_ms=29644.7 generation_ms=192305.1 generated=64 generation_tps=0.333
AGENT index=120 mig=31ffbfe4 exit=0 wall_ms=324288 text=9834d2c93010cb40 role=child prefix_tokens=14282 suffix_tokens=23 model_ms=17302.1 context_ms=476.3 state_ms=54.81 prefix_ms=0.0 suffix_ms=4524.6 first_token_ms=26771.4 generation_ms=297023.4 generated=64 generation_tps=0.215
AGENT index=121 mig=fafc828a exit=0 wall_ms=221995 text=1aa7a235737ffc91 role=child prefix_tokens=14282 suffix_tokens=24 model_ms=18451.1 context_ms=638.2 state_ms=13.95 prefix_ms=0.0 suffix_ms=5563.5 first_token_ms=29797.6 generation_ms=191414.7 generated=64 generation_tps=0.334
AGENT index=122 mig=31ffbfe4 exit=0 wall_ms=328483 text=b5b604cb763700f9 role=child prefix_tokens=14282 suffix_tokens=20 model_ms=19044.1 context_ms=383.7 state_ms=8.50 prefix_ms=0.0 suffix_ms=8680.2 first_token_ms=33205.3 generation_ms=294602.1 generated=64 generation_tps=0.217
AGENT index=123 mig=fafc828a exit=0 wall_ms=222180 text=e38ea5b855370f1e role=child prefix_tokens=14282 suffix_tokens=22 model_ms=19064.7 context_ms=255.7 state_ms=11.76 prefix_ms=0.0 suffix_ms=5614.6 first_token_ms=29985.8 generation_ms=191160.3 generated=64 generation_tps=0.335
AGENT index=124 mig=31ffbfe4 exit=0 wall_ms=327606 text=61f860d06cef5fa0 role=child prefix_tokens=14282 suffix_tokens=21 model_ms=19042.4 context_ms=342.0 state_ms=6.52 prefix_ms=0.0 suffix_ms=8546.5 first_token_ms=32996.0 generation_ms=294083.3 generated=64 generation_tps=0.218
AGENT index=125 mig=fafc828a exit=0 wall_ms=222122 text=97190065bed772ed role=child prefix_tokens=14282 suffix_tokens=23 model_ms=18661.5 context_ms=500.2 state_ms=17.26 prefix_ms=0.0 suffix_ms=5680.6 first_token_ms=29495.5 generation_ms=191934.0 generated=64 generation_tps=0.333
AGENT index=126 mig=31ffbfe4 exit=0 wall_ms=329622 text=7596decc9ef604b8 role=child prefix_tokens=14282 suffix_tokens=21 model_ms=18804.7 context_ms=566.1 state_ms=7.70 prefix_ms=0.0 suffix_ms=8729.3 first_token_ms=33146.2 generation_ms=295154.5 generated=64 generation_tps=0.217
AGENT index=127 mig=fafc828a exit=0 wall_ms=216859 text=c5fb19c141f1ba26 role=child prefix_tokens=14282 suffix_tokens=23 model_ms=16003.6 context_ms=547.5 state_ms=46.17 prefix_ms=0.0 suffix_ms=2560.5 first_token_ms=24074.0 generation_ms=192367.6 generated=64 generation_tps=0.333
MEMORY mem_available_drop_mib=89557 mem_available_before_mib=120146 mem_free_before_mib=46084 pss_anon_mib=29706 pss_file_mib=7231 pss_shmem_mib=8231 device_mib=49536 samples=12
END_CASE failed_agents=0 wall_ms=330806
END_KVSTACK
