BEGIN_KVSTACK run=1 context=16384 publisher_mig=fafc828a mem_free_mib=21572 kernel_reclaimable_mib=95686
PUBLISH store=stock prefix_tokens=14282 prefix_ms=16889.4 publish_ms=494.76 state_bytes=819216229
PUBLISH store=device prefix_tokens=14282 prefix_ms=16959.0 publish_ms=507.31 state_bytes=819216229
PUBLISH store=huge prefix_tokens=14282 prefix_ms=17002.5 publish_ms=7.99 state_bytes=229221 file_used_kib=802816
CASE mode=both agents=140
AGENT index=0 mig=fafc828a exit=0 wall_ms=208240 text=bb92e4befc7eddec role=child prefix_tokens=14282 suffix_tokens=27 model_ms=10570.8 context_ms=2786.1 state_ms=13.00 prefix_ms=0.0 suffix_ms=2400.1 first_token_ms=19544.7 generation_ms=188308.2 generated=64 generation_tps=0.340
AGENT index=1 mig=31ffbfe4 exit=0 wall_ms=207911 text=a8d47b5298abb2fc role=child prefix_tokens=14282 suffix_tokens=22 model_ms=9392.4 context_ms=2544.3 state_ms=15.35 prefix_ms=0.0 suffix_ms=2478.1 first_token_ms=18810.8 generation_ms=188700.1 generated=64 generation_tps=0.339
AGENT index=2 mig=fafc828a exit=0 wall_ms=272568 text=abfd4eb3fb8ebdd8 role=child prefix_tokens=14282 suffix_tokens=24 model_ms=22605.5 context_ms=337.0 state_ms=6.78 prefix_ms=0.0 suffix_ms=11959.5 first_token_ms=40208.3 generation_ms=231984.0 generated=64 generation_tps=0.276
AGENT index=3 mig=31ffbfe4 exit=0 wall_ms=388664 text=077e38d3762a4e5d role=child prefix_tokens=14282 suffix_tokens=32 model_ms=21702.6 context_ms=172.4 state_ms=15.90 prefix_ms=0.0 suffix_ms=12040.2 first_token_ms=39614.4 generation_ms=348661.3 generated=64 generation_tps=0.184
AGENT index=4 mig=fafc828a exit=0 wall_ms=274354 text=16f8c0610a09645d role=child prefix_tokens=14282 suffix_tokens=23 model_ms=21680.1 context_ms=593.4 state_ms=6.55 prefix_ms=0.0 suffix_ms=17317.1 first_token_ms=45289.7 generation_ms=228263.0 generated=64 generation_tps=0.280
AGENT index=5 mig=31ffbfe4 exit=0 wall_ms=391356 text=ff4188d71e02bfdb role=child prefix_tokens=14282 suffix_tokens=26 model_ms=21836.2 context_ms=498.3 state_ms=6.28 prefix_ms=0.0 suffix_ms=25085.5 first_token_ms=53320.1 generation_ms=337480.0 generated=64 generation_tps=0.190
AGENT index=6 mig=fafc828a exit=0 wall_ms=266504 text=f88f503d1005fa22 role=child prefix_tokens=14282 suffix_tokens=21 model_ms=20342.8 context_ms=967.0 state_ms=12.61 prefix_ms=0.0 suffix_ms=5779.8 first_token_ms=32483.3 generation_ms=233657.9 generated=64 generation_tps=0.274
AGENT index=7 mig=31ffbfe4 exit=0 wall_ms=385357 text=f9c832b7cad1a509 role=child prefix_tokens=14282 suffix_tokens=31 model_ms=21337.4 context_ms=343.7 state_ms=14.22 prefix_ms=0.0 suffix_ms=11939.8 first_token_ms=38670.0 generation_ms=346354.4 generated=64 generation_tps=0.185
AGENT index=8 mig=fafc828a exit=0 wall_ms=267062 text=ae3f57b141780268 role=child prefix_tokens=14282 suffix_tokens=18 model_ms=21013.0 context_ms=567.8 state_ms=21.29 prefix_ms=0.0 suffix_ms=4682.7 first_token_ms=31352.8 generation_ms=235314.4 generated=64 generation_tps=0.272
AGENT index=9 mig=31ffbfe4 exit=0 wall_ms=381241 text=a2d016def74ecc62 role=child prefix_tokens=14282 suffix_tokens=18 model_ms=17347.8 context_ms=1204.5 state_ms=59.01 prefix_ms=0.0 suffix_ms=4434.7 first_token_ms=28579.4 generation_ms=352324.0 generated=64 generation_tps=0.182
AGENT index=10 mig=fafc828a exit=0 wall_ms=206994 text=a733f3a39259263c role=child prefix_tokens=14282 suffix_tokens=18 model_ms=8759.6 context_ms=2598.0 state_ms=12.23 prefix_ms=0.0 suffix_ms=1708.0 first_token_ms=18893.2 generation_ms=187698.3 generated=64 generation_tps=0.341
AGENT index=11 mig=31ffbfe4 exit=0 wall_ms=384055 text=087278665f3dec68 role=child prefix_tokens=14282 suffix_tokens=22 model_ms=21051.8 context_ms=648.1 state_ms=16.65 prefix_ms=0.0 suffix_ms=11549.0 first_token_ms=38252.7 generation_ms=345439.4 generated=64 generation_tps=0.185
AGENT index=12 mig=fafc828a exit=0 wall_ms=190632 text=2c93819fe85df763 role=child prefix_tokens=14282 suffix_tokens=21 model_ms=7305.3 context_ms=3589.4 state_ms=15.41 prefix_ms=0.0 suffix_ms=2279.1 first_token_ms=18637.5 generation_ms=168557.6 generated=64 generation_tps=0.380
AGENT index=13 mig=31ffbfe4 exit=0 wall_ms=386585 text=5d483815f91685a6 role=child prefix_tokens=14282 suffix_tokens=31 model_ms=18512.8 context_ms=884.9 state_ms=50.22 prefix_ms=0.0 suffix_ms=4169.4 first_token_ms=28755.6 generation_ms=357488.5 generated=64 generation_tps=0.179
AGENT index=14 mig=fafc828a exit=0 wall_ms=268212 text=3f33f20708943e2f role=child prefix_tokens=14282 suffix_tokens=21 model_ms=19588.2 context_ms=1862.4 state_ms=12.92 prefix_ms=0.0 suffix_ms=5345.7 first_token_ms=31838.3 generation_ms=235973.8 generated=64 generation_tps=0.271
AGENT index=15 mig=31ffbfe4 exit=0 wall_ms=385070 text=0502c45076359254 role=child prefix_tokens=14282 suffix_tokens=26 model_ms=21776.1 context_ms=799.3 state_ms=31.99 prefix_ms=0.0 suffix_ms=11818.5 first_token_ms=39422.4 generation_ms=345285.7 generated=64 generation_tps=0.185
AGENT index=16 mig=fafc828a exit=0 wall_ms=274419 text=0ebc8757605c5571 role=child prefix_tokens=14282 suffix_tokens=25 model_ms=22050.4 context_ms=386.2 state_ms=6.51 prefix_ms=0.0 suffix_ms=21111.7 first_token_ms=49150.1 generation_ms=224517.7 generated=64 generation_tps=0.285
AGENT index=17 mig=31ffbfe4 exit=0 wall_ms=386925 text=5d7dbcf0a7eca76c role=child prefix_tokens=14282 suffix_tokens=22 model_ms=21658.4 context_ms=822.7 state_ms=34.43 prefix_ms=0.0 suffix_ms=11491.2 first_token_ms=39105.7 generation_ms=347346.5 generated=64 generation_tps=0.184
AGENT index=18 mig=fafc828a exit=0 wall_ms=273930 text=cb99e4b1c2fd84d5 role=child prefix_tokens=14282 suffix_tokens=21 model_ms=21953.7 context_ms=546.1 state_ms=12.49 prefix_ms=0.0 suffix_ms=19599.8 first_token_ms=47846.6 generation_ms=225387.8 generated=64 generation_tps=0.284
AGENT index=19 mig=31ffbfe4 exit=0 wall_ms=390954 text=4c7501e634d9bf23 role=child prefix_tokens=14282 suffix_tokens=18 model_ms=21965.4 context_ms=771.4 state_ms=6.58 prefix_ms=0.0 suffix_ms=25390.5 first_token_ms=53255.3 generation_ms=337207.3 generated=64 generation_tps=0.190
AGENT index=20 mig=fafc828a exit=0 wall_ms=270890 text=b3893059e7e79532 role=child prefix_tokens=14282 suffix_tokens=21 model_ms=18917.2 context_ms=1305.5 state_ms=98.03 prefix_ms=0.0 suffix_ms=14069.4 first_token_ms=39858.0 generation_ms=230562.4 generated=64 generation_tps=0.278
AGENT index=21 mig=31ffbfe4 exit=0 wall_ms=387438 text=284eef78a2286715 role=child prefix_tokens=14282 suffix_tokens=26 model_ms=20857.5 context_ms=528.9 state_ms=6.17 prefix_ms=0.0 suffix_ms=12053.9 first_token_ms=38755.0 generation_ms=348250.8 generated=64 generation_tps=0.184
AGENT index=22 mig=fafc828a exit=0 wall_ms=275382 text=ad3122b47bf9d41d role=child prefix_tokens=14282 suffix_tokens=27 model_ms=22128.5 context_ms=370.7 state_ms=9.78 prefix_ms=0.0 suffix_ms=20707.2 first_token_ms=48771.6 generation_ms=225180.0 generated=64 generation_tps=0.284
AGENT index=23 mig=31ffbfe4 exit=0 wall_ms=388256 text=f79224e341ba5115 role=child prefix_tokens=14282 suffix_tokens=17 model_ms=19493.5 context_ms=1738.9 state_ms=22.12 prefix_ms=0.0 suffix_ms=11253.1 first_token_ms=37796.9 generation_ms=350037.3 generated=64 generation_tps=0.183
AGENT index=24 mig=fafc828a exit=0 wall_ms=266089 text=9834d2c93010cb40 role=child prefix_tokens=14282 suffix_tokens=22 model_ms=19862.8 context_ms=1787.4 state_ms=10.09 prefix_ms=0.0 suffix_ms=4681.5 first_token_ms=31295.1 generation_ms=234373.8 generated=64 generation_tps=0.273
AGENT index=25 mig=31ffbfe4 exit=0 wall_ms=389626 text=da4c2dca73ac54e0 role=child prefix_tokens=14282 suffix_tokens=23 model_ms=22288.4 context_ms=302.2 state_ms=6.84 prefix_ms=0.0 suffix_ms=25178.7 first_token_ms=53203.4 generation_ms=336097.4 generated=64 generation_tps=0.190
AGENT index=26 mig=fafc828a exit=0 wall_ms=263543 text=07ec2de36a00f7a1 role=child prefix_tokens=14282 suffix_tokens=19 model_ms=18413.7 context_ms=949.5 state_ms=82.26 prefix_ms=0.0 suffix_ms=3904.2 first_token_ms=28288.5 generation_ms=234839.0 generated=64 generation_tps=0.273
AGENT index=27 mig=31ffbfe4 exit=0 wall_ms=391211 text=e1e29071a16e2061 role=child prefix_tokens=14282 suffix_tokens=21 model_ms=22522.1 context_ms=364.8 state_ms=8.11 prefix_ms=0.0 suffix_ms=27409.3 first_token_ms=55411.2 generation_ms=335292.5 generated=64 generation_tps=0.191
AGENT index=28 mig=fafc828a exit=0 wall_ms=209282 text=1c65ed1020843e8d role=child prefix_tokens=14282 suffix_tokens=20 model_ms=11534.6 context_ms=1402.4 state_ms=15.14 prefix_ms=0.0 suffix_ms=1437.8 first_token_ms=19456.3 generation_ms=189393.3 generated=64 generation_tps=0.338
AGENT index=29 mig=31ffbfe4 exit=0 wall_ms=390011 text=a72f71cd80731afe role=child prefix_tokens=14282 suffix_tokens=22 model_ms=22597.5 context_ms=404.6 state_ms=6.33 prefix_ms=0.0 suffix_ms=21351.8 first_token_ms=49370.6 generation_ms=340289.2 generated=64 generation_tps=0.188
AGENT index=30 mig=fafc828a exit=0 wall_ms=273524 text=317f6f38771a1e41 role=child prefix_tokens=14282 suffix_tokens=20 model_ms=22014.8 context_ms=214.6 state_ms=10.20 prefix_ms=0.0 suffix_ms=13395.8 first_token_ms=41231.0 generation_ms=231590.6 generated=64 generation_tps=0.276
AGENT index=31 mig=31ffbfe4 exit=0 wall_ms=387099 text=1b4036771dcdadef role=child prefix_tokens=14282 suffix_tokens=22 model_ms=21032.3 context_ms=691.6 state_ms=22.86 prefix_ms=0.0 suffix_ms=11742.6 first_token_ms=39147.1 generation_ms=347460.0 generated=64 generation_tps=0.184
AGENT index=32 mig=fafc828a exit=0 wall_ms=270184 text=3f50371ecb0032a2 role=child prefix_tokens=14282 suffix_tokens=28 model_ms=21179.7 context_ms=630.7 state_ms=31.06 prefix_ms=0.0 suffix_ms=9265.0 first_token_ms=36616.3 generation_ms=233161.0 generated=64 generation_tps=0.274
AGENT index=33 mig=31ffbfe4 exit=0 wall_ms=384814 text=5b450cf9627e77b9 role=child prefix_tokens=14282 suffix_tokens=23 model_ms=19259.3 context_ms=633.2 state_ms=58.78 prefix_ms=0.0 suffix_ms=9766.1 first_token_ms=34691.0 generation_ms=349721.8 generated=64 generation_tps=0.183
AGENT index=34 mig=fafc828a exit=0 wall_ms=270901 text=8fe64643182c4081 role=child prefix_tokens=14282 suffix_tokens=25 model_ms=22735.9 context_ms=208.3 state_ms=6.47 prefix_ms=0.0 suffix_ms=16661.6 first_token_ms=44598.3 generation_ms=225838.6 generated=64 generation_tps=0.283
AGENT index=35 mig=31ffbfe4 exit=0 wall_ms=390993 text=ab418a5e41977b06 role=child prefix_tokens=14282 suffix_tokens=33 model_ms=21851.7 context_ms=262.0 state_ms=6.42 prefix_ms=0.0 suffix_ms=30322.6 first_token_ms=58400.9 generation_ms=332057.7 generated=64 generation_tps=0.193
AGENT index=36 mig=fafc828a exit=0 wall_ms=270414 text=2852504019aca3b6 role=child prefix_tokens=14282 suffix_tokens=24 model_ms=21672.1 context_ms=786.8 state_ms=18.72 prefix_ms=0.0 suffix_ms=8816.4 first_token_ms=36325.4 generation_ms=233681.5 generated=64 generation_tps=0.274
AGENT index=37 mig=31ffbfe4 exit=0 wall_ms=388462 text=bef1e0801c6e655f role=child prefix_tokens=14282 suffix_tokens=27 model_ms=22764.4 context_ms=465.1 state_ms=6.12 prefix_ms=0.0 suffix_ms=27427.7 first_token_ms=55595.6 generation_ms=332445.1 generated=64 generation_tps=0.193
AGENT index=38 mig=fafc828a exit=0 wall_ms=269175 text=03d3cecc4e2c4ef7 role=child prefix_tokens=14282 suffix_tokens=22 model_ms=18874.1 context_ms=1208.9 state_ms=56.03 prefix_ms=0.0 suffix_ms=9014.2 first_token_ms=34143.9 generation_ms=234638.0 generated=64 generation_tps=0.273
AGENT index=39 mig=31ffbfe4 exit=0 wall_ms=391290 text=f9c832b7cad1a509 role=child prefix_tokens=14282 suffix_tokens=32 model_ms=21925.2 context_ms=438.0 state_ms=10.73 prefix_ms=0.0 suffix_ms=24439.3 first_token_ms=52540.4 generation_ms=338176.7 generated=64 generation_tps=0.189
AGENT index=40 mig=fafc828a exit=0 wall_ms=275276 text=1bedc9985ebffdf3 role=child prefix_tokens=14282 suffix_tokens=19 model_ms=22452.9 context_ms=375.8 state_ms=9.83 prefix_ms=0.0 suffix_ms=17482.3 first_token_ms=45574.2 generation_ms=228706.0 generated=64 generation_tps=0.280
AGENT index=41 mig=31ffbfe4 exit=0 wall_ms=375746 text=45248c21a8c64213 role=child prefix_tokens=14282 suffix_tokens=19 model_ms=16263.7 context_ms=1490.6 state_ms=43.64 prefix_ms=0.0 suffix_ms=2449.7 first_token_ms=25050.0 generation_ms=350273.0 generated=64 generation_tps=0.183
AGENT index=42 mig=fafc828a exit=0 wall_ms=271416 text=c2b860976d76c188 role=child prefix_tokens=14282 suffix_tokens=18 model_ms=22332.2 context_ms=550.8 state_ms=14.97 prefix_ms=0.0 suffix_ms=18147.5 first_token_ms=45978.7 generation_ms=225089.3 generated=64 generation_tps=0.284
AGENT index=43 mig=31ffbfe4 exit=0 wall_ms=390109 text=7f088fd1d1738f8b role=child prefix_tokens=14282 suffix_tokens=22 model_ms=22470.4 context_ms=286.2 state_ms=10.38 prefix_ms=0.0 suffix_ms=27616.4 first_token_ms=55602.7 generation_ms=334089.2 generated=64 generation_tps=0.192
AGENT index=44 mig=fafc828a exit=0 wall_ms=265827 text=f631ba01e55b49fa role=child prefix_tokens=14282 suffix_tokens=21 model_ms=18257.6 context_ms=900.0 state_ms=66.41 prefix_ms=0.0 suffix_ms=3871.6 first_token_ms=28516.9 generation_ms=236918.3 generated=64 generation_tps=0.270
AGENT index=45 mig=31ffbfe4 exit=0 wall_ms=388924 text=5d483815f91685a6 role=child prefix_tokens=14282 suffix_tokens=31 model_ms=17716.9 context_ms=1403.3 state_ms=74.37 prefix_ms=0.0 suffix_ms=15501.3 first_token_ms=39756.7 generation_ms=348766.8 generated=64 generation_tps=0.184
AGENT index=46 mig=fafc828a exit=0 wall_ms=269720 text=56be8609eb72cb4a role=child prefix_tokens=14282 suffix_tokens=21 model_ms=21694.7 context_ms=559.9 state_ms=42.37 prefix_ms=0.0 suffix_ms=8905.7 first_token_ms=36167.9 generation_ms=233150.8 generated=64 generation_tps=0.275
AGENT index=47 mig=31ffbfe4 exit=0 wall_ms=386262 text=0d9668c2f9cbc9fc role=child prefix_tokens=14282 suffix_tokens=26 model_ms=17873.0 context_ms=1223.8 state_ms=34.12 prefix_ms=0.0 suffix_ms=11928.1 first_token_ms=36270.7 generation_ms=349593.8 generated=64 generation_tps=0.183
AGENT index=48 mig=fafc828a exit=0 wall_ms=274855 text=27f58a7742c668f5 role=child prefix_tokens=14282 suffix_tokens=25 model_ms=22400.2 context_ms=336.6 state_ms=6.23 prefix_ms=0.0 suffix_ms=19554.7 first_token_ms=47666.8 generation_ms=226235.0 generated=64 generation_tps=0.283
AGENT index=49 mig=31ffbfe4 exit=0 wall_ms=389655 text=facc2c2ea4689e1e role=child prefix_tokens=14282 suffix_tokens=22 model_ms=21148.2 context_ms=920.8 state_ms=19.17 prefix_ms=0.0 suffix_ms=11862.1 first_token_ms=39514.6 generation_ms=349772.8 generated=64 generation_tps=0.183
AGENT index=50 mig=fafc828a exit=0 wall_ms=274650 text=64fd37c296cb1dd5 role=child prefix_tokens=14282 suffix_tokens=21 model_ms=21905.6 context_ms=520.4 state_ms=6.38 prefix_ms=0.0 suffix_ms=15039.9 first_token_ms=43136.6 generation_ms=230644.9 generated=64 generation_tps=0.277
AGENT index=51 mig=31ffbfe4 exit=0 wall_ms=384303 text=4c7501e634d9bf23 role=child prefix_tokens=14282 suffix_tokens=18 model_ms=17715.7 context_ms=631.5 state_ms=77.87 prefix_ms=0.0 suffix_ms=8821.7 first_token_ms=32528.7 generation_ms=351412.9 generated=64 generation_tps=0.182
AGENT index=52 mig=fafc828a exit=0 wall_ms=273060 text=b3893059e7e79532 role=child prefix_tokens=14282 suffix_tokens=21 model_ms=21499.9 context_ms=544.7 state_ms=9.70 prefix_ms=0.0 suffix_ms=18107.8 first_token_ms=45921.8 generation_ms=226536.5 generated=64 generation_tps=0.283
AGENT index=53 mig=31ffbfe4 exit=0 wall_ms=391319 text=11e4c2a85150fa06 role=child prefix_tokens=14282 suffix_tokens=26 model_ms=21720.5 context_ms=350.8 state_ms=6.16 prefix_ms=0.0 suffix_ms=28360.9 first_token_ms=56478.0 generation_ms=334405.2 generated=64 generation_tps=0.191
AGENT index=54 mig=fafc828a exit=0 wall_ms=270586 text=3b6f5b9c968721eb role=child prefix_tokens=14282 suffix_tokens=27 model_ms=21458.9 context_ms=907.9 state_ms=45.47 prefix_ms=0.0 suffix_ms=9098.6 first_token_ms=36688.6 generation_ms=233452.9 generated=64 generation_tps=0.274
AGENT index=55 mig=31ffbfe4 exit=0 wall_ms=388213 text=7e4fad52bd577abf role=child prefix_tokens=14282 suffix_tokens=17 model_ms=22249.8 context_ms=534.4 state_ms=7.00 prefix_ms=0.0 suffix_ms=17243.9 first_token_ms=45274.7 generation_ms=342490.0 generated=64 generation_tps=0.187
AGENT index=56 mig=fafc828a exit=0 wall_ms=274138 text=9834d2c93010cb40 role=child prefix_tokens=14282 suffix_tokens=22 model_ms=22638.8 context_ms=340.6 state_ms=6.29 prefix_ms=0.0 suffix_ms=15015.3 first_token_ms=43089.9 generation_ms=230327.5 generated=64 generation_tps=0.278
AGENT index=57 mig=31ffbfe4 exit=0 wall_ms=385928 text=a4e76b0a1993f6d6 role=child prefix_tokens=14282 suffix_tokens=23 model_ms=18200.6 context_ms=515.5 state_ms=34.35 prefix_ms=0.0 suffix_ms=10223.3 first_token_ms=34603.5 generation_ms=350969.9 generated=64 generation_tps=0.182
AGENT index=58 mig=fafc828a exit=0 wall_ms=258535 text=359d7b30e6a9a9fc role=child prefix_tokens=14282 suffix_tokens=19 model_ms=16415.3 context_ms=1086.8 state_ms=13.93 prefix_ms=0.0 suffix_ms=2324.2 first_token_ms=25474.1 generation_ms=232708.9 generated=64 generation_tps=0.275
AGENT index=59 mig=31ffbfe4 exit=0 wall_ms=390639 text=7b1e906b43903ada role=child prefix_tokens=14282 suffix_tokens=21 model_ms=22271.0 context_ms=175.4 state_ms=6.50 prefix_ms=0.0 suffix_ms=20859.4 first_token_ms=48921.8 generation_ms=341368.3 generated=64 generation_tps=0.187
AGENT index=60 mig=fafc828a exit=0 wall_ms=273509 text=23f27e20526aad11 role=child prefix_tokens=14282 suffix_tokens=20 model_ms=21803.3 context_ms=476.2 state_ms=7.09 prefix_ms=0.0 suffix_ms=17760.2 first_token_ms=45812.0 generation_ms=227019.8 generated=64 generation_tps=0.282
AGENT index=61 mig=31ffbfe4 exit=0 wall_ms=388894 text=a61a16a4bc46c53d role=child prefix_tokens=14282 suffix_tokens=22 model_ms=21003.7 context_ms=904.8 state_ms=130.51 prefix_ms=0.0 suffix_ms=12452.9 first_token_ms=40074.8 generation_ms=348361.8 generated=64 generation_tps=0.184
AGENT index=62 mig=fafc828a exit=0 wall_ms=275311 text=dbac730f9e3a3df4 role=child prefix_tokens=14282 suffix_tokens=20 model_ms=22347.8 context_ms=347.1 state_ms=6.26 prefix_ms=0.0 suffix_ms=20445.3 first_token_ms=48545.2 generation_ms=225551.1 generated=64 generation_tps=0.284
AGENT index=63 mig=31ffbfe4 exit=0 wall_ms=390682 text=cd56b7d8c4ff1887 role=child prefix_tokens=14282 suffix_tokens=22 model_ms=22748.5 context_ms=337.5 state_ms=6.06 prefix_ms=0.0 suffix_ms=25799.6 first_token_ms=53905.1 generation_ms=336358.1 generated=64 generation_tps=0.190
AGENT index=64 mig=fafc828a exit=0 wall_ms=216005 text=a067a6895417f0e8 role=child prefix_tokens=14282 suffix_tokens=28 model_ms=11560.8 context_ms=1112.3 state_ms=16.10 prefix_ms=0.0 suffix_ms=1611.2 first_token_ms=19681.5 generation_ms=195938.8 generated=64 generation_tps=0.327
AGENT index=65 mig=31ffbfe4 exit=0 wall_ms=390411 text=664acbfcf59959c4 role=child prefix_tokens=14282 suffix_tokens=23 model_ms=21994.2 context_ms=310.4 state_ms=7.27 prefix_ms=0.0 suffix_ms=25307.7 first_token_ms=52972.4 generation_ms=337098.8 generated=64 generation_tps=0.190
AGENT index=66 mig=fafc828a exit=0 wall_ms=269398 text=8fe64643182c4081 role=child prefix_tokens=14282 suffix_tokens=25 model_ms=19354.1 context_ms=1549.6 state_ms=14.10 prefix_ms=0.0 suffix_ms=8209.4 first_token_ms=34714.4 generation_ms=234325.4 generated=64 generation_tps=0.273
AGENT index=67 mig=31ffbfe4 exit=0 wall_ms=391414 text=077e38d3762a4e5d role=child prefix_tokens=14282 suffix_tokens=33 model_ms=20924.9 context_ms=876.4 state_ms=7.55 prefix_ms=0.0 suffix_ms=29152.6 first_token_ms=56976.5 generation_ms=333898.2 generated=64 generation_tps=0.192
AGENT index=68 mig=fafc828a exit=0 wall_ms=272736 text=4d2fc992c2841379 role=child prefix_tokens=14282 suffix_tokens=24 model_ms=21925.0 context_ms=512.6 state_ms=7.28 prefix_ms=0.0 suffix_ms=20628.6 first_token_ms=48716.1 generation_ms=223477.9 generated=64 generation_tps=0.286
AGENT index=69 mig=31ffbfe4 exit=0 wall_ms=388582 text=6ce00e8033df1792 role=child prefix_tokens=14282 suffix_tokens=27 model_ms=18686.2 context_ms=1468.4 state_ms=10.59 prefix_ms=0.0 suffix_ms=12001.1 first_token_ms=38156.8 generation_ms=350002.3 generated=64 generation_tps=0.183
AGENT index=70 mig=fafc828a exit=0 wall_ms=273292 text=312bed507beb25e1 role=child prefix_tokens=14282 suffix_tokens=22 model_ms=21433.0 context_ms=516.2 state_ms=9.12 prefix_ms=0.0 suffix_ms=12112.5 first_token_ms=39743.0 generation_ms=232814.9 generated=64 generation_tps=0.275
AGENT index=71 mig=31ffbfe4 exit=0 wall_ms=391265 text=13e4dfd293d8126f role=child prefix_tokens=14282 suffix_tokens=32 model_ms=22012.8 context_ms=479.6 state_ms=27.20 prefix_ms=0.0 suffix_ms=27906.9 first_token_ms=55979.5 generation_ms=334736.3 generated=64 generation_tps=0.191
AGENT index=72 mig=fafc828a exit=0 wall_ms=272657 text=724c6fed862eef57 role=child prefix_tokens=14282 suffix_tokens=19 model_ms=22122.2 context_ms=520.7 state_ms=6.29 prefix_ms=0.0 suffix_ms=13377.5 first_token_ms=41336.5 generation_ms=230844.4 generated=64 generation_tps=0.277
AGENT index=73 mig=31ffbfe4 exit=0 wall_ms=390953 text=f69b628d0f4868ff role=child prefix_tokens=14282 suffix_tokens=19 model_ms=21569.5 context_ms=484.1 state_ms=6.56 prefix_ms=0.0 suffix_ms=27267.7 first_token_ms=55295.1 generation_ms=335187.4 generated=64 generation_tps=0.191
AGENT index=74 mig=fafc828a exit=0 wall_ms=265845 text=95997adc906fa24a role=child prefix_tokens=14282 suffix_tokens=18 model_ms=17155.6 context_ms=845.9 state_ms=70.69 prefix_ms=0.0 suffix_ms=4438.0 first_token_ms=28371.3 generation_ms=237095.7 generated=64 generation_tps=0.270
AGENT index=75 mig=31ffbfe4 exit=0 wall_ms=389271 text=8aaf40a95565910c role=child prefix_tokens=14282 suffix_tokens=22 model_ms=20525.9 context_ms=595.7 state_ms=22.78 prefix_ms=0.0 suffix_ms=11632.9 first_token_ms=38800.6 generation_ms=350119.3 generated=64 generation_tps=0.183
AGENT index=76 mig=fafc828a exit=0 wall_ms=272756 text=2c93819fe85df763 role=child prefix_tokens=14282 suffix_tokens=21 model_ms=17960.5 context_ms=902.8 state_ms=21.54 prefix_ms=0.0 suffix_ms=9434.1 first_token_ms=34270.8 generation_ms=238039.1 generated=64 generation_tps=0.269
AGENT index=77 mig=31ffbfe4 exit=0 wall_ms=389026 text=5d483815f91685a6 role=child prefix_tokens=14282 suffix_tokens=31 model_ms=21687.5 context_ms=230.6 state_ms=6.20 prefix_ms=0.0 suffix_ms=27591.4 first_token_ms=55356.4 generation_ms=333330.2 generated=64 generation_tps=0.192
AGENT index=78 mig=fafc828a exit=0 wall_ms=273509 text=3f33f20708943e2f role=child prefix_tokens=14282 suffix_tokens=21 model_ms=21457.5 context_ms=600.9 state_ms=6.21 prefix_ms=0.0 suffix_ms=17059.5 first_token_ms=44907.2 generation_ms=227885.8 generated=64 generation_tps=0.281
AGENT index=79 mig=31ffbfe4 exit=0 wall_ms=388675 text=0d9668c2f9cbc9fc role=child prefix_tokens=14282 suffix_tokens=26 model_ms=21309.5 context_ms=875.6 state_ms=37.13 prefix_ms=0.0 suffix_ms=11910.9 first_token_ms=39365.6 generation_ms=348868.4 generated=64 generation_tps=0.183
AGENT index=80 mig=fafc828a exit=0 wall_ms=213303 text=86d4ee1044251a25 role=child prefix_tokens=14282 suffix_tokens=25 model_ms=11846.2 context_ms=972.0 state_ms=15.31 prefix_ms=0.0 suffix_ms=1673.4 first_token_ms=19636.7 generation_ms=193296.2 generated=64 generation_tps=0.331
AGENT index=81 mig=31ffbfe4 exit=0 wall_ms=386723 text=6bd685fbc4b441ec role=child prefix_tokens=14282 suffix_tokens=22 model_ms=19513.0 context_ms=1038.0 state_ms=6.12 prefix_ms=0.0 suffix_ms=10547.9 first_token_ms=37039.2 generation_ms=349250.7 generated=64 generation_tps=0.183
AGENT index=82 mig=fafc828a exit=0 wall_ms=253063 text=ce66287a7832a2bb role=child prefix_tokens=14282 suffix_tokens=21 model_ms=16313.1 context_ms=659.0 state_ms=6.69 prefix_ms=0.0 suffix_ms=2594.6 first_token_ms=24326.0 generation_ms=228363.7 generated=64 generation_tps=0.280
AGENT index=83 mig=31ffbfe4 exit=0 wall_ms=368800 text=cdf6d4762f0ad9c6 role=child prefix_tokens=14282 suffix_tokens=18 model_ms=17009.2 context_ms=345.9 state_ms=47.25 prefix_ms=0.0 suffix_ms=1450.1 first_token_ms=24444.8 generation_ms=343994.1 generated=64 generation_tps=0.186
AGENT index=84 mig=fafc828a exit=0 wall_ms=269894 text=621bb723edc357c2 role=child prefix_tokens=14282 suffix_tokens=21 model_ms=21144.4 context_ms=696.3 state_ms=30.85 prefix_ms=0.0 suffix_ms=8752.4 first_token_ms=35973.1 generation_ms=233381.9 generated=64 generation_tps=0.274
AGENT index=85 mig=31ffbfe4 exit=0 wall_ms=387167 text=b8578943aeaf7387 role=child prefix_tokens=14282 suffix_tokens=26 model_ms=19329.7 context_ms=2058.9 state_ms=9.84 prefix_ms=0.0 suffix_ms=12125.1 first_token_ms=38431.7 generation_ms=348290.9 generated=64 generation_tps=0.184
AGENT index=86 mig=fafc828a exit=0 wall_ms=265442 text=bc92b0cfd69b8bd4 role=child prefix_tokens=14282 suffix_tokens=27 model_ms=16872.2 context_ms=1250.9 state_ms=54.57 prefix_ms=0.0 suffix_ms=3976.7 first_token_ms=27646.1 generation_ms=237377.1 generated=64 generation_tps=0.270
AGENT index=87 mig=31ffbfe4 exit=0 wall_ms=390004 text=46daf195b61b12ee role=child prefix_tokens=14282 suffix_tokens=17 model_ms=21763.4 context_ms=588.3 state_ms=6.72 prefix_ms=0.0 suffix_ms=20490.7 first_token_ms=48385.7 generation_ms=341178.6 generated=64 generation_tps=0.188
AGENT index=88 mig=fafc828a exit=0 wall_ms=273053 text=fb072021023b5031 role=child prefix_tokens=14282 suffix_tokens=22 model_ms=21521.2 context_ms=411.9 state_ms=14.02 prefix_ms=0.0 suffix_ms=11278.4 first_token_ms=38996.1 generation_ms=233322.6 generated=64 generation_tps=0.274
AGENT index=89 mig=31ffbfe4 exit=0 wall_ms=390947 text=1dc70f9673b0dd57 role=child prefix_tokens=14282 suffix_tokens=23 model_ms=22184.6 context_ms=646.2 state_ms=7.56 prefix_ms=0.0 suffix_ms=26027.8 first_token_ms=53844.5 generation_ms=336628.9 generated=64 generation_tps=0.190
AGENT index=90 mig=fafc828a exit=0 wall_ms=267018 text=9aa85e1403c22284 role=child prefix_tokens=14282 suffix_tokens=19 model_ms=19684.8 context_ms=1948.4 state_ms=19.19 prefix_ms=0.0 suffix_ms=5462.4 first_token_ms=31870.1 generation_ms=234732.5 generated=64 generation_tps=0.273
AGENT index=91 mig=31ffbfe4 exit=0 wall_ms=388087 text=0ec120ad804ad591 role=child prefix_tokens=14282 suffix_tokens=21 model_ms=21026.6 context_ms=328.0 state_ms=46.79 prefix_ms=0.0 suffix_ms=11688.6 first_token_ms=38564.8 generation_ms=349129.4 generated=64 generation_tps=0.183
AGENT index=92 mig=fafc828a exit=0 wall_ms=269805 text=4a33e463a3e8f524 role=child prefix_tokens=14282 suffix_tokens=20 model_ms=21056.5 context_ms=775.4 state_ms=25.82 prefix_ms=0.0 suffix_ms=8712.0 first_token_ms=35996.7 generation_ms=233231.2 generated=64 generation_tps=0.274
AGENT index=93 mig=31ffbfe4 exit=0 wall_ms=374490 text=a56a85c42cb9bcf4 role=child prefix_tokens=14282 suffix_tokens=22 model_ms=16225.3 context_ms=1052.2 state_ms=34.82 prefix_ms=0.0 suffix_ms=2336.1 first_token_ms=25355.4 generation_ms=348782.8 generated=64 generation_tps=0.183
AGENT index=94 mig=fafc828a exit=0 wall_ms=275397 text=5b96a105ed76f9fa role=child prefix_tokens=14282 suffix_tokens=20 model_ms=21984.6 context_ms=592.4 state_ms=9.68 prefix_ms=0.0 suffix_ms=18732.3 first_token_ms=46463.1 generation_ms=227630.2 generated=64 generation_tps=0.281
AGENT index=95 mig=31ffbfe4 exit=0 wall_ms=390009 text=4ed1e788823f7ae6 role=child prefix_tokens=14282 suffix_tokens=22 model_ms=22411.1 context_ms=407.0 state_ms=6.30 prefix_ms=0.0 suffix_ms=17349.2 first_token_ms=45059.7 generation_ms=344467.0 generated=64 generation_tps=0.186
AGENT index=96 mig=fafc828a exit=0 wall_ms=274093 text=a067a6895417f0e8 role=child prefix_tokens=14282 suffix_tokens=28 model_ms=22363.5 context_ms=273.9 state_ms=6.19 prefix_ms=0.0 suffix_ms=20894.8 first_token_ms=48655.1 generation_ms=224785.1 generated=64 generation_tps=0.285
AGENT index=97 mig=31ffbfe4 exit=0 wall_ms=389248 text=5b450cf9627e77b9 role=child prefix_tokens=14282 suffix_tokens=23 model_ms=16980.5 context_ms=1216.1 state_ms=46.68 prefix_ms=0.0 suffix_ms=10031.0 first_token_ms=34216.8 generation_ms=354638.5 generated=64 generation_tps=0.180
AGENT index=98 mig=fafc828a exit=0 wall_ms=274370 text=2ecfd34dfa486110 role=child prefix_tokens=14282 suffix_tokens=25 model_ms=22152.5 context_ms=631.7 state_ms=6.47 prefix_ms=0.0 suffix_ms=13380.5 first_token_ms=41183.7 generation_ms=232370.9 generated=64 generation_tps=0.275
AGENT index=99 mig=31ffbfe4 exit=0 wall_ms=390724 text=f1b10c0aeb700d09 role=child prefix_tokens=14282 suffix_tokens=33 model_ms=22129.0 context_ms=257.1 state_ms=6.59 prefix_ms=0.0 suffix_ms=24714.9 first_token_ms=52432.7 generation_ms=337760.7 generated=64 generation_tps=0.189
AGENT index=100 mig=fafc828a exit=0 wall_ms=270741 text=e4f7a0fff10da58f role=child prefix_tokens=14282 suffix_tokens=25 model_ms=21820.0 context_ms=438.6 state_ms=7.52 prefix_ms=0.0 suffix_ms=8943.7 first_token_ms=36469.0 generation_ms=233790.8 generated=64 generation_tps=0.274
AGENT index=101 mig=31ffbfe4 exit=0 wall_ms=380278 text=4e58d1434e38d87b role=child prefix_tokens=14282 suffix_tokens=28 model_ms=16638.8 context_ms=1024.7 state_ms=67.59 prefix_ms=0.0 suffix_ms=3434.9 first_token_ms=26962.7 generation_ms=352960.8 generated=64 generation_tps=0.181
AGENT index=102 mig=fafc828a exit=0 wall_ms=260710 text=74ff651a4aa431c6 role=child prefix_tokens=14282 suffix_tokens=23 model_ms=17573.1 context_ms=1043.2 state_ms=62.15 prefix_ms=0.0 suffix_ms=2711.6 first_token_ms=26466.5 generation_ms=233889.2 generated=64 generation_tps=0.274
AGENT index=103 mig=31ffbfe4 exit=0 wall_ms=375561 text=f9c832b7cad1a509 role=child prefix_tokens=14282 suffix_tokens=33 model_ms=15936.7 context_ms=1471.0 state_ms=18.81 prefix_ms=0.0 suffix_ms=3420.1 first_token_ms=25537.0 generation_ms=349588.6 generated=64 generation_tps=0.183
AGENT index=104 mig=fafc828a exit=0 wall_ms=270125 text=8d692aa4a801d17d role=child prefix_tokens=14282 suffix_tokens=20 model_ms=20882.9 context_ms=569.2 state_ms=38.96 prefix_ms=0.0 suffix_ms=8937.6 first_token_ms=35991.6 generation_ms=233718.1 generated=64 generation_tps=0.274
AGENT index=105 mig=31ffbfe4 exit=0 wall_ms=387298 text=d78bd735ec80af2b role=child prefix_tokens=14282 suffix_tokens=20 model_ms=20637.6 context_ms=657.0 state_ms=34.59 prefix_ms=0.0 suffix_ms=11592.5 first_token_ms=38744.5 generation_ms=348127.1 generated=64 generation_tps=0.184
AGENT index=106 mig=fafc828a exit=0 wall_ms=274901 text=0843554c3d590aaf role=child prefix_tokens=14282 suffix_tokens=19 model_ms=21412.1 context_ms=525.6 state_ms=6.39 prefix_ms=0.0 suffix_ms=16367.4 first_token_ms=44199.1 generation_ms=229892.9 generated=64 generation_tps=0.278
AGENT index=107 mig=31ffbfe4 exit=0 wall_ms=391160 text=087278665f3dec68 role=child prefix_tokens=14282 suffix_tokens=23 model_ms=21560.2 context_ms=446.5 state_ms=7.41 prefix_ms=0.0 suffix_ms=27411.1 first_token_ms=55349.3 generation_ms=335370.0 generated=64 generation_tps=0.191
AGENT index=108 mig=fafc828a exit=0 wall_ms=268619 text=2c93819fe85df763 role=child prefix_tokens=14282 suffix_tokens=22 model_ms=20245.0 context_ms=339.1 state_ms=6.03 prefix_ms=0.0 suffix_ms=5165.1 first_token_ms=31571.2 generation_ms=236670.4 generated=64 generation_tps=0.270
AGENT index=109 mig=31ffbfe4 exit=0 wall_ms=379523 text=c2157cfb976018b5 role=child prefix_tokens=14282 suffix_tokens=32 model_ms=16294.4 context_ms=1190.3 state_ms=31.52 prefix_ms=0.0 suffix_ms=3810.0 first_token_ms=26909.5 generation_ms=352260.7 generated=64 generation_tps=0.182
AGENT index=110 mig=fafc828a exit=0 wall_ms=275224 text=3f33f20708943e2f role=child prefix_tokens=14282 suffix_tokens=22 model_ms=21293.5 context_ms=554.2 state_ms=6.41 prefix_ms=0.0 suffix_ms=17254.5 first_token_ms=44984.9 generation_ms=229088.0 generated=64 generation_tps=0.279
AGENT index=111 mig=31ffbfe4 exit=0 wall_ms=216841 text=0d9668c2f9cbc9fc role=child prefix_tokens=14282 suffix_tokens=27 model_ms=6130.7 context_ms=3962.2 state_ms=13.10 prefix_ms=0.0 suffix_ms=2789.7 first_token_ms=18511.4 generation_ms=197965.7 generated=64 generation_tps=0.323
AGENT index=112 mig=fafc828a exit=0 wall_ms=274492 text=787d0f2cb9f0f5f6 role=child prefix_tokens=14282 suffix_tokens=26 model_ms=22109.8 context_ms=160.7 state_ms=6.35 prefix_ms=0.0 suffix_ms=20543.3 first_token_ms=48482.4 generation_ms=225184.3 generated=64 generation_tps=0.284
AGENT index=113 mig=31ffbfe4 exit=0 wall_ms=383210 text=6bd685fbc4b441ec role=child prefix_tokens=14282 suffix_tokens=23 model_ms=18049.0 context_ms=288.1 state_ms=8.67 prefix_ms=0.0 suffix_ms=4464.1 first_token_ms=28512.9 generation_ms=354332.3 generated=64 generation_tps=0.181
AGENT index=114 mig=fafc828a exit=0 wall_ms=273548 text=2f3bcae6671ff31f role=child prefix_tokens=14282 suffix_tokens=22 model_ms=21727.5 context_ms=568.8 state_ms=7.23 prefix_ms=0.0 suffix_ms=16979.6 first_token_ms=44775.3 generation_ms=228127.8 generated=64 generation_tps=0.281
AGENT index=115 mig=31ffbfe4 exit=0 wall_ms=390631 text=4c7501e634d9bf23 role=child prefix_tokens=14282 suffix_tokens=19 model_ms=21702.4 context_ms=338.5 state_ms=6.45 prefix_ms=0.0 suffix_ms=24953.1 first_token_ms=52672.3 generation_ms=337612.5 generated=64 generation_tps=0.190
AGENT index=116 mig=fafc828a exit=0 wall_ms=209044 text=59ab8a91f9570afc role=child prefix_tokens=14282 suffix_tokens=22 model_ms=11907.7 context_ms=605.8 state_ms=15.33 prefix_ms=0.0 suffix_ms=1632.3 first_token_ms=19093.3 generation_ms=189454.2 generated=64 generation_tps=0.338
AGENT index=117 mig=31ffbfe4 exit=0 wall_ms=364454 text=397d44936e8841e9 role=child prefix_tokens=14282 suffix_tokens=27 model_ms=15796.6 context_ms=964.0 state_ms=38.30 prefix_ms=0.0 suffix_ms=1349.2 first_token_ms=23663.5 generation_ms=340459.8 generated=64 generation_tps=0.188
AGENT index=118 mig=fafc828a exit=0 wall_ms=274361 text=df0985d3d0c73de0 role=child prefix_tokens=14282 suffix_tokens=28 model_ms=21690.7 context_ms=470.0 state_ms=10.29 prefix_ms=0.0 suffix_ms=14653.9 first_token_ms=42369.6 generation_ms=231144.5 generated=64 generation_tps=0.277
AGENT index=119 mig=31ffbfe4 exit=0 wall_ms=386718 text=a94c9c83167a5f8c role=child prefix_tokens=14282 suffix_tokens=18 model_ms=19971.5 context_ms=615.8 state_ms=6.24 prefix_ms=0.0 suffix_ms=11192.2 first_token_ms=37549.4 generation_ms=348762.4 generated=64 generation_tps=0.184
AGENT index=120 mig=fafc828a exit=0 wall_ms=261406 text=9834d2c93010cb40 role=child prefix_tokens=14282 suffix_tokens=23 model_ms=16321.7 context_ms=1122.7 state_ms=7.75 prefix_ms=0.0 suffix_ms=3829.5 first_token_ms=26480.2 generation_ms=234554.2 generated=64 generation_tps=0.273
AGENT index=121 mig=31ffbfe4 exit=0 wall_ms=377993 text=7a6a0515e5f4b2e4 role=child prefix_tokens=14282 suffix_tokens=24 model_ms=16456.0 context_ms=1119.2 state_ms=50.58 prefix_ms=0.0 suffix_ms=3356.3 first_token_ms=26574.0 generation_ms=351067.7 generated=64 generation_tps=0.182
AGENT index=122 mig=fafc828a exit=0 wall_ms=268103 text=158a991a74f5c09c role=child prefix_tokens=14282 suffix_tokens=20 model_ms=17972.8 context_ms=1297.1 state_ms=57.71 prefix_ms=0.0 suffix_ms=6161.6 first_token_ms=31214.2 generation_ms=236514.9 generated=64 generation_tps=0.271
AGENT index=123 mig=31ffbfe4 exit=0 wall_ms=390023 text=e38ea5b855370f1e role=child prefix_tokens=14282 suffix_tokens=22 model_ms=22608.3 context_ms=421.0 state_ms=7.58 prefix_ms=0.0 suffix_ms=24715.1 first_token_ms=52608.8 generation_ms=337031.5 generated=64 generation_tps=0.190
AGENT index=124 mig=fafc828a exit=0 wall_ms=274902 text=5442500eccbad2cf role=child prefix_tokens=14282 suffix_tokens=21 model_ms=22001.2 context_ms=423.2 state_ms=11.84 prefix_ms=0.0 suffix_ms=16745.4 first_token_ms=44531.9 generation_ms=229191.5 generated=64 generation_tps=0.279
AGENT index=125 mig=31ffbfe4 exit=0 wall_ms=368521 text=77ec1b209de8c3c4 role=child prefix_tokens=14282 suffix_tokens=23 model_ms=14842.8 context_ms=1067.8 state_ms=26.70 prefix_ms=0.0 suffix_ms=2778.9 first_token_ms=24492.4 generation_ms=343685.4 generated=64 generation_tps=0.186
AGENT index=126 mig=fafc828a exit=0 wall_ms=272897 text=09fd41491d0c178b role=child prefix_tokens=14282 suffix_tokens=21 model_ms=22368.6 context_ms=440.2 state_ms=12.66 prefix_ms=0.0 suffix_ms=14034.3 first_token_ms=41833.5 generation_ms=230327.6 generated=64 generation_tps=0.278
AGENT index=127 mig=31ffbfe4 exit=0 wall_ms=385314 text=c5fb19c141f1ba26 role=child prefix_tokens=14282 suffix_tokens=23 model_ms=16676.9 context_ms=1741.7 state_ms=58.80 prefix_ms=0.0 suffix_ms=4550.1 first_token_ms=28276.3 generation_ms=356682.3 generated=64 generation_tps=0.179
AGENT index=128 mig=fafc828a exit=0 wall_ms=269689 text=5b3e8496b267e28f role=child prefix_tokens=14282 suffix_tokens=29 model_ms=19054.9 context_ms=1698.9 state_ms=15.80 prefix_ms=0.0 suffix_ms=5510.2 first_token_ms=31791.1 generation_ms=237316.4 generated=64 generation_tps=0.270
AGENT index=129 mig=31ffbfe4 exit=0 wall_ms=388527 text=a38762ffbed809b4 role=child prefix_tokens=14282 suffix_tokens=24 model_ms=17936.7 context_ms=1042.2 state_ms=67.15 prefix_ms=0.0 suffix_ms=12515.2 first_token_ms=37363.2 generation_ms=350782.2 generated=64 generation_tps=0.182
AGENT index=130 mig=fafc828a exit=0 wall_ms=273269 text=c95b0c65393fcdb1 role=child prefix_tokens=14282 suffix_tokens=26 model_ms=21976.3 context_ms=401.7 state_ms=6.17 prefix_ms=0.0 suffix_ms=15244.7 first_token_ms=43082.0 generation_ms=229452.3 generated=64 generation_tps=0.279
AGENT index=131 mig=31ffbfe4 exit=0 wall_ms=386460 text=258342dafcba2265 role=child prefix_tokens=14282 suffix_tokens=34 model_ms=21008.1 context_ms=609.8 state_ms=36.29 prefix_ms=0.0 suffix_ms=14213.3 first_token_ms=41220.8 generation_ms=344834.0 generated=64 generation_tps=0.186
AGENT index=132 mig=fafc828a exit=0 wall_ms=274924 text=2852504019aca3b6 role=child prefix_tokens=14282 suffix_tokens=25 model_ms=21561.8 context_ms=476.2 state_ms=7.96 prefix_ms=0.0 suffix_ms=21349.1 first_token_ms=49159.7 generation_ms=224712.2 generated=64 generation_tps=0.285
AGENT index=133 mig=31ffbfe4 exit=0 wall_ms=387087 text=6cd60c5868229e5c role=child prefix_tokens=14282 suffix_tokens=28 model_ms=20861.9 context_ms=582.3 state_ms=40.81 prefix_ms=0.0 suffix_ms=11957.0 first_token_ms=38924.8 generation_ms=347697.4 generated=64 generation_tps=0.184
AGENT index=134 mig=fafc828a exit=0 wall_ms=275204 text=d3b535510b29322a role=child prefix_tokens=14282 suffix_tokens=23 model_ms=21779.6 context_ms=281.3 state_ms=6.30 prefix_ms=0.0 suffix_ms=20575.7 first_token_ms=48199.6 generation_ms=225804.1 generated=64 generation_tps=0.283
AGENT index=135 mig=31ffbfe4 exit=0 wall_ms=389846 text=f9c832b7cad1a509 role=child prefix_tokens=14282 suffix_tokens=33 model_ms=19869.3 context_ms=599.8 state_ms=7.20 prefix_ms=0.0 suffix_ms=13464.8 first_token_ms=39753.9 generation_ms=349658.2 generated=64 generation_tps=0.183
AGENT index=136 mig=fafc828a exit=0 wall_ms=275138 text=345d90be1b86068e role=child prefix_tokens=14282 suffix_tokens=20 model_ms=21447.2 context_ms=476.2 state_ms=6.80 prefix_ms=0.0 suffix_ms=17902.6 first_token_ms=45634.2 generation_ms=228388.9 generated=64 generation_tps=0.280
AGENT index=137 mig=31ffbfe4 exit=0 wall_ms=386223 text=b84c0686f77a07b8 role=child prefix_tokens=14282 suffix_tokens=20 model_ms=19031.3 context_ms=1719.2 state_ms=12.13 prefix_ms=0.0 suffix_ms=10608.5 first_token_ms=36752.6 generation_ms=349069.7 generated=64 generation_tps=0.183
AGENT index=138 mig=fafc828a exit=0 wall_ms=274460 text=f4dd5b98bdc77fee role=child prefix_tokens=14282 suffix_tokens=19 model_ms=21630.8 context_ms=265.3 state_ms=6.19 prefix_ms=0.0 suffix_ms=13486.3 first_token_ms=41041.0 generation_ms=232437.3 generated=64 generation_tps=0.275
AGENT index=139 mig=31ffbfe4 exit=0 wall_ms=386706 text=087278665f3dec68 role=child prefix_tokens=14282 suffix_tokens=23 model_ms=20653.1 context_ms=327.4 state_ms=24.75 prefix_ms=0.0 suffix_ms=11929.9 first_token_ms=38613.4 generation_ms=347696.0 generated=64 generation_tps=0.184
MEMORY mem_available_drop_mib=99198 mem_available_before_mib=120064 mem_free_before_mib=18848 pss_anon_mib=33502 pss_file_mib=7441 pss_shmem_mib=8932 device_mib=54180 samples=31
END_CASE failed_agents=0 wall_ms=392473
END_KVSTACK
BEGIN_KVSTACK run=2 context=16384 publisher_mig=31ffbfe4 mem_free_mib=47113 kernel_reclaimable_mib=70157
PUBLISH store=stock prefix_tokens=14282 prefix_ms=24858.4 publish_ms=501.06 state_bytes=819216229
PUBLISH store=device prefix_tokens=14282 prefix_ms=25039.6 publish_ms=500.63 state_bytes=819216229
PUBLISH store=huge prefix_tokens=14282 prefix_ms=25098.8 publish_ms=7.92 state_bytes=229221 file_used_kib=802816
CASE mode=both agents=140
AGENT index=0 mig=31ffbfe4 exit=0 wall_ms=308817 text=4605b6e04b2228eb role=child prefix_tokens=14282 suffix_tokens=27 model_ms=13262.1 context_ms=1085.6 state_ms=15.53 prefix_ms=0.0 suffix_ms=1936.6 first_token_ms=20435.9 generation_ms=287998.7 generated=64 generation_tps=0.222
AGENT index=1 mig=fafc828a exit=0 wall_ms=244213 text=a5af93194a2d1ced role=child prefix_tokens=14282 suffix_tokens=22 model_ms=21220.1 context_ms=582.4 state_ms=10.05 prefix_ms=0.0 suffix_ms=5892.4 first_token_ms=32972.6 generation_ms=209426.6 generated=64 generation_tps=0.306
AGENT index=2 mig=31ffbfe4 exit=0 wall_ms=345162 text=37e5f08e6279aa62 role=child prefix_tokens=14282 suffix_tokens=24 model_ms=16412.6 context_ms=1042.1 state_ms=22.87 prefix_ms=0.0 suffix_ms=2591.0 first_token_ms=25063.2 generation_ms=319741.3 generated=64 generation_tps=0.200
AGENT index=3 mig=fafc828a exit=0 wall_ms=243293 text=5e1ac569aa8b0faf role=child prefix_tokens=14282 suffix_tokens=32 model_ms=21615.0 context_ms=578.3 state_ms=10.34 prefix_ms=0.0 suffix_ms=6738.3 first_token_ms=33936.6 generation_ms=207676.2 generated=64 generation_tps=0.308
AGENT index=4 mig=31ffbfe4 exit=0 wall_ms=357806 text=6e3d8f07cfceb082 role=child prefix_tokens=14282 suffix_tokens=23 model_ms=19410.7 context_ms=1032.0 state_ms=54.69 prefix_ms=0.0 suffix_ms=6926.3 first_token_ms=32422.8 generation_ms=324952.0 generated=64 generation_tps=0.197
AGENT index=5 mig=fafc828a exit=0 wall_ms=244064 text=47179dd0dcd49eb0 role=child prefix_tokens=14282 suffix_tokens=26 model_ms=21878.6 context_ms=459.2 state_ms=12.85 prefix_ms=0.0 suffix_ms=6877.4 first_token_ms=34244.7 generation_ms=207917.2 generated=64 generation_tps=0.308
AGENT index=6 mig=31ffbfe4 exit=0 wall_ms=354380 text=f88f503d1005fa22 role=child prefix_tokens=14282 suffix_tokens=21 model_ms=18921.5 context_ms=679.7 state_ms=59.45 prefix_ms=0.0 suffix_ms=4831.6 first_token_ms=29473.4 generation_ms=324546.7 generated=64 generation_tps=0.197
AGENT index=7 mig=fafc828a exit=0 wall_ms=240610 text=f9c832b7cad1a509 role=child prefix_tokens=14282 suffix_tokens=31 model_ms=19597.3 context_ms=494.0 state_ms=24.71 prefix_ms=0.0 suffix_ms=5224.3 first_token_ms=30327.3 generation_ms=209855.0 generated=64 generation_tps=0.305
AGENT index=8 mig=31ffbfe4 exit=0 wall_ms=359719 text=a3c806a5411bc6e6 role=child prefix_tokens=14282 suffix_tokens=18 model_ms=21131.7 context_ms=335.7 state_ms=8.53 prefix_ms=0.0 suffix_ms=9572.1 first_token_ms=37017.8 generation_ms=322124.7 generated=64 generation_tps=0.199
AGENT index=9 mig=fafc828a exit=0 wall_ms=242873 text=a2d016def74ecc62 role=child prefix_tokens=14282 suffix_tokens=18 model_ms=21775.7 context_ms=218.0 state_ms=20.75 prefix_ms=0.0 suffix_ms=5885.1 first_token_ms=32921.4 generation_ms=208708.9 generated=64 generation_tps=0.307
AGENT index=10 mig=31ffbfe4 exit=0 wall_ms=355718 text=a733f3a39259263c role=child prefix_tokens=14282 suffix_tokens=18 model_ms=18007.1 context_ms=723.9 state_ms=70.42 prefix_ms=0.0 suffix_ms=4812.0 first_token_ms=29378.2 generation_ms=325979.0 generated=64 generation_tps=0.196
AGENT index=11 mig=fafc828a exit=0 wall_ms=243098 text=ad0d6edf343e5e28 role=child prefix_tokens=14282 suffix_tokens=22 model_ms=21696.9 context_ms=150.5 state_ms=7.38 prefix_ms=0.0 suffix_ms=6214.6 first_token_ms=33620.1 generation_ms=208191.8 generated=64 generation_tps=0.307
AGENT index=12 mig=31ffbfe4 exit=0 wall_ms=353198 text=2c93819fe85df763 role=child prefix_tokens=14282 suffix_tokens=21 model_ms=18045.2 context_ms=909.8 state_ms=23.61 prefix_ms=0.0 suffix_ms=3398.5 first_token_ms=27790.9 generation_ms=324952.4 generated=64 generation_tps=0.197
AGENT index=13 mig=fafc828a exit=0 wall_ms=179291 text=5d483815f91685a6 role=child prefix_tokens=14282 suffix_tokens=31 model_ms=10345.8 context_ms=1540.2 state_ms=14.87 prefix_ms=0.0 suffix_ms=2082.6 first_token_ms=19518.8 generation_ms=159390.3 generated=64 generation_tps=0.402
AGENT index=14 mig=31ffbfe4 exit=0 wall_ms=353161 text=f8f770d151794139 role=child prefix_tokens=14282 suffix_tokens=21 model_ms=17842.0 context_ms=689.5 state_ms=13.39 prefix_ms=0.0 suffix_ms=3551.4 first_token_ms=27912.9 generation_ms=324804.9 generated=64 generation_tps=0.197
AGENT index=15 mig=fafc828a exit=0 wall_ms=241504 text=0d9668c2f9cbc9fc role=child prefix_tokens=14282 suffix_tokens=26 model_ms=21726.4 context_ms=468.4 state_ms=10.81 prefix_ms=0.0 suffix_ms=6927.8 first_token_ms=34172.6 generation_ms=206654.4 generated=64 generation_tps=0.310
AGENT index=16 mig=31ffbfe4 exit=0 wall_ms=358666 text=a6ffaf564cadb5d1 role=child prefix_tokens=14282 suffix_tokens=25 model_ms=20814.1 context_ms=315.3 state_ms=19.73 prefix_ms=0.0 suffix_ms=9643.0 first_token_ms=35990.0 generation_ms=322126.6 generated=64 generation_tps=0.199
AGENT index=17 mig=fafc828a exit=0 wall_ms=241551 text=6bd685fbc4b441ec role=child prefix_tokens=14282 suffix_tokens=22 model_ms=19924.4 context_ms=747.3 state_ms=50.44 prefix_ms=0.0 suffix_ms=6080.6 first_token_ms=32329.7 generation_ms=208637.3 generated=64 generation_tps=0.307
AGENT index=18 mig=31ffbfe4 exit=0 wall_ms=358416 text=ba15e410535ababc role=child prefix_tokens=14282 suffix_tokens=21 model_ms=20192.1 context_ms=657.0 state_ms=14.50 prefix_ms=0.0 suffix_ms=9133.7 first_token_ms=35080.8 generation_ms=322892.3 generated=64 generation_tps=0.198
AGENT index=19 mig=fafc828a exit=0 wall_ms=242784 text=4c7501e634d9bf23 role=child prefix_tokens=14282 suffix_tokens=18 model_ms=21989.6 context_ms=273.1 state_ms=6.38 prefix_ms=0.0 suffix_ms=6164.1 first_token_ms=33584.6 generation_ms=207751.7 generated=64 generation_tps=0.308
AGENT index=20 mig=31ffbfe4 exit=0 wall_ms=359490 text=b3893059e7e79532 role=child prefix_tokens=14282 suffix_tokens=21 model_ms=21828.0 context_ms=88.7 state_ms=6.24 prefix_ms=0.0 suffix_ms=9499.6 first_token_ms=36981.4 generation_ms=321960.3 generated=64 generation_tps=0.199
AGENT index=21 mig=fafc828a exit=0 wall_ms=239789 text=284eef78a2286715 role=child prefix_tokens=14282 suffix_tokens=26 model_ms=17502.4 context_ms=959.3 state_ms=47.61 prefix_ms=0.0 suffix_ms=3665.1 first_token_ms=27875.3 generation_ms=211503.2 generated=64 generation_tps=0.303
AGENT index=22 mig=31ffbfe4 exit=0 wall_ms=360481 text=ad3122b47bf9d41d role=child prefix_tokens=14282 suffix_tokens=27 model_ms=21921.6 context_ms=142.6 state_ms=6.49 prefix_ms=0.0 suffix_ms=9849.5 first_token_ms=37333.3 generation_ms=322248.1 generated=64 generation_tps=0.199
AGENT index=23 mig=fafc828a exit=0 wall_ms=127577 text=fd9dec9936f784ff role=child prefix_tokens=14282 suffix_tokens=17 model_ms=8171.6 context_ms=3149.7 state_ms=12.97 prefix_ms=0.0 suffix_ms=3586.4 first_token_ms=18224.0 generation_ms=108375.9 generated=64 generation_tps=0.591
AGENT index=24 mig=31ffbfe4 exit=0 wall_ms=359610 text=9834d2c93010cb40 role=child prefix_tokens=14282 suffix_tokens=22 model_ms=20959.0 context_ms=769.7 state_ms=16.29 prefix_ms=0.0 suffix_ms=9401.5 first_token_ms=36135.8 generation_ms=322840.4 generated=64 generation_tps=0.198
AGENT index=25 mig=fafc828a exit=0 wall_ms=231904 text=d4e1fcaa961685d1 role=child prefix_tokens=14282 suffix_tokens=23 model_ms=16657.3 context_ms=1242.8 state_ms=22.16 prefix_ms=0.0 suffix_ms=2159.3 first_token_ms=25047.3 generation_ms=206449.0 generated=64 generation_tps=0.310
AGENT index=26 mig=31ffbfe4 exit=0 wall_ms=356481 text=9e35020256b4a71c role=child prefix_tokens=14282 suffix_tokens=19 model_ms=21832.5 context_ms=355.3 state_ms=6.32 prefix_ms=0.0 suffix_ms=9477.2 first_token_ms=36771.0 generation_ms=319226.5 generated=64 generation_tps=0.200
AGENT index=27 mig=fafc828a exit=0 wall_ms=242699 text=178df8f18d21f57e role=child prefix_tokens=14282 suffix_tokens=21 model_ms=20750.8 context_ms=657.6 state_ms=25.34 prefix_ms=0.0 suffix_ms=6074.5 first_token_ms=32855.2 generation_ms=208782.0 generated=64 generation_tps=0.307
AGENT index=28 mig=31ffbfe4 exit=0 wall_ms=358687 text=15c67d79a860da75 role=child prefix_tokens=14282 suffix_tokens=20 model_ms=21977.9 context_ms=269.8 state_ms=6.58 prefix_ms=0.0 suffix_ms=9619.9 first_token_ms=37041.0 generation_ms=321159.9 generated=64 generation_tps=0.199
AGENT index=29 mig=fafc828a exit=0 wall_ms=173094 text=a72f71cd80731afe role=child prefix_tokens=14282 suffix_tokens=22 model_ms=8973.7 context_ms=2918.3 state_ms=15.19 prefix_ms=0.0 suffix_ms=2240.8 first_token_ms=18843.7 generation_ms=153883.0 generated=64 generation_tps=0.416
AGENT index=30 mig=31ffbfe4 exit=0 wall_ms=358593 text=317f6f38771a1e41 role=child prefix_tokens=14282 suffix_tokens=20 model_ms=20273.1 context_ms=752.1 state_ms=19.84 prefix_ms=0.0 suffix_ms=9328.0 first_token_ms=35566.6 generation_ms=322467.6 generated=64 generation_tps=0.198
AGENT index=31 mig=fafc828a exit=0 wall_ms=244690 text=d52293b0dc058085 role=child prefix_tokens=14282 suffix_tokens=22 model_ms=20854.3 context_ms=380.4 state_ms=21.36 prefix_ms=0.0 suffix_ms=6080.1 first_token_ms=32756.6 generation_ms=209622.4 generated=64 generation_tps=0.305
AGENT index=32 mig=31ffbfe4 exit=0 wall_ms=359861 text=a067a6895417f0e8 role=child prefix_tokens=14282 suffix_tokens=28 model_ms=19772.2 context_ms=759.8 state_ms=26.27 prefix_ms=0.0 suffix_ms=9958.3 first_token_ms=35974.7 generation_ms=323089.9 generated=64 generation_tps=0.198
AGENT index=33 mig=fafc828a exit=0 wall_ms=243722 text=5b450cf9627e77b9 role=child prefix_tokens=14282 suffix_tokens=23 model_ms=20820.6 context_ms=460.1 state_ms=18.82 prefix_ms=0.0 suffix_ms=5840.3 first_token_ms=32859.6 generation_ms=209216.0 generated=64 generation_tps=0.306
AGENT index=34 mig=31ffbfe4 exit=0 wall_ms=357926 text=5c09b6f1d055319b role=child prefix_tokens=14282 suffix_tokens=25 model_ms=22221.2 context_ms=270.0 state_ms=7.64 prefix_ms=0.0 suffix_ms=9809.9 first_token_ms=37215.5 generation_ms=320311.7 generated=64 generation_tps=0.200
AGENT index=35 mig=fafc828a exit=0 wall_ms=235976 text=077e38d3762a4e5d role=child prefix_tokens=14282 suffix_tokens=33 model_ms=17274.4 context_ms=674.4 state_ms=46.25 prefix_ms=0.0 suffix_ms=3920.9 first_token_ms=27776.7 generation_ms=207801.5 generated=64 generation_tps=0.308
AGENT index=36 mig=31ffbfe4 exit=0 wall_ms=358173 text=836ebfaf7d21007d role=child prefix_tokens=14282 suffix_tokens=24 model_ms=20535.5 context_ms=352.7 state_ms=21.19 prefix_ms=0.0 suffix_ms=9577.9 first_token_ms=35789.4 generation_ms=321963.5 generated=64 generation_tps=0.199
AGENT index=37 mig=fafc828a exit=0 wall_ms=241519 text=b5c1cde845350686 role=child prefix_tokens=14282 suffix_tokens=27 model_ms=20915.8 context_ms=575.1 state_ms=16.89 prefix_ms=0.0 suffix_ms=6882.2 first_token_ms=33298.6 generation_ms=207539.5 generated=64 generation_tps=0.308
AGENT index=38 mig=31ffbfe4 exit=0 wall_ms=357559 text=e57f2865bc99ed0e role=child prefix_tokens=14282 suffix_tokens=22 model_ms=20827.6 context_ms=395.3 state_ms=40.75 prefix_ms=0.0 suffix_ms=8920.9 first_token_ms=35128.7 generation_ms=321993.8 generated=64 generation_tps=0.199
AGENT index=39 mig=fafc828a exit=0 wall_ms=237291 text=f9c832b7cad1a509 role=child prefix_tokens=14282 suffix_tokens=32 model_ms=18094.4 context_ms=949.1 state_ms=74.50 prefix_ms=0.0 suffix_ms=3957.7 first_token_ms=28264.9 generation_ms=208669.7 generated=64 generation_tps=0.307
AGENT index=40 mig=31ffbfe4 exit=0 wall_ms=358207 text=1bedc9985ebffdf3 role=child prefix_tokens=14282 suffix_tokens=19 model_ms=21702.4 context_ms=357.9 state_ms=6.69 prefix_ms=0.0 suffix_ms=9637.8 first_token_ms=36988.2 generation_ms=320745.7 generated=64 generation_tps=0.200
AGENT index=41 mig=fafc828a exit=0 wall_ms=234567 text=3be32d4f1f40e878 role=child prefix_tokens=14282 suffix_tokens=19 model_ms=16818.9 context_ms=991.1 state_ms=22.56 prefix_ms=0.0 suffix_ms=2482.2 first_token_ms=25774.8 generation_ms=208410.0 generated=64 generation_tps=0.307
AGENT index=42 mig=31ffbfe4 exit=0 wall_ms=358743 text=519b2de5b706a49d role=child prefix_tokens=14282 suffix_tokens=18 model_ms=21392.4 context_ms=322.9 state_ms=12.62 prefix_ms=0.0 suffix_ms=9682.2 first_token_ms=37000.1 generation_ms=321270.6 generated=64 generation_tps=0.199
AGENT index=43 mig=fafc828a exit=0 wall_ms=231901 text=ad92edad967aef00 role=child prefix_tokens=14282 suffix_tokens=22 model_ms=16584.5 context_ms=1276.3 state_ms=20.22 prefix_ms=0.0 suffix_ms=2136.4 first_token_ms=24987.6 generation_ms=206480.6 generated=64 generation_tps=0.310
AGENT index=44 mig=31ffbfe4 exit=0 wall_ms=354309 text=806eb5a225900d3a role=child prefix_tokens=14282 suffix_tokens=21 model_ms=18725.9 context_ms=513.9 state_ms=58.37 prefix_ms=0.0 suffix_ms=4775.5 first_token_ms=29513.0 generation_ms=324404.6 generated=64 generation_tps=0.197
AGENT index=45 mig=fafc828a exit=0 wall_ms=243011 text=9f441c92dda94d6e role=child prefix_tokens=14282 suffix_tokens=31 model_ms=18214.9 context_ms=736.2 state_ms=42.93 prefix_ms=0.0 suffix_ms=5528.0 first_token_ms=30266.9 generation_ms=211095.4 generated=64 generation_tps=0.303
AGENT index=46 mig=31ffbfe4 exit=0 wall_ms=359869 text=3f33f20708943e2f role=child prefix_tokens=14282 suffix_tokens=21 model_ms=20433.3 context_ms=457.5 state_ms=14.30 prefix_ms=0.0 suffix_ms=9332.6 first_token_ms=36064.6 generation_ms=322883.0 generated=64 generation_tps=0.198
AGENT index=47 mig=fafc828a exit=0 wall_ms=238592 text=0d9668c2f9cbc9fc role=child prefix_tokens=14282 suffix_tokens=26 model_ms=20458.8 context_ms=536.8 state_ms=7.27 prefix_ms=0.0 suffix_ms=6719.3 first_token_ms=33764.9 generation_ms=204463.1 generated=64 generation_tps=0.313
AGENT index=48 mig=31ffbfe4 exit=0 wall_ms=360505 text=27f58a7742c668f5 role=child prefix_tokens=14282 suffix_tokens=25 model_ms=21868.7 context_ms=246.3 state_ms=6.18 prefix_ms=0.0 suffix_ms=9747.1 first_token_ms=37025.5 generation_ms=322369.8 generated=64 generation_tps=0.199
AGENT index=49 mig=fafc828a exit=0 wall_ms=244286 text=6bd685fbc4b441ec role=child prefix_tokens=14282 suffix_tokens=22 model_ms=20595.9 context_ms=410.5 state_ms=22.27 prefix_ms=0.0 suffix_ms=5866.6 first_token_ms=31928.5 generation_ms=210400.4 generated=64 generation_tps=0.304
AGENT index=50 mig=31ffbfe4 exit=0 wall_ms=352717 text=802dc3b79f95f0ef role=child prefix_tokens=14282 suffix_tokens=21 model_ms=17541.7 context_ms=1224.2 state_ms=87.78 prefix_ms=0.0 suffix_ms=3373.9 first_token_ms=27443.8 generation_ms=324904.4 generated=64 generation_tps=0.197
AGENT index=51 mig=fafc828a exit=0 wall_ms=180866 text=88ab36014083e9b4 role=child prefix_tokens=14282 suffix_tokens=18 model_ms=8489.1 context_ms=2758.7 state_ms=15.19 prefix_ms=0.0 suffix_ms=1927.3 first_token_ms=19233.8 generation_ms=161271.1 generated=64 generation_tps=0.397
AGENT index=52 mig=31ffbfe4 exit=0 wall_ms=360139 text=56ae1f5c8f39885b role=child prefix_tokens=14282 suffix_tokens=21 model_ms=21789.5 context_ms=465.0 state_ms=9.83 prefix_ms=0.0 suffix_ms=9523.0 first_token_ms=36642.1 generation_ms=322573.6 generated=64 generation_tps=0.198
AGENT index=53 mig=fafc828a exit=0 wall_ms=243099 text=11e4c2a85150fa06 role=child prefix_tokens=14282 suffix_tokens=26 model_ms=20335.7 context_ms=575.0 state_ms=7.10 prefix_ms=0.0 suffix_ms=6747.7 first_token_ms=33787.5 generation_ms=208088.0 generated=64 generation_tps=0.308
AGENT index=54 mig=31ffbfe4 exit=0 wall_ms=359754 text=3b6f5b9c968721eb role=child prefix_tokens=14282 suffix_tokens=27 model_ms=19847.3 context_ms=627.6 state_ms=19.71 prefix_ms=0.0 suffix_ms=9497.6 first_token_ms=35282.1 generation_ms=323714.8 generated=64 generation_tps=0.198
AGENT index=55 mig=fafc828a exit=0 wall_ms=244090 text=7e4fad52bd577abf role=child prefix_tokens=14282 suffix_tokens=17 model_ms=20685.0 context_ms=616.4 state_ms=42.44 prefix_ms=0.0 suffix_ms=5958.2 first_token_ms=32541.2 generation_ms=209781.3 generated=64 generation_tps=0.305
AGENT index=56 mig=31ffbfe4 exit=0 wall_ms=357112 text=9834d2c93010cb40 role=child prefix_tokens=14282 suffix_tokens=22 model_ms=19141.1 context_ms=908.4 state_ms=58.53 prefix_ms=0.0 suffix_ms=8122.0 first_token_ms=33638.0 generation_ms=323107.7 generated=64 generation_tps=0.198
AGENT index=57 mig=fafc828a exit=0 wall_ms=242479 text=50630b6612aba7b8 role=child prefix_tokens=14282 suffix_tokens=23 model_ms=22165.4 context_ms=234.8 state_ms=6.13 prefix_ms=0.0 suffix_ms=6310.1 first_token_ms=33654.6 generation_ms=207784.0 generated=64 generation_tps=0.308
AGENT index=58 mig=31ffbfe4 exit=0 wall_ms=299985 text=9ca71337e20d8558 role=child prefix_tokens=14282 suffix_tokens=19 model_ms=9733.5 context_ms=2579.8 state_ms=13.32 prefix_ms=0.0 suffix_ms=1825.3 first_token_ms=19213.4 generation_ms=280392.0 generated=64 generation_tps=0.228
AGENT index=59 mig=fafc828a exit=0 wall_ms=242419 text=a0d59f42adbdb7a7 role=child prefix_tokens=14282 suffix_tokens=21 model_ms=20503.2 context_ms=347.9 state_ms=51.01 prefix_ms=0.0 suffix_ms=5729.5 first_token_ms=31825.5 generation_ms=209395.9 generated=64 generation_tps=0.306
AGENT index=60 mig=31ffbfe4 exit=0 wall_ms=355806 text=b1fe3c81bfb2916f role=child prefix_tokens=14282 suffix_tokens=20 model_ms=21398.0 context_ms=448.8 state_ms=9.82 prefix_ms=0.0 suffix_ms=9641.0 first_token_ms=36889.5 generation_ms=318503.1 generated=64 generation_tps=0.201
AGENT index=61 mig=fafc828a exit=0 wall_ms=241629 text=5b7f00ee41a4f8ef role=child prefix_tokens=14282 suffix_tokens=22 model_ms=18988.3 context_ms=578.9 state_ms=48.35 prefix_ms=0.0 suffix_ms=4198.0 first_token_ms=29515.0 generation_ms=211458.2 generated=64 generation_tps=0.303
AGENT index=62 mig=31ffbfe4 exit=0 wall_ms=354000 text=c17cb2a0a71c6a47 role=child prefix_tokens=14282 suffix_tokens=20 model_ms=17595.2 context_ms=819.2 state_ms=19.77 prefix_ms=0.0 suffix_ms=4506.8 first_token_ms=28969.7 generation_ms=324648.6 generated=64 generation_tps=0.197
AGENT index=63 mig=fafc828a exit=0 wall_ms=243812 text=3b010582add6c19e role=child prefix_tokens=14282 suffix_tokens=22 model_ms=20324.0 context_ms=554.5 state_ms=14.62 prefix_ms=0.0 suffix_ms=6133.4 first_token_ms=33112.7 generation_ms=208672.3 generated=64 generation_tps=0.307
AGENT index=64 mig=31ffbfe4 exit=0 wall_ms=359609 text=3f50371ecb0032a2 role=child prefix_tokens=14282 suffix_tokens=28 model_ms=21433.3 context_ms=296.0 state_ms=8.88 prefix_ms=0.0 suffix_ms=9747.6 first_token_ms=36817.9 generation_ms=322004.8 generated=64 generation_tps=0.199
AGENT index=65 mig=fafc828a exit=0 wall_ms=243249 text=88835aea19336bf3 role=child prefix_tokens=14282 suffix_tokens=23 model_ms=20795.7 context_ms=502.2 state_ms=14.48 prefix_ms=0.0 suffix_ms=6167.6 first_token_ms=33219.6 generation_ms=208355.2 generated=64 generation_tps=0.307
AGENT index=66 mig=31ffbfe4 exit=0 wall_ms=360168 text=56cc6fc91016e6d9 role=child prefix_tokens=14282 suffix_tokens=25 model_ms=21186.7 context_ms=358.5 state_ms=6.10 prefix_ms=0.0 suffix_ms=9940.9 first_token_ms=37071.5 generation_ms=322219.8 generated=64 generation_tps=0.199
AGENT index=67 mig=fafc828a exit=0 wall_ms=242344 text=28222a18d507172c role=child prefix_tokens=14282 suffix_tokens=33 model_ms=18792.4 context_ms=631.6 state_ms=42.53 prefix_ms=0.0 suffix_ms=5530.5 first_token_ms=30713.1 generation_ms=210554.1 generated=64 generation_tps=0.304
AGENT index=68 mig=31ffbfe4 exit=0 wall_ms=358197 text=836ebfaf7d21007d role=child prefix_tokens=14282 suffix_tokens=24 model_ms=21053.8 context_ms=467.4 state_ms=18.33 prefix_ms=0.0 suffix_ms=9186.9 first_token_ms=35681.8 generation_ms=321964.9 generated=64 generation_tps=0.199
AGENT index=69 mig=fafc828a exit=0 wall_ms=233996 text=4e58d1434e38d87b role=child prefix_tokens=14282 suffix_tokens=27 model_ms=16503.0 context_ms=747.5 state_ms=35.51 prefix_ms=0.0 suffix_ms=2862.2 first_token_ms=25407.2 generation_ms=208169.2 generated=64 generation_tps=0.307
AGENT index=70 mig=31ffbfe4 exit=0 wall_ms=358974 text=2bc8a87702ffa5ba role=child prefix_tokens=14282 suffix_tokens=22 model_ms=21266.2 context_ms=282.0 state_ms=6.20 prefix_ms=0.0 suffix_ms=9663.5 first_token_ms=36787.3 generation_ms=321729.5 generated=64 generation_tps=0.199
AGENT index=71 mig=fafc828a exit=0 wall_ms=237558 text=f9c832b7cad1a509 role=child prefix_tokens=14282 suffix_tokens=32 model_ms=17774.5 context_ms=990.8 state_ms=61.12 prefix_ms=0.0 suffix_ms=3049.5 first_token_ms=26992.8 generation_ms=210189.8 generated=64 generation_tps=0.304
AGENT index=72 mig=31ffbfe4 exit=0 wall_ms=359965 text=4e007a54c417b8e2 role=child prefix_tokens=14282 suffix_tokens=19 model_ms=20990.0 context_ms=511.2 state_ms=34.36 prefix_ms=0.0 suffix_ms=9215.5 first_token_ms=35855.1 generation_ms=323167.7 generated=64 generation_tps=0.198
AGENT index=73 mig=fafc828a exit=0 wall_ms=185325 text=f69b628d0f4868ff role=child prefix_tokens=14282 suffix_tokens=19 model_ms=12480.6 context_ms=716.2 state_ms=14.42 prefix_ms=0.0 suffix_ms=1063.6 first_token_ms=19812.9 generation_ms=165099.6 generated=64 generation_tps=0.388
AGENT index=74 mig=31ffbfe4 exit=0 wall_ms=285645 text=ab6f927a6830d128 role=child prefix_tokens=14282 suffix_tokens=18 model_ms=6095.7 context_ms=3431.1 state_ms=15.20 prefix_ms=0.0 suffix_ms=3536.5 first_token_ms=18495.2 generation_ms=266797.4 generated=64 generation_tps=0.240
AGENT index=75 mig=fafc828a exit=0 wall_ms=238051 text=3f79542af35d277d role=child prefix_tokens=14282 suffix_tokens=22 model_ms=18151.9 context_ms=961.7 state_ms=64.82 prefix_ms=0.0 suffix_ms=3082.4 first_token_ms=27641.1 generation_ms=210010.4 generated=64 generation_tps=0.305
AGENT index=76 mig=31ffbfe4 exit=0 wall_ms=358276 text=2c93819fe85df763 role=child prefix_tokens=14282 suffix_tokens=21 model_ms=19958.7 context_ms=669.7 state_ms=33.54 prefix_ms=0.0 suffix_ms=8896.8 first_token_ms=34744.0 generation_ms=323035.3 generated=64 generation_tps=0.198
AGENT index=77 mig=fafc828a exit=0 wall_ms=242670 text=5d483815f91685a6 role=child prefix_tokens=14282 suffix_tokens=31 model_ms=20814.3 context_ms=312.2 state_ms=10.97 prefix_ms=0.0 suffix_ms=6970.3 first_token_ms=33275.7 generation_ms=207811.3 generated=64 generation_tps=0.308
AGENT index=78 mig=31ffbfe4 exit=0 wall_ms=290710 text=3f33f20708943e2f role=child prefix_tokens=14282 suffix_tokens=21 model_ms=6709.7 context_ms=2801.4 state_ms=16.33 prefix_ms=0.0 suffix_ms=3035.5 first_token_ms=18524.7 generation_ms=271810.4 generated=64 generation_tps=0.235
AGENT index=79 mig=fafc828a exit=0 wall_ms=244420 text=0d9668c2f9cbc9fc role=child prefix_tokens=14282 suffix_tokens=26 model_ms=19524.1 context_ms=646.2 state_ms=30.77 prefix_ms=0.0 suffix_ms=6174.6 first_token_ms=32081.0 generation_ms=210053.3 generated=64 generation_tps=0.305
AGENT index=80 mig=31ffbfe4 exit=0 wall_ms=356327 text=86d4ee1044251a25 role=child prefix_tokens=14282 suffix_tokens=25 model_ms=18221.8 context_ms=678.5 state_ms=34.16 prefix_ms=0.0 suffix_ms=5597.1 first_token_ms=30311.7 generation_ms=325659.3 generated=64 generation_tps=0.197
AGENT index=81 mig=fafc828a exit=0 wall_ms=241055 text=facc2c2ea4689e1e role=child prefix_tokens=14282 suffix_tokens=22 model_ms=19427.3 context_ms=795.3 state_ms=30.28 prefix_ms=0.0 suffix_ms=5396.1 first_token_ms=31573.0 generation_ms=208947.7 generated=64 generation_tps=0.306
AGENT index=82 mig=31ffbfe4 exit=0 wall_ms=355604 text=ce66287a7832a2bb role=child prefix_tokens=14282 suffix_tokens=21 model_ms=17847.6 context_ms=823.1 state_ms=36.55 prefix_ms=0.0 suffix_ms=5167.2 first_token_ms=29295.8 generation_ms=325940.2 generated=64 generation_tps=0.196
AGENT index=83 mig=fafc828a exit=0 wall_ms=239916 text=cdf6d4762f0ad9c6 role=child prefix_tokens=14282 suffix_tokens=18 model_ms=19144.7 context_ms=486.3 state_ms=46.76 prefix_ms=0.0 suffix_ms=4629.0 first_token_ms=30196.0 generation_ms=209314.6 generated=64 generation_tps=0.306
AGENT index=84 mig=31ffbfe4 exit=0 wall_ms=359513 text=1af3357d195a5902 role=child prefix_tokens=14282 suffix_tokens=21 model_ms=21649.8 context_ms=117.7 state_ms=6.22 prefix_ms=0.0 suffix_ms=9519.1 first_token_ms=36760.9 generation_ms=322216.2 generated=64 generation_tps=0.199
AGENT index=85 mig=fafc828a exit=0 wall_ms=244363 text=957077b2ac48aee9 role=child prefix_tokens=14282 suffix_tokens=26 model_ms=20026.8 context_ms=774.5 state_ms=7.15 prefix_ms=0.0 suffix_ms=6924.0 first_token_ms=33686.1 generation_ms=208213.4 generated=64 generation_tps=0.307
AGENT index=86 mig=31ffbfe4 exit=0 wall_ms=360345 text=1b55181381f9c4bb role=child prefix_tokens=14282 suffix_tokens=27 model_ms=20274.2 context_ms=572.6 state_ms=10.03 prefix_ms=0.0 suffix_ms=9878.7 first_token_ms=36785.2 generation_ms=322602.7 generated=64 generation_tps=0.198
AGENT index=87 mig=fafc828a exit=0 wall_ms=240483 text=b8ac585c0a873612 role=child prefix_tokens=14282 suffix_tokens=17 model_ms=19486.7 context_ms=524.9 state_ms=53.70 prefix_ms=0.0 suffix_ms=5354.9 first_token_ms=31006.5 generation_ms=209049.8 generated=64 generation_tps=0.306
AGENT index=88 mig=31ffbfe4 exit=0 wall_ms=306519 text=9834d2c93010cb40 role=child prefix_tokens=14282 suffix_tokens=22 model_ms=13353.0 context_ms=677.6 state_ms=15.96 prefix_ms=0.0 suffix_ms=1527.5 first_token_ms=20300.6 generation_ms=285879.3 generated=64 generation_tps=0.224
AGENT index=89 mig=fafc828a exit=0 wall_ms=243840 text=4a108aa854664970 role=child prefix_tokens=14282 suffix_tokens=23 model_ms=20493.8 context_ms=403.4 state_ms=42.40 prefix_ms=0.0 suffix_ms=5700.6 first_token_ms=31878.3 generation_ms=210122.0 generated=64 generation_tps=0.305
AGENT index=90 mig=31ffbfe4 exit=0 wall_ms=353329 text=dbc7a5d875e3e7e1 role=child prefix_tokens=14282 suffix_tokens=19 model_ms=17356.2 context_ms=549.6 state_ms=50.27 prefix_ms=0.0 suffix_ms=3402.4 first_token_ms=27338.2 generation_ms=325632.6 generated=64 generation_tps=0.197
AGENT index=91 mig=fafc828a exit=0 wall_ms=244173 text=7b1e906b43903ada role=child prefix_tokens=14282 suffix_tokens=21 model_ms=21441.7 context_ms=482.6 state_ms=8.89 prefix_ms=0.0 suffix_ms=6304.1 first_token_ms=33461.1 generation_ms=208539.6 generated=64 generation_tps=0.307
AGENT index=92 mig=31ffbfe4 exit=0 wall_ms=356260 text=6270d284b62a8043 role=child prefix_tokens=14282 suffix_tokens=20 model_ms=19952.1 context_ms=554.3 state_ms=20.30 prefix_ms=0.0 suffix_ms=8966.8 first_token_ms=34641.0 generation_ms=321152.2 generated=64 generation_tps=0.199
AGENT index=93 mig=fafc828a exit=0 wall_ms=234629 text=ce087b8cf95f26a2 role=child prefix_tokens=14282 suffix_tokens=22 model_ms=16386.3 context_ms=1155.3 state_ms=43.28 prefix_ms=0.0 suffix_ms=2066.5 first_token_ms=25536.4 generation_ms=208603.1 generated=64 generation_tps=0.307
AGENT index=94 mig=31ffbfe4 exit=0 wall_ms=360099 text=4878ce4ae644876a role=child prefix_tokens=14282 suffix_tokens=20 model_ms=20987.9 context_ms=211.5 state_ms=5.95 prefix_ms=0.0 suffix_ms=9547.2 first_token_ms=36769.7 generation_ms=322608.3 generated=64 generation_tps=0.198
AGENT index=95 mig=fafc828a exit=0 wall_ms=236685 text=93d0d9337eb50146 role=child prefix_tokens=14282 suffix_tokens=22 model_ms=16972.3 context_ms=1256.2 state_ms=56.12 prefix_ms=0.0 suffix_ms=2417.0 first_token_ms=26222.5 generation_ms=210091.5 generated=64 generation_tps=0.305
AGENT index=96 mig=31ffbfe4 exit=0 wall_ms=360231 text=5b3e8496b267e28f role=child prefix_tokens=14282 suffix_tokens=28 model_ms=21207.0 context_ms=639.0 state_ms=7.14 prefix_ms=0.0 suffix_ms=9678.9 first_token_ms=36500.5 generation_ms=322710.2 generated=64 generation_tps=0.198
AGENT index=97 mig=fafc828a exit=0 wall_ms=244036 text=5b450cf9627e77b9 role=child prefix_tokens=14282 suffix_tokens=23 model_ms=21480.1 context_ms=234.3 state_ms=8.77 prefix_ms=0.0 suffix_ms=6261.5 first_token_ms=33345.9 generation_ms=208953.4 generated=64 generation_tps=0.306
AGENT index=98 mig=31ffbfe4 exit=0 wall_ms=358610 text=f1423a12d392ea73 role=child prefix_tokens=14282 suffix_tokens=25 model_ms=19258.9 context_ms=510.7 state_ms=25.52 prefix_ms=0.0 suffix_ms=9258.6 first_token_ms=34966.3 generation_ms=323207.8 generated=64 generation_tps=0.198
AGENT index=99 mig=fafc828a exit=0 wall_ms=244263 text=65315b3a048c65d3 role=child prefix_tokens=14282 suffix_tokens=33 model_ms=20584.2 context_ms=313.5 state_ms=14.39 prefix_ms=0.0 suffix_ms=7252.1 first_token_ms=34195.0 generation_ms=208146.6 generated=64 generation_tps=0.307
AGENT index=100 mig=31ffbfe4 exit=0 wall_ms=352781 text=46bf93c2b1366bc6 role=child prefix_tokens=14282 suffix_tokens=25 model_ms=16712.6 context_ms=1100.5 state_ms=41.28 prefix_ms=0.0 suffix_ms=4308.6 first_token_ms=27908.0 generation_ms=324474.9 generated=64 generation_tps=0.197
AGENT index=101 mig=fafc828a exit=0 wall_ms=240575 text=c62512a5d8b596ef role=child prefix_tokens=14282 suffix_tokens=28 model_ms=21754.3 context_ms=564.7 state_ms=7.25 prefix_ms=0.0 suffix_ms=6702.1 first_token_ms=33689.2 generation_ms=206402.6 generated=64 generation_tps=0.310
AGENT index=102 mig=31ffbfe4 exit=0 wall_ms=359158 text=1e3a87d5bf89af05 role=child prefix_tokens=14282 suffix_tokens=23 model_ms=19728.5 context_ms=379.1 state_ms=20.87 prefix_ms=0.0 suffix_ms=9205.8 first_token_ms=34981.4 generation_ms=323639.7 generated=64 generation_tps=0.198
AGENT index=103 mig=fafc828a exit=0 wall_ms=175634 text=f9c832b7cad1a509 role=child prefix_tokens=14282 suffix_tokens=33 model_ms=8760.8 context_ms=3423.4 state_ms=16.17 prefix_ms=0.0 suffix_ms=1922.8 first_token_ms=18994.9 generation_ms=156254.5 generated=64 generation_tps=0.410
AGENT index=104 mig=31ffbfe4 exit=0 wall_ms=359122 text=788265a3a7959ede role=child prefix_tokens=14282 suffix_tokens=20 model_ms=20553.1 context_ms=627.8 state_ms=14.24 prefix_ms=0.0 suffix_ms=9433.7 first_token_ms=36219.8 generation_ms=322444.0 generated=64 generation_tps=0.198
AGENT index=105 mig=fafc828a exit=0 wall_ms=241029 text=9bbcff728ca7192b role=child prefix_tokens=14282 suffix_tokens=20 model_ms=19370.4 context_ms=706.9 state_ms=47.94 prefix_ms=0.0 suffix_ms=4547.2 first_token_ms=29750.7 generation_ms=210607.4 generated=64 generation_tps=0.304
AGENT index=106 mig=31ffbfe4 exit=0 wall_ms=359583 text=f4dd5b98bdc77fee role=child prefix_tokens=14282 suffix_tokens=19 model_ms=20615.4 context_ms=611.9 state_ms=18.61 prefix_ms=0.0 suffix_ms=9216.3 first_token_ms=35855.0 generation_ms=323039.1 generated=64 generation_tps=0.198
AGENT index=107 mig=fafc828a exit=0 wall_ms=234523 text=b75a2e4512194a0a role=child prefix_tokens=14282 suffix_tokens=23 model_ms=15919.8 context_ms=1180.3 state_ms=36.36 prefix_ms=0.0 suffix_ms=3002.8 first_token_ms=25802.7 generation_ms=208259.2 generated=64 generation_tps=0.307
AGENT index=108 mig=31ffbfe4 exit=0 wall_ms=360221 text=2c93819fe85df763 role=child prefix_tokens=14282 suffix_tokens=22 model_ms=20851.2 context_ms=750.8 state_ms=16.97 prefix_ms=0.0 suffix_ms=9177.4 first_token_ms=35861.3 generation_ms=323099.2 generated=64 generation_tps=0.198
AGENT index=109 mig=fafc828a exit=0 wall_ms=244172 text=5d483815f91685a6 role=child prefix_tokens=14282 suffix_tokens=32 model_ms=21199.3 context_ms=335.5 state_ms=21.84 prefix_ms=0.0 suffix_ms=6799.8 first_token_ms=33713.7 generation_ms=208300.7 generated=64 generation_tps=0.307
AGENT index=110 mig=31ffbfe4 exit=0 wall_ms=358630 text=3f33f20708943e2f role=child prefix_tokens=14282 suffix_tokens=22 model_ms=20938.5 context_ms=335.3 state_ms=17.09 prefix_ms=0.0 suffix_ms=9331.9 first_token_ms=36276.2 generation_ms=321771.3 generated=64 generation_tps=0.199
AGENT index=111 mig=fafc828a exit=0 wall_ms=244369 text=0d9668c2f9cbc9fc role=child prefix_tokens=14282 suffix_tokens=27 model_ms=20969.5 context_ms=215.8 state_ms=6.30 prefix_ms=0.0 suffix_ms=6850.9 first_token_ms=33808.1 generation_ms=208456.5 generated=64 generation_tps=0.307
AGENT index=112 mig=31ffbfe4 exit=0 wall_ms=358264 text=787d0f2cb9f0f5f6 role=child prefix_tokens=14282 suffix_tokens=26 model_ms=21797.3 context_ms=376.5 state_ms=7.02 prefix_ms=0.0 suffix_ms=9883.4 first_token_ms=36954.7 generation_ms=320820.6 generated=64 generation_tps=0.199
AGENT index=113 mig=fafc828a exit=0 wall_ms=240864 text=1d161aafe68538d2 role=child prefix_tokens=14282 suffix_tokens=23 model_ms=20275.4 context_ms=730.4 state_ms=10.37 prefix_ms=0.0 suffix_ms=5949.9 first_token_ms=32654.5 generation_ms=207704.7 generated=64 generation_tps=0.308
AGENT index=114 mig=31ffbfe4 exit=0 wall_ms=355868 text=2f3bcae6671ff31f role=child prefix_tokens=14282 suffix_tokens=22 model_ms=18062.5 context_ms=903.1 state_ms=28.51 prefix_ms=0.0 suffix_ms=6963.4 first_token_ms=31829.1 generation_ms=323655.4 generated=64 generation_tps=0.198
AGENT index=115 mig=fafc828a exit=0 wall_ms=243194 text=cdf6d4762f0ad9c6 role=child prefix_tokens=14282 suffix_tokens=19 model_ms=21612.0 context_ms=384.1 state_ms=6.28 prefix_ms=0.0 suffix_ms=6166.2 first_token_ms=33267.2 generation_ms=208450.4 generated=64 generation_tps=0.307
AGENT index=116 mig=31ffbfe4 exit=0 wall_ms=360249 text=5337acbd8fb941ee role=child prefix_tokens=14282 suffix_tokens=22 model_ms=21215.9 context_ms=383.2 state_ms=6.37 prefix_ms=0.0 suffix_ms=9637.0 first_token_ms=36685.9 generation_ms=322508.8 generated=64 generation_tps=0.198
AGENT index=117 mig=fafc828a exit=0 wall_ms=240583 text=a34112262f5fd48d role=child prefix_tokens=14282 suffix_tokens=27 model_ms=20608.5 context_ms=587.4 state_ms=41.58 prefix_ms=0.0 suffix_ms=6939.1 first_token_ms=33004.8 generation_ms=207030.6 generated=64 generation_tps=0.309
AGENT index=118 mig=31ffbfe4 exit=0 wall_ms=359780 text=ad3122b47bf9d41d role=child prefix_tokens=14282 suffix_tokens=28 model_ms=20272.3 context_ms=487.1 state_ms=16.23 prefix_ms=0.0 suffix_ms=9194.8 first_token_ms=35197.4 generation_ms=323734.8 generated=64 generation_tps=0.198
AGENT index=119 mig=fafc828a exit=0 wall_ms=239658 text=c096e05173cc4f43 role=child prefix_tokens=14282 suffix_tokens=18 model_ms=20772.9 context_ms=588.4 state_ms=6.85 prefix_ms=0.0 suffix_ms=6309.3 first_token_ms=33319.1 generation_ms=205959.5 generated=64 generation_tps=0.311
AGENT index=120 mig=31ffbfe4 exit=0 wall_ms=358869 text=9834d2c93010cb40 role=child prefix_tokens=14282 suffix_tokens=23 model_ms=20464.6 context_ms=610.5 state_ms=8.23 prefix_ms=0.0 suffix_ms=9526.9 first_token_ms=36510.3 generation_ms=321856.3 generated=64 generation_tps=0.199
AGENT index=121 mig=fafc828a exit=0 wall_ms=244167 text=1aa7a235737ffc91 role=child prefix_tokens=14282 suffix_tokens=24 model_ms=20905.2 context_ms=405.9 state_ms=8.25 prefix_ms=0.0 suffix_ms=6320.5 first_token_ms=33367.6 generation_ms=208679.3 generated=64 generation_tps=0.307
AGENT index=122 mig=31ffbfe4 exit=0 wall_ms=357365 text=b5b604cb763700f9 role=child prefix_tokens=14282 suffix_tokens=20 model_ms=21316.3 context_ms=307.6 state_ms=8.23 prefix_ms=0.0 suffix_ms=9548.7 first_token_ms=36582.1 generation_ms=320334.6 generated=64 generation_tps=0.200
AGENT index=123 mig=fafc828a exit=0 wall_ms=242977 text=e38ea5b855370f1e role=child prefix_tokens=14282 suffix_tokens=22 model_ms=20337.4 context_ms=469.5 state_ms=30.40 prefix_ms=0.0 suffix_ms=6002.9 first_token_ms=32285.8 generation_ms=209409.1 generated=64 generation_tps=0.306
AGENT index=124 mig=31ffbfe4 exit=0 wall_ms=358641 text=61f860d06cef5fa0 role=child prefix_tokens=14282 suffix_tokens=21 model_ms=21284.1 context_ms=129.4 state_ms=7.68 prefix_ms=0.0 suffix_ms=9642.5 first_token_ms=36735.4 generation_ms=321498.9 generated=64 generation_tps=0.199
AGENT index=125 mig=fafc828a exit=0 wall_ms=234947 text=97190065bed772ed role=child prefix_tokens=14282 suffix_tokens=23 model_ms=17102.8 context_ms=995.9 state_ms=54.49 prefix_ms=0.0 suffix_ms=2097.8 first_token_ms=25467.8 generation_ms=209009.6 generated=64 generation_tps=0.306
AGENT index=126 mig=31ffbfe4 exit=0 wall_ms=358792 text=7596decc9ef604b8 role=child prefix_tokens=14282 suffix_tokens=21 model_ms=20592.2 context_ms=642.1 state_ms=8.56 prefix_ms=0.0 suffix_ms=9376.8 first_token_ms=36130.7 generation_ms=322225.4 generated=64 generation_tps=0.199
AGENT index=127 mig=fafc828a exit=0 wall_ms=241613 text=c5fb19c141f1ba26 role=child prefix_tokens=14282 suffix_tokens=23 model_ms=21091.8 context_ms=360.8 state_ms=7.38 prefix_ms=0.0 suffix_ms=6329.0 first_token_ms=33416.5 generation_ms=207498.6 generated=64 generation_tps=0.308
AGENT index=128 mig=31ffbfe4 exit=0 wall_ms=304261 text=a067a6895417f0e8 role=child prefix_tokens=14282 suffix_tokens=29 model_ms=8726.4 context_ms=2696.8 state_ms=15.37 prefix_ms=0.0 suffix_ms=2310.0 first_token_ms=19297.6 generation_ms=284606.1 generated=64 generation_tps=0.225
AGENT index=129 mig=fafc828a exit=0 wall_ms=244107 text=e269a384d3eb41d6 role=child prefix_tokens=14282 suffix_tokens=24 model_ms=20792.4 context_ms=339.0 state_ms=12.38 prefix_ms=0.0 suffix_ms=6297.0 first_token_ms=33133.9 generation_ms=208783.7 generated=64 generation_tps=0.307
AGENT index=130 mig=31ffbfe4 exit=0 wall_ms=308580 text=15032619dc24c29f role=child prefix_tokens=14282 suffix_tokens=26 model_ms=11400.7 context_ms=1088.0 state_ms=15.36 prefix_ms=0.0 suffix_ms=1750.1 first_token_ms=19818.1 generation_ms=288410.9 generated=64 generation_tps=0.222
AGENT index=131 mig=fafc828a exit=0 wall_ms=243955 text=077e38d3762a4e5d role=child prefix_tokens=14282 suffix_tokens=34 model_ms=20989.6 context_ms=364.0 state_ms=8.20 prefix_ms=0.0 suffix_ms=7480.3 first_token_ms=34449.5 generation_ms=207721.3 generated=64 generation_tps=0.308
AGENT index=132 mig=31ffbfe4 exit=0 wall_ms=357299 text=4c7b6a4b009d79e1 role=child prefix_tokens=14282 suffix_tokens=25 model_ms=20801.1 context_ms=418.8 state_ms=6.47 prefix_ms=0.0 suffix_ms=9774.1 first_token_ms=36672.8 generation_ms=320208.7 generated=64 generation_tps=0.200
AGENT index=133 mig=fafc828a exit=0 wall_ms=241509 text=de8de835a0ccf4c5 role=child prefix_tokens=14282 suffix_tokens=28 model_ms=20811.9 context_ms=649.2 state_ms=8.68 prefix_ms=0.0 suffix_ms=6695.5 first_token_ms=33389.6 generation_ms=207286.2 generated=64 generation_tps=0.309
AGENT index=134 mig=31ffbfe4 exit=0 wall_ms=360076 text=74ff651a4aa431c6 role=child prefix_tokens=14282 suffix_tokens=23 model_ms=20487.2 context_ms=181.9 state_ms=8.07 prefix_ms=0.0 suffix_ms=9291.2 first_token_ms=36033.6 generation_ms=323194.8 generated=64 generation_tps=0.198
AGENT index=135 mig=fafc828a exit=0 wall_ms=240121 text=f9c832b7cad1a509 role=child prefix_tokens=14282 suffix_tokens=33 model_ms=17541.4 context_ms=741.7 state_ms=41.53 prefix_ms=0.0 suffix_ms=3695.4 first_token_ms=27826.3 generation_ms=211823.7 generated=64 generation_tps=0.302
AGENT index=136 mig=31ffbfe4 exit=0 wall_ms=355813 text=7c975bc8cb52745e role=child prefix_tokens=14282 suffix_tokens=20 model_ms=18658.2 context_ms=1019.8 state_ms=66.12 prefix_ms=0.0 suffix_ms=5815.2 first_token_ms=30845.5 generation_ms=324557.8 generated=64 generation_tps=0.197
AGENT index=137 mig=fafc828a exit=0 wall_ms=234955 text=54441ea4e19b19f9 role=child prefix_tokens=14282 suffix_tokens=20 model_ms=16103.7 context_ms=1598.3 state_ms=62.46 prefix_ms=0.0 suffix_ms=2310.8 first_token_ms=25559.3 generation_ms=208977.7 generated=64 generation_tps=0.306
AGENT index=138 mig=31ffbfe4 exit=0 wall_ms=359999 text=402d0a29aca55967 role=child prefix_tokens=14282 suffix_tokens=19 model_ms=20546.7 context_ms=347.3 state_ms=13.19 prefix_ms=0.0 suffix_ms=9549.4 first_token_ms=36362.6 generation_ms=322829.6 generated=64 generation_tps=0.198
AGENT index=139 mig=fafc828a exit=0 wall_ms=242315 text=cf77ab317ebf3cc0 role=child prefix_tokens=14282 suffix_tokens=23 model_ms=20648.2 context_ms=554.4 state_ms=7.61 prefix_ms=0.0 suffix_ms=6167.5 first_token_ms=33170.1 generation_ms=208062.5 generated=64 generation_tps=0.308
MEMORY mem_available_drop_mib=98359 mem_available_before_mib=119930 mem_free_before_mib=44420 pss_anon_mib=32738 pss_file_mib=7431 pss_shmem_mib=8929 device_mib=54180 samples=21
END_CASE failed_agents=0 wall_ms=361539
END_KVSTACK
BEGIN_KVSTACK run=3 context=16384 publisher_mig=fafc828a mem_free_mib=48206 kernel_reclaimable_mib=69101
PUBLISH store=stock prefix_tokens=14282 prefix_ms=16882.9 publish_ms=504.72 state_bytes=819216229
PUBLISH store=device prefix_tokens=14282 prefix_ms=16965.4 publish_ms=505.96 state_bytes=819216229
PUBLISH store=huge prefix_tokens=14282 prefix_ms=17022.5 publish_ms=8.39 state_bytes=229221 file_used_kib=802816
CASE mode=both agents=140
AGENT index=0 mig=fafc828a exit=0 wall_ms=242345 text=bb92e4befc7eddec role=child prefix_tokens=14282 suffix_tokens=27 model_ms=22337.3 context_ms=228.3 state_ms=6.78 prefix_ms=0.0 suffix_ms=6923.6 first_token_ms=34552.0 generation_ms=207211.4 generated=64 generation_tps=0.309
AGENT index=1 mig=31ffbfe4 exit=0 wall_ms=264892 text=a8d47b5298abb2fc role=child prefix_tokens=14282 suffix_tokens=22 model_ms=12686.3 context_ms=2553.5 state_ms=15.03 prefix_ms=0.0 suffix_ms=1683.7 first_token_ms=19249.8 generation_ms=245328.7 generated=64 generation_tps=0.261
AGENT index=2 mig=fafc828a exit=0 wall_ms=182075 text=abfd4eb3fb8ebdd8 role=child prefix_tokens=14282 suffix_tokens=24 model_ms=13010.0 context_ms=705.5 state_ms=15.10 prefix_ms=0.0 suffix_ms=1478.6 first_token_ms=19867.0 generation_ms=161824.3 generated=64 generation_tps=0.395
AGENT index=3 mig=31ffbfe4 exit=0 wall_ms=360085 text=077e38d3762a4e5d role=child prefix_tokens=14282 suffix_tokens=32 model_ms=21421.5 context_ms=306.3 state_ms=6.34 prefix_ms=0.0 suffix_ms=10008.7 first_token_ms=37594.5 generation_ms=321715.2 generated=64 generation_tps=0.199
AGENT index=4 mig=fafc828a exit=0 wall_ms=244852 text=16f8c0610a09645d role=child prefix_tokens=14282 suffix_tokens=23 model_ms=20795.5 context_ms=651.6 state_ms=39.41 prefix_ms=0.0 suffix_ms=5976.3 first_token_ms=32821.1 generation_ms=210006.0 generated=64 generation_tps=0.305
AGENT index=5 mig=31ffbfe4 exit=0 wall_ms=361116 text=ff4188d71e02bfdb role=child prefix_tokens=14282 suffix_tokens=26 model_ms=21590.5 context_ms=285.8 state_ms=6.46 prefix_ms=0.0 suffix_ms=10026.5 first_token_ms=37646.7 generation_ms=322461.6 generated=64 generation_tps=0.198
AGENT index=6 mig=fafc828a exit=0 wall_ms=244022 text=f88f503d1005fa22 role=child prefix_tokens=14282 suffix_tokens=21 model_ms=21117.8 context_ms=642.0 state_ms=16.91 prefix_ms=0.0 suffix_ms=5822.8 first_token_ms=32806.2 generation_ms=209938.1 generated=64 generation_tps=0.305
AGENT index=7 mig=31ffbfe4 exit=0 wall_ms=360297 text=f9c832b7cad1a509 role=child prefix_tokens=14282 suffix_tokens=31 model_ms=21142.0 context_ms=468.3 state_ms=18.31 prefix_ms=0.0 suffix_ms=9791.6 first_token_ms=37033.2 generation_ms=322504.9 generated=64 generation_tps=0.198
AGENT index=8 mig=fafc828a exit=0 wall_ms=183212 text=ae3f57b141780268 role=child prefix_tokens=14282 suffix_tokens=18 model_ms=13250.7 context_ms=754.9 state_ms=15.78 prefix_ms=0.0 suffix_ms=1455.7 first_token_ms=20042.0 generation_ms=162779.0 generated=64 generation_tps=0.393
AGENT index=9 mig=31ffbfe4 exit=0 wall_ms=359234 text=a2d016def74ecc62 role=child prefix_tokens=14282 suffix_tokens=18 model_ms=21127.6 context_ms=548.7 state_ms=11.91 prefix_ms=0.0 suffix_ms=9407.1 first_token_ms=36144.1 generation_ms=322658.2 generated=64 generation_tps=0.198
AGENT index=10 mig=fafc828a exit=0 wall_ms=237328 text=a733f3a39259263c role=child prefix_tokens=14282 suffix_tokens=18 model_ms=18609.4 context_ms=856.4 state_ms=23.39 prefix_ms=0.0 suffix_ms=2546.7 first_token_ms=27069.6 generation_ms=209843.4 generated=64 generation_tps=0.305
AGENT index=11 mig=31ffbfe4 exit=0 wall_ms=356413 text=087278665f3dec68 role=child prefix_tokens=14282 suffix_tokens=22 model_ms=19832.2 context_ms=831.5 state_ms=46.41 prefix_ms=0.0 suffix_ms=7924.6 first_token_ms=33689.8 generation_ms=322369.2 generated=64 generation_tps=0.199
AGENT index=12 mig=fafc828a exit=0 wall_ms=235495 text=2c93819fe85df763 role=child prefix_tokens=14282 suffix_tokens=21 model_ms=17970.4 context_ms=683.1 state_ms=46.39 prefix_ms=0.0 suffix_ms=2490.3 first_token_ms=26178.8 generation_ms=208915.3 generated=64 generation_tps=0.306
AGENT index=13 mig=31ffbfe4 exit=0 wall_ms=358711 text=5d483815f91685a6 role=child prefix_tokens=14282 suffix_tokens=31 model_ms=21706.6 context_ms=593.1 state_ms=6.44 prefix_ms=0.0 suffix_ms=9927.0 first_token_ms=37430.1 generation_ms=320821.2 generated=64 generation_tps=0.199
AGENT index=14 mig=fafc828a exit=0 wall_ms=239645 text=3f33f20708943e2f role=child prefix_tokens=14282 suffix_tokens=21 model_ms=21998.6 context_ms=291.4 state_ms=6.03 prefix_ms=0.0 suffix_ms=5940.5 first_token_ms=33370.6 generation_ms=205766.2 generated=64 generation_tps=0.311
AGENT index=15 mig=31ffbfe4 exit=0 wall_ms=360874 text=0502c45076359254 role=child prefix_tokens=14282 suffix_tokens=26 model_ms=21735.0 context_ms=173.8 state_ms=11.44 prefix_ms=0.0 suffix_ms=9984.2 first_token_ms=37553.6 generation_ms=322047.2 generated=64 generation_tps=0.199
AGENT index=16 mig=fafc828a exit=0 wall_ms=244162 text=0ebc8757605c5571 role=child prefix_tokens=14282 suffix_tokens=25 model_ms=21697.6 context_ms=484.9 state_ms=6.14 prefix_ms=0.0 suffix_ms=6909.0 first_token_ms=34414.8 generation_ms=208353.5 generated=64 generation_tps=0.307
AGENT index=17 mig=31ffbfe4 exit=0 wall_ms=352294 text=5d7dbcf0a7eca76c role=child prefix_tokens=14282 suffix_tokens=22 model_ms=19290.4 context_ms=664.5 state_ms=54.79 prefix_ms=0.0 suffix_ms=4494.3 first_token_ms=29498.9 generation_ms=322462.6 generated=64 generation_tps=0.198
AGENT index=18 mig=fafc828a exit=0 wall_ms=243878 text=cb99e4b1c2fd84d5 role=child prefix_tokens=14282 suffix_tokens=21 model_ms=21813.1 context_ms=268.3 state_ms=7.21 prefix_ms=0.0 suffix_ms=6057.6 first_token_ms=33512.0 generation_ms=208923.4 generated=64 generation_tps=0.306
AGENT index=19 mig=31ffbfe4 exit=0 wall_ms=358094 text=4c7501e634d9bf23 role=child prefix_tokens=14282 suffix_tokens=18 model_ms=20335.2 context_ms=839.8 state_ms=45.96 prefix_ms=0.0 suffix_ms=8821.5 first_token_ms=35124.5 generation_ms=322586.7 generated=64 generation_tps=0.198
AGENT index=20 mig=fafc828a exit=0 wall_ms=239302 text=b3893059e7e79532 role=child prefix_tokens=14282 suffix_tokens=21 model_ms=18671.3 context_ms=883.5 state_ms=42.38 prefix_ms=0.0 suffix_ms=3047.3 first_token_ms=27696.6 generation_ms=211202.3 generated=64 generation_tps=0.303
AGENT index=21 mig=31ffbfe4 exit=0 wall_ms=360544 text=284eef78a2286715 role=child prefix_tokens=14282 suffix_tokens=26 model_ms=21374.0 context_ms=421.8 state_ms=18.31 prefix_ms=0.0 suffix_ms=9766.6 first_token_ms=36988.7 generation_ms=322525.2 generated=64 generation_tps=0.198
AGENT index=22 mig=fafc828a exit=0 wall_ms=244244 text=ad3122b47bf9d41d role=child prefix_tokens=14282 suffix_tokens=27 model_ms=22168.3 context_ms=286.6 state_ms=6.78 prefix_ms=0.0 suffix_ms=6780.7 first_token_ms=34379.3 generation_ms=208127.3 generated=64 generation_tps=0.308
AGENT index=23 mig=31ffbfe4 exit=0 wall_ms=344625 text=f79224e341ba5115 role=child prefix_tokens=14282 suffix_tokens=17 model_ms=16392.0 context_ms=1558.5 state_ms=12.41 prefix_ms=0.0 suffix_ms=2108.7 first_token_ms=25099.7 generation_ms=319165.3 generated=64 generation_tps=0.201
AGENT index=24 mig=fafc828a exit=0 wall_ms=237473 text=9834d2c93010cb40 role=child prefix_tokens=14282 suffix_tokens=22 model_ms=17652.7 context_ms=1278.5 state_ms=61.70 prefix_ms=0.0 suffix_ms=3117.5 first_token_ms=27175.9 generation_ms=209898.7 generated=64 generation_tps=0.305
AGENT index=25 mig=31ffbfe4 exit=0 wall_ms=359204 text=da4c2dca73ac54e0 role=child prefix_tokens=14282 suffix_tokens=23 model_ms=20966.5 context_ms=710.8 state_ms=6.16 prefix_ms=0.0 suffix_ms=9581.3 first_token_ms=36815.2 generation_ms=321986.7 generated=64 generation_tps=0.199
AGENT index=26 mig=fafc828a exit=0 wall_ms=244205 text=07ec2de36a00f7a1 role=child prefix_tokens=14282 suffix_tokens=19 model_ms=19738.9 context_ms=642.3 state_ms=20.23 prefix_ms=0.0 suffix_ms=5372.8 first_token_ms=31416.9 generation_ms=211227.9 generated=64 generation_tps=0.303
AGENT index=27 mig=31ffbfe4 exit=0 wall_ms=361288 text=e1e29071a16e2061 role=child prefix_tokens=14282 suffix_tokens=21 model_ms=21787.4 context_ms=254.3 state_ms=6.70 prefix_ms=0.0 suffix_ms=9757.8 first_token_ms=37334.5 generation_ms=322488.3 generated=64 generation_tps=0.198
AGENT index=28 mig=fafc828a exit=0 wall_ms=242518 text=1c65ed1020843e8d role=child prefix_tokens=14282 suffix_tokens=20 model_ms=21390.8 context_ms=560.8 state_ms=15.87 prefix_ms=0.0 suffix_ms=5894.1 first_token_ms=33056.7 generation_ms=208834.0 generated=64 generation_tps=0.306
AGENT index=29 mig=31ffbfe4 exit=0 wall_ms=354181 text=a72f71cd80731afe role=child prefix_tokens=14282 suffix_tokens=22 model_ms=20287.1 context_ms=831.4 state_ms=13.32 prefix_ms=0.0 suffix_ms=8390.6 first_token_ms=34494.6 generation_ms=319330.0 generated=64 generation_tps=0.200
AGENT index=30 mig=fafc828a exit=0 wall_ms=235063 text=317f6f38771a1e41 role=child prefix_tokens=14282 suffix_tokens=20 model_ms=17018.9 context_ms=1710.1 state_ms=64.00 prefix_ms=0.0 suffix_ms=2032.2 first_token_ms=25837.2 generation_ms=208816.7 generated=64 generation_tps=0.306
AGENT index=31 mig=31ffbfe4 exit=0 wall_ms=357231 text=1b4036771dcdadef role=child prefix_tokens=14282 suffix_tokens=22 model_ms=20021.2 context_ms=494.4 state_ms=30.36 prefix_ms=0.0 suffix_ms=7600.6 first_token_ms=33352.9 generation_ms=323447.3 generated=64 generation_tps=0.198
AGENT index=32 mig=fafc828a exit=0 wall_ms=239670 text=3f50371ecb0032a2 role=child prefix_tokens=14282 suffix_tokens=28 model_ms=19313.5 context_ms=720.1 state_ms=60.20 prefix_ms=0.0 suffix_ms=6517.7 first_token_ms=31605.5 generation_ms=207594.5 generated=64 generation_tps=0.308
AGENT index=33 mig=31ffbfe4 exit=0 wall_ms=359671 text=5b450cf9627e77b9 role=child prefix_tokens=14282 suffix_tokens=23 model_ms=19094.8 context_ms=447.1 state_ms=42.46 prefix_ms=0.0 suffix_ms=8454.5 first_token_ms=33882.2 generation_ms=325188.3 generated=64 generation_tps=0.197
AGENT index=34 mig=fafc828a exit=0 wall_ms=243039 text=8fe64643182c4081 role=child prefix_tokens=14282 suffix_tokens=25 model_ms=19770.3 context_ms=547.1 state_ms=48.51 prefix_ms=0.0 suffix_ms=6770.1 first_token_ms=32416.5 generation_ms=209488.2 generated=64 generation_tps=0.306
AGENT index=35 mig=31ffbfe4 exit=0 wall_ms=360805 text=ab418a5e41977b06 role=child prefix_tokens=14282 suffix_tokens=33 model_ms=20089.4 context_ms=562.7 state_ms=8.49 prefix_ms=0.0 suffix_ms=11176.6 first_token_ms=37850.9 generation_ms=321801.5 generated=64 generation_tps=0.199
AGENT index=36 mig=fafc828a exit=0 wall_ms=242060 text=2852504019aca3b6 role=child prefix_tokens=14282 suffix_tokens=24 model_ms=20270.8 context_ms=633.5 state_ms=44.16 prefix_ms=0.0 suffix_ms=5415.9 first_token_ms=31473.7 generation_ms=209990.4 generated=64 generation_tps=0.305
AGENT index=37 mig=31ffbfe4 exit=0 wall_ms=358710 text=bef1e0801c6e655f role=child prefix_tokens=14282 suffix_tokens=27 model_ms=21830.6 context_ms=292.9 state_ms=6.91 prefix_ms=0.0 suffix_ms=9840.6 first_token_ms=37248.3 generation_ms=321020.8 generated=64 generation_tps=0.199
AGENT index=38 mig=fafc828a exit=0 wall_ms=244974 text=03d3cecc4e2c4ef7 role=child prefix_tokens=14282 suffix_tokens=22 model_ms=21144.3 context_ms=622.6 state_ms=18.21 prefix_ms=0.0 suffix_ms=5665.5 first_token_ms=32718.8 generation_ms=210114.6 generated=64 generation_tps=0.305
AGENT index=39 mig=31ffbfe4 exit=0 wall_ms=360762 text=f9c832b7cad1a509 role=child prefix_tokens=14282 suffix_tokens=32 model_ms=21053.4 context_ms=394.3 state_ms=8.16 prefix_ms=0.0 suffix_ms=9586.3 first_token_ms=36550.2 generation_ms=322912.0 generated=64 generation_tps=0.198
AGENT index=40 mig=fafc828a exit=0 wall_ms=245229 text=1bedc9985ebffdf3 role=child prefix_tokens=14282 suffix_tokens=19 model_ms=21312.0 context_ms=442.1 state_ms=6.41 prefix_ms=0.0 suffix_ms=6101.3 first_token_ms=33558.1 generation_ms=209413.9 generated=64 generation_tps=0.306
AGENT index=41 mig=31ffbfe4 exit=0 wall_ms=358833 text=45248c21a8c64213 role=child prefix_tokens=14282 suffix_tokens=19 model_ms=21455.8 context_ms=524.1 state_ms=9.20 prefix_ms=0.0 suffix_ms=9414.0 first_token_ms=36645.7 generation_ms=321793.0 generated=64 generation_tps=0.199
AGENT index=42 mig=fafc828a exit=0 wall_ms=242900 text=c2b860976d76c188 role=child prefix_tokens=14282 suffix_tokens=18 model_ms=22141.0 context_ms=261.1 state_ms=6.27 prefix_ms=0.0 suffix_ms=6107.0 first_token_ms=33633.7 generation_ms=208415.4 generated=64 generation_tps=0.307
AGENT index=43 mig=31ffbfe4 exit=0 wall_ms=360014 text=7f088fd1d1738f8b role=child prefix_tokens=14282 suffix_tokens=22 model_ms=21813.7 context_ms=425.2 state_ms=6.64 prefix_ms=0.0 suffix_ms=9629.3 first_token_ms=37019.1 generation_ms=322166.7 generated=64 generation_tps=0.199
AGENT index=44 mig=fafc828a exit=0 wall_ms=245383 text=f631ba01e55b49fa role=child prefix_tokens=14282 suffix_tokens=21 model_ms=21119.4 context_ms=366.9 state_ms=10.07 prefix_ms=0.0 suffix_ms=6057.7 first_token_ms=33478.4 generation_ms=209794.5 generated=64 generation_tps=0.305
AGENT index=45 mig=31ffbfe4 exit=0 wall_ms=358146 text=5d483815f91685a6 role=child prefix_tokens=14282 suffix_tokens=31 model_ms=20459.2 context_ms=697.6 state_ms=9.19 prefix_ms=0.0 suffix_ms=9299.8 first_token_ms=35453.1 generation_ms=322347.1 generated=64 generation_tps=0.199
AGENT index=46 mig=fafc828a exit=0 wall_ms=245292 text=56be8609eb72cb4a role=child prefix_tokens=14282 suffix_tokens=21 model_ms=21546.0 context_ms=394.0 state_ms=6.33 prefix_ms=0.0 suffix_ms=6186.7 first_token_ms=33674.5 generation_ms=209554.4 generated=64 generation_tps=0.305
AGENT index=47 mig=31ffbfe4 exit=0 wall_ms=358540 text=0d9668c2f9cbc9fc role=child prefix_tokens=14282 suffix_tokens=26 model_ms=21084.0 context_ms=576.3 state_ms=20.96 prefix_ms=0.0 suffix_ms=9516.2 first_token_ms=36120.6 generation_ms=322025.2 generated=64 generation_tps=0.199
AGENT index=48 mig=fafc828a exit=0 wall_ms=242129 text=27f58a7742c668f5 role=child prefix_tokens=14282 suffix_tokens=25 model_ms=22298.1 context_ms=282.7 state_ms=6.18 prefix_ms=0.0 suffix_ms=6758.2 first_token_ms=34263.5 generation_ms=207164.0 generated=64 generation_tps=0.309
AGENT index=49 mig=31ffbfe4 exit=0 wall_ms=351525 text=facc2c2ea4689e1e role=child prefix_tokens=14282 suffix_tokens=22 model_ms=17627.1 context_ms=940.1 state_ms=78.19 prefix_ms=0.0 suffix_ms=2952.1 first_token_ms=26991.9 generation_ms=324173.8 generated=64 generation_tps=0.197
AGENT index=50 mig=fafc828a exit=0 wall_ms=238380 text=64fd37c296cb1dd5 role=child prefix_tokens=14282 suffix_tokens=21 model_ms=16286.2 context_ms=1556.0 state_ms=30.61 prefix_ms=0.0 suffix_ms=3435.7 first_token_ms=26986.4 generation_ms=210988.4 generated=64 generation_tps=0.303
AGENT index=51 mig=31ffbfe4 exit=0 wall_ms=354243 text=4c7501e634d9bf23 role=child prefix_tokens=14282 suffix_tokens=18 model_ms=18359.0 context_ms=645.3 state_ms=67.10 prefix_ms=0.0 suffix_ms=4400.6 first_token_ms=28555.2 generation_ms=325312.2 generated=64 generation_tps=0.197
AGENT index=52 mig=fafc828a exit=0 wall_ms=243002 text=b3893059e7e79532 role=child prefix_tokens=14282 suffix_tokens=21 model_ms=21945.1 context_ms=240.3 state_ms=6.03 prefix_ms=0.0 suffix_ms=6249.9 first_token_ms=33692.7 generation_ms=208248.1 generated=64 generation_tps=0.307
AGENT index=53 mig=31ffbfe4 exit=0 wall_ms=358680 text=11e4c2a85150fa06 role=child prefix_tokens=14282 suffix_tokens=26 model_ms=19999.4 context_ms=975.2 state_ms=20.75 prefix_ms=0.0 suffix_ms=8357.7 first_token_ms=34638.2 generation_ms=323689.6 generated=64 generation_tps=0.198
AGENT index=54 mig=fafc828a exit=0 wall_ms=175699 text=3b6f5b9c968721eb role=child prefix_tokens=14282 suffix_tokens=27 model_ms=9333.1 context_ms=2795.3 state_ms=15.37 prefix_ms=0.0 suffix_ms=1828.7 first_token_ms=19193.8 generation_ms=154495.1 generated=64 generation_tps=0.414
AGENT index=55 mig=31ffbfe4 exit=0 wall_ms=358295 text=7e4fad52bd577abf role=child prefix_tokens=14282 suffix_tokens=17 model_ms=21596.7 context_ms=261.6 state_ms=6.72 prefix_ms=0.0 suffix_ms=9598.9 first_token_ms=37048.8 generation_ms=320750.6 generated=64 generation_tps=0.200
AGENT index=56 mig=fafc828a exit=0 wall_ms=242539 text=9834d2c93010cb40 role=child prefix_tokens=14282 suffix_tokens=22 model_ms=21050.1 context_ms=460.6 state_ms=14.26 prefix_ms=0.0 suffix_ms=5909.1 first_token_ms=33055.0 generation_ms=208672.8 generated=64 generation_tps=0.307
AGENT index=57 mig=31ffbfe4 exit=0 wall_ms=358372 text=a4e76b0a1993f6d6 role=child prefix_tokens=14282 suffix_tokens=23 model_ms=20698.8 context_ms=834.1 state_ms=20.74 prefix_ms=0.0 suffix_ms=9183.7 first_token_ms=35831.7 generation_ms=321982.8 generated=64 generation_tps=0.199
AGENT index=58 mig=fafc828a exit=0 wall_ms=239011 text=359d7b30e6a9a9fc role=child prefix_tokens=14282 suffix_tokens=19 model_ms=18104.1 context_ms=867.6 state_ms=19.22 prefix_ms=0.0 suffix_ms=2998.1 first_token_ms=27392.9 generation_ms=211232.5 generated=64 generation_tps=0.303
AGENT index=59 mig=31ffbfe4 exit=0 wall_ms=359690 text=7b1e906b43903ada role=child prefix_tokens=14282 suffix_tokens=21 model_ms=21648.5 context_ms=515.5 state_ms=8.69 prefix_ms=0.0 suffix_ms=9393.3 first_token_ms=36606.8 generation_ms=322523.5 generated=64 generation_tps=0.198
AGENT index=60 mig=fafc828a exit=0 wall_ms=243155 text=23f27e20526aad11 role=child prefix_tokens=14282 suffix_tokens=20 model_ms=20807.6 context_ms=434.2 state_ms=9.52 prefix_ms=0.0 suffix_ms=6057.3 first_token_ms=33364.1 generation_ms=208787.4 generated=64 generation_tps=0.307
AGENT index=61 mig=31ffbfe4 exit=0 wall_ms=360907 text=a61a16a4bc46c53d role=child prefix_tokens=14282 suffix_tokens=22 model_ms=21005.9 context_ms=398.8 state_ms=6.33 prefix_ms=0.0 suffix_ms=9834.5 first_token_ms=37235.0 generation_ms=322627.9 generated=64 generation_tps=0.198
AGENT index=62 mig=fafc828a exit=0 wall_ms=241131 text=dbac730f9e3a3df4 role=child prefix_tokens=14282 suffix_tokens=20 model_ms=19355.1 context_ms=534.4 state_ms=63.90 prefix_ms=0.0 suffix_ms=3853.5 first_token_ms=29152.3 generation_ms=211570.3 generated=64 generation_tps=0.302
AGENT index=63 mig=31ffbfe4 exit=0 wall_ms=358351 text=cd56b7d8c4ff1887 role=child prefix_tokens=14282 suffix_tokens=22 model_ms=20333.2 context_ms=702.7 state_ms=50.70 prefix_ms=0.0 suffix_ms=9006.9 first_token_ms=35400.6 generation_ms=322390.6 generated=64 generation_tps=0.199
AGENT index=64 mig=fafc828a exit=0 wall_ms=244798 text=a067a6895417f0e8 role=child prefix_tokens=14282 suffix_tokens=28 model_ms=22132.0 context_ms=233.4 state_ms=6.33 prefix_ms=0.0 suffix_ms=6953.5 first_token_ms=34385.0 generation_ms=208175.1 generated=64 generation_tps=0.307
AGENT index=65 mig=31ffbfe4 exit=0 wall_ms=353527 text=664acbfcf59959c4 role=child prefix_tokens=14282 suffix_tokens=23 model_ms=18032.9 context_ms=804.9 state_ms=39.90 prefix_ms=0.0 suffix_ms=3076.1 first_token_ms=27414.9 generation_ms=325710.2 generated=64 generation_tps=0.196
AGENT index=66 mig=fafc828a exit=0 wall_ms=234916 text=8fe64643182c4081 role=child prefix_tokens=14282 suffix_tokens=25 model_ms=16446.3 context_ms=1149.2 state_ms=38.09 prefix_ms=0.0 suffix_ms=2392.4 first_token_ms=25537.8 generation_ms=208973.9 generated=64 generation_tps=0.306
AGENT index=67 mig=31ffbfe4 exit=0 wall_ms=361013 text=077e38d3762a4e5d role=child prefix_tokens=14282 suffix_tokens=33 model_ms=21399.3 context_ms=748.8 state_ms=8.60 prefix_ms=0.0 suffix_ms=11835.0 first_token_ms=38966.6 generation_ms=320717.7 generated=64 generation_tps=0.200
AGENT index=68 mig=fafc828a exit=0 wall_ms=243239 text=4d2fc992c2841379 role=child prefix_tokens=14282 suffix_tokens=24 model_ms=20117.9 context_ms=658.8 state_ms=38.31 prefix_ms=0.0 suffix_ms=5877.8 first_token_ms=32089.0 generation_ms=210088.3 generated=64 generation_tps=0.305
AGENT index=69 mig=31ffbfe4 exit=0 wall_ms=353590 text=6ce00e8033df1792 role=child prefix_tokens=14282 suffix_tokens=27 model_ms=17292.0 context_ms=1247.3 state_ms=67.52 prefix_ms=0.0 suffix_ms=4101.8 first_token_ms=27910.0 generation_ms=325342.0 generated=64 generation_tps=0.197
AGENT index=70 mig=fafc828a exit=0 wall_ms=243541 text=312bed507beb25e1 role=child prefix_tokens=14282 suffix_tokens=22 model_ms=21754.1 context_ms=222.0 state_ms=6.31 prefix_ms=0.0 suffix_ms=6018.2 first_token_ms=33226.4 generation_ms=209297.5 generated=64 generation_tps=0.306
AGENT index=71 mig=31ffbfe4 exit=0 wall_ms=361085 text=13e4dfd293d8126f role=child prefix_tokens=14282 suffix_tokens=32 model_ms=21282.1 context_ms=489.1 state_ms=22.26 prefix_ms=0.0 suffix_ms=9791.5 first_token_ms=36955.4 generation_ms=322847.0 generated=64 generation_tps=0.198
AGENT index=72 mig=fafc828a exit=0 wall_ms=179136 text=724c6fed862eef57 role=child prefix_tokens=14282 suffix_tokens=19 model_ms=9609.9 context_ms=2283.7 state_ms=16.50 prefix_ms=0.0 suffix_ms=1589.2 first_token_ms=19138.2 generation_ms=159623.0 generated=64 generation_tps=0.401
AGENT index=73 mig=31ffbfe4 exit=0 wall_ms=360427 text=f69b628d0f4868ff role=child prefix_tokens=14282 suffix_tokens=19 model_ms=19638.7 context_ms=891.4 state_ms=18.48 prefix_ms=0.0 suffix_ms=8928.8 first_token_ms=35423.2 generation_ms=323821.6 generated=64 generation_tps=0.198
AGENT index=74 mig=fafc828a exit=0 wall_ms=245217 text=95997adc906fa24a role=child prefix_tokens=14282 suffix_tokens=18 model_ms=19745.2 context_ms=600.1 state_ms=19.95 prefix_ms=0.0 suffix_ms=5802.0 first_token_ms=32244.5 generation_ms=210816.9 generated=64 generation_tps=0.304
AGENT index=75 mig=31ffbfe4 exit=0 wall_ms=353437 text=8aaf40a95565910c role=child prefix_tokens=14282 suffix_tokens=22 model_ms=18032.4 context_ms=1096.2 state_ms=30.42 prefix_ms=0.0 suffix_ms=3228.2 first_token_ms=27493.4 generation_ms=325565.1 generated=64 generation_tps=0.197
AGENT index=76 mig=fafc828a exit=0 wall_ms=235724 text=2c93819fe85df763 role=child prefix_tokens=14282 suffix_tokens=21 model_ms=17644.7 context_ms=971.0 state_ms=46.56 prefix_ms=0.0 suffix_ms=2042.7 first_token_ms=26065.3 generation_ms=209285.6 generated=64 generation_tps=0.306
AGENT index=77 mig=31ffbfe4 exit=0 wall_ms=356939 text=5d483815f91685a6 role=child prefix_tokens=14282 suffix_tokens=31 model_ms=19430.0 context_ms=648.0 state_ms=55.33 prefix_ms=0.0 suffix_ms=7249.3 first_token_ms=32179.9 generation_ms=324371.8 generated=64 generation_tps=0.197
AGENT index=78 mig=fafc828a exit=0 wall_ms=238911 text=3f33f20708943e2f role=child prefix_tokens=14282 suffix_tokens=21 model_ms=17998.1 context_ms=632.2 state_ms=70.92 prefix_ms=0.0 suffix_ms=2291.6 first_token_ms=26953.8 generation_ms=211571.1 generated=64 generation_tps=0.302
AGENT index=79 mig=31ffbfe4 exit=0 wall_ms=359778 text=0d9668c2f9cbc9fc role=child prefix_tokens=14282 suffix_tokens=26 model_ms=20739.1 context_ms=581.1 state_ms=21.33 prefix_ms=0.0 suffix_ms=9563.7 first_token_ms=36174.4 generation_ms=322930.8 generated=64 generation_tps=0.198
AGENT index=80 mig=fafc828a exit=0 wall_ms=178998 text=86d4ee1044251a25 role=child prefix_tokens=14282 suffix_tokens=25 model_ms=8235.7 context_ms=3216.3 state_ms=15.11 prefix_ms=0.0 suffix_ms=2123.9 first_token_ms=19207.7 generation_ms=159404.7 generated=64 generation_tps=0.401
AGENT index=81 mig=31ffbfe4 exit=0 wall_ms=253845 text=6bd685fbc4b441ec role=child prefix_tokens=14282 suffix_tokens=22 model_ms=8463.0 context_ms=2801.9 state_ms=14.74 prefix_ms=0.0 suffix_ms=1944.9 first_token_ms=18611.6 generation_ms=234857.4 generated=64 generation_tps=0.273
AGENT index=82 mig=fafc828a exit=0 wall_ms=245022 text=ce66287a7832a2bb role=child prefix_tokens=14282 suffix_tokens=21 model_ms=21965.9 context_ms=174.3 state_ms=7.32 prefix_ms=0.0 suffix_ms=6244.8 first_token_ms=33641.9 generation_ms=209288.6 generated=64 generation_tps=0.306
AGENT index=83 mig=31ffbfe4 exit=0 wall_ms=356971 text=cdf6d4762f0ad9c6 role=child prefix_tokens=14282 suffix_tokens=18 model_ms=18254.2 context_ms=571.3 state_ms=46.26 prefix_ms=0.0 suffix_ms=6209.2 first_token_ms=31037.8 generation_ms=325545.7 generated=64 generation_tps=0.197
AGENT index=84 mig=fafc828a exit=0 wall_ms=240542 text=621bb723edc357c2 role=child prefix_tokens=14282 suffix_tokens=21 model_ms=21809.1 context_ms=422.1 state_ms=15.84 prefix_ms=0.0 suffix_ms=5831.1 first_token_ms=32845.7 generation_ms=207239.3 generated=64 generation_tps=0.309
AGENT index=85 mig=31ffbfe4 exit=0 wall_ms=359624 text=b8578943aeaf7387 role=child prefix_tokens=14282 suffix_tokens=26 model_ms=20229.8 context_ms=575.9 state_ms=34.80 prefix_ms=0.0 suffix_ms=9572.1 first_token_ms=36025.1 generation_ms=322956.6 generated=64 generation_tps=0.198
AGENT index=86 mig=fafc828a exit=0 wall_ms=240737 text=bc92b0cfd69b8bd4 role=child prefix_tokens=14282 suffix_tokens=27 model_ms=18013.0 context_ms=760.8 state_ms=65.87 prefix_ms=0.0 suffix_ms=3131.3 first_token_ms=27870.2 generation_ms=212370.2 generated=64 generation_tps=0.301
AGENT index=87 mig=31ffbfe4 exit=0 wall_ms=271878 text=46daf195b61b12ee role=child prefix_tokens=14282 suffix_tokens=17 model_ms=11905.3 context_ms=1139.4 state_ms=16.02 prefix_ms=0.0 suffix_ms=1202.5 first_token_ms=19158.3 generation_ms=252341.8 generated=64 generation_tps=0.254
AGENT index=88 mig=fafc828a exit=0 wall_ms=243693 text=fb072021023b5031 role=child prefix_tokens=14282 suffix_tokens=22 model_ms=21284.3 context_ms=521.0 state_ms=15.79 prefix_ms=0.0 suffix_ms=6057.1 first_token_ms=33154.4 generation_ms=208911.9 generated=64 generation_tps=0.306
AGENT index=89 mig=31ffbfe4 exit=0 wall_ms=360349 text=1dc70f9673b0dd57 role=child prefix_tokens=14282 suffix_tokens=23 model_ms=20723.6 context_ms=516.8 state_ms=14.06 prefix_ms=0.0 suffix_ms=9671.3 first_token_ms=36772.1 generation_ms=322707.3 generated=64 generation_tps=0.198
AGENT index=90 mig=fafc828a exit=0 wall_ms=243361 text=9aa85e1403c22284 role=child prefix_tokens=14282 suffix_tokens=19 model_ms=20027.2 context_ms=513.4 state_ms=14.07 prefix_ms=0.0 suffix_ms=5755.7 first_token_ms=32255.6 generation_ms=209755.1 generated=64 generation_tps=0.305
AGENT index=91 mig=31ffbfe4 exit=0 wall_ms=356623 text=0ec120ad804ad591 role=child prefix_tokens=14282 suffix_tokens=21 model_ms=19165.6 context_ms=592.0 state_ms=45.21 prefix_ms=0.0 suffix_ms=6111.5 first_token_ms=31460.6 generation_ms=324816.0 generated=64 generation_tps=0.197
AGENT index=92 mig=fafc828a exit=0 wall_ms=244650 text=4a33e463a3e8f524 role=child prefix_tokens=14282 suffix_tokens=20 model_ms=20386.3 context_ms=393.0 state_ms=18.96 prefix_ms=0.0 suffix_ms=5992.7 first_token_ms=32419.9 generation_ms=210288.3 generated=64 generation_tps=0.304
AGENT index=93 mig=31ffbfe4 exit=0 wall_ms=359973 text=a56a85c42cb9bcf4 role=child prefix_tokens=14282 suffix_tokens=22 model_ms=22123.6 context_ms=200.2 state_ms=6.39 prefix_ms=0.0 suffix_ms=9749.6 first_token_ms=37088.3 generation_ms=322146.4 generated=64 generation_tps=0.199
AGENT index=94 mig=fafc828a exit=0 wall_ms=240593 text=5b96a105ed76f9fa role=child prefix_tokens=14282 suffix_tokens=20 model_ms=19290.1 context_ms=521.4 state_ms=25.71 prefix_ms=0.0 suffix_ms=5924.1 first_token_ms=31541.3 generation_ms=208594.1 generated=64 generation_tps=0.307
AGENT index=95 mig=31ffbfe4 exit=0 wall_ms=356739 text=4ed1e788823f7ae6 role=child prefix_tokens=14282 suffix_tokens=22 model_ms=21508.4 context_ms=740.6 state_ms=8.65 prefix_ms=0.0 suffix_ms=9721.1 first_token_ms=36906.6 generation_ms=319473.3 generated=64 generation_tps=0.200
AGENT index=96 mig=fafc828a exit=0 wall_ms=245344 text=a067a6895417f0e8 role=child prefix_tokens=14282 suffix_tokens=28 model_ms=20571.5 context_ms=709.4 state_ms=13.22 prefix_ms=0.0 suffix_ms=6536.7 first_token_ms=33277.1 generation_ms=209630.0 generated=64 generation_tps=0.305
AGENT index=97 mig=31ffbfe4 exit=0 wall_ms=350322 text=5b450cf9627e77b9 role=child prefix_tokens=14282 suffix_tokens=23 model_ms=15925.3 context_ms=1443.1 state_ms=29.04 prefix_ms=0.0 suffix_ms=3157.3 first_token_ms=26319.4 generation_ms=323641.9 generated=64 generation_tps=0.198
AGENT index=98 mig=fafc828a exit=0 wall_ms=230333 text=2ecfd34dfa486110 role=child prefix_tokens=14282 suffix_tokens=25 model_ms=15733.6 context_ms=1296.6 state_ms=33.83 prefix_ms=0.0 suffix_ms=1931.7 first_token_ms=24501.1 generation_ms=205459.0 generated=64 generation_tps=0.311
AGENT index=99 mig=31ffbfe4 exit=0 wall_ms=359210 text=f1b10c0aeb700d09 role=child prefix_tokens=14282 suffix_tokens=33 model_ms=21090.9 context_ms=453.3 state_ms=6.30 prefix_ms=0.0 suffix_ms=12269.7 first_token_ms=39538.3 generation_ms=319249.9 generated=64 generation_tps=0.200
AGENT index=100 mig=fafc828a exit=0 wall_ms=244962 text=e4f7a0fff10da58f role=child prefix_tokens=14282 suffix_tokens=25 model_ms=21917.2 context_ms=225.9 state_ms=6.36 prefix_ms=0.0 suffix_ms=6970.2 first_token_ms=34264.7 generation_ms=208545.3 generated=64 generation_tps=0.307
AGENT index=101 mig=31ffbfe4 exit=0 wall_ms=359356 text=4e58d1434e38d87b role=child prefix_tokens=14282 suffix_tokens=28 model_ms=19611.8 context_ms=625.6 state_ms=50.42 prefix_ms=0.0 suffix_ms=8777.4 first_token_ms=34223.2 generation_ms=324676.9 generated=64 generation_tps=0.197
AGENT index=102 mig=fafc828a exit=0 wall_ms=238659 text=74ff651a4aa431c6 role=child prefix_tokens=14282 suffix_tokens=23 model_ms=18560.3 context_ms=754.9 state_ms=42.44 prefix_ms=0.0 suffix_ms=2647.4 first_token_ms=27350.9 generation_ms=210925.8 generated=64 generation_tps=0.303
AGENT index=103 mig=31ffbfe4 exit=0 wall_ms=360819 text=f9c832b7cad1a509 role=child prefix_tokens=14282 suffix_tokens=33 model_ms=20622.5 context_ms=487.2 state_ms=8.44 prefix_ms=0.0 suffix_ms=11959.8 first_token_ms=39037.2 generation_ms=320781.5 generated=64 generation_tps=0.200
AGENT index=104 mig=fafc828a exit=0 wall_ms=242432 text=8d692aa4a801d17d role=child prefix_tokens=14282 suffix_tokens=20 model_ms=19414.7 context_ms=746.0 state_ms=22.47 prefix_ms=0.0 suffix_ms=4434.4 first_token_ms=29713.8 generation_ms=211826.2 generated=64 generation_tps=0.302
AGENT index=105 mig=31ffbfe4 exit=0 wall_ms=359136 text=d78bd735ec80af2b role=child prefix_tokens=14282 suffix_tokens=20 model_ms=20000.6 context_ms=452.2 state_ms=18.31 prefix_ms=0.0 suffix_ms=9274.4 first_token_ms=35549.0 generation_ms=323175.5 generated=64 generation_tps=0.198
AGENT index=106 mig=fafc828a exit=0 wall_ms=244744 text=0843554c3d590aaf role=child prefix_tokens=14282 suffix_tokens=19 model_ms=21232.9 context_ms=419.8 state_ms=6.28 prefix_ms=0.0 suffix_ms=6143.8 first_token_ms=33356.6 generation_ms=209578.4 generated=64 generation_tps=0.305
AGENT index=107 mig=31ffbfe4 exit=0 wall_ms=356223 text=087278665f3dec68 role=child prefix_tokens=14282 suffix_tokens=23 model_ms=18668.3 context_ms=575.2 state_ms=83.58 prefix_ms=0.0 suffix_ms=4929.8 first_token_ms=29617.0 generation_ms=326207.5 generated=64 generation_tps=0.196
AGENT index=108 mig=fafc828a exit=0 wall_ms=244821 text=2c93819fe85df763 role=child prefix_tokens=14282 suffix_tokens=22 model_ms=20934.3 context_ms=337.0 state_ms=6.66 prefix_ms=0.0 suffix_ms=6159.6 first_token_ms=33363.1 generation_ms=209693.1 generated=64 generation_tps=0.305
AGENT index=109 mig=31ffbfe4 exit=0 wall_ms=360742 text=c2157cfb976018b5 role=child prefix_tokens=14282 suffix_tokens=32 model_ms=20995.2 context_ms=445.9 state_ms=22.47 prefix_ms=0.0 suffix_ms=9564.6 first_token_ms=36468.1 generation_ms=323163.3 generated=64 generation_tps=0.198
AGENT index=110 mig=fafc828a exit=0 wall_ms=241930 text=3f33f20708943e2f role=child prefix_tokens=14282 suffix_tokens=22 model_ms=19690.2 context_ms=534.0 state_ms=30.37 prefix_ms=0.0 suffix_ms=6236.4 first_token_ms=32299.8 generation_ms=208930.6 generated=64 generation_tps=0.306
AGENT index=111 mig=31ffbfe4 exit=0 wall_ms=360874 text=0d9668c2f9cbc9fc role=child prefix_tokens=14282 suffix_tokens=27 model_ms=20153.7 context_ms=758.6 state_ms=33.47 prefix_ms=0.0 suffix_ms=9554.4 first_token_ms=36360.0 generation_ms=323304.2 generated=64 generation_tps=0.198
AGENT index=112 mig=fafc828a exit=0 wall_ms=245235 text=787d0f2cb9f0f5f6 role=child prefix_tokens=14282 suffix_tokens=26 model_ms=20155.6 context_ms=597.2 state_ms=16.57 prefix_ms=0.0 suffix_ms=6339.6 first_token_ms=32891.8 generation_ms=209397.2 generated=64 generation_tps=0.306
AGENT index=113 mig=31ffbfe4 exit=0 wall_ms=359723 text=6bd685fbc4b441ec role=child prefix_tokens=14282 suffix_tokens=23 model_ms=21349.9 context_ms=588.4 state_ms=18.82 prefix_ms=0.0 suffix_ms=9541.9 first_token_ms=36537.3 generation_ms=322397.9 generated=64 generation_tps=0.199
AGENT index=114 mig=fafc828a exit=0 wall_ms=244886 text=2f3bcae6671ff31f role=child prefix_tokens=14282 suffix_tokens=22 model_ms=20623.4 context_ms=587.8 state_ms=10.71 prefix_ms=0.0 suffix_ms=6149.0 first_token_ms=33222.8 generation_ms=209700.8 generated=64 generation_tps=0.305
AGENT index=115 mig=31ffbfe4 exit=0 wall_ms=360178 text=4c7501e634d9bf23 role=child prefix_tokens=14282 suffix_tokens=19 model_ms=21404.2 context_ms=171.3 state_ms=6.01 prefix_ms=0.0 suffix_ms=9704.7 first_token_ms=36996.0 generation_ms=322023.3 generated=64 generation_tps=0.199
AGENT index=116 mig=fafc828a exit=0 wall_ms=243021 text=59ab8a91f9570afc role=child prefix_tokens=14282 suffix_tokens=22 model_ms=21423.4 context_ms=353.9 state_ms=14.94 prefix_ms=0.0 suffix_ms=5710.9 first_token_ms=32552.1 generation_ms=209414.7 generated=64 generation_tps=0.306
AGENT index=117 mig=31ffbfe4 exit=0 wall_ms=360877 text=397d44936e8841e9 role=child prefix_tokens=14282 suffix_tokens=27 model_ms=20210.5 context_ms=485.6 state_ms=34.55 prefix_ms=0.0 suffix_ms=9614.3 first_token_ms=35958.8 generation_ms=323692.0 generated=64 generation_tps=0.198
AGENT index=118 mig=fafc828a exit=0 wall_ms=241554 text=df0985d3d0c73de0 role=child prefix_tokens=14282 suffix_tokens=28 model_ms=17801.6 context_ms=1174.6 state_ms=66.23 prefix_ms=0.0 suffix_ms=4420.3 first_token_ms=28849.8 generation_ms=212247.4 generated=64 generation_tps=0.302
AGENT index=119 mig=31ffbfe4 exit=0 wall_ms=360163 text=a94c9c83167a5f8c role=child prefix_tokens=14282 suffix_tokens=18 model_ms=20460.0 context_ms=705.1 state_ms=36.37 prefix_ms=0.0 suffix_ms=9158.5 first_token_ms=35655.2 generation_ms=323362.8 generated=64 generation_tps=0.198
AGENT index=120 mig=fafc828a exit=0 wall_ms=245148 text=9834d2c93010cb40 role=child prefix_tokens=14282 suffix_tokens=23 model_ms=20089.9 context_ms=725.4 state_ms=25.46 prefix_ms=0.0 suffix_ms=5856.9 first_token_ms=32590.6 generation_ms=210409.3 generated=64 generation_tps=0.304
AGENT index=121 mig=31ffbfe4 exit=0 wall_ms=357138 text=7a6a0515e5f4b2e4 role=child prefix_tokens=14282 suffix_tokens=24 model_ms=22270.0 context_ms=251.5 state_ms=6.22 prefix_ms=0.0 suffix_ms=9777.2 first_token_ms=36946.7 generation_ms=319805.7 generated=64 generation_tps=0.200
AGENT index=122 mig=fafc828a exit=0 wall_ms=241401 text=158a991a74f5c09c role=child prefix_tokens=14282 suffix_tokens=20 model_ms=19398.3 context_ms=520.9 state_ms=35.90 prefix_ms=0.0 suffix_ms=5918.1 first_token_ms=31732.5 generation_ms=209205.7 generated=64 generation_tps=0.306
AGENT index=123 mig=31ffbfe4 exit=0 wall_ms=344158 text=e38ea5b855370f1e role=child prefix_tokens=14282 suffix_tokens=22 model_ms=16407.7 context_ms=1097.5 state_ms=34.58 prefix_ms=0.0 suffix_ms=1971.4 first_token_ms=24707.2 generation_ms=319083.4 generated=64 generation_tps=0.201
AGENT index=124 mig=fafc828a exit=0 wall_ms=228333 text=5442500eccbad2cf role=child prefix_tokens=14282 suffix_tokens=21 model_ms=15567.2 context_ms=767.1 state_ms=16.67 prefix_ms=0.0 suffix_ms=2198.6 first_token_ms=24125.1 generation_ms=203820.0 generated=64 generation_tps=0.314
AGENT index=125 mig=31ffbfe4 exit=0 wall_ms=331489 text=77ec1b209de8c3c4 role=child prefix_tokens=14282 suffix_tokens=23 model_ms=14875.0 context_ms=912.3 state_ms=8.52 prefix_ms=0.0 suffix_ms=1770.3 first_token_ms=23226.1 generation_ms=307893.3 generated=64 generation_tps=0.208
AGENT index=126 mig=fafc828a exit=0 wall_ms=245191 text=09fd41491d0c178b role=child prefix_tokens=14282 suffix_tokens=21 model_ms=21170.4 context_ms=404.4 state_ms=6.91 prefix_ms=0.0 suffix_ms=6162.1 first_token_ms=33290.6 generation_ms=209665.5 generated=64 generation_tps=0.305
AGENT index=127 mig=31ffbfe4 exit=0 wall_ms=358807 text=c5fb19c141f1ba26 role=child prefix_tokens=14282 suffix_tokens=23 model_ms=20230.0 context_ms=588.5 state_ms=40.24 prefix_ms=0.0 suffix_ms=9371.4 first_token_ms=35450.4 generation_ms=322909.5 generated=64 generation_tps=0.198
AGENT index=128 mig=fafc828a exit=0 wall_ms=243698 text=5b3e8496b267e28f role=child prefix_tokens=14282 suffix_tokens=29 model_ms=20160.8 context_ms=865.0 state_ms=29.57 prefix_ms=0.0 suffix_ms=6650.4 first_token_ms=32730.9 generation_ms=209322.2 generated=64 generation_tps=0.306
AGENT index=129 mig=31ffbfe4 exit=0 wall_ms=360869 text=a38762ffbed809b4 role=child prefix_tokens=14282 suffix_tokens=24 model_ms=20837.9 context_ms=289.3 state_ms=6.11 prefix_ms=0.0 suffix_ms=9627.7 first_token_ms=36667.2 generation_ms=323046.8 generated=64 generation_tps=0.198
AGENT index=130 mig=fafc828a exit=0 wall_ms=175450 text=c95b0c65393fcdb1 role=child prefix_tokens=14282 suffix_tokens=26 model_ms=8011.8 context_ms=3216.7 state_ms=17.99 prefix_ms=0.0 suffix_ms=1657.9 first_token_ms=18576.3 generation_ms=150807.3 generated=64 generation_tps=0.424
AGENT index=131 mig=31ffbfe4 exit=0 wall_ms=360919 text=258342dafcba2265 role=child prefix_tokens=14282 suffix_tokens=34 model_ms=20172.0 context_ms=587.7 state_ms=29.59 prefix_ms=0.0 suffix_ms=11466.0 first_token_ms=37782.1 generation_ms=321826.1 generated=64 generation_tps=0.199
AGENT index=132 mig=fafc828a exit=0 wall_ms=244772 text=2852504019aca3b6 role=child prefix_tokens=14282 suffix_tokens=25 model_ms=20500.6 context_ms=683.1 state_ms=33.94 prefix_ms=0.0 suffix_ms=6412.3 first_token_ms=32822.8 generation_ms=209543.6 generated=64 generation_tps=0.305
AGENT index=133 mig=31ffbfe4 exit=0 wall_ms=360524 text=6cd60c5868229e5c role=child prefix_tokens=14282 suffix_tokens=28 model_ms=21070.8 context_ms=280.5 state_ms=6.62 prefix_ms=0.0 suffix_ms=9950.0 first_token_ms=37069.8 generation_ms=322356.6 generated=64 generation_tps=0.199
AGENT index=134 mig=fafc828a exit=0 wall_ms=238159 text=d3b535510b29322a role=child prefix_tokens=14282 suffix_tokens=23 model_ms=18290.7 context_ms=559.6 state_ms=19.58 prefix_ms=0.0 suffix_ms=2557.8 first_token_ms=26895.5 generation_ms=210754.3 generated=64 generation_tps=0.304
AGENT index=135 mig=31ffbfe4 exit=0 wall_ms=283785 text=f9c832b7cad1a509 role=child prefix_tokens=14282 suffix_tokens=33 model_ms=11116.1 context_ms=940.9 state_ms=14.71 prefix_ms=0.0 suffix_ms=2021.5 first_token_ms=19621.2 generation_ms=263818.0 generated=64 generation_tps=0.243
AGENT index=136 mig=fafc828a exit=0 wall_ms=241359 text=345d90be1b86068e role=child prefix_tokens=14282 suffix_tokens=20 model_ms=18375.0 context_ms=436.8 state_ms=66.44 prefix_ms=0.0 suffix_ms=3157.9 first_token_ms=27904.6 generation_ms=212980.6 generated=64 generation_tps=0.300
AGENT index=137 mig=31ffbfe4 exit=0 wall_ms=360106 text=b84c0686f77a07b8 role=child prefix_tokens=14282 suffix_tokens=20 model_ms=21095.3 context_ms=339.4 state_ms=8.01 prefix_ms=0.0 suffix_ms=9771.8 first_token_ms=36940.4 generation_ms=322098.3 generated=64 generation_tps=0.199
AGENT index=138 mig=fafc828a exit=0 wall_ms=244438 text=f4dd5b98bdc77fee role=child prefix_tokens=14282 suffix_tokens=19 model_ms=20649.0 context_ms=788.2 state_ms=8.81 prefix_ms=0.0 suffix_ms=5975.9 first_token_ms=32920.8 generation_ms=209467.5 generated=64 generation_tps=0.306
AGENT index=139 mig=31ffbfe4 exit=0 wall_ms=350482 text=087278665f3dec68 role=child prefix_tokens=14282 suffix_tokens=23 model_ms=16462.1 context_ms=1399.3 state_ms=61.48 prefix_ms=0.0 suffix_ms=2848.8 first_token_ms=25973.4 generation_ms=324149.8 generated=64 generation_tps=0.197
MEMORY mem_available_drop_mib=99090 mem_available_before_mib=119964 mem_free_before_mib=45404 pss_anon_mib=33667 pss_file_mib=7426 pss_shmem_mib=8929 device_mib=54180 samples=27
END_CASE failed_agents=0 wall_ms=362257
END_KVSTACK
BEGIN_KVSTACK run=4 context=16384 publisher_mig=31ffbfe4 mem_free_mib=48529 kernel_reclaimable_mib=68837
PUBLISH store=stock prefix_tokens=14282 prefix_ms=24856.2 publish_ms=507.38 state_bytes=819216229
PUBLISH store=device prefix_tokens=14282 prefix_ms=25051.8 publish_ms=503.64 state_bytes=819216229
PUBLISH store=huge prefix_tokens=14282 prefix_ms=25105.4 publish_ms=8.17 state_bytes=229221 file_used_kib=802816
CASE mode=both agents=140
AGENT index=0 mig=31ffbfe4 exit=0 wall_ms=284187 text=4605b6e04b2228eb role=child prefix_tokens=14282 suffix_tokens=27 model_ms=13614.9 context_ms=1475.8 state_ms=12.18 prefix_ms=0.0 suffix_ms=1990.2 first_token_ms=19853.2 generation_ms=263973.4 generated=64 generation_tps=0.242
AGENT index=1 mig=fafc828a exit=0 wall_ms=238296 text=a5af93194a2d1ced role=child prefix_tokens=14282 suffix_tokens=22 model_ms=19566.0 context_ms=519.5 state_ms=54.45 prefix_ms=0.0 suffix_ms=3112.1 first_token_ms=28372.2 generation_ms=209556.0 generated=64 generation_tps=0.305
AGENT index=2 mig=31ffbfe4 exit=0 wall_ms=263900 text=37e5f08e6279aa62 role=child prefix_tokens=14282 suffix_tokens=24 model_ms=11121.5 context_ms=3012.0 state_ms=15.29 prefix_ms=0.0 suffix_ms=2169.6 first_token_ms=18846.3 generation_ms=244695.9 generated=64 generation_tps=0.262
AGENT index=3 mig=fafc828a exit=0 wall_ms=240765 text=5e1ac569aa8b0faf role=child prefix_tokens=14282 suffix_tokens=32 model_ms=20374.1 context_ms=419.8 state_ms=279.93 prefix_ms=0.0 suffix_ms=6570.4 first_token_ms=32694.9 generation_ms=207660.7 generated=64 generation_tps=0.308
AGENT index=4 mig=31ffbfe4 exit=0 wall_ms=360730 text=6e3d8f07cfceb082 role=child prefix_tokens=14282 suffix_tokens=23 model_ms=20168.2 context_ms=526.8 state_ms=22.15 prefix_ms=0.0 suffix_ms=9552.1 first_token_ms=35661.2 generation_ms=324043.3 generated=64 generation_tps=0.198
AGENT index=5 mig=fafc828a exit=0 wall_ms=152069 text=47179dd0dcd49eb0 role=child prefix_tokens=14282 suffix_tokens=26 model_ms=5854.9 context_ms=2911.7 state_ms=15.52 prefix_ms=0.0 suffix_ms=4729.1 first_token_ms=18071.8 generation_ms=132893.1 generated=64 generation_tps=0.482
AGENT index=6 mig=31ffbfe4 exit=0 wall_ms=354231 text=f88f503d1005fa22 role=child prefix_tokens=14282 suffix_tokens=21 model_ms=18454.0 context_ms=527.7 state_ms=62.61 prefix_ms=0.0 suffix_ms=4348.8 first_token_ms=28350.1 generation_ms=325537.5 generated=64 generation_tps=0.197
AGENT index=7 mig=fafc828a exit=0 wall_ms=243036 text=f9c832b7cad1a509 role=child prefix_tokens=14282 suffix_tokens=31 model_ms=21855.8 context_ms=477.1 state_ms=6.85 prefix_ms=0.0 suffix_ms=6985.5 first_token_ms=34341.2 generation_ms=207612.8 generated=64 generation_tps=0.308
AGENT index=8 mig=31ffbfe4 exit=0 wall_ms=357396 text=a3c806a5411bc6e6 role=child prefix_tokens=14282 suffix_tokens=18 model_ms=20610.5 context_ms=547.4 state_ms=22.31 prefix_ms=0.0 suffix_ms=9393.4 first_token_ms=35551.4 generation_ms=321435.3 generated=64 generation_tps=0.199
AGENT index=9 mig=fafc828a exit=0 wall_ms=244796 text=a2d016def74ecc62 role=child prefix_tokens=14282 suffix_tokens=18 model_ms=21457.2 context_ms=446.8 state_ms=9.32 prefix_ms=0.0 suffix_ms=6205.1 first_token_ms=33661.9 generation_ms=208864.5 generated=64 generation_tps=0.306
AGENT index=10 mig=31ffbfe4 exit=0 wall_ms=353159 text=a733f3a39259263c role=child prefix_tokens=14282 suffix_tokens=18 model_ms=16690.8 context_ms=952.6 state_ms=31.68 prefix_ms=0.0 suffix_ms=4010.8 first_token_ms=27199.1 generation_ms=325587.6 generated=64 generation_tps=0.197
AGENT index=11 mig=fafc828a exit=0 wall_ms=239636 text=ad0d6edf343e5e28 role=child prefix_tokens=14282 suffix_tokens=22 model_ms=20647.0 context_ms=816.2 state_ms=22.06 prefix_ms=0.0 suffix_ms=5939.6 first_token_ms=32424.2 generation_ms=206785.3 generated=64 generation_tps=0.309
AGENT index=12 mig=31ffbfe4 exit=0 wall_ms=342607 text=2c93819fe85df763 role=child prefix_tokens=14282 suffix_tokens=21 model_ms=16010.5 context_ms=986.4 state_ms=23.58 prefix_ms=0.0 suffix_ms=1840.4 first_token_ms=24108.5 generation_ms=318100.7 generated=64 generation_tps=0.201
AGENT index=13 mig=fafc828a exit=0 wall_ms=234372 text=5d483815f91685a6 role=child prefix_tokens=14282 suffix_tokens=31 model_ms=17775.5 context_ms=1178.1 state_ms=82.26 prefix_ms=0.0 suffix_ms=2067.6 first_token_ms=26102.3 generation_ms=207891.1 generated=64 generation_tps=0.308
AGENT index=14 mig=31ffbfe4 exit=0 wall_ms=356927 text=f8f770d151794139 role=child prefix_tokens=14282 suffix_tokens=21 model_ms=18636.1 context_ms=767.1 state_ms=58.60 prefix_ms=0.0 suffix_ms=5644.5 first_token_ms=30071.8 generation_ms=326479.6 generated=64 generation_tps=0.196
AGENT index=15 mig=fafc828a exit=0 wall_ms=239768 text=0d9668c2f9cbc9fc role=child prefix_tokens=14282 suffix_tokens=26 model_ms=19006.1 context_ms=412.7 state_ms=58.30 prefix_ms=0.0 suffix_ms=3327.4 first_token_ms=28306.5 generation_ms=211035.8 generated=64 generation_tps=0.303
AGENT index=16 mig=31ffbfe4 exit=0 wall_ms=359591 text=a6ffaf564cadb5d1 role=child prefix_tokens=14282 suffix_tokens=25 model_ms=21734.8 context_ms=226.6 state_ms=6.53 prefix_ms=0.0 suffix_ms=9860.7 first_token_ms=37341.5 generation_ms=321767.7 generated=64 generation_tps=0.199
AGENT index=17 mig=fafc828a exit=0 wall_ms=236006 text=6bd685fbc4b441ec role=child prefix_tokens=14282 suffix_tokens=22 model_ms=16844.4 context_ms=1644.0 state_ms=46.56 prefix_ms=0.0 suffix_ms=2613.1 first_token_ms=26542.0 generation_ms=209054.6 generated=64 generation_tps=0.306
AGENT index=18 mig=31ffbfe4 exit=0 wall_ms=358564 text=ba15e410535ababc role=child prefix_tokens=14282 suffix_tokens=21 model_ms=21124.3 context_ms=554.8 state_ms=6.93 prefix_ms=0.0 suffix_ms=9315.7 first_token_ms=36487.9 generation_ms=321644.6 generated=64 generation_tps=0.199
AGENT index=19 mig=fafc828a exit=0 wall_ms=241708 text=4c7501e634d9bf23 role=child prefix_tokens=14282 suffix_tokens=18 model_ms=20446.1 context_ms=835.5 state_ms=47.39 prefix_ms=0.0 suffix_ms=6126.4 first_token_ms=32550.4 generation_ms=208630.6 generated=64 generation_tps=0.307
AGENT index=20 mig=31ffbfe4 exit=0 wall_ms=358293 text=b3893059e7e79532 role=child prefix_tokens=14282 suffix_tokens=21 model_ms=21574.7 context_ms=401.5 state_ms=33.28 prefix_ms=0.0 suffix_ms=9411.6 first_token_ms=36364.4 generation_ms=321586.4 generated=64 generation_tps=0.199
AGENT index=21 mig=fafc828a exit=0 wall_ms=239318 text=284eef78a2286715 role=child prefix_tokens=14282 suffix_tokens=26 model_ms=19854.1 context_ms=747.7 state_ms=87.44 prefix_ms=0.0 suffix_ms=6564.6 first_token_ms=32500.2 generation_ms=206380.9 generated=64 generation_tps=0.310
AGENT index=22 mig=31ffbfe4 exit=0 wall_ms=359381 text=ad3122b47bf9d41d role=child prefix_tokens=14282 suffix_tokens=27 model_ms=21801.3 context_ms=345.2 state_ms=9.92 prefix_ms=0.0 suffix_ms=9732.9 first_token_ms=36994.3 generation_ms=321956.0 generated=64 generation_tps=0.199
AGENT index=23 mig=fafc828a exit=0 wall_ms=189001 text=fd9dec9936f784ff role=child prefix_tokens=14282 suffix_tokens=17 model_ms=11577.5 context_ms=1044.6 state_ms=15.50 prefix_ms=0.0 suffix_ms=1745.5 first_token_ms=19927.9 generation_ms=168679.2 generated=64 generation_tps=0.379
AGENT index=24 mig=31ffbfe4 exit=0 wall_ms=357402 text=9834d2c93010cb40 role=child prefix_tokens=14282 suffix_tokens=22 model_ms=20223.1 context_ms=890.1 state_ms=26.28 prefix_ms=0.0 suffix_ms=8902.1 first_token_ms=34952.1 generation_ms=321979.8 generated=64 generation_tps=0.199
AGENT index=25 mig=fafc828a exit=0 wall_ms=244141 text=d4e1fcaa961685d1 role=child prefix_tokens=14282 suffix_tokens=23 model_ms=21177.5 context_ms=570.0 state_ms=7.72 prefix_ms=0.0 suffix_ms=5881.6 first_token_ms=33137.0 generation_ms=209111.3 generated=64 generation_tps=0.306
AGENT index=26 mig=31ffbfe4 exit=0 wall_ms=360635 text=9e35020256b4a71c role=child prefix_tokens=14282 suffix_tokens=19 model_ms=21418.3 context_ms=339.9 state_ms=15.42 prefix_ms=0.0 suffix_ms=9479.7 first_token_ms=36404.2 generation_ms=323371.0 generated=64 generation_tps=0.198
AGENT index=27 mig=fafc828a exit=0 wall_ms=240115 text=178df8f18d21f57e role=child prefix_tokens=14282 suffix_tokens=21 model_ms=18872.2 context_ms=619.7 state_ms=21.31 prefix_ms=0.0 suffix_ms=4406.1 first_token_ms=29874.7 generation_ms=209772.9 generated=64 generation_tps=0.305
AGENT index=28 mig=31ffbfe4 exit=0 wall_ms=356299 text=15c67d79a860da75 role=child prefix_tokens=14282 suffix_tokens=20 model_ms=18989.1 context_ms=622.3 state_ms=55.38 prefix_ms=0.0 suffix_ms=5255.6 first_token_ms=29987.9 generation_ms=325959.0 generated=64 generation_tps=0.196
AGENT index=29 mig=fafc828a exit=0 wall_ms=244527 text=a72f71cd80731afe role=child prefix_tokens=14282 suffix_tokens=22 model_ms=21363.8 context_ms=393.4 state_ms=6.07 prefix_ms=0.0 suffix_ms=6203.0 first_token_ms=33586.0 generation_ms=208883.1 generated=64 generation_tps=0.306
AGENT index=30 mig=31ffbfe4 exit=0 wall_ms=277011 text=317f6f38771a1e41 role=child prefix_tokens=14282 suffix_tokens=20 model_ms=10878.6 context_ms=1476.4 state_ms=7.41 prefix_ms=0.0 suffix_ms=1357.4 first_token_ms=19124.2 generation_ms=257553.1 generated=64 generation_tps=0.248
AGENT index=31 mig=fafc828a exit=0 wall_ms=180486 text=d52293b0dc058085 role=child prefix_tokens=14282 suffix_tokens=22 model_ms=7716.2 context_ms=3275.3 state_ms=11.99 prefix_ms=0.0 suffix_ms=2642.8 first_token_ms=18930.2 generation_ms=161143.0 generated=64 generation_tps=0.397
AGENT index=32 mig=31ffbfe4 exit=0 wall_ms=360260 text=a067a6895417f0e8 role=child prefix_tokens=14282 suffix_tokens=28 model_ms=21662.4 context_ms=377.1 state_ms=10.99 prefix_ms=0.0 suffix_ms=9733.3 first_token_ms=37092.1 generation_ms=322409.9 generated=64 generation_tps=0.199
AGENT index=33 mig=fafc828a exit=0 wall_ms=241314 text=5b450cf9627e77b9 role=child prefix_tokens=14282 suffix_tokens=23 model_ms=20574.9 context_ms=243.6 state_ms=42.53 prefix_ms=0.0 suffix_ms=5701.2 first_token_ms=31769.0 generation_ms=209107.9 generated=64 generation_tps=0.306
AGENT index=34 mig=31ffbfe4 exit=0 wall_ms=359229 text=5c09b6f1d055319b role=child prefix_tokens=14282 suffix_tokens=25 model_ms=21193.6 context_ms=535.7 state_ms=19.52 prefix_ms=0.0 suffix_ms=9616.7 first_token_ms=36578.6 generation_ms=322267.9 generated=64 generation_tps=0.199
AGENT index=35 mig=fafc828a exit=0 wall_ms=234969 text=077e38d3762a4e5d role=child prefix_tokens=14282 suffix_tokens=33 model_ms=17449.3 context_ms=1112.4 state_ms=23.04 prefix_ms=0.0 suffix_ms=2772.1 first_token_ms=26276.6 generation_ms=208294.2 generated=64 generation_tps=0.307
AGENT index=36 mig=31ffbfe4 exit=0 wall_ms=352304 text=836ebfaf7d21007d role=child prefix_tokens=14282 suffix_tokens=24 model_ms=16255.9 context_ms=1443.1 state_ms=39.16 prefix_ms=0.0 suffix_ms=3174.5 first_token_ms=26735.9 generation_ms=325185.7 generated=64 generation_tps=0.197
AGENT index=37 mig=fafc828a exit=0 wall_ms=244471 text=b5c1cde845350686 role=child prefix_tokens=14282 suffix_tokens=27 model_ms=21614.1 context_ms=371.7 state_ms=6.65 prefix_ms=0.0 suffix_ms=6971.5 first_token_ms=34370.7 generation_ms=207586.5 generated=64 generation_tps=0.308
AGENT index=38 mig=31ffbfe4 exit=0 wall_ms=353488 text=e57f2865bc99ed0e role=child prefix_tokens=14282 suffix_tokens=22 model_ms=16833.4 context_ms=1452.3 state_ms=56.34 prefix_ms=0.0 suffix_ms=3800.7 first_token_ms=27559.9 generation_ms=325554.7 generated=64 generation_tps=0.197
AGENT index=39 mig=fafc828a exit=0 wall_ms=243119 text=f9c832b7cad1a509 role=child prefix_tokens=14282 suffix_tokens=32 model_ms=21649.1 context_ms=210.7 state_ms=6.90 prefix_ms=0.0 suffix_ms=7079.8 first_token_ms=34485.1 generation_ms=207208.3 generated=64 generation_tps=0.309
AGENT index=40 mig=31ffbfe4 exit=0 wall_ms=360723 text=1bedc9985ebffdf3 role=child prefix_tokens=14282 suffix_tokens=19 model_ms=22133.4 context_ms=112.7 state_ms=6.34 prefix_ms=0.0 suffix_ms=9555.7 first_token_ms=36960.5 generation_ms=322724.2 generated=64 generation_tps=0.198
AGENT index=41 mig=fafc828a exit=0 wall_ms=242450 text=3be32d4f1f40e878 role=child prefix_tokens=14282 suffix_tokens=19 model_ms=21072.4 context_ms=383.8 state_ms=19.11 prefix_ms=0.0 suffix_ms=5837.1 first_token_ms=32612.4 generation_ms=208730.1 generated=64 generation_tps=0.307
AGENT index=42 mig=31ffbfe4 exit=0 wall_ms=358109 text=519b2de5b706a49d role=child prefix_tokens=14282 suffix_tokens=18 model_ms=21122.6 context_ms=440.2 state_ms=6.32 prefix_ms=0.0 suffix_ms=9569.7 first_token_ms=36900.1 generation_ms=320835.6 generated=64 generation_tps=0.199
AGENT index=43 mig=fafc828a exit=0 wall_ms=237406 text=ad92edad967aef00 role=child prefix_tokens=14282 suffix_tokens=22 model_ms=18522.7 context_ms=456.2 state_ms=54.04 prefix_ms=0.0 suffix_ms=2382.6 first_token_ms=27027.5 generation_ms=209951.0 generated=64 generation_tps=0.305
AGENT index=44 mig=31ffbfe4 exit=0 wall_ms=360278 text=806eb5a225900d3a role=child prefix_tokens=14282 suffix_tokens=21 model_ms=21082.5 context_ms=292.6 state_ms=5.92 prefix_ms=0.0 suffix_ms=9542.7 first_token_ms=36808.5 generation_ms=322586.1 generated=64 generation_tps=0.198
AGENT index=45 mig=fafc828a exit=0 wall_ms=185876 text=9f441c92dda94d6e role=child prefix_tokens=14282 suffix_tokens=31 model_ms=11071.4 context_ms=1537.3 state_ms=16.32 prefix_ms=0.0 suffix_ms=2040.2 first_token_ms=19610.5 generation_ms=165885.2 generated=64 generation_tps=0.386
AGENT index=46 mig=31ffbfe4 exit=0 wall_ms=359027 text=3f33f20708943e2f role=child prefix_tokens=14282 suffix_tokens=21 model_ms=22124.2 context_ms=71.3 state_ms=6.43 prefix_ms=0.0 suffix_ms=9714.4 first_token_ms=37118.6 generation_ms=321451.0 generated=64 generation_tps=0.199
AGENT index=47 mig=fafc828a exit=0 wall_ms=242173 text=0d9668c2f9cbc9fc role=child prefix_tokens=14282 suffix_tokens=26 model_ms=19468.4 context_ms=591.7 state_ms=18.83 prefix_ms=0.0 suffix_ms=6349.5 first_token_ms=32463.5 generation_ms=208847.3 generated=64 generation_tps=0.306
AGENT index=48 mig=31ffbfe4 exit=0 wall_ms=354868 text=27f58a7742c668f5 role=child prefix_tokens=14282 suffix_tokens=25 model_ms=18841.7 context_ms=617.3 state_ms=58.42 prefix_ms=0.0 suffix_ms=8984.7 first_token_ms=34169.1 generation_ms=320323.6 generated=64 generation_tps=0.200
AGENT index=49 mig=fafc828a exit=0 wall_ms=243448 text=6bd685fbc4b441ec role=child prefix_tokens=14282 suffix_tokens=22 model_ms=19560.8 context_ms=817.9 state_ms=30.55 prefix_ms=0.0 suffix_ms=5934.2 first_token_ms=32366.6 generation_ms=209341.9 generated=64 generation_tps=0.306
AGENT index=50 mig=31ffbfe4 exit=0 wall_ms=353262 text=802dc3b79f95f0ef role=child prefix_tokens=14282 suffix_tokens=21 model_ms=17911.8 context_ms=821.9 state_ms=34.19 prefix_ms=0.0 suffix_ms=5137.4 first_token_ms=29433.3 generation_ms=323422.3 generated=64 generation_tps=0.198
AGENT index=51 mig=fafc828a exit=0 wall_ms=244229 text=88ab36014083e9b4 role=child prefix_tokens=14282 suffix_tokens=18 model_ms=21253.8 context_ms=288.0 state_ms=14.08 prefix_ms=0.0 suffix_ms=6188.2 first_token_ms=33492.4 generation_ms=208488.4 generated=64 generation_tps=0.307
AGENT index=52 mig=31ffbfe4 exit=0 wall_ms=355179 text=56ae1f5c8f39885b role=child prefix_tokens=14282 suffix_tokens=21 model_ms=16735.1 context_ms=1193.0 state_ms=39.98 prefix_ms=0.0 suffix_ms=4657.5 first_token_ms=28440.2 generation_ms=326376.8 generated=64 generation_tps=0.196
AGENT index=53 mig=fafc828a exit=0 wall_ms=240688 text=11e4c2a85150fa06 role=child prefix_tokens=14282 suffix_tokens=26 model_ms=21179.5 context_ms=210.4 state_ms=6.20 prefix_ms=0.0 suffix_ms=6904.7 first_token_ms=34268.2 generation_ms=205956.6 generated=64 generation_tps=0.311
AGENT index=54 mig=31ffbfe4 exit=0 wall_ms=356399 text=3b6f5b9c968721eb role=child prefix_tokens=14282 suffix_tokens=27 model_ms=21046.1 context_ms=621.7 state_ms=16.01 prefix_ms=0.0 suffix_ms=9799.6 first_token_ms=36833.9 generation_ms=319215.0 generated=64 generation_tps=0.200
AGENT index=55 mig=fafc828a exit=0 wall_ms=241813 text=7e4fad52bd577abf role=child prefix_tokens=14282 suffix_tokens=17 model_ms=20806.1 context_ms=692.4 state_ms=11.08 prefix_ms=0.0 suffix_ms=6004.1 first_token_ms=33104.2 generation_ms=208091.2 generated=64 generation_tps=0.308
AGENT index=56 mig=31ffbfe4 exit=0 wall_ms=353272 text=9834d2c93010cb40 role=child prefix_tokens=14282 suffix_tokens=22 model_ms=17024.6 context_ms=1278.5 state_ms=28.17 prefix_ms=0.0 suffix_ms=4190.7 first_token_ms=27811.4 generation_ms=325023.8 generated=64 generation_tps=0.197
AGENT index=57 mig=fafc828a exit=0 wall_ms=244584 text=50630b6612aba7b8 role=child prefix_tokens=14282 suffix_tokens=23 model_ms=20207.8 context_ms=592.0 state_ms=14.80 prefix_ms=0.0 suffix_ms=5902.8 first_token_ms=32714.5 generation_ms=209460.9 generated=64 generation_tps=0.306
AGENT index=58 mig=31ffbfe4 exit=0 wall_ms=360232 text=9ca71337e20d8558 role=child prefix_tokens=14282 suffix_tokens=19 model_ms=20922.4 context_ms=365.4 state_ms=16.20 prefix_ms=0.0 suffix_ms=9649.4 first_token_ms=36784.3 generation_ms=322682.5 generated=64 generation_tps=0.198
AGENT index=59 mig=fafc828a exit=0 wall_ms=239863 text=a0d59f42adbdb7a7 role=child prefix_tokens=14282 suffix_tokens=21 model_ms=19811.5 context_ms=599.4 state_ms=34.48 prefix_ms=0.0 suffix_ms=5203.0 first_token_ms=30779.5 generation_ms=208660.2 generated=64 generation_tps=0.307
AGENT index=60 mig=31ffbfe4 exit=0 wall_ms=359384 text=b1fe3c81bfb2916f role=child prefix_tokens=14282 suffix_tokens=20 model_ms=21605.3 context_ms=315.2 state_ms=10.73 prefix_ms=0.0 suffix_ms=9642.7 first_token_ms=36730.6 generation_ms=322263.1 generated=64 generation_tps=0.199
AGENT index=61 mig=fafc828a exit=0 wall_ms=244501 text=5b7f00ee41a4f8ef role=child prefix_tokens=14282 suffix_tokens=22 model_ms=20388.1 context_ms=462.9 state_ms=13.24 prefix_ms=0.0 suffix_ms=5596.2 first_token_ms=32468.9 generation_ms=209819.1 generated=64 generation_tps=0.305
AGENT index=62 mig=31ffbfe4 exit=0 wall_ms=356946 text=c17cb2a0a71c6a47 role=child prefix_tokens=14282 suffix_tokens=20 model_ms=20904.5 context_ms=498.0 state_ms=34.31 prefix_ms=0.0 suffix_ms=9115.0 first_token_ms=35626.3 generation_ms=320950.6 generated=64 generation_tps=0.199
AGENT index=63 mig=fafc828a exit=0 wall_ms=243869 text=3b010582add6c19e role=child prefix_tokens=14282 suffix_tokens=22 model_ms=21783.3 context_ms=234.8 state_ms=12.65 prefix_ms=0.0 suffix_ms=6303.2 first_token_ms=33572.8 generation_ms=208650.9 generated=64 generation_tps=0.307
AGENT index=64 mig=31ffbfe4 exit=0 wall_ms=359019 text=3f50371ecb0032a2 role=child prefix_tokens=14282 suffix_tokens=28 model_ms=20733.3 context_ms=489.2 state_ms=14.30 prefix_ms=0.0 suffix_ms=9648.2 first_token_ms=36592.2 generation_ms=321922.3 generated=64 generation_tps=0.199
AGENT index=65 mig=fafc828a exit=0 wall_ms=244346 text=88835aea19336bf3 role=child prefix_tokens=14282 suffix_tokens=23 model_ms=20079.6 context_ms=653.6 state_ms=25.51 prefix_ms=0.0 suffix_ms=6133.4 first_token_ms=32677.0 generation_ms=209438.7 generated=64 generation_tps=0.306
AGENT index=66 mig=31ffbfe4 exit=0 wall_ms=358986 text=56cc6fc91016e6d9 role=child prefix_tokens=14282 suffix_tokens=25 model_ms=21383.3 context_ms=529.6 state_ms=13.54 prefix_ms=0.0 suffix_ms=9658.4 first_token_ms=36570.6 generation_ms=321945.6 generated=64 generation_tps=0.199
AGENT index=67 mig=fafc828a exit=0 wall_ms=236487 text=28222a18d507172c role=child prefix_tokens=14282 suffix_tokens=33 model_ms=17820.7 context_ms=1114.8 state_ms=70.38 prefix_ms=0.0 suffix_ms=2655.0 first_token_ms=26764.1 generation_ms=209366.7 generated=64 generation_tps=0.306
AGENT index=68 mig=31ffbfe4 exit=0 wall_ms=359903 text=836ebfaf7d21007d role=child prefix_tokens=14282 suffix_tokens=24 model_ms=22102.2 context_ms=206.8 state_ms=7.93 prefix_ms=0.0 suffix_ms=9614.9 first_token_ms=36835.0 generation_ms=322360.8 generated=64 generation_tps=0.199
AGENT index=69 mig=fafc828a exit=0 wall_ms=243763 text=4e58d1434e38d87b role=child prefix_tokens=14282 suffix_tokens=27 model_ms=21068.2 context_ms=622.9 state_ms=26.37 prefix_ms=0.0 suffix_ms=6404.0 first_token_ms=33207.9 generation_ms=208897.3 generated=64 generation_tps=0.306
AGENT index=70 mig=31ffbfe4 exit=0 wall_ms=355410 text=2bc8a87702ffa5ba role=child prefix_tokens=14282 suffix_tokens=22 model_ms=17052.5 context_ms=1342.2 state_ms=54.29 prefix_ms=0.0 suffix_ms=4092.0 first_token_ms=28069.9 generation_ms=326987.5 generated=64 generation_tps=0.196
AGENT index=71 mig=fafc828a exit=0 wall_ms=240687 text=f9c832b7cad1a509 role=child prefix_tokens=14282 suffix_tokens=32 model_ms=20670.2 context_ms=690.6 state_ms=14.48 prefix_ms=0.0 suffix_ms=6657.2 first_token_ms=33138.3 generation_ms=207101.1 generated=64 generation_tps=0.309
AGENT index=72 mig=31ffbfe4 exit=0 wall_ms=358724 text=4e007a54c417b8e2 role=child prefix_tokens=14282 suffix_tokens=19 model_ms=20991.3 context_ms=306.7 state_ms=7.33 prefix_ms=0.0 suffix_ms=9325.1 first_token_ms=36418.8 generation_ms=321777.9 generated=64 generation_tps=0.199
AGENT index=73 mig=fafc828a exit=0 wall_ms=231490 text=f69b628d0f4868ff role=child prefix_tokens=14282 suffix_tokens=19 model_ms=16640.3 context_ms=437.5 state_ms=34.96 prefix_ms=0.0 suffix_ms=2030.2 first_token_ms=25059.3 generation_ms=206008.3 generated=64 generation_tps=0.311
AGENT index=74 mig=31ffbfe4 exit=0 wall_ms=359960 text=ab6f927a6830d128 role=child prefix_tokens=14282 suffix_tokens=18 model_ms=20814.3 context_ms=448.3 state_ms=19.80 prefix_ms=0.0 suffix_ms=9317.0 first_token_ms=36202.0 generation_ms=322963.5 generated=64 generation_tps=0.198
AGENT index=75 mig=fafc828a exit=0 wall_ms=237245 text=3f79542af35d277d role=child prefix_tokens=14282 suffix_tokens=22 model_ms=18000.4 context_ms=711.2 state_ms=54.44 prefix_ms=0.0 suffix_ms=2302.9 first_token_ms=26827.3 generation_ms=209959.0 generated=64 generation_tps=0.305
AGENT index=76 mig=31ffbfe4 exit=0 wall_ms=358401 text=2c93819fe85df763 role=child prefix_tokens=14282 suffix_tokens=21 model_ms=20823.8 context_ms=800.1 state_ms=30.41 prefix_ms=0.0 suffix_ms=9262.9 first_token_ms=35951.8 generation_ms=322009.0 generated=64 generation_tps=0.199
AGENT index=77 mig=fafc828a exit=0 wall_ms=244454 text=5d483815f91685a6 role=child prefix_tokens=14282 suffix_tokens=31 model_ms=21097.8 context_ms=205.6 state_ms=6.53 prefix_ms=0.0 suffix_ms=7017.5 first_token_ms=34274.3 generation_ms=208085.1 generated=64 generation_tps=0.308
AGENT index=78 mig=31ffbfe4 exit=0 wall_ms=359716 text=3f33f20708943e2f role=child prefix_tokens=14282 suffix_tokens=21 model_ms=19964.8 context_ms=549.8 state_ms=8.39 prefix_ms=0.0 suffix_ms=9686.6 first_token_ms=35258.2 generation_ms=323796.4 generated=64 generation_tps=0.198
AGENT index=79 mig=fafc828a exit=0 wall_ms=240945 text=0d9668c2f9cbc9fc role=child prefix_tokens=14282 suffix_tokens=26 model_ms=20279.7 context_ms=562.7 state_ms=30.74 prefix_ms=0.0 suffix_ms=6622.4 first_token_ms=33339.7 generation_ms=207123.0 generated=64 generation_tps=0.309
AGENT index=80 mig=31ffbfe4 exit=0 wall_ms=354093 text=86d4ee1044251a25 role=child prefix_tokens=14282 suffix_tokens=25 model_ms=15920.4 context_ms=1051.5 state_ms=27.80 prefix_ms=0.0 suffix_ms=4263.7 first_token_ms=27125.7 generation_ms=326571.6 generated=64 generation_tps=0.196
AGENT index=81 mig=fafc828a exit=0 wall_ms=241383 text=facc2c2ea4689e1e role=child prefix_tokens=14282 suffix_tokens=22 model_ms=20977.8 context_ms=319.9 state_ms=10.60 prefix_ms=0.0 suffix_ms=5549.7 first_token_ms=31742.2 generation_ms=209172.7 generated=64 generation_tps=0.306
AGENT index=82 mig=31ffbfe4 exit=0 wall_ms=360205 text=ce66287a7832a2bb role=child prefix_tokens=14282 suffix_tokens=21 model_ms=19778.9 context_ms=648.9 state_ms=26.27 prefix_ms=0.0 suffix_ms=9124.3 first_token_ms=35116.1 generation_ms=324090.0 generated=64 generation_tps=0.197
AGENT index=83 mig=fafc828a exit=0 wall_ms=243746 text=cdf6d4762f0ad9c6 role=child prefix_tokens=14282 suffix_tokens=18 model_ms=19854.7 context_ms=623.4 state_ms=20.26 prefix_ms=0.0 suffix_ms=5967.2 first_token_ms=32381.3 generation_ms=209805.6 generated=64 generation_tps=0.305
AGENT index=84 mig=31ffbfe4 exit=0 wall_ms=354187 text=1af3357d195a5902 role=child prefix_tokens=14282 suffix_tokens=21 model_ms=17473.6 context_ms=1102.7 state_ms=86.57 prefix_ms=0.0 suffix_ms=4215.8 first_token_ms=28277.5 generation_ms=325535.9 generated=64 generation_tps=0.197
AGENT index=85 mig=fafc828a exit=0 wall_ms=244141 text=957077b2ac48aee9 role=child prefix_tokens=14282 suffix_tokens=26 model_ms=21031.9 context_ms=230.6 state_ms=7.58 prefix_ms=0.0 suffix_ms=6890.2 first_token_ms=34126.0 generation_ms=208223.0 generated=64 generation_tps=0.307
AGENT index=86 mig=31ffbfe4 exit=0 wall_ms=357165 text=1b55181381f9c4bb role=child prefix_tokens=14282 suffix_tokens=27 model_ms=19108.4 context_ms=612.8 state_ms=66.28 prefix_ms=0.0 suffix_ms=8104.6 first_token_ms=33183.1 generation_ms=323514.1 generated=64 generation_tps=0.198
AGENT index=87 mig=fafc828a exit=0 wall_ms=238893 text=b8ac585c0a873612 role=child prefix_tokens=14282 suffix_tokens=17 model_ms=18786.8 context_ms=597.0 state_ms=46.22 prefix_ms=0.0 suffix_ms=2635.6 first_token_ms=27685.3 generation_ms=210637.5 generated=64 generation_tps=0.304
AGENT index=88 mig=31ffbfe4 exit=0 wall_ms=357448 text=9834d2c93010cb40 role=child prefix_tokens=14282 suffix_tokens=22 model_ms=18939.1 context_ms=707.9 state_ms=50.51 prefix_ms=0.0 suffix_ms=6872.4 first_token_ms=32011.7 generation_ms=325010.0 generated=64 generation_tps=0.197
AGENT index=89 mig=fafc828a exit=0 wall_ms=242206 text=4a108aa854664970 role=child prefix_tokens=14282 suffix_tokens=23 model_ms=20013.7 context_ms=863.8 state_ms=6.85 prefix_ms=0.0 suffix_ms=5814.1 first_token_ms=31951.8 generation_ms=209207.2 generated=64 generation_tps=0.306
AGENT index=90 mig=31ffbfe4 exit=0 wall_ms=358588 text=dbc7a5d875e3e7e1 role=child prefix_tokens=14282 suffix_tokens=19 model_ms=19750.8 context_ms=788.4 state_ms=23.83 prefix_ms=0.0 suffix_ms=9240.1 first_token_ms=34909.2 generation_ms=323243.5 generated=64 generation_tps=0.198
AGENT index=91 mig=fafc828a exit=0 wall_ms=242756 text=7b1e906b43903ada role=child prefix_tokens=14282 suffix_tokens=21 model_ms=21479.9 context_ms=202.3 state_ms=6.13 prefix_ms=0.0 suffix_ms=6061.3 first_token_ms=33217.5 generation_ms=208541.1 generated=64 generation_tps=0.307
AGENT index=92 mig=31ffbfe4 exit=0 wall_ms=358655 text=6270d284b62a8043 role=child prefix_tokens=14282 suffix_tokens=20 model_ms=20734.9 context_ms=759.9 state_ms=8.98 prefix_ms=0.0 suffix_ms=9332.2 first_token_ms=36239.1 generation_ms=321897.3 generated=64 generation_tps=0.199
AGENT index=93 mig=fafc828a exit=0 wall_ms=241401 text=ce087b8cf95f26a2 role=child prefix_tokens=14282 suffix_tokens=22 model_ms=20917.5 context_ms=352.5 state_ms=11.90 prefix_ms=0.0 suffix_ms=5775.9 first_token_ms=32747.5 generation_ms=208037.6 generated=64 generation_tps=0.308
AGENT index=94 mig=31ffbfe4 exit=0 wall_ms=352049 text=4878ce4ae644876a role=child prefix_tokens=14282 suffix_tokens=20 model_ms=15731.3 context_ms=1392.6 state_ms=50.42 prefix_ms=0.0 suffix_ms=3087.6 first_token_ms=26202.4 generation_ms=325439.1 generated=64 generation_tps=0.197
AGENT index=95 mig=fafc828a exit=0 wall_ms=238752 text=93d0d9337eb50146 role=child prefix_tokens=14282 suffix_tokens=22 model_ms=18528.7 context_ms=535.5 state_ms=58.55 prefix_ms=0.0 suffix_ms=2736.1 first_token_ms=27598.1 generation_ms=210729.9 generated=64 generation_tps=0.304
AGENT index=96 mig=31ffbfe4 exit=0 wall_ms=360480 text=5b3e8496b267e28f role=child prefix_tokens=14282 suffix_tokens=28 model_ms=19838.3 context_ms=477.6 state_ms=23.00 prefix_ms=0.0 suffix_ms=9258.7 first_token_ms=35489.0 generation_ms=324026.9 generated=64 generation_tps=0.198
AGENT index=97 mig=fafc828a exit=0 wall_ms=243899 text=5b450cf9627e77b9 role=child prefix_tokens=14282 suffix_tokens=23 model_ms=19525.8 context_ms=870.9 state_ms=18.36 prefix_ms=0.0 suffix_ms=5432.7 first_token_ms=31752.6 generation_ms=210399.6 generated=64 generation_tps=0.304
AGENT index=98 mig=31ffbfe4 exit=0 wall_ms=360301 text=f1423a12d392ea73 role=child prefix_tokens=14282 suffix_tokens=25 model_ms=21341.8 context_ms=295.6 state_ms=11.44 prefix_ms=0.0 suffix_ms=9831.4 first_token_ms=36977.7 generation_ms=322465.3 generated=64 generation_tps=0.198
AGENT index=99 mig=fafc828a exit=0 wall_ms=242724 text=65315b3a048c65d3 role=child prefix_tokens=14282 suffix_tokens=33 model_ms=21552.5 context_ms=377.3 state_ms=14.18 prefix_ms=0.0 suffix_ms=7772.2 first_token_ms=34906.6 generation_ms=206682.7 generated=64 generation_tps=0.310
AGENT index=100 mig=31ffbfe4 exit=0 wall_ms=354713 text=46bf93c2b1366bc6 role=child prefix_tokens=14282 suffix_tokens=25 model_ms=17936.0 context_ms=1159.1 state_ms=66.60 prefix_ms=0.0 suffix_ms=4697.1 first_token_ms=28724.3 generation_ms=325617.9 generated=64 generation_tps=0.197
AGENT index=101 mig=fafc828a exit=0 wall_ms=243966 text=c62512a5d8b596ef role=child prefix_tokens=14282 suffix_tokens=28 model_ms=21061.5 context_ms=222.3 state_ms=7.14 prefix_ms=0.0 suffix_ms=6878.2 first_token_ms=33912.6 generation_ms=208204.3 generated=64 generation_tps=0.307
AGENT index=102 mig=31ffbfe4 exit=0 wall_ms=359458 text=1e3a87d5bf89af05 role=child prefix_tokens=14282 suffix_tokens=23 model_ms=21072.8 context_ms=557.6 state_ms=38.27 prefix_ms=0.0 suffix_ms=9150.1 first_token_ms=35673.0 generation_ms=323250.4 generated=64 generation_tps=0.198
AGENT index=103 mig=fafc828a exit=0 wall_ms=244245 text=f9c832b7cad1a509 role=child prefix_tokens=14282 suffix_tokens=33 model_ms=21524.0 context_ms=112.9 state_ms=6.31 prefix_ms=0.0 suffix_ms=7754.7 first_token_ms=34908.7 generation_ms=207197.4 generated=64 generation_tps=0.309
AGENT index=104 mig=31ffbfe4 exit=0 wall_ms=350978 text=788265a3a7959ede role=child prefix_tokens=14282 suffix_tokens=20 model_ms=16768.7 context_ms=1119.3 state_ms=51.65 prefix_ms=0.0 suffix_ms=2732.7 first_token_ms=26050.4 generation_ms=324582.3 generated=64 generation_tps=0.197
AGENT index=105 mig=fafc828a exit=0 wall_ms=241150 text=9bbcff728ca7192b role=child prefix_tokens=14282 suffix_tokens=20 model_ms=21754.5 context_ms=465.3 state_ms=9.24 prefix_ms=0.0 suffix_ms=5998.1 first_token_ms=33018.9 generation_ms=207653.2 generated=64 generation_tps=0.308
AGENT index=106 mig=31ffbfe4 exit=0 wall_ms=360035 text=f4dd5b98bdc77fee role=child prefix_tokens=14282 suffix_tokens=19 model_ms=20171.9 context_ms=799.4 state_ms=30.94 prefix_ms=0.0 suffix_ms=9612.3 first_token_ms=35421.6 generation_ms=323653.3 generated=64 generation_tps=0.198
AGENT index=107 mig=fafc828a exit=0 wall_ms=243775 text=b75a2e4512194a0a role=child prefix_tokens=14282 suffix_tokens=23 model_ms=20765.9 context_ms=413.7 state_ms=6.96 prefix_ms=0.0 suffix_ms=6132.1 first_token_ms=33209.7 generation_ms=209028.8 generated=64 generation_tps=0.306
AGENT index=108 mig=31ffbfe4 exit=0 wall_ms=340309 text=2c93819fe85df763 role=child prefix_tokens=14282 suffix_tokens=22 model_ms=15222.6 context_ms=968.0 state_ms=18.40 prefix_ms=0.0 suffix_ms=1950.4 first_token_ms=23611.5 generation_ms=316318.3 generated=64 generation_tps=0.202
AGENT index=109 mig=fafc828a exit=0 wall_ms=242278 text=5d483815f91685a6 role=child prefix_tokens=14282 suffix_tokens=32 model_ms=19703.2 context_ms=429.6 state_ms=31.85 prefix_ms=0.0 suffix_ms=6015.2 first_token_ms=31254.4 generation_ms=209788.5 generated=64 generation_tps=0.305
AGENT index=110 mig=31ffbfe4 exit=0 wall_ms=357583 text=3f33f20708943e2f role=child prefix_tokens=14282 suffix_tokens=22 model_ms=21619.7 context_ms=337.4 state_ms=6.60 prefix_ms=0.0 suffix_ms=9665.7 first_token_ms=36776.5 generation_ms=320400.0 generated=64 generation_tps=0.200
AGENT index=111 mig=fafc828a exit=0 wall_ms=186718 text=0d9668c2f9cbc9fc role=child prefix_tokens=14282 suffix_tokens=27 model_ms=6589.8 context_ms=3572.4 state_ms=11.57 prefix_ms=0.0 suffix_ms=3232.1 first_token_ms=19025.3 generation_ms=167307.8 generated=64 generation_tps=0.383
AGENT index=112 mig=31ffbfe4 exit=0 wall_ms=357333 text=787d0f2cb9f0f5f6 role=child prefix_tokens=14282 suffix_tokens=26 model_ms=19679.0 context_ms=350.6 state_ms=23.44 prefix_ms=0.0 suffix_ms=8747.1 first_token_ms=34102.2 generation_ms=322762.9 generated=64 generation_tps=0.198
AGENT index=113 mig=fafc828a exit=0 wall_ms=241719 text=1d161aafe68538d2 role=child prefix_tokens=14282 suffix_tokens=23 model_ms=21239.5 context_ms=219.1 state_ms=11.06 prefix_ms=0.0 suffix_ms=6289.0 first_token_ms=33340.6 generation_ms=207627.8 generated=64 generation_tps=0.308
AGENT index=114 mig=31ffbfe4 exit=0 wall_ms=360276 text=2f3bcae6671ff31f role=child prefix_tokens=14282 suffix_tokens=22 model_ms=19919.8 context_ms=622.3 state_ms=14.25 prefix_ms=0.0 suffix_ms=9412.7 first_token_ms=35283.8 generation_ms=323851.0 generated=64 generation_tps=0.198
AGENT index=115 mig=fafc828a exit=0 wall_ms=243219 text=cdf6d4762f0ad9c6 role=child prefix_tokens=14282 suffix_tokens=19 model_ms=19915.0 context_ms=672.7 state_ms=14.27 prefix_ms=0.0 suffix_ms=5853.8 first_token_ms=32128.9 generation_ms=209316.9 generated=64 generation_tps=0.306
AGENT index=116 mig=31ffbfe4 exit=0 wall_ms=355218 text=5337acbd8fb941ee role=child prefix_tokens=14282 suffix_tokens=22 model_ms=18670.7 context_ms=712.1 state_ms=47.63 prefix_ms=0.0 suffix_ms=4881.2 first_token_ms=29102.6 generation_ms=325751.0 generated=64 generation_tps=0.196
AGENT index=117 mig=fafc828a exit=0 wall_ms=242048 text=a34112262f5fd48d role=child prefix_tokens=14282 suffix_tokens=27 model_ms=20974.1 context_ms=463.7 state_ms=18.66 prefix_ms=0.0 suffix_ms=6816.8 first_token_ms=33689.4 generation_ms=207515.6 generated=64 generation_tps=0.308
AGENT index=118 mig=31ffbfe4 exit=0 wall_ms=359380 text=ad3122b47bf9d41d role=child prefix_tokens=14282 suffix_tokens=28 model_ms=21894.2 context_ms=431.0 state_ms=9.66 prefix_ms=0.0 suffix_ms=9945.2 first_token_ms=37001.9 generation_ms=321859.4 generated=64 generation_tps=0.199
AGENT index=119 mig=fafc828a exit=0 wall_ms=241990 text=c096e05173cc4f43 role=child prefix_tokens=14282 suffix_tokens=18 model_ms=20592.9 context_ms=728.0 state_ms=6.16 prefix_ms=0.0 suffix_ms=5963.2 first_token_ms=32882.4 generation_ms=208096.4 generated=64 generation_tps=0.308
AGENT index=120 mig=31ffbfe4 exit=0 wall_ms=359884 text=9834d2c93010cb40 role=child prefix_tokens=14282 suffix_tokens=23 model_ms=20134.6 context_ms=818.6 state_ms=14.27 prefix_ms=0.0 suffix_ms=9447.8 first_token_ms=35494.3 generation_ms=323531.2 generated=64 generation_tps=0.198
AGENT index=121 mig=fafc828a exit=0 wall_ms=243848 text=1aa7a235737ffc91 role=child prefix_tokens=14282 suffix_tokens=24 model_ms=20764.4 context_ms=539.0 state_ms=8.50 prefix_ms=0.0 suffix_ms=5948.1 first_token_ms=32797.8 generation_ms=208873.0 generated=64 generation_tps=0.306
AGENT index=122 mig=31ffbfe4 exit=0 wall_ms=360554 text=b5b604cb763700f9 role=child prefix_tokens=14282 suffix_tokens=20 model_ms=20995.5 context_ms=259.1 state_ms=7.41 prefix_ms=0.0 suffix_ms=9492.7 first_token_ms=36584.1 generation_ms=322948.4 generated=64 generation_tps=0.198
AGENT index=123 mig=fafc828a exit=0 wall_ms=242892 text=e38ea5b855370f1e role=child prefix_tokens=14282 suffix_tokens=22 model_ms=20913.6 context_ms=388.0 state_ms=18.10 prefix_ms=0.0 suffix_ms=5449.2 first_token_ms=31971.9 generation_ms=209397.0 generated=64 generation_tps=0.306
AGENT index=124 mig=31ffbfe4 exit=0 wall_ms=355757 text=61f860d06cef5fa0 role=child prefix_tokens=14282 suffix_tokens=21 model_ms=17783.4 context_ms=621.3 state_ms=73.17 prefix_ms=0.0 suffix_ms=4602.4 first_token_ms=28294.6 generation_ms=327077.8 generated=64 generation_tps=0.196
AGENT index=125 mig=fafc828a exit=0 wall_ms=243916 text=97190065bed772ed role=child prefix_tokens=14282 suffix_tokens=23 model_ms=21224.7 context_ms=211.7 state_ms=7.21 prefix_ms=0.0 suffix_ms=6036.2 first_token_ms=32893.6 generation_ms=209143.7 generated=64 generation_tps=0.306
AGENT index=126 mig=31ffbfe4 exit=0 wall_ms=360402 text=7596decc9ef604b8 role=child prefix_tokens=14282 suffix_tokens=21 model_ms=21374.3 context_ms=263.8 state_ms=8.03 prefix_ms=0.0 suffix_ms=9596.4 first_token_ms=36685.5 generation_ms=322736.7 generated=64 generation_tps=0.198
AGENT index=127 mig=fafc828a exit=0 wall_ms=169300 text=c5fb19c141f1ba26 role=child prefix_tokens=14282 suffix_tokens=23 model_ms=7357.9 context_ms=3726.8 state_ms=14.91 prefix_ms=0.0 suffix_ms=2463.7 first_token_ms=18218.2 generation_ms=150694.6 generated=64 generation_tps=0.425
AGENT index=128 mig=31ffbfe4 exit=0 wall_ms=360206 text=a067a6895417f0e8 role=child prefix_tokens=14282 suffix_tokens=29 model_ms=21331.3 context_ms=410.0 state_ms=19.26 prefix_ms=0.0 suffix_ms=9622.4 first_token_ms=36292.3 generation_ms=322944.6 generated=64 generation_tps=0.198
AGENT index=129 mig=fafc828a exit=0 wall_ms=224730 text=e269a384d3eb41d6 role=child prefix_tokens=14282 suffix_tokens=24 model_ms=15101.0 context_ms=801.8 state_ms=10.03 prefix_ms=0.0 suffix_ms=2210.2 first_token_ms=23785.4 generation_ms=200542.8 generated=64 generation_tps=0.319
AGENT index=130 mig=31ffbfe4 exit=0 wall_ms=268536 text=15032619dc24c29f role=child prefix_tokens=14282 suffix_tokens=26 model_ms=7126.7 context_ms=3380.9 state_ms=15.26 prefix_ms=0.0 suffix_ms=2370.7 first_token_ms=18437.7 generation_ms=249724.5 generated=64 generation_tps=0.256
AGENT index=131 mig=fafc828a exit=0 wall_ms=232103 text=077e38d3762a4e5d role=child prefix_tokens=14282 suffix_tokens=34 model_ms=16259.5 context_ms=1453.3 state_ms=39.59 prefix_ms=0.0 suffix_ms=3054.3 first_token_ms=25677.2 generation_ms=206013.6 generated=64 generation_tps=0.311
AGENT index=132 mig=31ffbfe4 exit=0 wall_ms=360435 text=4c7b6a4b009d79e1 role=child prefix_tokens=14282 suffix_tokens=25 model_ms=20952.7 context_ms=294.4 state_ms=12.66 prefix_ms=0.0 suffix_ms=9848.3 first_token_ms=36879.4 generation_ms=322598.5 generated=64 generation_tps=0.198
AGENT index=133 mig=fafc828a exit=0 wall_ms=169078 text=de8de835a0ccf4c5 role=child prefix_tokens=14282 suffix_tokens=28 model_ms=4993.7 context_ms=2853.1 state_ms=15.33 prefix_ms=0.0 suffix_ms=4761.2 first_token_ms=17979.8 generation_ms=150683.7 generated=64 generation_tps=0.425
AGENT index=134 mig=31ffbfe4 exit=0 wall_ms=360457 text=74ff651a4aa431c6 role=child prefix_tokens=14282 suffix_tokens=23 model_ms=20713.9 context_ms=293.8 state_ms=10.75 prefix_ms=0.0 suffix_ms=9576.9 first_token_ms=36419.2 generation_ms=323064.9 generated=64 generation_tps=0.198
AGENT index=135 mig=fafc828a exit=0 wall_ms=244049 text=f9c832b7cad1a509 role=child prefix_tokens=14282 suffix_tokens=33 model_ms=21539.4 context_ms=311.1 state_ms=13.31 prefix_ms=0.0 suffix_ms=7459.0 first_token_ms=34304.1 generation_ms=207500.9 generated=64 generation_tps=0.308
AGENT index=136 mig=31ffbfe4 exit=0 wall_ms=356720 text=7c975bc8cb52745e role=child prefix_tokens=14282 suffix_tokens=20 model_ms=17686.4 context_ms=796.1 state_ms=34.22 prefix_ms=0.0 suffix_ms=5955.0 first_token_ms=30208.4 generation_ms=326078.5 generated=64 generation_tps=0.196
AGENT index=137 mig=fafc828a exit=0 wall_ms=240076 text=54441ea4e19b19f9 role=child prefix_tokens=14282 suffix_tokens=20 model_ms=20132.4 context_ms=583.6 state_ms=25.07 prefix_ms=0.0 suffix_ms=5203.8 first_token_ms=30822.2 generation_ms=208845.4 generated=64 generation_tps=0.306
AGENT index=138 mig=31ffbfe4 exit=0 wall_ms=359449 text=402d0a29aca55967 role=child prefix_tokens=14282 suffix_tokens=19 model_ms=21006.1 context_ms=204.4 state_ms=6.94 prefix_ms=0.0 suffix_ms=9432.4 first_token_ms=36356.1 generation_ms=322438.2 generated=64 generation_tps=0.198
AGENT index=139 mig=fafc828a exit=0 wall_ms=238713 text=cf77ab317ebf3cc0 role=child prefix_tokens=14282 suffix_tokens=23 model_ms=19854.2 context_ms=627.0 state_ms=34.81 prefix_ms=0.0 suffix_ms=5682.9 first_token_ms=31975.6 generation_ms=206222.3 generated=64 generation_tps=0.310
MEMORY mem_available_drop_mib=98818 mem_available_before_mib=120113 mem_free_before_mib=45827 pss_anon_mib=33306 pss_file_mib=7454 pss_shmem_mib=8929 device_mib=54180 samples=24
END_CASE failed_agents=0 wall_ms=361839
END_KVSTACK
BEGIN_KVSTACK run=5 context=16384 publisher_mig=fafc828a mem_free_mib=48528 kernel_reclaimable_mib=68838
PUBLISH store=stock prefix_tokens=14282 prefix_ms=16880.3 publish_ms=495.03 state_bytes=819216229
PUBLISH store=device prefix_tokens=14282 prefix_ms=16973.3 publish_ms=494.55 state_bytes=819216229
PUBLISH store=huge prefix_tokens=14282 prefix_ms=17040.4 publish_ms=8.03 state_bytes=229221 file_used_kib=802816
CASE mode=both agents=140
AGENT index=0 mig=fafc828a exit=0 wall_ms=241940 text=bb92e4befc7eddec role=child prefix_tokens=14282 suffix_tokens=27 model_ms=19932.9 context_ms=860.7 state_ms=20.86 prefix_ms=0.0 suffix_ms=6671.4 first_token_ms=32525.4 generation_ms=208912.0 generated=64 generation_tps=0.306
AGENT index=1 mig=31ffbfe4 exit=0 wall_ms=318144 text=a8d47b5298abb2fc role=child prefix_tokens=14282 suffix_tokens=22 model_ms=12782.7 context_ms=792.7 state_ms=14.91 prefix_ms=0.0 suffix_ms=1862.0 first_token_ms=20673.5 generation_ms=297120.3 generated=64 generation_tps=0.215
AGENT index=2 mig=fafc828a exit=0 wall_ms=242998 text=abfd4eb3fb8ebdd8 role=child prefix_tokens=14282 suffix_tokens=24 model_ms=21953.1 context_ms=340.2 state_ms=6.35 prefix_ms=0.0 suffix_ms=6363.5 first_token_ms=33729.8 generation_ms=208273.3 generated=64 generation_tps=0.307
AGENT index=3 mig=31ffbfe4 exit=0 wall_ms=300842 text=077e38d3762a4e5d role=child prefix_tokens=14282 suffix_tokens=32 model_ms=10324.0 context_ms=4171.4 state_ms=15.21 prefix_ms=0.0 suffix_ms=2391.6 first_token_ms=19007.4 generation_ms=281455.3 generated=64 generation_tps=0.227
AGENT index=4 mig=fafc828a exit=0 wall_ms=238558 text=16f8c0610a09645d role=child prefix_tokens=14282 suffix_tokens=23 model_ms=17951.9 context_ms=931.0 state_ms=42.42 prefix_ms=0.0 suffix_ms=2258.7 first_token_ms=26501.0 generation_ms=211539.0 generated=64 generation_tps=0.303
AGENT index=5 mig=31ffbfe4 exit=0 wall_ms=359363 text=ff4188d71e02bfdb role=child prefix_tokens=14282 suffix_tokens=26 model_ms=22243.6 context_ms=84.6 state_ms=6.06 prefix_ms=0.0 suffix_ms=9955.7 first_token_ms=37399.7 generation_ms=321418.5 generated=64 generation_tps=0.199
AGENT index=6 mig=fafc828a exit=0 wall_ms=243669 text=f88f503d1005fa22 role=child prefix_tokens=14282 suffix_tokens=21 model_ms=21698.1 context_ms=448.9 state_ms=11.30 prefix_ms=0.0 suffix_ms=6217.6 first_token_ms=33499.8 generation_ms=209050.5 generated=64 generation_tps=0.306
AGENT index=7 mig=31ffbfe4 exit=0 wall_ms=358540 text=f9c832b7cad1a509 role=child prefix_tokens=14282 suffix_tokens=31 model_ms=20462.8 context_ms=513.7 state_ms=28.46 prefix_ms=0.0 suffix_ms=9255.4 first_token_ms=35293.4 generation_ms=322868.3 generated=64 generation_tps=0.198
AGENT index=8 mig=fafc828a exit=0 wall_ms=237790 text=ae3f57b141780268 role=child prefix_tokens=14282 suffix_tokens=18 model_ms=17351.1 context_ms=1607.8 state_ms=75.37 prefix_ms=0.0 suffix_ms=2485.0 first_token_ms=26549.8 generation_ms=210828.4 generated=64 generation_tps=0.304
AGENT index=9 mig=31ffbfe4 exit=0 wall_ms=354999 text=a2d016def74ecc62 role=child prefix_tokens=14282 suffix_tokens=18 model_ms=18900.3 context_ms=1363.4 state_ms=38.47 prefix_ms=0.0 suffix_ms=6619.3 first_token_ms=31940.7 generation_ms=322690.0 generated=64 generation_tps=0.198
AGENT index=10 mig=fafc828a exit=0 wall_ms=240870 text=a733f3a39259263c role=child prefix_tokens=14282 suffix_tokens=18 model_ms=21748.4 context_ms=458.7 state_ms=12.19 prefix_ms=0.0 suffix_ms=6232.8 first_token_ms=33465.9 generation_ms=206912.3 generated=64 generation_tps=0.309
AGENT index=11 mig=31ffbfe4 exit=0 wall_ms=352998 text=087278665f3dec68 role=child prefix_tokens=14282 suffix_tokens=22 model_ms=17691.5 context_ms=1153.5 state_ms=54.35 prefix_ms=0.0 suffix_ms=3128.1 first_token_ms=27584.6 generation_ms=325048.4 generated=64 generation_tps=0.197
AGENT index=12 mig=fafc828a exit=0 wall_ms=244440 text=2c93819fe85df763 role=child prefix_tokens=14282 suffix_tokens=21 model_ms=19071.6 context_ms=862.7 state_ms=53.10 prefix_ms=0.0 suffix_ms=5740.0 first_token_ms=31604.2 generation_ms=211603.4 generated=64 generation_tps=0.302
AGENT index=13 mig=31ffbfe4 exit=0 wall_ms=359856 text=5d483815f91685a6 role=child prefix_tokens=14282 suffix_tokens=31 model_ms=21911.2 context_ms=375.4 state_ms=6.10 prefix_ms=0.0 suffix_ms=9891.5 first_token_ms=37266.8 generation_ms=321955.9 generated=64 generation_tps=0.199
AGENT index=14 mig=fafc828a exit=0 wall_ms=241618 text=3f33f20708943e2f role=child prefix_tokens=14282 suffix_tokens=21 model_ms=21945.3 context_ms=391.5 state_ms=54.79 prefix_ms=0.0 suffix_ms=6402.1 first_token_ms=33792.7 generation_ms=207346.7 generated=64 generation_tps=0.309
AGENT index=15 mig=31ffbfe4 exit=0 wall_ms=317977 text=0502c45076359254 role=child prefix_tokens=14282 suffix_tokens=26 model_ms=11109.0 context_ms=1160.8 state_ms=15.27 prefix_ms=0.0 suffix_ms=2338.6 first_token_ms=20243.2 generation_ms=297392.8 generated=64 generation_tps=0.215
AGENT index=16 mig=fafc828a exit=0 wall_ms=244514 text=0ebc8757605c5571 role=child prefix_tokens=14282 suffix_tokens=25 model_ms=21384.1 context_ms=365.5 state_ms=6.18 prefix_ms=0.0 suffix_ms=7062.8 first_token_ms=34396.3 generation_ms=208314.1 generated=64 generation_tps=0.307
AGENT index=17 mig=31ffbfe4 exit=0 wall_ms=357875 text=5d7dbcf0a7eca76c role=child prefix_tokens=14282 suffix_tokens=22 model_ms=20548.7 context_ms=663.9 state_ms=29.33 prefix_ms=0.0 suffix_ms=8316.2 first_token_ms=34811.5 generation_ms=322712.5 generated=64 generation_tps=0.198
AGENT index=18 mig=fafc828a exit=0 wall_ms=242134 text=cb99e4b1c2fd84d5 role=child prefix_tokens=14282 suffix_tokens=21 model_ms=21179.8 context_ms=809.1 state_ms=14.47 prefix_ms=0.0 suffix_ms=6184.8 first_token_ms=33194.4 generation_ms=208357.5 generated=64 generation_tps=0.307
AGENT index=19 mig=31ffbfe4 exit=0 wall_ms=358367 text=4c7501e634d9bf23 role=child prefix_tokens=14282 suffix_tokens=18 model_ms=21763.3 context_ms=318.9 state_ms=6.85 prefix_ms=0.0 suffix_ms=9604.0 first_token_ms=36897.6 generation_ms=321123.2 generated=64 generation_tps=0.199
AGENT index=20 mig=fafc828a exit=0 wall_ms=244327 text=b3893059e7e79532 role=child prefix_tokens=14282 suffix_tokens=21 model_ms=21191.8 context_ms=710.3 state_ms=8.72 prefix_ms=0.0 suffix_ms=6090.4 first_token_ms=33122.3 generation_ms=209850.9 generated=64 generation_tps=0.305
AGENT index=21 mig=31ffbfe4 exit=0 wall_ms=360585 text=284eef78a2286715 role=child prefix_tokens=14282 suffix_tokens=26 model_ms=20160.7 context_ms=580.3 state_ms=34.56 prefix_ms=0.0 suffix_ms=9564.2 first_token_ms=36161.7 generation_ms=323628.6 generated=64 generation_tps=0.198
AGENT index=22 mig=fafc828a exit=0 wall_ms=245133 text=ad3122b47bf9d41d role=child prefix_tokens=14282 suffix_tokens=27 model_ms=21473.5 context_ms=339.0 state_ms=7.48 prefix_ms=0.0 suffix_ms=6923.3 first_token_ms=34141.3 generation_ms=209069.1 generated=64 generation_tps=0.306
AGENT index=23 mig=31ffbfe4 exit=0 wall_ms=359602 text=f79224e341ba5115 role=child prefix_tokens=14282 suffix_tokens=17 model_ms=22032.9 context_ms=114.6 state_ms=6.30 prefix_ms=0.0 suffix_ms=9641.3 first_token_ms=37028.5 generation_ms=322086.4 generated=64 generation_tps=0.199
AGENT index=24 mig=fafc828a exit=0 wall_ms=245294 text=9834d2c93010cb40 role=child prefix_tokens=14282 suffix_tokens=22 model_ms=20390.2 context_ms=544.0 state_ms=23.57 prefix_ms=0.0 suffix_ms=5943.8 first_token_ms=32521.6 generation_ms=210536.5 generated=64 generation_tps=0.304
AGENT index=25 mig=31ffbfe4 exit=0 wall_ms=312837 text=da4c2dca73ac54e0 role=child prefix_tokens=14282 suffix_tokens=23 model_ms=13420.7 context_ms=1113.3 state_ms=15.48 prefix_ms=0.0 suffix_ms=1931.6 first_token_ms=20074.5 generation_ms=292428.0 generated=64 generation_tps=0.219
AGENT index=26 mig=fafc828a exit=0 wall_ms=243723 text=07ec2de36a00f7a1 role=child prefix_tokens=14282 suffix_tokens=19 model_ms=20042.2 context_ms=715.1 state_ms=36.65 prefix_ms=0.0 suffix_ms=5913.8 first_token_ms=32493.6 generation_ms=210152.9 generated=64 generation_tps=0.305
AGENT index=27 mig=31ffbfe4 exit=0 wall_ms=319243 text=e1e29071a16e2061 role=child prefix_tokens=14282 suffix_tokens=21 model_ms=11740.4 context_ms=922.5 state_ms=15.35 prefix_ms=0.0 suffix_ms=1937.7 first_token_ms=20398.4 generation_ms=298418.2 generated=64 generation_tps=0.214
AGENT index=28 mig=fafc828a exit=0 wall_ms=232680 text=1c65ed1020843e8d role=child prefix_tokens=14282 suffix_tokens=20 model_ms=15721.7 context_ms=1556.4 state_ms=30.26 prefix_ms=0.0 suffix_ms=1796.9 first_token_ms=24882.3 generation_ms=207438.6 generated=64 generation_tps=0.309
AGENT index=29 mig=31ffbfe4 exit=0 wall_ms=359114 text=a72f71cd80731afe role=child prefix_tokens=14282 suffix_tokens=22 model_ms=21777.4 context_ms=326.6 state_ms=8.94 prefix_ms=0.0 suffix_ms=9718.8 first_token_ms=36992.7 generation_ms=321595.8 generated=64 generation_tps=0.199
AGENT index=30 mig=fafc828a exit=0 wall_ms=242852 text=317f6f38771a1e41 role=child prefix_tokens=14282 suffix_tokens=20 model_ms=20926.5 context_ms=313.0 state_ms=27.74 prefix_ms=0.0 suffix_ms=5955.3 first_token_ms=32216.9 generation_ms=209684.0 generated=64 generation_tps=0.305
AGENT index=31 mig=31ffbfe4 exit=0 wall_ms=359441 text=1b4036771dcdadef role=child prefix_tokens=14282 suffix_tokens=22 model_ms=19938.4 context_ms=494.9 state_ms=35.18 prefix_ms=0.0 suffix_ms=9486.6 first_token_ms=35944.9 generation_ms=322975.2 generated=64 generation_tps=0.198
AGENT index=32 mig=fafc828a exit=0 wall_ms=244546 text=3f50371ecb0032a2 role=child prefix_tokens=14282 suffix_tokens=28 model_ms=19235.4 context_ms=794.9 state_ms=19.75 prefix_ms=0.0 suffix_ms=6383.6 first_token_ms=32368.3 generation_ms=210567.7 generated=64 generation_tps=0.304
AGENT index=33 mig=31ffbfe4 exit=0 wall_ms=359878 text=5b450cf9627e77b9 role=child prefix_tokens=14282 suffix_tokens=23 model_ms=21901.9 context_ms=271.6 state_ms=10.01 prefix_ms=0.0 suffix_ms=9620.9 first_token_ms=36893.1 generation_ms=322270.7 generated=64 generation_tps=0.199
AGENT index=34 mig=fafc828a exit=0 wall_ms=242230 text=8fe64643182c4081 role=child prefix_tokens=14282 suffix_tokens=25 model_ms=21336.5 context_ms=720.3 state_ms=8.18 prefix_ms=0.0 suffix_ms=6817.6 first_token_ms=33851.1 generation_ms=207567.2 generated=64 generation_tps=0.308
AGENT index=35 mig=31ffbfe4 exit=0 wall_ms=360003 text=ab418a5e41977b06 role=child prefix_tokens=14282 suffix_tokens=33 model_ms=20400.3 context_ms=571.4 state_ms=21.09 prefix_ms=0.0 suffix_ms=11251.0 first_token_ms=38178.1 generation_ms=321238.4 generated=64 generation_tps=0.199
AGENT index=36 mig=fafc828a exit=0 wall_ms=244110 text=2852504019aca3b6 role=child prefix_tokens=14282 suffix_tokens=24 model_ms=20942.9 context_ms=312.7 state_ms=6.35 prefix_ms=0.0 suffix_ms=6208.8 first_token_ms=33415.6 generation_ms=209164.6 generated=64 generation_tps=0.306
AGENT index=37 mig=31ffbfe4 exit=0 wall_ms=360536 text=bef1e0801c6e655f role=child prefix_tokens=14282 suffix_tokens=27 model_ms=20911.8 context_ms=499.8 state_ms=6.29 prefix_ms=0.0 suffix_ms=9894.8 first_token_ms=37117.8 generation_ms=322389.9 generated=64 generation_tps=0.199
AGENT index=38 mig=fafc828a exit=0 wall_ms=243800 text=03d3cecc4e2c4ef7 role=child prefix_tokens=14282 suffix_tokens=22 model_ms=20247.5 context_ms=820.4 state_ms=30.46 prefix_ms=0.0 suffix_ms=5677.9 first_token_ms=31854.1 generation_ms=210457.0 generated=64 generation_tps=0.304
AGENT index=39 mig=31ffbfe4 exit=0 wall_ms=359627 text=f9c832b7cad1a509 role=child prefix_tokens=14282 suffix_tokens=32 model_ms=21040.0 context_ms=530.9 state_ms=11.14 prefix_ms=0.0 suffix_ms=9554.1 first_token_ms=36419.4 generation_ms=322668.1 generated=64 generation_tps=0.198
AGENT index=40 mig=fafc828a exit=0 wall_ms=133876 text=1bedc9985ebffdf3 role=child prefix_tokens=14282 suffix_tokens=19 model_ms=10518.6 context_ms=1835.5 state_ms=15.02 prefix_ms=0.0 suffix_ms=1323.0 first_token_ms=19222.6 generation_ms=114273.6 generated=64 generation_tps=0.560
AGENT index=41 mig=31ffbfe4 exit=0 wall_ms=360709 text=45248c21a8c64213 role=child prefix_tokens=14282 suffix_tokens=19 model_ms=20912.3 context_ms=298.2 state_ms=14.26 prefix_ms=0.0 suffix_ms=9419.3 first_token_ms=36331.1 generation_ms=323481.9 generated=64 generation_tps=0.198
AGENT index=42 mig=fafc828a exit=0 wall_ms=237287 text=c2b860976d76c188 role=child prefix_tokens=14282 suffix_tokens=18 model_ms=16189.8 context_ms=1312.3 state_ms=32.11 prefix_ms=0.0 suffix_ms=2607.5 first_token_ms=26037.2 generation_ms=210893.4 generated=64 generation_tps=0.303
AGENT index=43 mig=31ffbfe4 exit=0 wall_ms=359691 text=7f088fd1d1738f8b role=child prefix_tokens=14282 suffix_tokens=22 model_ms=20637.2 context_ms=364.4 state_ms=34.83 prefix_ms=0.0 suffix_ms=8995.4 first_token_ms=35654.8 generation_ms=323437.9 generated=64 generation_tps=0.198
AGENT index=44 mig=fafc828a exit=0 wall_ms=242341 text=f631ba01e55b49fa role=child prefix_tokens=14282 suffix_tokens=21 model_ms=19931.4 context_ms=870.6 state_ms=25.07 prefix_ms=0.0 suffix_ms=5924.4 first_token_ms=31679.7 generation_ms=209794.6 generated=64 generation_tps=0.305
AGENT index=45 mig=31ffbfe4 exit=0 wall_ms=321401 text=5d483815f91685a6 role=child prefix_tokens=14282 suffix_tokens=31 model_ms=11184.0 context_ms=1253.7 state_ms=10.15 prefix_ms=0.0 suffix_ms=2296.1 first_token_ms=20603.4 generation_ms=300451.0 generated=64 generation_tps=0.213
AGENT index=46 mig=fafc828a exit=0 wall_ms=242480 text=56be8609eb72cb4a role=child prefix_tokens=14282 suffix_tokens=21 model_ms=18233.3 context_ms=985.8 state_ms=33.29 prefix_ms=0.0 suffix_ms=4715.4 first_token_ms=29770.4 generation_ms=211745.8 generated=64 generation_tps=0.302
AGENT index=47 mig=31ffbfe4 exit=0 wall_ms=358705 text=0d9668c2f9cbc9fc role=child prefix_tokens=14282 suffix_tokens=26 model_ms=21918.2 context_ms=371.9 state_ms=6.49 prefix_ms=0.0 suffix_ms=9886.7 first_token_ms=37147.4 generation_ms=321146.6 generated=64 generation_tps=0.199
AGENT index=48 mig=fafc828a exit=0 wall_ms=245105 text=27f58a7742c668f5 role=child prefix_tokens=14282 suffix_tokens=25 model_ms=21869.6 context_ms=383.9 state_ms=7.23 prefix_ms=0.0 suffix_ms=7073.7 first_token_ms=34334.6 generation_ms=208953.5 generated=64 generation_tps=0.306
AGENT index=49 mig=31ffbfe4 exit=0 wall_ms=360766 text=facc2c2ea4689e1e role=child prefix_tokens=14282 suffix_tokens=22 model_ms=21314.5 context_ms=472.0 state_ms=6.32 prefix_ms=0.0 suffix_ms=9691.5 first_token_ms=36867.8 generation_ms=322925.9 generated=64 generation_tps=0.198
AGENT index=50 mig=fafc828a exit=0 wall_ms=237960 text=64fd37c296cb1dd5 role=child prefix_tokens=14282 suffix_tokens=21 model_ms=17446.4 context_ms=841.1 state_ms=30.35 prefix_ms=0.0 suffix_ms=2834.6 first_token_ms=26438.8 generation_ms=211143.4 generated=64 generation_tps=0.303
AGENT index=51 mig=31ffbfe4 exit=0 wall_ms=356899 text=4c7501e634d9bf23 role=child prefix_tokens=14282 suffix_tokens=18 model_ms=19911.3 context_ms=311.1 state_ms=20.75 prefix_ms=0.0 suffix_ms=6759.9 first_token_ms=32279.0 generation_ms=324221.0 generated=64 generation_tps=0.197
AGENT index=52 mig=fafc828a exit=0 wall_ms=218400 text=b3893059e7e79532 role=child prefix_tokens=14282 suffix_tokens=21 model_ms=15442.8 context_ms=1224.4 state_ms=33.23 prefix_ms=0.0 suffix_ms=1461.7 first_token_ms=23495.8 generation_ms=194519.4 generated=64 generation_tps=0.329
AGENT index=53 mig=31ffbfe4 exit=0 wall_ms=356837 text=11e4c2a85150fa06 role=child prefix_tokens=14282 suffix_tokens=26 model_ms=18879.0 context_ms=864.7 state_ms=17.68 prefix_ms=0.0 suffix_ms=5617.0 first_token_ms=30539.3 generation_ms=325903.9 generated=64 generation_tps=0.196
AGENT index=54 mig=fafc828a exit=0 wall_ms=236714 text=3b6f5b9c968721eb role=child prefix_tokens=14282 suffix_tokens=27 model_ms=17283.3 context_ms=1282.7 state_ms=48.48 prefix_ms=0.0 suffix_ms=3024.8 first_token_ms=26743.4 generation_ms=209547.3 generated=64 generation_tps=0.305
AGENT index=55 mig=31ffbfe4 exit=0 wall_ms=347983 text=7e4fad52bd577abf role=child prefix_tokens=14282 suffix_tokens=17 model_ms=15977.9 context_ms=957.6 state_ms=28.57 prefix_ms=0.0 suffix_ms=3710.6 first_token_ms=25581.5 generation_ms=322049.1 generated=64 generation_tps=0.199
AGENT index=56 mig=fafc828a exit=0 wall_ms=240433 text=9834d2c93010cb40 role=child prefix_tokens=14282 suffix_tokens=22 model_ms=17806.1 context_ms=526.3 state_ms=54.44 prefix_ms=0.0 suffix_ms=3319.2 first_token_ms=27742.4 generation_ms=212256.3 generated=64 generation_tps=0.302
AGENT index=57 mig=31ffbfe4 exit=0 wall_ms=309652 text=a4e76b0a1993f6d6 role=child prefix_tokens=14282 suffix_tokens=23 model_ms=11221.3 context_ms=2093.5 state_ms=15.39 prefix_ms=0.0 suffix_ms=1502.2 first_token_ms=19078.7 generation_ms=290214.0 generated=64 generation_tps=0.221
AGENT index=58 mig=fafc828a exit=0 wall_ms=236444 text=359d7b30e6a9a9fc role=child prefix_tokens=14282 suffix_tokens=19 model_ms=17162.9 context_ms=1407.1 state_ms=67.48 prefix_ms=0.0 suffix_ms=2006.5 first_token_ms=25839.4 generation_ms=210216.0 generated=64 generation_tps=0.304
AGENT index=59 mig=31ffbfe4 exit=0 wall_ms=357551 text=7b1e906b43903ada role=child prefix_tokens=14282 suffix_tokens=21 model_ms=20608.2 context_ms=459.0 state_ms=50.60 prefix_ms=0.0 suffix_ms=8487.5 first_token_ms=34520.2 generation_ms=322672.3 generated=64 generation_tps=0.198
AGENT index=60 mig=fafc828a exit=0 wall_ms=241577 text=23f27e20526aad11 role=child prefix_tokens=14282 suffix_tokens=20 model_ms=20265.4 context_ms=480.8 state_ms=9.52 prefix_ms=0.0 suffix_ms=6054.8 first_token_ms=32928.8 generation_ms=208093.9 generated=64 generation_tps=0.308
AGENT index=61 mig=31ffbfe4 exit=0 wall_ms=358855 text=a61a16a4bc46c53d role=child prefix_tokens=14282 suffix_tokens=22 model_ms=20371.6 context_ms=826.4 state_ms=46.45 prefix_ms=0.0 suffix_ms=9236.4 first_token_ms=35553.5 generation_ms=322778.3 generated=64 generation_tps=0.198
AGENT index=62 mig=fafc828a exit=0 wall_ms=244366 text=dbac730f9e3a3df4 role=child prefix_tokens=14282 suffix_tokens=20 model_ms=19829.1 context_ms=570.7 state_ms=46.13 prefix_ms=0.0 suffix_ms=5677.3 first_token_ms=31542.2 generation_ms=211258.9 generated=64 generation_tps=0.303
AGENT index=63 mig=31ffbfe4 exit=0 wall_ms=357427 text=cd56b7d8c4ff1887 role=child prefix_tokens=14282 suffix_tokens=22 model_ms=21169.7 context_ms=503.3 state_ms=7.93 prefix_ms=0.0 suffix_ms=9456.8 first_token_ms=36301.0 generation_ms=320693.6 generated=64 generation_tps=0.200
AGENT index=64 mig=fafc828a exit=0 wall_ms=242221 text=a067a6895417f0e8 role=child prefix_tokens=14282 suffix_tokens=28 model_ms=19555.3 context_ms=843.4 state_ms=24.33 prefix_ms=0.0 suffix_ms=6173.8 first_token_ms=31479.9 generation_ms=209937.8 generated=64 generation_tps=0.305
AGENT index=65 mig=31ffbfe4 exit=0 wall_ms=359985 text=664acbfcf59959c4 role=child prefix_tokens=14282 suffix_tokens=23 model_ms=20655.4 context_ms=435.1 state_ms=6.93 prefix_ms=0.0 suffix_ms=9629.2 first_token_ms=36792.0 generation_ms=322620.5 generated=64 generation_tps=0.198
AGENT index=66 mig=fafc828a exit=0 wall_ms=241222 text=8fe64643182c4081 role=child prefix_tokens=14282 suffix_tokens=25 model_ms=16950.4 context_ms=1004.5 state_ms=62.22 prefix_ms=0.0 suffix_ms=4496.8 first_token_ms=28114.4 generation_ms=212663.0 generated=64 generation_tps=0.301
AGENT index=67 mig=31ffbfe4 exit=0 wall_ms=357302 text=077e38d3762a4e5d role=child prefix_tokens=14282 suffix_tokens=33 model_ms=18649.8 context_ms=831.8 state_ms=61.96 prefix_ms=0.0 suffix_ms=7744.0 first_token_ms=32535.2 generation_ms=324405.9 generated=64 generation_tps=0.197
AGENT index=68 mig=fafc828a exit=0 wall_ms=240474 text=4d2fc992c2841379 role=child prefix_tokens=14282 suffix_tokens=24 model_ms=17946.8 context_ms=761.3 state_ms=27.63 prefix_ms=0.0 suffix_ms=3377.0 first_token_ms=28066.9 generation_ms=211970.1 generated=64 generation_tps=0.302
AGENT index=69 mig=31ffbfe4 exit=0 wall_ms=360487 text=6ce00e8033df1792 role=child prefix_tokens=14282 suffix_tokens=27 model_ms=21393.1 context_ms=404.1 state_ms=8.51 prefix_ms=0.0 suffix_ms=9876.2 first_token_ms=37004.6 generation_ms=322708.6 generated=64 generation_tps=0.198
AGENT index=70 mig=fafc828a exit=0 wall_ms=238408 text=312bed507beb25e1 role=child prefix_tokens=14282 suffix_tokens=22 model_ms=16240.5 context_ms=1294.8 state_ms=53.25 prefix_ms=0.0 suffix_ms=2900.8 first_token_ms=26479.1 generation_ms=211444.2 generated=64 generation_tps=0.303
AGENT index=71 mig=31ffbfe4 exit=0 wall_ms=354578 text=13e4dfd293d8126f role=child prefix_tokens=14282 suffix_tokens=32 model_ms=18187.5 context_ms=1168.5 state_ms=68.82 prefix_ms=0.0 suffix_ms=4835.9 first_token_ms=29307.7 generation_ms=324893.9 generated=64 generation_tps=0.197
AGENT index=72 mig=fafc828a exit=0 wall_ms=242304 text=724c6fed862eef57 role=child prefix_tokens=14282 suffix_tokens=19 model_ms=19376.7 context_ms=809.0 state_ms=24.71 prefix_ms=0.0 suffix_ms=5562.0 first_token_ms=31183.8 generation_ms=210220.6 generated=64 generation_tps=0.304
AGENT index=73 mig=31ffbfe4 exit=0 wall_ms=360301 text=f69b628d0f4868ff role=child prefix_tokens=14282 suffix_tokens=19 model_ms=20494.6 context_ms=574.6 state_ms=6.83 prefix_ms=0.0 suffix_ms=9398.2 first_token_ms=36320.5 generation_ms=323149.9 generated=64 generation_tps=0.198
AGENT index=74 mig=fafc828a exit=0 wall_ms=243313 text=95997adc906fa24a role=child prefix_tokens=14282 suffix_tokens=18 model_ms=19795.1 context_ms=689.1 state_ms=54.38 prefix_ms=0.0 suffix_ms=5608.7 first_token_ms=31369.0 generation_ms=211071.0 generated=64 generation_tps=0.303
AGENT index=75 mig=31ffbfe4 exit=0 wall_ms=360352 text=8aaf40a95565910c role=child prefix_tokens=14282 suffix_tokens=22 model_ms=20978.9 context_ms=297.1 state_ms=8.77 prefix_ms=0.0 suffix_ms=9567.9 first_token_ms=36518.4 generation_ms=322872.7 generated=64 generation_tps=0.198
AGENT index=76 mig=fafc828a exit=0 wall_ms=243755 text=2c93819fe85df763 role=child prefix_tokens=14282 suffix_tokens=21 model_ms=21519.4 context_ms=132.1 state_ms=7.41 prefix_ms=0.0 suffix_ms=6212.3 first_token_ms=33053.7 generation_ms=209628.3 generated=64 generation_tps=0.305
AGENT index=77 mig=31ffbfe4 exit=0 wall_ms=357026 text=5d483815f91685a6 role=child prefix_tokens=14282 suffix_tokens=31 model_ms=19522.2 context_ms=740.4 state_ms=30.52 prefix_ms=0.0 suffix_ms=7631.8 first_token_ms=32881.2 generation_ms=323747.9 generated=64 generation_tps=0.198
AGENT index=78 mig=fafc828a exit=0 wall_ms=239315 text=3f33f20708943e2f role=child prefix_tokens=14282 suffix_tokens=21 model_ms=17207.9 context_ms=937.0 state_ms=24.75 prefix_ms=0.0 suffix_ms=3462.1 first_token_ms=26997.7 generation_ms=211900.2 generated=64 generation_tps=0.302
AGENT index=79 mig=31ffbfe4 exit=0 wall_ms=360504 text=0d9668c2f9cbc9fc role=child prefix_tokens=14282 suffix_tokens=26 model_ms=21384.3 context_ms=462.3 state_ms=8.31 prefix_ms=0.0 suffix_ms=9778.8 first_token_ms=36871.0 generation_ms=322710.2 generated=64 generation_tps=0.198
AGENT index=80 mig=fafc828a exit=0 wall_ms=133538 text=86d4ee1044251a25 role=child prefix_tokens=14282 suffix_tokens=25 model_ms=11749.9 context_ms=1080.0 state_ms=15.38 prefix_ms=0.0 suffix_ms=1148.3 first_token_ms=19168.1 generation_ms=113954.4 generated=64 generation_tps=0.562
AGENT index=81 mig=31ffbfe4 exit=0 wall_ms=358832 text=6bd685fbc4b441ec role=child prefix_tokens=14282 suffix_tokens=22 model_ms=19723.1 context_ms=563.6 state_ms=45.85 prefix_ms=0.0 suffix_ms=8244.8 first_token_ms=33805.4 generation_ms=324508.8 generated=64 generation_tps=0.197
AGENT index=82 mig=fafc828a exit=0 wall_ms=245305 text=ce66287a7832a2bb role=child prefix_tokens=14282 suffix_tokens=21 model_ms=21347.5 context_ms=284.8 state_ms=6.45 prefix_ms=0.0 suffix_ms=6396.3 first_token_ms=33548.9 generation_ms=209808.3 generated=64 generation_tps=0.305
AGENT index=83 mig=31ffbfe4 exit=0 wall_ms=358375 text=cdf6d4762f0ad9c6 role=child prefix_tokens=14282 suffix_tokens=18 model_ms=20263.9 context_ms=547.8 state_ms=16.00 prefix_ms=0.0 suffix_ms=9080.1 first_token_ms=35597.0 generation_ms=322396.6 generated=64 generation_tps=0.199
AGENT index=84 mig=fafc828a exit=0 wall_ms=239383 text=621bb723edc357c2 role=child prefix_tokens=14282 suffix_tokens=21 model_ms=16747.0 context_ms=1614.7 state_ms=21.52 prefix_ms=0.0 suffix_ms=3086.0 first_token_ms=26636.3 generation_ms=212290.4 generated=64 generation_tps=0.301
AGENT index=85 mig=31ffbfe4 exit=0 wall_ms=352319 text=b8578943aeaf7387 role=child prefix_tokens=14282 suffix_tokens=26 model_ms=16717.4 context_ms=1715.4 state_ms=75.61 prefix_ms=0.0 suffix_ms=3602.1 first_token_ms=26942.1 generation_ms=325040.7 generated=64 generation_tps=0.197
AGENT index=86 mig=fafc828a exit=0 wall_ms=215435 text=bc92b0cfd69b8bd4 role=child prefix_tokens=14282 suffix_tokens=27 model_ms=14574.2 context_ms=908.0 state_ms=6.34 prefix_ms=0.0 suffix_ms=1697.0 first_token_ms=23137.0 generation_ms=191926.9 generated=64 generation_tps=0.333
AGENT index=87 mig=31ffbfe4 exit=0 wall_ms=359666 text=46daf195b61b12ee role=child prefix_tokens=14282 suffix_tokens=17 model_ms=20645.4 context_ms=455.3 state_ms=14.71 prefix_ms=0.0 suffix_ms=9140.0 first_token_ms=35905.1 generation_ms=323092.4 generated=64 generation_tps=0.198
AGENT index=88 mig=fafc828a exit=0 wall_ms=245196 text=fb072021023b5031 role=child prefix_tokens=14282 suffix_tokens=22 model_ms=19984.1 context_ms=243.2 state_ms=31.09 prefix_ms=0.0 suffix_ms=5974.1 first_token_ms=32083.2 generation_ms=210982.0 generated=64 generation_tps=0.303
AGENT index=89 mig=31ffbfe4 exit=0 wall_ms=360818 text=1dc70f9673b0dd57 role=child prefix_tokens=14282 suffix_tokens=23 model_ms=21689.8 context_ms=249.3 state_ms=6.33 prefix_ms=0.0 suffix_ms=9585.5 first_token_ms=36725.3 generation_ms=322793.2 generated=64 generation_tps=0.198
AGENT index=90 mig=fafc828a exit=0 wall_ms=243391 text=9aa85e1403c22284 role=child prefix_tokens=14282 suffix_tokens=19 model_ms=18537.3 context_ms=1047.5 state_ms=27.73 prefix_ms=0.0 suffix_ms=4683.8 first_token_ms=30070.1 generation_ms=212090.6 generated=64 generation_tps=0.302
AGENT index=91 mig=31ffbfe4 exit=0 wall_ms=358661 text=0ec120ad804ad591 role=child prefix_tokens=14282 suffix_tokens=21 model_ms=19868.4 context_ms=716.3 state_ms=20.58 prefix_ms=0.0 suffix_ms=9220.1 first_token_ms=35721.8 generation_ms=322492.6 generated=64 generation_tps=0.198
AGENT index=92 mig=fafc828a exit=0 wall_ms=241181 text=4a33e463a3e8f524 role=child prefix_tokens=14282 suffix_tokens=20 model_ms=18503.0 context_ms=1172.5 state_ms=46.23 prefix_ms=0.0 suffix_ms=4291.8 first_token_ms=29432.4 generation_ms=211287.9 generated=64 generation_tps=0.303
AGENT index=93 mig=31ffbfe4 exit=0 wall_ms=360830 text=a56a85c42cb9bcf4 role=child prefix_tokens=14282 suffix_tokens=22 model_ms=20920.0 context_ms=94.4 state_ms=6.57 prefix_ms=0.0 suffix_ms=9560.8 first_token_ms=36608.6 generation_ms=323169.0 generated=64 generation_tps=0.198
AGENT index=94 mig=fafc828a exit=0 wall_ms=242402 text=5b96a105ed76f9fa role=child prefix_tokens=14282 suffix_tokens=20 model_ms=18498.5 context_ms=787.9 state_ms=48.29 prefix_ms=0.0 suffix_ms=5109.1 first_token_ms=30294.6 generation_ms=211195.8 generated=64 generation_tps=0.303
AGENT index=95 mig=31ffbfe4 exit=0 wall_ms=357528 text=4ed1e788823f7ae6 role=child prefix_tokens=14282 suffix_tokens=22 model_ms=21159.5 context_ms=500.0 state_ms=31.63 prefix_ms=0.0 suffix_ms=9248.0 first_token_ms=35679.8 generation_ms=321463.3 generated=64 generation_tps=0.199
AGENT index=96 mig=fafc828a exit=0 wall_ms=242925 text=a067a6895417f0e8 role=child prefix_tokens=14282 suffix_tokens=28 model_ms=20238.4 context_ms=529.5 state_ms=20.97 prefix_ms=0.0 suffix_ms=6939.0 first_token_ms=33069.7 generation_ms=208811.9 generated=64 generation_tps=0.306
AGENT index=97 mig=31ffbfe4 exit=0 wall_ms=358915 text=5b450cf9627e77b9 role=child prefix_tokens=14282 suffix_tokens=23 model_ms=20780.5 context_ms=375.1 state_ms=30.70 prefix_ms=0.0 suffix_ms=9265.8 first_token_ms=35845.8 generation_ms=322518.8 generated=64 generation_tps=0.198
AGENT index=98 mig=fafc828a exit=0 wall_ms=245336 text=2ecfd34dfa486110 role=child prefix_tokens=14282 suffix_tokens=25 model_ms=21791.8 context_ms=155.8 state_ms=6.19 prefix_ms=0.0 suffix_ms=7073.0 first_token_ms=34158.1 generation_ms=209088.0 generated=64 generation_tps=0.306
AGENT index=99 mig=31ffbfe4 exit=0 wall_ms=360815 text=f1b10c0aeb700d09 role=child prefix_tokens=14282 suffix_tokens=33 model_ms=21043.9 context_ms=353.5 state_ms=6.43 prefix_ms=0.0 suffix_ms=11755.9 first_token_ms=38696.4 generation_ms=321060.1 generated=64 generation_tps=0.199
AGENT index=100 mig=fafc828a exit=0 wall_ms=245246 text=e4f7a0fff10da58f role=child prefix_tokens=14282 suffix_tokens=25 model_ms=20948.1 context_ms=491.3 state_ms=11.61 prefix_ms=0.0 suffix_ms=7159.3 first_token_ms=34172.3 generation_ms=209110.9 generated=64 generation_tps=0.306
AGENT index=101 mig=31ffbfe4 exit=0 wall_ms=359154 text=4e58d1434e38d87b role=child prefix_tokens=14282 suffix_tokens=28 model_ms=20954.0 context_ms=371.7 state_ms=9.15 prefix_ms=0.0 suffix_ms=9824.8 first_token_ms=36870.7 generation_ms=321738.5 generated=64 generation_tps=0.199
AGENT index=102 mig=fafc828a exit=0 wall_ms=236693 text=74ff651a4aa431c6 role=child prefix_tokens=14282 suffix_tokens=23 model_ms=16223.5 context_ms=1562.9 state_ms=41.85 prefix_ms=0.0 suffix_ms=2261.2 first_token_ms=25858.8 generation_ms=210411.6 generated=64 generation_tps=0.304
AGENT index=103 mig=31ffbfe4 exit=0 wall_ms=353518 text=f9c832b7cad1a509 role=child prefix_tokens=14282 suffix_tokens=33 model_ms=16030.5 context_ms=1086.3 state_ms=28.30 prefix_ms=0.0 suffix_ms=3892.6 first_token_ms=27076.9 generation_ms=326090.3 generated=64 generation_tps=0.196
AGENT index=104 mig=fafc828a exit=0 wall_ms=239372 text=8d692aa4a801d17d role=child prefix_tokens=14282 suffix_tokens=20 model_ms=18312.2 context_ms=735.6 state_ms=46.75 prefix_ms=0.0 suffix_ms=2727.4 first_token_ms=27039.0 generation_ms=211863.9 generated=64 generation_tps=0.302
AGENT index=105 mig=31ffbfe4 exit=0 wall_ms=360119 text=d78bd735ec80af2b role=child prefix_tokens=14282 suffix_tokens=20 model_ms=20782.8 context_ms=524.8 state_ms=8.57 prefix_ms=0.0 suffix_ms=9504.8 first_token_ms=36428.9 generation_ms=322970.9 generated=64 generation_tps=0.198
AGENT index=106 mig=fafc828a exit=0 wall_ms=245259 text=0843554c3d590aaf role=child prefix_tokens=14282 suffix_tokens=19 model_ms=20104.2 context_ms=654.1 state_ms=8.29 prefix_ms=0.0 suffix_ms=6013.3 first_token_ms=32630.4 generation_ms=210575.2 generated=64 generation_tps=0.304
AGENT index=107 mig=31ffbfe4 exit=0 wall_ms=359112 text=087278665f3dec68 role=child prefix_tokens=14282 suffix_tokens=23 model_ms=21411.6 context_ms=214.0 state_ms=8.16 prefix_ms=0.0 suffix_ms=9603.7 first_token_ms=36636.4 generation_ms=321860.0 generated=64 generation_tps=0.199
AGENT index=108 mig=fafc828a exit=0 wall_ms=244960 text=2c93819fe85df763 role=child prefix_tokens=14282 suffix_tokens=22 model_ms=21167.9 context_ms=437.6 state_ms=16.93 prefix_ms=0.0 suffix_ms=6268.3 first_token_ms=33186.1 generation_ms=209626.7 generated=64 generation_tps=0.305
AGENT index=109 mig=31ffbfe4 exit=0 wall_ms=360619 text=c2157cfb976018b5 role=child prefix_tokens=14282 suffix_tokens=32 model_ms=20720.0 context_ms=284.4 state_ms=8.27 prefix_ms=0.0 suffix_ms=9646.9 first_token_ms=36539.2 generation_ms=323040.6 generated=64 generation_tps=0.198
AGENT index=110 mig=fafc828a exit=0 wall_ms=245356 text=3f33f20708943e2f role=child prefix_tokens=14282 suffix_tokens=22 model_ms=21321.1 context_ms=127.9 state_ms=7.67 prefix_ms=0.0 suffix_ms=6193.9 first_token_ms=32961.1 generation_ms=210066.2 generated=64 generation_tps=0.305
AGENT index=111 mig=31ffbfe4 exit=0 wall_ms=359468 text=0d9668c2f9cbc9fc role=child prefix_tokens=14282 suffix_tokens=27 model_ms=21411.9 context_ms=284.8 state_ms=7.80 prefix_ms=0.0 suffix_ms=9887.4 first_token_ms=36828.6 generation_ms=321937.9 generated=64 generation_tps=0.199
AGENT index=112 mig=fafc828a exit=0 wall_ms=244475 text=787d0f2cb9f0f5f6 role=child prefix_tokens=14282 suffix_tokens=26 model_ms=18801.9 context_ms=906.8 state_ms=20.42 prefix_ms=0.0 suffix_ms=6476.1 first_token_ms=31873.8 generation_ms=211043.7 generated=64 generation_tps=0.303
AGENT index=113 mig=31ffbfe4 exit=0 wall_ms=317998 text=6bd685fbc4b441ec role=child prefix_tokens=14282 suffix_tokens=23 model_ms=13251.9 context_ms=621.9 state_ms=15.29 prefix_ms=0.0 suffix_ms=1531.3 first_token_ms=20279.1 generation_ms=297344.4 generated=64 generation_tps=0.215
AGENT index=114 mig=fafc828a exit=0 wall_ms=245027 text=2f3bcae6671ff31f role=child prefix_tokens=14282 suffix_tokens=22 model_ms=20005.7 context_ms=646.4 state_ms=26.33 prefix_ms=0.0 suffix_ms=5662.5 first_token_ms=31395.5 generation_ms=211556.2 generated=64 generation_tps=0.303
AGENT index=115 mig=31ffbfe4 exit=0 wall_ms=360900 text=4c7501e634d9bf23 role=child prefix_tokens=14282 suffix_tokens=19 model_ms=20337.7 context_ms=286.8 state_ms=18.48 prefix_ms=0.0 suffix_ms=9113.6 first_token_ms=35722.3 generation_ms=324003.3 generated=64 generation_tps=0.198
AGENT index=116 mig=fafc828a exit=0 wall_ms=242708 text=59ab8a91f9570afc role=child prefix_tokens=14282 suffix_tokens=22 model_ms=21216.9 context_ms=508.2 state_ms=6.68 prefix_ms=0.0 suffix_ms=6264.1 first_token_ms=33127.5 generation_ms=208553.5 generated=64 generation_tps=0.307
AGENT index=117 mig=31ffbfe4 exit=0 wall_ms=360023 text=397d44936e8841e9 role=child prefix_tokens=14282 suffix_tokens=27 model_ms=21132.1 context_ms=159.4 state_ms=6.17 prefix_ms=0.0 suffix_ms=9652.5 first_token_ms=36493.2 generation_ms=322736.3 generated=64 generation_tps=0.198
AGENT index=118 mig=fafc828a exit=0 wall_ms=240366 text=df0985d3d0c73de0 role=child prefix_tokens=14282 suffix_tokens=28 model_ms=16399.4 context_ms=1072.9 state_ms=51.05 prefix_ms=0.0 suffix_ms=4068.3 first_token_ms=27455.9 generation_ms=212448.0 generated=64 generation_tps=0.301
AGENT index=119 mig=31ffbfe4 exit=0 wall_ms=359965 text=a94c9c83167a5f8c role=child prefix_tokens=14282 suffix_tokens=18 model_ms=20360.2 context_ms=679.6 state_ms=25.00 prefix_ms=0.0 suffix_ms=9198.9 first_token_ms=35678.6 generation_ms=323566.9 generated=64 generation_tps=0.198
AGENT index=120 mig=fafc828a exit=0 wall_ms=241431 text=9834d2c93010cb40 role=child prefix_tokens=14282 suffix_tokens=23 model_ms=17513.8 context_ms=983.6 state_ms=37.93 prefix_ms=0.0 suffix_ms=4142.2 first_token_ms=28338.6 generation_ms=212627.7 generated=64 generation_tps=0.301
AGENT index=121 mig=31ffbfe4 exit=0 wall_ms=358812 text=7a6a0515e5f4b2e4 role=child prefix_tokens=14282 suffix_tokens=24 model_ms=20637.8 context_ms=520.0 state_ms=24.51 prefix_ms=0.0 suffix_ms=9371.6 first_token_ms=35888.5 generation_ms=322225.2 generated=64 generation_tps=0.199
AGENT index=122 mig=fafc828a exit=0 wall_ms=132235 text=158a991a74f5c09c role=child prefix_tokens=14282 suffix_tokens=20 model_ms=10791.2 context_ms=1234.2 state_ms=9.24 prefix_ms=0.0 suffix_ms=1188.4 first_token_ms=18806.7 generation_ms=110860.8 generated=64 generation_tps=0.577
AGENT index=123 mig=31ffbfe4 exit=0 wall_ms=358210 text=e38ea5b855370f1e role=child prefix_tokens=14282 suffix_tokens=22 model_ms=18230.7 context_ms=791.2 state_ms=24.10 prefix_ms=0.0 suffix_ms=7817.5 first_token_ms=32827.5 generation_ms=325022.7 generated=64 generation_tps=0.197
AGENT index=124 mig=fafc828a exit=0 wall_ms=243950 text=5442500eccbad2cf role=child prefix_tokens=14282 suffix_tokens=21 model_ms=17992.9 context_ms=1180.2 state_ms=42.01 prefix_ms=0.0 suffix_ms=5058.5 first_token_ms=29986.0 generation_ms=212599.2 generated=64 generation_tps=0.301
AGENT index=125 mig=31ffbfe4 exit=0 wall_ms=354827 text=77ec1b209de8c3c4 role=child prefix_tokens=14282 suffix_tokens=23 model_ms=18960.3 context_ms=658.2 state_ms=28.27 prefix_ms=0.0 suffix_ms=8148.7 first_token_ms=33687.4 generation_ms=320753.0 generated=64 generation_tps=0.200
AGENT index=126 mig=fafc828a exit=0 wall_ms=242711 text=09fd41491d0c178b role=child prefix_tokens=14282 suffix_tokens=21 model_ms=18660.5 context_ms=850.8 state_ms=42.42 prefix_ms=0.0 suffix_ms=6256.5 first_token_ms=31673.0 generation_ms=210003.6 generated=64 generation_tps=0.305
AGENT index=127 mig=31ffbfe4 exit=0 wall_ms=360639 text=c5fb19c141f1ba26 role=child prefix_tokens=14282 suffix_tokens=23 model_ms=20852.3 context_ms=299.7 state_ms=7.04 prefix_ms=0.0 suffix_ms=9590.3 first_token_ms=36601.7 generation_ms=322894.1 generated=64 generation_tps=0.198
AGENT index=128 mig=fafc828a exit=0 wall_ms=245009 text=5b3e8496b267e28f role=child prefix_tokens=14282 suffix_tokens=29 model_ms=19180.1 context_ms=573.6 state_ms=19.40 prefix_ms=0.0 suffix_ms=6589.3 first_token_ms=32323.5 generation_ms=210871.9 generated=64 generation_tps=0.304
AGENT index=129 mig=31ffbfe4 exit=0 wall_ms=353135 text=a38762ffbed809b4 role=child prefix_tokens=14282 suffix_tokens=24 model_ms=17853.3 context_ms=588.9 state_ms=39.02 prefix_ms=0.0 suffix_ms=3174.6 first_token_ms=27259.5 generation_ms=325499.3 generated=64 generation_tps=0.197
AGENT index=130 mig=fafc828a exit=0 wall_ms=245059 text=c95b0c65393fcdb1 role=child prefix_tokens=14282 suffix_tokens=26 model_ms=20283.6 context_ms=747.7 state_ms=10.62 prefix_ms=0.0 suffix_ms=6933.9 first_token_ms=33463.3 generation_ms=209412.6 generated=64 generation_tps=0.306
AGENT index=131 mig=31ffbfe4 exit=0 wall_ms=360515 text=258342dafcba2265 role=child prefix_tokens=14282 suffix_tokens=34 model_ms=20929.0 context_ms=402.9 state_ms=8.60 prefix_ms=0.0 suffix_ms=11795.8 first_token_ms=38695.9 generation_ms=320486.6 generated=64 generation_tps=0.200
AGENT index=132 mig=fafc828a exit=0 wall_ms=244269 text=2852504019aca3b6 role=child prefix_tokens=14282 suffix_tokens=25 model_ms=18688.9 context_ms=501.6 state_ms=38.42 prefix_ms=0.0 suffix_ms=4632.9 first_token_ms=29681.8 generation_ms=212810.0 generated=64 generation_tps=0.301
AGENT index=133 mig=31ffbfe4 exit=0 wall_ms=360782 text=6cd60c5868229e5c role=child prefix_tokens=14282 suffix_tokens=28 model_ms=20127.4 context_ms=291.3 state_ms=27.98 prefix_ms=0.0 suffix_ms=9554.6 first_token_ms=35914.5 generation_ms=323739.3 generated=64 generation_tps=0.198
AGENT index=134 mig=fafc828a exit=0 wall_ms=238135 text=d3b535510b29322a role=child prefix_tokens=14282 suffix_tokens=23 model_ms=17083.3 context_ms=827.1 state_ms=68.51 prefix_ms=0.0 suffix_ms=2653.4 first_token_ms=26381.5 generation_ms=211278.6 generated=64 generation_tps=0.303
AGENT index=135 mig=31ffbfe4 exit=0 wall_ms=360780 text=f9c832b7cad1a509 role=child prefix_tokens=14282 suffix_tokens=33 model_ms=20624.1 context_ms=386.7 state_ms=13.83 prefix_ms=0.0 suffix_ms=12073.1 first_token_ms=39027.4 generation_ms=320662.0 generated=64 generation_tps=0.200
AGENT index=136 mig=fafc828a exit=0 wall_ms=243884 text=345d90be1b86068e role=child prefix_tokens=14282 suffix_tokens=20 model_ms=20549.3 context_ms=483.1 state_ms=6.35 prefix_ms=0.0 suffix_ms=6367.2 first_token_ms=33201.7 generation_ms=209127.1 generated=64 generation_tps=0.306
AGENT index=137 mig=31ffbfe4 exit=0 wall_ms=360803 text=b84c0686f77a07b8 role=child prefix_tokens=14282 suffix_tokens=20 model_ms=19836.2 context_ms=637.3 state_ms=23.84 prefix_ms=0.0 suffix_ms=9376.6 first_token_ms=35795.9 generation_ms=323869.0 generated=64 generation_tps=0.198
AGENT index=138 mig=fafc828a exit=0 wall_ms=244806 text=f4dd5b98bdc77fee role=child prefix_tokens=14282 suffix_tokens=19 model_ms=20749.5 context_ms=284.3 state_ms=13.73 prefix_ms=0.0 suffix_ms=6328.8 first_token_ms=33208.9 generation_ms=209580.8 generated=64 generation_tps=0.305
AGENT index=139 mig=31ffbfe4 exit=0 wall_ms=306292 text=087278665f3dec68 role=child prefix_tokens=14282 suffix_tokens=23 model_ms=9471.1 context_ms=2033.7 state_ms=15.94 prefix_ms=0.0 suffix_ms=1306.9 first_token_ms=18564.9 generation_ms=287377.7 generated=64 generation_tps=0.223
MEMORY mem_available_drop_mib=98054 mem_available_before_mib=120077 mem_free_before_mib=45776 pss_anon_mib=32499 pss_file_mib=7426 pss_shmem_mib=8929 device_mib=54180 samples=20
END_CASE failed_agents=0 wall_ms=362164
END_KVSTACK
BEGIN_KVSTACK run=6 context=16384 publisher_mig=31ffbfe4 mem_free_mib=48483 kernel_reclaimable_mib=68838
PUBLISH store=stock prefix_tokens=14282 prefix_ms=24863.3 publish_ms=498.79 state_bytes=819216229
PUBLISH store=device prefix_tokens=14282 prefix_ms=25039.1 publish_ms=480.96 state_bytes=819216229
PUBLISH store=huge prefix_tokens=14282 prefix_ms=25088.7 publish_ms=8.00 state_bytes=229221 file_used_kib=802816
CASE mode=both agents=140
AGENT index=0 mig=31ffbfe4 exit=0 wall_ms=358286 text=4605b6e04b2228eb role=child prefix_tokens=14282 suffix_tokens=27 model_ms=21171.8 context_ms=430.7 state_ms=18.01 prefix_ms=0.0 suffix_ms=9893.9 first_token_ms=36667.1 generation_ms=321147.0 generated=64 generation_tps=0.199
AGENT index=1 mig=fafc828a exit=0 wall_ms=240774 text=a5af93194a2d1ced role=child prefix_tokens=14282 suffix_tokens=22 model_ms=21339.9 context_ms=649.1 state_ms=10.41 prefix_ms=0.0 suffix_ms=5788.3 first_token_ms=32833.4 generation_ms=207317.6 generated=64 generation_tps=0.309
AGENT index=2 mig=31ffbfe4 exit=0 wall_ms=356525 text=37e5f08e6279aa62 role=child prefix_tokens=14282 suffix_tokens=24 model_ms=18980.7 context_ms=984.5 state_ms=30.35 prefix_ms=0.0 suffix_ms=7157.9 first_token_ms=32256.5 generation_ms=323863.6 generated=64 generation_tps=0.198
AGENT index=3 mig=fafc828a exit=0 wall_ms=242461 text=5e1ac569aa8b0faf role=child prefix_tokens=14282 suffix_tokens=32 model_ms=21199.8 context_ms=381.3 state_ms=7.60 prefix_ms=0.0 suffix_ms=6500.9 first_token_ms=33700.2 generation_ms=208019.9 generated=64 generation_tps=0.308
AGENT index=4 mig=31ffbfe4 exit=0 wall_ms=359820 text=6e3d8f07cfceb082 role=child prefix_tokens=14282 suffix_tokens=23 model_ms=21575.9 context_ms=261.0 state_ms=10.67 prefix_ms=0.0 suffix_ms=9708.1 first_token_ms=37040.7 generation_ms=321810.6 generated=64 generation_tps=0.199
AGENT index=5 mig=fafc828a exit=0 wall_ms=233096 text=47179dd0dcd49eb0 role=child prefix_tokens=14282 suffix_tokens=26 model_ms=16574.4 context_ms=1523.7 state_ms=37.93 prefix_ms=0.0 suffix_ms=2595.6 first_token_ms=25815.1 generation_ms=206855.4 generated=64 generation_tps=0.309
AGENT index=6 mig=31ffbfe4 exit=0 wall_ms=355339 text=f88f503d1005fa22 role=child prefix_tokens=14282 suffix_tokens=21 model_ms=18740.5 context_ms=746.0 state_ms=42.31 prefix_ms=0.0 suffix_ms=5542.9 first_token_ms=30341.3 generation_ms=324577.8 generated=64 generation_tps=0.197
AGENT index=7 mig=fafc828a exit=0 wall_ms=241208 text=f9c832b7cad1a509 role=child prefix_tokens=14282 suffix_tokens=31 model_ms=20299.8 context_ms=432.3 state_ms=40.92 prefix_ms=0.0 suffix_ms=6599.8 first_token_ms=32829.8 generation_ms=207937.9 generated=64 generation_tps=0.308
AGENT index=8 mig=31ffbfe4 exit=0 wall_ms=354517 text=a3c806a5411bc6e6 role=child prefix_tokens=14282 suffix_tokens=18 model_ms=18538.0 context_ms=1095.5 state_ms=50.48 prefix_ms=0.0 suffix_ms=7355.7 first_token_ms=32086.2 generation_ms=322107.6 generated=64 generation_tps=0.199
AGENT index=9 mig=fafc828a exit=0 wall_ms=242648 text=a2d016def74ecc62 role=child prefix_tokens=14282 suffix_tokens=18 model_ms=21964.8 context_ms=296.0 state_ms=7.29 prefix_ms=0.0 suffix_ms=6098.6 first_token_ms=33485.4 generation_ms=208217.5 generated=64 generation_tps=0.307
AGENT index=10 mig=31ffbfe4 exit=0 wall_ms=357914 text=a733f3a39259263c role=child prefix_tokens=14282 suffix_tokens=18 model_ms=20235.3 context_ms=351.9 state_ms=32.34 prefix_ms=0.0 suffix_ms=8784.1 first_token_ms=34699.9 generation_ms=322807.2 generated=64 generation_tps=0.198
AGENT index=11 mig=fafc828a exit=0 wall_ms=238483 text=ad0d6edf343e5e28 role=child prefix_tokens=14282 suffix_tokens=22 model_ms=18937.0 context_ms=660.8 state_ms=34.90 prefix_ms=0.0 suffix_ms=2620.2 first_token_ms=27365.0 generation_ms=210744.9 generated=64 generation_tps=0.304
AGENT index=12 mig=31ffbfe4 exit=0 wall_ms=158408 text=2c93819fe85df763 role=child prefix_tokens=14282 suffix_tokens=21 model_ms=7550.0 context_ms=3178.9 state_ms=16.89 prefix_ms=0.0 suffix_ms=4127.6 first_token_ms=18438.9 generation_ms=139551.6 generated=64 generation_tps=0.459
AGENT index=13 mig=fafc828a exit=0 wall_ms=229427 text=5d483815f91685a6 role=child prefix_tokens=14282 suffix_tokens=31 model_ms=16171.5 context_ms=960.1 state_ms=10.33 prefix_ms=0.0 suffix_ms=2731.6 first_token_ms=24910.6 generation_ms=204150.3 generated=64 generation_tps=0.313
AGENT index=14 mig=31ffbfe4 exit=0 wall_ms=356525 text=f8f770d151794139 role=child prefix_tokens=14282 suffix_tokens=21 model_ms=19245.6 context_ms=1046.9 state_ms=53.30 prefix_ms=0.0 suffix_ms=6859.1 first_token_ms=32225.9 generation_ms=323863.7 generated=64 generation_tps=0.198
AGENT index=15 mig=fafc828a exit=0 wall_ms=243242 text=0d9668c2f9cbc9fc role=child prefix_tokens=14282 suffix_tokens=26 model_ms=20612.2 context_ms=716.1 state_ms=15.65 prefix_ms=0.0 suffix_ms=6770.3 first_token_ms=33265.2 generation_ms=208739.6 generated=64 generation_tps=0.307
AGENT index=16 mig=31ffbfe4 exit=0 wall_ms=360348 text=a6ffaf564cadb5d1 role=child prefix_tokens=14282 suffix_tokens=25 model_ms=20464.8 context_ms=653.2 state_ms=17.35 prefix_ms=0.0 suffix_ms=9644.5 first_token_ms=36425.2 generation_ms=322838.4 generated=64 generation_tps=0.198
AGENT index=17 mig=fafc828a exit=0 wall_ms=240474 text=6bd685fbc4b441ec role=child prefix_tokens=14282 suffix_tokens=22 model_ms=19568.6 context_ms=1097.4 state_ms=51.02 prefix_ms=0.0 suffix_ms=4081.1 first_token_ms=29838.9 generation_ms=209894.6 generated=64 generation_tps=0.305
AGENT index=18 mig=31ffbfe4 exit=0 wall_ms=338632 text=ba15e410535ababc role=child prefix_tokens=14282 suffix_tokens=21 model_ms=16390.4 context_ms=641.7 state_ms=10.15 prefix_ms=0.0 suffix_ms=1168.2 first_token_ms=23838.2 generation_ms=314402.3 generated=64 generation_tps=0.204
AGENT index=19 mig=fafc828a exit=0 wall_ms=244370 text=4c7501e634d9bf23 role=child prefix_tokens=14282 suffix_tokens=18 model_ms=20397.2 context_ms=711.1 state_ms=14.45 prefix_ms=0.0 suffix_ms=5634.5 first_token_ms=31926.5 generation_ms=210345.3 generated=64 generation_tps=0.304
AGENT index=20 mig=31ffbfe4 exit=0 wall_ms=359690 text=b3893059e7e79532 role=child prefix_tokens=14282 suffix_tokens=21 model_ms=20854.4 context_ms=266.4 state_ms=6.26 prefix_ms=0.0 suffix_ms=9698.3 first_token_ms=37002.4 generation_ms=322128.0 generated=64 generation_tps=0.199
AGENT index=21 mig=fafc828a exit=0 wall_ms=240521 text=284eef78a2286715 role=child prefix_tokens=14282 suffix_tokens=26 model_ms=19629.4 context_ms=425.4 state_ms=22.48 prefix_ms=0.0 suffix_ms=3642.9 first_token_ms=29149.7 generation_ms=210781.5 generated=64 generation_tps=0.304
AGENT index=22 mig=31ffbfe4 exit=0 wall_ms=360414 text=ad3122b47bf9d41d role=child prefix_tokens=14282 suffix_tokens=27 model_ms=21535.5 context_ms=408.7 state_ms=8.74 prefix_ms=0.0 suffix_ms=10132.5 first_token_ms=37504.1 generation_ms=321952.7 generated=64 generation_tps=0.199
AGENT index=23 mig=fafc828a exit=0 wall_ms=238585 text=fd9dec9936f784ff role=child prefix_tokens=14282 suffix_tokens=17 model_ms=18269.7 context_ms=544.5 state_ms=34.16 prefix_ms=0.0 suffix_ms=3249.5 first_token_ms=27479.5 generation_ms=210672.6 generated=64 generation_tps=0.304
AGENT index=24 mig=31ffbfe4 exit=0 wall_ms=360164 text=9834d2c93010cb40 role=child prefix_tokens=14282 suffix_tokens=22 model_ms=21937.0 context_ms=237.6 state_ms=6.51 prefix_ms=0.0 suffix_ms=9904.9 first_token_ms=37369.6 generation_ms=321971.1 generated=64 generation_tps=0.199
AGENT index=25 mig=fafc828a exit=0 wall_ms=244439 text=d4e1fcaa961685d1 role=child prefix_tokens=14282 suffix_tokens=23 model_ms=21104.3 context_ms=639.8 state_ms=20.02 prefix_ms=0.0 suffix_ms=5984.9 first_token_ms=33049.9 generation_ms=209331.4 generated=64 generation_tps=0.306
AGENT index=26 mig=31ffbfe4 exit=0 wall_ms=349818 text=9e35020256b4a71c role=child prefix_tokens=14282 suffix_tokens=19 model_ms=16144.6 context_ms=1172.1 state_ms=16.55 prefix_ms=0.0 suffix_ms=2553.3 first_token_ms=25630.4 generation_ms=323790.7 generated=64 generation_tps=0.198
AGENT index=27 mig=fafc828a exit=0 wall_ms=172251 text=178df8f18d21f57e role=child prefix_tokens=14282 suffix_tokens=21 model_ms=11704.5 context_ms=1137.3 state_ms=15.43 prefix_ms=0.0 suffix_ms=1684.9 first_token_ms=19909.4 generation_ms=151972.5 generated=64 generation_tps=0.421
AGENT index=28 mig=31ffbfe4 exit=0 wall_ms=338659 text=15c67d79a860da75 role=child prefix_tokens=14282 suffix_tokens=20 model_ms=16032.1 context_ms=1035.8 state_ms=12.51 prefix_ms=0.0 suffix_ms=1827.4 first_token_ms=23928.4 generation_ms=314335.5 generated=64 generation_tps=0.204
AGENT index=29 mig=fafc828a exit=0 wall_ms=243860 text=a72f71cd80731afe role=child prefix_tokens=14282 suffix_tokens=22 model_ms=20633.4 context_ms=435.9 state_ms=31.11 prefix_ms=0.0 suffix_ms=5933.5 first_token_ms=32289.8 generation_ms=209942.9 generated=64 generation_tps=0.305
AGENT index=30 mig=31ffbfe4 exit=0 wall_ms=359683 text=317f6f38771a1e41 role=child prefix_tokens=14282 suffix_tokens=20 model_ms=19519.6 context_ms=593.7 state_ms=46.37 prefix_ms=0.0 suffix_ms=9283.2 first_token_ms=35256.5 generation_ms=323803.0 generated=64 generation_tps=0.198
AGENT index=31 mig=fafc828a exit=0 wall_ms=167608 text=d52293b0dc058085 role=child prefix_tokens=14282 suffix_tokens=22 model_ms=9567.6 context_ms=2133.9 state_ms=15.37 prefix_ms=0.0 suffix_ms=1806.0 first_token_ms=19252.2 generation_ms=147991.6 generated=64 generation_tps=0.432
AGENT index=32 mig=31ffbfe4 exit=0 wall_ms=355304 text=a067a6895417f0e8 role=child prefix_tokens=14282 suffix_tokens=28 model_ms=22089.7 context_ms=337.8 state_ms=6.81 prefix_ms=0.0 suffix_ms=9986.4 first_token_ms=37363.3 generation_ms=317569.0 generated=64 generation_tps=0.202
AGENT index=33 mig=fafc828a exit=0 wall_ms=242650 text=5b450cf9627e77b9 role=child prefix_tokens=14282 suffix_tokens=23 model_ms=21287.3 context_ms=613.8 state_ms=10.45 prefix_ms=0.0 suffix_ms=5775.5 first_token_ms=32763.6 generation_ms=208875.8 generated=64 generation_tps=0.306
AGENT index=34 mig=31ffbfe4 exit=0 wall_ms=359694 text=5c09b6f1d055319b role=child prefix_tokens=14282 suffix_tokens=25 model_ms=21957.2 context_ms=99.2 state_ms=6.39 prefix_ms=0.0 suffix_ms=10001.0 first_token_ms=37437.8 generation_ms=321559.0 generated=64 generation_tps=0.199
AGENT index=35 mig=fafc828a exit=0 wall_ms=230873 text=077e38d3762a4e5d role=child prefix_tokens=14282 suffix_tokens=33 model_ms=15936.0 context_ms=1176.2 state_ms=26.69 prefix_ms=0.0 suffix_ms=2276.2 first_token_ms=24964.2 generation_ms=205524.1 generated=64 generation_tps=0.311
AGENT index=36 mig=31ffbfe4 exit=0 wall_ms=355665 text=836ebfaf7d21007d role=child prefix_tokens=14282 suffix_tokens=24 model_ms=17571.0 context_ms=961.9 state_ms=50.01 prefix_ms=0.0 suffix_ms=4690.4 first_token_ms=29294.8 generation_ms=326006.8 generated=64 generation_tps=0.196
AGENT index=37 mig=fafc828a exit=0 wall_ms=245028 text=b5c1cde845350686 role=child prefix_tokens=14282 suffix_tokens=27 model_ms=21429.3 context_ms=30.1 state_ms=6.50 prefix_ms=0.0 suffix_ms=6834.8 first_token_ms=34288.1 generation_ms=208768.1 generated=64 generation_tps=0.307
AGENT index=38 mig=31ffbfe4 exit=0 wall_ms=351098 text=e57f2865bc99ed0e role=child prefix_tokens=14282 suffix_tokens=22 model_ms=17205.1 context_ms=1402.7 state_ms=19.94 prefix_ms=0.0 suffix_ms=4159.3 first_token_ms=27709.2 generation_ms=323026.7 generated=64 generation_tps=0.198
AGENT index=39 mig=fafc828a exit=0 wall_ms=159201 text=f9c832b7cad1a509 role=child prefix_tokens=14282 suffix_tokens=32 model_ms=7449.6 context_ms=3262.9 state_ms=13.72 prefix_ms=0.0 suffix_ms=2268.6 first_token_ms=18891.2 generation_ms=139942.0 generated=64 generation_tps=0.457
AGENT index=40 mig=31ffbfe4 exit=0 wall_ms=358597 text=1bedc9985ebffdf3 role=child prefix_tokens=14282 suffix_tokens=19 model_ms=20366.0 context_ms=548.5 state_ms=38.22 prefix_ms=0.0 suffix_ms=9421.3 first_token_ms=35693.9 generation_ms=322319.6 generated=64 generation_tps=0.199
AGENT index=41 mig=fafc828a exit=0 wall_ms=124482 text=3be32d4f1f40e878 role=child prefix_tokens=14282 suffix_tokens=19 model_ms=5472.1 context_ms=3471.5 state_ms=10.85 prefix_ms=0.0 suffix_ms=3735.5 first_token_ms=18226.4 generation_ms=101939.5 generated=64 generation_tps=0.628
AGENT index=42 mig=31ffbfe4 exit=0 wall_ms=356480 text=519b2de5b706a49d role=child prefix_tokens=14282 suffix_tokens=18 model_ms=20174.3 context_ms=517.2 state_ms=41.07 prefix_ms=0.0 suffix_ms=8930.8 first_token_ms=34844.4 generation_ms=321238.7 generated=64 generation_tps=0.199
AGENT index=43 mig=fafc828a exit=0 wall_ms=244733 text=ad92edad967aef00 role=child prefix_tokens=14282 suffix_tokens=22 model_ms=21137.6 context_ms=341.1 state_ms=7.21 prefix_ms=0.0 suffix_ms=6218.9 first_token_ms=33407.6 generation_ms=209191.5 generated=64 generation_tps=0.306
AGENT index=44 mig=31ffbfe4 exit=0 wall_ms=358667 text=806eb5a225900d3a role=child prefix_tokens=14282 suffix_tokens=21 model_ms=20162.0 context_ms=505.5 state_ms=11.38 prefix_ms=0.0 suffix_ms=9298.0 first_token_ms=35558.0 generation_ms=322626.9 generated=64 generation_tps=0.198
AGENT index=45 mig=fafc828a exit=0 wall_ms=243805 text=9f441c92dda94d6e role=child prefix_tokens=14282 suffix_tokens=31 model_ms=21092.9 context_ms=411.5 state_ms=20.48 prefix_ms=0.0 suffix_ms=6413.5 first_token_ms=33076.2 generation_ms=209090.1 generated=64 generation_tps=0.306
AGENT index=46 mig=31ffbfe4 exit=0 wall_ms=353720 text=3f33f20708943e2f role=child prefix_tokens=14282 suffix_tokens=21 model_ms=17652.5 context_ms=1271.4 state_ms=46.16 prefix_ms=0.0 suffix_ms=4528.7 first_token_ms=28617.0 generation_ms=324745.8 generated=64 generation_tps=0.197
AGENT index=47 mig=fafc828a exit=0 wall_ms=227223 text=0d9668c2f9cbc9fc role=child prefix_tokens=14282 suffix_tokens=26 model_ms=16194.0 context_ms=1381.9 state_ms=34.64 prefix_ms=0.0 suffix_ms=1886.8 first_token_ms=24463.6 generation_ms=202373.1 generated=64 generation_tps=0.316
AGENT index=48 mig=31ffbfe4 exit=0 wall_ms=359914 text=27f58a7742c668f5 role=child prefix_tokens=14282 suffix_tokens=25 model_ms=19981.5 context_ms=699.1 state_ms=19.24 prefix_ms=0.0 suffix_ms=9799.0 first_token_ms=36448.9 generation_ms=322706.9 generated=64 generation_tps=0.198
AGENT index=49 mig=fafc828a exit=0 wall_ms=238906 text=6bd685fbc4b441ec role=child prefix_tokens=14282 suffix_tokens=22 model_ms=17483.4 context_ms=1051.5 state_ms=42.48 prefix_ms=0.0 suffix_ms=2911.8 first_token_ms=27346.4 generation_ms=211193.9 generated=64 generation_tps=0.303
AGENT index=50 mig=31ffbfe4 exit=0 wall_ms=335532 text=802dc3b79f95f0ef role=child prefix_tokens=14282 suffix_tokens=21 model_ms=15095.3 context_ms=1001.0 state_ms=13.38 prefix_ms=0.0 suffix_ms=1694.3 first_token_ms=23539.9 generation_ms=311587.8 generated=64 generation_tps=0.205
AGENT index=51 mig=fafc828a exit=0 wall_ms=244200 text=88ab36014083e9b4 role=child prefix_tokens=14282 suffix_tokens=18 model_ms=21323.5 context_ms=387.4 state_ms=14.26 prefix_ms=0.0 suffix_ms=5955.2 first_token_ms=33084.8 generation_ms=209469.6 generated=64 generation_tps=0.306
AGENT index=52 mig=31ffbfe4 exit=0 wall_ms=358446 text=56ae1f5c8f39885b role=child prefix_tokens=14282 suffix_tokens=21 model_ms=20357.9 context_ms=462.9 state_ms=6.85 prefix_ms=0.0 suffix_ms=9408.9 first_token_ms=36272.9 generation_ms=321694.4 generated=64 generation_tps=0.199
AGENT index=53 mig=fafc828a exit=0 wall_ms=232798 text=11e4c2a85150fa06 role=child prefix_tokens=14282 suffix_tokens=26 model_ms=16915.9 context_ms=1011.5 state_ms=42.78 prefix_ms=0.0 suffix_ms=2917.4 first_token_ms=25765.5 generation_ms=206631.8 generated=64 generation_tps=0.310
AGENT index=54 mig=31ffbfe4 exit=0 wall_ms=360007 text=3b6f5b9c968721eb role=child prefix_tokens=14282 suffix_tokens=27 model_ms=21734.9 context_ms=279.0 state_ms=6.47 prefix_ms=0.0 suffix_ms=10086.6 first_token_ms=37378.3 generation_ms=321701.4 generated=64 generation_tps=0.199
AGENT index=55 mig=fafc828a exit=0 wall_ms=240229 text=7e4fad52bd577abf role=child prefix_tokens=14282 suffix_tokens=17 model_ms=19300.9 context_ms=825.7 state_ms=59.21 prefix_ms=0.0 suffix_ms=3614.7 first_token_ms=29012.6 generation_ms=210516.8 generated=64 generation_tps=0.304
AGENT index=56 mig=31ffbfe4 exit=0 wall_ms=354514 text=9834d2c93010cb40 role=child prefix_tokens=14282 suffix_tokens=22 model_ms=18144.8 context_ms=980.8 state_ms=66.42 prefix_ms=0.0 suffix_ms=5057.9 first_token_ms=29160.3 generation_ms=325010.3 generated=64 generation_tps=0.197
AGENT index=57 mig=fafc828a exit=0 wall_ms=242712 text=50630b6612aba7b8 role=child prefix_tokens=14282 suffix_tokens=23 model_ms=22066.6 context_ms=146.8 state_ms=6.39 prefix_ms=0.0 suffix_ms=6174.3 first_token_ms=33527.7 generation_ms=208269.2 generated=64 generation_tps=0.307
AGENT index=58 mig=31ffbfe4 exit=0 wall_ms=359961 text=9ca71337e20d8558 role=child prefix_tokens=14282 suffix_tokens=19 model_ms=21674.0 context_ms=416.9 state_ms=11.43 prefix_ms=0.0 suffix_ms=9776.7 first_token_ms=36994.2 generation_ms=322104.0 generated=64 generation_tps=0.199
AGENT index=59 mig=fafc828a exit=0 wall_ms=241375 text=a0d59f42adbdb7a7 role=child prefix_tokens=14282 suffix_tokens=21 model_ms=19923.7 context_ms=740.4 state_ms=51.59 prefix_ms=0.0 suffix_ms=5507.7 first_token_ms=32000.6 generation_ms=208840.2 generated=64 generation_tps=0.306
AGENT index=60 mig=31ffbfe4 exit=0 wall_ms=355719 text=b1fe3c81bfb2916f role=child prefix_tokens=14282 suffix_tokens=20 model_ms=18948.9 context_ms=1187.3 state_ms=50.39 prefix_ms=0.0 suffix_ms=8636.8 first_token_ms=34043.5 generation_ms=321295.5 generated=64 generation_tps=0.199
AGENT index=61 mig=fafc828a exit=0 wall_ms=239615 text=5b7f00ee41a4f8ef role=child prefix_tokens=14282 suffix_tokens=22 model_ms=19374.8 context_ms=427.2 state_ms=60.67 prefix_ms=0.0 suffix_ms=3257.4 first_token_ms=28448.1 generation_ms=210705.1 generated=64 generation_tps=0.304
AGENT index=62 mig=31ffbfe4 exit=0 wall_ms=358909 text=c17cb2a0a71c6a47 role=child prefix_tokens=14282 suffix_tokens=20 model_ms=18918.2 context_ms=532.9 state_ms=59.32 prefix_ms=0.0 suffix_ms=7673.7 first_token_ms=32736.0 generation_ms=325427.4 generated=64 generation_tps=0.197
AGENT index=63 mig=fafc828a exit=0 wall_ms=240260 text=3b010582add6c19e role=child prefix_tokens=14282 suffix_tokens=22 model_ms=18038.8 context_ms=1064.9 state_ms=37.51 prefix_ms=0.0 suffix_ms=3455.7 first_token_ms=28600.0 generation_ms=211014.6 generated=64 generation_tps=0.303
AGENT index=64 mig=31ffbfe4 exit=0 wall_ms=357385 text=3f50371ecb0032a2 role=child prefix_tokens=14282 suffix_tokens=28 model_ms=18563.6 context_ms=1039.9 state_ms=21.38 prefix_ms=0.0 suffix_ms=9424.6 first_token_ms=34365.8 generation_ms=322657.9 generated=64 generation_tps=0.198
AGENT index=65 mig=fafc828a exit=0 wall_ms=243396 text=88835aea19336bf3 role=child prefix_tokens=14282 suffix_tokens=23 model_ms=21916.0 context_ms=119.0 state_ms=9.24 prefix_ms=0.0 suffix_ms=6229.0 first_token_ms=33518.0 generation_ms=208423.2 generated=64 generation_tps=0.307
AGENT index=66 mig=31ffbfe4 exit=0 wall_ms=359258 text=56cc6fc91016e6d9 role=child prefix_tokens=14282 suffix_tokens=25 model_ms=21984.6 context_ms=248.1 state_ms=6.47 prefix_ms=0.0 suffix_ms=10048.2 first_token_ms=37309.0 generation_ms=321316.4 generated=64 generation_tps=0.199
AGENT index=67 mig=fafc828a exit=0 wall_ms=244904 text=28222a18d507172c role=child prefix_tokens=14282 suffix_tokens=33 model_ms=21520.3 context_ms=321.2 state_ms=6.87 prefix_ms=0.0 suffix_ms=7722.8 first_token_ms=34982.4 generation_ms=207808.3 generated=64 generation_tps=0.308
AGENT index=68 mig=31ffbfe4 exit=0 wall_ms=357183 text=836ebfaf7d21007d role=child prefix_tokens=14282 suffix_tokens=24 model_ms=21318.2 context_ms=610.6 state_ms=35.56 prefix_ms=0.0 suffix_ms=9598.1 first_token_ms=36418.9 generation_ms=320319.1 generated=64 generation_tps=0.200
AGENT index=69 mig=fafc828a exit=0 wall_ms=245010 text=4e58d1434e38d87b role=child prefix_tokens=14282 suffix_tokens=27 model_ms=20775.8 context_ms=339.0 state_ms=6.51 prefix_ms=0.0 suffix_ms=6595.3 first_token_ms=33535.7 generation_ms=209390.8 generated=64 generation_tps=0.306
AGENT index=70 mig=31ffbfe4 exit=0 wall_ms=358550 text=2bc8a87702ffa5ba role=child prefix_tokens=14282 suffix_tokens=22 model_ms=20273.1 context_ms=787.3 state_ms=46.50 prefix_ms=0.0 suffix_ms=9372.3 first_token_ms=35579.6 generation_ms=322321.3 generated=64 generation_tps=0.199
AGENT index=71 mig=fafc828a exit=0 wall_ms=241793 text=f9c832b7cad1a509 role=child prefix_tokens=14282 suffix_tokens=32 model_ms=21532.9 context_ms=316.9 state_ms=7.87 prefix_ms=0.0 suffix_ms=6556.2 first_token_ms=33465.3 generation_ms=207666.0 generated=64 generation_tps=0.308
AGENT index=72 mig=31ffbfe4 exit=0 wall_ms=359916 text=4e007a54c417b8e2 role=child prefix_tokens=14282 suffix_tokens=19 model_ms=20512.1 context_ms=397.9 state_ms=43.26 prefix_ms=0.0 suffix_ms=9700.0 first_token_ms=35891.7 generation_ms=323137.6 generated=64 generation_tps=0.198
AGENT index=73 mig=fafc828a exit=0 wall_ms=241390 text=f69b628d0f4868ff role=child prefix_tokens=14282 suffix_tokens=19 model_ms=20797.3 context_ms=233.7 state_ms=11.08 prefix_ms=0.0 suffix_ms=6034.8 first_token_ms=33052.5 generation_ms=207763.6 generated=64 generation_tps=0.308
AGENT index=74 mig=31ffbfe4 exit=0 wall_ms=341813 text=ab6f927a6830d128 role=child prefix_tokens=14282 suffix_tokens=18 model_ms=15880.0 context_ms=1317.2 state_ms=13.30 prefix_ms=0.0 suffix_ms=1860.3 first_token_ms=24129.4 generation_ms=317315.5 generated=64 generation_tps=0.202
AGENT index=75 mig=fafc828a exit=0 wall_ms=241664 text=3f79542af35d277d role=child prefix_tokens=14282 suffix_tokens=22 model_ms=20960.3 context_ms=243.2 state_ms=7.02 prefix_ms=0.0 suffix_ms=6092.5 first_token_ms=33256.6 generation_ms=207858.9 generated=64 generation_tps=0.308
AGENT index=76 mig=31ffbfe4 exit=0 wall_ms=347482 text=2c93819fe85df763 role=child prefix_tokens=14282 suffix_tokens=21 model_ms=16168.3 context_ms=1051.2 state_ms=29.55 prefix_ms=0.0 suffix_ms=2111.9 first_token_ms=24977.0 generation_ms=322118.7 generated=64 generation_tps=0.199
AGENT index=77 mig=fafc828a exit=0 wall_ms=243806 text=5d483815f91685a6 role=child prefix_tokens=14282 suffix_tokens=31 model_ms=18985.2 context_ms=870.5 state_ms=49.82 prefix_ms=0.0 suffix_ms=5728.7 first_token_ms=31028.9 generation_ms=211229.6 generated=64 generation_tps=0.303
AGENT index=78 mig=31ffbfe4 exit=0 wall_ms=360282 text=3f33f20708943e2f role=child prefix_tokens=14282 suffix_tokens=21 model_ms=21189.1 context_ms=63.8 state_ms=6.41 prefix_ms=0.0 suffix_ms=9763.5 first_token_ms=37077.5 generation_ms=322231.2 generated=64 generation_tps=0.199
AGENT index=79 mig=fafc828a exit=0 wall_ms=244341 text=0d9668c2f9cbc9fc role=child prefix_tokens=14282 suffix_tokens=26 model_ms=21318.4 context_ms=202.1 state_ms=6.19 prefix_ms=0.0 suffix_ms=6839.1 first_token_ms=34108.4 generation_ms=208079.5 generated=64 generation_tps=0.308
AGENT index=80 mig=31ffbfe4 exit=0 wall_ms=359109 text=86d4ee1044251a25 role=child prefix_tokens=14282 suffix_tokens=25 model_ms=20641.2 context_ms=486.8 state_ms=18.71 prefix_ms=0.0 suffix_ms=9619.6 first_token_ms=35942.1 generation_ms=322458.3 generated=64 generation_tps=0.198
AGENT index=81 mig=fafc828a exit=0 wall_ms=243908 text=facc2c2ea4689e1e role=child prefix_tokens=14282 suffix_tokens=22 model_ms=21065.5 context_ms=343.0 state_ms=10.96 prefix_ms=0.0 suffix_ms=6100.1 first_token_ms=33278.1 generation_ms=209314.8 generated=64 generation_tps=0.306
AGENT index=82 mig=31ffbfe4 exit=0 wall_ms=358764 text=ce66287a7832a2bb role=child prefix_tokens=14282 suffix_tokens=21 model_ms=21492.4 context_ms=391.4 state_ms=10.12 prefix_ms=0.0 suffix_ms=9755.9 first_token_ms=36883.9 generation_ms=321254.9 generated=64 generation_tps=0.199
AGENT index=83 mig=fafc828a exit=0 wall_ms=243988 text=cdf6d4762f0ad9c6 role=child prefix_tokens=14282 suffix_tokens=18 model_ms=21604.4 context_ms=229.8 state_ms=11.95 prefix_ms=0.0 suffix_ms=6048.8 first_token_ms=33139.9 generation_ms=208738.1 generated=64 generation_tps=0.307
AGENT index=84 mig=31ffbfe4 exit=0 wall_ms=353071 text=1af3357d195a5902 role=child prefix_tokens=14282 suffix_tokens=21 model_ms=17332.7 context_ms=1222.9 state_ms=41.76 prefix_ms=0.0 suffix_ms=3368.1 first_token_ms=27274.0 generation_ms=325405.5 generated=64 generation_tps=0.197
AGENT index=85 mig=fafc828a exit=0 wall_ms=167694 text=957077b2ac48aee9 role=child prefix_tokens=14282 suffix_tokens=26 model_ms=11686.9 context_ms=1165.7 state_ms=15.10 prefix_ms=0.0 suffix_ms=1663.4 first_token_ms=19498.7 generation_ms=147774.6 generated=64 generation_tps=0.433
AGENT index=86 mig=31ffbfe4 exit=0 wall_ms=357154 text=1b55181381f9c4bb role=child prefix_tokens=14282 suffix_tokens=27 model_ms=20746.2 context_ms=626.1 state_ms=19.74 prefix_ms=0.0 suffix_ms=9598.6 first_token_ms=35763.2 generation_ms=321015.9 generated=64 generation_tps=0.199
AGENT index=87 mig=fafc828a exit=0 wall_ms=244198 text=b8ac585c0a873612 role=child prefix_tokens=14282 suffix_tokens=17 model_ms=19056.3 context_ms=901.6 state_ms=27.71 prefix_ms=0.0 suffix_ms=4546.9 first_token_ms=29862.1 generation_ms=212444.1 generated=64 generation_tps=0.301
AGENT index=88 mig=31ffbfe4 exit=0 wall_ms=354776 text=9834d2c93010cb40 role=child prefix_tokens=14282 suffix_tokens=22 model_ms=17529.5 context_ms=1353.3 state_ms=46.44 prefix_ms=0.0 suffix_ms=4519.7 first_token_ms=28792.1 generation_ms=325620.1 generated=64 generation_tps=0.197
AGENT index=89 mig=fafc828a exit=0 wall_ms=244524 text=4a108aa854664970 role=child prefix_tokens=14282 suffix_tokens=23 model_ms=21776.1 context_ms=132.8 state_ms=6.39 prefix_ms=0.0 suffix_ms=5990.3 first_token_ms=32853.0 generation_ms=209722.0 generated=64 generation_tps=0.305
AGENT index=90 mig=31ffbfe4 exit=0 wall_ms=359914 text=dbc7a5d875e3e7e1 role=child prefix_tokens=14282 suffix_tokens=19 model_ms=21158.9 context_ms=290.3 state_ms=18.20 prefix_ms=0.0 suffix_ms=9615.8 first_token_ms=36761.8 generation_ms=322135.3 generated=64 generation_tps=0.199
AGENT index=91 mig=fafc828a exit=0 wall_ms=244102 text=7b1e906b43903ada role=child prefix_tokens=14282 suffix_tokens=21 model_ms=20398.1 context_ms=511.5 state_ms=14.59 prefix_ms=0.0 suffix_ms=6005.8 first_token_ms=32819.8 generation_ms=209307.2 generated=64 generation_tps=0.306
AGENT index=92 mig=31ffbfe4 exit=0 wall_ms=359173 text=6270d284b62a8043 role=child prefix_tokens=14282 suffix_tokens=20 model_ms=19640.5 context_ms=434.9 state_ms=38.18 prefix_ms=0.0 suffix_ms=9396.1 first_token_ms=35283.5 generation_ms=323196.7 generated=64 generation_tps=0.198
AGENT index=93 mig=fafc828a exit=0 wall_ms=241063 text=ce087b8cf95f26a2 role=child prefix_tokens=14282 suffix_tokens=22 model_ms=16991.1 context_ms=1092.6 state_ms=32.52 prefix_ms=0.0 suffix_ms=4151.0 first_token_ms=28217.3 generation_ms=212418.1 generated=64 generation_tps=0.301
AGENT index=94 mig=31ffbfe4 exit=0 wall_ms=357766 text=4878ce4ae644876a role=child prefix_tokens=14282 suffix_tokens=20 model_ms=17586.1 context_ms=921.3 state_ms=34.86 prefix_ms=0.0 suffix_ms=6820.1 first_token_ms=31310.3 generation_ms=325881.2 generated=64 generation_tps=0.196
AGENT index=95 mig=fafc828a exit=0 wall_ms=240997 text=93d0d9337eb50146 role=child prefix_tokens=14282 suffix_tokens=22 model_ms=21622.7 context_ms=203.8 state_ms=8.95 prefix_ms=0.0 suffix_ms=6058.0 first_token_ms=33183.9 generation_ms=207290.3 generated=64 generation_tps=0.309
AGENT index=96 mig=31ffbfe4 exit=0 wall_ms=355942 text=5b3e8496b267e28f role=child prefix_tokens=14282 suffix_tokens=28 model_ms=17500.3 context_ms=1019.3 state_ms=65.01 prefix_ms=0.0 suffix_ms=7031.3 first_token_ms=31355.1 generation_ms=324182.7 generated=64 generation_tps=0.197
AGENT index=97 mig=fafc828a exit=0 wall_ms=241704 text=5b450cf9627e77b9 role=child prefix_tokens=14282 suffix_tokens=23 model_ms=20868.5 context_ms=543.0 state_ms=15.91 prefix_ms=0.0 suffix_ms=5965.6 first_token_ms=32876.1 generation_ms=208151.6 generated=64 generation_tps=0.307
AGENT index=98 mig=31ffbfe4 exit=0 wall_ms=358838 text=f1423a12d392ea73 role=child prefix_tokens=14282 suffix_tokens=25 model_ms=22106.2 context_ms=119.0 state_ms=6.34 prefix_ms=0.0 suffix_ms=10106.4 first_token_ms=37300.4 generation_ms=320951.2 generated=64 generation_tps=0.199
AGENT index=99 mig=fafc828a exit=0 wall_ms=244672 text=65315b3a048c65d3 role=child prefix_tokens=14282 suffix_tokens=33 model_ms=20665.3 context_ms=626.3 state_ms=6.39 prefix_ms=0.0 suffix_ms=7109.4 first_token_ms=33943.2 generation_ms=208770.8 generated=64 generation_tps=0.307
AGENT index=100 mig=31ffbfe4 exit=0 wall_ms=358885 text=46bf93c2b1366bc6 role=child prefix_tokens=14282 suffix_tokens=25 model_ms=19604.0 context_ms=769.2 state_ms=32.28 prefix_ms=0.0 suffix_ms=9340.0 first_token_ms=34969.2 generation_ms=323148.2 generated=64 generation_tps=0.198
AGENT index=101 mig=fafc828a exit=0 wall_ms=241749 text=c62512a5d8b596ef role=child prefix_tokens=14282 suffix_tokens=28 model_ms=19476.3 context_ms=848.9 state_ms=44.62 prefix_ms=0.0 suffix_ms=6366.9 first_token_ms=32404.6 generation_ms=208709.4 generated=64 generation_tps=0.307
AGENT index=102 mig=31ffbfe4 exit=0 wall_ms=351365 text=1e3a87d5bf89af05 role=child prefix_tokens=14282 suffix_tokens=23 model_ms=16097.6 context_ms=1267.6 state_ms=26.54 prefix_ms=0.0 suffix_ms=3406.3 first_token_ms=26330.3 generation_ms=324691.9 generated=64 generation_tps=0.197
AGENT index=103 mig=fafc828a exit=0 wall_ms=239532 text=f9c832b7cad1a509 role=child prefix_tokens=14282 suffix_tokens=33 model_ms=18935.1 context_ms=660.0 state_ms=70.75 prefix_ms=0.0 suffix_ms=4754.6 first_token_ms=29117.5 generation_ms=209998.9 generated=64 generation_tps=0.305
AGENT index=104 mig=31ffbfe4 exit=0 wall_ms=357679 text=788265a3a7959ede role=child prefix_tokens=14282 suffix_tokens=20 model_ms=20965.7 context_ms=275.6 state_ms=14.61 prefix_ms=0.0 suffix_ms=9445.6 first_token_ms=36071.6 generation_ms=321105.1 generated=64 generation_tps=0.199
AGENT index=105 mig=fafc828a exit=0 wall_ms=242741 text=9bbcff728ca7192b role=child prefix_tokens=14282 suffix_tokens=20 model_ms=20750.0 context_ms=387.3 state_ms=17.43 prefix_ms=0.0 suffix_ms=5823.4 first_token_ms=32407.1 generation_ms=209167.7 generated=64 generation_tps=0.306
AGENT index=106 mig=31ffbfe4 exit=0 wall_ms=358707 text=f4dd5b98bdc77fee role=child prefix_tokens=14282 suffix_tokens=19 model_ms=20624.5 context_ms=589.3 state_ms=21.79 prefix_ms=0.0 suffix_ms=9412.6 first_token_ms=35730.2 generation_ms=322448.3 generated=64 generation_tps=0.198
AGENT index=107 mig=fafc828a exit=0 wall_ms=244684 text=b75a2e4512194a0a role=child prefix_tokens=14282 suffix_tokens=23 model_ms=21286.1 context_ms=117.7 state_ms=6.31 prefix_ms=0.0 suffix_ms=6215.3 first_token_ms=33415.5 generation_ms=209416.3 generated=64 generation_tps=0.306
AGENT index=108 mig=31ffbfe4 exit=0 wall_ms=357985 text=2c93819fe85df763 role=child prefix_tokens=14282 suffix_tokens=22 model_ms=19424.6 context_ms=490.2 state_ms=44.55 prefix_ms=0.0 suffix_ms=8307.5 first_token_ms=33649.9 generation_ms=323841.2 generated=64 generation_tps=0.198
AGENT index=109 mig=fafc828a exit=0 wall_ms=232779 text=5d483815f91685a6 role=child prefix_tokens=14282 suffix_tokens=32 model_ms=16295.5 context_ms=1153.7 state_ms=43.19 prefix_ms=0.0 suffix_ms=2475.5 first_token_ms=25282.5 generation_ms=207075.7 generated=64 generation_tps=0.309
AGENT index=110 mig=31ffbfe4 exit=0 wall_ms=360058 text=3f33f20708943e2f role=child prefix_tokens=14282 suffix_tokens=22 model_ms=20647.0 context_ms=540.3 state_ms=19.01 prefix_ms=0.0 suffix_ms=9638.5 first_token_ms=36357.5 generation_ms=322694.8 generated=64 generation_tps=0.198
AGENT index=111 mig=fafc828a exit=0 wall_ms=242012 text=0d9668c2f9cbc9fc role=child prefix_tokens=14282 suffix_tokens=27 model_ms=20804.4 context_ms=495.6 state_ms=29.83 prefix_ms=0.0 suffix_ms=6555.3 first_token_ms=33233.1 generation_ms=208059.4 generated=64 generation_tps=0.308
AGENT index=112 mig=31ffbfe4 exit=0 wall_ms=222603 text=787d0f2cb9f0f5f6 role=child prefix_tokens=14282 suffix_tokens=26 model_ms=10240.6 context_ms=1846.4 state_ms=16.22 prefix_ms=0.0 suffix_ms=1729.5 first_token_ms=19102.7 generation_ms=203139.3 generated=64 generation_tps=0.315
AGENT index=113 mig=fafc828a exit=0 wall_ms=242877 text=1d161aafe68538d2 role=child prefix_tokens=14282 suffix_tokens=23 model_ms=20985.8 context_ms=295.3 state_ms=10.05 prefix_ms=0.0 suffix_ms=5975.1 first_token_ms=32837.1 generation_ms=208947.4 generated=64 generation_tps=0.306
AGENT index=114 mig=31ffbfe4 exit=0 wall_ms=359334 text=2f3bcae6671ff31f role=child prefix_tokens=14282 suffix_tokens=22 model_ms=20454.7 context_ms=546.7 state_ms=16.29 prefix_ms=0.0 suffix_ms=9609.9 first_token_ms=36438.9 generation_ms=322047.2 generated=64 generation_tps=0.199
AGENT index=115 mig=fafc828a exit=0 wall_ms=236761 text=cdf6d4762f0ad9c6 role=child prefix_tokens=14282 suffix_tokens=19 model_ms=16633.6 context_ms=1276.0 state_ms=70.49 prefix_ms=0.0 suffix_ms=2258.0 first_token_ms=26136.2 generation_ms=210247.9 generated=64 generation_tps=0.304
AGENT index=116 mig=31ffbfe4 exit=0 wall_ms=359335 text=5337acbd8fb941ee role=child prefix_tokens=14282 suffix_tokens=22 model_ms=18625.7 context_ms=414.9 state_ms=26.29 prefix_ms=0.0 suffix_ms=7595.5 first_token_ms=32565.3 generation_ms=326037.7 generated=64 generation_tps=0.196
AGENT index=117 mig=fafc828a exit=0 wall_ms=242511 text=a34112262f5fd48d role=child prefix_tokens=14282 suffix_tokens=27 model_ms=20038.4 context_ms=443.9 state_ms=31.24 prefix_ms=0.0 suffix_ms=6104.8 first_token_ms=32106.1 generation_ms=209572.7 generated=64 generation_tps=0.305
AGENT index=118 mig=31ffbfe4 exit=0 wall_ms=357953 text=ad3122b47bf9d41d role=child prefix_tokens=14282 suffix_tokens=28 model_ms=21017.4 context_ms=293.4 state_ms=6.54 prefix_ms=0.0 suffix_ms=9954.0 first_token_ms=36965.7 generation_ms=320435.8 generated=64 generation_tps=0.200
AGENT index=119 mig=fafc828a exit=0 wall_ms=243717 text=c096e05173cc4f43 role=child prefix_tokens=14282 suffix_tokens=18 model_ms=21023.1 context_ms=381.2 state_ms=8.07 prefix_ms=0.0 suffix_ms=6092.1 first_token_ms=32959.8 generation_ms=209694.3 generated=64 generation_tps=0.305
AGENT index=120 mig=31ffbfe4 exit=0 wall_ms=359154 text=9834d2c93010cb40 role=child prefix_tokens=14282 suffix_tokens=23 model_ms=20646.6 context_ms=488.8 state_ms=12.17 prefix_ms=0.0 suffix_ms=9588.1 first_token_ms=36413.7 generation_ms=322026.7 generated=64 generation_tps=0.199
AGENT index=121 mig=fafc828a exit=0 wall_ms=244695 text=1aa7a235737ffc91 role=child prefix_tokens=14282 suffix_tokens=24 model_ms=21008.8 context_ms=199.9 state_ms=5.93 prefix_ms=0.0 suffix_ms=6107.9 first_token_ms=33171.2 generation_ms=209592.4 generated=64 generation_tps=0.305
AGENT index=122 mig=31ffbfe4 exit=0 wall_ms=357595 text=b5b604cb763700f9 role=child prefix_tokens=14282 suffix_tokens=20 model_ms=19297.3 context_ms=451.4 state_ms=27.34 prefix_ms=0.0 suffix_ms=8679.2 first_token_ms=33732.2 generation_ms=323393.7 generated=64 generation_tps=0.198
AGENT index=123 mig=fafc828a exit=0 wall_ms=238774 text=e38ea5b855370f1e role=child prefix_tokens=14282 suffix_tokens=22 model_ms=18465.5 context_ms=749.4 state_ms=40.14 prefix_ms=0.0 suffix_ms=2973.2 first_token_ms=27320.8 generation_ms=211060.4 generated=64 generation_tps=0.303
AGENT index=124 mig=31ffbfe4 exit=0 wall_ms=360101 text=61f860d06cef5fa0 role=child prefix_tokens=14282 suffix_tokens=21 model_ms=21076.3 context_ms=341.2 state_ms=8.10 prefix_ms=0.0 suffix_ms=9728.0 first_token_ms=36675.1 generation_ms=322463.9 generated=64 generation_tps=0.198
AGENT index=125 mig=fafc828a exit=0 wall_ms=243106 text=97190065bed772ed role=child prefix_tokens=14282 suffix_tokens=23 model_ms=21074.9 context_ms=118.4 state_ms=8.52 prefix_ms=0.0 suffix_ms=6053.0 first_token_ms=33004.9 generation_ms=208912.1 generated=64 generation_tps=0.306
AGENT index=126 mig=31ffbfe4 exit=0 wall_ms=352819 text=7596decc9ef604b8 role=child prefix_tokens=14282 suffix_tokens=21 model_ms=16273.4 context_ms=1483.6 state_ms=10.38 prefix_ms=0.0 suffix_ms=3909.0 first_token_ms=27347.4 generation_ms=325040.4 generated=64 generation_tps=0.197
AGENT index=127 mig=fafc828a exit=0 wall_ms=243890 text=c5fb19c141f1ba26 role=child prefix_tokens=14282 suffix_tokens=23 model_ms=21273.9 context_ms=193.4 state_ms=6.21 prefix_ms=0.0 suffix_ms=6120.4 first_token_ms=33227.3 generation_ms=208982.3 generated=64 generation_tps=0.306
AGENT index=128 mig=31ffbfe4 exit=0 wall_ms=358434 text=a067a6895417f0e8 role=child prefix_tokens=14282 suffix_tokens=29 model_ms=16619.5 context_ms=1431.7 state_ms=50.51 prefix_ms=0.0 suffix_ms=8395.5 first_token_ms=32367.8 generation_ms=325508.1 generated=64 generation_tps=0.197
AGENT index=129 mig=fafc828a exit=0 wall_ms=242123 text=e269a384d3eb41d6 role=child prefix_tokens=14282 suffix_tokens=24 model_ms=20658.1 context_ms=708.1 state_ms=34.25 prefix_ms=0.0 suffix_ms=5751.6 first_token_ms=32184.5 generation_ms=209083.6 generated=64 generation_tps=0.306
AGENT index=130 mig=31ffbfe4 exit=0 wall_ms=359825 text=15032619dc24c29f role=child prefix_tokens=14282 suffix_tokens=26 model_ms=19079.9 context_ms=859.4 state_ms=35.28 prefix_ms=0.0 suffix_ms=9772.7 first_token_ms=35591.9 generation_ms=323506.9 generated=64 generation_tps=0.198
AGENT index=131 mig=fafc828a exit=0 wall_ms=244571 text=077e38d3762a4e5d role=child prefix_tokens=14282 suffix_tokens=34 model_ms=19593.6 context_ms=709.5 state_ms=11.70 prefix_ms=0.0 suffix_ms=7111.8 first_token_ms=33207.5 generation_ms=209061.5 generated=64 generation_tps=0.306
AGENT index=132 mig=31ffbfe4 exit=0 wall_ms=359928 text=4c7b6a4b009d79e1 role=child prefix_tokens=14282 suffix_tokens=25 model_ms=20322.1 context_ms=376.4 state_ms=13.46 prefix_ms=0.0 suffix_ms=9881.1 first_token_ms=36416.1 generation_ms=322669.4 generated=64 generation_tps=0.198
AGENT index=133 mig=fafc828a exit=0 wall_ms=244479 text=de8de835a0ccf4c5 role=child prefix_tokens=14282 suffix_tokens=28 model_ms=21130.1 context_ms=150.2 state_ms=9.30 prefix_ms=0.0 suffix_ms=6868.7 first_token_ms=33954.9 generation_ms=208629.0 generated=64 generation_tps=0.307
AGENT index=134 mig=31ffbfe4 exit=0 wall_ms=359895 text=74ff651a4aa431c6 role=child prefix_tokens=14282 suffix_tokens=23 model_ms=19579.2 context_ms=575.8 state_ms=22.39 prefix_ms=0.0 suffix_ms=9151.6 first_token_ms=34904.7 generation_ms=323980.6 generated=64 generation_tps=0.198
AGENT index=135 mig=fafc828a exit=0 wall_ms=240390 text=f9c832b7cad1a509 role=child prefix_tokens=14282 suffix_tokens=33 model_ms=21167.2 context_ms=212.0 state_ms=12.41 prefix_ms=0.0 suffix_ms=7021.9 first_token_ms=33618.3 generation_ms=206214.7 generated=64 generation_tps=0.310
AGENT index=136 mig=31ffbfe4 exit=0 wall_ms=356660 text=7c975bc8cb52745e role=child prefix_tokens=14282 suffix_tokens=20 model_ms=17882.1 context_ms=951.0 state_ms=44.92 prefix_ms=0.0 suffix_ms=5692.6 first_token_ms=30010.0 generation_ms=326305.2 generated=64 generation_tps=0.196
AGENT index=137 mig=fafc828a exit=0 wall_ms=239869 text=54441ea4e19b19f9 role=child prefix_tokens=14282 suffix_tokens=20 model_ms=21074.9 context_ms=309.9 state_ms=6.25 prefix_ms=0.0 suffix_ms=6050.5 first_token_ms=33025.1 generation_ms=206192.8 generated=64 generation_tps=0.310
AGENT index=138 mig=31ffbfe4 exit=0 wall_ms=358105 text=402d0a29aca55967 role=child prefix_tokens=14282 suffix_tokens=19 model_ms=20940.8 context_ms=322.2 state_ms=12.03 prefix_ms=0.0 suffix_ms=9478.1 first_token_ms=36221.8 generation_ms=321442.5 generated=64 generation_tps=0.199
AGENT index=139 mig=fafc828a exit=0 wall_ms=243910 text=cf77ab317ebf3cc0 role=child prefix_tokens=14282 suffix_tokens=23 model_ms=20594.1 context_ms=500.3 state_ms=29.07 prefix_ms=0.0 suffix_ms=5662.3 first_token_ms=32219.9 generation_ms=210233.1 generated=64 generation_tps=0.304
MEMORY mem_available_drop_mib=98319 mem_available_before_mib=120070 mem_free_before_mib=45764 pss_anon_mib=32714 pss_file_mib=7505 pss_shmem_mib=8932 device_mib=54180 samples=19
END_CASE failed_agents=0 wall_ms=361426
END_KVSTACK
