BEGIN_KVMPS run=1 paragraphs=320 context=32768
REFERENCE who=0 mig=fafc828a text=d42c4c07975a6446
REFERENCE who=1 mig=fafc828a text=3fd8649867d4bb41
REFERENCE who=1 mig=31ffbfe4 text=3fd8649867d4bb41
REFERENCE who=2 mig=fafc828a text=3fd8649867d4bb41
REFERENCE who=3 mig=fafc828a text=3fd8649867d4bb41
REFERENCE who=3 mig=31ffbfe4 text=3e0fd62f5aa50665
REFERENCE who=4 mig=fafc828a text=3e0fd62f5aa50665
REFERENCE who=5 mig=fafc828a text=3e0fd62f5aa50665
REFERENCE who=5 mig=31ffbfe4 text=45d93d75d8c246b5
REFERENCE who=6 mig=fafc828a text=4a8f18b77dbe0332
REFERENCE who=7 mig=fafc828a text=4a8f18b77dbe0332
REFERENCE who=7 mig=31ffbfe4 text=4a8f18b77dbe0332
CASE config=timeslice mode=copy children=8
PARENT mig=fafc828a exit=0 text=c646470e58f73411 prefix_tokens=16321 prefix_ms=19779.2 publish_ms=556.28 state_bytes=936173269 suffix_tokens=13 model_ms=586.7 context_ms=60.1 suffix_ms=64.2 first_token_ms=21182.3 generation_ms=13501.8 generated=64 generation_tps=4.740
CHILD index=0 mig=fafc828a exit=0 text=d42c4c07975a6446 role=child prefix_tokens=16321 suffix_tokens=16 model_ms=918.5 context_ms=67.3 state_ms=280.43 prefix_ms=0.0 suffix_ms=378.2 first_token_ms=1857.8 generation_ms=23653.2 generated=64 generation_tps=2.706
CHILD index=1 mig=fafc828a exit=0 text=3fd8649867d4bb41 role=child prefix_tokens=16321 suffix_tokens=16 model_ms=1173.9 context_ms=166.8 state_ms=394.20 prefix_ms=0.0 suffix_ms=612.7 first_token_ms=2603.3 generation_ms=23896.2 generated=64 generation_tps=2.678
CHILD index=2 mig=fafc828a exit=0 text=3fd8649867d4bb41 role=child prefix_tokens=16321 suffix_tokens=16 model_ms=1145.5 context_ms=146.0 state_ms=421.97 prefix_ms=0.0 suffix_ms=621.4 first_token_ms=2615.3 generation_ms=23960.6 generated=64 generation_tps=2.671
CHILD index=3 mig=fafc828a exit=0 text=3fd8649867d4bb41 role=child prefix_tokens=16321 suffix_tokens=16 model_ms=1187.5 context_ms=134.6 state_ms=399.93 prefix_ms=0.0 suffix_ms=625.5 first_token_ms=2627.9 generation_ms=23947.2 generated=64 generation_tps=2.673
CHILD index=4 mig=fafc828a exit=0 text=3e0fd62f5aa50665 role=child prefix_tokens=16321 suffix_tokens=16 model_ms=1105.7 context_ms=138.9 state_ms=442.67 prefix_ms=0.0 suffix_ms=608.6 first_token_ms=2583.9 generation_ms=23939.0 generated=64 generation_tps=2.673
CHILD index=5 mig=fafc828a exit=0 text=3e0fd62f5aa50665 role=child prefix_tokens=16321 suffix_tokens=16 model_ms=1182.1 context_ms=145.9 state_ms=394.01 prefix_ms=0.0 suffix_ms=646.6 first_token_ms=2653.1 generation_ms=23940.6 generated=64 generation_tps=2.673
CHILD index=6 mig=fafc828a exit=0 text=4a8f18b77dbe0332 role=child prefix_tokens=16321 suffix_tokens=16 model_ms=1211.9 context_ms=147.8 state_ms=399.86 prefix_ms=0.0 suffix_ms=649.3 first_token_ms=2684.0 generation_ms=23922.0 generated=64 generation_tps=2.675
CHILD index=7 mig=fafc828a exit=0 text=4a8f18b77dbe0332 role=child prefix_tokens=16321 suffix_tokens=16 model_ms=1203.9 context_ms=123.2 state_ms=398.53 prefix_ms=0.0 suffix_ms=666.1 first_token_ms=2676.9 generation_ms=23930.4 generated=64 generation_tps=2.674
MEMORY mem_available_drop_mib=20321 prefix_pss_mib=0 prefix_rss_mib=0 file_mib=0
END_CASE failed=0 timed_out=0 children_wall_ms=27295
CASE config=timeslice mode=extent children=8
PARENT mig=fafc828a exit=0 text=c646470e58f73411 prefix_tokens=16321 prefix_ms=19841.7 publish_ms=11.84 state_bytes=261845 suffix_tokens=13 model_ms=627.4 context_ms=36.9 suffix_ms=64.2 first_token_ms=20721.8 generation_ms=14347.6 generated=64 generation_tps=4.461
CHILD index=0 mig=fafc828a exit=0 text=d42c4c07975a6446 role=child prefix_tokens=16321 suffix_tokens=16 model_ms=1258.0 context_ms=44.5 state_ms=7.50 prefix_ms=0.0 suffix_ms=729.7 first_token_ms=2319.5 generation_ms=23789.9 generated=64 generation_tps=2.690
CHILD index=1 mig=fafc828a exit=0 text=3fd8649867d4bb41 role=child prefix_tokens=16321 suffix_tokens=16 model_ms=980.1 context_ms=35.3 state_ms=49.69 prefix_ms=0.0 suffix_ms=168.3 first_token_ms=1487.7 generation_ms=23687.4 generated=64 generation_tps=2.702
CHILD index=2 mig=fafc828a exit=0 text=3fd8649867d4bb41 role=child prefix_tokens=16321 suffix_tokens=16 model_ms=1200.0 context_ms=35.9 state_ms=7.48 prefix_ms=0.0 suffix_ms=531.7 first_token_ms=2055.9 generation_ms=23852.8 generated=64 generation_tps=2.683
CHILD index=3 mig=fafc828a exit=0 text=3fd8649867d4bb41 role=child prefix_tokens=16321 suffix_tokens=16 model_ms=1199.7 context_ms=40.4 state_ms=7.62 prefix_ms=0.0 suffix_ms=606.0 first_token_ms=2149.7 generation_ms=23875.7 generated=64 generation_tps=2.681
CHILD index=4 mig=fafc828a exit=0 text=3e0fd62f5aa50665 role=child prefix_tokens=16321 suffix_tokens=16 model_ms=1239.0 context_ms=37.3 state_ms=7.39 prefix_ms=0.0 suffix_ms=645.7 first_token_ms=2220.1 generation_ms=23834.1 generated=64 generation_tps=2.685
CHILD index=5 mig=fafc828a exit=0 text=3e0fd62f5aa50665 role=child prefix_tokens=16321 suffix_tokens=16 model_ms=1145.7 context_ms=35.1 state_ms=7.48 prefix_ms=0.0 suffix_ms=489.6 first_token_ms=1971.8 generation_ms=23933.8 generated=64 generation_tps=2.674
CHILD index=6 mig=fafc828a exit=0 text=4a8f18b77dbe0332 role=child prefix_tokens=16321 suffix_tokens=16 model_ms=1229.0 context_ms=41.9 state_ms=7.69 prefix_ms=0.0 suffix_ms=651.5 first_token_ms=2224.1 generation_ms=23856.8 generated=64 generation_tps=2.683
CHILD index=7 mig=fafc828a exit=0 text=4a8f18b77dbe0332 role=child prefix_tokens=16321 suffix_tokens=16 model_ms=1211.0 context_ms=40.0 state_ms=7.92 prefix_ms=0.0 suffix_ms=630.8 first_token_ms=2182.8 generation_ms=23882.7 generated=64 generation_tps=2.680
MEMORY mem_available_drop_mib=5908 prefix_pss_mib=908 prefix_rss_mib=7140 file_mib=896
END_CASE failed=0 timed_out=0 children_wall_ms=26638
CASE config=mps mode=copy children=8
PARENT mig=fafc828a exit=0 text=c646470e58f73411 prefix_tokens=16321 prefix_ms=19777.9 publish_ms=542.89 state_bytes=936173269 suffix_tokens=13 model_ms=571.5 context_ms=60.0 suffix_ms=59.0 first_token_ms=21280.0 generation_ms=12175.6 generated=64 generation_tps=5.256
CHILD index=0 mig=fafc828a exit=0 text=d42c4c07975a6446 role=child prefix_tokens=16321 suffix_tokens=16 model_ms=1013.1 context_ms=156.4 state_ms=330.51 prefix_ms=0.0 suffix_ms=565.3 first_token_ms=2410.3 generation_ms=21366.3 generated=64 generation_tps=2.995
CHILD index=1 mig=fafc828a exit=0 text=3fd8649867d4bb41 role=child prefix_tokens=16321 suffix_tokens=16 model_ms=932.9 context_ms=81.7 state_ms=362.83 prefix_ms=0.0 suffix_ms=375.5 first_token_ms=2046.1 generation_ms=21336.9 generated=64 generation_tps=2.999
CHILD index=2 mig=fafc828a exit=0 text=3fd8649867d4bb41 role=child prefix_tokens=16321 suffix_tokens=16 model_ms=1037.4 context_ms=148.1 state_ms=307.08 prefix_ms=0.0 suffix_ms=555.3 first_token_ms=2397.8 generation_ms=21358.7 generated=64 generation_tps=2.996
CHILD index=3 mig=fafc828a exit=0 text=3fd8649867d4bb41 role=child prefix_tokens=16321 suffix_tokens=16 model_ms=1050.0 context_ms=149.5 state_ms=298.25 prefix_ms=0.0 suffix_ms=547.3 first_token_ms=2381.9 generation_ms=21341.0 generated=64 generation_tps=2.999
CHILD index=4 mig=fafc828a exit=0 text=3e0fd62f5aa50665 role=child prefix_tokens=16321 suffix_tokens=16 model_ms=955.7 context_ms=62.4 state_ms=420.45 prefix_ms=0.0 suffix_ms=426.3 first_token_ms=2151.0 generation_ms=21346.3 generated=64 generation_tps=2.998
CHILD index=5 mig=fafc828a exit=0 text=3e0fd62f5aa50665 role=child prefix_tokens=16321 suffix_tokens=16 model_ms=1029.5 context_ms=151.8 state_ms=311.42 prefix_ms=0.0 suffix_ms=562.4 first_token_ms=2392.3 generation_ms=21326.2 generated=64 generation_tps=3.001
CHILD index=6 mig=fafc828a exit=0 text=4a8f18b77dbe0332 role=child prefix_tokens=16321 suffix_tokens=16 model_ms=1044.0 context_ms=131.5 state_ms=320.75 prefix_ms=0.0 suffix_ms=544.8 first_token_ms=2374.3 generation_ms=21356.2 generated=64 generation_tps=2.997
CHILD index=7 mig=fafc828a exit=0 text=4a8f18b77dbe0332 role=child prefix_tokens=16321 suffix_tokens=16 model_ms=1029.9 context_ms=153.5 state_ms=296.63 prefix_ms=0.0 suffix_ms=549.9 first_token_ms=2372.8 generation_ms=21376.9 generated=64 generation_tps=2.994
MEMORY mem_available_drop_mib=20205 prefix_pss_mib=0 prefix_rss_mib=0 file_mib=0
END_CASE failed=0 timed_out=0 children_wall_ms=24395
CASE config=mps mode=extent children=8
PARENT mig=fafc828a exit=0 text=c646470e58f73411 prefix_tokens=16321 prefix_ms=19844.3 publish_ms=11.54 state_bytes=261845 suffix_tokens=13 model_ms=584.9 context_ms=37.2 suffix_ms=64.1 first_token_ms=20669.9 generation_ms=14627.0 generated=64 generation_tps=4.375
CHILD index=0 mig=fafc828a exit=0 text=d42c4c07975a6446 role=child prefix_tokens=16321 suffix_tokens=16 model_ms=1019.7 context_ms=43.6 state_ms=7.37 prefix_ms=0.0 suffix_ms=533.4 first_token_ms=1869.7 generation_ms=21396.2 generated=64 generation_tps=2.991
CHILD index=1 mig=fafc828a exit=0 text=3fd8649867d4bb41 role=child prefix_tokens=16321 suffix_tokens=16 model_ms=718.1 context_ms=36.1 state_ms=7.74 prefix_ms=0.0 suffix_ms=193.6 first_token_ms=1176.6 generation_ms=20950.5 generated=64 generation_tps=3.055
CHILD index=2 mig=fafc828a exit=0 text=3fd8649867d4bb41 role=child prefix_tokens=16321 suffix_tokens=16 model_ms=964.9 context_ms=49.2 state_ms=7.46 prefix_ms=0.0 suffix_ms=547.2 first_token_ms=1853.4 generation_ms=21383.9 generated=64 generation_tps=2.993
CHILD index=3 mig=fafc828a exit=0 text=3fd8649867d4bb41 role=child prefix_tokens=16321 suffix_tokens=16 model_ms=985.2 context_ms=41.5 state_ms=7.45 prefix_ms=0.0 suffix_ms=539.0 first_token_ms=1857.5 generation_ms=21366.7 generated=64 generation_tps=2.995
CHILD index=4 mig=fafc828a exit=0 text=3e0fd62f5aa50665 role=child prefix_tokens=16321 suffix_tokens=16 model_ms=1016.2 context_ms=41.0 state_ms=7.41 prefix_ms=0.0 suffix_ms=548.0 first_token_ms=1899.6 generation_ms=21362.2 generated=64 generation_tps=2.996
CHILD index=5 mig=fafc828a exit=0 text=3e0fd62f5aa50665 role=child prefix_tokens=16321 suffix_tokens=16 model_ms=1010.3 context_ms=42.5 state_ms=7.37 prefix_ms=0.0 suffix_ms=553.3 first_token_ms=1904.1 generation_ms=21364.6 generated=64 generation_tps=2.996
CHILD index=6 mig=fafc828a exit=0 text=4a8f18b77dbe0332 role=child prefix_tokens=16321 suffix_tokens=16 model_ms=947.5 context_ms=45.2 state_ms=7.45 prefix_ms=0.0 suffix_ms=523.0 first_token_ms=1813.7 generation_ms=21389.7 generated=64 generation_tps=2.992
CHILD index=7 mig=fafc828a exit=0 text=4a8f18b77dbe0332 role=child prefix_tokens=16321 suffix_tokens=16 model_ms=953.2 context_ms=46.9 state_ms=7.52 prefix_ms=0.0 suffix_ms=555.4 first_token_ms=1845.6 generation_ms=21391.5 generated=64 generation_tps=2.992
MEMORY mem_available_drop_mib=5831 prefix_pss_mib=924 prefix_rss_mib=7140 file_mib=896
END_CASE failed=0 timed_out=0 children_wall_ms=23812
CASE config=mig mode=copy children=8
PARENT mig=fafc828a exit=0 text=c646470e58f73411 prefix_tokens=16321 prefix_ms=19780.7 publish_ms=569.92 state_bytes=936173269 suffix_tokens=13 model_ms=591.2 context_ms=60.4 suffix_ms=64.0 first_token_ms=21205.9 generation_ms=8788.3 generated=64 generation_tps=7.282
CHILD index=0 mig=fafc828a exit=0 text=d42c4c07975a6446 role=child prefix_tokens=16321 suffix_tokens=16 model_ms=905.7 context_ms=70.5 state_ms=301.88 prefix_ms=0.0 suffix_ms=331.3 first_token_ms=1849.8 generation_ms=13660.2 generated=64 generation_tps=4.685
CHILD index=1 mig=31ffbfe4 exit=0 text=3fd8649867d4bb41 role=child prefix_tokens=16321 suffix_tokens=16 model_ms=1186.2 context_ms=174.4 state_ms=276.66 prefix_ms=0.0 suffix_ms=435.6 first_token_ms=2349.0 generation_ms=18737.0 generated=64 generation_tps=3.416
CHILD index=2 mig=fafc828a exit=0 text=3fd8649867d4bb41 role=child prefix_tokens=16321 suffix_tokens=16 model_ms=1197.9 context_ms=160.0 state_ms=372.19 prefix_ms=0.0 suffix_ms=440.6 first_token_ms=2459.8 generation_ms=13583.7 generated=64 generation_tps=4.712
CHILD index=3 mig=31ffbfe4 exit=0 text=3fd8649867d4bb41 role=child prefix_tokens=16321 suffix_tokens=16 model_ms=1152.7 context_ms=154.7 state_ms=283.25 prefix_ms=0.0 suffix_ms=434.7 first_token_ms=2323.0 generation_ms=18743.4 generated=64 generation_tps=3.415
CHILD index=4 mig=fafc828a exit=0 text=3e0fd62f5aa50665 role=child prefix_tokens=16321 suffix_tokens=16 model_ms=1043.8 context_ms=72.1 state_ms=456.12 prefix_ms=0.0 suffix_ms=308.6 first_token_ms=2178.4 generation_ms=13746.1 generated=64 generation_tps=4.656
CHILD index=5 mig=31ffbfe4 exit=0 text=3fd8649867d4bb41 role=child prefix_tokens=16321 suffix_tokens=16 model_ms=1168.5 context_ms=155.5 state_ms=278.24 prefix_ms=0.0 suffix_ms=425.5 first_token_ms=2309.1 generation_ms=18743.5 generated=64 generation_tps=3.415
CHILD index=6 mig=fafc828a exit=0 text=4a8f18b77dbe0332 role=child prefix_tokens=16321 suffix_tokens=16 model_ms=1183.5 context_ms=158.5 state_ms=357.39 prefix_ms=0.0 suffix_ms=436.9 first_token_ms=2419.2 generation_ms=13621.1 generated=64 generation_tps=4.699
CHILD index=7 mig=31ffbfe4 exit=0 text=4a8f18b77dbe0332 role=child prefix_tokens=16321 suffix_tokens=16 model_ms=1129.6 context_ms=147.1 state_ms=295.08 prefix_ms=0.0 suffix_ms=359.1 first_token_ms=2207.9 generation_ms=18712.3 generated=64 generation_tps=3.420
MEMORY mem_available_drop_mib=20232 prefix_pss_mib=0 prefix_rss_mib=0 file_mib=0
END_CASE failed=0 timed_out=0 children_wall_ms=21658
CASE config=mig mode=extent children=8
PARENT mig=fafc828a exit=0 text=c646470e58f73411 prefix_tokens=16321 prefix_ms=19864.7 publish_ms=11.27 state_bytes=261845 suffix_tokens=13 model_ms=589.4 context_ms=37.5 suffix_ms=64.4 first_token_ms=20733.1 generation_ms=9399.4 generated=64 generation_tps=6.809
CHILD index=0 mig=fafc828a exit=0 text=d42c4c07975a6446 role=child prefix_tokens=16321 suffix_tokens=16 model_ms=1055.2 context_ms=72.7 state_ms=7.42 prefix_ms=0.0 suffix_ms=190.1 first_token_ms=1537.4 generation_ms=14065.3 generated=64 generation_tps=4.550
CHILD index=1 mig=31ffbfe4 exit=0 text=3fd8649867d4bb41 role=child prefix_tokens=16321 suffix_tokens=16 model_ms=1157.7 context_ms=42.0 state_ms=7.48 prefix_ms=0.0 suffix_ms=410.4 first_token_ms=1873.1 generation_ms=19307.6 generated=64 generation_tps=3.315
CHILD index=2 mig=fafc828a exit=0 text=3fd8649867d4bb41 role=child prefix_tokens=16321 suffix_tokens=16 model_ms=1141.7 context_ms=42.6 state_ms=7.71 prefix_ms=0.0 suffix_ms=369.9 first_token_ms=1858.4 generation_ms=14000.7 generated=64 generation_tps=4.571
CHILD index=3 mig=31ffbfe4 exit=0 text=3fd8649867d4bb41 role=child prefix_tokens=16321 suffix_tokens=16 model_ms=1144.3 context_ms=51.8 state_ms=9.35 prefix_ms=0.0 suffix_ms=457.9 first_token_ms=1943.7 generation_ms=19272.7 generated=64 generation_tps=3.321
CHILD index=4 mig=fafc828a exit=0 text=3e0fd62f5aa50665 role=child prefix_tokens=16321 suffix_tokens=16 model_ms=1084.9 context_ms=38.6 state_ms=52.36 prefix_ms=0.0 suffix_ms=394.2 first_token_ms=1868.1 generation_ms=13987.6 generated=64 generation_tps=4.575
CHILD index=5 mig=31ffbfe4 exit=0 text=3fd8649867d4bb41 role=child prefix_tokens=16321 suffix_tokens=16 model_ms=1073.2 context_ms=38.4 state_ms=7.47 prefix_ms=0.0 suffix_ms=201.1 first_token_ms=1596.0 generation_ms=19351.6 generated=64 generation_tps=3.307
CHILD index=6 mig=fafc828a exit=0 text=4a8f18b77dbe0332 role=child prefix_tokens=16321 suffix_tokens=16 model_ms=1152.0 context_ms=45.3 state_ms=7.62 prefix_ms=0.0 suffix_ms=449.1 first_token_ms=1929.6 generation_ms=13945.1 generated=64 generation_tps=4.589
CHILD index=7 mig=31ffbfe4 exit=0 text=4a8f18b77dbe0332 role=child prefix_tokens=16321 suffix_tokens=16 model_ms=1145.9 context_ms=38.7 state_ms=7.65 prefix_ms=0.0 suffix_ms=445.0 first_token_ms=1913.1 generation_ms=19288.0 generated=64 generation_tps=3.318
MEMORY mem_available_drop_mib=5870 prefix_pss_mib=987 prefix_rss_mib=7140 file_mib=896
END_CASE failed=0 timed_out=0 children_wall_ms=21717
CASE config=mig_mps mode=copy children=8
PARENT mig=fafc828a exit=0 text=c646470e58f73411 prefix_tokens=16321 prefix_ms=19768.3 publish_ms=560.87 state_bytes=936173269 suffix_tokens=13 model_ms=589.0 context_ms=59.8 suffix_ms=63.9 first_token_ms=21317.5 generation_ms=7991.7 generated=64 generation_tps=8.008
CHILD index=0 mig=fafc828a exit=0 text=d42c4c07975a6446 role=child prefix_tokens=16321 suffix_tokens=16 model_ms=932.5 context_ms=66.4 state_ms=345.49 prefix_ms=0.0 suffix_ms=223.3 first_token_ms=1807.7 generation_ms=12099.3 generated=64 generation_tps=5.290
CHILD index=1 mig=31ffbfe4 exit=0 text=3fd8649867d4bb41 role=child prefix_tokens=16321 suffix_tokens=16 model_ms=857.1 context_ms=155.3 state_ms=453.04 prefix_ms=0.0 suffix_ms=388.8 first_token_ms=2205.4 generation_ms=16791.1 generated=64 generation_tps=3.812
CHILD index=2 mig=fafc828a exit=0 text=3fd8649867d4bb41 role=child prefix_tokens=16321 suffix_tokens=16 model_ms=1023.4 context_ms=152.0 state_ms=411.98 prefix_ms=0.0 suffix_ms=390.6 first_token_ms=2200.3 generation_ms=12115.8 generated=64 generation_tps=5.282
CHILD index=3 mig=31ffbfe4 exit=0 text=3fd8649867d4bb41 role=child prefix_tokens=16321 suffix_tokens=16 model_ms=875.7 context_ms=122.7 state_ms=451.84 prefix_ms=0.0 suffix_ms=368.7 first_token_ms=2174.3 generation_ms=16799.6 generated=64 generation_tps=3.810
CHILD index=4 mig=fafc828a exit=0 text=3e0fd62f5aa50665 role=child prefix_tokens=16321 suffix_tokens=16 model_ms=1031.6 context_ms=141.0 state_ms=418.95 prefix_ms=0.0 suffix_ms=390.8 first_token_ms=2196.8 generation_ms=12122.6 generated=64 generation_tps=5.279
CHILD index=5 mig=31ffbfe4 exit=0 text=3fd8649867d4bb41 role=child prefix_tokens=16321 suffix_tokens=16 model_ms=725.8 context_ms=103.7 state_ms=388.12 prefix_ms=0.0 suffix_ms=388.7 first_token_ms=2191.0 generation_ms=16813.8 generated=64 generation_tps=3.806
CHILD index=6 mig=fafc828a exit=0 text=4a8f18b77dbe0332 role=child prefix_tokens=16321 suffix_tokens=16 model_ms=1007.4 context_ms=151.0 state_ms=422.20 prefix_ms=0.0 suffix_ms=383.3 first_token_ms=2184.2 generation_ms=12142.2 generated=64 generation_tps=5.271
CHILD index=7 mig=31ffbfe4 exit=0 text=4a8f18b77dbe0332 role=child prefix_tokens=16321 suffix_tokens=16 model_ms=725.0 context_ms=110.0 state_ms=346.02 prefix_ms=0.0 suffix_ms=388.7 first_token_ms=2190.5 generation_ms=16797.1 generated=64 generation_tps=3.810
MEMORY mem_available_drop_mib=20235 prefix_pss_mib=0 prefix_rss_mib=0 file_mib=0
END_CASE failed=0 timed_out=0 children_wall_ms=19617
CASE config=mig_mps mode=extent children=8
PARENT mig=fafc828a exit=0 text=c646470e58f73411 prefix_tokens=16321 prefix_ms=19838.5 publish_ms=11.43 state_bytes=261845 suffix_tokens=13 model_ms=567.5 context_ms=36.6 suffix_ms=63.9 first_token_ms=20658.9 generation_ms=9527.1 generated=64 generation_tps=6.718
CHILD index=0 mig=fafc828a exit=0 text=d42c4c07975a6446 role=child prefix_tokens=16321 suffix_tokens=16 model_ms=674.0 context_ms=38.3 state_ms=7.69 prefix_ms=0.0 suffix_ms=186.4 first_token_ms=1081.5 generation_ms=12663.6 generated=64 generation_tps=5.054
CHILD index=1 mig=31ffbfe4 exit=0 text=3fd8649867d4bb41 role=child prefix_tokens=16321 suffix_tokens=16 model_ms=982.2 context_ms=44.2 state_ms=7.56 prefix_ms=0.0 suffix_ms=293.2 first_token_ms=1584.3 generation_ms=17359.8 generated=64 generation_tps=3.687
CHILD index=2 mig=fafc828a exit=0 text=3fd8649867d4bb41 role=child prefix_tokens=16321 suffix_tokens=16 model_ms=990.4 context_ms=42.3 state_ms=7.40 prefix_ms=0.0 suffix_ms=394.0 first_token_ms=1713.1 generation_ms=12612.4 generated=64 generation_tps=5.074
CHILD index=3 mig=31ffbfe4 exit=0 text=3fd8649867d4bb41 role=child prefix_tokens=16321 suffix_tokens=16 model_ms=999.5 context_ms=39.0 state_ms=7.58 prefix_ms=0.0 suffix_ms=379.8 first_token_ms=1710.4 generation_ms=17299.9 generated=64 generation_tps=3.699
CHILD index=4 mig=fafc828a exit=0 text=3e0fd62f5aa50665 role=child prefix_tokens=16321 suffix_tokens=16 model_ms=900.7 context_ms=41.4 state_ms=7.39 prefix_ms=0.0 suffix_ms=377.7 first_token_ms=1611.7 generation_ms=12679.3 generated=64 generation_tps=5.048
CHILD index=5 mig=31ffbfe4 exit=0 text=3fd8649867d4bb41 role=child prefix_tokens=16321 suffix_tokens=16 model_ms=965.1 context_ms=39.5 state_ms=7.68 prefix_ms=0.0 suffix_ms=555.9 first_token_ms=1858.8 generation_ms=17202.2 generated=64 generation_tps=3.720
CHILD index=6 mig=fafc828a exit=0 text=4a8f18b77dbe0332 role=child prefix_tokens=16321 suffix_tokens=16 model_ms=917.0 context_ms=39.9 state_ms=7.56 prefix_ms=0.0 suffix_ms=377.7 first_token_ms=1624.3 generation_ms=12638.1 generated=64 generation_tps=5.064
CHILD index=7 mig=31ffbfe4 exit=0 text=4a8f18b77dbe0332 role=child prefix_tokens=16321 suffix_tokens=16 model_ms=942.7 context_ms=44.6 state_ms=7.46 prefix_ms=0.0 suffix_ms=306.5 first_token_ms=1580.3 generation_ms=17321.5 generated=64 generation_tps=3.695
MEMORY mem_available_drop_mib=5747 prefix_pss_mib=972 prefix_rss_mib=7140 file_mib=896
END_CASE failed=0 timed_out=0 children_wall_ms=19513
END_KVMPS
BEGIN_KVMPS run=2 paragraphs=320 context=32768
REFERENCE who=0 mig=fafc828a text=d42c4c07975a6446
REFERENCE who=1 mig=fafc828a text=3fd8649867d4bb41
REFERENCE who=1 mig=31ffbfe4 text=3fd8649867d4bb41
REFERENCE who=2 mig=fafc828a text=3fd8649867d4bb41
REFERENCE who=3 mig=fafc828a text=3fd8649867d4bb41
REFERENCE who=3 mig=31ffbfe4 text=3e0fd62f5aa50665
REFERENCE who=4 mig=fafc828a text=3e0fd62f5aa50665
REFERENCE who=5 mig=fafc828a text=3e0fd62f5aa50665
REFERENCE who=5 mig=31ffbfe4 text=45d93d75d8c246b5
REFERENCE who=6 mig=fafc828a text=4a8f18b77dbe0332
REFERENCE who=7 mig=fafc828a text=4a8f18b77dbe0332
REFERENCE who=7 mig=31ffbfe4 text=4a8f18b77dbe0332
CASE config=mig_mps mode=extent children=8
PARENT mig=fafc828a exit=0 text=c646470e58f73411 prefix_tokens=16321 prefix_ms=19845.4 publish_ms=9.52 state_bytes=261845 suffix_tokens=13 model_ms=578.9 context_ms=36.5 suffix_ms=62.9 first_token_ms=20787.0 generation_ms=8739.1 generated=64 generation_tps=7.323
CHILD index=0 mig=fafc828a exit=0 text=d42c4c07975a6446 role=child prefix_tokens=16321 suffix_tokens=16 model_ms=1080.7 context_ms=39.1 state_ms=7.74 prefix_ms=0.0 suffix_ms=374.3 first_token_ms=1741.5 generation_ms=12597.3 generated=64 generation_tps=5.080
CHILD index=1 mig=31ffbfe4 exit=0 text=3fd8649867d4bb41 role=child prefix_tokens=16321 suffix_tokens=16 model_ms=1003.2 context_ms=45.7 state_ms=7.85 prefix_ms=0.0 suffix_ms=416.2 first_token_ms=1840.6 generation_ms=17244.9 generated=64 generation_tps=3.711
CHILD index=2 mig=fafc828a exit=0 text=3fd8649867d4bb41 role=child prefix_tokens=16321 suffix_tokens=16 model_ms=981.4 context_ms=36.4 state_ms=7.41 prefix_ms=0.0 suffix_ms=243.9 first_token_ms=1515.6 generation_ms=12595.8 generated=64 generation_tps=5.081
CHILD index=3 mig=31ffbfe4 exit=0 text=3fd8649867d4bb41 role=child prefix_tokens=16321 suffix_tokens=16 model_ms=968.7 context_ms=43.8 state_ms=7.97 prefix_ms=0.0 suffix_ms=589.6 first_token_ms=1996.3 generation_ms=17131.8 generated=64 generation_tps=3.736
CHILD index=4 mig=fafc828a exit=0 text=3e0fd62f5aa50665 role=child prefix_tokens=16321 suffix_tokens=16 model_ms=1048.7 context_ms=43.3 state_ms=7.41 prefix_ms=0.0 suffix_ms=373.7 first_token_ms=1746.3 generation_ms=12571.6 generated=64 generation_tps=5.091
CHILD index=5 mig=31ffbfe4 exit=0 text=3fd8649867d4bb41 role=child prefix_tokens=16321 suffix_tokens=16 model_ms=835.8 context_ms=40.1 state_ms=8.01 prefix_ms=0.0 suffix_ms=151.2 first_token_ms=1463.8 generation_ms=17129.3 generated=64 generation_tps=3.736
CHILD index=6 mig=fafc828a exit=0 text=4a8f18b77dbe0332 role=child prefix_tokens=16321 suffix_tokens=16 model_ms=1056.8 context_ms=48.9 state_ms=7.89 prefix_ms=0.0 suffix_ms=372.9 first_token_ms=1733.6 generation_ms=12560.1 generated=64 generation_tps=5.095
CHILD index=7 mig=31ffbfe4 exit=0 text=4a8f18b77dbe0332 role=child prefix_tokens=16321 suffix_tokens=16 model_ms=926.3 context_ms=44.5 state_ms=7.56 prefix_ms=0.0 suffix_ms=391.2 first_token_ms=1781.4 generation_ms=17251.8 generated=64 generation_tps=3.710
MEMORY mem_available_drop_mib=5828 prefix_pss_mib=892 prefix_rss_mib=7140 file_mib=896
END_CASE failed=0 timed_out=0 children_wall_ms=19643
CASE config=mig_mps mode=copy children=8
PARENT mig=fafc828a exit=0 text=c646470e58f73411 prefix_tokens=16321 prefix_ms=19784.1 publish_ms=570.09 state_bytes=936173269 suffix_tokens=13 model_ms=569.3 context_ms=59.9 suffix_ms=64.5 first_token_ms=21170.3 generation_ms=8852.6 generated=64 generation_tps=7.229
CHILD index=0 mig=fafc828a exit=0 text=d42c4c07975a6446 role=child prefix_tokens=16321 suffix_tokens=16 model_ms=659.9 context_ms=61.6 state_ms=228.79 prefix_ms=0.0 suffix_ms=233.0 first_token_ms=1381.7 generation_ms=12124.2 generated=64 generation_tps=5.279
CHILD index=1 mig=31ffbfe4 exit=0 text=3fd8649867d4bb41 role=child prefix_tokens=16321 suffix_tokens=16 model_ms=946.5 context_ms=160.1 state_ms=369.56 prefix_ms=0.0 suffix_ms=368.6 first_token_ms=2104.5 generation_ms=16796.6 generated=64 generation_tps=3.810
CHILD index=2 mig=fafc828a exit=0 text=3fd8649867d4bb41 role=child prefix_tokens=16321 suffix_tokens=16 model_ms=1015.3 context_ms=136.7 state_ms=299.29 prefix_ms=0.0 suffix_ms=402.3 first_token_ms=2134.6 generation_ms=12186.3 generated=64 generation_tps=5.252
CHILD index=3 mig=31ffbfe4 exit=0 text=3fd8649867d4bb41 role=child prefix_tokens=16321 suffix_tokens=16 model_ms=913.0 context_ms=76.6 state_ms=454.51 prefix_ms=0.0 suffix_ms=384.7 first_token_ms=2117.4 generation_ms=16812.8 generated=64 generation_tps=3.807
CHILD index=4 mig=fafc828a exit=0 text=3e0fd62f5aa50665 role=child prefix_tokens=16321 suffix_tokens=16 model_ms=997.4 context_ms=126.1 state_ms=312.09 prefix_ms=0.0 suffix_ms=393.8 first_token_ms=2121.2 generation_ms=12175.2 generated=64 generation_tps=5.257
CHILD index=5 mig=31ffbfe4 exit=0 text=3fd8649867d4bb41 role=child prefix_tokens=16321 suffix_tokens=16 model_ms=997.1 context_ms=160.4 state_ms=282.77 prefix_ms=0.0 suffix_ms=390.6 first_token_ms=2115.6 generation_ms=16798.9 generated=64 generation_tps=3.810
CHILD index=6 mig=fafc828a exit=0 text=4a8f18b77dbe0332 role=child prefix_tokens=16321 suffix_tokens=16 model_ms=954.5 context_ms=163.2 state_ms=318.98 prefix_ms=0.0 suffix_ms=398.3 first_token_ms=2125.9 generation_ms=12195.8 generated=64 generation_tps=5.248
CHILD index=7 mig=31ffbfe4 exit=0 text=4a8f18b77dbe0332 role=child prefix_tokens=16321 suffix_tokens=16 model_ms=995.2 context_ms=133.5 state_ms=319.43 prefix_ms=0.0 suffix_ms=384.6 first_token_ms=2102.0 generation_ms=16822.6 generated=64 generation_tps=3.804
MEMORY mem_available_drop_mib=20159 prefix_pss_mib=0 prefix_rss_mib=0 file_mib=0
END_CASE failed=0 timed_out=0 children_wall_ms=19548
CASE config=mig mode=extent children=8
PARENT mig=fafc828a exit=0 text=c646470e58f73411 prefix_tokens=16321 prefix_ms=19847.7 publish_ms=11.49 state_bytes=261845 suffix_tokens=13 model_ms=589.3 context_ms=36.8 suffix_ms=64.2 first_token_ms=20691.8 generation_ms=9452.4 generated=64 generation_tps=6.771
CHILD index=0 mig=fafc828a exit=0 text=d42c4c07975a6446 role=child prefix_tokens=16321 suffix_tokens=16 model_ms=1076.6 context_ms=87.5 state_ms=7.64 prefix_ms=0.0 suffix_ms=280.8 first_token_ms=1692.1 generation_ms=14121.6 generated=64 generation_tps=4.532
CHILD index=1 mig=31ffbfe4 exit=0 text=3fd8649867d4bb41 role=child prefix_tokens=16321 suffix_tokens=16 model_ms=816.9 context_ms=36.7 state_ms=51.15 prefix_ms=0.0 suffix_ms=132.3 first_token_ms=1224.3 generation_ms=18775.8 generated=64 generation_tps=3.409
CHILD index=2 mig=fafc828a exit=0 text=3fd8649867d4bb41 role=child prefix_tokens=16321 suffix_tokens=16 model_ms=1113.2 context_ms=46.2 state_ms=88.73 prefix_ms=0.0 suffix_ms=394.0 first_token_ms=1905.9 generation_ms=14010.2 generated=64 generation_tps=4.568
CHILD index=3 mig=31ffbfe4 exit=0 text=3fd8649867d4bb41 role=child prefix_tokens=16321 suffix_tokens=16 model_ms=1133.1 context_ms=38.3 state_ms=7.65 prefix_ms=0.0 suffix_ms=495.7 first_token_ms=1973.2 generation_ms=18985.6 generated=64 generation_tps=3.371
CHILD index=4 mig=fafc828a exit=0 text=3e0fd62f5aa50665 role=child prefix_tokens=16321 suffix_tokens=16 model_ms=1143.6 context_ms=38.2 state_ms=7.52 prefix_ms=0.0 suffix_ms=443.7 first_token_ms=1925.6 generation_ms=14004.1 generated=64 generation_tps=4.570
CHILD index=5 mig=31ffbfe4 exit=0 text=3fd8649867d4bb41 role=child prefix_tokens=16321 suffix_tokens=16 model_ms=1078.1 context_ms=44.2 state_ms=7.45 prefix_ms=0.0 suffix_ms=418.2 first_token_ms=1840.5 generation_ms=19070.2 generated=64 generation_tps=3.356
CHILD index=6 mig=fafc828a exit=0 text=4a8f18b77dbe0332 role=child prefix_tokens=16321 suffix_tokens=16 model_ms=1056.0 context_ms=38.7 state_ms=7.81 prefix_ms=0.0 suffix_ms=266.1 first_token_ms=1646.6 generation_ms=14147.2 generated=64 generation_tps=4.524
CHILD index=7 mig=31ffbfe4 exit=0 text=4a8f18b77dbe0332 role=child prefix_tokens=16321 suffix_tokens=16 model_ms=1090.2 context_ms=46.7 state_ms=7.64 prefix_ms=0.0 suffix_ms=418.3 first_token_ms=1833.6 generation_ms=19057.2 generated=64 generation_tps=3.358
MEMORY mem_available_drop_mib=5843 prefix_pss_mib=1143 prefix_rss_mib=7140 file_mib=896
END_CASE failed=0 timed_out=0 children_wall_ms=21461
CASE config=mig mode=copy children=8
PARENT mig=fafc828a exit=0 text=c646470e58f73411 prefix_tokens=16321 prefix_ms=19783.3 publish_ms=561.88 state_bytes=936173269 suffix_tokens=13 model_ms=611.3 context_ms=59.9 suffix_ms=64.3 first_token_ms=21241.6 generation_ms=9337.7 generated=64 generation_tps=6.854
CHILD index=0 mig=fafc828a exit=0 text=d42c4c07975a6446 role=child prefix_tokens=16321 suffix_tokens=16 model_ms=765.3 context_ms=66.7 state_ms=285.72 prefix_ms=0.0 suffix_ms=229.0 first_token_ms=1537.1 generation_ms=13679.6 generated=64 generation_tps=4.679
CHILD index=1 mig=31ffbfe4 exit=0 text=3fd8649867d4bb41 role=child prefix_tokens=16321 suffix_tokens=16 model_ms=1169.0 context_ms=181.1 state_ms=285.35 prefix_ms=0.0 suffix_ms=435.8 first_token_ms=2346.2 generation_ms=18774.0 generated=64 generation_tps=3.409
CHILD index=2 mig=fafc828a exit=0 text=3fd8649867d4bb41 role=child prefix_tokens=16321 suffix_tokens=16 model_ms=1135.1 context_ms=161.6 state_ms=408.35 prefix_ms=0.0 suffix_ms=426.7 first_token_ms=2409.5 generation_ms=13649.5 generated=64 generation_tps=4.689
CHILD index=3 mig=31ffbfe4 exit=0 text=3fd8649867d4bb41 role=child prefix_tokens=16321 suffix_tokens=16 model_ms=1133.2 context_ms=163.7 state_ms=327.15 prefix_ms=0.0 suffix_ms=439.3 first_token_ms=2348.4 generation_ms=18776.3 generated=64 generation_tps=3.409
CHILD index=4 mig=fafc828a exit=0 text=3e0fd62f5aa50665 role=child prefix_tokens=16321 suffix_tokens=16 model_ms=1202.3 context_ms=173.1 state_ms=357.02 prefix_ms=0.0 suffix_ms=425.3 first_token_ms=2447.0 generation_ms=13614.6 generated=64 generation_tps=4.701
CHILD index=5 mig=31ffbfe4 exit=0 text=3fd8649867d4bb41 role=child prefix_tokens=16321 suffix_tokens=16 model_ms=1093.6 context_ms=150.7 state_ms=373.67 prefix_ms=0.0 suffix_ms=426.8 first_token_ms=2330.0 generation_ms=18756.4 generated=64 generation_tps=3.412
CHILD index=6 mig=fafc828a exit=0 text=4a8f18b77dbe0332 role=child prefix_tokens=16321 suffix_tokens=16 model_ms=1118.3 context_ms=154.6 state_ms=371.75 prefix_ms=0.0 suffix_ms=343.9 first_token_ms=2275.4 generation_ms=13705.0 generated=64 generation_tps=4.670
CHILD index=7 mig=31ffbfe4 exit=0 text=4a8f18b77dbe0332 role=child prefix_tokens=16321 suffix_tokens=16 model_ms=1142.4 context_ms=176.2 state_ms=312.60 prefix_ms=0.0 suffix_ms=414.0 first_token_ms=2310.7 generation_ms=18806.6 generated=64 generation_tps=3.403
MEMORY mem_available_drop_mib=20251 prefix_pss_mib=0 prefix_rss_mib=0 file_mib=0
END_CASE failed=0 timed_out=0 children_wall_ms=21649
CASE config=mps mode=extent children=8
PARENT mig=fafc828a exit=0 text=c646470e58f73411 prefix_tokens=16321 prefix_ms=19850.6 publish_ms=8.73 state_bytes=261845 suffix_tokens=13 model_ms=604.6 context_ms=36.7 suffix_ms=61.3 first_token_ms=20827.7 generation_ms=13132.0 generated=64 generation_tps=4.874
CHILD index=0 mig=fafc828a exit=0 text=d42c4c07975a6446 role=child prefix_tokens=16321 suffix_tokens=16 model_ms=1065.3 context_ms=41.2 state_ms=7.53 prefix_ms=0.0 suffix_ms=551.0 first_token_ms=1995.3 generation_ms=21270.5 generated=64 generation_tps=3.009
CHILD index=1 mig=fafc828a exit=0 text=3fd8649867d4bb41 role=child prefix_tokens=16321 suffix_tokens=16 model_ms=985.6 context_ms=75.4 state_ms=7.85 prefix_ms=0.0 suffix_ms=473.9 first_token_ms=1857.5 generation_ms=21310.7 generated=64 generation_tps=3.003
CHILD index=2 mig=fafc828a exit=0 text=3fd8649867d4bb41 role=child prefix_tokens=16321 suffix_tokens=16 model_ms=1085.2 context_ms=48.5 state_ms=8.01 prefix_ms=0.0 suffix_ms=550.6 first_token_ms=2009.8 generation_ms=21287.9 generated=64 generation_tps=3.006
CHILD index=3 mig=fafc828a exit=0 text=3fd8649867d4bb41 role=child prefix_tokens=16321 suffix_tokens=16 model_ms=1058.1 context_ms=60.6 state_ms=7.62 prefix_ms=0.0 suffix_ms=559.3 first_token_ms=2005.7 generation_ms=21273.2 generated=64 generation_tps=3.008
CHILD index=4 mig=fafc828a exit=0 text=3e0fd62f5aa50665 role=child prefix_tokens=16321 suffix_tokens=16 model_ms=1002.7 context_ms=36.7 state_ms=7.19 prefix_ms=0.0 suffix_ms=488.1 first_token_ms=1859.6 generation_ms=21338.6 generated=64 generation_tps=2.999
CHILD index=5 mig=fafc828a exit=0 text=3e0fd62f5aa50665 role=child prefix_tokens=16321 suffix_tokens=16 model_ms=1072.7 context_ms=44.4 state_ms=7.59 prefix_ms=0.0 suffix_ms=552.4 first_token_ms=1999.3 generation_ms=21260.2 generated=64 generation_tps=3.010
CHILD index=6 mig=fafc828a exit=0 text=4a8f18b77dbe0332 role=child prefix_tokens=16321 suffix_tokens=16 model_ms=980.1 context_ms=35.6 state_ms=7.43 prefix_ms=0.0 suffix_ms=360.8 first_token_ms=1680.1 generation_ms=21293.4 generated=64 generation_tps=3.006
CHILD index=7 mig=fafc828a exit=0 text=4a8f18b77dbe0332 role=child prefix_tokens=16321 suffix_tokens=16 model_ms=1048.2 context_ms=41.0 state_ms=7.65 prefix_ms=0.0 suffix_ms=509.5 first_token_ms=1908.1 generation_ms=21313.2 generated=64 generation_tps=3.003
MEMORY mem_available_drop_mib=5805 prefix_pss_mib=892 prefix_rss_mib=7140 file_mib=896
END_CASE failed=0 timed_out=0 children_wall_ms=23869
CASE config=mps mode=copy children=8
PARENT mig=fafc828a exit=0 text=c646470e58f73411 prefix_tokens=16321 prefix_ms=19786.2 publish_ms=550.42 state_bytes=936173269 suffix_tokens=13 model_ms=570.3 context_ms=59.5 suffix_ms=64.0 first_token_ms=21163.0 generation_ms=11798.0 generated=64 generation_tps=5.425
CHILD index=0 mig=fafc828a exit=0 text=d42c4c07975a6446 role=child prefix_tokens=16321 suffix_tokens=16 model_ms=1076.1 context_ms=138.2 state_ms=468.34 prefix_ms=0.0 suffix_ms=575.0 first_token_ms=2531.8 generation_ms=21213.5 generated=64 generation_tps=3.017
CHILD index=1 mig=fafc828a exit=0 text=3fd8649867d4bb41 role=child prefix_tokens=16321 suffix_tokens=16 model_ms=923.8 context_ms=59.2 state_ms=350.77 prefix_ms=0.0 suffix_ms=245.4 first_token_ms=1825.3 generation_ms=20836.7 generated=64 generation_tps=3.072
CHILD index=2 mig=fafc828a exit=0 text=3fd8649867d4bb41 role=child prefix_tokens=16321 suffix_tokens=16 model_ms=1076.4 context_ms=126.6 state_ms=467.31 prefix_ms=0.0 suffix_ms=563.8 first_token_ms=2513.9 generation_ms=21225.0 generated=64 generation_tps=3.015
CHILD index=3 mig=fafc828a exit=0 text=3fd8649867d4bb41 role=child prefix_tokens=16321 suffix_tokens=16 model_ms=996.8 context_ms=181.3 state_ms=488.54 prefix_ms=0.0 suffix_ms=563.8 first_token_ms=2514.1 generation_ms=21216.4 generated=64 generation_tps=3.017
CHILD index=4 mig=fafc828a exit=0 text=3e0fd62f5aa50665 role=child prefix_tokens=16321 suffix_tokens=16 model_ms=1058.3 context_ms=137.9 state_ms=456.53 prefix_ms=0.0 suffix_ms=563.9 first_token_ms=2500.6 generation_ms=21230.4 generated=64 generation_tps=3.015
CHILD index=5 mig=fafc828a exit=0 text=3e0fd62f5aa50665 role=child prefix_tokens=16321 suffix_tokens=16 model_ms=1054.9 context_ms=156.5 state_ms=447.19 prefix_ms=0.0 suffix_ms=563.9 first_token_ms=2507.4 generation_ms=21236.5 generated=64 generation_tps=3.014
CHILD index=6 mig=fafc828a exit=0 text=4a8f18b77dbe0332 role=child prefix_tokens=16321 suffix_tokens=16 model_ms=993.3 context_ms=182.4 state_ms=486.55 prefix_ms=0.0 suffix_ms=574.9 first_token_ms=2516.6 generation_ms=21200.3 generated=64 generation_tps=3.019
CHILD index=7 mig=fafc828a exit=0 text=4a8f18b77dbe0332 role=child prefix_tokens=16321 suffix_tokens=16 model_ms=985.2 context_ms=206.1 state_ms=463.93 prefix_ms=0.0 suffix_ms=575.0 first_token_ms=2514.9 generation_ms=21233.0 generated=64 generation_tps=3.014
MEMORY mem_available_drop_mib=20214 prefix_pss_mib=0 prefix_rss_mib=0 file_mib=0
END_CASE failed=0 timed_out=0 children_wall_ms=24502
CASE config=timeslice mode=extent children=8
PARENT mig=fafc828a exit=0 text=c646470e58f73411 prefix_tokens=16321 prefix_ms=19849.5 publish_ms=11.25 state_bytes=261845 suffix_tokens=13 model_ms=588.3 context_ms=36.2 suffix_ms=63.9 first_token_ms=20702.1 generation_ms=14905.7 generated=64 generation_tps=4.294
CHILD index=0 mig=fafc828a exit=0 text=d42c4c07975a6446 role=child prefix_tokens=16321 suffix_tokens=16 model_ms=929.5 context_ms=37.6 state_ms=7.50 prefix_ms=0.0 suffix_ms=180.1 first_token_ms=1382.9 generation_ms=23554.2 generated=64 generation_tps=2.717
CHILD index=1 mig=fafc828a exit=0 text=3fd8649867d4bb41 role=child prefix_tokens=16321 suffix_tokens=16 model_ms=1212.6 context_ms=41.2 state_ms=7.51 prefix_ms=0.0 suffix_ms=602.6 first_token_ms=2139.5 generation_ms=23879.1 generated=64 generation_tps=2.680
CHILD index=2 mig=fafc828a exit=0 text=3fd8649867d4bb41 role=child prefix_tokens=16321 suffix_tokens=16 model_ms=1210.8 context_ms=40.5 state_ms=7.79 prefix_ms=0.0 suffix_ms=611.1 first_token_ms=2150.0 generation_ms=23882.4 generated=64 generation_tps=2.680
CHILD index=3 mig=fafc828a exit=0 text=3fd8649867d4bb41 role=child prefix_tokens=16321 suffix_tokens=16 model_ms=1129.5 context_ms=38.8 state_ms=7.41 prefix_ms=0.0 suffix_ms=452.3 first_token_ms=1933.4 generation_ms=23987.5 generated=64 generation_tps=2.668
CHILD index=4 mig=fafc828a exit=0 text=3e0fd62f5aa50665 role=child prefix_tokens=16321 suffix_tokens=16 model_ms=1213.8 context_ms=41.0 state_ms=7.44 prefix_ms=0.0 suffix_ms=657.3 first_token_ms=2211.9 generation_ms=23879.3 generated=64 generation_tps=2.680
CHILD index=5 mig=fafc828a exit=0 text=3e0fd62f5aa50665 role=child prefix_tokens=16321 suffix_tokens=16 model_ms=1189.0 context_ms=39.2 state_ms=7.17 prefix_ms=0.0 suffix_ms=625.2 first_token_ms=2156.8 generation_ms=23936.8 generated=64 generation_tps=2.674
CHILD index=6 mig=fafc828a exit=0 text=4a8f18b77dbe0332 role=child prefix_tokens=16321 suffix_tokens=16 model_ms=1233.0 context_ms=38.3 state_ms=7.58 prefix_ms=0.0 suffix_ms=659.0 first_token_ms=2218.5 generation_ms=23865.5 generated=64 generation_tps=2.682
CHILD index=7 mig=fafc828a exit=0 text=4a8f18b77dbe0332 role=child prefix_tokens=16321 suffix_tokens=16 model_ms=1135.9 context_ms=40.0 state_ms=7.76 prefix_ms=0.0 suffix_ms=641.4 first_token_ms=2106.7 generation_ms=23882.7 generated=64 generation_tps=2.680
MEMORY mem_available_drop_mib=5906 prefix_pss_mib=972 prefix_rss_mib=7140 file_mib=896
END_CASE failed=0 timed_out=0 children_wall_ms=26664
CASE config=timeslice mode=copy children=8
PARENT mig=fafc828a exit=0 text=c646470e58f73411 prefix_tokens=16321 prefix_ms=19784.3 publish_ms=556.47 state_bytes=936173269 suffix_tokens=13 model_ms=589.0 context_ms=60.0 suffix_ms=64.4 first_token_ms=21210.6 generation_ms=14222.1 generated=64 generation_tps=4.500
CHILD index=0 mig=fafc828a exit=0 text=d42c4c07975a6446 role=child prefix_tokens=16321 suffix_tokens=16 model_ms=780.8 context_ms=70.6 state_ms=287.66 prefix_ms=0.0 suffix_ms=242.3 first_token_ms=1559.7 generation_ms=23269.1 generated=64 generation_tps=2.750
CHILD index=1 mig=fafc828a exit=0 text=3fd8649867d4bb41 role=child prefix_tokens=16321 suffix_tokens=16 model_ms=1190.5 context_ms=163.5 state_ms=414.15 prefix_ms=0.0 suffix_ms=634.0 first_token_ms=2687.8 generation_ms=23911.7 generated=64 generation_tps=2.677
CHILD index=2 mig=fafc828a exit=0 text=3fd8649867d4bb41 role=child prefix_tokens=16321 suffix_tokens=16 model_ms=1121.5 context_ms=83.1 state_ms=484.42 prefix_ms=0.0 suffix_ms=525.6 first_token_ms=2484.4 generation_ms=23887.7 generated=64 generation_tps=2.679
CHILD index=3 mig=fafc828a exit=0 text=3fd8649867d4bb41 role=child prefix_tokens=16321 suffix_tokens=16 model_ms=1149.8 context_ms=140.6 state_ms=448.08 prefix_ms=0.0 suffix_ms=617.0 first_token_ms=2643.9 generation_ms=23937.0 generated=64 generation_tps=2.674
CHILD index=4 mig=fafc828a exit=0 text=3e0fd62f5aa50665 role=child prefix_tokens=16321 suffix_tokens=16 model_ms=1203.8 context_ms=165.0 state_ms=404.60 prefix_ms=0.0 suffix_ms=658.0 first_token_ms=2723.5 generation_ms=23892.0 generated=64 generation_tps=2.679
CHILD index=5 mig=fafc828a exit=0 text=3e0fd62f5aa50665 role=child prefix_tokens=16321 suffix_tokens=16 model_ms=1216.1 context_ms=152.3 state_ms=404.21 prefix_ms=0.0 suffix_ms=641.7 first_token_ms=2690.6 generation_ms=23899.6 generated=64 generation_tps=2.678
CHILD index=6 mig=fafc828a exit=0 text=4a8f18b77dbe0332 role=child prefix_tokens=16321 suffix_tokens=16 model_ms=1199.8 context_ms=172.0 state_ms=398.50 prefix_ms=0.0 suffix_ms=672.6 first_token_ms=2731.6 generation_ms=23887.5 generated=64 generation_tps=2.679
CHILD index=7 mig=fafc828a exit=0 text=4a8f18b77dbe0332 role=child prefix_tokens=16321 suffix_tokens=16 model_ms=1175.5 context_ms=158.9 state_ms=419.79 prefix_ms=0.0 suffix_ms=630.0 first_token_ms=2667.3 generation_ms=23931.3 generated=64 generation_tps=2.674
MEMORY mem_available_drop_mib=20270 prefix_pss_mib=0 prefix_rss_mib=0 file_mib=0
END_CASE failed=0 timed_out=0 children_wall_ms=27397
END_KVMPS
BEGIN_KVMPS run=3 paragraphs=320 context=32768
REFERENCE who=0 mig=fafc828a text=d42c4c07975a6446
REFERENCE who=1 mig=fafc828a text=3fd8649867d4bb41
REFERENCE who=1 mig=31ffbfe4 text=3fd8649867d4bb41
REFERENCE who=2 mig=fafc828a text=3fd8649867d4bb41
REFERENCE who=3 mig=fafc828a text=3fd8649867d4bb41
REFERENCE who=3 mig=31ffbfe4 text=3e0fd62f5aa50665
REFERENCE who=4 mig=fafc828a text=3e0fd62f5aa50665
REFERENCE who=5 mig=fafc828a text=3e0fd62f5aa50665
REFERENCE who=5 mig=31ffbfe4 text=45d93d75d8c246b5
REFERENCE who=6 mig=fafc828a text=4a8f18b77dbe0332
REFERENCE who=7 mig=fafc828a text=4a8f18b77dbe0332
REFERENCE who=7 mig=31ffbfe4 text=4a8f18b77dbe0332
CASE config=timeslice mode=copy children=8
PARENT mig=fafc828a exit=0 text=c646470e58f73411 prefix_tokens=16321 prefix_ms=19777.5 publish_ms=547.30 state_bytes=936173269 suffix_tokens=13 model_ms=588.1 context_ms=59.5 suffix_ms=64.9 first_token_ms=21177.7 generation_ms=14219.2 generated=64 generation_tps=4.501
CHILD index=0 mig=fafc828a exit=0 text=d42c4c07975a6446 role=child prefix_tokens=16321 suffix_tokens=16 model_ms=832.6 context_ms=70.7 state_ms=276.71 prefix_ms=0.0 suffix_ms=308.5 first_token_ms=1696.3 generation_ms=23539.4 generated=64 generation_tps=2.719
CHILD index=1 mig=fafc828a exit=0 text=3fd8649867d4bb41 role=child prefix_tokens=16321 suffix_tokens=16 model_ms=1154.0 context_ms=127.6 state_ms=414.92 prefix_ms=0.0 suffix_ms=581.1 first_token_ms=2553.3 generation_ms=23953.4 generated=64 generation_tps=2.672
CHILD index=2 mig=fafc828a exit=0 text=3fd8649867d4bb41 role=child prefix_tokens=16321 suffix_tokens=16 model_ms=1034.8 context_ms=71.3 state_ms=482.80 prefix_ms=0.0 suffix_ms=436.2 first_token_ms=2315.9 generation_ms=24038.2 generated=64 generation_tps=2.662
CHILD index=3 mig=fafc828a exit=0 text=3fd8649867d4bb41 role=child prefix_tokens=16321 suffix_tokens=16 model_ms=1191.9 context_ms=188.0 state_ms=403.08 prefix_ms=0.0 suffix_ms=694.8 first_token_ms=2761.0 generation_ms=23881.4 generated=64 generation_tps=2.680
CHILD index=4 mig=fafc828a exit=0 text=3e0fd62f5aa50665 role=child prefix_tokens=16321 suffix_tokens=16 model_ms=1185.4 context_ms=167.8 state_ms=403.87 prefix_ms=0.0 suffix_ms=664.3 first_token_ms=2709.2 generation_ms=23919.5 generated=64 generation_tps=2.676
CHILD index=5 mig=fafc828a exit=0 text=3e0fd62f5aa50665 role=child prefix_tokens=16321 suffix_tokens=16 model_ms=1181.2 context_ms=118.2 state_ms=419.49 prefix_ms=0.0 suffix_ms=609.6 first_token_ms=2609.2 generation_ms=23959.6 generated=64 generation_tps=2.671
CHILD index=6 mig=fafc828a exit=0 text=4a8f18b77dbe0332 role=child prefix_tokens=16321 suffix_tokens=16 model_ms=1096.1 context_ms=94.5 state_ms=446.03 prefix_ms=0.0 suffix_ms=565.1 first_token_ms=2493.7 generation_ms=23995.9 generated=64 generation_tps=2.667
CHILD index=7 mig=fafc828a exit=0 text=4a8f18b77dbe0332 role=child prefix_tokens=16321 suffix_tokens=16 model_ms=1183.9 context_ms=172.0 state_ms=414.40 prefix_ms=0.0 suffix_ms=684.3 first_token_ms=2743.3 generation_ms=23893.6 generated=64 generation_tps=2.679
MEMORY mem_available_drop_mib=20300 prefix_pss_mib=0 prefix_rss_mib=0 file_mib=0
END_CASE failed=0 timed_out=0 children_wall_ms=27283
CASE config=timeslice mode=extent children=8
PARENT mig=fafc828a exit=0 text=c646470e58f73411 prefix_tokens=16321 prefix_ms=19829.4 publish_ms=11.47 state_bytes=261845 suffix_tokens=13 model_ms=589.1 context_ms=36.5 suffix_ms=63.9 first_token_ms=20681.7 generation_ms=13677.8 generated=64 generation_tps=4.679
CHILD index=0 mig=fafc828a exit=0 text=d42c4c07975a6446 role=child prefix_tokens=16321 suffix_tokens=16 model_ms=1147.8 context_ms=36.5 state_ms=7.49 prefix_ms=0.0 suffix_ms=226.1 first_token_ms=1673.5 generation_ms=23951.9 generated=64 generation_tps=2.672
CHILD index=1 mig=fafc828a exit=0 text=3fd8649867d4bb41 role=child prefix_tokens=16321 suffix_tokens=16 model_ms=1245.0 context_ms=49.4 state_ms=86.06 prefix_ms=0.0 suffix_ms=667.5 first_token_ms=2336.2 generation_ms=23760.8 generated=64 generation_tps=2.694
CHILD index=2 mig=fafc828a exit=0 text=3fd8649867d4bb41 role=child prefix_tokens=16321 suffix_tokens=16 model_ms=1157.6 context_ms=36.2 state_ms=7.56 prefix_ms=0.0 suffix_ms=320.8 first_token_ms=1804.8 generation_ms=23948.1 generated=64 generation_tps=2.672
CHILD index=3 mig=fafc828a exit=0 text=3fd8649867d4bb41 role=child prefix_tokens=16321 suffix_tokens=16 model_ms=1235.8 context_ms=55.9 state_ms=7.66 prefix_ms=0.0 suffix_ms=661.5 first_token_ms=2254.3 generation_ms=23823.6 generated=64 generation_tps=2.686
CHILD index=4 mig=fafc828a exit=0 text=3e0fd62f5aa50665 role=child prefix_tokens=16321 suffix_tokens=16 model_ms=1211.2 context_ms=39.2 state_ms=7.52 prefix_ms=0.0 suffix_ms=547.7 first_token_ms=2093.1 generation_ms=23816.7 generated=64 generation_tps=2.687
CHILD index=5 mig=fafc828a exit=0 text=3e0fd62f5aa50665 role=child prefix_tokens=16321 suffix_tokens=16 model_ms=1229.3 context_ms=58.6 state_ms=7.54 prefix_ms=0.0 suffix_ms=608.8 first_token_ms=2194.0 generation_ms=23847.8 generated=64 generation_tps=2.684
CHILD index=6 mig=fafc828a exit=0 text=4a8f18b77dbe0332 role=child prefix_tokens=16321 suffix_tokens=16 model_ms=1241.2 context_ms=54.4 state_ms=7.46 prefix_ms=0.0 suffix_ms=589.3 first_token_ms=2170.1 generation_ms=23864.9 generated=64 generation_tps=2.682
CHILD index=7 mig=fafc828a exit=0 text=4a8f18b77dbe0332 role=child prefix_tokens=16321 suffix_tokens=16 model_ms=1227.4 context_ms=58.3 state_ms=7.30 prefix_ms=0.0 suffix_ms=621.7 first_token_ms=2208.5 generation_ms=23849.2 generated=64 generation_tps=2.684
MEMORY mem_available_drop_mib=5889 prefix_pss_mib=924 prefix_rss_mib=7140 file_mib=896
END_CASE failed=0 timed_out=0 children_wall_ms=26732
CASE config=mps mode=copy children=8
PARENT mig=fafc828a exit=0 text=c646470e58f73411 prefix_tokens=16321 prefix_ms=19784.0 publish_ms=542.25 state_bytes=936173269 suffix_tokens=13 model_ms=573.0 context_ms=60.2 suffix_ms=60.2 first_token_ms=21283.4 generation_ms=10936.2 generated=64 generation_tps=5.852
CHILD index=0 mig=fafc828a exit=0 text=d42c4c07975a6446 role=child prefix_tokens=16321 suffix_tokens=16 model_ms=981.9 context_ms=68.9 state_ms=356.08 prefix_ms=0.0 suffix_ms=238.6 first_token_ms=1963.9 generation_ms=20892.6 generated=64 generation_tps=3.063
CHILD index=1 mig=fafc828a exit=0 text=3fd8649867d4bb41 role=child prefix_tokens=16321 suffix_tokens=16 model_ms=983.2 context_ms=175.2 state_ms=500.09 prefix_ms=0.0 suffix_ms=556.1 first_token_ms=2565.0 generation_ms=21130.5 generated=64 generation_tps=3.029
CHILD index=2 mig=fafc828a exit=0 text=3fd8649867d4bb41 role=child prefix_tokens=16321 suffix_tokens=16 model_ms=1006.3 context_ms=173.7 state_ms=471.85 prefix_ms=0.0 suffix_ms=573.4 first_token_ms=2578.3 generation_ms=21157.2 generated=64 generation_tps=3.025
CHILD index=3 mig=fafc828a exit=0 text=3fd8649867d4bb41 role=child prefix_tokens=16321 suffix_tokens=16 model_ms=1069.7 context_ms=148.6 state_ms=447.30 prefix_ms=0.0 suffix_ms=557.2 first_token_ms=2558.1 generation_ms=21122.0 generated=64 generation_tps=3.030
CHILD index=4 mig=fafc828a exit=0 text=3e0fd62f5aa50665 role=child prefix_tokens=16321 suffix_tokens=16 model_ms=1057.4 context_ms=179.0 state_ms=426.05 prefix_ms=0.0 suffix_ms=562.4 first_token_ms=2567.2 generation_ms=21159.2 generated=64 generation_tps=3.025
CHILD index=5 mig=fafc828a exit=0 text=3e0fd62f5aa50665 role=child prefix_tokens=16321 suffix_tokens=16 model_ms=1001.4 context_ms=193.4 state_ms=450.08 prefix_ms=0.0 suffix_ms=573.4 first_token_ms=2574.1 generation_ms=21139.6 generated=64 generation_tps=3.027
CHILD index=6 mig=fafc828a exit=0 text=4a8f18b77dbe0332 role=child prefix_tokens=16321 suffix_tokens=16 model_ms=1010.1 context_ms=172.9 state_ms=471.98 prefix_ms=0.0 suffix_ms=556.7 first_token_ms=2557.8 generation_ms=21136.5 generated=64 generation_tps=3.028
CHILD index=7 mig=fafc828a exit=0 text=4a8f18b77dbe0332 role=child prefix_tokens=16321 suffix_tokens=16 model_ms=1053.1 context_ms=154.6 state_ms=440.86 prefix_ms=0.0 suffix_ms=572.7 first_token_ms=2564.1 generation_ms=21132.1 generated=64 generation_tps=3.029
MEMORY mem_available_drop_mib=20203 prefix_pss_mib=0 prefix_rss_mib=0 file_mib=0
END_CASE failed=0 timed_out=0 children_wall_ms=24520
CASE config=mps mode=extent children=8
PARENT mig=fafc828a exit=0 text=c646470e58f73411 prefix_tokens=16321 prefix_ms=19817.2 publish_ms=11.66 state_bytes=261845 suffix_tokens=13 model_ms=565.2 context_ms=36.6 suffix_ms=64.2 first_token_ms=20642.2 generation_ms=13845.9 generated=64 generation_tps=4.622
CHILD index=0 mig=fafc828a exit=0 text=d42c4c07975a6446 role=child prefix_tokens=16321 suffix_tokens=16 model_ms=1047.0 context_ms=89.0 state_ms=7.66 prefix_ms=0.0 suffix_ms=608.4 first_token_ms=2026.6 generation_ms=21273.5 generated=64 generation_tps=3.008
CHILD index=1 mig=fafc828a exit=0 text=3fd8649867d4bb41 role=child prefix_tokens=16321 suffix_tokens=16 model_ms=888.1 context_ms=34.5 state_ms=7.31 prefix_ms=0.0 suffix_ms=266.8 first_token_ms=1431.4 generation_ms=21354.9 generated=64 generation_tps=2.997
CHILD index=2 mig=fafc828a exit=0 text=3fd8649867d4bb41 role=child prefix_tokens=16321 suffix_tokens=16 model_ms=1033.7 context_ms=40.4 state_ms=7.38 prefix_ms=0.0 suffix_ms=538.2 first_token_ms=1900.8 generation_ms=21368.8 generated=64 generation_tps=2.995
CHILD index=3 mig=fafc828a exit=0 text=3fd8649867d4bb41 role=child prefix_tokens=16321 suffix_tokens=16 model_ms=929.6 context_ms=34.4 state_ms=7.13 prefix_ms=0.0 suffix_ms=372.4 first_token_ms=1630.9 generation_ms=21379.4 generated=64 generation_tps=2.994
CHILD index=4 mig=fafc828a exit=0 text=3e0fd62f5aa50665 role=child prefix_tokens=16321 suffix_tokens=16 model_ms=996.3 context_ms=40.7 state_ms=7.76 prefix_ms=0.0 suffix_ms=516.4 first_token_ms=1845.8 generation_ms=21371.7 generated=64 generation_tps=2.995
CHILD index=5 mig=fafc828a exit=0 text=3e0fd62f5aa50665 role=child prefix_tokens=16321 suffix_tokens=16 model_ms=1021.1 context_ms=49.8 state_ms=7.60 prefix_ms=0.0 suffix_ms=548.0 first_token_ms=1916.6 generation_ms=21332.2 generated=64 generation_tps=3.000
CHILD index=6 mig=fafc828a exit=0 text=4a8f18b77dbe0332 role=child prefix_tokens=16321 suffix_tokens=16 model_ms=1025.5 context_ms=48.7 state_ms=7.32 prefix_ms=0.0 suffix_ms=557.0 first_token_ms=1923.1 generation_ms=21343.0 generated=64 generation_tps=2.999
CHILD index=7 mig=fafc828a exit=0 text=4a8f18b77dbe0332 role=child prefix_tokens=16321 suffix_tokens=16 model_ms=997.1 context_ms=41.9 state_ms=7.50 prefix_ms=0.0 suffix_ms=534.3 first_token_ms=1871.7 generation_ms=21359.5 generated=64 generation_tps=2.996
MEMORY mem_available_drop_mib=5815 prefix_pss_mib=892 prefix_rss_mib=7140 file_mib=896
END_CASE failed=0 timed_out=0 children_wall_ms=23768
CASE config=mig mode=copy children=8
PARENT mig=fafc828a exit=0 text=c646470e58f73411 prefix_tokens=16321 prefix_ms=19785.2 publish_ms=533.32 state_bytes=936173269 suffix_tokens=13 model_ms=589.1 context_ms=59.6 suffix_ms=64.0 first_token_ms=21172.6 generation_ms=8718.8 generated=64 generation_tps=7.340
CHILD index=0 mig=fafc828a exit=0 text=d42c4c07975a6446 role=child prefix_tokens=16321 suffix_tokens=16 model_ms=1024.0 context_ms=69.5 state_ms=348.25 prefix_ms=0.0 suffix_ms=243.1 first_token_ms=1916.9 generation_ms=13748.8 generated=64 generation_tps=4.655
CHILD index=1 mig=31ffbfe4 exit=0 text=3fd8649867d4bb41 role=child prefix_tokens=16321 suffix_tokens=16 model_ms=1188.4 context_ms=137.3 state_ms=284.80 prefix_ms=0.0 suffix_ms=444.4 first_token_ms=2342.1 generation_ms=18709.4 generated=64 generation_tps=3.421
CHILD index=2 mig=fafc828a exit=0 text=3fd8649867d4bb41 role=child prefix_tokens=16321 suffix_tokens=16 model_ms=1105.3 context_ms=78.2 state_ms=398.30 prefix_ms=0.0 suffix_ms=337.2 first_token_ms=2178.8 generation_ms=13761.6 generated=64 generation_tps=4.651
CHILD index=3 mig=31ffbfe4 exit=0 text=3fd8649867d4bb41 role=child prefix_tokens=16321 suffix_tokens=16 model_ms=1093.0 context_ms=76.0 state_ms=372.31 prefix_ms=0.0 suffix_ms=235.3 first_token_ms=2069.1 generation_ms=18790.5 generated=64 generation_tps=3.406
CHILD index=4 mig=fafc828a exit=0 text=3e0fd62f5aa50665 role=child prefix_tokens=16321 suffix_tokens=16 model_ms=1186.7 context_ms=161.9 state_ms=366.07 prefix_ms=0.0 suffix_ms=429.9 first_token_ms=2430.2 generation_ms=13621.5 generated=64 generation_tps=4.698
CHILD index=5 mig=31ffbfe4 exit=0 text=3fd8649867d4bb41 role=child prefix_tokens=16321 suffix_tokens=16 model_ms=1137.5 context_ms=170.3 state_ms=306.61 prefix_ms=0.0 suffix_ms=461.2 first_token_ms=2370.5 generation_ms=18706.2 generated=64 generation_tps=3.421
CHILD index=6 mig=fafc828a exit=0 text=4a8f18b77dbe0332 role=child prefix_tokens=16321 suffix_tokens=16 model_ms=1184.4 context_ms=168.6 state_ms=377.26 prefix_ms=0.0 suffix_ms=423.2 first_token_ms=2440.5 generation_ms=13618.9 generated=64 generation_tps=4.699
CHILD index=7 mig=31ffbfe4 exit=0 text=4a8f18b77dbe0332 role=child prefix_tokens=16321 suffix_tokens=16 model_ms=1168.0 context_ms=161.7 state_ms=280.25 prefix_ms=0.0 suffix_ms=448.3 first_token_ms=2352.8 generation_ms=18708.4 generated=64 generation_tps=3.421
MEMORY mem_available_drop_mib=20237 prefix_pss_mib=0 prefix_rss_mib=0 file_mib=0
END_CASE failed=0 timed_out=0 children_wall_ms=21646
CASE config=mig mode=extent children=8
PARENT mig=fafc828a exit=0 text=c646470e58f73411 prefix_tokens=16321 prefix_ms=19851.8 publish_ms=11.49 state_bytes=261845 suffix_tokens=13 model_ms=592.4 context_ms=37.2 suffix_ms=64.0 first_token_ms=20717.2 generation_ms=9482.4 generated=64 generation_tps=6.749
CHILD index=0 mig=fafc828a exit=0 text=d42c4c07975a6446 role=child prefix_tokens=16321 suffix_tokens=16 model_ms=1006.2 context_ms=36.4 state_ms=7.49 prefix_ms=0.0 suffix_ms=224.4 first_token_ms=1496.0 generation_ms=14078.2 generated=64 generation_tps=4.546
CHILD index=1 mig=31ffbfe4 exit=0 text=3fd8649867d4bb41 role=child prefix_tokens=16321 suffix_tokens=16 model_ms=1164.7 context_ms=43.5 state_ms=7.88 prefix_ms=0.0 suffix_ms=406.7 first_token_ms=1897.3 generation_ms=19326.1 generated=64 generation_tps=3.312
CHILD index=2 mig=fafc828a exit=0 text=3fd8649867d4bb41 role=child prefix_tokens=16321 suffix_tokens=16 model_ms=1172.4 context_ms=42.8 state_ms=7.49 prefix_ms=0.0 suffix_ms=395.9 first_token_ms=1904.6 generation_ms=13957.7 generated=64 generation_tps=4.585
CHILD index=3 mig=31ffbfe4 exit=0 text=3fd8649867d4bb41 role=child prefix_tokens=16321 suffix_tokens=16 model_ms=1083.8 context_ms=74.8 state_ms=7.57 prefix_ms=0.0 suffix_ms=289.6 first_token_ms=1737.2 generation_ms=19364.5 generated=64 generation_tps=3.305
CHILD index=4 mig=fafc828a exit=0 text=3e0fd62f5aa50665 role=child prefix_tokens=16321 suffix_tokens=16 model_ms=1064.0 context_ms=35.2 state_ms=7.44 prefix_ms=0.0 suffix_ms=351.1 first_token_ms=1741.6 generation_ms=14043.8 generated=64 generation_tps=4.557
CHILD index=5 mig=31ffbfe4 exit=0 text=3fd8649867d4bb41 role=child prefix_tokens=16321 suffix_tokens=16 model_ms=1139.1 context_ms=78.0 state_ms=45.98 prefix_ms=0.0 suffix_ms=478.0 first_token_ms=2034.2 generation_ms=19217.0 generated=64 generation_tps=3.330
CHILD index=6 mig=fafc828a exit=0 text=4a8f18b77dbe0332 role=child prefix_tokens=16321 suffix_tokens=16 model_ms=1147.8 context_ms=42.0 state_ms=7.62 prefix_ms=0.0 suffix_ms=421.0 first_token_ms=1908.4 generation_ms=13963.7 generated=64 generation_tps=4.583
CHILD index=7 mig=31ffbfe4 exit=0 text=4a8f18b77dbe0332 role=child prefix_tokens=16321 suffix_tokens=16 model_ms=1128.3 context_ms=37.9 state_ms=7.54 prefix_ms=0.0 suffix_ms=355.2 first_token_ms=1812.6 generation_ms=19333.6 generated=64 generation_tps=3.310
MEMORY mem_available_drop_mib=5836 prefix_pss_mib=1189 prefix_rss_mib=7140 file_mib=896
END_CASE failed=0 timed_out=0 children_wall_ms=21742
CASE config=mig_mps mode=copy children=8
PARENT mig=fafc828a exit=0 text=c646470e58f73411 prefix_tokens=16321 prefix_ms=19786.9 publish_ms=551.73 state_bytes=936173269 suffix_tokens=13 model_ms=594.3 context_ms=60.1 suffix_ms=63.6 first_token_ms=21325.1 generation_ms=7996.0 generated=64 generation_tps=8.004
CHILD index=0 mig=fafc828a exit=0 text=d42c4c07975a6446 role=child prefix_tokens=16321 suffix_tokens=16 model_ms=1037.4 context_ms=177.2 state_ms=300.73 prefix_ms=0.0 suffix_ms=359.1 first_token_ms=2148.4 generation_ms=12205.7 generated=64 generation_tps=5.243
CHILD index=1 mig=31ffbfe4 exit=0 text=3fd8649867d4bb41 role=child prefix_tokens=16321 suffix_tokens=16 model_ms=870.3 context_ms=202.8 state_ms=344.27 prefix_ms=0.0 suffix_ms=376.5 first_token_ms=2140.4 generation_ms=16814.2 generated=64 generation_tps=3.806
CHILD index=2 mig=fafc828a exit=0 text=3fd8649867d4bb41 role=child prefix_tokens=16321 suffix_tokens=16 model_ms=986.8 context_ms=127.3 state_ms=336.95 prefix_ms=0.0 suffix_ms=306.1 first_token_ms=1990.1 generation_ms=12229.7 generated=64 generation_tps=5.233
CHILD index=3 mig=31ffbfe4 exit=0 text=3fd8649867d4bb41 role=child prefix_tokens=16321 suffix_tokens=16 model_ms=987.0 context_ms=127.2 state_ms=290.65 prefix_ms=0.0 suffix_ms=361.2 first_token_ms=2116.8 generation_ms=16788.2 generated=64 generation_tps=3.812
CHILD index=4 mig=fafc828a exit=0 text=3e0fd62f5aa50665 role=child prefix_tokens=16321 suffix_tokens=16 model_ms=1050.7 context_ms=133.2 state_ms=331.01 prefix_ms=0.0 suffix_ms=342.2 first_token_ms=2095.5 generation_ms=12226.9 generated=64 generation_tps=5.234
CHILD index=5 mig=31ffbfe4 exit=0 text=3fd8649867d4bb41 role=child prefix_tokens=16321 suffix_tokens=16 model_ms=852.6 context_ms=124.0 state_ms=284.99 prefix_ms=0.0 suffix_ms=373.8 first_token_ms=2127.1 generation_ms=16822.2 generated=64 generation_tps=3.805
CHILD index=6 mig=fafc828a exit=0 text=4a8f18b77dbe0332 role=child prefix_tokens=16321 suffix_tokens=16 model_ms=980.6 context_ms=135.4 state_ms=412.39 prefix_ms=0.0 suffix_ms=347.0 first_token_ms=2096.5 generation_ms=12216.8 generated=64 generation_tps=5.239
CHILD index=7 mig=31ffbfe4 exit=0 text=4a8f18b77dbe0332 role=child prefix_tokens=16321 suffix_tokens=16 model_ms=815.0 context_ms=155.6 state_ms=264.30 prefix_ms=0.0 suffix_ms=369.5 first_token_ms=2125.4 generation_ms=16823.9 generated=64 generation_tps=3.804
MEMORY mem_available_drop_mib=20195 prefix_pss_mib=0 prefix_rss_mib=0 file_mib=0
END_CASE failed=0 timed_out=0 children_wall_ms=19528
CASE config=mig_mps mode=extent children=8
PARENT mig=fafc828a exit=0 text=c646470e58f73411 prefix_tokens=16321 prefix_ms=19846.6 publish_ms=11.70 state_bytes=261845 suffix_tokens=13 model_ms=567.8 context_ms=36.7 suffix_ms=64.4 first_token_ms=20677.3 generation_ms=9488.1 generated=64 generation_tps=6.745
CHILD index=0 mig=fafc828a exit=0 text=d42c4c07975a6446 role=child prefix_tokens=16321 suffix_tokens=16 model_ms=666.2 context_ms=40.0 state_ms=7.66 prefix_ms=0.0 suffix_ms=179.2 first_token_ms=1086.4 generation_ms=12640.0 generated=64 generation_tps=5.063
CHILD index=1 mig=31ffbfe4 exit=0 text=3fd8649867d4bb41 role=child prefix_tokens=16321 suffix_tokens=16 model_ms=950.4 context_ms=42.9 state_ms=9.38 prefix_ms=0.0 suffix_ms=365.1 first_token_ms=1638.8 generation_ms=17257.9 generated=64 generation_tps=3.708
CHILD index=2 mig=fafc828a exit=0 text=3fd8649867d4bb41 role=child prefix_tokens=16321 suffix_tokens=16 model_ms=992.9 context_ms=40.4 state_ms=7.51 prefix_ms=0.0 suffix_ms=392.2 first_token_ms=1721.7 generation_ms=12603.1 generated=64 generation_tps=5.078
CHILD index=3 mig=31ffbfe4 exit=0 text=3fd8649867d4bb41 role=child prefix_tokens=16321 suffix_tokens=16 model_ms=920.7 context_ms=35.9 state_ms=7.39 prefix_ms=0.0 suffix_ms=154.2 first_token_ms=1357.0 generation_ms=17122.5 generated=64 generation_tps=3.738
CHILD index=4 mig=fafc828a exit=0 text=3e0fd62f5aa50665 role=child prefix_tokens=16321 suffix_tokens=16 model_ms=988.0 context_ms=74.2 state_ms=7.45 prefix_ms=0.0 suffix_ms=402.8 first_token_ms=1761.3 generation_ms=12580.4 generated=64 generation_tps=5.087
CHILD index=5 mig=31ffbfe4 exit=0 text=3fd8649867d4bb41 role=child prefix_tokens=16321 suffix_tokens=16 model_ms=975.5 context_ms=39.7 state_ms=7.49 prefix_ms=0.0 suffix_ms=523.6 first_token_ms=1837.7 generation_ms=17155.8 generated=64 generation_tps=3.731
CHILD index=6 mig=fafc828a exit=0 text=4a8f18b77dbe0332 role=child prefix_tokens=16321 suffix_tokens=16 model_ms=913.6 context_ms=39.7 state_ms=7.55 prefix_ms=0.0 suffix_ms=378.3 first_token_ms=1625.5 generation_ms=12643.2 generated=64 generation_tps=5.062
CHILD index=7 mig=31ffbfe4 exit=0 text=4a8f18b77dbe0332 role=child prefix_tokens=16321 suffix_tokens=16 model_ms=984.5 context_ms=41.7 state_ms=7.63 prefix_ms=0.0 suffix_ms=452.0 first_token_ms=1751.9 generation_ms=17246.1 generated=64 generation_tps=3.711
MEMORY mem_available_drop_mib=5759 prefix_pss_mib=1021 prefix_rss_mib=7140 file_mib=896
END_CASE failed=0 timed_out=0 children_wall_ms=19516
END_KVMPS
BEGIN_KVMPS run=4 paragraphs=320 context=32768
REFERENCE who=0 mig=fafc828a text=d42c4c07975a6446
REFERENCE who=1 mig=fafc828a text=3fd8649867d4bb41
REFERENCE who=1 mig=31ffbfe4 text=3fd8649867d4bb41
REFERENCE who=2 mig=fafc828a text=3fd8649867d4bb41
REFERENCE who=3 mig=fafc828a text=3fd8649867d4bb41
REFERENCE who=3 mig=31ffbfe4 text=3e0fd62f5aa50665
REFERENCE who=4 mig=fafc828a text=3e0fd62f5aa50665
REFERENCE who=5 mig=fafc828a text=3e0fd62f5aa50665
REFERENCE who=5 mig=31ffbfe4 text=45d93d75d8c246b5
REFERENCE who=6 mig=fafc828a text=4a8f18b77dbe0332
REFERENCE who=7 mig=fafc828a text=4a8f18b77dbe0332
REFERENCE who=7 mig=31ffbfe4 text=4a8f18b77dbe0332
CASE config=mig_mps mode=extent children=8
PARENT mig=fafc828a exit=0 text=c646470e58f73411 prefix_tokens=16321 prefix_ms=19873.6 publish_ms=11.48 state_bytes=261845 suffix_tokens=13 model_ms=597.7 context_ms=36.7 suffix_ms=63.7 first_token_ms=20847.7 generation_ms=8601.3 generated=64 generation_tps=7.441
CHILD index=0 mig=fafc828a exit=0 text=d42c4c07975a6446 role=child prefix_tokens=16321 suffix_tokens=16 model_ms=1060.8 context_ms=45.0 state_ms=7.61 prefix_ms=0.0 suffix_ms=352.4 first_token_ms=1721.0 generation_ms=12592.5 generated=64 generation_tps=5.082
CHILD index=1 mig=31ffbfe4 exit=0 text=3fd8649867d4bb41 role=child prefix_tokens=16321 suffix_tokens=16 model_ms=990.4 context_ms=39.4 state_ms=7.61 prefix_ms=0.0 suffix_ms=403.6 first_token_ms=1807.0 generation_ms=17315.4 generated=64 generation_tps=3.696
CHILD index=2 mig=fafc828a exit=0 text=3fd8649867d4bb41 role=child prefix_tokens=16321 suffix_tokens=16 model_ms=1058.2 context_ms=46.1 state_ms=7.57 prefix_ms=0.0 suffix_ms=405.7 first_token_ms=1750.3 generation_ms=12569.4 generated=64 generation_tps=5.092
CHILD index=3 mig=31ffbfe4 exit=0 text=3fd8649867d4bb41 role=child prefix_tokens=16321 suffix_tokens=16 model_ms=952.2 context_ms=42.2 state_ms=7.45 prefix_ms=0.0 suffix_ms=445.8 first_token_ms=1823.1 generation_ms=17283.1 generated=64 generation_tps=3.703
CHILD index=4 mig=fafc828a exit=0 text=3e0fd62f5aa50665 role=child prefix_tokens=16321 suffix_tokens=16 model_ms=1066.5 context_ms=45.5 state_ms=7.48 prefix_ms=0.0 suffix_ms=345.4 first_token_ms=1695.5 generation_ms=12598.6 generated=64 generation_tps=5.080
CHILD index=5 mig=31ffbfe4 exit=0 text=3fd8649867d4bb41 role=child prefix_tokens=16321 suffix_tokens=16 model_ms=786.8 context_ms=40.8 state_ms=7.66 prefix_ms=0.0 suffix_ms=245.2 first_token_ms=1576.6 generation_ms=17310.7 generated=64 generation_tps=3.697
CHILD index=6 mig=fafc828a exit=0 text=4a8f18b77dbe0332 role=child prefix_tokens=16321 suffix_tokens=16 model_ms=1016.4 context_ms=37.7 state_ms=7.58 prefix_ms=0.0 suffix_ms=307.7 first_token_ms=1594.1 generation_ms=12602.1 generated=64 generation_tps=5.079
CHILD index=7 mig=31ffbfe4 exit=0 text=4a8f18b77dbe0332 role=child prefix_tokens=16321 suffix_tokens=16 model_ms=892.6 context_ms=41.6 state_ms=7.30 prefix_ms=0.0 suffix_ms=378.7 first_token_ms=1753.4 generation_ms=17315.9 generated=64 generation_tps=3.696
MEMORY mem_available_drop_mib=5837 prefix_pss_mib=892 prefix_rss_mib=7140 file_mib=896
END_CASE failed=0 timed_out=0 children_wall_ms=19565
CASE config=mig_mps mode=copy children=8
PARENT mig=fafc828a exit=0 text=c646470e58f73411 prefix_tokens=16321 prefix_ms=19772.7 publish_ms=543.68 state_bytes=936173269 suffix_tokens=13 model_ms=567.2 context_ms=60.2 suffix_ms=63.9 first_token_ms=21136.7 generation_ms=7946.6 generated=64 generation_tps=8.054
CHILD index=0 mig=fafc828a exit=0 text=d42c4c07975a6446 role=child prefix_tokens=16321 suffix_tokens=16 model_ms=1018.9 context_ms=139.6 state_ms=323.25 prefix_ms=0.0 suffix_ms=355.1 first_token_ms=2116.4 generation_ms=12244.9 generated=64 generation_tps=5.227
CHILD index=1 mig=31ffbfe4 exit=0 text=3fd8649867d4bb41 role=child prefix_tokens=16321 suffix_tokens=16 model_ms=787.0 context_ms=65.4 state_ms=230.52 prefix_ms=0.0 suffix_ms=329.8 first_token_ms=1644.1 generation_ms=16384.1 generated=64 generation_tps=3.906
CHILD index=2 mig=fafc828a exit=0 text=3fd8649867d4bb41 role=child prefix_tokens=16321 suffix_tokens=16 model_ms=1046.3 context_ms=131.5 state_ms=297.88 prefix_ms=0.0 suffix_ms=356.3 first_token_ms=2124.3 generation_ms=12240.9 generated=64 generation_tps=5.228
CHILD index=3 mig=31ffbfe4 exit=0 text=3fd8649867d4bb41 role=child prefix_tokens=16321 suffix_tokens=16 model_ms=938.8 context_ms=174.2 state_ms=353.88 prefix_ms=0.0 suffix_ms=458.1 first_token_ms=2219.1 generation_ms=16565.3 generated=64 generation_tps=3.863
CHILD index=4 mig=fafc828a exit=0 text=3e0fd62f5aa50665 role=child prefix_tokens=16321 suffix_tokens=16 model_ms=1025.3 context_ms=153.5 state_ms=290.66 prefix_ms=0.0 suffix_ms=349.4 first_token_ms=2112.2 generation_ms=12214.0 generated=64 generation_tps=5.240
CHILD index=5 mig=31ffbfe4 exit=0 text=3fd8649867d4bb41 role=child prefix_tokens=16321 suffix_tokens=16 model_ms=1025.8 context_ms=154.0 state_ms=298.73 prefix_ms=0.0 suffix_ms=452.5 first_token_ms=2228.1 generation_ms=16579.9 generated=64 generation_tps=3.860
CHILD index=6 mig=fafc828a exit=0 text=4a8f18b77dbe0332 role=child prefix_tokens=16321 suffix_tokens=16 model_ms=1014.1 context_ms=125.6 state_ms=304.01 prefix_ms=0.0 suffix_ms=337.9 first_token_ms=2077.6 generation_ms=12255.0 generated=64 generation_tps=5.222
CHILD index=7 mig=31ffbfe4 exit=0 text=4a8f18b77dbe0332 role=child prefix_tokens=16321 suffix_tokens=16 model_ms=929.6 context_ms=88.3 state_ms=431.20 prefix_ms=0.0 suffix_ms=443.2 first_token_ms=2185.2 generation_ms=16601.0 generated=64 generation_tps=3.855
MEMORY mem_available_drop_mib=20135 prefix_pss_mib=0 prefix_rss_mib=0 file_mib=0
END_CASE failed=0 timed_out=0 children_wall_ms=19431
CASE config=mig mode=extent children=8
PARENT mig=fafc828a exit=0 text=c646470e58f73411 prefix_tokens=16321 prefix_ms=19830.3 publish_ms=9.04 state_bytes=261845 suffix_tokens=13 model_ms=632.7 context_ms=37.2 suffix_ms=64.4 first_token_ms=20740.2 generation_ms=9930.6 generated=64 generation_tps=6.445
CHILD index=0 mig=fafc828a exit=0 text=d42c4c07975a6446 role=child prefix_tokens=16321 suffix_tokens=16 model_ms=914.1 context_ms=36.7 state_ms=7.30 prefix_ms=0.0 suffix_ms=185.0 first_token_ms=1324.0 generation_ms=14028.7 generated=64 generation_tps=4.562
CHILD index=1 mig=31ffbfe4 exit=0 text=3fd8649867d4bb41 role=child prefix_tokens=16321 suffix_tokens=16 model_ms=1039.8 context_ms=38.6 state_ms=8.78 prefix_ms=0.0 suffix_ms=463.0 first_token_ms=1828.9 generation_ms=19303.1 generated=64 generation_tps=3.316
CHILD index=2 mig=fafc828a exit=0 text=3fd8649867d4bb41 role=child prefix_tokens=16321 suffix_tokens=16 model_ms=1182.7 context_ms=36.6 state_ms=7.37 prefix_ms=0.0 suffix_ms=391.9 first_token_ms=1901.4 generation_ms=14005.1 generated=64 generation_tps=4.570
CHILD index=3 mig=31ffbfe4 exit=0 text=3fd8649867d4bb41 role=child prefix_tokens=16321 suffix_tokens=16 model_ms=1037.9 context_ms=38.1 state_ms=7.46 prefix_ms=0.0 suffix_ms=295.9 first_token_ms=1634.9 generation_ms=19370.1 generated=64 generation_tps=3.304
CHILD index=4 mig=fafc828a exit=0 text=3e0fd62f5aa50665 role=child prefix_tokens=16321 suffix_tokens=16 model_ms=1131.8 context_ms=40.9 state_ms=7.40 prefix_ms=0.0 suffix_ms=477.9 first_token_ms=1935.1 generation_ms=13979.7 generated=64 generation_tps=4.578
CHILD index=5 mig=31ffbfe4 exit=0 text=3fd8649867d4bb41 role=child prefix_tokens=16321 suffix_tokens=16 model_ms=1012.7 context_ms=40.0 state_ms=7.68 prefix_ms=0.0 suffix_ms=320.2 first_token_ms=1661.4 generation_ms=19380.1 generated=64 generation_tps=3.302
CHILD index=6 mig=fafc828a exit=0 text=4a8f18b77dbe0332 role=child prefix_tokens=16321 suffix_tokens=16 model_ms=1152.8 context_ms=43.7 state_ms=7.38 prefix_ms=0.0 suffix_ms=376.7 first_token_ms=1849.8 generation_ms=14040.6 generated=64 generation_tps=4.558
CHILD index=7 mig=31ffbfe4 exit=0 text=4a8f18b77dbe0332 role=child prefix_tokens=16321 suffix_tokens=16 model_ms=1135.1 context_ms=38.0 state_ms=7.46 prefix_ms=0.0 suffix_ms=463.9 first_token_ms=1926.2 generation_ms=19220.7 generated=64 generation_tps=3.330
MEMORY mem_available_drop_mib=5835 prefix_pss_mib=940 prefix_rss_mib=7140 file_mib=896
END_CASE failed=0 timed_out=0 children_wall_ms=21706
CASE config=mig mode=copy children=8
PARENT mig=fafc828a exit=0 text=c646470e58f73411 prefix_tokens=16321 prefix_ms=19777.4 publish_ms=551.43 state_bytes=936173269 suffix_tokens=13 model_ms=584.1 context_ms=59.6 suffix_ms=64.5 first_token_ms=21188.9 generation_ms=8351.8 generated=64 generation_tps=7.663
CHILD index=0 mig=fafc828a exit=0 text=d42c4c07975a6446 role=child prefix_tokens=16321 suffix_tokens=16 model_ms=1102.4 context_ms=68.8 state_ms=370.78 prefix_ms=0.0 suffix_ms=250.5 first_token_ms=2025.1 generation_ms=13717.9 generated=64 generation_tps=4.665
CHILD index=1 mig=31ffbfe4 exit=0 text=3fd8649867d4bb41 role=child prefix_tokens=16321 suffix_tokens=16 model_ms=1127.1 context_ms=158.0 state_ms=408.10 prefix_ms=0.0 suffix_ms=426.4 first_token_ms=2411.2 generation_ms=18756.9 generated=64 generation_tps=3.412
CHILD index=2 mig=fafc828a exit=0 text=3fd8649867d4bb41 role=child prefix_tokens=16321 suffix_tokens=16 model_ms=1199.7 context_ms=192.2 state_ms=356.37 prefix_ms=0.0 suffix_ms=400.1 first_token_ms=2415.5 generation_ms=13619.8 generated=64 generation_tps=4.699
CHILD index=3 mig=31ffbfe4 exit=0 text=3fd8649867d4bb41 role=child prefix_tokens=16321 suffix_tokens=16 model_ms=1164.2 context_ms=198.6 state_ms=321.28 prefix_ms=0.0 suffix_ms=432.6 first_token_ms=2411.3 generation_ms=18704.5 generated=64 generation_tps=3.422
CHILD index=4 mig=fafc828a exit=0 text=3e0fd62f5aa50665 role=child prefix_tokens=16321 suffix_tokens=16 model_ms=1122.2 context_ms=165.0 state_ms=402.75 prefix_ms=0.0 suffix_ms=343.0 first_token_ms=2325.8 generation_ms=13652.6 generated=64 generation_tps=4.688
CHILD index=5 mig=31ffbfe4 exit=0 text=3fd8649867d4bb41 role=child prefix_tokens=16321 suffix_tokens=16 model_ms=1160.5 context_ms=207.6 state_ms=307.35 prefix_ms=0.0 suffix_ms=407.8 first_token_ms=2379.6 generation_ms=18781.9 generated=64 generation_tps=3.408
CHILD index=6 mig=fafc828a exit=0 text=4a8f18b77dbe0332 role=child prefix_tokens=16321 suffix_tokens=16 model_ms=1136.4 context_ms=184.8 state_ms=362.98 prefix_ms=0.0 suffix_ms=384.2 first_token_ms=2359.5 generation_ms=13651.3 generated=64 generation_tps=4.688
CHILD index=7 mig=31ffbfe4 exit=0 text=4a8f18b77dbe0332 role=child prefix_tokens=16321 suffix_tokens=16 model_ms=1163.6 context_ms=185.0 state_ms=332.12 prefix_ms=0.0 suffix_ms=435.5 first_token_ms=2402.3 generation_ms=18750.5 generated=64 generation_tps=3.413
MEMORY mem_available_drop_mib=20244 prefix_pss_mib=0 prefix_rss_mib=0 file_mib=0
END_CASE failed=0 timed_out=0 children_wall_ms=21773
CASE config=mps mode=extent children=8
PARENT mig=fafc828a exit=0 text=c646470e58f73411 prefix_tokens=16321 prefix_ms=19863.5 publish_ms=11.41 state_bytes=261845 suffix_tokens=13 model_ms=575.1 context_ms=36.5 suffix_ms=59.2 first_token_ms=20815.8 generation_ms=12993.5 generated=64 generation_tps=4.926
CHILD index=0 mig=fafc828a exit=0 text=d42c4c07975a6446 role=child prefix_tokens=16321 suffix_tokens=16 model_ms=984.9 context_ms=45.3 state_ms=7.87 prefix_ms=0.0 suffix_ms=443.8 first_token_ms=1824.2 generation_ms=21353.3 generated=64 generation_tps=2.997
CHILD index=1 mig=fafc828a exit=0 text=3fd8649867d4bb41 role=child prefix_tokens=16321 suffix_tokens=16 model_ms=1061.3 context_ms=38.3 state_ms=7.29 prefix_ms=0.0 suffix_ms=524.8 first_token_ms=1988.0 generation_ms=21267.1 generated=64 generation_tps=3.009
CHILD index=2 mig=fafc828a exit=0 text=3fd8649867d4bb41 role=child prefix_tokens=16321 suffix_tokens=16 model_ms=1071.3 context_ms=43.6 state_ms=7.71 prefix_ms=0.0 suffix_ms=557.0 first_token_ms=2028.8 generation_ms=21247.5 generated=64 generation_tps=3.012
CHILD index=3 mig=fafc828a exit=0 text=3fd8649867d4bb41 role=child prefix_tokens=16321 suffix_tokens=16 model_ms=1071.5 context_ms=42.1 state_ms=7.46 prefix_ms=0.0 suffix_ms=582.3 first_token_ms=2048.9 generation_ms=21230.6 generated=64 generation_tps=3.015
CHILD index=4 mig=fafc828a exit=0 text=3e0fd62f5aa50665 role=child prefix_tokens=16321 suffix_tokens=16 model_ms=1063.0 context_ms=72.8 state_ms=7.51 prefix_ms=0.0 suffix_ms=543.4 first_token_ms=2011.9 generation_ms=21256.4 generated=64 generation_tps=3.011
CHILD index=5 mig=fafc828a exit=0 text=3e0fd62f5aa50665 role=child prefix_tokens=16321 suffix_tokens=16 model_ms=1001.7 context_ms=42.5 state_ms=7.72 prefix_ms=0.0 suffix_ms=475.3 first_token_ms=1852.3 generation_ms=21298.8 generated=64 generation_tps=3.005
CHILD index=6 mig=fafc828a exit=0 text=4a8f18b77dbe0332 role=child prefix_tokens=16321 suffix_tokens=16 model_ms=980.2 context_ms=39.8 state_ms=7.36 prefix_ms=0.0 suffix_ms=431.2 first_token_ms=1785.5 generation_ms=21295.0 generated=64 generation_tps=3.005
CHILD index=7 mig=fafc828a exit=0 text=4a8f18b77dbe0332 role=child prefix_tokens=16321 suffix_tokens=16 model_ms=1001.3 context_ms=40.6 state_ms=7.47 prefix_ms=0.0 suffix_ms=475.3 first_token_ms=1852.8 generation_ms=21333.0 generated=64 generation_tps=3.000
MEMORY mem_available_drop_mib=5848 prefix_pss_mib=892 prefix_rss_mib=7140 file_mib=896
END_CASE failed=0 timed_out=0 children_wall_ms=23841
CASE config=mps mode=copy children=8
PARENT mig=fafc828a exit=0 text=c646470e58f73411 prefix_tokens=16321 prefix_ms=19785.6 publish_ms=555.55 state_bytes=936173269 suffix_tokens=13 model_ms=568.8 context_ms=59.9 suffix_ms=63.5 first_token_ms=21156.6 generation_ms=12339.3 generated=64 generation_tps=5.187
CHILD index=0 mig=fafc828a exit=0 text=d42c4c07975a6446 role=child prefix_tokens=16321 suffix_tokens=16 model_ms=1042.0 context_ms=126.2 state_ms=433.25 prefix_ms=0.0 suffix_ms=564.3 first_token_ms=2454.6 generation_ms=21231.1 generated=64 generation_tps=3.014
CHILD index=1 mig=fafc828a exit=0 text=3fd8649867d4bb41 role=child prefix_tokens=16321 suffix_tokens=16 model_ms=1045.7 context_ms=120.0 state_ms=446.40 prefix_ms=0.0 suffix_ms=564.2 first_token_ms=2456.8 generation_ms=21277.1 generated=64 generation_tps=3.008
CHILD index=2 mig=fafc828a exit=0 text=3fd8649867d4bb41 role=child prefix_tokens=16321 suffix_tokens=16 model_ms=788.8 context_ms=58.6 state_ms=256.01 prefix_ms=0.0 suffix_ms=364.8 first_token_ms=1696.1 generation_ms=20773.0 generated=64 generation_tps=3.081
CHILD index=3 mig=fafc828a exit=0 text=3fd8649867d4bb41 role=child prefix_tokens=16321 suffix_tokens=16 model_ms=1036.1 context_ms=137.2 state_ms=422.40 prefix_ms=0.0 suffix_ms=552.5 first_token_ms=2439.2 generation_ms=21265.4 generated=64 generation_tps=3.010
CHILD index=4 mig=fafc828a exit=0 text=3e0fd62f5aa50665 role=child prefix_tokens=16321 suffix_tokens=16 model_ms=951.9 context_ms=153.6 state_ms=485.49 prefix_ms=0.0 suffix_ms=573.3 first_token_ms=2456.5 generation_ms=21274.3 generated=64 generation_tps=3.008
CHILD index=5 mig=fafc828a exit=0 text=3e0fd62f5aa50665 role=child prefix_tokens=16321 suffix_tokens=16 model_ms=945.4 context_ms=155.2 state_ms=484.08 prefix_ms=0.0 suffix_ms=568.7 first_token_ms=2446.4 generation_ms=21240.3 generated=64 generation_tps=3.013
CHILD index=6 mig=fafc828a exit=0 text=4a8f18b77dbe0332 role=child prefix_tokens=16321 suffix_tokens=16 model_ms=1028.9 context_ms=127.5 state_ms=431.23 prefix_ms=0.0 suffix_ms=552.2 first_token_ms=2431.3 generation_ms=21277.3 generated=64 generation_tps=3.008
CHILD index=7 mig=fafc828a exit=0 text=4a8f18b77dbe0332 role=child prefix_tokens=16321 suffix_tokens=16 model_ms=996.4 context_ms=120.6 state_ms=480.42 prefix_ms=0.0 suffix_ms=564.0 first_token_ms=2439.8 generation_ms=21240.7 generated=64 generation_tps=3.013
MEMORY mem_available_drop_mib=20199 prefix_pss_mib=0 prefix_rss_mib=0 file_mib=0
END_CASE failed=0 timed_out=0 children_wall_ms=24406
CASE config=timeslice mode=extent children=8
PARENT mig=fafc828a exit=0 text=c646470e58f73411 prefix_tokens=16321 prefix_ms=19854.5 publish_ms=11.68 state_bytes=261845 suffix_tokens=13 model_ms=583.8 context_ms=37.2 suffix_ms=63.8 first_token_ms=20692.0 generation_ms=14271.8 generated=64 generation_tps=4.484
CHILD index=0 mig=fafc828a exit=0 text=d42c4c07975a6446 role=child prefix_tokens=16321 suffix_tokens=16 model_ms=1097.9 context_ms=36.9 state_ms=7.48 prefix_ms=0.0 suffix_ms=192.3 first_token_ms=1556.2 generation_ms=23965.2 generated=64 generation_tps=2.671
CHILD index=1 mig=fafc828a exit=0 text=3fd8649867d4bb41 role=child prefix_tokens=16321 suffix_tokens=16 model_ms=1125.6 context_ms=37.2 state_ms=7.53 prefix_ms=0.0 suffix_ms=488.7 first_token_ms=1944.3 generation_ms=23978.4 generated=64 generation_tps=2.669
CHILD index=2 mig=fafc828a exit=0 text=3fd8649867d4bb41 role=child prefix_tokens=16321 suffix_tokens=16 model_ms=1135.1 context_ms=36.7 state_ms=7.34 prefix_ms=0.0 suffix_ms=510.3 first_token_ms=1978.0 generation_ms=23966.8 generated=64 generation_tps=2.670
CHILD index=3 mig=fafc828a exit=0 text=3fd8649867d4bb41 role=child prefix_tokens=16321 suffix_tokens=16 model_ms=1210.1 context_ms=39.7 state_ms=7.52 prefix_ms=0.0 suffix_ms=641.9 first_token_ms=2179.0 generation_ms=23902.8 generated=64 generation_tps=2.678
CHILD index=4 mig=fafc828a exit=0 text=3e0fd62f5aa50665 role=child prefix_tokens=16321 suffix_tokens=16 model_ms=1220.3 context_ms=41.0 state_ms=7.62 prefix_ms=0.0 suffix_ms=638.5 first_token_ms=2177.8 generation_ms=23913.8 generated=64 generation_tps=2.676
CHILD index=5 mig=fafc828a exit=0 text=3e0fd62f5aa50665 role=child prefix_tokens=16321 suffix_tokens=16 model_ms=1175.2 context_ms=39.8 state_ms=7.37 prefix_ms=0.0 suffix_ms=553.8 first_token_ms=2064.2 generation_ms=23944.5 generated=64 generation_tps=2.673
CHILD index=6 mig=fafc828a exit=0 text=4a8f18b77dbe0332 role=child prefix_tokens=16321 suffix_tokens=16 model_ms=1223.4 context_ms=41.5 state_ms=7.65 prefix_ms=0.0 suffix_ms=681.3 first_token_ms=2235.4 generation_ms=23854.4 generated=64 generation_tps=2.683
CHILD index=7 mig=fafc828a exit=0 text=4a8f18b77dbe0332 role=child prefix_tokens=16321 suffix_tokens=16 model_ms=1166.6 context_ms=37.7 state_ms=7.55 prefix_ms=0.0 suffix_ms=625.6 first_token_ms=2122.1 generation_ms=23929.4 generated=64 generation_tps=2.675
MEMORY mem_available_drop_mib=5904 prefix_pss_mib=892 prefix_rss_mib=7140 file_mib=896
END_CASE failed=0 timed_out=0 children_wall_ms=26650
CASE config=timeslice mode=copy children=8
PARENT mig=fafc828a exit=0 text=c646470e58f73411 prefix_tokens=16321 prefix_ms=19779.8 publish_ms=567.22 state_bytes=936173269 suffix_tokens=13 model_ms=605.9 context_ms=60.2 suffix_ms=63.5 first_token_ms=21214.1 generation_ms=12890.7 generated=64 generation_tps=4.965
CHILD index=0 mig=fafc828a exit=0 text=d42c4c07975a6446 role=child prefix_tokens=16321 suffix_tokens=16 model_ms=1000.2 context_ms=69.9 state_ms=306.21 prefix_ms=0.0 suffix_ms=326.1 first_token_ms=1931.6 generation_ms=23655.2 generated=64 generation_tps=2.706
CHILD index=1 mig=fafc828a exit=0 text=3fd8649867d4bb41 role=child prefix_tokens=16321 suffix_tokens=16 model_ms=1181.1 context_ms=220.5 state_ms=412.71 prefix_ms=0.0 suffix_ms=636.5 first_token_ms=2723.3 generation_ms=23862.2 generated=64 generation_tps=2.682
CHILD index=2 mig=fafc828a exit=0 text=3fd8649867d4bb41 role=child prefix_tokens=16321 suffix_tokens=16 model_ms=1234.0 context_ms=138.3 state_ms=391.46 prefix_ms=0.0 suffix_ms=633.9 first_token_ms=2678.7 generation_ms=23902.0 generated=64 generation_tps=2.678
CHILD index=3 mig=fafc828a exit=0 text=3fd8649867d4bb41 role=child prefix_tokens=16321 suffix_tokens=16 model_ms=1246.2 context_ms=142.9 state_ms=400.26 prefix_ms=0.0 suffix_ms=623.6 first_token_ms=2685.8 generation_ms=23894.5 generated=64 generation_tps=2.678
CHILD index=4 mig=fafc828a exit=0 text=3e0fd62f5aa50665 role=child prefix_tokens=16321 suffix_tokens=16 model_ms=1150.6 context_ms=197.3 state_ms=397.16 prefix_ms=0.0 suffix_ms=617.2 first_token_ms=2655.9 generation_ms=23884.2 generated=64 generation_tps=2.680
CHILD index=5 mig=fafc828a exit=0 text=3e0fd62f5aa50665 role=child prefix_tokens=16321 suffix_tokens=16 model_ms=1229.3 context_ms=153.9 state_ms=398.77 prefix_ms=0.0 suffix_ms=620.0 first_token_ms=2691.9 generation_ms=23892.2 generated=64 generation_tps=2.679
CHILD index=6 mig=fafc828a exit=0 text=4a8f18b77dbe0332 role=child prefix_tokens=16321 suffix_tokens=16 model_ms=1217.9 context_ms=163.3 state_ms=399.91 prefix_ms=0.0 suffix_ms=636.9 first_token_ms=2708.6 generation_ms=23871.3 generated=64 generation_tps=2.681
CHILD index=7 mig=fafc828a exit=0 text=4a8f18b77dbe0332 role=child prefix_tokens=16321 suffix_tokens=16 model_ms=1143.3 context_ms=148.0 state_ms=434.81 prefix_ms=0.0 suffix_ms=595.7 first_token_ms=2602.5 generation_ms=23893.3 generated=64 generation_tps=2.679
MEMORY mem_available_drop_mib=20296 prefix_pss_mib=0 prefix_rss_mib=0 file_mib=0
END_CASE failed=0 timed_out=0 children_wall_ms=27277
END_KVMPS
BEGIN_KVMPS run=5 paragraphs=320 context=32768
REFERENCE who=0 mig=fafc828a text=d42c4c07975a6446
REFERENCE who=1 mig=fafc828a text=3fd8649867d4bb41
REFERENCE who=1 mig=31ffbfe4 text=3fd8649867d4bb41
REFERENCE who=2 mig=fafc828a text=3fd8649867d4bb41
REFERENCE who=3 mig=fafc828a text=3fd8649867d4bb41
REFERENCE who=3 mig=31ffbfe4 text=3e0fd62f5aa50665
REFERENCE who=4 mig=fafc828a text=3e0fd62f5aa50665
REFERENCE who=5 mig=fafc828a text=3e0fd62f5aa50665
REFERENCE who=5 mig=31ffbfe4 text=45d93d75d8c246b5
REFERENCE who=6 mig=fafc828a text=4a8f18b77dbe0332
REFERENCE who=7 mig=fafc828a text=4a8f18b77dbe0332
REFERENCE who=7 mig=31ffbfe4 text=4a8f18b77dbe0332
CASE config=timeslice mode=copy children=8
PARENT mig=fafc828a exit=0 text=c646470e58f73411 prefix_tokens=16321 prefix_ms=19766.4 publish_ms=540.80 state_bytes=936173269 suffix_tokens=13 model_ms=603.1 context_ms=59.7 suffix_ms=64.2 first_token_ms=21196.9 generation_ms=14669.0 generated=64 generation_tps=4.363
CHILD index=0 mig=fafc828a exit=0 text=d42c4c07975a6446 role=child prefix_tokens=16321 suffix_tokens=16 model_ms=733.2 context_ms=73.3 state_ms=275.60 prefix_ms=0.0 suffix_ms=204.9 first_token_ms=1502.3 generation_ms=23362.8 generated=64 generation_tps=2.739
CHILD index=1 mig=fafc828a exit=0 text=3fd8649867d4bb41 role=child prefix_tokens=16321 suffix_tokens=16 model_ms=1146.7 context_ms=99.4 state_ms=472.06 prefix_ms=0.0 suffix_ms=592.0 first_token_ms=2560.1 generation_ms=23931.6 generated=64 generation_tps=2.674
CHILD index=2 mig=fafc828a exit=0 text=3fd8649867d4bb41 role=child prefix_tokens=16321 suffix_tokens=16 model_ms=1220.7 context_ms=126.0 state_ms=401.60 prefix_ms=0.0 suffix_ms=665.3 first_token_ms=2710.0 generation_ms=23926.8 generated=64 generation_tps=2.675
CHILD index=3 mig=fafc828a exit=0 text=3fd8649867d4bb41 role=child prefix_tokens=16321 suffix_tokens=16 model_ms=1113.8 context_ms=108.4 state_ms=444.26 prefix_ms=0.0 suffix_ms=606.7 first_token_ms=2559.2 generation_ms=23986.4 generated=64 generation_tps=2.668
CHILD index=4 mig=fafc828a exit=0 text=3e0fd62f5aa50665 role=child prefix_tokens=16321 suffix_tokens=16 model_ms=1176.8 context_ms=128.1 state_ms=407.65 prefix_ms=0.0 suffix_ms=637.1 first_token_ms=2626.6 generation_ms=23978.7 generated=64 generation_tps=2.669
CHILD index=5 mig=fafc828a exit=0 text=3e0fd62f5aa50665 role=child prefix_tokens=16321 suffix_tokens=16 model_ms=1185.9 context_ms=120.4 state_ms=405.51 prefix_ms=0.0 suffix_ms=620.2 first_token_ms=2626.6 generation_ms=23981.3 generated=64 generation_tps=2.669
CHILD index=6 mig=fafc828a exit=0 text=4a8f18b77dbe0332 role=child prefix_tokens=16321 suffix_tokens=16 model_ms=1123.0 context_ms=119.3 state_ms=425.76 prefix_ms=0.0 suffix_ms=606.4 first_token_ms=2564.7 generation_ms=23996.7 generated=64 generation_tps=2.667
CHILD index=7 mig=fafc828a exit=0 text=4a8f18b77dbe0332 role=child prefix_tokens=16321 suffix_tokens=16 model_ms=1200.9 context_ms=137.2 state_ms=408.76 prefix_ms=0.0 suffix_ms=641.8 first_token_ms=2664.9 generation_ms=23947.7 generated=64 generation_tps=2.672
MEMORY mem_available_drop_mib=20277 prefix_pss_mib=0 prefix_rss_mib=0 file_mib=0
END_CASE failed=0 timed_out=0 children_wall_ms=27297
CASE config=timeslice mode=extent children=8
PARENT mig=fafc828a exit=0 text=c646470e58f73411 prefix_tokens=16321 prefix_ms=19814.5 publish_ms=11.69 state_bytes=261845 suffix_tokens=13 model_ms=586.1 context_ms=37.0 suffix_ms=63.8 first_token_ms=20660.7 generation_ms=13423.3 generated=64 generation_tps=4.768
CHILD index=0 mig=fafc828a exit=0 text=d42c4c07975a6446 role=child prefix_tokens=16321 suffix_tokens=16 model_ms=1279.9 context_ms=39.2 state_ms=7.45 prefix_ms=0.0 suffix_ms=667.8 first_token_ms=2289.3 generation_ms=23796.6 generated=64 generation_tps=2.689
CHILD index=1 mig=fafc828a exit=0 text=3fd8649867d4bb41 role=child prefix_tokens=16321 suffix_tokens=16 model_ms=1256.1 context_ms=71.3 state_ms=43.79 prefix_ms=0.0 suffix_ms=668.4 first_token_ms=2326.2 generation_ms=23743.0 generated=64 generation_tps=2.696
CHILD index=2 mig=fafc828a exit=0 text=3fd8649867d4bb41 role=child prefix_tokens=16321 suffix_tokens=16 model_ms=1190.9 context_ms=41.1 state_ms=7.33 prefix_ms=0.0 suffix_ms=372.0 first_token_ms=1884.8 generation_ms=23924.6 generated=64 generation_tps=2.675
CHILD index=3 mig=fafc828a exit=0 text=3fd8649867d4bb41 role=child prefix_tokens=16321 suffix_tokens=16 model_ms=1234.4 context_ms=49.5 state_ms=7.34 prefix_ms=0.0 suffix_ms=711.1 first_token_ms=2298.9 generation_ms=23783.3 generated=64 generation_tps=2.691
CHILD index=4 mig=fafc828a exit=0 text=3e0fd62f5aa50665 role=child prefix_tokens=16321 suffix_tokens=16 model_ms=1230.8 context_ms=48.4 state_ms=7.69 prefix_ms=0.0 suffix_ms=731.3 first_token_ms=2313.5 generation_ms=23776.8 generated=64 generation_tps=2.692
CHILD index=5 mig=fafc828a exit=0 text=3e0fd62f5aa50665 role=child prefix_tokens=16321 suffix_tokens=16 model_ms=1237.4 context_ms=48.3 state_ms=7.43 prefix_ms=0.0 suffix_ms=645.1 first_token_ms=2229.6 generation_ms=23790.8 generated=64 generation_tps=2.690
CHILD index=6 mig=fafc828a exit=0 text=4a8f18b77dbe0332 role=child prefix_tokens=16321 suffix_tokens=16 model_ms=1155.0 context_ms=39.1 state_ms=7.51 prefix_ms=0.0 suffix_ms=330.5 first_token_ms=1811.4 generation_ms=23983.8 generated=64 generation_tps=2.668
CHILD index=7 mig=fafc828a exit=0 text=4a8f18b77dbe0332 role=child prefix_tokens=16321 suffix_tokens=16 model_ms=1152.6 context_ms=42.0 state_ms=7.40 prefix_ms=0.0 suffix_ms=369.7 first_token_ms=1864.9 generation_ms=23961.8 generated=64 generation_tps=2.671
MEMORY mem_available_drop_mib=5863 prefix_pss_mib=892 prefix_rss_mib=7140 file_mib=896
END_CASE failed=0 timed_out=0 children_wall_ms=26661
CASE config=mps mode=copy children=8
PARENT mig=fafc828a exit=0 text=c646470e58f73411 prefix_tokens=16321 prefix_ms=19787.3 publish_ms=554.21 state_bytes=936173269 suffix_tokens=13 model_ms=604.1 context_ms=59.8 suffix_ms=59.7 first_token_ms=21339.9 generation_ms=11615.3 generated=64 generation_tps=5.510
CHILD index=0 mig=fafc828a exit=0 text=d42c4c07975a6446 role=child prefix_tokens=16321 suffix_tokens=16 model_ms=971.2 context_ms=60.3 state_ms=347.38 prefix_ms=0.0 suffix_ms=285.0 first_token_ms=2021.3 generation_ms=21180.2 generated=64 generation_tps=3.022
CHILD index=1 mig=fafc828a exit=0 text=3fd8649867d4bb41 role=child prefix_tokens=16321 suffix_tokens=16 model_ms=1067.5 context_ms=158.2 state_ms=310.30 prefix_ms=0.0 suffix_ms=536.2 first_token_ms=2444.7 generation_ms=21300.9 generated=64 generation_tps=3.005
CHILD index=2 mig=fafc828a exit=0 text=3fd8649867d4bb41 role=child prefix_tokens=16321 suffix_tokens=16 model_ms=1105.7 context_ms=176.8 state_ms=287.33 prefix_ms=0.0 suffix_ms=539.3 first_token_ms=2480.4 generation_ms=21281.2 generated=64 generation_tps=3.007
CHILD index=3 mig=fafc828a exit=0 text=3fd8649867d4bb41 role=child prefix_tokens=16321 suffix_tokens=16 model_ms=1009.5 context_ms=72.7 state_ms=449.95 prefix_ms=0.0 suffix_ms=545.8 first_token_ms=2449.9 generation_ms=21275.6 generated=64 generation_tps=3.008
CHILD index=4 mig=fafc828a exit=0 text=3e0fd62f5aa50665 role=child prefix_tokens=16321 suffix_tokens=16 model_ms=1109.4 context_ms=143.0 state_ms=298.09 prefix_ms=0.0 suffix_ms=546.9 first_token_ms=2461.2 generation_ms=21302.3 generated=64 generation_tps=3.004
CHILD index=5 mig=fafc828a exit=0 text=3e0fd62f5aa50665 role=child prefix_tokens=16321 suffix_tokens=16 model_ms=1087.1 context_ms=155.3 state_ms=288.13 prefix_ms=0.0 suffix_ms=545.6 first_token_ms=2454.9 generation_ms=21290.5 generated=64 generation_tps=3.006
CHILD index=6 mig=fafc828a exit=0 text=4a8f18b77dbe0332 role=child prefix_tokens=16321 suffix_tokens=16 model_ms=1082.8 context_ms=181.6 state_ms=290.97 prefix_ms=0.0 suffix_ms=560.9 first_token_ms=2483.7 generation_ms=21277.9 generated=64 generation_tps=3.008
CHILD index=7 mig=fafc828a exit=0 text=4a8f18b77dbe0332 role=child prefix_tokens=16321 suffix_tokens=16 model_ms=1070.7 context_ms=165.6 state_ms=292.04 prefix_ms=0.0 suffix_ms=545.8 first_token_ms=2436.9 generation_ms=21284.7 generated=64 generation_tps=3.007
MEMORY mem_available_drop_mib=20180 prefix_pss_mib=0 prefix_rss_mib=0 file_mib=0
END_CASE failed=0 timed_out=0 children_wall_ms=24449
CASE config=mps mode=extent children=8
PARENT mig=fafc828a exit=0 text=c646470e58f73411 prefix_tokens=16321 prefix_ms=19846.7 publish_ms=11.25 state_bytes=261845 suffix_tokens=13 model_ms=563.7 context_ms=36.0 suffix_ms=64.6 first_token_ms=20668.4 generation_ms=13523.1 generated=64 generation_tps=4.733
CHILD index=0 mig=fafc828a exit=0 text=d42c4c07975a6446 role=child prefix_tokens=16321 suffix_tokens=16 model_ms=1001.8 context_ms=36.5 state_ms=7.57 prefix_ms=0.0 suffix_ms=514.6 first_token_ms=1784.9 generation_ms=21397.3 generated=64 generation_tps=2.991
CHILD index=1 mig=fafc828a exit=0 text=3fd8649867d4bb41 role=child prefix_tokens=16321 suffix_tokens=16 model_ms=1066.7 context_ms=78.5 state_ms=7.36 prefix_ms=0.0 suffix_ms=567.1 first_token_ms=1974.9 generation_ms=21317.0 generated=64 generation_tps=3.002
CHILD index=2 mig=fafc828a exit=0 text=3fd8649867d4bb41 role=child prefix_tokens=16321 suffix_tokens=16 model_ms=1010.4 context_ms=50.2 state_ms=7.47 prefix_ms=0.0 suffix_ms=588.1 first_token_ms=1939.3 generation_ms=21340.9 generated=64 generation_tps=2.999
CHILD index=3 mig=fafc828a exit=0 text=3fd8649867d4bb41 role=child prefix_tokens=16321 suffix_tokens=16 model_ms=1003.5 context_ms=52.1 state_ms=7.50 prefix_ms=0.0 suffix_ms=520.7 first_token_ms=1868.7 generation_ms=21370.9 generated=64 generation_tps=2.995
CHILD index=4 mig=fafc828a exit=0 text=3e0fd62f5aa50665 role=child prefix_tokens=16321 suffix_tokens=16 model_ms=980.5 context_ms=40.5 state_ms=7.47 prefix_ms=0.0 suffix_ms=503.2 first_token_ms=1822.7 generation_ms=21384.5 generated=64 generation_tps=2.993
CHILD index=5 mig=fafc828a exit=0 text=3e0fd62f5aa50665 role=child prefix_tokens=16321 suffix_tokens=16 model_ms=971.2 context_ms=43.2 state_ms=9.35 prefix_ms=0.0 suffix_ms=503.6 first_token_ms=1815.7 generation_ms=21363.2 generated=64 generation_tps=2.996
CHILD index=6 mig=fafc828a exit=0 text=4a8f18b77dbe0332 role=child prefix_tokens=16321 suffix_tokens=16 model_ms=1028.1 context_ms=45.4 state_ms=7.45 prefix_ms=0.0 suffix_ms=532.4 first_token_ms=1897.8 generation_ms=21360.7 generated=64 generation_tps=2.996
CHILD index=7 mig=fafc828a exit=0 text=4a8f18b77dbe0332 role=child prefix_tokens=16321 suffix_tokens=16 model_ms=983.9 context_ms=43.7 state_ms=7.54 prefix_ms=0.0 suffix_ms=500.9 first_token_ms=1823.0 generation_ms=21398.5 generated=64 generation_tps=2.991
MEMORY mem_available_drop_mib=5848 prefix_pss_mib=991 prefix_rss_mib=7140 file_mib=896
END_CASE failed=0 timed_out=0 children_wall_ms=23928
CASE config=mig mode=copy children=8
PARENT mig=fafc828a exit=0 text=c646470e58f73411 prefix_tokens=16321 prefix_ms=19781.7 publish_ms=555.99 state_bytes=936173269 suffix_tokens=13 model_ms=606.8 context_ms=62.4 suffix_ms=64.0 first_token_ms=21228.2 generation_ms=9465.9 generated=64 generation_tps=6.761
CHILD index=0 mig=fafc828a exit=0 text=d42c4c07975a6446 role=child prefix_tokens=16321 suffix_tokens=16 model_ms=844.4 context_ms=62.6 state_ms=278.85 prefix_ms=0.0 suffix_ms=256.8 first_token_ms=1602.9 generation_ms=13810.1 generated=64 generation_tps=4.634
CHILD index=1 mig=31ffbfe4 exit=0 text=3fd8649867d4bb41 role=child prefix_tokens=16321 suffix_tokens=16 model_ms=1157.5 context_ms=164.6 state_ms=290.00 prefix_ms=0.0 suffix_ms=468.6 first_token_ms=2358.3 generation_ms=18694.1 generated=64 generation_tps=3.424
CHILD index=2 mig=fafc828a exit=0 text=3fd8649867d4bb41 role=child prefix_tokens=16321 suffix_tokens=16 model_ms=1031.4 context_ms=68.5 state_ms=434.51 prefix_ms=0.0 suffix_ms=342.3 first_token_ms=2129.6 generation_ms=13825.5 generated=64 generation_tps=4.629
CHILD index=3 mig=31ffbfe4 exit=0 text=3fd8649867d4bb41 role=child prefix_tokens=16321 suffix_tokens=16 model_ms=1157.3 context_ms=145.6 state_ms=289.50 prefix_ms=0.0 suffix_ms=460.3 first_token_ms=2335.9 generation_ms=18717.3 generated=64 generation_tps=3.419
CHILD index=4 mig=fafc828a exit=0 text=3e0fd62f5aa50665 role=child prefix_tokens=16321 suffix_tokens=16 model_ms=1195.8 context_ms=138.0 state_ms=375.19 prefix_ms=0.0 suffix_ms=428.4 first_token_ms=2418.9 generation_ms=13654.8 generated=64 generation_tps=4.687
CHILD index=5 mig=31ffbfe4 exit=0 text=3fd8649867d4bb41 role=child prefix_tokens=16321 suffix_tokens=16 model_ms=1147.2 context_ms=160.0 state_ms=292.12 prefix_ms=0.0 suffix_ms=448.8 first_token_ms=2328.0 generation_ms=18738.2 generated=64 generation_tps=3.415
CHILD index=6 mig=fafc828a exit=0 text=4a8f18b77dbe0332 role=child prefix_tokens=16321 suffix_tokens=16 model_ms=1125.1 context_ms=156.9 state_ms=356.38 prefix_ms=0.0 suffix_ms=420.1 first_token_ms=2326.4 generation_ms=13712.6 generated=64 generation_tps=4.667
CHILD index=7 mig=31ffbfe4 exit=0 text=4a8f18b77dbe0332 role=child prefix_tokens=16321 suffix_tokens=16 model_ms=1117.1 context_ms=144.8 state_ms=277.85 prefix_ms=0.0 suffix_ms=264.4 first_token_ms=2084.4 generation_ms=18747.5 generated=64 generation_tps=3.414
MEMORY mem_available_drop_mib=20211 prefix_pss_mib=0 prefix_rss_mib=0 file_mib=0
END_CASE failed=0 timed_out=0 children_wall_ms=21628
CASE config=mig mode=extent children=8
PARENT mig=fafc828a exit=0 text=c646470e58f73411 prefix_tokens=16321 prefix_ms=19870.1 publish_ms=11.65 state_bytes=261845 suffix_tokens=13 model_ms=588.7 context_ms=36.8 suffix_ms=63.9 first_token_ms=20723.6 generation_ms=9150.4 generated=64 generation_tps=6.994
CHILD index=0 mig=fafc828a exit=0 text=d42c4c07975a6446 role=child prefix_tokens=16321 suffix_tokens=16 model_ms=1144.7 context_ms=39.4 state_ms=7.48 prefix_ms=0.0 suffix_ms=275.7 first_token_ms=1702.6 generation_ms=14123.4 generated=64 generation_tps=4.531
CHILD index=1 mig=31ffbfe4 exit=0 text=3fd8649867d4bb41 role=child prefix_tokens=16321 suffix_tokens=16 model_ms=1186.6 context_ms=43.5 state_ms=7.43 prefix_ms=0.0 suffix_ms=433.5 first_token_ms=1948.0 generation_ms=19340.7 generated=64 generation_tps=3.309
CHILD index=2 mig=fafc828a exit=0 text=3fd8649867d4bb41 role=child prefix_tokens=16321 suffix_tokens=16 model_ms=1149.0 context_ms=42.0 state_ms=7.42 prefix_ms=0.0 suffix_ms=336.7 first_token_ms=1785.2 generation_ms=14066.7 generated=64 generation_tps=4.550
CHILD index=3 mig=31ffbfe4 exit=0 text=3fd8649867d4bb41 role=child prefix_tokens=16321 suffix_tokens=16 model_ms=1174.6 context_ms=40.8 state_ms=7.43 prefix_ms=0.0 suffix_ms=424.2 first_token_ms=1934.7 generation_ms=19341.3 generated=64 generation_tps=3.309
CHILD index=4 mig=fafc828a exit=0 text=3e0fd62f5aa50665 role=child prefix_tokens=16321 suffix_tokens=16 model_ms=1101.0 context_ms=42.5 state_ms=7.40 prefix_ms=0.0 suffix_ms=337.9 first_token_ms=1784.3 generation_ms=14045.4 generated=64 generation_tps=4.557
CHILD index=5 mig=31ffbfe4 exit=0 text=3fd8649867d4bb41 role=child prefix_tokens=16321 suffix_tokens=16 model_ms=1143.1 context_ms=39.7 state_ms=7.33 prefix_ms=0.0 suffix_ms=373.5 first_token_ms=1855.2 generation_ms=19249.3 generated=64 generation_tps=3.325
CHILD index=6 mig=fafc828a exit=0 text=4a8f18b77dbe0332 role=child prefix_tokens=16321 suffix_tokens=16 model_ms=1191.8 context_ms=39.3 state_ms=7.22 prefix_ms=0.0 suffix_ms=394.6 first_token_ms=1914.4 generation_ms=13952.9 generated=64 generation_tps=4.587
CHILD index=7 mig=31ffbfe4 exit=0 text=4a8f18b77dbe0332 role=child prefix_tokens=16321 suffix_tokens=16 model_ms=1124.9 context_ms=37.8 state_ms=7.39 prefix_ms=0.0 suffix_ms=481.8 first_token_ms=1943.8 generation_ms=19313.7 generated=64 generation_tps=3.314
MEMORY mem_available_drop_mib=5849 prefix_pss_mib=892 prefix_rss_mib=7140 file_mib=896
END_CASE failed=0 timed_out=0 children_wall_ms=21776
CASE config=mig_mps mode=copy children=8
PARENT mig=fafc828a exit=0 text=c646470e58f73411 prefix_tokens=16321 prefix_ms=19787.2 publish_ms=563.07 state_bytes=936173269 suffix_tokens=13 model_ms=601.9 context_ms=59.6 suffix_ms=62.9 first_token_ms=21336.7 generation_ms=7747.5 generated=64 generation_tps=8.261
CHILD index=0 mig=fafc828a exit=0 text=d42c4c07975a6446 role=child prefix_tokens=16321 suffix_tokens=16 model_ms=1001.4 context_ms=171.6 state_ms=465.39 prefix_ms=0.0 suffix_ms=395.6 first_token_ms=2334.1 generation_ms=11981.6 generated=64 generation_tps=5.342
CHILD index=1 mig=31ffbfe4 exit=0 text=3fd8649867d4bb41 role=child prefix_tokens=16321 suffix_tokens=16 model_ms=922.5 context_ms=173.3 state_ms=454.83 prefix_ms=0.0 suffix_ms=393.5 first_token_ms=2334.8 generation_ms=16790.9 generated=64 generation_tps=3.812
CHILD index=2 mig=fafc828a exit=0 text=3fd8649867d4bb41 role=child prefix_tokens=16321 suffix_tokens=16 model_ms=1001.7 context_ms=194.7 state_ms=414.05 prefix_ms=0.0 suffix_ms=390.1 first_token_ms=2327.3 generation_ms=11975.2 generated=64 generation_tps=5.344
CHILD index=3 mig=31ffbfe4 exit=0 text=3fd8649867d4bb41 role=child prefix_tokens=16321 suffix_tokens=16 model_ms=1011.5 context_ms=162.5 state_ms=389.01 prefix_ms=0.0 suffix_ms=393.5 first_token_ms=2322.6 generation_ms=16780.3 generated=64 generation_tps=3.814
CHILD index=4 mig=fafc828a exit=0 text=3e0fd62f5aa50665 role=child prefix_tokens=16321 suffix_tokens=16 model_ms=1032.4 context_ms=213.0 state_ms=410.80 prefix_ms=0.0 suffix_ms=384.0 first_token_ms=2303.2 generation_ms=11952.0 generated=64 generation_tps=5.355
CHILD index=5 mig=31ffbfe4 exit=0 text=3fd8649867d4bb41 role=child prefix_tokens=16321 suffix_tokens=16 model_ms=1005.9 context_ms=117.7 state_ms=407.42 prefix_ms=0.0 suffix_ms=373.4 first_token_ms=2289.1 generation_ms=16773.1 generated=64 generation_tps=3.816
CHILD index=6 mig=fafc828a exit=0 text=4a8f18b77dbe0332 role=child prefix_tokens=16321 suffix_tokens=16 model_ms=838.1 context_ms=57.5 state_ms=264.70 prefix_ms=0.0 suffix_ms=335.2 first_token_ms=1733.7 generation_ms=11899.7 generated=64 generation_tps=5.378
CHILD index=7 mig=31ffbfe4 exit=0 text=4a8f18b77dbe0332 role=child prefix_tokens=16321 suffix_tokens=16 model_ms=903.2 context_ms=171.5 state_ms=466.03 prefix_ms=0.0 suffix_ms=393.6 first_token_ms=2306.7 generation_ms=16799.4 generated=64 generation_tps=3.810
MEMORY mem_available_drop_mib=20255 prefix_pss_mib=0 prefix_rss_mib=0 file_mib=0
END_CASE failed=0 timed_out=0 children_wall_ms=19645
CASE config=mig_mps mode=extent children=8
PARENT mig=fafc828a exit=0 text=c646470e58f73411 prefix_tokens=16321 prefix_ms=19851.7 publish_ms=11.74 state_bytes=261845 suffix_tokens=13 model_ms=563.6 context_ms=36.6 suffix_ms=64.8 first_token_ms=20667.6 generation_ms=9485.9 generated=64 generation_tps=6.747
CHILD index=0 mig=fafc828a exit=0 text=d42c4c07975a6446 role=child prefix_tokens=16321 suffix_tokens=16 model_ms=694.6 context_ms=37.5 state_ms=7.58 prefix_ms=0.0 suffix_ms=194.4 first_token_ms=1153.6 generation_ms=12506.6 generated=64 generation_tps=5.117
CHILD index=1 mig=31ffbfe4 exit=0 text=3fd8649867d4bb41 role=child prefix_tokens=16321 suffix_tokens=16 model_ms=1024.4 context_ms=53.0 state_ms=7.96 prefix_ms=0.0 suffix_ms=407.6 first_token_ms=1754.8 generation_ms=17339.8 generated=64 generation_tps=3.691
CHILD index=2 mig=fafc828a exit=0 text=3fd8649867d4bb41 role=child prefix_tokens=16321 suffix_tokens=16 model_ms=1011.4 context_ms=45.9 state_ms=7.72 prefix_ms=0.0 suffix_ms=397.1 first_token_ms=1745.0 generation_ms=12590.4 generated=64 generation_tps=5.083
CHILD index=3 mig=31ffbfe4 exit=0 text=3fd8649867d4bb41 role=child prefix_tokens=16321 suffix_tokens=16 model_ms=933.5 context_ms=43.4 state_ms=7.61 prefix_ms=0.0 suffix_ms=238.4 first_token_ms=1516.7 generation_ms=17272.5 generated=64 generation_tps=3.705
CHILD index=4 mig=fafc828a exit=0 text=3e0fd62f5aa50665 role=child prefix_tokens=16321 suffix_tokens=16 model_ms=927.3 context_ms=42.7 state_ms=7.53 prefix_ms=0.0 suffix_ms=378.6 first_token_ms=1648.9 generation_ms=12639.4 generated=64 generation_tps=5.064
CHILD index=5 mig=31ffbfe4 exit=0 text=3fd8649867d4bb41 role=child prefix_tokens=16321 suffix_tokens=16 model_ms=990.0 context_ms=41.1 state_ms=7.48 prefix_ms=0.0 suffix_ms=402.3 first_token_ms=1730.3 generation_ms=17292.6 generated=64 generation_tps=3.701
CHILD index=6 mig=fafc828a exit=0 text=4a8f18b77dbe0332 role=child prefix_tokens=16321 suffix_tokens=16 model_ms=977.6 context_ms=42.6 state_ms=7.61 prefix_ms=0.0 suffix_ms=399.1 first_token_ms=1709.5 generation_ms=12612.7 generated=64 generation_tps=5.074
CHILD index=7 mig=31ffbfe4 exit=0 text=4a8f18b77dbe0332 role=child prefix_tokens=16321 suffix_tokens=16 model_ms=983.0 context_ms=48.3 state_ms=7.55 prefix_ms=0.0 suffix_ms=403.3 first_token_ms=1730.5 generation_ms=17311.3 generated=64 generation_tps=3.697
MEMORY mem_available_drop_mib=5754 prefix_pss_mib=966 prefix_rss_mib=7140 file_mib=896
END_CASE failed=0 timed_out=0 children_wall_ms=19622
END_KVMPS
BEGIN_KVMPS run=6 paragraphs=320 context=32768
REFERENCE who=0 mig=fafc828a text=d42c4c07975a6446
REFERENCE who=1 mig=fafc828a text=3fd8649867d4bb41
REFERENCE who=1 mig=31ffbfe4 text=3fd8649867d4bb41
REFERENCE who=2 mig=fafc828a text=3fd8649867d4bb41
REFERENCE who=3 mig=fafc828a text=3fd8649867d4bb41
REFERENCE who=3 mig=31ffbfe4 text=3e0fd62f5aa50665
REFERENCE who=4 mig=fafc828a text=3e0fd62f5aa50665
REFERENCE who=5 mig=fafc828a text=3e0fd62f5aa50665
REFERENCE who=5 mig=31ffbfe4 text=45d93d75d8c246b5
REFERENCE who=6 mig=fafc828a text=4a8f18b77dbe0332
REFERENCE who=7 mig=fafc828a text=4a8f18b77dbe0332
REFERENCE who=7 mig=31ffbfe4 text=4a8f18b77dbe0332
CASE config=mig_mps mode=extent children=8
PARENT mig=fafc828a exit=0 text=c646470e58f73411 prefix_tokens=16321 prefix_ms=19848.9 publish_ms=11.57 state_bytes=261845 suffix_tokens=13 model_ms=591.4 context_ms=36.7 suffix_ms=62.8 first_token_ms=20810.6 generation_ms=8991.0 generated=64 generation_tps=7.118
CHILD index=0 mig=fafc828a exit=0 text=d42c4c07975a6446 role=child prefix_tokens=16321 suffix_tokens=16 model_ms=1047.1 context_ms=100.9 state_ms=8.58 prefix_ms=0.0 suffix_ms=410.9 first_token_ms=1811.8 generation_ms=12513.2 generated=64 generation_tps=5.115
CHILD index=1 mig=31ffbfe4 exit=0 text=3fd8649867d4bb41 role=child prefix_tokens=16321 suffix_tokens=16 model_ms=961.2 context_ms=41.0 state_ms=8.05 prefix_ms=0.0 suffix_ms=450.1 first_token_ms=1806.3 generation_ms=17320.4 generated=64 generation_tps=3.695
CHILD index=2 mig=fafc828a exit=0 text=3fd8649867d4bb41 role=child prefix_tokens=16321 suffix_tokens=16 model_ms=979.6 context_ms=36.0 state_ms=7.46 prefix_ms=0.0 suffix_ms=296.1 first_token_ms=1545.8 generation_ms=12666.5 generated=64 generation_tps=5.053
CHILD index=3 mig=31ffbfe4 exit=0 text=3fd8649867d4bb41 role=child prefix_tokens=16321 suffix_tokens=16 model_ms=920.1 context_ms=36.3 state_ms=7.32 prefix_ms=0.0 suffix_ms=284.1 first_token_ms=1637.2 generation_ms=17323.8 generated=64 generation_tps=3.694
CHILD index=4 mig=fafc828a exit=0 text=3e0fd62f5aa50665 role=child prefix_tokens=16321 suffix_tokens=16 model_ms=921.6 context_ms=35.6 state_ms=7.01 prefix_ms=0.0 suffix_ms=237.4 first_token_ms=1427.7 generation_ms=12705.8 generated=64 generation_tps=5.037
CHILD index=5 mig=31ffbfe4 exit=0 text=3fd8649867d4bb41 role=child prefix_tokens=16321 suffix_tokens=16 model_ms=810.6 context_ms=36.0 state_ms=7.40 prefix_ms=0.0 suffix_ms=353.3 first_token_ms=1727.0 generation_ms=17346.5 generated=64 generation_tps=3.690
CHILD index=6 mig=fafc828a exit=0 text=4a8f18b77dbe0332 role=child prefix_tokens=16321 suffix_tokens=16 model_ms=1027.1 context_ms=37.6 state_ms=7.49 prefix_ms=0.0 suffix_ms=377.7 first_token_ms=1674.8 generation_ms=12598.2 generated=64 generation_tps=5.080
CHILD index=7 mig=31ffbfe4 exit=0 text=4a8f18b77dbe0332 role=child prefix_tokens=16321 suffix_tokens=16 model_ms=750.4 context_ms=37.9 state_ms=7.49 prefix_ms=0.0 suffix_ms=403.9 first_token_ms=1805.2 generation_ms=17310.7 generated=64 generation_tps=3.697
MEMORY mem_available_drop_mib=5853 prefix_pss_mib=892 prefix_rss_mib=7140 file_mib=896
END_CASE failed=0 timed_out=0 children_wall_ms=19675
CASE config=mig_mps mode=copy children=8
PARENT mig=fafc828a exit=0 text=c646470e58f73411 prefix_tokens=16321 prefix_ms=19791.8 publish_ms=546.62 state_bytes=936173269 suffix_tokens=13 model_ms=569.0 context_ms=60.0 suffix_ms=63.8 first_token_ms=21172.3 generation_ms=8139.6 generated=64 generation_tps=7.863
CHILD index=0 mig=fafc828a exit=0 text=d42c4c07975a6446 role=child prefix_tokens=16321 suffix_tokens=16 model_ms=858.8 context_ms=58.7 state_ms=298.39 prefix_ms=0.0 suffix_ms=270.8 first_token_ms=1713.6 generation_ms=12095.9 generated=64 generation_tps=5.291
CHILD index=1 mig=31ffbfe4 exit=0 text=3fd8649867d4bb41 role=child prefix_tokens=16321 suffix_tokens=16 model_ms=1007.2 context_ms=168.3 state_ms=336.13 prefix_ms=0.0 suffix_ms=385.2 first_token_ms=2183.0 generation_ms=16814.6 generated=64 generation_tps=3.806
CHILD index=2 mig=fafc828a exit=0 text=3fd8649867d4bb41 role=child prefix_tokens=16321 suffix_tokens=16 model_ms=987.1 context_ms=114.1 state_ms=430.73 prefix_ms=0.0 suffix_ms=384.8 first_token_ms=2181.2 generation_ms=12129.4 generated=64 generation_tps=5.276
CHILD index=3 mig=31ffbfe4 exit=0 text=3fd8649867d4bb41 role=child prefix_tokens=16321 suffix_tokens=16 model_ms=991.4 context_ms=153.9 state_ms=358.92 prefix_ms=0.0 suffix_ms=391.2 first_token_ms=2185.6 generation_ms=16790.7 generated=64 generation_tps=3.812
CHILD index=4 mig=fafc828a exit=0 text=3e0fd62f5aa50665 role=child prefix_tokens=16321 suffix_tokens=16 model_ms=927.4 context_ms=137.5 state_ms=435.27 prefix_ms=0.0 suffix_ms=397.0 first_token_ms=2183.4 generation_ms=12132.7 generated=64 generation_tps=5.275
CHILD index=5 mig=31ffbfe4 exit=0 text=3fd8649867d4bb41 role=child prefix_tokens=16321 suffix_tokens=16 model_ms=1013.9 context_ms=165.3 state_ms=314.67 prefix_ms=0.0 suffix_ms=378.9 first_token_ms=2161.3 generation_ms=16784.1 generated=64 generation_tps=3.813
CHILD index=6 mig=fafc828a exit=0 text=4a8f18b77dbe0332 role=child prefix_tokens=16321 suffix_tokens=16 model_ms=991.7 context_ms=163.4 state_ms=336.95 prefix_ms=0.0 suffix_ms=390.9 first_token_ms=2170.3 generation_ms=12133.7 generated=64 generation_tps=5.275
CHILD index=7 mig=31ffbfe4 exit=0 text=4a8f18b77dbe0332 role=child prefix_tokens=16321 suffix_tokens=16 model_ms=992.5 context_ms=161.8 state_ms=343.38 prefix_ms=0.0 suffix_ms=385.0 first_token_ms=2167.7 generation_ms=16806.7 generated=64 generation_tps=3.808
MEMORY mem_available_drop_mib=20175 prefix_pss_mib=0 prefix_rss_mib=0 file_mib=0
END_CASE failed=0 timed_out=0 children_wall_ms=19607
CASE config=mig mode=extent children=8
PARENT mig=fafc828a exit=0 text=c646470e58f73411 prefix_tokens=16321 prefix_ms=19822.5 publish_ms=11.52 state_bytes=261845 suffix_tokens=13 model_ms=584.9 context_ms=36.6 suffix_ms=63.9 first_token_ms=20672.3 generation_ms=9094.8 generated=64 generation_tps=7.037
CHILD index=0 mig=fafc828a exit=0 text=d42c4c07975a6446 role=child prefix_tokens=16321 suffix_tokens=16 model_ms=1141.0 context_ms=41.5 state_ms=7.35 prefix_ms=0.0 suffix_ms=299.7 first_token_ms=1775.9 generation_ms=14048.4 generated=64 generation_tps=4.556
CHILD index=1 mig=31ffbfe4 exit=0 text=3fd8649867d4bb41 role=child prefix_tokens=16321 suffix_tokens=16 model_ms=978.9 context_ms=36.4 state_ms=7.59 prefix_ms=0.0 suffix_ms=174.1 first_token_ms=1451.2 generation_ms=18981.5 generated=64 generation_tps=3.372
CHILD index=2 mig=fafc828a exit=0 text=3fd8649867d4bb41 role=child prefix_tokens=16321 suffix_tokens=16 model_ms=1130.4 context_ms=41.6 state_ms=7.74 prefix_ms=0.0 suffix_ms=301.4 first_token_ms=1775.5 generation_ms=14028.0 generated=64 generation_tps=4.562
CHILD index=3 mig=31ffbfe4 exit=0 text=3fd8649867d4bb41 role=child prefix_tokens=16321 suffix_tokens=16 model_ms=1196.5 context_ms=39.1 state_ms=7.63 prefix_ms=0.0 suffix_ms=424.1 first_token_ms=1960.8 generation_ms=19181.2 generated=64 generation_tps=3.337
CHILD index=4 mig=fafc828a exit=0 text=3e0fd62f5aa50665 role=child prefix_tokens=16321 suffix_tokens=16 model_ms=1196.7 context_ms=40.8 state_ms=7.79 prefix_ms=0.0 suffix_ms=430.4 first_token_ms=1969.1 generation_ms=13937.0 generated=64 generation_tps=4.592
CHILD index=5 mig=31ffbfe4 exit=0 text=3fd8649867d4bb41 role=child prefix_tokens=16321 suffix_tokens=16 model_ms=1163.4 context_ms=39.2 state_ms=7.62 prefix_ms=0.0 suffix_ms=410.9 first_token_ms=1912.0 generation_ms=19128.4 generated=64 generation_tps=3.346
CHILD index=6 mig=fafc828a exit=0 text=4a8f18b77dbe0332 role=child prefix_tokens=16321 suffix_tokens=16 model_ms=1201.3 context_ms=38.5 state_ms=7.53 prefix_ms=0.0 suffix_ms=418.2 first_token_ms=1959.4 generation_ms=13924.7 generated=64 generation_tps=4.596
CHILD index=7 mig=31ffbfe4 exit=0 text=4a8f18b77dbe0332 role=child prefix_tokens=16321 suffix_tokens=16 model_ms=1164.6 context_ms=39.6 state_ms=48.98 prefix_ms=0.0 suffix_ms=465.9 first_token_ms=2012.5 generation_ms=19106.2 generated=64 generation_tps=3.350
MEMORY mem_available_drop_mib=5824 prefix_pss_mib=966 prefix_rss_mib=7140 file_mib=896
END_CASE failed=0 timed_out=0 children_wall_ms=21716
CASE config=mig mode=copy children=8
PARENT mig=fafc828a exit=0 text=c646470e58f73411 prefix_tokens=16321 prefix_ms=19779.2 publish_ms=562.14 state_bytes=936173269 suffix_tokens=13 model_ms=625.9 context_ms=60.1 suffix_ms=63.9 first_token_ms=21258.6 generation_ms=8057.7 generated=64 generation_tps=7.943
CHILD index=0 mig=fafc828a exit=0 text=d42c4c07975a6446 role=child prefix_tokens=16321 suffix_tokens=16 model_ms=1144.5 context_ms=145.5 state_ms=397.86 prefix_ms=0.0 suffix_ms=372.3 first_token_ms=2349.7 generation_ms=13682.4 generated=64 generation_tps=4.678
CHILD index=1 mig=31ffbfe4 exit=0 text=3fd8649867d4bb41 role=child prefix_tokens=16321 suffix_tokens=16 model_ms=1156.7 context_ms=196.5 state_ms=346.56 prefix_ms=0.0 suffix_ms=462.8 first_token_ms=2442.0 generation_ms=18563.8 generated=64 generation_tps=3.448
CHILD index=2 mig=fafc828a exit=0 text=3fd8649867d4bb41 role=child prefix_tokens=16321 suffix_tokens=16 model_ms=1129.4 context_ms=93.2 state_ms=506.81 prefix_ms=0.0 suffix_ms=380.6 first_token_ms=2359.2 generation_ms=13670.3 generated=64 generation_tps=4.682
CHILD index=3 mig=31ffbfe4 exit=0 text=3fd8649867d4bb41 role=child prefix_tokens=16321 suffix_tokens=16 model_ms=1201.0 context_ms=160.1 state_ms=338.97 prefix_ms=0.0 suffix_ms=457.7 first_token_ms=2447.8 generation_ms=18569.8 generated=64 generation_tps=3.446
CHILD index=4 mig=fafc828a exit=0 text=3e0fd62f5aa50665 role=child prefix_tokens=16321 suffix_tokens=16 model_ms=1139.5 context_ms=205.1 state_ms=361.76 prefix_ms=0.0 suffix_ms=371.6 first_token_ms=2360.0 generation_ms=13673.2 generated=64 generation_tps=4.681
CHILD index=5 mig=31ffbfe4 exit=0 text=3fd8649867d4bb41 role=child prefix_tokens=16321 suffix_tokens=16 model_ms=1197.4 context_ms=169.2 state_ms=345.60 prefix_ms=0.0 suffix_ms=455.8 first_token_ms=2454.3 generation_ms=18559.9 generated=64 generation_tps=3.448
CHILD index=6 mig=fafc828a exit=0 text=4a8f18b77dbe0332 role=child prefix_tokens=16321 suffix_tokens=16 model_ms=1203.9 context_ms=172.0 state_ms=345.08 prefix_ms=0.0 suffix_ms=390.4 first_token_ms=2387.9 generation_ms=13650.3 generated=64 generation_tps=4.689
CHILD index=7 mig=31ffbfe4 exit=0 text=4a8f18b77dbe0332 role=child prefix_tokens=16321 suffix_tokens=16 model_ms=1039.3 context_ms=70.6 state_ms=278.84 prefix_ms=0.0 suffix_ms=224.1 first_token_ms=1878.4 generation_ms=18493.6 generated=64 generation_tps=3.461
MEMORY mem_available_drop_mib=20194 prefix_pss_mib=0 prefix_rss_mib=0 file_mib=0
END_CASE failed=0 timed_out=0 children_wall_ms=21549
CASE config=mps mode=extent children=8
PARENT mig=fafc828a exit=0 text=c646470e58f73411 prefix_tokens=16321 prefix_ms=19838.4 publish_ms=10.96 state_bytes=261845 suffix_tokens=13 model_ms=604.0 context_ms=36.6 suffix_ms=59.1 first_token_ms=20805.6 generation_ms=13060.6 generated=64 generation_tps=4.900
CHILD index=0 mig=fafc828a exit=0 text=d42c4c07975a6446 role=child prefix_tokens=16321 suffix_tokens=16 model_ms=1068.0 context_ms=44.5 state_ms=7.20 prefix_ms=0.0 suffix_ms=540.2 first_token_ms=1994.3 generation_ms=21279.8 generated=64 generation_tps=3.008
CHILD index=1 mig=fafc828a exit=0 text=3fd8649867d4bb41 role=child prefix_tokens=16321 suffix_tokens=16 model_ms=1057.1 context_ms=47.8 state_ms=7.50 prefix_ms=0.0 suffix_ms=556.5 first_token_ms=2024.8 generation_ms=21255.8 generated=64 generation_tps=3.011
CHILD index=2 mig=fafc828a exit=0 text=3fd8649867d4bb41 role=child prefix_tokens=16321 suffix_tokens=16 model_ms=1038.8 context_ms=36.6 state_ms=7.52 prefix_ms=0.0 suffix_ms=502.6 first_token_ms=1913.7 generation_ms=21293.4 generated=64 generation_tps=3.006
CHILD index=3 mig=fafc828a exit=0 text=3fd8649867d4bb41 role=child prefix_tokens=16321 suffix_tokens=16 model_ms=1062.7 context_ms=43.8 state_ms=7.49 prefix_ms=0.0 suffix_ms=579.1 first_token_ms=2030.0 generation_ms=21253.6 generated=64 generation_tps=3.011
CHILD index=4 mig=fafc828a exit=0 text=3e0fd62f5aa50665 role=child prefix_tokens=16321 suffix_tokens=16 model_ms=1101.5 context_ms=43.3 state_ms=8.10 prefix_ms=0.0 suffix_ms=582.7 first_token_ms=2080.6 generation_ms=21209.5 generated=64 generation_tps=3.018
CHILD index=5 mig=fafc828a exit=0 text=3e0fd62f5aa50665 role=child prefix_tokens=16321 suffix_tokens=16 model_ms=927.1 context_ms=35.3 state_ms=7.53 prefix_ms=0.0 suffix_ms=228.4 first_token_ms=1508.7 generation_ms=21230.8 generated=64 generation_tps=3.014
CHILD index=6 mig=fafc828a exit=0 text=4a8f18b77dbe0332 role=child prefix_tokens=16321 suffix_tokens=16 model_ms=1001.3 context_ms=39.8 state_ms=7.62 prefix_ms=0.0 suffix_ms=485.3 first_token_ms=1861.0 generation_ms=21306.1 generated=64 generation_tps=3.004
CHILD index=7 mig=fafc828a exit=0 text=4a8f18b77dbe0332 role=child prefix_tokens=16321 suffix_tokens=16 model_ms=1072.7 context_ms=41.3 state_ms=7.30 prefix_ms=0.0 suffix_ms=551.3 first_token_ms=1997.2 generation_ms=21263.7 generated=64 generation_tps=3.010
MEMORY mem_available_drop_mib=5842 prefix_pss_mib=908 prefix_rss_mib=7140 file_mib=896
END_CASE failed=0 timed_out=0 children_wall_ms=23859
CASE config=mps mode=copy children=8
PARENT mig=fafc828a exit=0 text=c646470e58f73411 prefix_tokens=16321 prefix_ms=19779.3 publish_ms=529.12 state_bytes=936173269 suffix_tokens=13 model_ms=573.2 context_ms=59.5 suffix_ms=63.8 first_token_ms=21141.6 generation_ms=13155.1 generated=64 generation_tps=4.865
CHILD index=0 mig=fafc828a exit=0 text=d42c4c07975a6446 role=child prefix_tokens=16321 suffix_tokens=16 model_ms=1039.5 context_ms=151.4 state_ms=382.91 prefix_ms=0.0 suffix_ms=542.8 first_token_ms=2378.3 generation_ms=21319.6 generated=64 generation_tps=3.002
CHILD index=1 mig=fafc828a exit=0 text=3fd8649867d4bb41 role=child prefix_tokens=16321 suffix_tokens=16 model_ms=716.3 context_ms=62.2 state_ms=223.73 prefix_ms=0.0 suffix_ms=320.8 first_token_ms=1539.5 generation_ms=20636.3 generated=64 generation_tps=3.101
CHILD index=2 mig=fafc828a exit=0 text=3fd8649867d4bb41 role=child prefix_tokens=16321 suffix_tokens=16 model_ms=986.6 context_ms=143.9 state_ms=407.98 prefix_ms=0.0 suffix_ms=566.2 first_token_ms=2395.7 generation_ms=21318.1 generated=64 generation_tps=3.002
CHILD index=3 mig=fafc828a exit=0 text=3fd8649867d4bb41 role=child prefix_tokens=16321 suffix_tokens=16 model_ms=1025.7 context_ms=150.2 state_ms=359.64 prefix_ms=0.0 suffix_ms=569.8 first_token_ms=2395.0 generation_ms=21321.8 generated=64 generation_tps=3.002
CHILD index=4 mig=fafc828a exit=0 text=3e0fd62f5aa50665 role=child prefix_tokens=16321 suffix_tokens=16 model_ms=1034.5 context_ms=144.7 state_ms=368.70 prefix_ms=0.0 suffix_ms=571.0 first_token_ms=2392.6 generation_ms=21330.3 generated=64 generation_tps=3.000
CHILD index=5 mig=fafc828a exit=0 text=3e0fd62f5aa50665 role=child prefix_tokens=16321 suffix_tokens=16 model_ms=1040.5 context_ms=130.8 state_ms=360.26 prefix_ms=0.0 suffix_ms=566.3 first_token_ms=2385.0 generation_ms=21291.8 generated=64 generation_tps=3.006
CHILD index=6 mig=fafc828a exit=0 text=4a8f18b77dbe0332 role=child prefix_tokens=16321 suffix_tokens=16 model_ms=948.2 context_ms=150.5 state_ms=428.64 prefix_ms=0.0 suffix_ms=569.9 first_token_ms=2383.6 generation_ms=21337.9 generated=64 generation_tps=2.999
CHILD index=7 mig=fafc828a exit=0 text=4a8f18b77dbe0332 role=child prefix_tokens=16321 suffix_tokens=16 model_ms=947.3 context_ms=109.0 state_ms=472.19 prefix_ms=0.0 suffix_ms=566.2 first_token_ms=2380.3 generation_ms=21314.3 generated=64 generation_tps=3.003
MEMORY mem_available_drop_mib=20182 prefix_pss_mib=0 prefix_rss_mib=0 file_mib=0
END_CASE failed=0 timed_out=0 children_wall_ms=24414
CASE config=timeslice mode=extent children=8
PARENT mig=fafc828a exit=0 text=c646470e58f73411 prefix_tokens=16321 prefix_ms=19855.5 publish_ms=9.75 state_bytes=261845 suffix_tokens=13 model_ms=585.9 context_ms=36.6 suffix_ms=65.7 first_token_ms=20716.1 generation_ms=15684.1 generated=64 generation_tps=4.081
CHILD index=0 mig=fafc828a exit=0 text=d42c4c07975a6446 role=child prefix_tokens=16321 suffix_tokens=16 model_ms=823.2 context_ms=76.5 state_ms=7.48 prefix_ms=0.0 suffix_ms=184.8 first_token_ms=1284.5 generation_ms=23571.8 generated=64 generation_tps=2.715
CHILD index=1 mig=fafc828a exit=0 text=3fd8649867d4bb41 role=child prefix_tokens=16321 suffix_tokens=16 model_ms=1178.9 context_ms=44.1 state_ms=7.63 prefix_ms=0.0 suffix_ms=602.1 first_token_ms=2069.1 generation_ms=23939.0 generated=64 generation_tps=2.673
CHILD index=2 mig=fafc828a exit=0 text=3fd8649867d4bb41 role=child prefix_tokens=16321 suffix_tokens=16 model_ms=1179.1 context_ms=40.4 state_ms=7.76 prefix_ms=0.0 suffix_ms=641.2 first_token_ms=2144.0 generation_ms=23952.3 generated=64 generation_tps=2.672
CHILD index=3 mig=fafc828a exit=0 text=3fd8649867d4bb41 role=child prefix_tokens=16321 suffix_tokens=16 model_ms=1030.8 context_ms=41.4 state_ms=7.50 prefix_ms=0.0 suffix_ms=344.8 first_token_ms=1699.8 generation_ms=24082.6 generated=64 generation_tps=2.658
CHILD index=4 mig=fafc828a exit=0 text=3e0fd62f5aa50665 role=child prefix_tokens=16321 suffix_tokens=16 model_ms=1122.8 context_ms=38.2 state_ms=7.67 prefix_ms=0.0 suffix_ms=712.9 first_token_ms=2162.3 generation_ms=23935.2 generated=64 generation_tps=2.674
CHILD index=5 mig=fafc828a exit=0 text=3e0fd62f5aa50665 role=child prefix_tokens=16321 suffix_tokens=16 model_ms=1095.6 context_ms=35.7 state_ms=7.48 prefix_ms=0.0 suffix_ms=542.6 first_token_ms=1957.8 generation_ms=23974.3 generated=64 generation_tps=2.670
CHILD index=6 mig=fafc828a exit=0 text=4a8f18b77dbe0332 role=child prefix_tokens=16321 suffix_tokens=16 model_ms=1152.7 context_ms=40.4 state_ms=7.43 prefix_ms=0.0 suffix_ms=683.2 first_token_ms=2160.4 generation_ms=23931.3 generated=64 generation_tps=2.674
CHILD index=7 mig=fafc828a exit=0 text=4a8f18b77dbe0332 role=child prefix_tokens=16321 suffix_tokens=16 model_ms=1154.8 context_ms=40.8 state_ms=7.77 prefix_ms=0.0 suffix_ms=640.7 first_token_ms=2124.9 generation_ms=23950.8 generated=64 generation_tps=2.672
MEMORY mem_available_drop_mib=5898 prefix_pss_mib=892 prefix_rss_mib=7140 file_mib=896
END_CASE failed=0 timed_out=0 children_wall_ms=26663
CASE config=timeslice mode=copy children=8
PARENT mig=fafc828a exit=0 text=c646470e58f73411 prefix_tokens=16321 prefix_ms=19780.9 publish_ms=539.72 state_bytes=936173269 suffix_tokens=13 model_ms=589.3 context_ms=59.8 suffix_ms=64.2 first_token_ms=21192.7 generation_ms=12962.1 generated=64 generation_tps=4.937
CHILD index=0 mig=fafc828a exit=0 text=d42c4c07975a6446 role=child prefix_tokens=16321 suffix_tokens=16 model_ms=1254.6 context_ms=186.0 state_ms=418.00 prefix_ms=0.0 suffix_ms=690.3 first_token_ms=2827.3 generation_ms=23799.0 generated=64 generation_tps=2.689
CHILD index=1 mig=fafc828a exit=0 text=3fd8649867d4bb41 role=child prefix_tokens=16321 suffix_tokens=16 model_ms=948.5 context_ms=69.6 state_ms=289.37 prefix_ms=0.0 suffix_ms=373.2 first_token_ms=1934.2 generation_ms=23659.5 generated=64 generation_tps=2.705
CHILD index=2 mig=fafc828a exit=0 text=3fd8649867d4bb41 role=child prefix_tokens=16321 suffix_tokens=16 model_ms=1243.6 context_ms=186.0 state_ms=399.09 prefix_ms=0.0 suffix_ms=697.8 first_token_ms=2814.6 generation_ms=23808.9 generated=64 generation_tps=2.688
CHILD index=3 mig=fafc828a exit=0 text=3fd8649867d4bb41 role=child prefix_tokens=16321 suffix_tokens=16 model_ms=1144.1 context_ms=75.8 state_ms=453.91 prefix_ms=0.0 suffix_ms=479.7 first_token_ms=2449.8 generation_ms=23943.4 generated=64 generation_tps=2.673
CHILD index=4 mig=fafc828a exit=0 text=3e0fd62f5aa50665 role=child prefix_tokens=16321 suffix_tokens=16 model_ms=1250.2 context_ms=163.0 state_ms=402.97 prefix_ms=0.0 suffix_ms=683.3 first_token_ms=2791.1 generation_ms=23821.7 generated=64 generation_tps=2.687
CHILD index=5 mig=fafc828a exit=0 text=3e0fd62f5aa50665 role=child prefix_tokens=16321 suffix_tokens=16 model_ms=1223.5 context_ms=161.6 state_ms=394.94 prefix_ms=0.0 suffix_ms=606.1 first_token_ms=2671.6 generation_ms=23823.4 generated=64 generation_tps=2.686
CHILD index=6 mig=fafc828a exit=0 text=4a8f18b77dbe0332 role=child prefix_tokens=16321 suffix_tokens=16 model_ms=1116.0 context_ms=87.5 state_ms=478.08 prefix_ms=0.0 suffix_ms=497.7 first_token_ms=2455.0 generation_ms=23945.7 generated=64 generation_tps=2.673
CHILD index=7 mig=fafc828a exit=0 text=4a8f18b77dbe0332 role=child prefix_tokens=16321 suffix_tokens=16 model_ms=1236.6 context_ms=187.5 state_ms=401.60 prefix_ms=0.0 suffix_ms=664.9 first_token_ms=2762.7 generation_ms=23829.1 generated=64 generation_tps=2.686
MEMORY mem_available_drop_mib=20259 prefix_pss_mib=0 prefix_rss_mib=0 file_mib=0
END_CASE failed=0 timed_out=0 children_wall_ms=27288
END_KVMPS
