BEGIN_KVSTACK run=1 context=16384 publisher_mig=fafc828a mem_free_mib=44278 kernel_reclaimable_mib=68847
PUBLISH store=stock prefix_tokens=14282 prefix_ms=38157.8 publish_ms=1437.63 state_bytes=2808185157
PUBLISH store=device prefix_tokens=14282 prefix_ms=38283.9 publish_ms=1443.36 state_bytes=2808185157
PUBLISH store=huge prefix_tokens=14282 prefix_ms=38878.6 publish_ms=15.91 state_bytes=229701 file_used_kib=2752512
CASE mode=both agents=118
AGENT index=0 mig=fafc828a exit=0 wall_ms=415669 text=981e4f586523a56b role=child prefix_tokens=14282 suffix_tokens=27 model_ms=13278.3 context_ms=1339.9 state_ms=34.69 prefix_ms=0.0 suffix_ms=3973.4 first_token_ms=22882.7 generation_ms=392311.7 generated=64 generation_tps=0.163
AGENT index=1 mig=31ffbfe4 exit=0 wall_ms=546694 text=89edb58949305077 role=child prefix_tokens=14282 suffix_tokens=22 model_ms=7718.1 context_ms=2703.0 state_ms=17.26 prefix_ms=0.0 suffix_ms=1927.4 first_token_ms=15475.8 generation_ms=530794.1 generated=64 generation_tps=0.121
AGENT index=2 mig=fafc828a exit=0 wall_ms=428586 text=9927243a9fb99892 role=child prefix_tokens=14282 suffix_tokens=24 model_ms=19766.5 context_ms=233.1 state_ms=17.78 prefix_ms=0.0 suffix_ms=17358.2 first_token_ms=41833.6 generation_ms=386269.7 generated=64 generation_tps=0.166
AGENT index=3 mig=31ffbfe4 exit=0 wall_ms=648849 text=7338cfcb5de13da1 role=child prefix_tokens=14282 suffix_tokens=32 model_ms=19039.8 context_ms=298.6 state_ms=41.18 prefix_ms=0.0 suffix_ms=24673.7 first_token_ms=48722.4 generation_ms=599228.7 generated=64 generation_tps=0.107
AGENT index=4 mig=fafc828a exit=0 wall_ms=428276 text=106848bd86c1fe79 role=child prefix_tokens=14282 suffix_tokens=23 model_ms=19830.8 context_ms=306.8 state_ms=26.70 prefix_ms=0.0 suffix_ms=17475.3 first_token_ms=41928.5 generation_ms=385883.2 generated=64 generation_tps=0.166
AGENT index=5 mig=31ffbfe4 exit=0 wall_ms=647224 text=c2763df6613b441a role=child prefix_tokens=14282 suffix_tokens=26 model_ms=19260.8 context_ms=553.9 state_ms=31.95 prefix_ms=0.0 suffix_ms=25631.1 first_token_ms=49829.2 generation_ms=596921.8 generated=64 generation_tps=0.107
AGENT index=6 mig=fafc828a exit=0 wall_ms=426396 text=567fd0979b8fafd1 role=child prefix_tokens=14282 suffix_tokens=21 model_ms=17259.5 context_ms=433.5 state_ms=54.35 prefix_ms=0.0 suffix_ms=8784.9 first_token_ms=30966.3 generation_ms=394914.2 generated=64 generation_tps=0.162
AGENT index=7 mig=31ffbfe4 exit=0 wall_ms=637792 text=7252ad981b85ee4b role=child prefix_tokens=14282 suffix_tokens=31 model_ms=13773.7 context_ms=1054.8 state_ms=42.43 prefix_ms=0.0 suffix_ms=8415.8 first_token_ms=28013.1 generation_ms=609320.9 generated=64 generation_tps=0.105
AGENT index=8 mig=fafc828a exit=0 wall_ms=417165 text=31afa7a63f14db20 role=child prefix_tokens=14282 suffix_tokens=18 model_ms=15530.3 context_ms=383.3 state_ms=47.49 prefix_ms=0.0 suffix_ms=2524.9 first_token_ms=22759.4 generation_ms=393943.9 generated=64 generation_tps=0.162
AGENT index=9 mig=31ffbfe4 exit=0 wall_ms=635301 text=22d978eb182d5894 role=child prefix_tokens=14282 suffix_tokens=18 model_ms=13969.2 context_ms=829.6 state_ms=27.44 prefix_ms=0.0 suffix_ms=6262.8 first_token_ms=25474.6 generation_ms=609385.5 generated=64 generation_tps=0.105
AGENT index=10 mig=fafc828a exit=0 wall_ms=365002 text=ae33f1c5b457ba87 role=child prefix_tokens=14282 suffix_tokens=18 model_ms=8638.7 context_ms=1237.2 state_ms=8.55 prefix_ms=0.0 suffix_ms=1489.6 first_token_ms=15783.8 generation_ms=346619.9 generated=64 generation_tps=0.185
AGENT index=11 mig=31ffbfe4 exit=0 wall_ms=646994 text=7c3d587597498124 role=child prefix_tokens=14282 suffix_tokens=22 model_ms=17685.1 context_ms=416.7 state_ms=25.52 prefix_ms=0.0 suffix_ms=24077.4 first_token_ms=46802.1 generation_ms=599720.6 generated=64 generation_tps=0.107
AGENT index=12 mig=fafc828a exit=0 wall_ms=377221 text=74c90b6fff5c615d role=child prefix_tokens=14282 suffix_tokens=21 model_ms=9360.2 context_ms=688.5 state_ms=15.63 prefix_ms=0.0 suffix_ms=2149.3 first_token_ms=16945.1 generation_ms=359824.2 generated=64 generation_tps=0.178
AGENT index=13 mig=31ffbfe4 exit=0 wall_ms=647264 text=cf3ecfac44aca912 role=child prefix_tokens=14282 suffix_tokens=31 model_ms=17290.1 context_ms=691.9 state_ms=31.37 prefix_ms=0.0 suffix_ms=23762.5 first_token_ms=46195.6 generation_ms=600569.7 generated=64 generation_tps=0.107
AGENT index=14 mig=fafc828a exit=0 wall_ms=430315 text=c74ab19027cfe635 role=child prefix_tokens=14282 suffix_tokens=21 model_ms=19811.8 context_ms=365.7 state_ms=17.01 prefix_ms=0.0 suffix_ms=17372.6 first_token_ms=41816.4 generation_ms=387697.7 generated=64 generation_tps=0.165
AGENT index=15 mig=31ffbfe4 exit=0 wall_ms=647975 text=41adb9c1fa6fcd2a role=child prefix_tokens=14282 suffix_tokens=26 model_ms=19286.4 context_ms=354.9 state_ms=17.71 prefix_ms=0.0 suffix_ms=25456.8 first_token_ms=49345.8 generation_ms=598048.8 generated=64 generation_tps=0.107
AGENT index=16 mig=fafc828a exit=0 wall_ms=430517 text=4b9fce9251b6ca5c role=child prefix_tokens=14282 suffix_tokens=25 model_ms=18585.5 context_ms=777.1 state_ms=21.12 prefix_ms=0.0 suffix_ms=20150.5 first_token_ms=43768.7 generation_ms=385775.2 generated=64 generation_tps=0.166
AGENT index=17 mig=31ffbfe4 exit=0 wall_ms=647490 text=ee527e678b1e8853 role=child prefix_tokens=14282 suffix_tokens=22 model_ms=19209.8 context_ms=488.1 state_ms=19.10 prefix_ms=0.0 suffix_ms=24472.7 first_token_ms=48636.1 generation_ms=598372.3 generated=64 generation_tps=0.107
AGENT index=18 mig=fafc828a exit=0 wall_ms=430129 text=41b73031fb9bbbd2 role=child prefix_tokens=14282 suffix_tokens=21 model_ms=17462.4 context_ms=497.8 state_ms=33.87 prefix_ms=0.0 suffix_ms=17507.5 first_token_ms=40500.6 generation_ms=388845.3 generated=64 generation_tps=0.165
AGENT index=19 mig=31ffbfe4 exit=0 wall_ms=645482 text=38cf4d1e302da1e3 role=child prefix_tokens=14282 suffix_tokens=18 model_ms=16924.6 context_ms=504.2 state_ms=70.21 prefix_ms=0.0 suffix_ms=22183.3 first_token_ms=44164.6 generation_ms=600889.1 generated=64 generation_tps=0.107
AGENT index=20 mig=fafc828a exit=0 wall_ms=428096 text=0c0f7f1be9fa187e role=child prefix_tokens=14282 suffix_tokens=21 model_ms=18974.3 context_ms=576.5 state_ms=25.50 prefix_ms=0.0 suffix_ms=17797.2 first_token_ms=41775.9 generation_ms=385843.7 generated=64 generation_tps=0.166
AGENT index=21 mig=31ffbfe4 exit=0 wall_ms=648333 text=f0729f0438c7eea8 role=child prefix_tokens=14282 suffix_tokens=26 model_ms=18739.4 context_ms=479.1 state_ms=18.93 prefix_ms=0.0 suffix_ms=25445.4 first_token_ms=49705.1 generation_ms=597987.9 generated=64 generation_tps=0.107
AGENT index=22 mig=fafc828a exit=0 wall_ms=431998 text=90e545507234e5ac role=child prefix_tokens=14282 suffix_tokens=27 model_ms=19363.1 context_ms=170.3 state_ms=16.61 prefix_ms=0.0 suffix_ms=19560.6 first_token_ms=44058.3 generation_ms=386662.5 generated=64 generation_tps=0.166
AGENT index=23 mig=31ffbfe4 exit=0 wall_ms=635683 text=c12996f446ac7fb5 role=child prefix_tokens=14282 suffix_tokens=17 model_ms=13624.7 context_ms=1012.3 state_ms=22.59 prefix_ms=0.0 suffix_ms=7963.3 first_token_ms=27301.2 generation_ms=607940.0 generated=64 generation_tps=0.105
AGENT index=24 mig=fafc828a exit=0 wall_ms=427244 text=d25045fabcd28252 role=child prefix_tokens=14282 suffix_tokens=22 model_ms=16875.1 context_ms=651.8 state_ms=53.10 prefix_ms=0.0 suffix_ms=9584.0 first_token_ms=31808.1 generation_ms=394970.9 generated=64 generation_tps=0.162
AGENT index=25 mig=31ffbfe4 exit=0 wall_ms=647744 text=1c667cb5fedb9f86 role=child prefix_tokens=14282 suffix_tokens=23 model_ms=18792.0 context_ms=368.2 state_ms=20.99 prefix_ms=0.0 suffix_ms=24425.2 first_token_ms=48575.2 generation_ms=598505.7 generated=64 generation_tps=0.107
AGENT index=26 mig=fafc828a exit=0 wall_ms=428920 text=60c80c7544928390 role=child prefix_tokens=14282 suffix_tokens=19 model_ms=19125.3 context_ms=604.9 state_ms=26.65 prefix_ms=0.0 suffix_ms=17634.6 first_token_ms=41652.3 generation_ms=386814.8 generated=64 generation_tps=0.165
AGENT index=27 mig=31ffbfe4 exit=0 wall_ms=646553 text=d688fed40744d7a8 role=child prefix_tokens=14282 suffix_tokens=21 model_ms=19793.5 context_ms=340.1 state_ms=17.77 prefix_ms=0.0 suffix_ms=24330.9 first_token_ms=48670.6 generation_ms=597382.4 generated=64 generation_tps=0.107
AGENT index=28 mig=fafc828a exit=0 wall_ms=416633 text=c3b4112e50e92951 role=child prefix_tokens=14282 suffix_tokens=20 model_ms=14638.4 context_ms=995.8 state_ms=35.07 prefix_ms=0.0 suffix_ms=2770.2 first_token_ms=22611.4 generation_ms=393539.3 generated=64 generation_tps=0.163
AGENT index=29 mig=31ffbfe4 exit=0 wall_ms=642304 text=5b84d4ef24bf1561 role=child prefix_tokens=14282 suffix_tokens=22 model_ms=15453.1 context_ms=243.2 state_ms=15.41 prefix_ms=0.0 suffix_ms=13595.8 first_token_ms=34400.8 generation_ms=607478.3 generated=64 generation_tps=0.105
AGENT index=30 mig=fafc828a exit=0 wall_ms=431665 text=e2bf0a9e5de19b9b role=child prefix_tokens=14282 suffix_tokens=20 model_ms=18785.3 context_ms=282.9 state_ms=13.01 prefix_ms=0.0 suffix_ms=17760.0 first_token_ms=41596.1 generation_ms=388628.2 generated=64 generation_tps=0.165
AGENT index=31 mig=31ffbfe4 exit=0 wall_ms=648717 text=590bbb0c65137929 role=child prefix_tokens=14282 suffix_tokens=22 model_ms=18820.5 context_ms=481.5 state_ms=12.57 prefix_ms=0.0 suffix_ms=24053.2 first_token_ms=48134.5 generation_ms=599513.8 generated=64 generation_tps=0.107
AGENT index=32 mig=fafc828a exit=0 wall_ms=432082 text=7ddda7cc8e8a2584 role=child prefix_tokens=14282 suffix_tokens=28 model_ms=19255.0 context_ms=360.4 state_ms=19.71 prefix_ms=0.0 suffix_ms=19593.8 first_token_ms=43921.7 generation_ms=386773.2 generated=64 generation_tps=0.165
AGENT index=33 mig=31ffbfe4 exit=0 wall_ms=646347 text=89edb58949305077 role=child prefix_tokens=14282 suffix_tokens=23 model_ms=17630.8 context_ms=806.8 state_ms=54.38 prefix_ms=0.0 suffix_ms=23724.3 first_token_ms=46575.4 generation_ms=599315.8 generated=64 generation_tps=0.107
AGENT index=34 mig=fafc828a exit=0 wall_ms=430656 text=cbcb1933da6a97b1 role=child prefix_tokens=14282 suffix_tokens=25 model_ms=17455.1 context_ms=403.0 state_ms=60.86 prefix_ms=0.0 suffix_ms=19101.0 first_token_ms=41983.3 generation_ms=387766.2 generated=64 generation_tps=0.165
AGENT index=35 mig=31ffbfe4 exit=0 wall_ms=648266 text=7338cfcb5de13da1 role=child prefix_tokens=14282 suffix_tokens=33 model_ms=19235.4 context_ms=236.3 state_ms=23.20 prefix_ms=0.0 suffix_ms=30068.0 first_token_ms=53786.7 generation_ms=593946.9 generated=64 generation_tps=0.108
AGENT index=36 mig=fafc828a exit=0 wall_ms=421858 text=72a19e50ca0eec3f role=child prefix_tokens=14282 suffix_tokens=24 model_ms=16426.1 context_ms=442.8 state_ms=50.70 prefix_ms=0.0 suffix_ms=4356.6 first_token_ms=25480.7 generation_ms=395891.0 generated=64 generation_tps=0.162
AGENT index=37 mig=31ffbfe4 exit=0 wall_ms=644497 text=c2763df6613b441a role=child prefix_tokens=14282 suffix_tokens=27 model_ms=16235.3 context_ms=350.8 state_ms=58.47 prefix_ms=0.0 suffix_ms=20745.3 first_token_ms=41951.2 generation_ms=602121.8 generated=64 generation_tps=0.106
AGENT index=38 mig=fafc828a exit=0 wall_ms=429853 text=906b33bbb52d81ce role=child prefix_tokens=14282 suffix_tokens=22 model_ms=19809.7 context_ms=210.9 state_ms=29.01 prefix_ms=0.0 suffix_ms=17487.6 first_token_ms=41720.9 generation_ms=387427.1 generated=64 generation_tps=0.165
AGENT index=39 mig=31ffbfe4 exit=0 wall_ms=648667 text=3aaf37ebe3d83581 role=child prefix_tokens=14282 suffix_tokens=32 model_ms=19791.6 context_ms=166.0 state_ms=20.67 prefix_ms=0.0 suffix_ms=25093.3 first_token_ms=49516.4 generation_ms=598273.4 generated=64 generation_tps=0.107
AGENT index=40 mig=fafc828a exit=0 wall_ms=426359 text=31afa7a63f14db20 role=child prefix_tokens=14282 suffix_tokens=19 model_ms=16791.6 context_ms=524.2 state_ms=32.67 prefix_ms=0.0 suffix_ms=8570.5 first_token_ms=30837.8 generation_ms=394998.4 generated=64 generation_tps=0.162
AGENT index=41 mig=31ffbfe4 exit=0 wall_ms=647644 text=c0f823020f3af1a4 role=child prefix_tokens=14282 suffix_tokens=19 model_ms=17385.5 context_ms=538.6 state_ms=23.83 prefix_ms=0.0 suffix_ms=23893.9 first_token_ms=46747.5 generation_ms=600278.4 generated=64 generation_tps=0.107
AGENT index=42 mig=fafc828a exit=0 wall_ms=374607 text=85f20185b4d2e5f5 role=child prefix_tokens=14282 suffix_tokens=18 model_ms=9058.9 context_ms=960.2 state_ms=15.66 prefix_ms=0.0 suffix_ms=2017.7 first_token_ms=16638.4 generation_ms=357483.5 generated=64 generation_tps=0.179
AGENT index=43 mig=31ffbfe4 exit=0 wall_ms=647526 text=906219452a17c427 role=child prefix_tokens=14282 suffix_tokens=22 model_ms=18783.6 context_ms=458.5 state_ms=30.61 prefix_ms=0.0 suffix_ms=24602.4 first_token_ms=48299.4 generation_ms=598691.6 generated=64 generation_tps=0.107
AGENT index=44 mig=fafc828a exit=0 wall_ms=430084 text=74c90b6fff5c615d role=child prefix_tokens=14282 suffix_tokens=21 model_ms=17456.5 context_ms=453.5 state_ms=47.86 prefix_ms=0.0 suffix_ms=17380.6 first_token_ms=40425.6 generation_ms=388954.8 generated=64 generation_tps=0.165
AGENT index=45 mig=31ffbfe4 exit=0 wall_ms=642524 text=de04cf66ff533805 role=child prefix_tokens=14282 suffix_tokens=31 model_ms=16621.8 context_ms=340.3 state_ms=17.69 prefix_ms=0.0 suffix_ms=20862.5 first_token_ms=41969.4 generation_ms=600060.8 generated=64 generation_tps=0.107
AGENT index=46 mig=fafc828a exit=0 wall_ms=429299 text=03e613a85d26b396 role=child prefix_tokens=14282 suffix_tokens=21 model_ms=18615.0 context_ms=261.9 state_ms=54.70 prefix_ms=0.0 suffix_ms=17478.6 first_token_ms=40752.1 generation_ms=388092.7 generated=64 generation_tps=0.165
AGENT index=47 mig=31ffbfe4 exit=0 wall_ms=647650 text=e5eb6734e8015615 role=child prefix_tokens=14282 suffix_tokens=26 model_ms=17569.7 context_ms=539.1 state_ms=14.22 prefix_ms=0.0 suffix_ms=25828.5 first_token_ms=48934.0 generation_ms=598238.9 generated=64 generation_tps=0.107
AGENT index=48 mig=fafc828a exit=0 wall_ms=431749 text=ab3714794c461481 role=child prefix_tokens=14282 suffix_tokens=25 model_ms=18400.6 context_ms=340.3 state_ms=31.77 prefix_ms=0.0 suffix_ms=19481.4 first_token_ms=43044.0 generation_ms=387516.6 generated=64 generation_tps=0.165
AGENT index=49 mig=31ffbfe4 exit=0 wall_ms=637584 text=ee527e678b1e8853 role=child prefix_tokens=14282 suffix_tokens=22 model_ms=14611.7 context_ms=507.5 state_ms=70.94 prefix_ms=0.0 suffix_ms=9127.1 first_token_ms=29184.9 generation_ms=607938.2 generated=64 generation_tps=0.105
AGENT index=50 mig=fafc828a exit=0 wall_ms=417665 text=590323964fe83c82 role=child prefix_tokens=14282 suffix_tokens=21 model_ms=15298.9 context_ms=432.0 state_ms=70.73 prefix_ms=0.0 suffix_ms=2397.8 first_token_ms=22724.6 generation_ms=394466.8 generated=64 generation_tps=0.162
AGENT index=51 mig=31ffbfe4 exit=0 wall_ms=648025 text=38cf4d1e302da1e3 role=child prefix_tokens=14282 suffix_tokens=18 model_ms=17941.8 context_ms=369.9 state_ms=16.16 prefix_ms=0.0 suffix_ms=24014.1 first_token_ms=47177.5 generation_ms=600123.2 generated=64 generation_tps=0.107
AGENT index=52 mig=fafc828a exit=0 wall_ms=429912 text=6288ac410e5a2dc4 role=child prefix_tokens=14282 suffix_tokens=21 model_ms=19383.1 context_ms=175.3 state_ms=14.94 prefix_ms=0.0 suffix_ms=17444.7 first_token_ms=41886.2 generation_ms=387212.8 generated=64 generation_tps=0.165
AGENT index=53 mig=31ffbfe4 exit=0 wall_ms=648707 text=7b0462f2bf395734 role=child prefix_tokens=14282 suffix_tokens=26 model_ms=18399.6 context_ms=525.7 state_ms=34.24 prefix_ms=0.0 suffix_ms=25240.7 first_token_ms=48981.7 generation_ms=598836.4 generated=64 generation_tps=0.107
AGENT index=54 mig=fafc828a exit=0 wall_ms=430818 text=63b95de8140a6c6d role=child prefix_tokens=14282 suffix_tokens=27 model_ms=19070.1 context_ms=516.6 state_ms=11.71 prefix_ms=0.0 suffix_ms=19336.0 first_token_ms=43094.6 generation_ms=386763.8 generated=64 generation_tps=0.165
AGENT index=55 mig=31ffbfe4 exit=0 wall_ms=645663 text=c12996f446ac7fb5 role=child prefix_tokens=14282 suffix_tokens=17 model_ms=17230.6 context_ms=407.3 state_ms=46.46 prefix_ms=0.0 suffix_ms=22683.4 first_token_ms=44889.3 generation_ms=600332.2 generated=64 generation_tps=0.107
AGENT index=56 mig=fafc828a exit=0 wall_ms=430496 text=e719e7ba88953202 role=child prefix_tokens=14282 suffix_tokens=22 model_ms=17479.6 context_ms=472.1 state_ms=30.46 prefix_ms=0.0 suffix_ms=17550.1 first_token_ms=40380.0 generation_ms=389043.9 generated=64 generation_tps=0.165
AGENT index=57 mig=31ffbfe4 exit=0 wall_ms=647555 text=a90b8ad155107a51 role=child prefix_tokens=14282 suffix_tokens=23 model_ms=19337.7 context_ms=326.3 state_ms=21.61 prefix_ms=0.0 suffix_ms=24292.8 first_token_ms=48514.7 generation_ms=598495.7 generated=64 generation_tps=0.107
AGENT index=58 mig=fafc828a exit=0 wall_ms=428761 text=bcc09dfc7a2bd9cb role=child prefix_tokens=14282 suffix_tokens=19 model_ms=17226.5 context_ms=349.1 state_ms=33.42 prefix_ms=0.0 suffix_ms=11717.2 first_token_ms=34294.7 generation_ms=393968.0 generated=64 generation_tps=0.162
AGENT index=59 mig=31ffbfe4 exit=0 wall_ms=646505 text=bfe771f018985397 role=child prefix_tokens=14282 suffix_tokens=21 model_ms=17751.6 context_ms=400.6 state_ms=25.49 prefix_ms=0.0 suffix_ms=23123.1 first_token_ms=45793.1 generation_ms=600203.3 generated=64 generation_tps=0.107
AGENT index=60 mig=fafc828a exit=0 wall_ms=430429 text=71b46dc637791a35 role=child prefix_tokens=14282 suffix_tokens=20 model_ms=18260.6 context_ms=263.9 state_ms=45.79 prefix_ms=0.0 suffix_ms=17517.2 first_token_ms=40725.4 generation_ms=388989.7 generated=64 generation_tps=0.165
AGENT index=61 mig=31ffbfe4 exit=0 wall_ms=552420 text=111fa4b257db8225 role=child prefix_tokens=14282 suffix_tokens=22 model_ms=8518.5 context_ms=2131.9 state_ms=15.42 prefix_ms=0.0 suffix_ms=1566.6 first_token_ms=15560.2 generation_ms=536408.4 generated=64 generation_tps=0.119
AGENT index=62 mig=fafc828a exit=0 wall_ms=428237 text=bb3866bab3969ddd role=child prefix_tokens=14282 suffix_tokens=20 model_ms=16905.2 context_ms=571.6 state_ms=42.33 prefix_ms=0.0 suffix_ms=10720.9 first_token_ms=33177.4 generation_ms=394568.1 generated=64 generation_tps=0.162
AGENT index=63 mig=31ffbfe4 exit=0 wall_ms=628915 text=590bbb0c65137929 role=child prefix_tokens=14282 suffix_tokens=22 model_ms=13358.3 context_ms=963.3 state_ms=26.79 prefix_ms=0.0 suffix_ms=4087.4 first_token_ms=22750.3 generation_ms=605751.1 generated=64 generation_tps=0.106
AGENT index=64 mig=fafc828a exit=0 wall_ms=372064 text=7ddda7cc8e8a2584 role=child prefix_tokens=14282 suffix_tokens=28 model_ms=8465.4 context_ms=1490.6 state_ms=8.99 prefix_ms=0.0 suffix_ms=2074.0 first_token_ms=16446.9 generation_ms=355194.2 generated=64 generation_tps=0.180
AGENT index=65 mig=31ffbfe4 exit=0 wall_ms=642057 text=89edb58949305077 role=child prefix_tokens=14282 suffix_tokens=23 model_ms=15122.8 context_ms=360.9 state_ms=27.42 prefix_ms=0.0 suffix_ms=12721.5 first_token_ms=33119.6 generation_ms=608487.9 generated=64 generation_tps=0.105
AGENT index=66 mig=fafc828a exit=0 wall_ms=431430 text=8c4677a6d913c8c4 role=child prefix_tokens=14282 suffix_tokens=25 model_ms=19211.9 context_ms=314.5 state_ms=21.52 prefix_ms=0.0 suffix_ms=19752.3 first_token_ms=43898.2 generation_ms=386466.6 generated=64 generation_tps=0.166
AGENT index=67 mig=31ffbfe4 exit=0 wall_ms=648344 text=7338cfcb5de13da1 role=child prefix_tokens=14282 suffix_tokens=33 model_ms=18032.7 context_ms=379.2 state_ms=42.52 prefix_ms=0.0 suffix_ms=29286.1 first_token_ms=52564.2 generation_ms=595111.6 generated=64 generation_tps=0.108
AGENT index=68 mig=fafc828a exit=0 wall_ms=431768 text=d6019e466397c8a9 role=child prefix_tokens=14282 suffix_tokens=24 model_ms=18376.4 context_ms=380.4 state_ms=14.35 prefix_ms=0.0 suffix_ms=17562.1 first_token_ms=41357.2 generation_ms=389073.2 generated=64 generation_tps=0.164
AGENT index=69 mig=31ffbfe4 exit=0 wall_ms=643838 text=c2763df6613b441a role=child prefix_tokens=14282 suffix_tokens=27 model_ms=15764.3 context_ms=463.1 state_ms=28.72 prefix_ms=0.0 suffix_ms=21050.8 first_token_ms=41541.9 generation_ms=601832.8 generated=64 generation_tps=0.106
AGENT index=70 mig=fafc828a exit=0 wall_ms=427312 text=f2f3e8f5c69bd198 role=child prefix_tokens=14282 suffix_tokens=22 model_ms=17536.0 context_ms=387.1 state_ms=10.15 prefix_ms=0.0 suffix_ms=10396.2 first_token_ms=32606.5 generation_ms=394225.5 generated=64 generation_tps=0.162
AGENT index=71 mig=31ffbfe4 exit=0 wall_ms=648675 text=3aaf37ebe3d83581 role=child prefix_tokens=14282 suffix_tokens=32 model_ms=18468.6 context_ms=301.0 state_ms=27.19 prefix_ms=0.0 suffix_ms=24501.5 first_token_ms=48418.2 generation_ms=599360.5 generated=64 generation_tps=0.107
AGENT index=72 mig=fafc828a exit=0 wall_ms=430729 text=31afa7a63f14db20 role=child prefix_tokens=14282 suffix_tokens=19 model_ms=19277.1 context_ms=455.9 state_ms=24.67 prefix_ms=0.0 suffix_ms=17530.7 first_token_ms=41548.8 generation_ms=388258.3 generated=64 generation_tps=0.165
AGENT index=73 mig=31ffbfe4 exit=0 wall_ms=632165 text=b1492aaf270a3f61 role=child prefix_tokens=14282 suffix_tokens=19 model_ms=12721.8 context_ms=1076.1 state_ms=42.32 prefix_ms=0.0 suffix_ms=5045.7 first_token_ms=23556.2 generation_ms=608176.8 generated=64 generation_tps=0.105
AGENT index=74 mig=fafc828a exit=0 wall_ms=430891 text=e4a42981bc259082 role=child prefix_tokens=14282 suffix_tokens=18 model_ms=18590.1 context_ms=287.1 state_ms=34.08 prefix_ms=0.0 suffix_ms=17697.4 first_token_ms=41653.9 generation_ms=388261.7 generated=64 generation_tps=0.165
AGENT index=75 mig=31ffbfe4 exit=0 wall_ms=648516 text=a89456c5fecac031 role=child prefix_tokens=14282 suffix_tokens=22 model_ms=19467.8 context_ms=316.2 state_ms=17.08 prefix_ms=0.0 suffix_ms=24272.9 first_token_ms=48361.2 generation_ms=599094.0 generated=64 generation_tps=0.107
AGENT index=76 mig=fafc828a exit=0 wall_ms=371386 text=74c90b6fff5c615d role=child prefix_tokens=14282 suffix_tokens=21 model_ms=8699.3 context_ms=962.7 state_ms=15.26 prefix_ms=0.0 suffix_ms=1440.1 first_token_ms=15958.4 generation_ms=354993.4 generated=64 generation_tps=0.180
AGENT index=77 mig=31ffbfe4 exit=0 wall_ms=634318 text=490272faf96b7022 role=child prefix_tokens=14282 suffix_tokens=31 model_ms=12661.2 context_ms=1049.5 state_ms=39.46 prefix_ms=0.0 suffix_ms=6225.2 first_token_ms=24976.8 generation_ms=608907.7 generated=64 generation_tps=0.105
AGENT index=78 mig=fafc828a exit=0 wall_ms=422490 text=eaf7e5219bd72c3c role=child prefix_tokens=14282 suffix_tokens=21 model_ms=17202.0 context_ms=224.8 state_ms=50.56 prefix_ms=0.0 suffix_ms=7684.5 first_token_ms=29172.4 generation_ms=392861.8 generated=64 generation_tps=0.163
AGENT index=79 mig=31ffbfe4 exit=0 wall_ms=648068 text=6cb78dc5ca9df942 role=child prefix_tokens=14282 suffix_tokens=26 model_ms=19078.3 context_ms=535.9 state_ms=17.41 prefix_ms=0.0 suffix_ms=25173.9 first_token_ms=49056.2 generation_ms=598243.0 generated=64 generation_tps=0.107
AGENT index=80 mig=fafc828a exit=0 wall_ms=431279 text=3ee33c49b4d558ac role=child prefix_tokens=14282 suffix_tokens=25 model_ms=18557.6 context_ms=540.8 state_ms=18.77 prefix_ms=0.0 suffix_ms=19745.2 first_token_ms=43477.5 generation_ms=386585.1 generated=64 generation_tps=0.166
AGENT index=81 mig=31ffbfe4 exit=0 wall_ms=648031 text=be2e96b3dcbb4420 role=child prefix_tokens=14282 suffix_tokens=22 model_ms=19067.3 context_ms=153.8 state_ms=15.79 prefix_ms=0.0 suffix_ms=24267.0 first_token_ms=48525.6 generation_ms=598737.8 generated=64 generation_tps=0.107
AGENT index=82 mig=fafc828a exit=0 wall_ms=430194 text=116da7fd8ab197b0 role=child prefix_tokens=14282 suffix_tokens=21 model_ms=17725.7 context_ms=528.6 state_ms=51.39 prefix_ms=0.0 suffix_ms=17193.7 first_token_ms=40529.3 generation_ms=388816.5 generated=64 generation_tps=0.165
AGENT index=83 mig=31ffbfe4 exit=0 wall_ms=648266 text=52d6b87affa729ce role=child prefix_tokens=14282 suffix_tokens=18 model_ms=18116.1 context_ms=489.8 state_ms=15.01 prefix_ms=0.0 suffix_ms=24082.6 first_token_ms=47760.3 generation_ms=599746.9 generated=64 generation_tps=0.107
AGENT index=84 mig=fafc828a exit=0 wall_ms=430796 text=126c8a08eb9eaa42 role=child prefix_tokens=14282 suffix_tokens=21 model_ms=17700.1 context_ms=661.5 state_ms=39.99 prefix_ms=0.0 suffix_ms=17463.4 first_token_ms=40846.5 generation_ms=389135.8 generated=64 generation_tps=0.164
AGENT index=85 mig=31ffbfe4 exit=0 wall_ms=643570 text=72fcfeaf8d34149c role=child prefix_tokens=14282 suffix_tokens=26 model_ms=16867.6 context_ms=502.1 state_ms=41.63 prefix_ms=0.0 suffix_ms=24543.6 first_token_ms=46992.2 generation_ms=596136.5 generated=64 generation_tps=0.107
AGENT index=86 mig=fafc828a exit=0 wall_ms=429800 text=23fdac46a10501a6 role=child prefix_tokens=14282 suffix_tokens=27 model_ms=16916.7 context_ms=276.8 state_ms=40.03 prefix_ms=0.0 suffix_ms=18291.3 first_token_ms=40274.9 generation_ms=388791.7 generated=64 generation_tps=0.165
AGENT index=87 mig=31ffbfe4 exit=0 wall_ms=647049 text=c12996f446ac7fb5 role=child prefix_tokens=14282 suffix_tokens=17 model_ms=18958.0 context_ms=222.9 state_ms=18.19 prefix_ms=0.0 suffix_ms=23997.1 first_token_ms=47594.6 generation_ms=598936.9 generated=64 generation_tps=0.107
AGENT index=88 mig=fafc828a exit=0 wall_ms=429479 text=ee749f95deaf7647 role=child prefix_tokens=14282 suffix_tokens=22 model_ms=17352.5 context_ms=563.2 state_ms=30.31 prefix_ms=0.0 suffix_ms=17449.7 first_token_ms=40251.8 generation_ms=388691.8 generated=64 generation_tps=0.165
AGENT index=89 mig=31ffbfe4 exit=0 wall_ms=646690 text=1c667cb5fedb9f86 role=child prefix_tokens=14282 suffix_tokens=23 model_ms=18178.9 context_ms=381.1 state_ms=41.73 prefix_ms=0.0 suffix_ms=24075.5 first_token_ms=46883.3 generation_ms=599299.3 generated=64 generation_tps=0.107
AGENT index=90 mig=fafc828a exit=0 wall_ms=431392 text=60c80c7544928390 role=child prefix_tokens=14282 suffix_tokens=19 model_ms=17970.6 context_ms=552.4 state_ms=38.83 prefix_ms=0.0 suffix_ms=17618.5 first_token_ms=41073.9 generation_ms=389174.4 generated=64 generation_tps=0.164
AGENT index=91 mig=31ffbfe4 exit=0 wall_ms=638360 text=53bf5f843e651e69 role=child prefix_tokens=14282 suffix_tokens=21 model_ms=14560.9 context_ms=536.1 state_ms=66.31 prefix_ms=0.0 suffix_ms=10029.6 first_token_ms=30187.0 generation_ms=607747.9 generated=64 generation_tps=0.105
AGENT index=92 mig=fafc828a exit=0 wall_ms=426442 text=55ca375276db5f68 role=child prefix_tokens=14282 suffix_tokens=20 model_ms=17492.2 context_ms=609.9 state_ms=41.40 prefix_ms=0.0 suffix_ms=11613.0 first_token_ms=34009.1 generation_ms=391954.8 generated=64 generation_tps=0.163
AGENT index=93 mig=31ffbfe4 exit=0 wall_ms=646427 text=73d6260e27201aca role=child prefix_tokens=14282 suffix_tokens=22 model_ms=17236.8 context_ms=512.1 state_ms=26.10 prefix_ms=0.0 suffix_ms=23152.8 first_token_ms=45598.0 generation_ms=600311.2 generated=64 generation_tps=0.107
AGENT index=94 mig=fafc828a exit=0 wall_ms=412584 text=38c1c39363402a13 role=child prefix_tokens=14282 suffix_tokens=20 model_ms=12943.7 context_ms=1100.6 state_ms=38.09 prefix_ms=0.0 suffix_ms=2349.6 first_token_ms=21341.6 generation_ms=390770.8 generated=64 generation_tps=0.164
AGENT index=95 mig=31ffbfe4 exit=0 wall_ms=633598 text=590bbb0c65137929 role=child prefix_tokens=14282 suffix_tokens=22 model_ms=12352.0 context_ms=1429.9 state_ms=30.51 prefix_ms=0.0 suffix_ms=5613.7 first_token_ms=24397.5 generation_ms=608749.3 generated=64 generation_tps=0.105
AGENT index=96 mig=fafc828a exit=0 wall_ms=431708 text=e59bbc3a0165fd06 role=child prefix_tokens=14282 suffix_tokens=28 model_ms=18748.7 context_ms=342.1 state_ms=19.54 prefix_ms=0.0 suffix_ms=19614.2 first_token_ms=43436.4 generation_ms=386772.5 generated=64 generation_tps=0.165
AGENT index=97 mig=31ffbfe4 exit=0 wall_ms=646086 text=89edb58949305077 role=child prefix_tokens=14282 suffix_tokens=23 model_ms=17997.9 context_ms=352.4 state_ms=70.75 prefix_ms=0.0 suffix_ms=24200.0 first_token_ms=46606.2 generation_ms=598991.4 generated=64 generation_tps=0.107
AGENT index=98 mig=fafc828a exit=0 wall_ms=431642 text=aab90da000cbbc78 role=child prefix_tokens=14282 suffix_tokens=25 model_ms=19467.2 context_ms=247.6 state_ms=12.45 prefix_ms=0.0 suffix_ms=19802.8 first_token_ms=44038.3 generation_ms=386366.9 generated=64 generation_tps=0.166
AGENT index=99 mig=31ffbfe4 exit=0 wall_ms=643768 text=7338cfcb5de13da1 role=child prefix_tokens=14282 suffix_tokens=33 model_ms=16922.8 context_ms=396.7 state_ms=41.67 prefix_ms=0.0 suffix_ms=26034.0 first_token_ms=47380.8 generation_ms=595963.7 generated=64 generation_tps=0.107
AGENT index=100 mig=fafc828a exit=0 wall_ms=431160 text=b540e3e1c692887f role=child prefix_tokens=14282 suffix_tokens=25 model_ms=17758.1 context_ms=515.7 state_ms=23.99 prefix_ms=0.0 suffix_ms=19024.0 first_token_ms=42282.3 generation_ms=387737.6 generated=64 generation_tps=0.165
AGENT index=101 mig=31ffbfe4 exit=0 wall_ms=647144 text=893bcb51a45c0ea0 role=child prefix_tokens=14282 suffix_tokens=28 model_ms=17356.1 context_ms=651.0 state_ms=62.89 prefix_ms=0.0 suffix_ms=24617.0 first_token_ms=47023.5 generation_ms=599682.0 generated=64 generation_tps=0.107
AGENT index=102 mig=fafc828a exit=0 wall_ms=426828 text=02f5bec3a9bcfe46 role=child prefix_tokens=14282 suffix_tokens=23 model_ms=16180.9 context_ms=501.2 state_ms=22.10 prefix_ms=0.0 suffix_ms=8984.2 first_token_ms=30718.6 generation_ms=395604.4 generated=64 generation_tps=0.162
AGENT index=103 mig=31ffbfe4 exit=0 wall_ms=647937 text=3aaf37ebe3d83581 role=child prefix_tokens=14282 suffix_tokens=33 model_ms=19312.7 context_ms=315.4 state_ms=20.03 prefix_ms=0.0 suffix_ms=29993.0 first_token_ms=54073.5 generation_ms=593124.6 generated=64 generation_tps=0.108
AGENT index=104 mig=fafc828a exit=0 wall_ms=420168 text=31afa7a63f14db20 role=child prefix_tokens=14282 suffix_tokens=20 model_ms=15468.2 context_ms=366.3 state_ms=54.62 prefix_ms=0.0 suffix_ms=3292.5 first_token_ms=24026.8 generation_ms=395707.6 generated=64 generation_tps=0.162
AGENT index=105 mig=31ffbfe4 exit=0 wall_ms=637874 text=7b2521e285c9f555 role=child prefix_tokens=14282 suffix_tokens=20 model_ms=14433.3 context_ms=855.1 state_ms=43.39 prefix_ms=0.0 suffix_ms=9745.7 first_token_ms=29454.9 generation_ms=607983.5 generated=64 generation_tps=0.105
AGENT index=106 mig=fafc828a exit=0 wall_ms=385875 text=e4a42981bc259082 role=child prefix_tokens=14282 suffix_tokens=19 model_ms=10449.0 context_ms=545.0 state_ms=13.08 prefix_ms=0.0 suffix_ms=2113.2 first_token_ms=17570.9 generation_ms=367844.7 generated=64 generation_tps=0.174
AGENT index=107 mig=31ffbfe4 exit=0 wall_ms=648329 text=8233cb2eb3510c82 role=child prefix_tokens=14282 suffix_tokens=23 model_ms=18055.2 context_ms=414.2 state_ms=19.93 prefix_ms=0.0 suffix_ms=24284.0 first_token_ms=47820.7 generation_ms=599792.4 generated=64 generation_tps=0.107
AGENT index=108 mig=fafc828a exit=0 wall_ms=424648 text=24fb0f9744bf4869 role=child prefix_tokens=14282 suffix_tokens=22 model_ms=15943.1 context_ms=539.1 state_ms=38.68 prefix_ms=0.0 suffix_ms=7255.9 first_token_ms=28526.2 generation_ms=395712.2 generated=64 generation_tps=0.162
AGENT index=109 mig=31ffbfe4 exit=0 wall_ms=647584 text=727a3864ad4207e0 role=child prefix_tokens=14282 suffix_tokens=32 model_ms=16728.4 context_ms=477.7 state_ms=12.46 prefix_ms=0.0 suffix_ms=24353.2 first_token_ms=46550.2 generation_ms=600516.5 generated=64 generation_tps=0.107
AGENT index=110 mig=fafc828a exit=0 wall_ms=425615 text=03e613a85d26b396 role=child prefix_tokens=14282 suffix_tokens=22 model_ms=16000.8 context_ms=428.3 state_ms=38.48 prefix_ms=0.0 suffix_ms=8064.9 first_token_ms=29556.5 generation_ms=395592.4 generated=64 generation_tps=0.162
AGENT index=111 mig=31ffbfe4 exit=0 wall_ms=648274 text=bb59c99a10b1f7d2 role=child prefix_tokens=14282 suffix_tokens=27 model_ms=19331.2 context_ms=241.7 state_ms=24.55 prefix_ms=0.0 suffix_ms=24687.3 first_token_ms=48674.9 generation_ms=598762.5 generated=64 generation_tps=0.107
AGENT index=112 mig=fafc828a exit=0 wall_ms=431757 text=a464a7bd4fd043d2 role=child prefix_tokens=14282 suffix_tokens=26 model_ms=17405.2 context_ms=617.7 state_ms=27.79 prefix_ms=0.0 suffix_ms=19604.0 first_token_ms=42608.0 generation_ms=387767.4 generated=64 generation_tps=0.165
AGENT index=113 mig=31ffbfe4 exit=0 wall_ms=647754 text=a817e3187096789a role=child prefix_tokens=14282 suffix_tokens=23 model_ms=18061.1 context_ms=589.4 state_ms=11.24 prefix_ms=0.0 suffix_ms=24379.2 first_token_ms=47973.5 generation_ms=599197.2 generated=64 generation_tps=0.107
AGENT index=114 mig=fafc828a exit=0 wall_ms=431273 text=565de2c477e012e2 role=child prefix_tokens=14282 suffix_tokens=22 model_ms=17931.7 context_ms=631.7 state_ms=22.63 prefix_ms=0.0 suffix_ms=18059.8 first_token_ms=41328.6 generation_ms=388750.9 generated=64 generation_tps=0.165
AGENT index=115 mig=31ffbfe4 exit=0 wall_ms=549698 text=38cf4d1e302da1e3 role=child prefix_tokens=14282 suffix_tokens=19 model_ms=4806.5 context_ms=2889.2 state_ms=13.59 prefix_ms=0.0 suffix_ms=2995.3 first_token_ms=15112.9 generation_ms=534182.8 generated=64 generation_tps=0.120
AGENT index=116 mig=fafc828a exit=0 wall_ms=431522 text=126c8a08eb9eaa42 role=child prefix_tokens=14282 suffix_tokens=22 model_ms=18936.9 context_ms=259.4 state_ms=13.92 prefix_ms=0.0 suffix_ms=17600.4 first_token_ms=41739.6 generation_ms=388503.4 generated=64 generation_tps=0.165
AGENT index=117 mig=31ffbfe4 exit=0 wall_ms=648378 text=f0729f0438c7eea8 role=child prefix_tokens=14282 suffix_tokens=27 model_ms=18413.8 context_ms=464.3 state_ms=40.75 prefix_ms=0.0 suffix_ms=24771.1 first_token_ms=48574.6 generation_ms=599036.0 generated=64 generation_tps=0.107
MEMORY mem_available_drop_mib=90670 mem_available_before_mib=118122 mem_free_before_mib=35550 pss_anon_mib=33449 pss_file_mib=11185 pss_shmem_mib=10259 device_mib=46138 samples=41
END_CASE failed_agents=0 wall_ms=649613
END_KVSTACK
BEGIN_KVSTACK run=2 context=16384 publisher_mig=31ffbfe4 mem_free_mib=53046 kernel_reclaimable_mib=60133
PUBLISH store=stock prefix_tokens=14282 prefix_ms=56358.7 publish_ms=1458.15 state_bytes=2808185157
PUBLISH store=device prefix_tokens=14282 prefix_ms=56542.6 publish_ms=1462.14 state_bytes=2808185157
PUBLISH store=huge prefix_tokens=14282 prefix_ms=57013.7 publish_ms=15.94 state_bytes=229701 file_used_kib=2752512
CASE mode=both agents=118
AGENT index=0 mig=31ffbfe4 exit=0 wall_ms=625264 text=e59bbc3a0165fd06 role=child prefix_tokens=14282 suffix_tokens=27 model_ms=16833.4 context_ms=587.0 state_ms=50.00 prefix_ms=0.0 suffix_ms=16215.0 first_token_ms=37790.4 generation_ms=587062.1 generated=64 generation_tps=0.109
AGENT index=1 mig=fafc828a exit=0 wall_ms=409231 text=56addf3e4ad8f072 role=child prefix_tokens=14282 suffix_tokens=22 model_ms=19487.3 context_ms=614.4 state_ms=7.39 prefix_ms=0.0 suffix_ms=10467.9 first_token_ms=34785.4 generation_ms=373978.4 generated=64 generation_tps=0.171
AGENT index=2 mig=31ffbfe4 exit=0 wall_ms=631820 text=8783ec9362dd3345 role=child prefix_tokens=14282 suffix_tokens=24 model_ms=19227.2 context_ms=535.5 state_ms=10.57 prefix_ms=0.0 suffix_ms=18283.1 first_token_ms=42777.1 generation_ms=588230.6 generated=64 generation_tps=0.109
AGENT index=3 mig=fafc828a exit=0 wall_ms=411070 text=d175e888a3ecd939 role=child prefix_tokens=14282 suffix_tokens=32 model_ms=18565.3 context_ms=1002.0 state_ms=27.95 prefix_ms=0.0 suffix_ms=12630.8 first_token_ms=36416.0 generation_ms=373977.4 generated=64 generation_tps=0.171
AGENT index=4 mig=31ffbfe4 exit=0 wall_ms=627966 text=68e0c2526017228a role=child prefix_tokens=14282 suffix_tokens=23 model_ms=17269.8 context_ms=533.2 state_ms=57.75 prefix_ms=0.0 suffix_ms=15961.8 first_token_ms=38030.1 generation_ms=589556.4 generated=64 generation_tps=0.109
AGENT index=5 mig=fafc828a exit=0 wall_ms=408929 text=bd9c2ac8b55ff068 role=child prefix_tokens=14282 suffix_tokens=26 model_ms=16417.0 context_ms=560.3 state_ms=26.01 prefix_ms=0.0 suffix_ms=7294.8 first_token_ms=28680.7 generation_ms=379798.4 generated=64 generation_tps=0.169
AGENT index=6 mig=31ffbfe4 exit=0 wall_ms=629027 text=3a9dd7c6de1386dd role=child prefix_tokens=14282 suffix_tokens=21 model_ms=19179.8 context_ms=756.4 state_ms=16.74 prefix_ms=0.0 suffix_ms=18224.8 first_token_ms=42405.5 generation_ms=586187.2 generated=64 generation_tps=0.109
AGENT index=7 mig=fafc828a exit=0 wall_ms=414468 text=3aaf37ebe3d83581 role=child prefix_tokens=14282 suffix_tokens=31 model_ms=19461.7 context_ms=483.3 state_ms=6.88 prefix_ms=0.0 suffix_ms=12912.5 first_token_ms=37082.5 generation_ms=376104.8 generated=64 generation_tps=0.170
AGENT index=8 mig=31ffbfe4 exit=0 wall_ms=630958 text=31afa7a63f14db20 role=child prefix_tokens=14282 suffix_tokens=18 model_ms=19065.1 context_ms=544.0 state_ms=31.72 prefix_ms=0.0 suffix_ms=18099.2 first_token_ms=42159.4 generation_ms=588254.5 generated=64 generation_tps=0.109
AGENT index=9 mig=fafc828a exit=0 wall_ms=411004 text=40801b5652e9f199 role=child prefix_tokens=14282 suffix_tokens=18 model_ms=18452.3 context_ms=745.5 state_ms=34.56 prefix_ms=0.0 suffix_ms=10196.8 first_token_ms=33621.7 generation_ms=376766.0 generated=64 generation_tps=0.170
AGENT index=10 mig=31ffbfe4 exit=0 wall_ms=556432 text=4535b1d28500dda2 role=child prefix_tokens=14282 suffix_tokens=18 model_ms=8815.8 context_ms=2289.8 state_ms=15.55 prefix_ms=0.0 suffix_ms=2169.9 first_token_ms=16246.2 generation_ms=539758.3 generated=64 generation_tps=0.119
AGENT index=11 mig=fafc828a exit=0 wall_ms=412108 text=375a0f8e978236e5 role=child prefix_tokens=14282 suffix_tokens=22 model_ms=19161.9 context_ms=567.4 state_ms=18.54 prefix_ms=0.0 suffix_ms=10346.0 first_token_ms=34364.4 generation_ms=377140.9 generated=64 generation_tps=0.170
AGENT index=12 mig=31ffbfe4 exit=0 wall_ms=627137 text=74c90b6fff5c615d role=child prefix_tokens=14282 suffix_tokens=21 model_ms=17330.0 context_ms=477.4 state_ms=52.76 prefix_ms=0.0 suffix_ms=17020.4 first_token_ms=39091.3 generation_ms=587598.1 generated=64 generation_tps=0.109
AGENT index=13 mig=fafc828a exit=0 wall_ms=412938 text=b4e963fd5f4dba36 role=child prefix_tokens=14282 suffix_tokens=31 model_ms=19983.1 context_ms=266.0 state_ms=8.62 prefix_ms=0.0 suffix_ms=13333.6 first_token_ms=37810.8 generation_ms=374535.4 generated=64 generation_tps=0.171
AGENT index=14 mig=31ffbfe4 exit=0 wall_ms=558251 text=03e613a85d26b396 role=child prefix_tokens=14282 suffix_tokens=21 model_ms=9611.6 context_ms=1070.3 state_ms=5.92 prefix_ms=0.0 suffix_ms=2017.1 first_token_ms=16318.4 generation_ms=541481.5 generated=64 generation_tps=0.118
AGENT index=15 mig=fafc828a exit=0 wall_ms=413976 text=ae3ce71edf0ce076 role=child prefix_tokens=14282 suffix_tokens=26 model_ms=19085.4 context_ms=664.2 state_ms=21.41 prefix_ms=0.0 suffix_ms=12840.1 first_token_ms=36902.8 generation_ms=376003.6 generated=64 generation_tps=0.170
AGENT index=16 mig=31ffbfe4 exit=0 wall_ms=631703 text=4b9fce9251b6ca5c role=child prefix_tokens=14282 suffix_tokens=25 model_ms=19372.0 context_ms=301.4 state_ms=23.26 prefix_ms=0.0 suffix_ms=19917.1 first_token_ms=44303.8 generation_ms=586592.0 generated=64 generation_tps=0.109
AGENT index=17 mig=fafc828a exit=0 wall_ms=413576 text=ee527e678b1e8853 role=child prefix_tokens=14282 suffix_tokens=22 model_ms=18911.8 context_ms=684.4 state_ms=13.98 prefix_ms=0.0 suffix_ms=10459.5 first_token_ms=34889.0 generation_ms=377850.9 generated=64 generation_tps=0.169
AGENT index=18 mig=31ffbfe4 exit=0 wall_ms=616238 text=c52bec4c0d8d48f5 role=child prefix_tokens=14282 suffix_tokens=21 model_ms=13301.3 context_ms=1180.1 state_ms=66.36 prefix_ms=0.0 suffix_ms=3870.4 first_token_ms=23167.2 generation_ms=592588.6 generated=64 generation_tps=0.108
AGENT index=19 mig=fafc828a exit=0 wall_ms=413710 text=1c771df96f4172e7 role=child prefix_tokens=14282 suffix_tokens=18 model_ms=19176.7 context_ms=740.7 state_ms=15.34 prefix_ms=0.0 suffix_ms=10556.8 first_token_ms=34912.6 generation_ms=377696.1 generated=64 generation_tps=0.169
AGENT index=20 mig=31ffbfe4 exit=0 wall_ms=632275 text=193298a0b92db13c role=child prefix_tokens=14282 suffix_tokens=21 model_ms=18759.4 context_ms=659.4 state_ms=31.23 prefix_ms=0.0 suffix_ms=18219.2 first_token_ms=42160.7 generation_ms=589033.8 generated=64 generation_tps=0.109
AGENT index=21 mig=fafc828a exit=0 wall_ms=411521 text=3803ffa31d3bc8fb role=child prefix_tokens=14282 suffix_tokens=26 model_ms=19236.7 context_ms=518.9 state_ms=9.76 prefix_ms=0.0 suffix_ms=12825.0 first_token_ms=36963.3 generation_ms=373865.6 generated=64 generation_tps=0.171
AGENT index=22 mig=31ffbfe4 exit=0 wall_ms=629507 text=32334b2b9292c485 role=child prefix_tokens=14282 suffix_tokens=27 model_ms=16625.3 context_ms=353.0 state_ms=18.36 prefix_ms=0.0 suffix_ms=16318.3 first_token_ms=38174.8 generation_ms=590909.6 generated=64 generation_tps=0.108
AGENT index=23 mig=fafc828a exit=0 wall_ms=403037 text=4b01ddf73c283afd role=child prefix_tokens=14282 suffix_tokens=17 model_ms=15684.3 context_ms=539.1 state_ms=32.38 prefix_ms=0.0 suffix_ms=3188.2 first_token_ms=23825.5 generation_ms=378673.5 generated=64 generation_tps=0.169
AGENT index=24 mig=31ffbfe4 exit=0 wall_ms=627492 text=ee814cb7c59ae3a4 role=child prefix_tokens=14282 suffix_tokens=22 model_ms=16309.2 context_ms=490.9 state_ms=22.36 prefix_ms=0.0 suffix_ms=13997.8 first_token_ms=35514.7 generation_ms=591568.7 generated=64 generation_tps=0.108
AGENT index=25 mig=fafc828a exit=0 wall_ms=413012 text=1c667cb5fedb9f86 role=child prefix_tokens=14282 suffix_tokens=23 model_ms=18737.6 context_ms=420.3 state_ms=53.12 prefix_ms=0.0 suffix_ms=10435.3 first_token_ms=33885.1 generation_ms=378376.4 generated=64 generation_tps=0.169
AGENT index=26 mig=31ffbfe4 exit=0 wall_ms=631239 text=2c7414dadf353e9b role=child prefix_tokens=14282 suffix_tokens=19 model_ms=18672.5 context_ms=839.9 state_ms=6.61 prefix_ms=0.0 suffix_ms=18404.3 first_token_ms=42687.5 generation_ms=587852.4 generated=64 generation_tps=0.109
AGENT index=27 mig=fafc828a exit=0 wall_ms=408648 text=395778fd04b2e0a8 role=child prefix_tokens=14282 suffix_tokens=21 model_ms=17458.6 context_ms=527.1 state_ms=58.14 prefix_ms=0.0 suffix_ms=7921.6 first_token_ms=30194.3 generation_ms=377987.3 generated=64 generation_tps=0.169
AGENT index=28 mig=31ffbfe4 exit=0 wall_ms=629962 text=346b011f01e098df role=child prefix_tokens=14282 suffix_tokens=20 model_ms=18169.4 context_ms=1019.7 state_ms=45.98 prefix_ms=0.0 suffix_ms=18041.6 first_token_ms=41422.2 generation_ms=588136.5 generated=64 generation_tps=0.109
AGENT index=29 mig=fafc828a exit=0 wall_ms=402702 text=47a7f8d647999341 role=child prefix_tokens=14282 suffix_tokens=22 model_ms=16209.2 context_ms=536.1 state_ms=61.77 prefix_ms=0.0 suffix_ms=3092.0 first_token_ms=24018.1 generation_ms=378138.3 generated=64 generation_tps=0.169
AGENT index=30 mig=31ffbfe4 exit=0 wall_ms=630393 text=c004d66c8fd09637 role=child prefix_tokens=14282 suffix_tokens=20 model_ms=18359.4 context_ms=962.0 state_ms=27.99 prefix_ms=0.0 suffix_ms=17734.8 first_token_ms=41641.1 generation_ms=588311.8 generated=64 generation_tps=0.109
AGENT index=31 mig=fafc828a exit=0 wall_ms=412727 text=65a443d3ed42949e role=child prefix_tokens=14282 suffix_tokens=22 model_ms=18885.3 context_ms=619.2 state_ms=12.48 prefix_ms=0.0 suffix_ms=10426.8 first_token_ms=34834.2 generation_ms=377158.1 generated=64 generation_tps=0.170
AGENT index=32 mig=31ffbfe4 exit=0 wall_ms=613778 text=e59bbc3a0165fd06 role=child prefix_tokens=14282 suffix_tokens=28 model_ms=12853.9 context_ms=1179.6 state_ms=42.80 prefix_ms=0.0 suffix_ms=3295.0 first_token_ms=22119.5 generation_ms=591271.3 generated=64 generation_tps=0.108
AGENT index=33 mig=fafc828a exit=0 wall_ms=387527 text=89edb58949305077 role=child prefix_tokens=14282 suffix_tokens=23 model_ms=12426.0 context_ms=701.1 state_ms=20.26 prefix_ms=0.0 suffix_ms=2640.2 first_token_ms=20543.1 generation_ms=366493.8 generated=64 generation_tps=0.175
AGENT index=34 mig=31ffbfe4 exit=0 wall_ms=622404 text=5472c0b8cd517c0b role=child prefix_tokens=14282 suffix_tokens=25 model_ms=14754.5 context_ms=483.4 state_ms=54.79 prefix_ms=0.0 suffix_ms=8925.0 first_token_ms=28713.8 generation_ms=593276.6 generated=64 generation_tps=0.108
AGENT index=35 mig=fafc828a exit=0 wall_ms=413712 text=7338cfcb5de13da1 role=child prefix_tokens=14282 suffix_tokens=33 model_ms=19068.3 context_ms=567.2 state_ms=11.00 prefix_ms=0.0 suffix_ms=13987.7 first_token_ms=38012.2 generation_ms=374927.1 generated=64 generation_tps=0.171
AGENT index=36 mig=31ffbfe4 exit=0 wall_ms=621687 text=6dfe009e0aa9431b role=child prefix_tokens=14282 suffix_tokens=24 model_ms=15230.7 context_ms=398.1 state_ms=22.06 prefix_ms=0.0 suffix_ms=7491.5 first_token_ms=27431.7 generation_ms=593823.8 generated=64 generation_tps=0.108
AGENT index=37 mig=fafc828a exit=0 wall_ms=411605 text=c2763df6613b441a role=child prefix_tokens=14282 suffix_tokens=27 model_ms=18860.0 context_ms=752.0 state_ms=20.69 prefix_ms=0.0 suffix_ms=13041.6 first_token_ms=36785.6 generation_ms=374190.0 generated=64 generation_tps=0.171
AGENT index=38 mig=31ffbfe4 exit=0 wall_ms=631217 text=f09e321ed882ac10 role=child prefix_tokens=14282 suffix_tokens=22 model_ms=18739.2 context_ms=392.2 state_ms=9.91 prefix_ms=0.0 suffix_ms=18397.7 first_token_ms=42636.0 generation_ms=587851.3 generated=64 generation_tps=0.109
AGENT index=39 mig=fafc828a exit=0 wall_ms=412290 text=3aaf37ebe3d83581 role=child prefix_tokens=14282 suffix_tokens=32 model_ms=20001.4 context_ms=219.2 state_ms=9.77 prefix_ms=0.0 suffix_ms=13099.9 first_token_ms=37485.1 generation_ms=374276.2 generated=64 generation_tps=0.171
AGENT index=40 mig=31ffbfe4 exit=0 wall_ms=624447 text=31afa7a63f14db20 role=child prefix_tokens=14282 suffix_tokens=19 model_ms=15553.4 context_ms=728.1 state_ms=70.51 prefix_ms=0.0 suffix_ms=10754.2 first_token_ms=31254.2 generation_ms=592782.4 generated=64 generation_tps=0.108
AGENT index=41 mig=fafc828a exit=0 wall_ms=411646 text=a8fe2a1e14c63ec2 role=child prefix_tokens=14282 suffix_tokens=19 model_ms=19354.3 context_ms=478.6 state_ms=10.12 prefix_ms=0.0 suffix_ms=10510.7 first_token_ms=34786.1 generation_ms=376322.9 generated=64 generation_tps=0.170
AGENT index=42 mig=31ffbfe4 exit=0 wall_ms=632064 text=f0754c68ec13a75a role=child prefix_tokens=14282 suffix_tokens=18 model_ms=18569.8 context_ms=617.2 state_ms=22.14 prefix_ms=0.0 suffix_ms=18041.6 first_token_ms=42068.8 generation_ms=588993.3 generated=64 generation_tps=0.109
AGENT index=43 mig=fafc828a exit=0 wall_ms=411143 text=a81328667a614822 role=child prefix_tokens=14282 suffix_tokens=22 model_ms=17102.5 context_ms=820.0 state_ms=35.98 prefix_ms=0.0 suffix_ms=8552.4 first_token_ms=31335.2 generation_ms=379213.4 generated=64 generation_tps=0.169
AGENT index=44 mig=31ffbfe4 exit=0 wall_ms=631481 text=74c90b6fff5c615d role=child prefix_tokens=14282 suffix_tokens=21 model_ms=18042.8 context_ms=796.7 state_ms=26.93 prefix_ms=0.0 suffix_ms=18049.0 first_token_ms=41787.8 generation_ms=589002.6 generated=64 generation_tps=0.109
AGENT index=45 mig=fafc828a exit=0 wall_ms=414096 text=b4e963fd5f4dba36 role=child prefix_tokens=14282 suffix_tokens=31 model_ms=18955.2 context_ms=338.0 state_ms=7.18 prefix_ms=0.0 suffix_ms=13188.7 first_token_ms=37507.9 generation_ms=375482.0 generated=64 generation_tps=0.170
AGENT index=46 mig=31ffbfe4 exit=0 wall_ms=632245 text=03e613a85d26b396 role=child prefix_tokens=14282 suffix_tokens=21 model_ms=17878.9 context_ms=631.7 state_ms=51.21 prefix_ms=0.0 suffix_ms=18191.3 first_token_ms=41670.8 generation_ms=589378.9 generated=64 generation_tps=0.109
AGENT index=47 mig=fafc828a exit=0 wall_ms=413556 text=ae3ce71edf0ce076 role=child prefix_tokens=14282 suffix_tokens=26 model_ms=17498.1 context_ms=1008.5 state_ms=30.44 prefix_ms=0.0 suffix_ms=12737.2 first_token_ms=35974.9 generation_ms=376638.0 generated=64 generation_tps=0.170
AGENT index=48 mig=31ffbfe4 exit=0 wall_ms=628730 text=3e8631336d476f32 role=child prefix_tokens=14282 suffix_tokens=25 model_ms=16255.3 context_ms=438.9 state_ms=45.29 prefix_ms=0.0 suffix_ms=16636.5 first_token_ms=38177.3 generation_ms=590141.9 generated=64 generation_tps=0.108
AGENT index=49 mig=fafc828a exit=0 wall_ms=410696 text=6ff21e8aafb27d95 role=child prefix_tokens=14282 suffix_tokens=22 model_ms=17431.1 context_ms=667.6 state_ms=26.38 prefix_ms=0.0 suffix_ms=9141.4 first_token_ms=31826.9 generation_ms=378282.0 generated=64 generation_tps=0.169
AGENT index=50 mig=31ffbfe4 exit=0 wall_ms=632063 text=30bdabc70035bf0a role=child prefix_tokens=14282 suffix_tokens=21 model_ms=18335.9 context_ms=744.7 state_ms=44.32 prefix_ms=0.0 suffix_ms=18025.2 first_token_ms=41942.4 generation_ms=589144.1 generated=64 generation_tps=0.109
AGENT index=51 mig=fafc828a exit=0 wall_ms=410755 text=38cf4d1e302da1e3 role=child prefix_tokens=14282 suffix_tokens=18 model_ms=18166.5 context_ms=139.4 state_ms=33.93 prefix_ms=0.0 suffix_ms=9783.1 first_token_ms=32814.5 generation_ms=377376.7 generated=64 generation_tps=0.170
AGENT index=52 mig=31ffbfe4 exit=0 wall_ms=632085 text=db3576fca55ed0c6 role=child prefix_tokens=14282 suffix_tokens=21 model_ms=19310.7 context_ms=477.9 state_ms=22.49 prefix_ms=0.0 suffix_ms=18171.2 first_token_ms=42413.6 generation_ms=588460.3 generated=64 generation_tps=0.109
AGENT index=53 mig=fafc828a exit=0 wall_ms=325527 text=64ab5c3493ad7d60 role=child prefix_tokens=14282 suffix_tokens=26 model_ms=6890.9 context_ms=2749.7 state_ms=16.23 prefix_ms=0.0 suffix_ms=1680.9 first_token_ms=15412.5 generation_ms=305431.7 generated=64 generation_tps=0.210
AGENT index=54 mig=31ffbfe4 exit=0 wall_ms=632248 text=165202180964e907 role=child prefix_tokens=14282 suffix_tokens=27 model_ms=17423.3 context_ms=884.3 state_ms=39.55 prefix_ms=0.0 suffix_ms=18668.7 first_token_ms=41957.0 generation_ms=589167.7 generated=64 generation_tps=0.109
AGENT index=55 mig=fafc828a exit=0 wall_ms=412209 text=4b01ddf73c283afd role=child prefix_tokens=14282 suffix_tokens=17 model_ms=19246.9 context_ms=437.5 state_ms=9.86 prefix_ms=0.0 suffix_ms=10511.6 first_token_ms=34644.2 generation_ms=377022.4 generated=64 generation_tps=0.170
AGENT index=56 mig=31ffbfe4 exit=0 wall_ms=630727 text=4b81f04b2e871391 role=child prefix_tokens=14282 suffix_tokens=22 model_ms=17289.2 context_ms=735.1 state_ms=33.29 prefix_ms=0.0 suffix_ms=17850.2 first_token_ms=40577.0 generation_ms=589638.1 generated=64 generation_tps=0.109
AGENT index=57 mig=fafc828a exit=0 wall_ms=412395 text=1c667cb5fedb9f86 role=child prefix_tokens=14282 suffix_tokens=23 model_ms=17598.8 context_ms=682.0 state_ms=38.08 prefix_ms=0.0 suffix_ms=10065.5 first_token_ms=33082.6 generation_ms=378734.4 generated=64 generation_tps=0.169
AGENT index=58 mig=31ffbfe4 exit=0 wall_ms=631382 text=bab3f9f2f4f63895 role=child prefix_tokens=14282 suffix_tokens=19 model_ms=18903.3 context_ms=661.7 state_ms=19.66 prefix_ms=0.0 suffix_ms=18176.4 first_token_ms=41906.4 generation_ms=588721.8 generated=64 generation_tps=0.109
AGENT index=59 mig=fafc828a exit=0 wall_ms=409111 text=d27133e6716db7fb role=child prefix_tokens=14282 suffix_tokens=21 model_ms=17007.2 context_ms=616.3 state_ms=43.81 prefix_ms=0.0 suffix_ms=7369.9 first_token_ms=29370.0 generation_ms=379235.7 generated=64 generation_tps=0.169
AGENT index=60 mig=31ffbfe4 exit=0 wall_ms=631503 text=346b011f01e098df role=child prefix_tokens=14282 suffix_tokens=20 model_ms=17699.4 context_ms=945.9 state_ms=25.01 prefix_ms=0.0 suffix_ms=18360.2 first_token_ms=41710.6 generation_ms=589127.6 generated=64 generation_tps=0.109
AGENT index=61 mig=fafc828a exit=0 wall_ms=403673 text=0e5d988e9fb8002d role=child prefix_tokens=14282 suffix_tokens=22 model_ms=15620.0 context_ms=467.7 state_ms=33.93 prefix_ms=0.0 suffix_ms=3166.8 first_token_ms=24081.7 generation_ms=379120.8 generated=64 generation_tps=0.169
AGENT index=62 mig=31ffbfe4 exit=0 wall_ms=631973 text=9519112db9bef89a role=child prefix_tokens=14282 suffix_tokens=20 model_ms=19771.8 context_ms=301.5 state_ms=6.56 prefix_ms=0.0 suffix_ms=18137.3 first_token_ms=42487.7 generation_ms=588358.7 generated=64 generation_tps=0.109
AGENT index=63 mig=fafc828a exit=0 wall_ms=410913 text=6de1332b6468dc77 role=child prefix_tokens=14282 suffix_tokens=22 model_ms=17233.9 context_ms=612.0 state_ms=38.80 prefix_ms=0.0 suffix_ms=9577.7 first_token_ms=32373.7 generation_ms=378014.0 generated=64 generation_tps=0.169
AGENT index=64 mig=31ffbfe4 exit=0 wall_ms=556011 text=e59bbc3a0165fd06 role=child prefix_tokens=14282 suffix_tokens=28 model_ms=4894.8 context_ms=3112.5 state_ms=15.44 prefix_ms=0.0 suffix_ms=2898.0 first_token_ms=15836.0 generation_ms=539748.7 generated=64 generation_tps=0.119
AGENT index=65 mig=fafc828a exit=0 wall_ms=406345 text=89edb58949305077 role=child prefix_tokens=14282 suffix_tokens=23 model_ms=15750.6 context_ms=742.1 state_ms=54.57 prefix_ms=0.0 suffix_ms=5013.1 first_token_ms=26453.1 generation_ms=379435.2 generated=64 generation_tps=0.169
AGENT index=66 mig=31ffbfe4 exit=0 wall_ms=631617 text=653dd3243ff5beb6 role=child prefix_tokens=14282 suffix_tokens=25 model_ms=18951.1 context_ms=839.6 state_ms=15.29 prefix_ms=0.0 suffix_ms=19564.5 first_token_ms=43610.7 generation_ms=587099.2 generated=64 generation_tps=0.109
AGENT index=67 mig=fafc828a exit=0 wall_ms=413743 text=7338cfcb5de13da1 role=child prefix_tokens=14282 suffix_tokens=33 model_ms=19401.5 context_ms=218.4 state_ms=6.11 prefix_ms=0.0 suffix_ms=14342.6 first_token_ms=38583.2 generation_ms=373975.4 generated=64 generation_tps=0.171
AGENT index=68 mig=31ffbfe4 exit=0 wall_ms=631477 text=25e1ae5fe8cc7439 role=child prefix_tokens=14282 suffix_tokens=24 model_ms=18876.1 context_ms=646.7 state_ms=10.37 prefix_ms=0.0 suffix_ms=18282.8 first_token_ms=42264.8 generation_ms=588514.7 generated=64 generation_tps=0.109
AGENT index=69 mig=fafc828a exit=0 wall_ms=414268 text=c2763df6613b441a role=child prefix_tokens=14282 suffix_tokens=27 model_ms=18542.5 context_ms=482.0 state_ms=6.88 prefix_ms=0.0 suffix_ms=12728.4 first_token_ms=36787.2 generation_ms=376209.1 generated=64 generation_tps=0.170
AGENT index=70 mig=31ffbfe4 exit=0 wall_ms=630600 text=f09e321ed882ac10 role=child prefix_tokens=14282 suffix_tokens=22 model_ms=17832.5 context_ms=544.3 state_ms=46.39 prefix_ms=0.0 suffix_ms=18615.6 first_token_ms=41404.7 generation_ms=588670.4 generated=64 generation_tps=0.109
AGENT index=71 mig=fafc828a exit=0 wall_ms=412968 text=3aaf37ebe3d83581 role=child prefix_tokens=14282 suffix_tokens=32 model_ms=18958.1 context_ms=595.0 state_ms=12.41 prefix_ms=0.0 suffix_ms=12968.1 first_token_ms=36951.4 generation_ms=375319.0 generated=64 generation_tps=0.171
AGENT index=72 mig=31ffbfe4 exit=0 wall_ms=632134 text=b3f898c95dedc7ee role=child prefix_tokens=14282 suffix_tokens=19 model_ms=17897.6 context_ms=575.2 state_ms=18.58 prefix_ms=0.0 suffix_ms=18430.5 first_token_ms=41794.0 generation_ms=589202.3 generated=64 generation_tps=0.109
AGENT index=73 mig=fafc828a exit=0 wall_ms=411844 text=3073c542aabd2ef6 role=child prefix_tokens=14282 suffix_tokens=19 model_ms=19178.3 context_ms=349.2 state_ms=20.01 prefix_ms=0.0 suffix_ms=10290.8 first_token_ms=34247.8 generation_ms=376964.2 generated=64 generation_tps=0.170
AGENT index=74 mig=31ffbfe4 exit=0 wall_ms=624838 text=e4a42981bc259082 role=child prefix_tokens=14282 suffix_tokens=18 model_ms=16056.7 context_ms=406.5 state_ms=60.18 prefix_ms=0.0 suffix_ms=11584.1 first_token_ms=32198.0 generation_ms=592200.9 generated=64 generation_tps=0.108
AGENT index=75 mig=fafc828a exit=0 wall_ms=414079 text=375a0f8e978236e5 role=child prefix_tokens=14282 suffix_tokens=22 model_ms=18724.0 context_ms=678.6 state_ms=17.39 prefix_ms=0.0 suffix_ms=10581.3 first_token_ms=34829.7 generation_ms=378036.5 generated=64 generation_tps=0.169
AGENT index=76 mig=31ffbfe4 exit=0 wall_ms=632036 text=74c90b6fff5c615d role=child prefix_tokens=14282 suffix_tokens=21 model_ms=18746.1 context_ms=363.0 state_ms=11.56 prefix_ms=0.0 suffix_ms=18307.9 first_token_ms=42461.2 generation_ms=588599.0 generated=64 generation_tps=0.109
AGENT index=77 mig=fafc828a exit=0 wall_ms=402403 text=490272faf96b7022 role=child prefix_tokens=14282 suffix_tokens=31 model_ms=14438.6 context_ms=692.1 state_ms=60.92 prefix_ms=0.0 suffix_ms=3110.9 first_token_ms=23256.5 generation_ms=378655.5 generated=64 generation_tps=0.169
AGENT index=78 mig=31ffbfe4 exit=0 wall_ms=630786 text=03e613a85d26b396 role=child prefix_tokens=14282 suffix_tokens=21 model_ms=19630.6 context_ms=382.7 state_ms=19.95 prefix_ms=0.0 suffix_ms=18190.2 first_token_ms=42387.0 generation_ms=587840.6 generated=64 generation_tps=0.109
AGENT index=79 mig=fafc828a exit=0 wall_ms=412490 text=ae3ce71edf0ce076 role=child prefix_tokens=14282 suffix_tokens=26 model_ms=16947.5 context_ms=617.8 state_ms=26.58 prefix_ms=0.0 suffix_ms=11989.0 first_token_ms=34155.1 generation_ms=377731.7 generated=64 generation_tps=0.169
AGENT index=80 mig=31ffbfe4 exit=0 wall_ms=631731 text=3ee33c49b4d558ac role=child prefix_tokens=14282 suffix_tokens=25 model_ms=16873.0 context_ms=499.9 state_ms=30.26 prefix_ms=0.0 suffix_ms=18345.1 first_token_ms=40007.5 generation_ms=590865.4 generated=64 generation_tps=0.108
AGENT index=81 mig=fafc828a exit=0 wall_ms=325438 text=6d6ea9418b22baee role=child prefix_tokens=14282 suffix_tokens=22 model_ms=6965.8 context_ms=2564.5 state_ms=15.75 prefix_ms=0.0 suffix_ms=1473.9 first_token_ms=15191.1 generation_ms=305150.7 generated=64 generation_tps=0.210
AGENT index=82 mig=31ffbfe4 exit=0 wall_ms=570085 text=d1eeec4e9864f3ad role=child prefix_tokens=14282 suffix_tokens=21 model_ms=10076.4 context_ms=664.8 state_ms=15.32 prefix_ms=0.0 suffix_ms=1892.3 first_token_ms=16968.5 generation_ms=552737.5 generated=64 generation_tps=0.116
AGENT index=83 mig=fafc828a exit=0 wall_ms=325433 text=38cf4d1e302da1e3 role=child prefix_tokens=14282 suffix_tokens=18 model_ms=6872.0 context_ms=2330.3 state_ms=15.36 prefix_ms=0.0 suffix_ms=1112.5 first_token_ms=14989.2 generation_ms=302184.5 generated=64 generation_tps=0.212
AGENT index=84 mig=31ffbfe4 exit=0 wall_ms=628229 text=126c8a08eb9eaa42 role=child prefix_tokens=14282 suffix_tokens=21 model_ms=16360.0 context_ms=511.1 state_ms=31.90 prefix_ms=0.0 suffix_ms=15546.9 first_token_ms=37348.0 generation_ms=590451.2 generated=64 generation_tps=0.108
AGENT index=85 mig=fafc828a exit=0 wall_ms=413238 text=3803ffa31d3bc8fb role=child prefix_tokens=14282 suffix_tokens=26 model_ms=17396.0 context_ms=555.8 state_ms=30.29 prefix_ms=0.0 suffix_ms=12564.1 first_token_ms=35175.9 generation_ms=377336.5 generated=64 generation_tps=0.170
AGENT index=86 mig=31ffbfe4 exit=0 wall_ms=620557 text=63b95de8140a6c6d role=child prefix_tokens=14282 suffix_tokens=27 model_ms=13737.8 context_ms=659.3 state_ms=54.37 prefix_ms=0.0 suffix_ms=6905.1 first_token_ms=26093.1 generation_ms=594054.5 generated=64 generation_tps=0.108
AGENT index=87 mig=fafc828a exit=0 wall_ms=413763 text=4b01ddf73c283afd role=child prefix_tokens=14282 suffix_tokens=17 model_ms=18684.8 context_ms=464.8 state_ms=7.77 prefix_ms=0.0 suffix_ms=10346.7 first_token_ms=34359.5 generation_ms=378257.3 generated=64 generation_tps=0.169
AGENT index=88 mig=31ffbfe4 exit=0 wall_ms=624929 text=4b81f04b2e871391 role=child prefix_tokens=14282 suffix_tokens=22 model_ms=15361.2 context_ms=506.1 state_ms=54.69 prefix_ms=0.0 suffix_ms=10945.3 first_token_ms=31771.2 generation_ms=592672.3 generated=64 generation_tps=0.108
AGENT index=89 mig=fafc828a exit=0 wall_ms=402560 text=1c667cb5fedb9f86 role=child prefix_tokens=14282 suffix_tokens=23 model_ms=15445.3 context_ms=595.5 state_ms=55.07 prefix_ms=0.0 suffix_ms=3088.7 first_token_ms=23383.8 generation_ms=378606.1 generated=64 generation_tps=0.169
AGENT index=90 mig=31ffbfe4 exit=0 wall_ms=628958 text=60c80c7544928390 role=child prefix_tokens=14282 suffix_tokens=19 model_ms=17054.1 context_ms=433.8 state_ms=30.22 prefix_ms=0.0 suffix_ms=16571.9 first_token_ms=38384.5 generation_ms=590158.5 generated=64 generation_tps=0.108
AGENT index=91 mig=fafc828a exit=0 wall_ms=414103 text=78492f82ef9b15c0 role=child prefix_tokens=14282 suffix_tokens=21 model_ms=18350.1 context_ms=782.8 state_ms=13.47 prefix_ms=0.0 suffix_ms=10527.9 first_token_ms=34680.7 generation_ms=378219.7 generated=64 generation_tps=0.169
AGENT index=92 mig=31ffbfe4 exit=0 wall_ms=630839 text=8c05e9a8540e63bb role=child prefix_tokens=14282 suffix_tokens=20 model_ms=17616.6 context_ms=922.3 state_ms=46.70 prefix_ms=0.0 suffix_ms=18162.4 first_token_ms=41336.3 generation_ms=588863.0 generated=64 generation_tps=0.109
AGENT index=93 mig=fafc828a exit=0 wall_ms=413575 text=a8684d050a827ca0 role=child prefix_tokens=14282 suffix_tokens=22 model_ms=19008.0 context_ms=273.8 state_ms=14.21 prefix_ms=0.0 suffix_ms=10616.3 first_token_ms=34754.6 generation_ms=377902.9 generated=64 generation_tps=0.169
AGENT index=94 mig=31ffbfe4 exit=0 wall_ms=631947 text=af45a9819a91da50 role=child prefix_tokens=14282 suffix_tokens=20 model_ms=18273.7 context_ms=514.8 state_ms=26.48 prefix_ms=0.0 suffix_ms=18129.1 first_token_ms=41818.6 generation_ms=589146.4 generated=64 generation_tps=0.109
AGENT index=95 mig=fafc828a exit=0 wall_ms=411165 text=590bbb0c65137929 role=child prefix_tokens=14282 suffix_tokens=22 model_ms=18026.2 context_ms=652.1 state_ms=31.05 prefix_ms=0.0 suffix_ms=9610.7 first_token_ms=32643.2 generation_ms=377877.7 generated=64 generation_tps=0.169
AGENT index=96 mig=31ffbfe4 exit=0 wall_ms=629942 text=e59bbc3a0165fd06 role=child prefix_tokens=14282 suffix_tokens=28 model_ms=16961.1 context_ms=741.9 state_ms=34.23 prefix_ms=0.0 suffix_ms=18526.8 first_token_ms=40968.1 generation_ms=588507.9 generated=64 generation_tps=0.109
AGENT index=97 mig=fafc828a exit=0 wall_ms=414261 text=89edb58949305077 role=child prefix_tokens=14282 suffix_tokens=23 model_ms=18458.1 context_ms=647.2 state_ms=11.68 prefix_ms=0.0 suffix_ms=10828.8 first_token_ms=34957.6 generation_ms=377840.6 generated=64 generation_tps=0.169
AGENT index=98 mig=31ffbfe4 exit=0 wall_ms=630933 text=aab90da000cbbc78 role=child prefix_tokens=14282 suffix_tokens=25 model_ms=19196.2 context_ms=441.2 state_ms=12.04 prefix_ms=0.0 suffix_ms=19702.9 first_token_ms=43739.9 generation_ms=586427.6 generated=64 generation_tps=0.109
AGENT index=99 mig=fafc828a exit=0 wall_ms=412339 text=d175e888a3ecd939 role=child prefix_tokens=14282 suffix_tokens=33 model_ms=16559.1 context_ms=756.1 state_ms=20.90 prefix_ms=0.0 suffix_ms=11315.1 first_token_ms=33168.8 generation_ms=378562.3 generated=64 generation_tps=0.169
AGENT index=100 mig=31ffbfe4 exit=0 wall_ms=623466 text=a822a861ab6da153 role=child prefix_tokens=14282 suffix_tokens=25 model_ms=14445.0 context_ms=335.7 state_ms=45.76 prefix_ms=0.0 suffix_ms=10493.9 first_token_ms=30208.0 generation_ms=592838.0 generated=64 generation_tps=0.108
AGENT index=101 mig=fafc828a exit=0 wall_ms=413774 text=c2763df6613b441a role=child prefix_tokens=14282 suffix_tokens=28 model_ms=17810.3 context_ms=758.5 state_ms=15.30 prefix_ms=0.0 suffix_ms=12602.2 first_token_ms=35892.7 generation_ms=376454.8 generated=64 generation_tps=0.170
AGENT index=102 mig=31ffbfe4 exit=0 wall_ms=630891 text=34b50509e937f859 role=child prefix_tokens=14282 suffix_tokens=23 model_ms=18628.5 context_ms=728.1 state_ms=18.55 prefix_ms=0.0 suffix_ms=18278.0 first_token_ms=42147.1 generation_ms=588082.3 generated=64 generation_tps=0.109
AGENT index=103 mig=fafc828a exit=0 wall_ms=414321 text=3aaf37ebe3d83581 role=child prefix_tokens=14282 suffix_tokens=33 model_ms=18079.0 context_ms=665.0 state_ms=18.34 prefix_ms=0.0 suffix_ms=14002.5 first_token_ms=37701.5 generation_ms=375219.4 generated=64 generation_tps=0.171
AGENT index=104 mig=31ffbfe4 exit=0 wall_ms=618776 text=31afa7a63f14db20 role=child prefix_tokens=14282 suffix_tokens=20 model_ms=13954.2 context_ms=599.6 state_ms=45.83 prefix_ms=0.0 suffix_ms=5211.4 first_token_ms=24324.6 generation_ms=593987.4 generated=64 generation_tps=0.108
AGENT index=105 mig=fafc828a exit=0 wall_ms=401178 text=98d67ea029d68c2c role=child prefix_tokens=14282 suffix_tokens=20 model_ms=14879.7 context_ms=679.7 state_ms=66.45 prefix_ms=0.0 suffix_ms=2638.4 first_token_ms=23079.9 generation_ms=377644.3 generated=64 generation_tps=0.169
AGENT index=106 mig=31ffbfe4 exit=0 wall_ms=630635 text=852f5148827e8d8c role=child prefix_tokens=14282 suffix_tokens=19 model_ms=17397.8 context_ms=761.7 state_ms=23.17 prefix_ms=0.0 suffix_ms=17616.7 first_token_ms=40492.8 generation_ms=589531.3 generated=64 generation_tps=0.109
AGENT index=107 mig=fafc828a exit=0 wall_ms=412592 text=e4acf0000b60a65c role=child prefix_tokens=14282 suffix_tokens=23 model_ms=18384.6 context_ms=572.6 state_ms=10.77 prefix_ms=0.0 suffix_ms=10283.6 first_token_ms=34157.1 generation_ms=377661.7 generated=64 generation_tps=0.169
AGENT index=108 mig=31ffbfe4 exit=0 wall_ms=631581 text=74c90b6fff5c615d role=child prefix_tokens=14282 suffix_tokens=22 model_ms=18682.9 context_ms=428.8 state_ms=34.11 prefix_ms=0.0 suffix_ms=18257.9 first_token_ms=41553.0 generation_ms=589191.1 generated=64 generation_tps=0.109
AGENT index=109 mig=fafc828a exit=0 wall_ms=414161 text=4167344764e2ea53 role=child prefix_tokens=14282 suffix_tokens=32 model_ms=18258.1 context_ms=861.8 state_ms=20.08 prefix_ms=0.0 suffix_ms=12865.3 first_token_ms=36620.4 generation_ms=376206.9 generated=64 generation_tps=0.170
AGENT index=110 mig=31ffbfe4 exit=0 wall_ms=631976 text=03e613a85d26b396 role=child prefix_tokens=14282 suffix_tokens=22 model_ms=18362.2 context_ms=586.8 state_ms=15.48 prefix_ms=0.0 suffix_ms=17976.4 first_token_ms=41859.1 generation_ms=589063.7 generated=64 generation_tps=0.109
AGENT index=111 mig=fafc828a exit=0 wall_ms=331409 text=bb59c99a10b1f7d2 role=child prefix_tokens=14282 suffix_tokens=27 model_ms=5794.7 context_ms=3131.9 state_ms=7.27 prefix_ms=0.0 suffix_ms=2666.0 first_token_ms=15818.6 generation_ms=315133.1 generated=64 generation_tps=0.203
AGENT index=112 mig=31ffbfe4 exit=0 wall_ms=630256 text=f3c6e53e9628d37b role=child prefix_tokens=14282 suffix_tokens=26 model_ms=16996.3 context_ms=590.2 state_ms=26.55 prefix_ms=0.0 suffix_ms=18620.1 first_token_ms=40948.4 generation_ms=588855.7 generated=64 generation_tps=0.109
AGENT index=113 mig=fafc828a exit=0 wall_ms=411903 text=0d9008cd4be5f3b7 role=child prefix_tokens=14282 suffix_tokens=23 model_ms=18674.4 context_ms=848.6 state_ms=13.91 prefix_ms=0.0 suffix_ms=10543.6 first_token_ms=34340.2 generation_ms=377069.0 generated=64 generation_tps=0.170
AGENT index=114 mig=31ffbfe4 exit=0 wall_ms=629933 text=f022712f39a0b99e role=child prefix_tokens=14282 suffix_tokens=22 model_ms=18279.3 context_ms=770.0 state_ms=48.23 prefix_ms=0.0 suffix_ms=18326.2 first_token_ms=41471.3 generation_ms=587951.1 generated=64 generation_tps=0.109
AGENT index=115 mig=fafc828a exit=0 wall_ms=411259 text=38cf4d1e302da1e3 role=child prefix_tokens=14282 suffix_tokens=19 model_ms=18518.9 context_ms=607.5 state_ms=24.17 prefix_ms=0.0 suffix_ms=10478.7 first_token_ms=34426.5 generation_ms=376289.4 generated=64 generation_tps=0.170
AGENT index=116 mig=31ffbfe4 exit=0 wall_ms=627437 text=126c8a08eb9eaa42 role=child prefix_tokens=14282 suffix_tokens=22 model_ms=16054.8 context_ms=493.7 state_ms=54.30 prefix_ms=0.0 suffix_ms=15074.8 first_token_ms=36446.6 generation_ms=590570.0 generated=64 generation_tps=0.108
AGENT index=117 mig=fafc828a exit=0 wall_ms=397039 text=d904caef7b27cf33 role=child prefix_tokens=14282 suffix_tokens=27 model_ms=13602.2 context_ms=734.3 state_ms=34.68 prefix_ms=0.0 suffix_ms=2892.8 first_token_ms=21932.8 generation_ms=374662.3 generated=64 generation_tps=0.171
MEMORY mem_available_drop_mib=89773 mem_available_before_mib=118178 mem_free_before_mib=44532 pss_anon_mib=32419 pss_file_mib=11079 pss_shmem_mib=10253 device_mib=46138 samples=39
END_CASE failed_agents=0 wall_ms=633132
END_KVSTACK
BEGIN_KVSTACK run=3 context=16384 publisher_mig=fafc828a mem_free_mib=53609 kernel_reclaimable_mib=59606
PUBLISH store=stock prefix_tokens=14282 prefix_ms=38158.9 publish_ms=1446.37 state_bytes=2808185157
PUBLISH store=device prefix_tokens=14282 prefix_ms=38314.4 publish_ms=1451.08 state_bytes=2808185157
PUBLISH store=huge prefix_tokens=14282 prefix_ms=38858.1 publish_ms=16.04 state_bytes=229701 file_used_kib=2752512
CASE mode=both agents=118
AGENT index=0 mig=fafc828a exit=0 wall_ms=412813 text=981e4f586523a56b role=child prefix_tokens=14282 suffix_tokens=27 model_ms=19273.2 context_ms=416.8 state_ms=9.89 prefix_ms=0.0 suffix_ms=12527.7 first_token_ms=36589.6 generation_ms=375682.9 generated=64 generation_tps=0.170
AGENT index=1 mig=31ffbfe4 exit=0 wall_ms=618754 text=89edb58949305077 role=child prefix_tokens=14282 suffix_tokens=22 model_ms=13804.5 context_ms=938.5 state_ms=34.57 prefix_ms=0.0 suffix_ms=4915.8 first_token_ms=23878.1 generation_ms=594471.8 generated=64 generation_tps=0.108
AGENT index=2 mig=fafc828a exit=0 wall_ms=415442 text=9927243a9fb99892 role=child prefix_tokens=14282 suffix_tokens=24 model_ms=19851.4 context_ms=406.9 state_ms=22.02 prefix_ms=0.0 suffix_ms=10151.6 first_token_ms=34713.8 generation_ms=378680.7 generated=64 generation_tps=0.169
AGENT index=3 mig=31ffbfe4 exit=0 wall_ms=632236 text=7338cfcb5de13da1 role=child prefix_tokens=14282 suffix_tokens=32 model_ms=17811.5 context_ms=382.7 state_ms=30.62 prefix_ms=0.0 suffix_ms=17990.5 first_token_ms=40886.2 generation_ms=590903.6 generated=64 generation_tps=0.108
AGENT index=4 mig=fafc828a exit=0 wall_ms=415778 text=106848bd86c1fe79 role=child prefix_tokens=14282 suffix_tokens=23 model_ms=19373.0 context_ms=567.9 state_ms=23.97 prefix_ms=0.0 suffix_ms=10468.4 first_token_ms=35159.4 generation_ms=378111.7 generated=64 generation_tps=0.169
AGENT index=5 mig=31ffbfe4 exit=0 wall_ms=633234 text=c2763df6613b441a role=child prefix_tokens=14282 suffix_tokens=26 model_ms=19189.4 context_ms=424.8 state_ms=18.26 prefix_ms=0.0 suffix_ms=19485.6 first_token_ms=44097.3 generation_ms=588455.9 generated=64 generation_tps=0.109
AGENT index=6 mig=fafc828a exit=0 wall_ms=415376 text=567fd0979b8fafd1 role=child prefix_tokens=14282 suffix_tokens=21 model_ms=19744.4 context_ms=617.8 state_ms=12.46 prefix_ms=0.0 suffix_ms=10373.0 first_token_ms=34991.0 generation_ms=378451.9 generated=64 generation_tps=0.169
AGENT index=7 mig=31ffbfe4 exit=0 wall_ms=627569 text=7252ad981b85ee4b role=child prefix_tokens=14282 suffix_tokens=31 model_ms=16040.6 context_ms=360.1 state_ms=66.48 prefix_ms=0.0 suffix_ms=12816.1 first_token_ms=33490.6 generation_ms=593528.8 generated=64 generation_tps=0.108
AGENT index=8 mig=fafc828a exit=0 wall_ms=375077 text=31afa7a63f14db20 role=child prefix_tokens=14282 suffix_tokens=18 model_ms=8210.6 context_ms=2550.2 state_ms=14.38 prefix_ms=0.0 suffix_ms=2572.4 first_token_ms=17176.8 generation_ms=357412.3 generated=64 generation_tps=0.179
AGENT index=9 mig=31ffbfe4 exit=0 wall_ms=627222 text=22d978eb182d5894 role=child prefix_tokens=14282 suffix_tokens=18 model_ms=16145.7 context_ms=172.8 state_ms=23.15 prefix_ms=0.0 suffix_ms=11643.2 first_token_ms=32210.7 generation_ms=594516.7 generated=64 generation_tps=0.108
AGENT index=10 mig=fafc828a exit=0 wall_ms=414090 text=ae33f1c5b457ba87 role=child prefix_tokens=14282 suffix_tokens=18 model_ms=19352.3 context_ms=423.7 state_ms=26.28 prefix_ms=0.0 suffix_ms=10029.6 first_token_ms=34067.8 generation_ms=378690.0 generated=64 generation_tps=0.169
AGENT index=11 mig=31ffbfe4 exit=0 wall_ms=627507 text=7c3d587597498124 role=child prefix_tokens=14282 suffix_tokens=22 model_ms=17522.9 context_ms=675.0 state_ms=58.55 prefix_ms=0.0 suffix_ms=17319.7 first_token_ms=39806.8 generation_ms=587198.4 generated=64 generation_tps=0.109
AGENT index=12 mig=fafc828a exit=0 wall_ms=410808 text=74c90b6fff5c615d role=child prefix_tokens=14282 suffix_tokens=21 model_ms=18726.6 context_ms=481.1 state_ms=29.06 prefix_ms=0.0 suffix_ms=9655.1 first_token_ms=33078.3 generation_ms=377236.3 generated=64 generation_tps=0.170
AGENT index=13 mig=31ffbfe4 exit=0 wall_ms=628773 text=cf3ecfac44aca912 role=child prefix_tokens=14282 suffix_tokens=31 model_ms=16198.4 context_ms=297.6 state_ms=68.87 prefix_ms=0.0 suffix_ms=14198.8 first_token_ms=35189.8 generation_ms=593157.5 generated=64 generation_tps=0.108
AGENT index=14 mig=fafc828a exit=0 wall_ms=413783 text=c74ab19027cfe635 role=child prefix_tokens=14282 suffix_tokens=21 model_ms=19956.9 context_ms=427.7 state_ms=6.22 prefix_ms=0.0 suffix_ms=10187.4 first_token_ms=34803.7 generation_ms=377774.2 generated=64 generation_tps=0.169
AGENT index=15 mig=31ffbfe4 exit=0 wall_ms=633264 text=41adb9c1fa6fcd2a role=child prefix_tokens=14282 suffix_tokens=26 model_ms=17462.2 context_ms=610.4 state_ms=30.45 prefix_ms=0.0 suffix_ms=18756.5 first_token_ms=41256.0 generation_ms=591160.9 generated=64 generation_tps=0.108
AGENT index=16 mig=fafc828a exit=0 wall_ms=411318 text=4b9fce9251b6ca5c role=child prefix_tokens=14282 suffix_tokens=25 model_ms=18524.0 context_ms=540.6 state_ms=60.47 prefix_ms=0.0 suffix_ms=12352.1 first_token_ms=35665.6 generation_ms=375186.8 generated=64 generation_tps=0.171
AGENT index=17 mig=31ffbfe4 exit=0 wall_ms=631998 text=ee527e678b1e8853 role=child prefix_tokens=14282 suffix_tokens=22 model_ms=18381.1 context_ms=632.5 state_ms=55.69 prefix_ms=0.0 suffix_ms=18457.1 first_token_ms=41770.1 generation_ms=589766.8 generated=64 generation_tps=0.109
AGENT index=18 mig=fafc828a exit=0 wall_ms=413680 text=41b73031fb9bbbd2 role=child prefix_tokens=14282 suffix_tokens=21 model_ms=18775.7 context_ms=629.9 state_ms=34.26 prefix_ms=0.0 suffix_ms=10180.2 first_token_ms=33946.6 generation_ms=378816.2 generated=64 generation_tps=0.169
AGENT index=19 mig=31ffbfe4 exit=0 wall_ms=632560 text=38cf4d1e302da1e3 role=child prefix_tokens=14282 suffix_tokens=18 model_ms=19033.0 context_ms=595.5 state_ms=14.19 prefix_ms=0.0 suffix_ms=18209.0 first_token_ms=42753.7 generation_ms=589203.7 generated=64 generation_tps=0.109
AGENT index=20 mig=fafc828a exit=0 wall_ms=368742 text=0c0f7f1be9fa187e role=child prefix_tokens=14282 suffix_tokens=21 model_ms=8568.0 context_ms=1741.2 state_ms=15.16 prefix_ms=0.0 suffix_ms=1784.2 first_token_ms=16351.7 generation_ms=348860.3 generated=64 generation_tps=0.183
AGENT index=21 mig=31ffbfe4 exit=0 wall_ms=633155 text=f0729f0438c7eea8 role=child prefix_tokens=14282 suffix_tokens=26 model_ms=19370.7 context_ms=674.6 state_ms=14.93 prefix_ms=0.0 suffix_ms=19516.7 first_token_ms=43793.2 generation_ms=588634.9 generated=64 generation_tps=0.109
AGENT index=22 mig=fafc828a exit=0 wall_ms=411867 text=90e545507234e5ac role=child prefix_tokens=14282 suffix_tokens=27 model_ms=16779.8 context_ms=359.9 state_ms=38.28 prefix_ms=0.0 suffix_ms=9330.1 first_token_ms=31370.1 generation_ms=379973.7 generated=64 generation_tps=0.168
AGENT index=23 mig=31ffbfe4 exit=0 wall_ms=623237 text=c12996f446ac7fb5 role=child prefix_tokens=14282 suffix_tokens=17 model_ms=14999.9 context_ms=394.8 state_ms=54.20 prefix_ms=0.0 suffix_ms=8865.8 first_token_ms=28496.3 generation_ms=594350.5 generated=64 generation_tps=0.108
AGENT index=24 mig=fafc828a exit=0 wall_ms=414954 text=d25045fabcd28252 role=child prefix_tokens=14282 suffix_tokens=22 model_ms=19300.6 context_ms=345.9 state_ms=6.54 prefix_ms=0.0 suffix_ms=10382.5 first_token_ms=34987.8 generation_ms=378171.2 generated=64 generation_tps=0.169
AGENT index=25 mig=31ffbfe4 exit=0 wall_ms=630248 text=1c667cb5fedb9f86 role=child prefix_tokens=14282 suffix_tokens=23 model_ms=16813.0 context_ms=479.6 state_ms=20.29 prefix_ms=0.0 suffix_ms=15764.1 first_token_ms=37499.5 generation_ms=592203.6 generated=64 generation_tps=0.108
AGENT index=26 mig=fafc828a exit=0 wall_ms=413222 text=60c80c7544928390 role=child prefix_tokens=14282 suffix_tokens=19 model_ms=18449.3 context_ms=438.2 state_ms=24.08 prefix_ms=0.0 suffix_ms=9527.5 first_token_ms=32719.6 generation_ms=379719.5 generated=64 generation_tps=0.169
AGENT index=27 mig=31ffbfe4 exit=0 wall_ms=630054 text=d688fed40744d7a8 role=child prefix_tokens=14282 suffix_tokens=21 model_ms=16502.1 context_ms=395.1 state_ms=50.95 prefix_ms=0.0 suffix_ms=15951.7 first_token_ms=37751.0 generation_ms=591869.5 generated=64 generation_tps=0.108
AGENT index=28 mig=fafc828a exit=0 wall_ms=415825 text=c3b4112e50e92951 role=child prefix_tokens=14282 suffix_tokens=20 model_ms=19379.7 context_ms=416.7 state_ms=13.91 prefix_ms=0.0 suffix_ms=10560.9 first_token_ms=35069.4 generation_ms=378138.6 generated=64 generation_tps=0.169
AGENT index=29 mig=31ffbfe4 exit=0 wall_ms=625059 text=5b84d4ef24bf1561 role=child prefix_tokens=14282 suffix_tokens=22 model_ms=15113.9 context_ms=195.9 state_ms=41.95 prefix_ms=0.0 suffix_ms=9617.5 first_token_ms=29680.1 generation_ms=594942.9 generated=64 generation_tps=0.108
AGENT index=30 mig=fafc828a exit=0 wall_ms=414855 text=e2bf0a9e5de19b9b role=child prefix_tokens=14282 suffix_tokens=20 model_ms=18686.2 context_ms=695.5 state_ms=22.52 prefix_ms=0.0 suffix_ms=9960.2 first_token_ms=34139.6 generation_ms=378895.4 generated=64 generation_tps=0.169
AGENT index=31 mig=31ffbfe4 exit=0 wall_ms=621626 text=590bbb0c65137929 role=child prefix_tokens=14282 suffix_tokens=22 model_ms=13116.5 context_ms=1118.8 state_ms=54.85 prefix_ms=0.0 suffix_ms=6753.7 first_token_ms=25758.6 generation_ms=595395.1 generated=64 generation_tps=0.107
AGENT index=32 mig=fafc828a exit=0 wall_ms=415755 text=7ddda7cc8e8a2584 role=child prefix_tokens=14282 suffix_tokens=28 model_ms=19267.9 context_ms=348.2 state_ms=11.83 prefix_ms=0.0 suffix_ms=12415.1 first_token_ms=36551.0 generation_ms=376782.3 generated=64 generation_tps=0.170
AGENT index=33 mig=31ffbfe4 exit=0 wall_ms=632806 text=89edb58949305077 role=child prefix_tokens=14282 suffix_tokens=23 model_ms=17694.0 context_ms=464.4 state_ms=28.49 prefix_ms=0.0 suffix_ms=18155.7 first_token_ms=41049.8 generation_ms=591212.2 generated=64 generation_tps=0.108
AGENT index=34 mig=fafc828a exit=0 wall_ms=400713 text=cbcb1933da6a97b1 role=child prefix_tokens=14282 suffix_tokens=25 model_ms=13797.5 context_ms=888.4 state_ms=32.10 prefix_ms=0.0 suffix_ms=3346.2 first_token_ms=22562.3 generation_ms=377701.3 generated=64 generation_tps=0.169
AGENT index=35 mig=31ffbfe4 exit=0 wall_ms=632693 text=7338cfcb5de13da1 role=child prefix_tokens=14282 suffix_tokens=33 model_ms=19610.9 context_ms=488.8 state_ms=16.55 prefix_ms=0.0 suffix_ms=24355.4 first_token_ms=48869.7 generation_ms=583251.1 generated=64 generation_tps=0.110
AGENT index=36 mig=fafc828a exit=0 wall_ms=376369 text=72a19e50ca0eec3f role=child prefix_tokens=14282 suffix_tokens=24 model_ms=10345.3 context_ms=677.6 state_ms=15.65 prefix_ms=0.0 suffix_ms=2487.8 first_token_ms=17802.2 generation_ms=357953.4 generated=64 generation_tps=0.179
AGENT index=37 mig=31ffbfe4 exit=0 wall_ms=608597 text=c2763df6613b441a role=child prefix_tokens=14282 suffix_tokens=27 model_ms=13062.4 context_ms=749.2 state_ms=20.79 prefix_ms=0.0 suffix_ms=2156.2 first_token_ms=20111.3 generation_ms=588062.4 generated=64 generation_tps=0.109
AGENT index=38 mig=fafc828a exit=0 wall_ms=412537 text=906b33bbb52d81ce role=child prefix_tokens=14282 suffix_tokens=22 model_ms=18193.3 context_ms=439.9 state_ms=46.91 prefix_ms=0.0 suffix_ms=10014.5 first_token_ms=33203.9 generation_ms=378884.2 generated=64 generation_tps=0.169
AGENT index=39 mig=31ffbfe4 exit=0 wall_ms=630532 text=3aaf37ebe3d83581 role=child prefix_tokens=14282 suffix_tokens=32 model_ms=18787.1 context_ms=491.3 state_ms=17.34 prefix_ms=0.0 suffix_ms=18202.6 first_token_ms=42336.1 generation_ms=587643.3 generated=64 generation_tps=0.109
AGENT index=40 mig=fafc828a exit=0 wall_ms=413001 text=31afa7a63f14db20 role=child prefix_tokens=14282 suffix_tokens=19 model_ms=19714.8 context_ms=448.8 state_ms=7.25 prefix_ms=0.0 suffix_ms=10172.7 first_token_ms=34648.0 generation_ms=377734.5 generated=64 generation_tps=0.169
AGENT index=41 mig=31ffbfe4 exit=0 wall_ms=630607 text=c0f823020f3af1a4 role=child prefix_tokens=14282 suffix_tokens=19 model_ms=16947.6 context_ms=611.0 state_ms=44.70 prefix_ms=0.0 suffix_ms=16997.8 first_token_ms=39232.8 generation_ms=590713.1 generated=64 generation_tps=0.108
AGENT index=42 mig=fafc828a exit=0 wall_ms=408371 text=85f20185b4d2e5f5 role=child prefix_tokens=14282 suffix_tokens=18 model_ms=17064.9 context_ms=622.2 state_ms=45.39 prefix_ms=0.0 suffix_ms=5274.1 first_token_ms=27176.9 generation_ms=380760.6 generated=64 generation_tps=0.168
AGENT index=43 mig=31ffbfe4 exit=0 wall_ms=613400 text=906219452a17c427 role=child prefix_tokens=14282 suffix_tokens=22 model_ms=12868.5 context_ms=985.9 state_ms=14.45 prefix_ms=0.0 suffix_ms=3151.9 first_token_ms=21199.2 generation_ms=591745.1 generated=64 generation_tps=0.108
AGENT index=44 mig=fafc828a exit=0 wall_ms=375815 text=74c90b6fff5c615d role=child prefix_tokens=14282 suffix_tokens=21 model_ms=9341.9 context_ms=1109.3 state_ms=15.35 prefix_ms=0.0 suffix_ms=2645.7 first_token_ms=17462.0 generation_ms=357906.4 generated=64 generation_tps=0.179
AGENT index=45 mig=31ffbfe4 exit=0 wall_ms=631941 text=de04cf66ff533805 role=child prefix_tokens=14282 suffix_tokens=31 model_ms=17230.5 context_ms=504.8 state_ms=14.70 prefix_ms=0.0 suffix_ms=17611.6 first_token_ms=39996.1 generation_ms=591454.3 generated=64 generation_tps=0.108
AGENT index=46 mig=fafc828a exit=0 wall_ms=378727 text=03e613a85d26b396 role=child prefix_tokens=14282 suffix_tokens=21 model_ms=9594.5 context_ms=449.1 state_ms=15.44 prefix_ms=0.0 suffix_ms=2703.6 first_token_ms=17645.0 generation_ms=360666.4 generated=64 generation_tps=0.177
AGENT index=47 mig=31ffbfe4 exit=0 wall_ms=632812 text=e5eb6734e8015615 role=child prefix_tokens=14282 suffix_tokens=26 model_ms=18054.4 context_ms=402.2 state_ms=41.76 prefix_ms=0.0 suffix_ms=18906.2 first_token_ms=41907.8 generation_ms=590139.7 generated=64 generation_tps=0.108
AGENT index=48 mig=fafc828a exit=0 wall_ms=376327 text=ab3714794c461481 role=child prefix_tokens=14282 suffix_tokens=25 model_ms=7152.1 context_ms=2456.2 state_ms=18.89 prefix_ms=0.0 suffix_ms=2900.9 first_token_ms=17277.6 generation_ms=358452.5 generated=64 generation_tps=0.179
AGENT index=49 mig=31ffbfe4 exit=0 wall_ms=631178 text=ee527e678b1e8853 role=child prefix_tokens=14282 suffix_tokens=22 model_ms=16862.5 context_ms=560.0 state_ms=46.44 prefix_ms=0.0 suffix_ms=15975.3 first_token_ms=37807.7 generation_ms=592960.1 generated=64 generation_tps=0.108
AGENT index=50 mig=fafc828a exit=0 wall_ms=415630 text=590323964fe83c82 role=child prefix_tokens=14282 suffix_tokens=21 model_ms=17733.3 context_ms=427.9 state_ms=51.56 prefix_ms=0.0 suffix_ms=10030.9 first_token_ms=33179.6 generation_ms=379817.4 generated=64 generation_tps=0.169
AGENT index=51 mig=31ffbfe4 exit=0 wall_ms=605283 text=38cf4d1e302da1e3 role=child prefix_tokens=14282 suffix_tokens=18 model_ms=12383.8 context_ms=517.0 state_ms=6.72 prefix_ms=0.0 suffix_ms=2265.7 first_token_ms=19572.8 generation_ms=585260.4 generated=64 generation_tps=0.109
AGENT index=52 mig=fafc828a exit=0 wall_ms=413018 text=6288ac410e5a2dc4 role=child prefix_tokens=14282 suffix_tokens=21 model_ms=18196.3 context_ms=377.0 state_ms=42.64 prefix_ms=0.0 suffix_ms=9490.0 first_token_ms=32634.2 generation_ms=379593.4 generated=64 generation_tps=0.169
AGENT index=53 mig=31ffbfe4 exit=0 wall_ms=453240 text=7b0462f2bf395734 role=child prefix_tokens=14282 suffix_tokens=26 model_ms=10079.9 context_ms=543.7 state_ms=15.25 prefix_ms=0.0 suffix_ms=630.2 first_token_ms=15769.9 generation_ms=437029.6 generated=64 generation_tps=0.146
AGENT index=54 mig=fafc828a exit=0 wall_ms=408688 text=63b95de8140a6c6d role=child prefix_tokens=14282 suffix_tokens=27 model_ms=16295.2 context_ms=248.6 state_ms=30.83 prefix_ms=0.0 suffix_ms=6521.3 first_token_ms=27780.9 generation_ms=380418.0 generated=64 generation_tps=0.168
AGENT index=55 mig=31ffbfe4 exit=0 wall_ms=632152 text=c12996f446ac7fb5 role=child prefix_tokens=14282 suffix_tokens=17 model_ms=19248.5 context_ms=472.7 state_ms=10.22 prefix_ms=0.0 suffix_ms=18157.4 first_token_ms=42648.5 generation_ms=589014.9 generated=64 generation_tps=0.109
AGENT index=56 mig=fafc828a exit=0 wall_ms=407023 text=e719e7ba88953202 role=child prefix_tokens=14282 suffix_tokens=22 model_ms=16107.4 context_ms=366.9 state_ms=55.90 prefix_ms=0.0 suffix_ms=4446.8 first_token_ms=25639.5 generation_ms=380943.7 generated=64 generation_tps=0.168
AGENT index=57 mig=31ffbfe4 exit=0 wall_ms=630556 text=a90b8ad155107a51 role=child prefix_tokens=14282 suffix_tokens=23 model_ms=16926.5 context_ms=654.9 state_ms=30.80 prefix_ms=0.0 suffix_ms=16372.4 first_token_ms=38382.9 generation_ms=591629.2 generated=64 generation_tps=0.108
AGENT index=58 mig=fafc828a exit=0 wall_ms=412290 text=bcc09dfc7a2bd9cb role=child prefix_tokens=14282 suffix_tokens=19 model_ms=19449.4 context_ms=419.1 state_ms=15.79 prefix_ms=0.0 suffix_ms=10198.6 first_token_ms=34295.9 generation_ms=377511.1 generated=64 generation_tps=0.170
AGENT index=59 mig=31ffbfe4 exit=0 wall_ms=633141 text=bfe771f018985397 role=child prefix_tokens=14282 suffix_tokens=21 model_ms=18721.5 context_ms=665.7 state_ms=18.89 prefix_ms=0.0 suffix_ms=18467.8 first_token_ms=42793.6 generation_ms=589554.7 generated=64 generation_tps=0.109
AGENT index=60 mig=fafc828a exit=0 wall_ms=413793 text=71b46dc637791a35 role=child prefix_tokens=14282 suffix_tokens=20 model_ms=18915.2 context_ms=572.0 state_ms=18.83 prefix_ms=0.0 suffix_ms=10421.7 first_token_ms=34859.3 generation_ms=377518.3 generated=64 generation_tps=0.170
AGENT index=61 mig=31ffbfe4 exit=0 wall_ms=630075 text=111fa4b257db8225 role=child prefix_tokens=14282 suffix_tokens=22 model_ms=16832.1 context_ms=605.1 state_ms=35.20 prefix_ms=0.0 suffix_ms=16297.8 first_token_ms=38110.2 generation_ms=591469.5 generated=64 generation_tps=0.108
AGENT index=62 mig=fafc828a exit=0 wall_ms=415367 text=bb3866bab3969ddd role=child prefix_tokens=14282 suffix_tokens=20 model_ms=18521.8 context_ms=391.1 state_ms=21.85 prefix_ms=0.0 suffix_ms=10160.5 first_token_ms=33937.9 generation_ms=379063.5 generated=64 generation_tps=0.169
AGENT index=63 mig=31ffbfe4 exit=0 wall_ms=630795 text=590bbb0c65137929 role=child prefix_tokens=14282 suffix_tokens=22 model_ms=17457.8 context_ms=259.3 state_ms=65.76 prefix_ms=0.0 suffix_ms=17073.5 first_token_ms=39527.7 generation_ms=590742.4 generated=64 generation_tps=0.108
AGENT index=64 mig=fafc828a exit=0 wall_ms=415415 text=7ddda7cc8e8a2584 role=child prefix_tokens=14282 suffix_tokens=28 model_ms=18752.3 context_ms=681.1 state_ms=14.20 prefix_ms=0.0 suffix_ms=12525.6 first_token_ms=36419.6 generation_ms=376622.5 generated=64 generation_tps=0.170
AGENT index=65 mig=31ffbfe4 exit=0 wall_ms=627008 text=89edb58949305077 role=child prefix_tokens=14282 suffix_tokens=23 model_ms=15504.5 context_ms=274.9 state_ms=43.08 prefix_ms=0.0 suffix_ms=11820.9 first_token_ms=32149.2 generation_ms=594388.6 generated=64 generation_tps=0.108
AGENT index=66 mig=fafc828a exit=0 wall_ms=410735 text=8c4677a6d913c8c4 role=child prefix_tokens=14282 suffix_tokens=25 model_ms=16475.1 context_ms=304.4 state_ms=22.06 prefix_ms=0.0 suffix_ms=9296.3 first_token_ms=31172.1 generation_ms=378990.5 generated=64 generation_tps=0.169
AGENT index=67 mig=31ffbfe4 exit=0 wall_ms=626597 text=7338cfcb5de13da1 role=child prefix_tokens=14282 suffix_tokens=33 model_ms=13913.9 context_ms=330.1 state_ms=36.20 prefix_ms=0.0 suffix_ms=13413.3 first_token_ms=32313.9 generation_ms=593852.4 generated=64 generation_tps=0.108
AGENT index=68 mig=fafc828a exit=0 wall_ms=415652 text=d6019e466397c8a9 role=child prefix_tokens=14282 suffix_tokens=24 model_ms=18970.5 context_ms=447.9 state_ms=6.80 prefix_ms=0.0 suffix_ms=10263.4 first_token_ms=34672.2 generation_ms=378322.9 generated=64 generation_tps=0.169
AGENT index=69 mig=31ffbfe4 exit=0 wall_ms=630282 text=c2763df6613b441a role=child prefix_tokens=14282 suffix_tokens=27 model_ms=15858.1 context_ms=361.4 state_ms=30.45 prefix_ms=0.0 suffix_ms=15509.7 first_token_ms=36609.9 generation_ms=593127.1 generated=64 generation_tps=0.108
AGENT index=70 mig=fafc828a exit=0 wall_ms=409025 text=f2f3e8f5c69bd198 role=child prefix_tokens=14282 suffix_tokens=22 model_ms=16336.0 context_ms=732.1 state_ms=23.80 prefix_ms=0.0 suffix_ms=6635.4 first_token_ms=28713.5 generation_ms=379811.0 generated=64 generation_tps=0.169
AGENT index=71 mig=31ffbfe4 exit=0 wall_ms=624724 text=3aaf37ebe3d83581 role=child prefix_tokens=14282 suffix_tokens=32 model_ms=14046.0 context_ms=587.3 state_ms=75.79 prefix_ms=0.0 suffix_ms=9234.3 first_token_ms=28929.0 generation_ms=595365.5 generated=64 generation_tps=0.107
AGENT index=72 mig=fafc828a exit=0 wall_ms=413065 text=31afa7a63f14db20 role=child prefix_tokens=14282 suffix_tokens=19 model_ms=19033.2 context_ms=481.3 state_ms=18.36 prefix_ms=0.0 suffix_ms=10125.1 first_token_ms=33768.7 generation_ms=378532.2 generated=64 generation_tps=0.169
AGENT index=73 mig=31ffbfe4 exit=0 wall_ms=624688 text=b1492aaf270a3f61 role=child prefix_tokens=14282 suffix_tokens=19 model_ms=14394.7 context_ms=544.1 state_ms=77.39 prefix_ms=0.0 suffix_ms=9418.9 first_token_ms=29128.0 generation_ms=595115.2 generated=64 generation_tps=0.108
AGENT index=74 mig=fafc828a exit=0 wall_ms=400281 text=e4a42981bc259082 role=child prefix_tokens=14282 suffix_tokens=18 model_ms=14798.0 context_ms=502.1 state_ms=22.33 prefix_ms=0.0 suffix_ms=2404.7 first_token_ms=22138.0 generation_ms=377635.5 generated=64 generation_tps=0.169
AGENT index=75 mig=31ffbfe4 exit=0 wall_ms=632504 text=a89456c5fecac031 role=child prefix_tokens=14282 suffix_tokens=22 model_ms=18909.3 context_ms=401.2 state_ms=33.95 prefix_ms=0.0 suffix_ms=18273.0 first_token_ms=41816.0 generation_ms=590059.6 generated=64 generation_tps=0.108
AGENT index=76 mig=fafc828a exit=0 wall_ms=415233 text=74c90b6fff5c615d role=child prefix_tokens=14282 suffix_tokens=21 model_ms=19110.8 context_ms=596.2 state_ms=37.83 prefix_ms=0.0 suffix_ms=10234.6 first_token_ms=34438.5 generation_ms=378167.7 generated=64 generation_tps=0.169
AGENT index=77 mig=31ffbfe4 exit=0 wall_ms=632333 text=490272faf96b7022 role=child prefix_tokens=14282 suffix_tokens=31 model_ms=18747.7 context_ms=664.8 state_ms=20.52 prefix_ms=0.0 suffix_ms=18420.9 first_token_ms=42664.1 generation_ms=589097.3 generated=64 generation_tps=0.109
AGENT index=78 mig=fafc828a exit=0 wall_ms=413737 text=eaf7e5219bd72c3c role=child prefix_tokens=14282 suffix_tokens=21 model_ms=19484.1 context_ms=613.2 state_ms=33.21 prefix_ms=0.0 suffix_ms=10194.4 first_token_ms=34518.2 generation_ms=378025.8 generated=64 generation_tps=0.169
AGENT index=79 mig=31ffbfe4 exit=0 wall_ms=632225 text=6cb78dc5ca9df942 role=child prefix_tokens=14282 suffix_tokens=26 model_ms=18929.4 context_ms=419.2 state_ms=17.88 prefix_ms=0.0 suffix_ms=19688.4 first_token_ms=44043.7 generation_ms=587590.8 generated=64 generation_tps=0.109
AGENT index=80 mig=fafc828a exit=0 wall_ms=415019 text=3ee33c49b4d558ac role=child prefix_tokens=14282 suffix_tokens=25 model_ms=17362.7 context_ms=411.6 state_ms=48.24 prefix_ms=0.0 suffix_ms=11732.7 first_token_ms=34440.2 generation_ms=378611.9 generated=64 generation_tps=0.169
AGENT index=81 mig=31ffbfe4 exit=0 wall_ms=630089 text=be2e96b3dcbb4420 role=child prefix_tokens=14282 suffix_tokens=22 model_ms=16613.3 context_ms=439.3 state_ms=26.33 prefix_ms=0.0 suffix_ms=15611.0 first_token_ms=37447.7 generation_ms=592162.0 generated=64 generation_tps=0.108
AGENT index=82 mig=fafc828a exit=0 wall_ms=415265 text=116da7fd8ab197b0 role=child prefix_tokens=14282 suffix_tokens=21 model_ms=18891.3 context_ms=471.8 state_ms=20.76 prefix_ms=0.0 suffix_ms=10379.0 first_token_ms=34634.8 generation_ms=378419.8 generated=64 generation_tps=0.169
AGENT index=83 mig=31ffbfe4 exit=0 wall_ms=630516 text=52d6b87affa729ce role=child prefix_tokens=14282 suffix_tokens=18 model_ms=16638.5 context_ms=461.7 state_ms=41.54 prefix_ms=0.0 suffix_ms=16364.3 first_token_ms=38122.0 generation_ms=591829.4 generated=64 generation_tps=0.108
AGENT index=84 mig=fafc828a exit=0 wall_ms=414863 text=126c8a08eb9eaa42 role=child prefix_tokens=14282 suffix_tokens=21 model_ms=18700.0 context_ms=426.3 state_ms=20.63 prefix_ms=0.0 suffix_ms=10308.6 first_token_ms=34232.0 generation_ms=378502.6 generated=64 generation_tps=0.169
AGENT index=85 mig=31ffbfe4 exit=0 wall_ms=631272 text=72fcfeaf8d34149c role=child prefix_tokens=14282 suffix_tokens=26 model_ms=17605.6 context_ms=520.2 state_ms=22.46 prefix_ms=0.0 suffix_ms=19868.5 first_token_ms=42944.0 generation_ms=587892.7 generated=64 generation_tps=0.109
AGENT index=86 mig=fafc828a exit=0 wall_ms=414943 text=23fdac46a10501a6 role=child prefix_tokens=14282 suffix_tokens=27 model_ms=19405.9 context_ms=591.3 state_ms=23.57 prefix_ms=0.0 suffix_ms=12926.3 first_token_ms=37248.9 generation_ms=375992.2 generated=64 generation_tps=0.170
AGENT index=87 mig=31ffbfe4 exit=0 wall_ms=631854 text=c12996f446ac7fb5 role=child prefix_tokens=14282 suffix_tokens=17 model_ms=17921.6 context_ms=343.2 state_ms=34.37 prefix_ms=0.0 suffix_ms=17976.3 first_token_ms=41097.5 generation_ms=590274.5 generated=64 generation_tps=0.108
AGENT index=88 mig=fafc828a exit=0 wall_ms=368523 text=ee749f95deaf7647 role=child prefix_tokens=14282 suffix_tokens=22 model_ms=7507.5 context_ms=2202.4 state_ms=6.22 prefix_ms=0.0 suffix_ms=1584.5 first_token_ms=15743.5 generation_ms=349657.9 generated=64 generation_tps=0.183
AGENT index=89 mig=31ffbfe4 exit=0 wall_ms=631394 text=1c667cb5fedb9f86 role=child prefix_tokens=14282 suffix_tokens=23 model_ms=18375.0 context_ms=493.7 state_ms=23.87 prefix_ms=0.0 suffix_ms=18089.7 first_token_ms=41432.1 generation_ms=589542.2 generated=64 generation_tps=0.109
AGENT index=90 mig=fafc828a exit=0 wall_ms=415691 text=60c80c7544928390 role=child prefix_tokens=14282 suffix_tokens=19 model_ms=18811.4 context_ms=423.7 state_ms=13.47 prefix_ms=0.0 suffix_ms=10367.0 first_token_ms=34716.8 generation_ms=378444.8 generated=64 generation_tps=0.169
AGENT index=91 mig=31ffbfe4 exit=0 wall_ms=625156 text=53bf5f843e651e69 role=child prefix_tokens=14282 suffix_tokens=21 model_ms=15193.7 context_ms=369.1 state_ms=36.11 prefix_ms=0.0 suffix_ms=11160.4 first_token_ms=31106.5 generation_ms=593627.2 generated=64 generation_tps=0.108
AGENT index=92 mig=fafc828a exit=0 wall_ms=415008 text=55ca375276db5f68 role=child prefix_tokens=14282 suffix_tokens=20 model_ms=18748.1 context_ms=579.4 state_ms=15.15 prefix_ms=0.0 suffix_ms=10140.6 first_token_ms=34420.2 generation_ms=378661.7 generated=64 generation_tps=0.169
AGENT index=93 mig=31ffbfe4 exit=0 wall_ms=632231 text=73d6260e27201aca role=child prefix_tokens=14282 suffix_tokens=22 model_ms=19094.1 context_ms=645.7 state_ms=22.08 prefix_ms=0.0 suffix_ms=18388.5 first_token_ms=42625.1 generation_ms=589056.9 generated=64 generation_tps=0.109
AGENT index=94 mig=fafc828a exit=0 wall_ms=413050 text=38c1c39363402a13 role=child prefix_tokens=14282 suffix_tokens=20 model_ms=19426.1 context_ms=683.5 state_ms=22.06 prefix_ms=0.0 suffix_ms=10126.4 first_token_ms=34370.2 generation_ms=377959.1 generated=64 generation_tps=0.169
AGENT index=95 mig=31ffbfe4 exit=0 wall_ms=618636 text=590bbb0c65137929 role=child prefix_tokens=14282 suffix_tokens=22 model_ms=13141.4 context_ms=1120.8 state_ms=28.99 prefix_ms=0.0 suffix_ms=4597.3 first_token_ms=23256.8 generation_ms=594909.3 generated=64 generation_tps=0.108
AGENT index=96 mig=fafc828a exit=0 wall_ms=414882 text=e59bbc3a0165fd06 role=child prefix_tokens=14282 suffix_tokens=28 model_ms=19424.0 context_ms=562.9 state_ms=20.64 prefix_ms=0.0 suffix_ms=12994.4 first_token_ms=37294.4 generation_ms=375714.4 generated=64 generation_tps=0.170
AGENT index=97 mig=31ffbfe4 exit=0 wall_ms=626266 text=89edb58949305077 role=child prefix_tokens=14282 suffix_tokens=23 model_ms=14525.7 context_ms=284.1 state_ms=50.75 prefix_ms=0.0 suffix_ms=10867.2 first_token_ms=30775.9 generation_ms=595073.2 generated=64 generation_tps=0.108
AGENT index=98 mig=fafc828a exit=0 wall_ms=372954 text=aab90da000cbbc78 role=child prefix_tokens=14282 suffix_tokens=25 model_ms=7027.1 context_ms=2281.3 state_ms=6.28 prefix_ms=0.0 suffix_ms=2221.5 first_token_ms=16436.1 generation_ms=356076.3 generated=64 generation_tps=0.180
AGENT index=99 mig=31ffbfe4 exit=0 wall_ms=633143 text=7338cfcb5de13da1 role=child prefix_tokens=14282 suffix_tokens=33 model_ms=18764.5 context_ms=486.8 state_ms=7.38 prefix_ms=0.0 suffix_ms=24399.2 first_token_ms=48683.7 generation_ms=583624.2 generated=64 generation_tps=0.110
AGENT index=100 mig=fafc828a exit=0 wall_ms=415040 text=b540e3e1c692887f role=child prefix_tokens=14282 suffix_tokens=25 model_ms=17998.9 context_ms=726.3 state_ms=23.91 prefix_ms=0.0 suffix_ms=12620.7 first_token_ms=35923.1 generation_ms=376879.0 generated=64 generation_tps=0.170
AGENT index=101 mig=31ffbfe4 exit=0 wall_ms=632863 text=893bcb51a45c0ea0 role=child prefix_tokens=14282 suffix_tokens=28 model_ms=18144.1 context_ms=649.0 state_ms=21.50 prefix_ms=0.0 suffix_ms=18358.5 first_token_ms=42228.3 generation_ms=590057.9 generated=64 generation_tps=0.108
AGENT index=102 mig=fafc828a exit=0 wall_ms=414555 text=02f5bec3a9bcfe46 role=child prefix_tokens=14282 suffix_tokens=23 model_ms=18927.9 context_ms=481.9 state_ms=13.70 prefix_ms=0.0 suffix_ms=10197.5 first_token_ms=34383.2 generation_ms=378766.3 generated=64 generation_tps=0.169
AGENT index=103 mig=31ffbfe4 exit=0 wall_ms=630230 text=3aaf37ebe3d83581 role=child prefix_tokens=14282 suffix_tokens=33 model_ms=16124.8 context_ms=535.7 state_ms=58.56 prefix_ms=0.0 suffix_ms=21817.5 first_token_ms=43441.0 generation_ms=586180.8 generated=64 generation_tps=0.109
AGENT index=104 mig=fafc828a exit=0 wall_ms=413716 text=31afa7a63f14db20 role=child prefix_tokens=14282 suffix_tokens=20 model_ms=18477.5 context_ms=703.4 state_ms=29.73 prefix_ms=0.0 suffix_ms=10422.1 first_token_ms=34528.0 generation_ms=377904.4 generated=64 generation_tps=0.169
AGENT index=105 mig=31ffbfe4 exit=0 wall_ms=632565 text=7b2521e285c9f555 role=child prefix_tokens=14282 suffix_tokens=20 model_ms=18848.7 context_ms=309.9 state_ms=17.21 prefix_ms=0.0 suffix_ms=18136.6 first_token_ms=42296.2 generation_ms=589650.4 generated=64 generation_tps=0.109
AGENT index=106 mig=fafc828a exit=0 wall_ms=415360 text=e4a42981bc259082 role=child prefix_tokens=14282 suffix_tokens=19 model_ms=18384.3 context_ms=406.1 state_ms=27.98 prefix_ms=0.0 suffix_ms=10137.6 first_token_ms=33555.3 generation_ms=379222.1 generated=64 generation_tps=0.169
AGENT index=107 mig=31ffbfe4 exit=0 wall_ms=632505 text=8233cb2eb3510c82 role=child prefix_tokens=14282 suffix_tokens=23 model_ms=18903.9 context_ms=750.9 state_ms=20.03 prefix_ms=0.0 suffix_ms=18417.5 first_token_ms=42380.9 generation_ms=589554.7 generated=64 generation_tps=0.109
AGENT index=108 mig=fafc828a exit=0 wall_ms=398666 text=24fb0f9744bf4869 role=child prefix_tokens=14282 suffix_tokens=22 model_ms=13142.4 context_ms=589.3 state_ms=18.98 prefix_ms=0.0 suffix_ms=3200.1 first_token_ms=21668.4 generation_ms=376536.4 generated=64 generation_tps=0.170
AGENT index=109 mig=31ffbfe4 exit=0 wall_ms=633052 text=727a3864ad4207e0 role=child prefix_tokens=14282 suffix_tokens=32 model_ms=18561.2 context_ms=521.4 state_ms=10.64 prefix_ms=0.0 suffix_ms=18360.0 first_token_ms=41739.6 generation_ms=590487.6 generated=64 generation_tps=0.108
AGENT index=110 mig=fafc828a exit=0 wall_ms=411660 text=03e613a85d26b396 role=child prefix_tokens=14282 suffix_tokens=22 model_ms=18045.0 context_ms=453.8 state_ms=38.65 prefix_ms=0.0 suffix_ms=10218.3 first_token_ms=33697.0 generation_ms=377472.7 generated=64 generation_tps=0.170
AGENT index=111 mig=31ffbfe4 exit=0 wall_ms=633015 text=bb59c99a10b1f7d2 role=child prefix_tokens=14282 suffix_tokens=27 model_ms=18646.3 context_ms=596.1 state_ms=21.98 prefix_ms=0.0 suffix_ms=18914.4 first_token_ms=43171.5 generation_ms=589105.8 generated=64 generation_tps=0.109
AGENT index=112 mig=fafc828a exit=0 wall_ms=415338 text=a464a7bd4fd043d2 role=child prefix_tokens=14282 suffix_tokens=26 model_ms=16798.1 context_ms=432.5 state_ms=30.47 prefix_ms=0.0 suffix_ms=10911.8 first_token_ms=33210.9 generation_ms=379695.4 generated=64 generation_tps=0.169
AGENT index=113 mig=31ffbfe4 exit=0 wall_ms=632769 text=a817e3187096789a role=child prefix_tokens=14282 suffix_tokens=23 model_ms=18636.5 context_ms=552.8 state_ms=31.22 prefix_ms=0.0 suffix_ms=18302.9 first_token_ms=42379.0 generation_ms=589658.4 generated=64 generation_tps=0.109
AGENT index=114 mig=fafc828a exit=0 wall_ms=374106 text=565de2c477e012e2 role=child prefix_tokens=14282 suffix_tokens=22 model_ms=6435.9 context_ms=2559.3 state_ms=6.84 prefix_ms=0.0 suffix_ms=2849.8 first_token_ms=16654.2 generation_ms=356928.8 generated=64 generation_tps=0.179
AGENT index=115 mig=31ffbfe4 exit=0 wall_ms=630617 text=38cf4d1e302da1e3 role=child prefix_tokens=14282 suffix_tokens=19 model_ms=17537.5 context_ms=531.6 state_ms=47.14 prefix_ms=0.0 suffix_ms=18631.8 first_token_ms=41649.1 generation_ms=588380.7 generated=64 generation_tps=0.109
AGENT index=116 mig=fafc828a exit=0 wall_ms=415266 text=126c8a08eb9eaa42 role=child prefix_tokens=14282 suffix_tokens=22 model_ms=18528.1 context_ms=734.5 state_ms=10.34 prefix_ms=0.0 suffix_ms=9967.2 first_token_ms=33953.8 generation_ms=378933.4 generated=64 generation_tps=0.169
AGENT index=117 mig=31ffbfe4 exit=0 wall_ms=632809 text=f0729f0438c7eea8 role=child prefix_tokens=14282 suffix_tokens=27 model_ms=18014.4 context_ms=618.5 state_ms=22.54 prefix_ms=0.0 suffix_ms=18853.3 first_token_ms=42388.9 generation_ms=589836.0 generated=64 generation_tps=0.109
MEMORY mem_available_drop_mib=91491 mem_available_before_mib=118177 mem_free_before_mib=46111 pss_anon_mib=34084 pss_file_mib=11079 pss_shmem_mib=10253 device_mib=46138 samples=45
END_CASE failed_agents=0 wall_ms=634187
END_KVSTACK
BEGIN_KVSTACK run=4 context=16384 publisher_mig=31ffbfe4 mem_free_mib=54599 kernel_reclaimable_mib=58574
PUBLISH store=stock prefix_tokens=14282 prefix_ms=56330.4 publish_ms=1452.79 state_bytes=2808185157
PUBLISH store=device prefix_tokens=14282 prefix_ms=56451.5 publish_ms=1447.57 state_bytes=2808185157
PUBLISH store=huge prefix_tokens=14282 prefix_ms=56984.0 publish_ms=16.05 state_bytes=229701 file_used_kib=2752512
CASE mode=both agents=118
AGENT index=0 mig=31ffbfe4 exit=0 wall_ms=627921 text=e59bbc3a0165fd06 role=child prefix_tokens=14282 suffix_tokens=27 model_ms=18376.6 context_ms=542.5 state_ms=35.10 prefix_ms=0.0 suffix_ms=18581.7 first_token_ms=41864.2 generation_ms=585576.9 generated=64 generation_tps=0.109
AGENT index=1 mig=fafc828a exit=0 wall_ms=407606 text=56addf3e4ad8f072 role=child prefix_tokens=14282 suffix_tokens=22 model_ms=18110.1 context_ms=564.6 state_ms=38.82 prefix_ms=0.0 suffix_ms=10431.8 first_token_ms=33420.6 generation_ms=373745.8 generated=64 generation_tps=0.171
AGENT index=2 mig=31ffbfe4 exit=0 wall_ms=628637 text=8783ec9362dd3345 role=child prefix_tokens=14282 suffix_tokens=24 model_ms=18820.2 context_ms=489.9 state_ms=24.29 prefix_ms=0.0 suffix_ms=17755.7 first_token_ms=41319.5 generation_ms=586641.1 generated=64 generation_tps=0.109
AGENT index=3 mig=fafc828a exit=0 wall_ms=407325 text=d175e888a3ecd939 role=child prefix_tokens=14282 suffix_tokens=32 model_ms=15944.6 context_ms=1212.1 state_ms=59.60 prefix_ms=0.0 suffix_ms=9655.7 first_token_ms=31101.5 generation_ms=375592.7 generated=64 generation_tps=0.170
AGENT index=4 mig=31ffbfe4 exit=0 wall_ms=629839 text=68e0c2526017228a role=child prefix_tokens=14282 suffix_tokens=23 model_ms=19395.0 context_ms=335.4 state_ms=19.25 prefix_ms=0.0 suffix_ms=18290.9 first_token_ms=42828.9 generation_ms=586325.8 generated=64 generation_tps=0.109
AGENT index=5 mig=fafc828a exit=0 wall_ms=411728 text=bd9c2ac8b55ff068 role=child prefix_tokens=14282 suffix_tokens=26 model_ms=18285.5 context_ms=877.5 state_ms=35.70 prefix_ms=0.0 suffix_ms=12936.8 first_token_ms=36604.4 generation_ms=374219.0 generated=64 generation_tps=0.171
AGENT index=6 mig=31ffbfe4 exit=0 wall_ms=611990 text=3a9dd7c6de1386dd role=child prefix_tokens=14282 suffix_tokens=21 model_ms=13611.3 context_ms=1175.1 state_ms=42.58 prefix_ms=0.0 suffix_ms=3687.0 first_token_ms=22777.8 generation_ms=588793.9 generated=64 generation_tps=0.109
AGENT index=7 mig=fafc828a exit=0 wall_ms=410788 text=3aaf37ebe3d83581 role=child prefix_tokens=14282 suffix_tokens=31 model_ms=17840.3 context_ms=456.8 state_ms=50.46 prefix_ms=0.0 suffix_ms=12310.4 first_token_ms=35167.4 generation_ms=374741.7 generated=64 generation_tps=0.171
AGENT index=8 mig=31ffbfe4 exit=0 wall_ms=536662 text=31afa7a63f14db20 role=child prefix_tokens=14282 suffix_tokens=18 model_ms=5925.6 context_ms=2830.9 state_ms=14.83 prefix_ms=0.0 suffix_ms=2216.7 first_token_ms=15213.7 generation_ms=521007.4 generated=64 generation_tps=0.123
AGENT index=9 mig=fafc828a exit=0 wall_ms=409192 text=40801b5652e9f199 role=child prefix_tokens=14282 suffix_tokens=18 model_ms=17125.7 context_ms=539.4 state_ms=54.73 prefix_ms=0.0 suffix_ms=9609.4 first_token_ms=31636.3 generation_ms=377075.4 generated=64 generation_tps=0.170
AGENT index=10 mig=31ffbfe4 exit=0 wall_ms=629041 text=4535b1d28500dda2 role=child prefix_tokens=14282 suffix_tokens=18 model_ms=18226.5 context_ms=999.6 state_ms=20.37 prefix_ms=0.0 suffix_ms=17935.9 first_token_ms=41871.3 generation_ms=586542.4 generated=64 generation_tps=0.109
AGENT index=11 mig=fafc828a exit=0 wall_ms=410301 text=375a0f8e978236e5 role=child prefix_tokens=14282 suffix_tokens=22 model_ms=18057.7 context_ms=668.7 state_ms=17.56 prefix_ms=0.0 suffix_ms=10545.7 first_token_ms=34008.0 generation_ms=375713.1 generated=64 generation_tps=0.170
AGENT index=12 mig=31ffbfe4 exit=0 wall_ms=629713 text=74c90b6fff5c615d role=child prefix_tokens=14282 suffix_tokens=21 model_ms=18800.8 context_ms=530.7 state_ms=11.74 prefix_ms=0.0 suffix_ms=18051.3 first_token_ms=42186.1 generation_ms=586880.3 generated=64 generation_tps=0.109
AGENT index=13 mig=fafc828a exit=0 wall_ms=399361 text=b4e963fd5f4dba36 role=child prefix_tokens=14282 suffix_tokens=31 model_ms=14510.9 context_ms=504.3 state_ms=57.77 prefix_ms=0.0 suffix_ms=3430.3 first_token_ms=22746.9 generation_ms=376085.7 generated=64 generation_tps=0.170
AGENT index=14 mig=31ffbfe4 exit=0 wall_ms=552538 text=03e613a85d26b396 role=child prefix_tokens=14282 suffix_tokens=21 model_ms=7061.3 context_ms=2251.0 state_ms=20.38 prefix_ms=0.0 suffix_ms=2093.7 first_token_ms=16064.2 generation_ms=536043.1 generated=64 generation_tps=0.119
AGENT index=15 mig=fafc828a exit=0 wall_ms=295388 text=ae3ce71edf0ce076 role=child prefix_tokens=14282 suffix_tokens=26 model_ms=5263.7 context_ms=2271.2 state_ms=7.47 prefix_ms=0.0 suffix_ms=2846.3 first_token_ms=14805.9 generation_ms=275106.8 generated=64 generation_tps=0.233
AGENT index=16 mig=31ffbfe4 exit=0 wall_ms=622697 text=4b9fce9251b6ca5c role=child prefix_tokens=14282 suffix_tokens=25 model_ms=15693.8 context_ms=561.9 state_ms=41.86 prefix_ms=0.0 suffix_ms=11014.3 first_token_ms=31624.0 generation_ms=590623.9 generated=64 generation_tps=0.108
AGENT index=17 mig=fafc828a exit=0 wall_ms=407399 text=ee527e678b1e8853 role=child prefix_tokens=14282 suffix_tokens=22 model_ms=16333.2 context_ms=587.0 state_ms=59.81 prefix_ms=0.0 suffix_ms=6617.7 first_token_ms=27991.1 generation_ms=378720.9 generated=64 generation_tps=0.169
AGENT index=18 mig=31ffbfe4 exit=0 wall_ms=628802 text=c52bec4c0d8d48f5 role=child prefix_tokens=14282 suffix_tokens=21 model_ms=19664.2 context_ms=562.5 state_ms=14.02 prefix_ms=0.0 suffix_ms=18370.2 first_token_ms=42857.9 generation_ms=585339.9 generated=64 generation_tps=0.109
AGENT index=19 mig=fafc828a exit=0 wall_ms=406824 text=1c771df96f4172e7 role=child prefix_tokens=14282 suffix_tokens=18 model_ms=17919.8 context_ms=601.8 state_ms=26.36 prefix_ms=0.0 suffix_ms=10011.7 first_token_ms=32760.5 generation_ms=373452.3 generated=64 generation_tps=0.171
AGENT index=20 mig=31ffbfe4 exit=0 wall_ms=629416 text=193298a0b92db13c role=child prefix_tokens=14282 suffix_tokens=21 model_ms=19775.2 context_ms=383.3 state_ms=14.42 prefix_ms=0.0 suffix_ms=18459.5 first_token_ms=42938.9 generation_ms=585822.8 generated=64 generation_tps=0.109
AGENT index=21 mig=fafc828a exit=0 wall_ms=337917 text=3803ffa31d3bc8fb role=child prefix_tokens=14282 suffix_tokens=26 model_ms=8466.7 context_ms=1525.5 state_ms=15.14 prefix_ms=0.0 suffix_ms=2148.3 first_token_ms=16136.4 generation_ms=321342.1 generated=64 generation_tps=0.199
AGENT index=22 mig=31ffbfe4 exit=0 wall_ms=629058 text=32334b2b9292c485 role=child prefix_tokens=14282 suffix_tokens=27 model_ms=19272.2 context_ms=405.5 state_ms=20.06 prefix_ms=0.0 suffix_ms=19242.1 first_token_ms=43732.5 generation_ms=584879.4 generated=64 generation_tps=0.109
AGENT index=23 mig=fafc828a exit=0 wall_ms=343291 text=4b01ddf73c283afd role=child prefix_tokens=14282 suffix_tokens=17 model_ms=8792.7 context_ms=899.0 state_ms=16.02 prefix_ms=0.0 suffix_ms=2093.7 first_token_ms=16510.3 generation_ms=326243.0 generated=64 generation_tps=0.196
AGENT index=24 mig=31ffbfe4 exit=0 wall_ms=628157 text=ee814cb7c59ae3a4 role=child prefix_tokens=14282 suffix_tokens=22 model_ms=18486.3 context_ms=762.9 state_ms=20.99 prefix_ms=0.0 suffix_ms=17810.6 first_token_ms=41699.3 generation_ms=585921.2 generated=64 generation_tps=0.109
AGENT index=25 mig=fafc828a exit=0 wall_ms=390708 text=1c667cb5fedb9f86 role=child prefix_tokens=14282 suffix_tokens=23 model_ms=13281.7 context_ms=1138.5 state_ms=34.59 prefix_ms=0.0 suffix_ms=2051.2 first_token_ms=20691.6 generation_ms=369551.7 generated=64 generation_tps=0.173
AGENT index=26 mig=31ffbfe4 exit=0 wall_ms=624329 text=2c7414dadf353e9b role=child prefix_tokens=14282 suffix_tokens=19 model_ms=17273.6 context_ms=456.0 state_ms=46.32 prefix_ms=0.0 suffix_ms=16380.0 first_token_ms=38573.6 generation_ms=585310.1 generated=64 generation_tps=0.109
AGENT index=27 mig=fafc828a exit=0 wall_ms=412215 text=395778fd04b2e0a8 role=child prefix_tokens=14282 suffix_tokens=21 model_ms=18741.6 context_ms=769.7 state_ms=10.67 prefix_ms=0.0 suffix_ms=10626.5 first_token_ms=34753.1 generation_ms=376025.8 generated=64 generation_tps=0.170
AGENT index=28 mig=31ffbfe4 exit=0 wall_ms=614101 text=346b011f01e098df role=child prefix_tokens=14282 suffix_tokens=20 model_ms=14073.3 context_ms=856.2 state_ms=62.28 prefix_ms=0.0 suffix_ms=4475.6 first_token_ms=23658.2 generation_ms=590015.6 generated=64 generation_tps=0.108
AGENT index=29 mig=fafc828a exit=0 wall_ms=408914 text=47a7f8d647999341 role=child prefix_tokens=14282 suffix_tokens=22 model_ms=19128.7 context_ms=561.8 state_ms=29.81 prefix_ms=0.0 suffix_ms=10398.2 first_token_ms=34292.6 generation_ms=374198.2 generated=64 generation_tps=0.171
AGENT index=30 mig=31ffbfe4 exit=0 wall_ms=627141 text=c004d66c8fd09637 role=child prefix_tokens=14282 suffix_tokens=20 model_ms=17485.2 context_ms=470.2 state_ms=8.52 prefix_ms=0.0 suffix_ms=15832.2 first_token_ms=38410.2 generation_ms=588267.2 generated=64 generation_tps=0.109
AGENT index=31 mig=fafc828a exit=0 wall_ms=395948 text=65a443d3ed42949e role=child prefix_tokens=14282 suffix_tokens=22 model_ms=13739.2 context_ms=1108.9 state_ms=53.78 prefix_ms=0.0 suffix_ms=2091.4 first_token_ms=21609.5 generation_ms=373883.2 generated=64 generation_tps=0.171
AGENT index=32 mig=31ffbfe4 exit=0 wall_ms=614760 text=e59bbc3a0165fd06 role=child prefix_tokens=14282 suffix_tokens=28 model_ms=13891.7 context_ms=943.2 state_ms=35.96 prefix_ms=0.0 suffix_ms=4515.5 first_token_ms=23600.7 generation_ms=590707.4 generated=64 generation_tps=0.108
AGENT index=33 mig=fafc828a exit=0 wall_ms=406841 text=89edb58949305077 role=child prefix_tokens=14282 suffix_tokens=23 model_ms=16467.2 context_ms=592.1 state_ms=59.13 prefix_ms=0.0 suffix_ms=7012.8 first_token_ms=28778.0 generation_ms=377523.0 generated=64 generation_tps=0.170
AGENT index=34 mig=31ffbfe4 exit=0 wall_ms=564651 text=5472c0b8cd517c0b role=child prefix_tokens=14282 suffix_tokens=25 model_ms=9362.5 context_ms=782.7 state_ms=6.08 prefix_ms=0.0 suffix_ms=1766.5 first_token_ms=16839.3 generation_ms=547352.4 generated=64 generation_tps=0.117
AGENT index=35 mig=fafc828a exit=0 wall_ms=408475 text=7338cfcb5de13da1 role=child prefix_tokens=14282 suffix_tokens=33 model_ms=15274.9 context_ms=358.1 state_ms=46.36 prefix_ms=0.0 suffix_ms=9869.9 first_token_ms=30544.3 generation_ms=377456.7 generated=64 generation_tps=0.170
AGENT index=36 mig=31ffbfe4 exit=0 wall_ms=629712 text=6dfe009e0aa9431b role=child prefix_tokens=14282 suffix_tokens=24 model_ms=19278.7 context_ms=579.2 state_ms=28.18 prefix_ms=0.0 suffix_ms=18126.7 first_token_ms=42419.2 generation_ms=586643.7 generated=64 generation_tps=0.109
AGENT index=37 mig=fafc828a exit=0 wall_ms=411575 text=c2763df6613b441a role=child prefix_tokens=14282 suffix_tokens=27 model_ms=19725.7 context_ms=453.6 state_ms=14.31 prefix_ms=0.0 suffix_ms=13253.4 first_token_ms=37649.4 generation_ms=372722.4 generated=64 generation_tps=0.172
AGENT index=38 mig=31ffbfe4 exit=0 wall_ms=628786 text=f09e321ed882ac10 role=child prefix_tokens=14282 suffix_tokens=22 model_ms=19022.8 context_ms=452.2 state_ms=9.71 prefix_ms=0.0 suffix_ms=18255.9 first_token_ms=42697.4 generation_ms=585546.5 generated=64 generation_tps=0.109
AGENT index=39 mig=fafc828a exit=0 wall_ms=405359 text=3aaf37ebe3d83581 role=child prefix_tokens=14282 suffix_tokens=32 model_ms=15650.2 context_ms=400.0 state_ms=37.34 prefix_ms=0.0 suffix_ms=5413.1 first_token_ms=25825.2 generation_ms=379079.6 generated=64 generation_tps=0.169
AGENT index=40 mig=31ffbfe4 exit=0 wall_ms=628255 text=31afa7a63f14db20 role=child prefix_tokens=14282 suffix_tokens=19 model_ms=17815.9 context_ms=847.7 state_ms=14.45 prefix_ms=0.0 suffix_ms=17824.1 first_token_ms=41194.5 generation_ms=586466.1 generated=64 generation_tps=0.109
AGENT index=41 mig=fafc828a exit=0 wall_ms=412076 text=a8fe2a1e14c63ec2 role=child prefix_tokens=14282 suffix_tokens=19 model_ms=19440.7 context_ms=563.4 state_ms=27.48 prefix_ms=0.0 suffix_ms=10502.5 first_token_ms=34823.2 generation_ms=375958.4 generated=64 generation_tps=0.170
AGENT index=42 mig=31ffbfe4 exit=0 wall_ms=627873 text=f0754c68ec13a75a role=child prefix_tokens=14282 suffix_tokens=18 model_ms=17724.3 context_ms=473.1 state_ms=35.57 prefix_ms=0.0 suffix_ms=17675.9 first_token_ms=40450.1 generation_ms=586887.2 generated=64 generation_tps=0.109
AGENT index=43 mig=fafc828a exit=0 wall_ms=406468 text=a81328667a614822 role=child prefix_tokens=14282 suffix_tokens=22 model_ms=16912.2 context_ms=608.3 state_ms=46.55 prefix_ms=0.0 suffix_ms=6740.3 first_token_ms=28477.5 generation_ms=377500.9 generated=64 generation_tps=0.170
AGENT index=44 mig=31ffbfe4 exit=0 wall_ms=626004 text=74c90b6fff5c615d role=child prefix_tokens=14282 suffix_tokens=21 model_ms=18285.0 context_ms=440.0 state_ms=38.31 prefix_ms=0.0 suffix_ms=18211.3 first_token_ms=41170.0 generation_ms=584402.5 generated=64 generation_tps=0.110
AGENT index=45 mig=fafc828a exit=0 wall_ms=409895 text=b4e963fd5f4dba36 role=child prefix_tokens=14282 suffix_tokens=31 model_ms=17070.8 context_ms=304.4 state_ms=58.63 prefix_ms=0.0 suffix_ms=10678.6 first_token_ms=32400.6 generation_ms=376943.1 generated=64 generation_tps=0.170
AGENT index=46 mig=31ffbfe4 exit=0 wall_ms=628558 text=03e613a85d26b396 role=child prefix_tokens=14282 suffix_tokens=21 model_ms=19429.8 context_ms=411.0 state_ms=12.82 prefix_ms=0.0 suffix_ms=18228.1 first_token_ms=42651.6 generation_ms=585245.5 generated=64 generation_tps=0.109
AGENT index=47 mig=fafc828a exit=0 wall_ms=411439 text=ae3ce71edf0ce076 role=child prefix_tokens=14282 suffix_tokens=26 model_ms=18326.1 context_ms=657.9 state_ms=42.42 prefix_ms=0.0 suffix_ms=13327.4 first_token_ms=36556.0 generation_ms=373617.2 generated=64 generation_tps=0.171
AGENT index=48 mig=31ffbfe4 exit=0 wall_ms=629966 text=3e8631336d476f32 role=child prefix_tokens=14282 suffix_tokens=25 model_ms=19194.0 context_ms=607.2 state_ms=16.17 prefix_ms=0.0 suffix_ms=19591.2 first_token_ms=43918.4 generation_ms=585112.9 generated=64 generation_tps=0.109
AGENT index=49 mig=fafc828a exit=0 wall_ms=407347 text=6ff21e8aafb27d95 role=child prefix_tokens=14282 suffix_tokens=22 model_ms=16194.4 context_ms=503.8 state_ms=69.74 prefix_ms=0.0 suffix_ms=7629.3 first_token_ms=29330.5 generation_ms=377513.8 generated=64 generation_tps=0.170
AGENT index=50 mig=31ffbfe4 exit=0 wall_ms=628250 text=30bdabc70035bf0a role=child prefix_tokens=14282 suffix_tokens=21 model_ms=18254.4 context_ms=522.4 state_ms=25.76 prefix_ms=0.0 suffix_ms=17911.2 first_token_ms=41624.1 generation_ms=585980.7 generated=64 generation_tps=0.109
AGENT index=51 mig=fafc828a exit=0 wall_ms=403828 text=38cf4d1e302da1e3 role=child prefix_tokens=14282 suffix_tokens=18 model_ms=15694.3 context_ms=335.2 state_ms=67.56 prefix_ms=0.0 suffix_ms=4552.9 first_token_ms=25408.5 generation_ms=377967.7 generated=64 generation_tps=0.169
AGENT index=52 mig=31ffbfe4 exit=0 wall_ms=553767 text=db3576fca55ed0c6 role=child prefix_tokens=14282 suffix_tokens=21 model_ms=7839.6 context_ms=1322.5 state_ms=15.83 prefix_ms=0.0 suffix_ms=2051.4 first_token_ms=15932.5 generation_ms=537400.1 generated=64 generation_tps=0.119
AGENT index=53 mig=fafc828a exit=0 wall_ms=412041 text=64ab5c3493ad7d60 role=child prefix_tokens=14282 suffix_tokens=26 model_ms=19225.8 context_ms=448.7 state_ms=26.04 prefix_ms=0.0 suffix_ms=13038.6 first_token_ms=37257.7 generation_ms=373282.7 generated=64 generation_tps=0.171
AGENT index=54 mig=31ffbfe4 exit=0 wall_ms=627975 text=165202180964e907 role=child prefix_tokens=14282 suffix_tokens=27 model_ms=17771.1 context_ms=330.9 state_ms=47.84 prefix_ms=0.0 suffix_ms=18666.9 first_token_ms=41502.6 generation_ms=585945.7 generated=64 generation_tps=0.109
AGENT index=55 mig=fafc828a exit=0 wall_ms=410000 text=4b01ddf73c283afd role=child prefix_tokens=14282 suffix_tokens=17 model_ms=18839.5 context_ms=521.1 state_ms=12.57 prefix_ms=0.0 suffix_ms=10404.6 first_token_ms=34736.1 generation_ms=374759.6 generated=64 generation_tps=0.171
AGENT index=56 mig=31ffbfe4 exit=0 wall_ms=627776 text=4b81f04b2e871391 role=child prefix_tokens=14282 suffix_tokens=22 model_ms=19047.4 context_ms=886.4 state_ms=10.62 prefix_ms=0.0 suffix_ms=17948.1 first_token_ms=41973.9 generation_ms=585291.6 generated=64 generation_tps=0.109
AGENT index=57 mig=fafc828a exit=0 wall_ms=411785 text=1c667cb5fedb9f86 role=child prefix_tokens=14282 suffix_tokens=23 model_ms=18838.3 context_ms=570.8 state_ms=14.46 prefix_ms=0.0 suffix_ms=10546.2 first_token_ms=34838.1 generation_ms=375514.7 generated=64 generation_tps=0.170
AGENT index=58 mig=31ffbfe4 exit=0 wall_ms=628995 text=bab3f9f2f4f63895 role=child prefix_tokens=14282 suffix_tokens=19 model_ms=19330.9 context_ms=482.7 state_ms=7.80 prefix_ms=0.0 suffix_ms=18270.7 first_token_ms=42433.1 generation_ms=586062.2 generated=64 generation_tps=0.109
AGENT index=59 mig=fafc828a exit=0 wall_ms=410928 text=d27133e6716db7fb role=child prefix_tokens=14282 suffix_tokens=21 model_ms=19161.5 context_ms=452.3 state_ms=12.58 prefix_ms=0.0 suffix_ms=10335.9 first_token_ms=34333.0 generation_ms=375651.4 generated=64 generation_tps=0.170
AGENT index=60 mig=31ffbfe4 exit=0 wall_ms=628688 text=346b011f01e098df role=child prefix_tokens=14282 suffix_tokens=20 model_ms=19602.9 context_ms=425.8 state_ms=18.00 prefix_ms=0.0 suffix_ms=18056.7 first_token_ms=42415.9 generation_ms=585760.0 generated=64 generation_tps=0.109
AGENT index=61 mig=fafc828a exit=0 wall_ms=396608 text=0e5d988e9fb8002d role=child prefix_tokens=14282 suffix_tokens=22 model_ms=13424.0 context_ms=929.1 state_ms=46.34 prefix_ms=0.0 suffix_ms=2258.0 first_token_ms=21566.9 generation_ms=374585.7 generated=64 generation_tps=0.171
AGENT index=62 mig=31ffbfe4 exit=0 wall_ms=629572 text=9519112db9bef89a role=child prefix_tokens=14282 suffix_tokens=20 model_ms=17764.8 context_ms=494.3 state_ms=44.19 prefix_ms=0.0 suffix_ms=18386.6 first_token_ms=41549.8 generation_ms=587337.3 generated=64 generation_tps=0.109
AGENT index=63 mig=fafc828a exit=0 wall_ms=411923 text=6de1332b6468dc77 role=child prefix_tokens=14282 suffix_tokens=22 model_ms=19047.2 context_ms=328.2 state_ms=18.77 prefix_ms=0.0 suffix_ms=10489.4 first_token_ms=34828.0 generation_ms=375684.9 generated=64 generation_tps=0.170
AGENT index=64 mig=31ffbfe4 exit=0 wall_ms=617639 text=e59bbc3a0165fd06 role=child prefix_tokens=14282 suffix_tokens=28 model_ms=14691.6 context_ms=560.4 state_ms=38.67 prefix_ms=0.0 suffix_ms=5522.8 first_token_ms=25070.2 generation_ms=592155.3 generated=64 generation_tps=0.108
AGENT index=65 mig=fafc828a exit=0 wall_ms=410910 text=89edb58949305077 role=child prefix_tokens=14282 suffix_tokens=23 model_ms=18362.3 context_ms=711.4 state_ms=32.12 prefix_ms=0.0 suffix_ms=10231.7 first_token_ms=34071.7 generation_ms=375822.9 generated=64 generation_tps=0.170
AGENT index=66 mig=31ffbfe4 exit=0 wall_ms=628436 text=653dd3243ff5beb6 role=child prefix_tokens=14282 suffix_tokens=25 model_ms=17386.9 context_ms=438.7 state_ms=31.38 prefix_ms=0.0 suffix_ms=17040.8 first_token_ms=39116.6 generation_ms=588560.7 generated=64 generation_tps=0.109
AGENT index=67 mig=fafc828a exit=0 wall_ms=412353 text=7338cfcb5de13da1 role=child prefix_tokens=14282 suffix_tokens=33 model_ms=16461.4 context_ms=463.2 state_ms=36.82 prefix_ms=0.0 suffix_ms=12545.3 first_token_ms=34432.0 generation_ms=376317.1 generated=64 generation_tps=0.170
AGENT index=68 mig=31ffbfe4 exit=0 wall_ms=629089 text=25e1ae5fe8cc7439 role=child prefix_tokens=14282 suffix_tokens=24 model_ms=18920.3 context_ms=525.3 state_ms=12.31 prefix_ms=0.0 suffix_ms=18164.5 first_token_ms=42279.8 generation_ms=586228.4 generated=64 generation_tps=0.109
AGENT index=69 mig=fafc828a exit=0 wall_ms=400832 text=c2763df6613b441a role=child prefix_tokens=14282 suffix_tokens=27 model_ms=14899.8 context_ms=243.4 state_ms=43.52 prefix_ms=0.0 suffix_ms=3328.4 first_token_ms=23135.5 generation_ms=377187.3 generated=64 generation_tps=0.170
AGENT index=70 mig=31ffbfe4 exit=0 wall_ms=625961 text=f09e321ed882ac10 role=child prefix_tokens=14282 suffix_tokens=22 model_ms=16881.9 context_ms=276.4 state_ms=42.91 prefix_ms=0.0 suffix_ms=14419.6 first_token_ms=36484.9 generation_ms=589066.8 generated=64 generation_tps=0.109
AGENT index=71 mig=fafc828a exit=0 wall_ms=412061 text=3aaf37ebe3d83581 role=child prefix_tokens=14282 suffix_tokens=32 model_ms=16777.0 context_ms=362.4 state_ms=34.11 prefix_ms=0.0 suffix_ms=12554.2 first_token_ms=34709.2 generation_ms=375898.6 generated=64 generation_tps=0.170
AGENT index=72 mig=31ffbfe4 exit=0 wall_ms=625279 text=b3f898c95dedc7ee role=child prefix_tokens=14282 suffix_tokens=19 model_ms=16919.5 context_ms=508.3 state_ms=14.28 prefix_ms=0.0 suffix_ms=14632.9 first_token_ms=36839.1 generation_ms=588008.1 generated=64 generation_tps=0.109
AGENT index=73 mig=fafc828a exit=0 wall_ms=412278 text=3073c542aabd2ef6 role=child prefix_tokens=14282 suffix_tokens=19 model_ms=19265.5 context_ms=495.0 state_ms=10.27 prefix_ms=0.0 suffix_ms=10642.8 first_token_ms=34717.1 generation_ms=375895.4 generated=64 generation_tps=0.170
AGENT index=74 mig=31ffbfe4 exit=0 wall_ms=629294 text=e4a42981bc259082 role=child prefix_tokens=14282 suffix_tokens=18 model_ms=18196.7 context_ms=433.1 state_ms=40.30 prefix_ms=0.0 suffix_ms=17953.7 first_token_ms=41405.6 generation_ms=587228.2 generated=64 generation_tps=0.109
AGENT index=75 mig=fafc828a exit=0 wall_ms=411556 text=375a0f8e978236e5 role=child prefix_tokens=14282 suffix_tokens=22 model_ms=19023.6 context_ms=675.9 state_ms=10.36 prefix_ms=0.0 suffix_ms=10565.4 first_token_ms=34578.7 generation_ms=375711.9 generated=64 generation_tps=0.170
AGENT index=76 mig=31ffbfe4 exit=0 wall_ms=617393 text=74c90b6fff5c615d role=child prefix_tokens=14282 suffix_tokens=21 model_ms=14497.4 context_ms=683.9 state_ms=70.58 prefix_ms=0.0 suffix_ms=5270.8 first_token_ms=25014.6 generation_ms=591937.8 generated=64 generation_tps=0.108
AGENT index=77 mig=fafc828a exit=0 wall_ms=338042 text=490272faf96b7022 role=child prefix_tokens=14282 suffix_tokens=31 model_ms=8510.7 context_ms=1182.8 state_ms=6.25 prefix_ms=0.0 suffix_ms=2101.4 first_token_ms=16036.7 generation_ms=321507.9 generated=64 generation_tps=0.199
AGENT index=78 mig=31ffbfe4 exit=0 wall_ms=629118 text=03e613a85d26b396 role=child prefix_tokens=14282 suffix_tokens=21 model_ms=18949.8 context_ms=514.2 state_ms=6.11 prefix_ms=0.0 suffix_ms=18109.7 first_token_ms=42154.3 generation_ms=586332.6 generated=64 generation_tps=0.109
AGENT index=79 mig=fafc828a exit=0 wall_ms=412404 text=ae3ce71edf0ce076 role=child prefix_tokens=14282 suffix_tokens=26 model_ms=17882.0 context_ms=915.4 state_ms=19.20 prefix_ms=0.0 suffix_ms=12893.2 first_token_ms=36766.6 generation_ms=374019.4 generated=64 generation_tps=0.171
AGENT index=80 mig=31ffbfe4 exit=0 wall_ms=629890 text=3ee33c49b4d558ac role=child prefix_tokens=14282 suffix_tokens=25 model_ms=18121.5 context_ms=670.6 state_ms=7.77 prefix_ms=0.0 suffix_ms=19310.5 first_token_ms=43119.1 generation_ms=585916.0 generated=64 generation_tps=0.109
AGENT index=81 mig=fafc828a exit=0 wall_ms=409366 text=6d6ea9418b22baee role=child prefix_tokens=14282 suffix_tokens=22 model_ms=17559.1 context_ms=445.1 state_ms=62.98 prefix_ms=0.0 suffix_ms=9212.3 first_token_ms=31554.4 generation_ms=377329.3 generated=64 generation_tps=0.170
AGENT index=82 mig=31ffbfe4 exit=0 wall_ms=629530 text=d1eeec4e9864f3ad role=child prefix_tokens=14282 suffix_tokens=21 model_ms=18096.5 context_ms=395.6 state_ms=34.19 prefix_ms=0.0 suffix_ms=17869.9 first_token_ms=41380.7 generation_ms=587401.1 generated=64 generation_tps=0.109
AGENT index=83 mig=fafc828a exit=0 wall_ms=412331 text=38cf4d1e302da1e3 role=child prefix_tokens=14282 suffix_tokens=18 model_ms=19141.3 context_ms=488.7 state_ms=25.66 prefix_ms=0.0 suffix_ms=10307.2 first_token_ms=34183.3 generation_ms=376462.5 generated=64 generation_tps=0.170
AGENT index=84 mig=31ffbfe4 exit=0 wall_ms=628266 text=126c8a08eb9eaa42 role=child prefix_tokens=14282 suffix_tokens=21 model_ms=18698.3 context_ms=890.9 state_ms=13.71 prefix_ms=0.0 suffix_ms=18010.5 first_token_ms=41989.8 generation_ms=585532.6 generated=64 generation_tps=0.109
AGENT index=85 mig=fafc828a exit=0 wall_ms=411013 text=3803ffa31d3bc8fb role=child prefix_tokens=14282 suffix_tokens=26 model_ms=17582.3 context_ms=506.8 state_ms=36.53 prefix_ms=0.0 suffix_ms=13317.6 first_token_ms=36428.7 generation_ms=373455.2 generated=64 generation_tps=0.171
AGENT index=86 mig=31ffbfe4 exit=0 wall_ms=624148 text=63b95de8140a6c6d role=child prefix_tokens=14282 suffix_tokens=27 model_ms=15805.9 context_ms=478.4 state_ms=69.44 prefix_ms=0.0 suffix_ms=12063.3 first_token_ms=33040.9 generation_ms=590688.0 generated=64 generation_tps=0.108
AGENT index=87 mig=fafc828a exit=0 wall_ms=410333 text=4b01ddf73c283afd role=child prefix_tokens=14282 suffix_tokens=17 model_ms=18780.0 context_ms=398.9 state_ms=18.91 prefix_ms=0.0 suffix_ms=10592.9 first_token_ms=34414.1 generation_ms=375174.5 generated=64 generation_tps=0.171
AGENT index=88 mig=31ffbfe4 exit=0 wall_ms=627331 text=4b81f04b2e871391 role=child prefix_tokens=14282 suffix_tokens=22 model_ms=17465.4 context_ms=343.6 state_ms=65.48 prefix_ms=0.0 suffix_ms=17076.9 first_token_ms=39418.9 generation_ms=587481.7 generated=64 generation_tps=0.109
AGENT index=89 mig=fafc828a exit=0 wall_ms=411189 text=1c667cb5fedb9f86 role=child prefix_tokens=14282 suffix_tokens=23 model_ms=18650.2 context_ms=663.9 state_ms=18.54 prefix_ms=0.0 suffix_ms=10509.5 first_token_ms=34738.5 generation_ms=375312.2 generated=64 generation_tps=0.171
AGENT index=90 mig=31ffbfe4 exit=0 wall_ms=623196 text=60c80c7544928390 role=child prefix_tokens=14282 suffix_tokens=19 model_ms=15726.9 context_ms=478.3 state_ms=19.63 prefix_ms=0.0 suffix_ms=12672.8 first_token_ms=33529.6 generation_ms=589227.0 generated=64 generation_tps=0.109
AGENT index=91 mig=fafc828a exit=0 wall_ms=412219 text=78492f82ef9b15c0 role=child prefix_tokens=14282 suffix_tokens=21 model_ms=18070.6 context_ms=577.3 state_ms=26.89 prefix_ms=0.0 suffix_ms=10601.2 first_token_ms=33575.7 generation_ms=377050.6 generated=64 generation_tps=0.170
AGENT index=92 mig=31ffbfe4 exit=0 wall_ms=629382 text=8c05e9a8540e63bb role=child prefix_tokens=14282 suffix_tokens=20 model_ms=18828.7 context_ms=841.1 state_ms=16.98 prefix_ms=0.0 suffix_ms=18010.0 first_token_ms=42008.3 generation_ms=586723.3 generated=64 generation_tps=0.109
AGENT index=93 mig=fafc828a exit=0 wall_ms=410359 text=a8684d050a827ca0 role=child prefix_tokens=14282 suffix_tokens=22 model_ms=18360.4 context_ms=413.3 state_ms=8.04 prefix_ms=0.0 suffix_ms=10812.9 first_token_ms=34007.5 generation_ms=375703.2 generated=64 generation_tps=0.170
AGENT index=94 mig=31ffbfe4 exit=0 wall_ms=618076 text=af45a9819a91da50 role=child prefix_tokens=14282 suffix_tokens=20 model_ms=14532.4 context_ms=543.5 state_ms=50.52 prefix_ms=0.0 suffix_ms=6161.0 first_token_ms=26059.5 generation_ms=591609.3 generated=64 generation_tps=0.108
AGENT index=95 mig=fafc828a exit=0 wall_ms=406507 text=590bbb0c65137929 role=child prefix_tokens=14282 suffix_tokens=22 model_ms=15992.2 context_ms=503.5 state_ms=55.31 prefix_ms=0.0 suffix_ms=6217.9 first_token_ms=27702.0 generation_ms=378302.4 generated=64 generation_tps=0.169
AGENT index=96 mig=31ffbfe4 exit=0 wall_ms=628038 text=e59bbc3a0165fd06 role=child prefix_tokens=14282 suffix_tokens=28 model_ms=18170.1 context_ms=932.0 state_ms=20.55 prefix_ms=0.0 suffix_ms=18185.5 first_token_ms=41948.0 generation_ms=585477.3 generated=64 generation_tps=0.109
AGENT index=97 mig=fafc828a exit=0 wall_ms=402612 text=89edb58949305077 role=child prefix_tokens=14282 suffix_tokens=23 model_ms=15487.4 context_ms=390.0 state_ms=82.46 prefix_ms=0.0 suffix_ms=3636.5 first_token_ms=23958.5 generation_ms=378186.4 generated=64 generation_tps=0.169
AGENT index=98 mig=31ffbfe4 exit=0 wall_ms=629800 text=aab90da000cbbc78 role=child prefix_tokens=14282 suffix_tokens=25 model_ms=18812.0 context_ms=389.6 state_ms=14.29 prefix_ms=0.0 suffix_ms=19405.7 first_token_ms=43539.0 generation_ms=585473.8 generated=64 generation_tps=0.109
AGENT index=99 mig=fafc828a exit=0 wall_ms=406031 text=d175e888a3ecd939 role=child prefix_tokens=14282 suffix_tokens=33 model_ms=14783.7 context_ms=661.2 state_ms=34.07 prefix_ms=0.0 suffix_ms=6383.4 first_token_ms=26702.1 generation_ms=378860.2 generated=64 generation_tps=0.169
AGENT index=100 mig=31ffbfe4 exit=0 wall_ms=628379 text=a822a861ab6da153 role=child prefix_tokens=14282 suffix_tokens=25 model_ms=17165.7 context_ms=452.2 state_ms=43.19 prefix_ms=0.0 suffix_ms=18987.4 first_token_ms=41343.1 generation_ms=586240.4 generated=64 generation_tps=0.109
AGENT index=101 mig=fafc828a exit=0 wall_ms=409643 text=c2763df6613b441a role=child prefix_tokens=14282 suffix_tokens=28 model_ms=19311.8 context_ms=291.1 state_ms=10.00 prefix_ms=0.0 suffix_ms=13245.2 first_token_ms=37180.4 generation_ms=371937.4 generated=64 generation_tps=0.172
AGENT index=102 mig=31ffbfe4 exit=0 wall_ms=626063 text=34b50509e937f859 role=child prefix_tokens=14282 suffix_tokens=23 model_ms=16155.3 context_ms=486.1 state_ms=40.20 prefix_ms=0.0 suffix_ms=14617.2 first_token_ms=36257.7 generation_ms=589374.3 generated=64 generation_tps=0.109
AGENT index=103 mig=fafc828a exit=0 wall_ms=412095 text=3aaf37ebe3d83581 role=child prefix_tokens=14282 suffix_tokens=33 model_ms=16549.5 context_ms=608.0 state_ms=51.25 prefix_ms=0.0 suffix_ms=13917.6 first_token_ms=36071.9 generation_ms=374636.2 generated=64 generation_tps=0.171
AGENT index=104 mig=31ffbfe4 exit=0 wall_ms=614252 text=31afa7a63f14db20 role=child prefix_tokens=14282 suffix_tokens=20 model_ms=13572.7 context_ms=808.8 state_ms=20.61 prefix_ms=0.0 suffix_ms=4360.7 first_token_ms=23338.4 generation_ms=590419.4 generated=64 generation_tps=0.108
AGENT index=105 mig=fafc828a exit=0 wall_ms=412369 text=98d67ea029d68c2c role=child prefix_tokens=14282 suffix_tokens=20 model_ms=18552.2 context_ms=557.9 state_ms=27.81 prefix_ms=0.0 suffix_ms=10413.9 first_token_ms=34505.9 generation_ms=376080.6 generated=64 generation_tps=0.170
AGENT index=106 mig=31ffbfe4 exit=0 wall_ms=629716 text=852f5148827e8d8c role=child prefix_tokens=14282 suffix_tokens=19 model_ms=18802.8 context_ms=432.1 state_ms=15.37 prefix_ms=0.0 suffix_ms=18120.7 first_token_ms=42313.3 generation_ms=586565.1 generated=64 generation_tps=0.109
AGENT index=107 mig=fafc828a exit=0 wall_ms=409557 text=e4acf0000b60a65c role=child prefix_tokens=14282 suffix_tokens=23 model_ms=18051.6 context_ms=565.2 state_ms=36.30 prefix_ms=0.0 suffix_ms=10587.8 first_token_ms=33462.7 generation_ms=375589.2 generated=64 generation_tps=0.170
AGENT index=108 mig=31ffbfe4 exit=0 wall_ms=629658 text=74c90b6fff5c615d role=child prefix_tokens=14282 suffix_tokens=22 model_ms=18865.5 context_ms=313.2 state_ms=20.38 prefix_ms=0.0 suffix_ms=18366.6 first_token_ms=42513.1 generation_ms=586380.5 generated=64 generation_tps=0.109
AGENT index=109 mig=fafc828a exit=0 wall_ms=408452 text=4167344764e2ea53 role=child prefix_tokens=14282 suffix_tokens=32 model_ms=18329.7 context_ms=642.8 state_ms=6.02 prefix_ms=0.0 suffix_ms=13053.5 first_token_ms=36920.0 generation_ms=371035.8 generated=64 generation_tps=0.172
AGENT index=110 mig=31ffbfe4 exit=0 wall_ms=629272 text=03e613a85d26b396 role=child prefix_tokens=14282 suffix_tokens=22 model_ms=18628.3 context_ms=407.3 state_ms=10.75 prefix_ms=0.0 suffix_ms=18163.8 first_token_ms=42035.4 generation_ms=586548.5 generated=64 generation_tps=0.109
AGENT index=111 mig=fafc828a exit=0 wall_ms=412014 text=bb59c99a10b1f7d2 role=child prefix_tokens=14282 suffix_tokens=27 model_ms=18605.1 context_ms=611.4 state_ms=19.19 prefix_ms=0.0 suffix_ms=13107.0 first_token_ms=37187.4 generation_ms=373187.5 generated=64 generation_tps=0.171
AGENT index=112 mig=31ffbfe4 exit=0 wall_ms=629806 text=f3c6e53e9628d37b role=child prefix_tokens=14282 suffix_tokens=26 model_ms=17317.6 context_ms=856.3 state_ms=38.46 prefix_ms=0.0 suffix_ms=19438.9 first_token_ms=42595.5 generation_ms=586357.8 generated=64 generation_tps=0.109
AGENT index=113 mig=fafc828a exit=0 wall_ms=410860 text=0d9008cd4be5f3b7 role=child prefix_tokens=14282 suffix_tokens=23 model_ms=17837.0 context_ms=439.6 state_ms=39.44 prefix_ms=0.0 suffix_ms=10453.1 first_token_ms=33261.6 generation_ms=376597.1 generated=64 generation_tps=0.170
AGENT index=114 mig=31ffbfe4 exit=0 wall_ms=629560 text=f022712f39a0b99e role=child prefix_tokens=14282 suffix_tokens=22 model_ms=19134.8 context_ms=463.3 state_ms=18.54 prefix_ms=0.0 suffix_ms=18198.4 first_token_ms=42378.2 generation_ms=586446.7 generated=64 generation_tps=0.109
AGENT index=115 mig=fafc828a exit=0 wall_ms=410628 text=38cf4d1e302da1e3 role=child prefix_tokens=14282 suffix_tokens=19 model_ms=17039.6 context_ms=728.9 state_ms=31.38 prefix_ms=0.0 suffix_ms=9994.5 first_token_ms=32530.6 generation_ms=377168.6 generated=64 generation_tps=0.170
AGENT index=116 mig=31ffbfe4 exit=0 wall_ms=629044 text=126c8a08eb9eaa42 role=child prefix_tokens=14282 suffix_tokens=22 model_ms=19060.9 context_ms=450.6 state_ms=14.41 prefix_ms=0.0 suffix_ms=18118.3 first_token_ms=42249.7 generation_ms=586188.7 generated=64 generation_tps=0.109
AGENT index=117 mig=fafc828a exit=0 wall_ms=410425 text=d904caef7b27cf33 role=child prefix_tokens=14282 suffix_tokens=27 model_ms=19373.4 context_ms=576.8 state_ms=11.87 prefix_ms=0.0 suffix_ms=13193.8 first_token_ms=37015.4 generation_ms=372573.1 generated=64 generation_tps=0.172
MEMORY mem_available_drop_mib=89561 mem_available_before_mib=118143 mem_free_before_mib=48681 pss_anon_mib=32131 pss_file_mib=11126 pss_shmem_mib=10267 device_mib=46138 samples=36
END_CASE failed_agents=0 wall_ms=630898
END_KVSTACK
BEGIN_KVSTACK run=5 context=16384 publisher_mig=fafc828a mem_free_mib=57177 kernel_reclaimable_mib=55990
PUBLISH store=stock prefix_tokens=14282 prefix_ms=38135.3 publish_ms=1463.21 state_bytes=2808185157
PUBLISH store=device prefix_tokens=14282 prefix_ms=38275.9 publish_ms=1445.19 state_bytes=2808185157
PUBLISH store=huge prefix_tokens=14282 prefix_ms=38863.7 publish_ms=15.56 state_bytes=229701 file_used_kib=2752512
CASE mode=both agents=118
AGENT index=0 mig=fafc828a exit=0 wall_ms=410463 text=981e4f586523a56b role=child prefix_tokens=14282 suffix_tokens=27 model_ms=19300.5 context_ms=426.4 state_ms=14.69 prefix_ms=0.0 suffix_ms=12868.1 first_token_ms=37183.7 generation_ms=372534.3 generated=64 generation_tps=0.172
AGENT index=1 mig=31ffbfe4 exit=0 wall_ms=623579 text=89edb58949305077 role=child prefix_tokens=14282 suffix_tokens=22 model_ms=17821.8 context_ms=607.3 state_ms=34.39 prefix_ms=0.0 suffix_ms=16252.0 first_token_ms=38940.2 generation_ms=584211.7 generated=64 generation_tps=0.110
AGENT index=2 mig=fafc828a exit=0 wall_ms=409522 text=9927243a9fb99892 role=child prefix_tokens=14282 suffix_tokens=24 model_ms=16948.7 context_ms=664.1 state_ms=46.32 prefix_ms=0.0 suffix_ms=8914.8 first_token_ms=31459.9 generation_ms=377528.0 generated=64 generation_tps=0.170
AGENT index=3 mig=31ffbfe4 exit=0 wall_ms=516392 text=7338cfcb5de13da1 role=child prefix_tokens=14282 suffix_tokens=32 model_ms=10679.7 context_ms=893.7 state_ms=15.89 prefix_ms=0.0 suffix_ms=1570.4 first_token_ms=16189.5 generation_ms=499742.3 generated=64 generation_tps=0.128
AGENT index=4 mig=fafc828a exit=0 wall_ms=407111 text=106848bd86c1fe79 role=child prefix_tokens=14282 suffix_tokens=23 model_ms=16908.2 context_ms=466.9 state_ms=58.36 prefix_ms=0.0 suffix_ms=6614.7 first_token_ms=28451.2 generation_ms=378134.5 generated=64 generation_tps=0.169
AGENT index=5 mig=31ffbfe4 exit=0 wall_ms=628526 text=c2763df6613b441a role=child prefix_tokens=14282 suffix_tokens=26 model_ms=19045.1 context_ms=346.8 state_ms=39.39 prefix_ms=0.0 suffix_ms=19115.5 first_token_ms=42761.4 generation_ms=585328.8 generated=64 generation_tps=0.109
AGENT index=6 mig=fafc828a exit=0 wall_ms=410998 text=567fd0979b8fafd1 role=child prefix_tokens=14282 suffix_tokens=21 model_ms=19122.9 context_ms=485.9 state_ms=40.93 prefix_ms=0.0 suffix_ms=9994.8 first_token_ms=34091.8 generation_ms=376117.2 generated=64 generation_tps=0.170
AGENT index=7 mig=31ffbfe4 exit=0 wall_ms=618971 text=7252ad981b85ee4b role=child prefix_tokens=14282 suffix_tokens=31 model_ms=14885.1 context_ms=595.2 state_ms=54.90 prefix_ms=0.0 suffix_ms=6351.2 first_token_ms=26125.2 generation_ms=592394.1 generated=64 generation_tps=0.108
AGENT index=8 mig=fafc828a exit=0 wall_ms=409711 text=31afa7a63f14db20 role=child prefix_tokens=14282 suffix_tokens=18 model_ms=18227.7 context_ms=498.6 state_ms=60.66 prefix_ms=0.0 suffix_ms=9387.7 first_token_ms=32503.6 generation_ms=376708.5 generated=64 generation_tps=0.170
AGENT index=9 mig=31ffbfe4 exit=0 wall_ms=629810 text=22d978eb182d5894 role=child prefix_tokens=14282 suffix_tokens=18 model_ms=19152.1 context_ms=534.7 state_ms=20.00 prefix_ms=0.0 suffix_ms=18215.2 first_token_ms=42586.9 generation_ms=586575.5 generated=64 generation_tps=0.109
AGENT index=10 mig=fafc828a exit=0 wall_ms=408892 text=ae33f1c5b457ba87 role=child prefix_tokens=14282 suffix_tokens=18 model_ms=17553.7 context_ms=479.8 state_ms=47.99 prefix_ms=0.0 suffix_ms=8241.4 first_token_ms=30911.2 generation_ms=377446.0 generated=64 generation_tps=0.170
AGENT index=11 mig=31ffbfe4 exit=0 wall_ms=619786 text=7c3d587597498124 role=child prefix_tokens=14282 suffix_tokens=22 model_ms=15300.3 context_ms=677.1 state_ms=58.44 prefix_ms=0.0 suffix_ms=8425.5 first_token_ms=28687.7 generation_ms=590633.8 generated=64 generation_tps=0.108
AGENT index=12 mig=fafc828a exit=0 wall_ms=404059 text=74c90b6fff5c615d role=child prefix_tokens=14282 suffix_tokens=21 model_ms=16205.3 context_ms=338.3 state_ms=30.74 prefix_ms=0.0 suffix_ms=3570.2 first_token_ms=24392.3 generation_ms=379180.1 generated=64 generation_tps=0.169
AGENT index=13 mig=31ffbfe4 exit=0 wall_ms=627532 text=cf3ecfac44aca912 role=child prefix_tokens=14282 suffix_tokens=31 model_ms=18361.2 context_ms=544.1 state_ms=46.56 prefix_ms=0.0 suffix_ms=18008.1 first_token_ms=41172.4 generation_ms=585939.6 generated=64 generation_tps=0.109
AGENT index=14 mig=fafc828a exit=0 wall_ms=403174 text=c74ab19027cfe635 role=child prefix_tokens=14282 suffix_tokens=21 model_ms=15780.5 context_ms=487.6 state_ms=64.90 prefix_ms=0.0 suffix_ms=3390.4 first_token_ms=23936.9 generation_ms=378770.1 generated=64 generation_tps=0.169
AGENT index=15 mig=31ffbfe4 exit=0 wall_ms=629631 text=41adb9c1fa6fcd2a role=child prefix_tokens=14282 suffix_tokens=26 model_ms=19213.3 context_ms=313.2 state_ms=8.90 prefix_ms=0.0 suffix_ms=19791.1 first_token_ms=44250.1 generation_ms=584749.5 generated=64 generation_tps=0.109
AGENT index=16 mig=fafc828a exit=0 wall_ms=410832 text=4b9fce9251b6ca5c role=child prefix_tokens=14282 suffix_tokens=25 model_ms=19838.2 context_ms=455.0 state_ms=12.53 prefix_ms=0.0 suffix_ms=13127.3 first_token_ms=37620.5 generation_ms=372486.7 generated=64 generation_tps=0.172
AGENT index=17 mig=31ffbfe4 exit=0 wall_ms=629445 text=ee527e678b1e8853 role=child prefix_tokens=14282 suffix_tokens=22 model_ms=19213.5 context_ms=520.5 state_ms=26.52 prefix_ms=0.0 suffix_ms=18492.6 first_token_ms=42861.9 generation_ms=585966.7 generated=64 generation_tps=0.109
AGENT index=18 mig=fafc828a exit=0 wall_ms=411543 text=41b73031fb9bbbd2 role=child prefix_tokens=14282 suffix_tokens=21 model_ms=18890.8 context_ms=512.8 state_ms=14.24 prefix_ms=0.0 suffix_ms=10318.2 first_token_ms=34596.6 generation_ms=376271.1 generated=64 generation_tps=0.170
AGENT index=19 mig=31ffbfe4 exit=0 wall_ms=628987 text=38cf4d1e302da1e3 role=child prefix_tokens=14282 suffix_tokens=18 model_ms=18265.3 context_ms=260.3 state_ms=28.70 prefix_ms=0.0 suffix_ms=17404.5 first_token_ms=40507.1 generation_ms=587970.6 generated=64 generation_tps=0.109
AGENT index=20 mig=fafc828a exit=0 wall_ms=412723 text=0c0f7f1be9fa187e role=child prefix_tokens=14282 suffix_tokens=21 model_ms=18047.6 context_ms=524.7 state_ms=39.56 prefix_ms=0.0 suffix_ms=10276.9 first_token_ms=33869.9 generation_ms=377279.5 generated=64 generation_tps=0.170
AGENT index=21 mig=31ffbfe4 exit=0 wall_ms=629242 text=f0729f0438c7eea8 role=child prefix_tokens=14282 suffix_tokens=26 model_ms=19087.3 context_ms=508.4 state_ms=10.23 prefix_ms=0.0 suffix_ms=19529.8 first_token_ms=43606.9 generation_ms=585017.9 generated=64 generation_tps=0.109
AGENT index=22 mig=fafc828a exit=0 wall_ms=410261 text=90e545507234e5ac role=child prefix_tokens=14282 suffix_tokens=27 model_ms=17713.6 context_ms=291.7 state_ms=36.55 prefix_ms=0.0 suffix_ms=11153.5 first_token_ms=33899.6 generation_ms=375786.6 generated=64 generation_tps=0.170
AGENT index=23 mig=31ffbfe4 exit=0 wall_ms=624930 text=c12996f446ac7fb5 role=child prefix_tokens=14282 suffix_tokens=17 model_ms=16835.8 context_ms=392.8 state_ms=58.48 prefix_ms=0.0 suffix_ms=14064.8 first_token_ms=35566.8 generation_ms=588933.2 generated=64 generation_tps=0.109
AGENT index=24 mig=fafc828a exit=0 wall_ms=408064 text=d25045fabcd28252 role=child prefix_tokens=14282 suffix_tokens=22 model_ms=17747.5 context_ms=355.0 state_ms=23.86 prefix_ms=0.0 suffix_ms=9130.4 first_token_ms=31804.4 generation_ms=375768.8 generated=64 generation_tps=0.170
AGENT index=25 mig=31ffbfe4 exit=0 wall_ms=614061 text=1c667cb5fedb9f86 role=child prefix_tokens=14282 suffix_tokens=23 model_ms=13291.7 context_ms=1137.2 state_ms=59.57 prefix_ms=0.0 suffix_ms=4467.3 first_token_ms=23118.3 generation_ms=590521.0 generated=64 generation_tps=0.108
AGENT index=26 mig=fafc828a exit=0 wall_ms=409840 text=60c80c7544928390 role=child prefix_tokens=14282 suffix_tokens=19 model_ms=17780.5 context_ms=219.6 state_ms=7.13 prefix_ms=0.0 suffix_ms=8819.8 first_token_ms=31620.6 generation_ms=377659.0 generated=64 generation_tps=0.169
AGENT index=27 mig=31ffbfe4 exit=0 wall_ms=621543 text=d688fed40744d7a8 role=child prefix_tokens=14282 suffix_tokens=21 model_ms=16013.1 context_ms=494.7 state_ms=62.43 prefix_ms=0.0 suffix_ms=9863.1 first_token_ms=30856.9 generation_ms=590238.5 generated=64 generation_tps=0.108
AGENT index=28 mig=fafc828a exit=0 wall_ms=410384 text=c3b4112e50e92951 role=child prefix_tokens=14282 suffix_tokens=20 model_ms=18926.1 context_ms=609.9 state_ms=18.50 prefix_ms=0.0 suffix_ms=10329.2 first_token_ms=34218.7 generation_ms=375501.9 generated=64 generation_tps=0.170
AGENT index=29 mig=31ffbfe4 exit=0 wall_ms=616034 text=5b84d4ef24bf1561 role=child prefix_tokens=14282 suffix_tokens=22 model_ms=13630.9 context_ms=1369.0 state_ms=76.86 prefix_ms=0.0 suffix_ms=4980.6 first_token_ms=24280.0 generation_ms=591316.6 generated=64 generation_tps=0.108
AGENT index=30 mig=fafc828a exit=0 wall_ms=412640 text=e2bf0a9e5de19b9b role=child prefix_tokens=14282 suffix_tokens=20 model_ms=19729.2 context_ms=327.2 state_ms=6.68 prefix_ms=0.0 suffix_ms=10454.6 first_token_ms=34861.8 generation_ms=376296.0 generated=64 generation_tps=0.170
AGENT index=31 mig=31ffbfe4 exit=0 wall_ms=629078 text=590bbb0c65137929 role=child prefix_tokens=14282 suffix_tokens=22 model_ms=18801.9 context_ms=515.3 state_ms=22.17 prefix_ms=0.0 suffix_ms=17915.1 first_token_ms=41696.7 generation_ms=586881.4 generated=64 generation_tps=0.109
AGENT index=32 mig=fafc828a exit=0 wall_ms=409544 text=7ddda7cc8e8a2584 role=child prefix_tokens=14282 suffix_tokens=28 model_ms=18859.8 context_ms=709.7 state_ms=37.18 prefix_ms=0.0 suffix_ms=12792.1 first_token_ms=36605.7 generation_ms=372367.8 generated=64 generation_tps=0.172
AGENT index=33 mig=31ffbfe4 exit=0 wall_ms=629995 text=89edb58949305077 role=child prefix_tokens=14282 suffix_tokens=23 model_ms=18456.0 context_ms=405.4 state_ms=10.60 prefix_ms=0.0 suffix_ms=17710.1 first_token_ms=41284.8 generation_ms=587809.4 generated=64 generation_tps=0.109
AGENT index=34 mig=fafc828a exit=0 wall_ms=411440 text=cbcb1933da6a97b1 role=child prefix_tokens=14282 suffix_tokens=25 model_ms=19575.6 context_ms=426.3 state_ms=16.61 prefix_ms=0.0 suffix_ms=12881.7 first_token_ms=37349.5 generation_ms=373266.2 generated=64 generation_tps=0.171
AGENT index=35 mig=31ffbfe4 exit=0 wall_ms=630688 text=7338cfcb5de13da1 role=child prefix_tokens=14282 suffix_tokens=33 model_ms=18658.7 context_ms=582.5 state_ms=25.45 prefix_ms=0.0 suffix_ms=24280.3 first_token_ms=48292.2 generation_ms=581511.7 generated=64 generation_tps=0.110
AGENT index=36 mig=fafc828a exit=0 wall_ms=408642 text=72a19e50ca0eec3f role=child prefix_tokens=14282 suffix_tokens=24 model_ms=16981.4 context_ms=453.3 state_ms=47.81 prefix_ms=0.0 suffix_ms=7615.8 first_token_ms=29914.7 generation_ms=378221.4 generated=64 generation_tps=0.169
AGENT index=37 mig=31ffbfe4 exit=0 wall_ms=628705 text=c2763df6613b441a role=child prefix_tokens=14282 suffix_tokens=27 model_ms=17605.0 context_ms=355.8 state_ms=10.21 prefix_ms=0.0 suffix_ms=18347.2 first_token_ms=41324.7 generation_ms=586890.7 generated=64 generation_tps=0.109
AGENT index=38 mig=fafc828a exit=0 wall_ms=410404 text=906b33bbb52d81ce role=child prefix_tokens=14282 suffix_tokens=22 model_ms=18395.5 context_ms=637.6 state_ms=40.81 prefix_ms=0.0 suffix_ms=10362.7 first_token_ms=34078.8 generation_ms=375726.0 generated=64 generation_tps=0.170
AGENT index=39 mig=31ffbfe4 exit=0 wall_ms=627249 text=3aaf37ebe3d83581 role=child prefix_tokens=14282 suffix_tokens=32 model_ms=16899.7 context_ms=378.3 state_ms=50.26 prefix_ms=0.0 suffix_ms=14605.2 first_token_ms=36565.0 generation_ms=590262.9 generated=64 generation_tps=0.108
AGENT index=40 mig=fafc828a exit=0 wall_ms=408872 text=31afa7a63f14db20 role=child prefix_tokens=14282 suffix_tokens=19 model_ms=16908.1 context_ms=479.7 state_ms=42.33 prefix_ms=0.0 suffix_ms=7710.5 first_token_ms=29893.1 generation_ms=378472.5 generated=64 generation_tps=0.169
AGENT index=41 mig=31ffbfe4 exit=0 wall_ms=614636 text=c0f823020f3af1a4 role=child prefix_tokens=14282 suffix_tokens=19 model_ms=13311.7 context_ms=1164.0 state_ms=49.11 prefix_ms=0.0 suffix_ms=4685.4 first_token_ms=23359.3 generation_ms=590836.1 generated=64 generation_tps=0.108
AGENT index=42 mig=fafc828a exit=0 wall_ms=409308 text=85f20185b4d2e5f5 role=child prefix_tokens=14282 suffix_tokens=18 model_ms=19699.9 context_ms=357.0 state_ms=6.29 prefix_ms=0.0 suffix_ms=10009.7 first_token_ms=34158.3 generation_ms=374644.5 generated=64 generation_tps=0.171
AGENT index=43 mig=31ffbfe4 exit=0 wall_ms=620955 text=906219452a17c427 role=child prefix_tokens=14282 suffix_tokens=22 model_ms=14979.7 context_ms=588.8 state_ms=33.53 prefix_ms=0.0 suffix_ms=8008.1 first_token_ms=28034.7 generation_ms=592479.4 generated=64 generation_tps=0.108
AGENT index=44 mig=fafc828a exit=0 wall_ms=411268 text=74c90b6fff5c615d role=child prefix_tokens=14282 suffix_tokens=21 model_ms=19615.4 context_ms=335.2 state_ms=17.59 prefix_ms=0.0 suffix_ms=10134.9 first_token_ms=34584.5 generation_ms=375903.4 generated=64 generation_tps=0.170
AGENT index=45 mig=31ffbfe4 exit=0 wall_ms=630395 text=de04cf66ff533805 role=child prefix_tokens=14282 suffix_tokens=31 model_ms=19119.9 context_ms=513.6 state_ms=21.51 prefix_ms=0.0 suffix_ms=18450.3 first_token_ms=42900.1 generation_ms=586388.2 generated=64 generation_tps=0.109
AGENT index=46 mig=fafc828a exit=0 wall_ms=412168 text=03e613a85d26b396 role=child prefix_tokens=14282 suffix_tokens=21 model_ms=19012.4 context_ms=437.8 state_ms=42.50 prefix_ms=0.0 suffix_ms=10187.0 first_token_ms=34293.2 generation_ms=376588.7 generated=64 generation_tps=0.170
AGENT index=47 mig=31ffbfe4 exit=0 wall_ms=626752 text=e5eb6734e8015615 role=child prefix_tokens=14282 suffix_tokens=26 model_ms=16771.9 context_ms=563.8 state_ms=46.47 prefix_ms=0.0 suffix_ms=15904.1 first_token_ms=37961.5 generation_ms=588360.2 generated=64 generation_tps=0.109
AGENT index=48 mig=fafc828a exit=0 wall_ms=397905 text=ab3714794c461481 role=child prefix_tokens=14282 suffix_tokens=25 model_ms=13325.2 context_ms=726.2 state_ms=38.30 prefix_ms=0.0 suffix_ms=3440.6 first_token_ms=21956.2 generation_ms=375478.5 generated=64 generation_tps=0.170
AGENT index=49 mig=31ffbfe4 exit=0 wall_ms=495766 text=ee527e678b1e8853 role=child prefix_tokens=14282 suffix_tokens=22 model_ms=9404.6 context_ms=558.5 state_ms=16.76 prefix_ms=0.0 suffix_ms=1125.8 first_token_ms=15270.7 generation_ms=480026.4 generated=64 generation_tps=0.133
AGENT index=50 mig=fafc828a exit=0 wall_ms=412160 text=590323964fe83c82 role=child prefix_tokens=14282 suffix_tokens=21 model_ms=18596.5 context_ms=446.8 state_ms=28.76 prefix_ms=0.0 suffix_ms=10079.5 first_token_ms=34117.8 generation_ms=377056.9 generated=64 generation_tps=0.170
AGENT index=51 mig=31ffbfe4 exit=0 wall_ms=626187 text=38cf4d1e302da1e3 role=child prefix_tokens=14282 suffix_tokens=18 model_ms=17041.9 context_ms=515.6 state_ms=23.54 prefix_ms=0.0 suffix_ms=14934.4 first_token_ms=37332.7 generation_ms=588398.4 generated=64 generation_tps=0.109
AGENT index=52 mig=fafc828a exit=0 wall_ms=408108 text=6288ac410e5a2dc4 role=child prefix_tokens=14282 suffix_tokens=21 model_ms=16219.8 context_ms=278.5 state_ms=54.47 prefix_ms=0.0 suffix_ms=7202.1 first_token_ms=28473.2 generation_ms=379150.3 generated=64 generation_tps=0.169
AGENT index=53 mig=31ffbfe4 exit=0 wall_ms=612986 text=7b0462f2bf395734 role=child prefix_tokens=14282 suffix_tokens=26 model_ms=12600.8 context_ms=1173.8 state_ms=41.35 prefix_ms=0.0 suffix_ms=4181.5 first_token_ms=22671.1 generation_ms=589852.7 generated=64 generation_tps=0.109
AGENT index=54 mig=fafc828a exit=0 wall_ms=408795 text=63b95de8140a6c6d role=child prefix_tokens=14282 suffix_tokens=27 model_ms=18285.2 context_ms=447.9 state_ms=49.04 prefix_ms=0.0 suffix_ms=12785.9 first_token_ms=35974.8 generation_ms=372282.0 generated=64 generation_tps=0.172
AGENT index=55 mig=31ffbfe4 exit=0 wall_ms=613746 text=c12996f446ac7fb5 role=child prefix_tokens=14282 suffix_tokens=17 model_ms=13873.4 context_ms=1108.8 state_ms=46.18 prefix_ms=0.0 suffix_ms=4082.7 first_token_ms=23222.5 generation_ms=590085.1 generated=64 generation_tps=0.108
AGENT index=56 mig=fafc828a exit=0 wall_ms=399402 text=e719e7ba88953202 role=child prefix_tokens=14282 suffix_tokens=22 model_ms=13593.8 context_ms=1170.7 state_ms=73.56 prefix_ms=0.0 suffix_ms=3033.8 first_token_ms=22127.9 generation_ms=376797.1 generated=64 generation_tps=0.170
AGENT index=57 mig=31ffbfe4 exit=0 wall_ms=626406 text=a90b8ad155107a51 role=child prefix_tokens=14282 suffix_tokens=23 model_ms=19114.7 context_ms=630.6 state_ms=12.56 prefix_ms=0.0 suffix_ms=18085.9 first_token_ms=41912.8 generation_ms=584100.5 generated=64 generation_tps=0.110
AGENT index=58 mig=fafc828a exit=0 wall_ms=409547 text=bcc09dfc7a2bd9cb role=child prefix_tokens=14282 suffix_tokens=19 model_ms=18604.3 context_ms=629.8 state_ms=12.84 prefix_ms=0.0 suffix_ms=10085.3 first_token_ms=33438.7 generation_ms=375527.3 generated=64 generation_tps=0.170
AGENT index=59 mig=31ffbfe4 exit=0 wall_ms=630321 text=bfe771f018985397 role=child prefix_tokens=14282 suffix_tokens=21 model_ms=18273.0 context_ms=490.6 state_ms=10.17 prefix_ms=0.0 suffix_ms=18069.5 first_token_ms=41884.1 generation_ms=587601.6 generated=64 generation_tps=0.109
AGENT index=60 mig=fafc828a exit=0 wall_ms=411018 text=71b46dc637791a35 role=child prefix_tokens=14282 suffix_tokens=20 model_ms=17562.9 context_ms=658.5 state_ms=6.22 prefix_ms=0.0 suffix_ms=10314.4 first_token_ms=33021.2 generation_ms=377362.1 generated=64 generation_tps=0.170
AGENT index=61 mig=31ffbfe4 exit=0 wall_ms=629879 text=111fa4b257db8225 role=child prefix_tokens=14282 suffix_tokens=22 model_ms=18681.1 context_ms=943.3 state_ms=14.33 prefix_ms=0.0 suffix_ms=18207.2 first_token_ms=42291.0 generation_ms=586738.7 generated=64 generation_tps=0.109
AGENT index=62 mig=fafc828a exit=0 wall_ms=400129 text=bb3866bab3969ddd role=child prefix_tokens=14282 suffix_tokens=20 model_ms=14067.5 context_ms=765.1 state_ms=57.57 prefix_ms=0.0 suffix_ms=2574.9 first_token_ms=22268.8 generation_ms=377380.4 generated=64 generation_tps=0.170
AGENT index=63 mig=31ffbfe4 exit=0 wall_ms=626859 text=590bbb0c65137929 role=child prefix_tokens=14282 suffix_tokens=22 model_ms=16884.6 context_ms=503.7 state_ms=46.36 prefix_ms=0.0 suffix_ms=15480.0 first_token_ms=37589.7 generation_ms=588810.3 generated=64 generation_tps=0.109
AGENT index=64 mig=fafc828a exit=0 wall_ms=412390 text=7ddda7cc8e8a2584 role=child prefix_tokens=14282 suffix_tokens=28 model_ms=18844.7 context_ms=416.4 state_ms=105.82 prefix_ms=0.0 suffix_ms=12865.4 first_token_ms=37034.3 generation_ms=374123.4 generated=64 generation_tps=0.171
AGENT index=65 mig=31ffbfe4 exit=0 wall_ms=628436 text=89edb58949305077 role=child prefix_tokens=14282 suffix_tokens=23 model_ms=19257.8 context_ms=242.7 state_ms=16.11 prefix_ms=0.0 suffix_ms=18059.8 first_token_ms=41688.1 generation_ms=586289.2 generated=64 generation_tps=0.109
AGENT index=66 mig=fafc828a exit=0 wall_ms=410030 text=8c4677a6d913c8c4 role=child prefix_tokens=14282 suffix_tokens=25 model_ms=16462.6 context_ms=588.4 state_ms=42.40 prefix_ms=0.0 suffix_ms=10784.2 first_token_ms=32684.8 generation_ms=376709.1 generated=64 generation_tps=0.170
AGENT index=67 mig=31ffbfe4 exit=0 wall_ms=630478 text=7338cfcb5de13da1 role=child prefix_tokens=14282 suffix_tokens=33 model_ms=18936.5 context_ms=505.1 state_ms=14.32 prefix_ms=0.0 suffix_ms=24316.9 first_token_ms=48541.5 generation_ms=581122.2 generated=64 generation_tps=0.110
AGENT index=68 mig=fafc828a exit=0 wall_ms=412339 text=d6019e466397c8a9 role=child prefix_tokens=14282 suffix_tokens=24 model_ms=18874.7 context_ms=575.3 state_ms=12.68 prefix_ms=0.0 suffix_ms=10299.2 first_token_ms=34027.4 generation_ms=376822.5 generated=64 generation_tps=0.170
AGENT index=69 mig=31ffbfe4 exit=0 wall_ms=630150 text=c2763df6613b441a role=child prefix_tokens=14282 suffix_tokens=27 model_ms=18848.1 context_ms=495.6 state_ms=10.19 prefix_ms=0.0 suffix_ms=18754.3 first_token_ms=43031.4 generation_ms=586196.3 generated=64 generation_tps=0.109
AGENT index=70 mig=fafc828a exit=0 wall_ms=411860 text=f2f3e8f5c69bd198 role=child prefix_tokens=14282 suffix_tokens=22 model_ms=17976.4 context_ms=367.0 state_ms=32.68 prefix_ms=0.0 suffix_ms=10062.9 first_token_ms=33104.8 generation_ms=377709.8 generated=64 generation_tps=0.169
AGENT index=71 mig=31ffbfe4 exit=0 wall_ms=628756 text=3aaf37ebe3d83581 role=child prefix_tokens=14282 suffix_tokens=32 model_ms=18109.1 context_ms=523.7 state_ms=20.25 prefix_ms=0.0 suffix_ms=18195.6 first_token_ms=41664.8 generation_ms=586593.0 generated=64 generation_tps=0.109
AGENT index=72 mig=fafc828a exit=0 wall_ms=406993 text=31afa7a63f14db20 role=child prefix_tokens=14282 suffix_tokens=19 model_ms=16341.1 context_ms=356.0 state_ms=74.66 prefix_ms=0.0 suffix_ms=5493.3 first_token_ms=26716.9 generation_ms=379755.3 generated=64 generation_tps=0.169
AGENT index=73 mig=31ffbfe4 exit=0 wall_ms=630400 text=b1492aaf270a3f61 role=child prefix_tokens=14282 suffix_tokens=19 model_ms=18767.8 context_ms=460.7 state_ms=14.13 prefix_ms=0.0 suffix_ms=18815.0 first_token_ms=43042.8 generation_ms=586508.8 generated=64 generation_tps=0.109
AGENT index=74 mig=fafc828a exit=0 wall_ms=301888 text=e4a42981bc259082 role=child prefix_tokens=14282 suffix_tokens=18 model_ms=9209.8 context_ms=701.7 state_ms=15.28 prefix_ms=0.0 suffix_ms=1132.9 first_token_ms=15769.8 generation_ms=285643.2 generated=64 generation_tps=0.224
AGENT index=75 mig=31ffbfe4 exit=0 wall_ms=628078 text=a89456c5fecac031 role=child prefix_tokens=14282 suffix_tokens=22 model_ms=17824.0 context_ms=225.5 state_ms=62.27 prefix_ms=0.0 suffix_ms=17627.6 first_token_ms=40534.3 generation_ms=587130.3 generated=64 generation_tps=0.109
AGENT index=76 mig=fafc828a exit=0 wall_ms=412451 text=74c90b6fff5c615d role=child prefix_tokens=14282 suffix_tokens=21 model_ms=18592.8 context_ms=421.9 state_ms=20.86 prefix_ms=0.0 suffix_ms=10236.6 first_token_ms=34017.8 generation_ms=377057.5 generated=64 generation_tps=0.170
AGENT index=77 mig=31ffbfe4 exit=0 wall_ms=628603 text=490272faf96b7022 role=child prefix_tokens=14282 suffix_tokens=31 model_ms=18969.2 context_ms=381.7 state_ms=10.80 prefix_ms=0.0 suffix_ms=18334.6 first_token_ms=42526.9 generation_ms=585590.4 generated=64 generation_tps=0.109
AGENT index=78 mig=fafc828a exit=0 wall_ms=411697 text=eaf7e5219bd72c3c role=child prefix_tokens=14282 suffix_tokens=21 model_ms=18661.8 context_ms=560.4 state_ms=14.21 prefix_ms=0.0 suffix_ms=10271.5 first_token_ms=33756.0 generation_ms=376945.1 generated=64 generation_tps=0.170
AGENT index=79 mig=31ffbfe4 exit=0 wall_ms=629309 text=6cb78dc5ca9df942 role=child prefix_tokens=14282 suffix_tokens=26 model_ms=17614.6 context_ms=581.8 state_ms=41.26 prefix_ms=0.0 suffix_ms=19406.5 first_token_ms=42541.6 generation_ms=586038.0 generated=64 generation_tps=0.109
AGENT index=80 mig=fafc828a exit=0 wall_ms=400395 text=3ee33c49b4d558ac role=child prefix_tokens=14282 suffix_tokens=25 model_ms=13725.1 context_ms=1273.4 state_ms=38.25 prefix_ms=0.0 suffix_ms=4372.8 first_token_ms=23366.6 generation_ms=376501.1 generated=64 generation_tps=0.170
AGENT index=81 mig=31ffbfe4 exit=0 wall_ms=629806 text=be2e96b3dcbb4420 role=child prefix_tokens=14282 suffix_tokens=22 model_ms=19159.7 context_ms=401.1 state_ms=21.72 prefix_ms=0.0 suffix_ms=18305.8 first_token_ms=42453.7 generation_ms=586588.0 generated=64 generation_tps=0.109
AGENT index=82 mig=fafc828a exit=0 wall_ms=410635 text=116da7fd8ab197b0 role=child prefix_tokens=14282 suffix_tokens=21 model_ms=19326.0 context_ms=492.9 state_ms=22.52 prefix_ms=0.0 suffix_ms=10276.8 first_token_ms=34553.2 generation_ms=375513.2 generated=64 generation_tps=0.170
AGENT index=83 mig=31ffbfe4 exit=0 wall_ms=603964 text=52d6b87affa729ce role=child prefix_tokens=14282 suffix_tokens=18 model_ms=12255.0 context_ms=1201.6 state_ms=27.80 prefix_ms=0.0 suffix_ms=2381.5 first_token_ms=20369.2 generation_ms=583191.8 generated=64 generation_tps=0.110
AGENT index=84 mig=fafc828a exit=0 wall_ms=403510 text=126c8a08eb9eaa42 role=child prefix_tokens=14282 suffix_tokens=21 model_ms=16169.3 context_ms=347.0 state_ms=28.26 prefix_ms=0.0 suffix_ms=3575.3 first_token_ms=24199.8 generation_ms=378838.1 generated=64 generation_tps=0.169
AGENT index=85 mig=31ffbfe4 exit=0 wall_ms=629080 text=72fcfeaf8d34149c role=child prefix_tokens=14282 suffix_tokens=26 model_ms=18019.2 context_ms=301.4 state_ms=17.87 prefix_ms=0.0 suffix_ms=18823.5 first_token_ms=41296.0 generation_ms=587230.4 generated=64 generation_tps=0.109
AGENT index=86 mig=fafc828a exit=0 wall_ms=411921 text=23fdac46a10501a6 role=child prefix_tokens=14282 suffix_tokens=27 model_ms=18110.2 context_ms=438.8 state_ms=42.53 prefix_ms=0.0 suffix_ms=12298.4 first_token_ms=35678.4 generation_ms=375308.2 generated=64 generation_tps=0.171
AGENT index=87 mig=31ffbfe4 exit=0 wall_ms=628960 text=c12996f446ac7fb5 role=child prefix_tokens=14282 suffix_tokens=17 model_ms=17908.9 context_ms=426.0 state_ms=33.05 prefix_ms=0.0 suffix_ms=17799.6 first_token_ms=40856.4 generation_ms=587558.4 generated=64 generation_tps=0.109
AGENT index=88 mig=fafc828a exit=0 wall_ms=367901 text=ee749f95deaf7647 role=child prefix_tokens=14282 suffix_tokens=22 model_ms=11175.4 context_ms=453.7 state_ms=12.73 prefix_ms=0.0 suffix_ms=1925.2 first_token_ms=18417.1 generation_ms=349042.8 generated=64 generation_tps=0.183
AGENT index=89 mig=31ffbfe4 exit=0 wall_ms=630029 text=1c667cb5fedb9f86 role=child prefix_tokens=14282 suffix_tokens=23 model_ms=18146.8 context_ms=260.4 state_ms=48.00 prefix_ms=0.0 suffix_ms=17980.4 first_token_ms=41337.7 generation_ms=587753.4 generated=64 generation_tps=0.109
AGENT index=90 mig=fafc828a exit=0 wall_ms=394848 text=60c80c7544928390 role=child prefix_tokens=14282 suffix_tokens=19 model_ms=13417.3 context_ms=813.9 state_ms=37.83 prefix_ms=0.0 suffix_ms=2035.0 first_token_ms=21019.5 generation_ms=373351.3 generated=64 generation_tps=0.171
AGENT index=91 mig=31ffbfe4 exit=0 wall_ms=628980 text=53bf5f843e651e69 role=child prefix_tokens=14282 suffix_tokens=21 model_ms=19287.7 context_ms=372.0 state_ms=11.24 prefix_ms=0.0 suffix_ms=18232.7 first_token_ms=42299.2 generation_ms=586098.0 generated=64 generation_tps=0.109
AGENT index=92 mig=fafc828a exit=0 wall_ms=410933 text=55ca375276db5f68 role=child prefix_tokens=14282 suffix_tokens=20 model_ms=19100.9 context_ms=436.7 state_ms=19.14 prefix_ms=0.0 suffix_ms=10365.5 first_token_ms=34523.7 generation_ms=375713.1 generated=64 generation_tps=0.170
AGENT index=93 mig=31ffbfe4 exit=0 wall_ms=630094 text=73d6260e27201aca role=child prefix_tokens=14282 suffix_tokens=22 model_ms=19013.4 context_ms=431.8 state_ms=11.78 prefix_ms=0.0 suffix_ms=18376.8 first_token_ms=42541.6 generation_ms=586786.8 generated=64 generation_tps=0.109
AGENT index=94 mig=fafc828a exit=0 wall_ms=411836 text=38c1c39363402a13 role=child prefix_tokens=14282 suffix_tokens=20 model_ms=19577.6 context_ms=316.7 state_ms=16.02 prefix_ms=0.0 suffix_ms=10371.6 first_token_ms=34631.8 generation_ms=376036.1 generated=64 generation_tps=0.170
AGENT index=95 mig=31ffbfe4 exit=0 wall_ms=627744 text=590bbb0c65137929 role=child prefix_tokens=14282 suffix_tokens=22 model_ms=16598.8 context_ms=691.8 state_ms=32.54 prefix_ms=0.0 suffix_ms=16018.1 first_token_ms=38235.3 generation_ms=589071.5 generated=64 generation_tps=0.109
AGENT index=96 mig=fafc828a exit=0 wall_ms=289682 text=e59bbc3a0165fd06 role=child prefix_tokens=14282 suffix_tokens=28 model_ms=7373.6 context_ms=2113.3 state_ms=19.08 prefix_ms=0.0 suffix_ms=1485.3 first_token_ms=15269.0 generation_ms=267890.3 generated=64 generation_tps=0.239
AGENT index=97 mig=31ffbfe4 exit=0 wall_ms=626057 text=89edb58949305077 role=child prefix_tokens=14282 suffix_tokens=23 model_ms=16565.8 context_ms=659.4 state_ms=70.20 prefix_ms=0.0 suffix_ms=14609.4 first_token_ms=36456.5 generation_ms=589129.5 generated=64 generation_tps=0.109
AGENT index=98 mig=fafc828a exit=0 wall_ms=411605 text=aab90da000cbbc78 role=child prefix_tokens=14282 suffix_tokens=25 model_ms=19502.8 context_ms=492.2 state_ms=34.47 prefix_ms=0.0 suffix_ms=12983.3 first_token_ms=37141.7 generation_ms=373510.5 generated=64 generation_tps=0.171
AGENT index=99 mig=31ffbfe4 exit=0 wall_ms=630372 text=7338cfcb5de13da1 role=child prefix_tokens=14282 suffix_tokens=33 model_ms=17963.4 context_ms=498.0 state_ms=37.55 prefix_ms=0.0 suffix_ms=24243.8 first_token_ms=47607.2 generation_ms=582024.5 generated=64 generation_tps=0.110
AGENT index=100 mig=fafc828a exit=0 wall_ms=412264 text=b540e3e1c692887f role=child prefix_tokens=14282 suffix_tokens=25 model_ms=17955.2 context_ms=615.7 state_ms=30.64 prefix_ms=0.0 suffix_ms=12605.0 first_token_ms=36008.9 generation_ms=375008.3 generated=64 generation_tps=0.171
AGENT index=101 mig=31ffbfe4 exit=0 wall_ms=619162 text=893bcb51a45c0ea0 role=child prefix_tokens=14282 suffix_tokens=28 model_ms=14138.4 context_ms=671.8 state_ms=42.84 prefix_ms=0.0 suffix_ms=6922.7 first_token_ms=26211.3 generation_ms=592530.2 generated=64 generation_tps=0.108
AGENT index=102 mig=fafc828a exit=0 wall_ms=392942 text=02f5bec3a9bcfe46 role=child prefix_tokens=14282 suffix_tokens=23 model_ms=13006.2 context_ms=979.9 state_ms=51.92 prefix_ms=0.0 suffix_ms=1682.1 first_token_ms=20523.4 generation_ms=371944.8 generated=64 generation_tps=0.172
AGENT index=103 mig=31ffbfe4 exit=0 wall_ms=629665 text=3aaf37ebe3d83581 role=child prefix_tokens=14282 suffix_tokens=33 model_ms=17124.3 context_ms=493.5 state_ms=43.68 prefix_ms=0.0 suffix_ms=22172.3 first_token_ms=44347.7 generation_ms=584614.6 generated=64 generation_tps=0.109
AGENT index=104 mig=fafc828a exit=0 wall_ms=401433 text=31afa7a63f14db20 role=child prefix_tokens=14282 suffix_tokens=20 model_ms=14617.1 context_ms=296.3 state_ms=54.39 prefix_ms=0.0 suffix_ms=3249.0 first_token_ms=22935.9 generation_ms=378033.2 generated=64 generation_tps=0.169
AGENT index=105 mig=31ffbfe4 exit=0 wall_ms=629317 text=7b2521e285c9f555 role=child prefix_tokens=14282 suffix_tokens=20 model_ms=19526.6 context_ms=418.2 state_ms=12.62 prefix_ms=0.0 suffix_ms=18402.7 first_token_ms=42594.9 generation_ms=586127.2 generated=64 generation_tps=0.109
AGENT index=106 mig=fafc828a exit=0 wall_ms=411736 text=e4a42981bc259082 role=child prefix_tokens=14282 suffix_tokens=19 model_ms=19669.3 context_ms=299.7 state_ms=6.18 prefix_ms=0.0 suffix_ms=10230.7 first_token_ms=34476.0 generation_ms=376136.7 generated=64 generation_tps=0.170
AGENT index=107 mig=31ffbfe4 exit=0 wall_ms=629854 text=8233cb2eb3510c82 role=child prefix_tokens=14282 suffix_tokens=23 model_ms=17721.9 context_ms=266.9 state_ms=19.60 prefix_ms=0.0 suffix_ms=17507.0 first_token_ms=40327.5 generation_ms=588552.0 generated=64 generation_tps=0.109
AGENT index=108 mig=fafc828a exit=0 wall_ms=412341 text=24fb0f9744bf4869 role=child prefix_tokens=14282 suffix_tokens=22 model_ms=18667.4 context_ms=529.3 state_ms=13.69 prefix_ms=0.0 suffix_ms=10498.9 first_token_ms=34523.0 generation_ms=376521.1 generated=64 generation_tps=0.170
AGENT index=109 mig=31ffbfe4 exit=0 wall_ms=630279 text=727a3864ad4207e0 role=child prefix_tokens=14282 suffix_tokens=32 model_ms=18199.2 context_ms=597.7 state_ms=15.51 prefix_ms=0.0 suffix_ms=18503.3 first_token_ms=42168.6 generation_ms=587251.8 generated=64 generation_tps=0.109
AGENT index=110 mig=fafc828a exit=0 wall_ms=402703 text=03e613a85d26b396 role=child prefix_tokens=14282 suffix_tokens=22 model_ms=15435.0 context_ms=502.7 state_ms=61.48 prefix_ms=0.0 suffix_ms=3375.6 first_token_ms=23727.9 generation_ms=378500.7 generated=64 generation_tps=0.169
AGENT index=111 mig=31ffbfe4 exit=0 wall_ms=625792 text=bb59c99a10b1f7d2 role=child prefix_tokens=14282 suffix_tokens=27 model_ms=16366.7 context_ms=434.0 state_ms=46.18 prefix_ms=0.0 suffix_ms=14982.7 first_token_ms=36397.5 generation_ms=588939.7 generated=64 generation_tps=0.109
AGENT index=112 mig=fafc828a exit=0 wall_ms=412220 text=a464a7bd4fd043d2 role=child prefix_tokens=14282 suffix_tokens=26 model_ms=18678.5 context_ms=519.1 state_ms=12.56 prefix_ms=0.0 suffix_ms=12910.0 first_token_ms=36882.6 generation_ms=374142.9 generated=64 generation_tps=0.171
AGENT index=113 mig=31ffbfe4 exit=0 wall_ms=629799 text=a817e3187096789a role=child prefix_tokens=14282 suffix_tokens=23 model_ms=16923.6 context_ms=809.8 state_ms=42.02 prefix_ms=0.0 suffix_ms=17857.6 first_token_ms=40442.5 generation_ms=588475.3 generated=64 generation_tps=0.109
AGENT index=114 mig=fafc828a exit=0 wall_ms=398520 text=565de2c477e012e2 role=child prefix_tokens=14282 suffix_tokens=22 model_ms=14150.5 context_ms=504.1 state_ms=67.06 prefix_ms=0.0 suffix_ms=2734.6 first_token_ms=21895.0 generation_ms=376119.4 generated=64 generation_tps=0.170
AGENT index=115 mig=31ffbfe4 exit=0 wall_ms=629213 text=38cf4d1e302da1e3 role=child prefix_tokens=14282 suffix_tokens=19 model_ms=18476.6 context_ms=616.2 state_ms=10.41 prefix_ms=0.0 suffix_ms=17996.4 first_token_ms=41864.2 generation_ms=586558.5 generated=64 generation_tps=0.109
AGENT index=116 mig=fafc828a exit=0 wall_ms=410932 text=126c8a08eb9eaa42 role=child prefix_tokens=14282 suffix_tokens=22 model_ms=19505.7 context_ms=447.0 state_ms=9.86 prefix_ms=0.0 suffix_ms=10108.5 first_token_ms=34251.5 generation_ms=376020.7 generated=64 generation_tps=0.170
AGENT index=117 mig=31ffbfe4 exit=0 wall_ms=630121 text=f0729f0438c7eea8 role=child prefix_tokens=14282 suffix_tokens=27 model_ms=18921.4 context_ms=458.3 state_ms=13.22 prefix_ms=0.0 suffix_ms=18938.6 first_token_ms=43117.5 generation_ms=586195.5 generated=64 generation_tps=0.109
MEMORY mem_available_drop_mib=90185 mem_available_before_mib=118148 mem_free_before_mib=48647 pss_anon_mib=32435 pss_file_mib=11079 pss_shmem_mib=10253 device_mib=46138 samples=33
END_CASE failed_agents=0 wall_ms=631535
END_KVSTACK
BEGIN_KVSTACK run=6 context=16384 publisher_mig=31ffbfe4 mem_free_mib=57152 kernel_reclaimable_mib=55990
PUBLISH store=stock prefix_tokens=14282 prefix_ms=56380.9 publish_ms=1456.75 state_bytes=2808185157
PUBLISH store=device prefix_tokens=14282 prefix_ms=56420.7 publish_ms=1448.10 state_bytes=2808185157
PUBLISH store=huge prefix_tokens=14282 prefix_ms=57056.7 publish_ms=15.80 state_bytes=229701 file_used_kib=2752512
CASE mode=both agents=118
AGENT index=0 mig=31ffbfe4 exit=0 wall_ms=629681 text=e59bbc3a0165fd06 role=child prefix_tokens=14282 suffix_tokens=27 model_ms=18697.0 context_ms=578.5 state_ms=30.45 prefix_ms=0.0 suffix_ms=18538.9 first_token_ms=42175.6 generation_ms=586835.7 generated=64 generation_tps=0.109
AGENT index=1 mig=fafc828a exit=0 wall_ms=313179 text=56addf3e4ad8f072 role=child prefix_tokens=14282 suffix_tokens=22 model_ms=8545.2 context_ms=1808.9 state_ms=15.69 prefix_ms=0.0 suffix_ms=1464.2 first_token_ms=15817.7 generation_ms=296885.4 generated=64 generation_tps=0.216
AGENT index=2 mig=31ffbfe4 exit=0 wall_ms=629974 text=8783ec9362dd3345 role=child prefix_tokens=14282 suffix_tokens=24 model_ms=19366.1 context_ms=481.2 state_ms=23.95 prefix_ms=0.0 suffix_ms=18462.2 first_token_ms=42853.7 generation_ms=586481.6 generated=64 generation_tps=0.109
AGENT index=3 mig=fafc828a exit=0 wall_ms=412242 text=d175e888a3ecd939 role=child prefix_tokens=14282 suffix_tokens=32 model_ms=19219.7 context_ms=366.6 state_ms=14.37 prefix_ms=0.0 suffix_ms=13064.6 first_token_ms=37365.9 generation_ms=373670.2 generated=64 generation_tps=0.171
AGENT index=4 mig=31ffbfe4 exit=0 wall_ms=614928 text=68e0c2526017228a role=child prefix_tokens=14282 suffix_tokens=23 model_ms=13126.6 context_ms=882.0 state_ms=22.52 prefix_ms=0.0 suffix_ms=4899.5 first_token_ms=23109.0 generation_ms=591360.9 generated=64 generation_tps=0.108
AGENT index=5 mig=fafc828a exit=0 wall_ms=397630 text=bd9c2ac8b55ff068 role=child prefix_tokens=14282 suffix_tokens=26 model_ms=15215.3 context_ms=460.3 state_ms=94.55 prefix_ms=0.0 suffix_ms=2610.9 first_token_ms=22792.8 generation_ms=374355.0 generated=64 generation_tps=0.171
AGENT index=6 mig=31ffbfe4 exit=0 wall_ms=625200 text=3a9dd7c6de1386dd role=child prefix_tokens=14282 suffix_tokens=21 model_ms=16275.1 context_ms=344.7 state_ms=50.19 prefix_ms=0.0 suffix_ms=13835.6 first_token_ms=35070.1 generation_ms=589675.5 generated=64 generation_tps=0.109
AGENT index=7 mig=fafc828a exit=0 wall_ms=411510 text=3aaf37ebe3d83581 role=child prefix_tokens=14282 suffix_tokens=31 model_ms=19087.8 context_ms=617.2 state_ms=13.56 prefix_ms=0.0 suffix_ms=12739.7 first_token_ms=36791.8 generation_ms=373634.0 generated=64 generation_tps=0.171
AGENT index=8 mig=31ffbfe4 exit=0 wall_ms=607756 text=31afa7a63f14db20 role=child prefix_tokens=14282 suffix_tokens=18 model_ms=13021.6 context_ms=838.4 state_ms=41.02 prefix_ms=0.0 suffix_ms=2554.6 first_token_ms=20681.2 generation_ms=586620.3 generated=64 generation_tps=0.109
AGENT index=9 mig=fafc828a exit=0 wall_ms=298879 text=40801b5652e9f199 role=child prefix_tokens=14282 suffix_tokens=18 model_ms=6183.2 context_ms=2551.5 state_ms=15.18 prefix_ms=0.0 suffix_ms=1680.6 first_token_ms=15146.9 generation_ms=283216.8 generated=64 generation_tps=0.226
AGENT index=10 mig=31ffbfe4 exit=0 wall_ms=618369 text=4535b1d28500dda2 role=child prefix_tokens=14282 suffix_tokens=18 model_ms=14051.4 context_ms=1036.3 state_ms=74.40 prefix_ms=0.0 suffix_ms=7133.0 first_token_ms=26516.8 generation_ms=591416.4 generated=64 generation_tps=0.108
AGENT index=11 mig=fafc828a exit=0 wall_ms=410705 text=375a0f8e978236e5 role=child prefix_tokens=14282 suffix_tokens=22 model_ms=18352.2 context_ms=766.9 state_ms=35.82 prefix_ms=0.0 suffix_ms=10412.1 first_token_ms=34259.4 generation_ms=375763.2 generated=64 generation_tps=0.170
AGENT index=12 mig=31ffbfe4 exit=0 wall_ms=629953 text=74c90b6fff5c615d role=child prefix_tokens=14282 suffix_tokens=21 model_ms=19133.3 context_ms=505.1 state_ms=10.03 prefix_ms=0.0 suffix_ms=18236.4 first_token_ms=42622.9 generation_ms=586574.8 generated=64 generation_tps=0.109
AGENT index=13 mig=fafc828a exit=0 wall_ms=412354 text=b4e963fd5f4dba36 role=child prefix_tokens=14282 suffix_tokens=31 model_ms=19550.3 context_ms=363.8 state_ms=18.68 prefix_ms=0.0 suffix_ms=13282.3 first_token_ms=37675.4 generation_ms=373373.4 generated=64 generation_tps=0.171
AGENT index=14 mig=31ffbfe4 exit=0 wall_ms=626933 text=03e613a85d26b396 role=child prefix_tokens=14282 suffix_tokens=21 model_ms=17009.7 context_ms=508.9 state_ms=50.04 prefix_ms=0.0 suffix_ms=16560.5 first_token_ms=38818.0 generation_ms=587654.3 generated=64 generation_tps=0.109
AGENT index=15 mig=fafc828a exit=0 wall_ms=411946 text=ae3ce71edf0ce076 role=child prefix_tokens=14282 suffix_tokens=26 model_ms=19106.3 context_ms=667.6 state_ms=26.24 prefix_ms=0.0 suffix_ms=12801.1 first_token_ms=36879.9 generation_ms=373876.4 generated=64 generation_tps=0.171
AGENT index=16 mig=31ffbfe4 exit=0 wall_ms=630396 text=4b9fce9251b6ca5c role=child prefix_tokens=14282 suffix_tokens=25 model_ms=18170.8 context_ms=553.1 state_ms=6.21 prefix_ms=0.0 suffix_ms=19465.0 first_token_ms=42644.2 generation_ms=586884.9 generated=64 generation_tps=0.109
AGENT index=17 mig=fafc828a exit=0 wall_ms=410886 text=ee527e678b1e8853 role=child prefix_tokens=14282 suffix_tokens=22 model_ms=18580.3 context_ms=693.9 state_ms=17.74 prefix_ms=0.0 suffix_ms=10322.1 first_token_ms=33996.4 generation_ms=376058.9 generated=64 generation_tps=0.170
AGENT index=18 mig=31ffbfe4 exit=0 wall_ms=619811 text=c52bec4c0d8d48f5 role=child prefix_tokens=14282 suffix_tokens=21 model_ms=14022.0 context_ms=604.2 state_ms=59.82 prefix_ms=0.0 suffix_ms=7806.5 first_token_ms=27266.6 generation_ms=592114.9 generated=64 generation_tps=0.108
AGENT index=19 mig=fafc828a exit=0 wall_ms=289442 text=1c771df96f4172e7 role=child prefix_tokens=14282 suffix_tokens=18 model_ms=6142.3 context_ms=2152.0 state_ms=13.42 prefix_ms=0.0 suffix_ms=2486.0 first_token_ms=14965.4 generation_ms=271495.8 generated=64 generation_tps=0.236
AGENT index=20 mig=31ffbfe4 exit=0 wall_ms=624039 text=193298a0b92db13c role=child prefix_tokens=14282 suffix_tokens=21 model_ms=16065.8 context_ms=111.0 state_ms=21.04 prefix_ms=0.0 suffix_ms=11764.6 first_token_ms=32599.5 generation_ms=590985.4 generated=64 generation_tps=0.108
AGENT index=21 mig=fafc828a exit=0 wall_ms=394881 text=3803ffa31d3bc8fb role=child prefix_tokens=14282 suffix_tokens=26 model_ms=14964.6 context_ms=387.1 state_ms=40.74 prefix_ms=0.0 suffix_ms=2415.2 first_token_ms=22090.1 generation_ms=372279.5 generated=64 generation_tps=0.172
AGENT index=22 mig=31ffbfe4 exit=0 wall_ms=628311 text=32334b2b9292c485 role=child prefix_tokens=14282 suffix_tokens=27 model_ms=17985.3 context_ms=422.0 state_ms=38.05 prefix_ms=0.0 suffix_ms=18178.4 first_token_ms=40809.4 generation_ms=587034.9 generated=64 generation_tps=0.109
AGENT index=23 mig=fafc828a exit=0 wall_ms=410134 text=4b01ddf73c283afd role=child prefix_tokens=14282 suffix_tokens=17 model_ms=18111.2 context_ms=873.6 state_ms=14.65 prefix_ms=0.0 suffix_ms=10155.8 first_token_ms=33630.2 generation_ms=375976.1 generated=64 generation_tps=0.170
AGENT index=24 mig=31ffbfe4 exit=0 wall_ms=630031 text=ee814cb7c59ae3a4 role=child prefix_tokens=14282 suffix_tokens=22 model_ms=18811.1 context_ms=570.9 state_ms=9.72 prefix_ms=0.0 suffix_ms=18373.8 first_token_ms=42506.3 generation_ms=586790.0 generated=64 generation_tps=0.109
AGENT index=25 mig=fafc828a exit=0 wall_ms=412534 text=1c667cb5fedb9f86 role=child prefix_tokens=14282 suffix_tokens=23 model_ms=19073.5 context_ms=343.4 state_ms=8.58 prefix_ms=0.0 suffix_ms=10467.9 first_token_ms=34733.8 generation_ms=376437.1 generated=64 generation_tps=0.170
AGENT index=26 mig=31ffbfe4 exit=0 wall_ms=628735 text=2c7414dadf353e9b role=child prefix_tokens=14282 suffix_tokens=19 model_ms=18150.7 context_ms=735.7 state_ms=29.67 prefix_ms=0.0 suffix_ms=18140.3 first_token_ms=42166.0 generation_ms=585958.8 generated=64 generation_tps=0.109
AGENT index=27 mig=fafc828a exit=0 wall_ms=406280 text=395778fd04b2e0a8 role=child prefix_tokens=14282 suffix_tokens=21 model_ms=16933.4 context_ms=544.0 state_ms=55.54 prefix_ms=0.0 suffix_ms=6124.6 first_token_ms=28103.3 generation_ms=377671.4 generated=64 generation_tps=0.169
AGENT index=28 mig=31ffbfe4 exit=0 wall_ms=616729 text=346b011f01e098df role=child prefix_tokens=14282 suffix_tokens=20 model_ms=13512.6 context_ms=1167.7 state_ms=30.38 prefix_ms=0.0 suffix_ms=5460.1 first_token_ms=24356.1 generation_ms=591967.5 generated=64 generation_tps=0.108
AGENT index=29 mig=fafc828a exit=0 wall_ms=409266 text=47a7f8d647999341 role=child prefix_tokens=14282 suffix_tokens=22 model_ms=18805.7 context_ms=653.5 state_ms=20.03 prefix_ms=0.0 suffix_ms=10167.7 first_token_ms=33817.0 generation_ms=374909.9 generated=64 generation_tps=0.171
AGENT index=30 mig=31ffbfe4 exit=0 wall_ms=628558 text=c004d66c8fd09637 role=child prefix_tokens=14282 suffix_tokens=20 model_ms=19381.2 context_ms=574.1 state_ms=8.98 prefix_ms=0.0 suffix_ms=18395.7 first_token_ms=42553.1 generation_ms=585567.6 generated=64 generation_tps=0.109
AGENT index=31 mig=fafc828a exit=0 wall_ms=412559 text=65a443d3ed42949e role=child prefix_tokens=14282 suffix_tokens=22 model_ms=18709.7 context_ms=353.4 state_ms=10.89 prefix_ms=0.0 suffix_ms=10439.3 first_token_ms=34589.3 generation_ms=376309.5 generated=64 generation_tps=0.170
AGENT index=32 mig=31ffbfe4 exit=0 wall_ms=628446 text=e59bbc3a0165fd06 role=child prefix_tokens=14282 suffix_tokens=28 model_ms=18638.5 context_ms=655.4 state_ms=34.18 prefix_ms=0.0 suffix_ms=18097.3 first_token_ms=41595.0 generation_ms=586407.1 generated=64 generation_tps=0.109
AGENT index=33 mig=fafc828a exit=0 wall_ms=410541 text=89edb58949305077 role=child prefix_tokens=14282 suffix_tokens=23 model_ms=18589.1 context_ms=511.9 state_ms=32.21 prefix_ms=0.0 suffix_ms=10092.4 first_token_ms=33734.0 generation_ms=376143.2 generated=64 generation_tps=0.170
AGENT index=34 mig=31ffbfe4 exit=0 wall_ms=619300 text=5472c0b8cd517c0b role=child prefix_tokens=14282 suffix_tokens=25 model_ms=13354.6 context_ms=686.7 state_ms=46.58 prefix_ms=0.0 suffix_ms=6956.7 first_token_ms=25669.9 generation_ms=593201.7 generated=64 generation_tps=0.108
AGENT index=35 mig=fafc828a exit=0 wall_ms=407187 text=7338cfcb5de13da1 role=child prefix_tokens=14282 suffix_tokens=33 model_ms=16105.1 context_ms=292.0 state_ms=44.94 prefix_ms=0.0 suffix_ms=7683.8 first_token_ms=28800.1 generation_ms=377881.7 generated=64 generation_tps=0.169
AGENT index=36 mig=31ffbfe4 exit=0 wall_ms=629627 text=6dfe009e0aa9431b role=child prefix_tokens=14282 suffix_tokens=24 model_ms=17106.8 context_ms=616.0 state_ms=51.78 prefix_ms=0.0 suffix_ms=18088.2 first_token_ms=40577.8 generation_ms=588448.6 generated=64 generation_tps=0.109
AGENT index=37 mig=fafc828a exit=0 wall_ms=409883 text=c2763df6613b441a role=child prefix_tokens=14282 suffix_tokens=27 model_ms=18114.7 context_ms=697.6 state_ms=16.40 prefix_ms=0.0 suffix_ms=12450.5 first_token_ms=36165.3 generation_ms=373147.6 generated=64 generation_tps=0.172
AGENT index=38 mig=31ffbfe4 exit=0 wall_ms=610301 text=f09e321ed882ac10 role=child prefix_tokens=14282 suffix_tokens=22 model_ms=13410.8 context_ms=434.7 state_ms=10.02 prefix_ms=0.0 suffix_ms=3475.9 first_token_ms=21445.0 generation_ms=588413.5 generated=64 generation_tps=0.109
AGENT index=39 mig=fafc828a exit=0 wall_ms=411994 text=3aaf37ebe3d83581 role=child prefix_tokens=14282 suffix_tokens=32 model_ms=17786.5 context_ms=474.8 state_ms=42.36 prefix_ms=0.0 suffix_ms=12268.2 first_token_ms=35502.4 generation_ms=375365.8 generated=64 generation_tps=0.171
AGENT index=40 mig=31ffbfe4 exit=0 wall_ms=628185 text=31afa7a63f14db20 role=child prefix_tokens=14282 suffix_tokens=19 model_ms=17196.9 context_ms=544.2 state_ms=38.55 prefix_ms=0.0 suffix_ms=16270.8 first_token_ms=38189.7 generation_ms=589483.9 generated=64 generation_tps=0.109
AGENT index=41 mig=fafc828a exit=0 wall_ms=412042 text=a8fe2a1e14c63ec2 role=child prefix_tokens=14282 suffix_tokens=19 model_ms=19216.8 context_ms=256.7 state_ms=18.20 prefix_ms=0.0 suffix_ms=10416.9 first_token_ms=34677.9 generation_ms=376199.1 generated=64 generation_tps=0.170
AGENT index=42 mig=31ffbfe4 exit=0 wall_ms=619308 text=f0754c68ec13a75a role=child prefix_tokens=14282 suffix_tokens=18 model_ms=13748.1 context_ms=936.3 state_ms=46.46 prefix_ms=0.0 suffix_ms=6999.8 first_token_ms=26053.1 generation_ms=592828.5 generated=64 generation_tps=0.108
AGENT index=43 mig=fafc828a exit=0 wall_ms=411454 text=a81328667a614822 role=child prefix_tokens=14282 suffix_tokens=22 model_ms=17876.1 context_ms=955.1 state_ms=39.32 prefix_ms=0.0 suffix_ms=10095.1 first_token_ms=33604.5 generation_ms=376556.8 generated=64 generation_tps=0.170
AGENT index=44 mig=31ffbfe4 exit=0 wall_ms=629930 text=74c90b6fff5c615d role=child prefix_tokens=14282 suffix_tokens=21 model_ms=19155.2 context_ms=292.1 state_ms=26.20 prefix_ms=0.0 suffix_ms=18302.3 first_token_ms=42619.3 generation_ms=586615.9 generated=64 generation_tps=0.109
AGENT index=45 mig=fafc828a exit=0 wall_ms=409182 text=b4e963fd5f4dba36 role=child prefix_tokens=14282 suffix_tokens=31 model_ms=19496.9 context_ms=465.9 state_ms=12.80 prefix_ms=0.0 suffix_ms=13196.8 first_token_ms=37302.8 generation_ms=371280.3 generated=64 generation_tps=0.172
AGENT index=46 mig=31ffbfe4 exit=0 wall_ms=629069 text=03e613a85d26b396 role=child prefix_tokens=14282 suffix_tokens=21 model_ms=18927.2 context_ms=261.3 state_ms=6.35 prefix_ms=0.0 suffix_ms=18004.4 first_token_ms=41697.7 generation_ms=586802.6 generated=64 generation_tps=0.109
AGENT index=47 mig=fafc828a exit=0 wall_ms=410952 text=ae3ce71edf0ce076 role=child prefix_tokens=14282 suffix_tokens=26 model_ms=18864.4 context_ms=435.5 state_ms=29.89 prefix_ms=0.0 suffix_ms=12648.4 first_token_ms=36404.5 generation_ms=373617.2 generated=64 generation_tps=0.171
AGENT index=48 mig=31ffbfe4 exit=0 wall_ms=628981 text=3e8631336d476f32 role=child prefix_tokens=14282 suffix_tokens=25 model_ms=18318.8 context_ms=822.2 state_ms=27.98 prefix_ms=0.0 suffix_ms=19191.3 first_token_ms=42683.3 generation_ms=585805.1 generated=64 generation_tps=0.109
AGENT index=49 mig=fafc828a exit=0 wall_ms=407207 text=6ff21e8aafb27d95 role=child prefix_tokens=14282 suffix_tokens=22 model_ms=17005.5 context_ms=612.5 state_ms=54.70 prefix_ms=0.0 suffix_ms=6435.8 first_token_ms=28490.9 generation_ms=378224.2 generated=64 generation_tps=0.169
AGENT index=50 mig=31ffbfe4 exit=0 wall_ms=621092 text=30bdabc70035bf0a role=child prefix_tokens=14282 suffix_tokens=21 model_ms=13490.8 context_ms=901.5 state_ms=37.45 prefix_ms=0.0 suffix_ms=8982.3 first_token_ms=28399.1 generation_ms=592248.3 generated=64 generation_tps=0.108
AGENT index=51 mig=fafc828a exit=0 wall_ms=377344 text=38cf4d1e302da1e3 role=child prefix_tokens=14282 suffix_tokens=18 model_ms=12291.6 context_ms=680.5 state_ms=18.45 prefix_ms=0.0 suffix_ms=2081.7 first_token_ms=19604.9 generation_ms=357239.3 generated=64 generation_tps=0.179
AGENT index=52 mig=31ffbfe4 exit=0 wall_ms=629488 text=db3576fca55ed0c6 role=child prefix_tokens=14282 suffix_tokens=21 model_ms=19642.1 context_ms=260.8 state_ms=17.06 prefix_ms=0.0 suffix_ms=18361.4 first_token_ms=42585.0 generation_ms=586205.6 generated=64 generation_tps=0.109
AGENT index=53 mig=fafc828a exit=0 wall_ms=400505 text=64ab5c3493ad7d60 role=child prefix_tokens=14282 suffix_tokens=26 model_ms=15872.8 context_ms=318.6 state_ms=41.97 prefix_ms=0.0 suffix_ms=2946.0 first_token_ms=23497.4 generation_ms=376522.3 generated=64 generation_tps=0.170
AGENT index=54 mig=31ffbfe4 exit=0 wall_ms=627038 text=165202180964e907 role=child prefix_tokens=14282 suffix_tokens=27 model_ms=16705.5 context_ms=491.8 state_ms=38.31 prefix_ms=0.0 suffix_ms=16166.3 first_token_ms=37825.9 generation_ms=588788.9 generated=64 generation_tps=0.109
AGENT index=55 mig=fafc828a exit=0 wall_ms=410162 text=4b01ddf73c283afd role=child prefix_tokens=14282 suffix_tokens=17 model_ms=19096.3 context_ms=283.9 state_ms=18.40 prefix_ms=0.0 suffix_ms=10186.1 first_token_ms=34082.5 generation_ms=375565.0 generated=64 generation_tps=0.170
AGENT index=56 mig=31ffbfe4 exit=0 wall_ms=624207 text=4b81f04b2e871391 role=child prefix_tokens=14282 suffix_tokens=22 model_ms=15999.1 context_ms=380.1 state_ms=66.23 prefix_ms=0.0 suffix_ms=12373.1 first_token_ms=33116.3 generation_ms=590667.1 generated=64 generation_tps=0.108
AGENT index=57 mig=fafc828a exit=0 wall_ms=406900 text=1c667cb5fedb9f86 role=child prefix_tokens=14282 suffix_tokens=23 model_ms=16788.2 context_ms=386.5 state_ms=41.08 prefix_ms=0.0 suffix_ms=6348.6 first_token_ms=28038.5 generation_ms=378417.4 generated=64 generation_tps=0.169
AGENT index=58 mig=31ffbfe4 exit=0 wall_ms=629325 text=bab3f9f2f4f63895 role=child prefix_tokens=14282 suffix_tokens=19 model_ms=18594.7 context_ms=638.0 state_ms=6.48 prefix_ms=0.0 suffix_ms=18310.8 first_token_ms=42274.2 generation_ms=586501.9 generated=64 generation_tps=0.109
AGENT index=59 mig=fafc828a exit=0 wall_ms=411654 text=d27133e6716db7fb role=child prefix_tokens=14282 suffix_tokens=21 model_ms=19625.2 context_ms=274.5 state_ms=27.62 prefix_ms=0.0 suffix_ms=10569.0 first_token_ms=34782.1 generation_ms=375651.7 generated=64 generation_tps=0.170
AGENT index=60 mig=31ffbfe4 exit=0 wall_ms=629378 text=346b011f01e098df role=child prefix_tokens=14282 suffix_tokens=20 model_ms=17831.2 context_ms=707.6 state_ms=53.36 prefix_ms=0.0 suffix_ms=18250.6 first_token_ms=41421.1 generation_ms=587322.4 generated=64 generation_tps=0.109
AGENT index=61 mig=fafc828a exit=0 wall_ms=412140 text=0e5d988e9fb8002d role=child prefix_tokens=14282 suffix_tokens=22 model_ms=18407.0 context_ms=757.8 state_ms=17.65 prefix_ms=0.0 suffix_ms=10372.1 first_token_ms=34295.9 generation_ms=376490.8 generated=64 generation_tps=0.170
AGENT index=62 mig=31ffbfe4 exit=0 wall_ms=626172 text=9519112db9bef89a role=child prefix_tokens=14282 suffix_tokens=20 model_ms=19621.7 context_ms=347.7 state_ms=40.22 prefix_ms=0.0 suffix_ms=18359.7 first_token_ms=42613.3 generation_ms=583081.9 generated=64 generation_tps=0.110
AGENT index=63 mig=fafc828a exit=0 wall_ms=412545 text=6de1332b6468dc77 role=child prefix_tokens=14282 suffix_tokens=22 model_ms=18628.4 context_ms=498.3 state_ms=12.53 prefix_ms=0.0 suffix_ms=10650.9 first_token_ms=34809.8 generation_ms=376283.6 generated=64 generation_tps=0.170
AGENT index=64 mig=31ffbfe4 exit=0 wall_ms=628608 text=e59bbc3a0165fd06 role=child prefix_tokens=14282 suffix_tokens=28 model_ms=18886.4 context_ms=423.5 state_ms=10.03 prefix_ms=0.0 suffix_ms=18421.7 first_token_ms=41842.0 generation_ms=586156.9 generated=64 generation_tps=0.109
AGENT index=65 mig=fafc828a exit=0 wall_ms=408885 text=89edb58949305077 role=child prefix_tokens=14282 suffix_tokens=23 model_ms=17467.5 context_ms=515.5 state_ms=23.92 prefix_ms=0.0 suffix_ms=9362.7 first_token_ms=31489.6 generation_ms=376863.5 generated=64 generation_tps=0.170
AGENT index=66 mig=31ffbfe4 exit=0 wall_ms=628943 text=653dd3243ff5beb6 role=child prefix_tokens=14282 suffix_tokens=25 model_ms=17373.1 context_ms=678.9 state_ms=41.22 prefix_ms=0.0 suffix_ms=19935.4 first_token_ms=42311.9 generation_ms=586092.9 generated=64 generation_tps=0.109
AGENT index=67 mig=fafc828a exit=0 wall_ms=409725 text=7338cfcb5de13da1 role=child prefix_tokens=14282 suffix_tokens=33 model_ms=18572.0 context_ms=527.9 state_ms=14.99 prefix_ms=0.0 suffix_ms=14161.2 first_token_ms=38161.0 generation_ms=371045.5 generated=64 generation_tps=0.172
AGENT index=68 mig=31ffbfe4 exit=0 wall_ms=628030 text=25e1ae5fe8cc7439 role=child prefix_tokens=14282 suffix_tokens=24 model_ms=16843.3 context_ms=415.9 state_ms=81.36 prefix_ms=0.0 suffix_ms=16348.3 first_token_ms=38335.2 generation_ms=589230.0 generated=64 generation_tps=0.109
AGENT index=69 mig=fafc828a exit=0 wall_ms=401002 text=c2763df6613b441a role=child prefix_tokens=14282 suffix_tokens=27 model_ms=15824.3 context_ms=259.8 state_ms=30.52 prefix_ms=0.0 suffix_ms=3004.2 first_token_ms=23303.4 generation_ms=377196.5 generated=64 generation_tps=0.170
AGENT index=70 mig=31ffbfe4 exit=0 wall_ms=630155 text=f09e321ed882ac10 role=child prefix_tokens=14282 suffix_tokens=22 model_ms=18045.1 context_ms=783.1 state_ms=22.65 prefix_ms=0.0 suffix_ms=18306.3 first_token_ms=42180.7 generation_ms=587280.3 generated=64 generation_tps=0.109
AGENT index=71 mig=fafc828a exit=0 wall_ms=412825 text=3aaf37ebe3d83581 role=child prefix_tokens=14282 suffix_tokens=32 model_ms=18721.3 context_ms=409.4 state_ms=12.19 prefix_ms=0.0 suffix_ms=13168.4 first_token_ms=37324.2 generation_ms=373931.8 generated=64 generation_tps=0.171
AGENT index=72 mig=31ffbfe4 exit=0 wall_ms=630120 text=b3f898c95dedc7ee role=child prefix_tokens=14282 suffix_tokens=19 model_ms=18290.3 context_ms=785.7 state_ms=13.50 prefix_ms=0.0 suffix_ms=18235.9 first_token_ms=42066.8 generation_ms=587317.0 generated=64 generation_tps=0.109
AGENT index=73 mig=fafc828a exit=0 wall_ms=412676 text=3073c542aabd2ef6 role=child prefix_tokens=14282 suffix_tokens=19 model_ms=18693.8 context_ms=457.5 state_ms=16.57 prefix_ms=0.0 suffix_ms=10450.9 first_token_ms=34579.7 generation_ms=376553.5 generated=64 generation_tps=0.170
AGENT index=74 mig=31ffbfe4 exit=0 wall_ms=628285 text=e4a42981bc259082 role=child prefix_tokens=14282 suffix_tokens=18 model_ms=17281.7 context_ms=546.5 state_ms=28.58 prefix_ms=0.0 suffix_ms=17470.1 first_token_ms=39892.9 generation_ms=587919.1 generated=64 generation_tps=0.109
AGENT index=75 mig=fafc828a exit=0 wall_ms=405979 text=375a0f8e978236e5 role=child prefix_tokens=14282 suffix_tokens=22 model_ms=16163.3 context_ms=348.1 state_ms=44.78 prefix_ms=0.0 suffix_ms=5210.8 first_token_ms=26598.2 generation_ms=378860.6 generated=64 generation_tps=0.169
AGENT index=76 mig=31ffbfe4 exit=0 wall_ms=630060 text=74c90b6fff5c615d role=child prefix_tokens=14282 suffix_tokens=21 model_ms=17891.4 context_ms=677.0 state_ms=19.18 prefix_ms=0.0 suffix_ms=18411.0 first_token_ms=41961.1 generation_ms=587442.7 generated=64 generation_tps=0.109
AGENT index=77 mig=fafc828a exit=0 wall_ms=411152 text=490272faf96b7022 role=child prefix_tokens=14282 suffix_tokens=31 model_ms=17018.1 context_ms=402.3 state_ms=32.95 prefix_ms=0.0 suffix_ms=12726.8 first_token_ms=35136.8 generation_ms=374973.5 generated=64 generation_tps=0.171
AGENT index=78 mig=31ffbfe4 exit=0 wall_ms=531332 text=03e613a85d26b396 role=child prefix_tokens=14282 suffix_tokens=21 model_ms=8957.7 context_ms=929.2 state_ms=15.04 prefix_ms=0.0 suffix_ms=1710.7 first_token_ms=16124.0 generation_ms=514767.5 generated=64 generation_tps=0.124
AGENT index=79 mig=fafc828a exit=0 wall_ms=411093 text=ae3ce71edf0ce076 role=child prefix_tokens=14282 suffix_tokens=26 model_ms=19182.3 context_ms=654.6 state_ms=21.40 prefix_ms=0.0 suffix_ms=12896.4 first_token_ms=36769.6 generation_ms=373343.8 generated=64 generation_tps=0.171
AGENT index=80 mig=31ffbfe4 exit=0 wall_ms=629788 text=3ee33c49b4d558ac role=child prefix_tokens=14282 suffix_tokens=25 model_ms=16696.2 context_ms=506.0 state_ms=54.46 prefix_ms=0.0 suffix_ms=19403.0 first_token_ms=41381.7 generation_ms=587724.0 generated=64 generation_tps=0.109
AGENT index=81 mig=fafc828a exit=0 wall_ms=412545 text=6d6ea9418b22baee role=child prefix_tokens=14282 suffix_tokens=22 model_ms=18981.3 context_ms=316.1 state_ms=14.16 prefix_ms=0.0 suffix_ms=10503.9 first_token_ms=34538.4 generation_ms=376433.4 generated=64 generation_tps=0.170
AGENT index=82 mig=31ffbfe4 exit=0 wall_ms=629362 text=d1eeec4e9864f3ad role=child prefix_tokens=14282 suffix_tokens=21 model_ms=18342.9 context_ms=500.8 state_ms=14.63 prefix_ms=0.0 suffix_ms=18296.1 first_token_ms=41707.8 generation_ms=587009.2 generated=64 generation_tps=0.109
AGENT index=83 mig=fafc828a exit=0 wall_ms=411027 text=38cf4d1e302da1e3 role=child prefix_tokens=14282 suffix_tokens=18 model_ms=19033.3 context_ms=414.6 state_ms=16.86 prefix_ms=0.0 suffix_ms=10216.9 first_token_ms=34101.8 generation_ms=375840.8 generated=64 generation_tps=0.170
AGENT index=84 mig=31ffbfe4 exit=0 wall_ms=630284 text=126c8a08eb9eaa42 role=child prefix_tokens=14282 suffix_tokens=21 model_ms=17594.9 context_ms=723.5 state_ms=13.73 prefix_ms=0.0 suffix_ms=18249.9 first_token_ms=41498.9 generation_ms=587704.2 generated=64 generation_tps=0.109
AGENT index=85 mig=fafc828a exit=0 wall_ms=412728 text=3803ffa31d3bc8fb role=child prefix_tokens=14282 suffix_tokens=26 model_ms=18262.2 context_ms=610.5 state_ms=14.51 prefix_ms=0.0 suffix_ms=12842.9 first_token_ms=36468.7 generation_ms=374525.3 generated=64 generation_tps=0.171
AGENT index=86 mig=31ffbfe4 exit=0 wall_ms=619800 text=63b95de8140a6c6d role=child prefix_tokens=14282 suffix_tokens=27 model_ms=14320.6 context_ms=834.9 state_ms=56.02 prefix_ms=0.0 suffix_ms=9054.0 first_token_ms=28456.0 generation_ms=590909.7 generated=64 generation_tps=0.108
AGENT index=87 mig=fafc828a exit=0 wall_ms=391158 text=4b01ddf73c283afd role=child prefix_tokens=14282 suffix_tokens=17 model_ms=14696.9 context_ms=591.6 state_ms=62.39 prefix_ms=0.0 suffix_ms=1359.0 first_token_ms=21060.0 generation_ms=369590.0 generated=64 generation_tps=0.173
AGENT index=88 mig=31ffbfe4 exit=0 wall_ms=505160 text=4b81f04b2e871391 role=child prefix_tokens=14282 suffix_tokens=22 model_ms=6334.9 context_ms=2306.1 state_ms=16.22 prefix_ms=0.0 suffix_ms=1831.0 first_token_ms=15171.7 generation_ms=489599.6 generated=64 generation_tps=0.131
AGENT index=89 mig=fafc828a exit=0 wall_ms=411410 text=1c667cb5fedb9f86 role=child prefix_tokens=14282 suffix_tokens=23 model_ms=17569.4 context_ms=378.7 state_ms=58.24 prefix_ms=0.0 suffix_ms=10214.2 first_token_ms=32974.0 generation_ms=377347.5 generated=64 generation_tps=0.170
AGENT index=90 mig=31ffbfe4 exit=0 wall_ms=626028 text=60c80c7544928390 role=child prefix_tokens=14282 suffix_tokens=19 model_ms=16376.3 context_ms=384.1 state_ms=66.27 prefix_ms=0.0 suffix_ms=14596.9 first_token_ms=35861.2 generation_ms=589709.6 generated=64 generation_tps=0.109
AGENT index=91 mig=fafc828a exit=0 wall_ms=411696 text=78492f82ef9b15c0 role=child prefix_tokens=14282 suffix_tokens=21 model_ms=18367.6 context_ms=875.8 state_ms=11.86 prefix_ms=0.0 suffix_ms=10326.1 first_token_ms=33888.0 generation_ms=376459.9 generated=64 generation_tps=0.170
AGENT index=92 mig=31ffbfe4 exit=0 wall_ms=618963 text=8c05e9a8540e63bb role=child prefix_tokens=14282 suffix_tokens=20 model_ms=13243.0 context_ms=1216.7 state_ms=50.37 prefix_ms=0.0 suffix_ms=6338.6 first_token_ms=25225.2 generation_ms=593316.1 generated=64 generation_tps=0.108
AGENT index=93 mig=fafc828a exit=0 wall_ms=409109 text=a8684d050a827ca0 role=child prefix_tokens=14282 suffix_tokens=22 model_ms=17760.8 context_ms=645.5 state_ms=32.23 prefix_ms=0.0 suffix_ms=9548.7 first_token_ms=32897.1 generation_ms=375619.9 generated=64 generation_tps=0.170
AGENT index=94 mig=31ffbfe4 exit=0 wall_ms=625281 text=af45a9819a91da50 role=child prefix_tokens=14282 suffix_tokens=20 model_ms=16461.7 context_ms=191.6 state_ms=26.15 prefix_ms=0.0 suffix_ms=14431.7 first_token_ms=35443.9 generation_ms=589425.9 generated=64 generation_tps=0.109
AGENT index=95 mig=fafc828a exit=0 wall_ms=409291 text=590bbb0c65137929 role=child prefix_tokens=14282 suffix_tokens=22 model_ms=18507.4 context_ms=411.0 state_ms=59.77 prefix_ms=0.0 suffix_ms=10056.3 first_token_ms=33028.7 generation_ms=375681.4 generated=64 generation_tps=0.170
AGENT index=96 mig=31ffbfe4 exit=0 wall_ms=630239 text=e59bbc3a0165fd06 role=child prefix_tokens=14282 suffix_tokens=28 model_ms=17865.6 context_ms=642.1 state_ms=10.56 prefix_ms=0.0 suffix_ms=18251.8 first_token_ms=41693.8 generation_ms=587624.2 generated=64 generation_tps=0.109
AGENT index=97 mig=fafc828a exit=0 wall_ms=408849 text=89edb58949305077 role=child prefix_tokens=14282 suffix_tokens=23 model_ms=17013.1 context_ms=579.3 state_ms=18.23 prefix_ms=0.0 suffix_ms=8319.0 first_token_ms=30798.2 generation_ms=377476.9 generated=64 generation_tps=0.170
AGENT index=98 mig=31ffbfe4 exit=0 wall_ms=629558 text=aab90da000cbbc78 role=child prefix_tokens=14282 suffix_tokens=25 model_ms=18935.1 context_ms=529.8 state_ms=13.18 prefix_ms=0.0 suffix_ms=19828.3 first_token_ms=43565.9 generation_ms=585448.8 generated=64 generation_tps=0.109
AGENT index=99 mig=fafc828a exit=0 wall_ms=412393 text=d175e888a3ecd939 role=child prefix_tokens=14282 suffix_tokens=33 model_ms=17904.9 context_ms=743.5 state_ms=13.37 prefix_ms=0.0 suffix_ms=13855.8 first_token_ms=37449.7 generation_ms=373694.5 generated=64 generation_tps=0.171
AGENT index=100 mig=31ffbfe4 exit=0 wall_ms=629688 text=a822a861ab6da153 role=child prefix_tokens=14282 suffix_tokens=25 model_ms=17554.0 context_ms=419.5 state_ms=50.24 prefix_ms=0.0 suffix_ms=19682.7 first_token_ms=42049.8 generation_ms=586939.6 generated=64 generation_tps=0.109
AGENT index=101 mig=fafc828a exit=0 wall_ms=410517 text=c2763df6613b441a role=child prefix_tokens=14282 suffix_tokens=28 model_ms=19043.1 context_ms=525.6 state_ms=10.03 prefix_ms=0.0 suffix_ms=13183.4 first_token_ms=37235.6 generation_ms=372593.0 generated=64 generation_tps=0.172
AGENT index=102 mig=31ffbfe4 exit=0 wall_ms=630161 text=34b50509e937f859 role=child prefix_tokens=14282 suffix_tokens=23 model_ms=18054.4 context_ms=499.9 state_ms=14.17 prefix_ms=0.0 suffix_ms=18211.4 first_token_ms=41674.2 generation_ms=587672.9 generated=64 generation_tps=0.109
AGENT index=103 mig=fafc828a exit=0 wall_ms=412576 text=3aaf37ebe3d83581 role=child prefix_tokens=14282 suffix_tokens=33 model_ms=18048.9 context_ms=643.8 state_ms=23.43 prefix_ms=0.0 suffix_ms=13384.2 first_token_ms=36284.7 generation_ms=374621.7 generated=64 generation_tps=0.171
AGENT index=104 mig=31ffbfe4 exit=0 wall_ms=621983 text=31afa7a63f14db20 role=child prefix_tokens=14282 suffix_tokens=20 model_ms=14469.7 context_ms=564.6 state_ms=35.31 prefix_ms=0.0 suffix_ms=8965.9 first_token_ms=28459.9 generation_ms=593043.3 generated=64 generation_tps=0.108
AGENT index=105 mig=fafc828a exit=0 wall_ms=412657 text=98d67ea029d68c2c role=child prefix_tokens=14282 suffix_tokens=20 model_ms=18311.3 context_ms=347.8 state_ms=16.16 prefix_ms=0.0 suffix_ms=10152.3 first_token_ms=33766.6 generation_ms=377115.5 generated=64 generation_tps=0.170
AGENT index=106 mig=31ffbfe4 exit=0 wall_ms=630096 text=852f5148827e8d8c role=child prefix_tokens=14282 suffix_tokens=19 model_ms=19193.0 context_ms=203.6 state_ms=18.13 prefix_ms=0.0 suffix_ms=18158.2 first_token_ms=42240.0 generation_ms=587036.2 generated=64 generation_tps=0.109
AGENT index=107 mig=fafc828a exit=0 wall_ms=411352 text=e4acf0000b60a65c role=child prefix_tokens=14282 suffix_tokens=23 model_ms=18780.0 context_ms=309.2 state_ms=24.23 prefix_ms=0.0 suffix_ms=10473.5 first_token_ms=34440.2 generation_ms=375860.3 generated=64 generation_tps=0.170
AGENT index=108 mig=31ffbfe4 exit=0 wall_ms=627197 text=74c90b6fff5c615d role=child prefix_tokens=14282 suffix_tokens=22 model_ms=19209.7 context_ms=542.9 state_ms=6.81 prefix_ms=0.0 suffix_ms=17933.4 first_token_ms=41566.7 generation_ms=585202.7 generated=64 generation_tps=0.109
AGENT index=109 mig=fafc828a exit=0 wall_ms=412529 text=4167344764e2ea53 role=child prefix_tokens=14282 suffix_tokens=32 model_ms=17188.9 context_ms=728.1 state_ms=19.65 prefix_ms=0.0 suffix_ms=12074.2 first_token_ms=34658.4 generation_ms=376358.2 generated=64 generation_tps=0.170
AGENT index=110 mig=31ffbfe4 exit=0 wall_ms=628939 text=03e613a85d26b396 role=child prefix_tokens=14282 suffix_tokens=22 model_ms=17047.9 context_ms=647.5 state_ms=45.33 prefix_ms=0.0 suffix_ms=17391.5 first_token_ms=39958.8 generation_ms=588467.4 generated=64 generation_tps=0.109
AGENT index=111 mig=fafc828a exit=0 wall_ms=407440 text=bb59c99a10b1f7d2 role=child prefix_tokens=14282 suffix_tokens=27 model_ms=16899.1 context_ms=492.7 state_ms=44.90 prefix_ms=0.0 suffix_ms=8685.9 first_token_ms=30071.8 generation_ms=376940.4 generated=64 generation_tps=0.170
AGENT index=112 mig=31ffbfe4 exit=0 wall_ms=628965 text=f3c6e53e9628d37b role=child prefix_tokens=14282 suffix_tokens=26 model_ms=17592.7 context_ms=342.1 state_ms=22.02 prefix_ms=0.0 suffix_ms=18743.4 first_token_ms=41352.9 generation_ms=587032.8 generated=64 generation_tps=0.109
AGENT index=113 mig=fafc828a exit=0 wall_ms=410197 text=0d9008cd4be5f3b7 role=child prefix_tokens=14282 suffix_tokens=23 model_ms=19464.8 context_ms=311.6 state_ms=6.44 prefix_ms=0.0 suffix_ms=10447.9 first_token_ms=34505.6 generation_ms=375103.4 generated=64 generation_tps=0.171
AGENT index=114 mig=31ffbfe4 exit=0 wall_ms=630097 text=f022712f39a0b99e role=child prefix_tokens=14282 suffix_tokens=22 model_ms=18383.3 context_ms=704.9 state_ms=12.81 prefix_ms=0.0 suffix_ms=18337.0 first_token_ms=42134.6 generation_ms=587122.3 generated=64 generation_tps=0.109
AGENT index=115 mig=fafc828a exit=0 wall_ms=410075 text=38cf4d1e302da1e3 role=child prefix_tokens=14282 suffix_tokens=19 model_ms=17060.3 context_ms=702.9 state_ms=24.35 prefix_ms=0.0 suffix_ms=9102.1 first_token_ms=31635.4 generation_ms=377858.1 generated=64 generation_tps=0.169
AGENT index=116 mig=31ffbfe4 exit=0 wall_ms=628514 text=126c8a08eb9eaa42 role=child prefix_tokens=14282 suffix_tokens=22 model_ms=17328.6 context_ms=647.7 state_ms=42.47 prefix_ms=0.0 suffix_ms=17389.7 first_token_ms=39642.9 generation_ms=588335.7 generated=64 generation_tps=0.109
AGENT index=117 mig=fafc828a exit=0 wall_ms=403286 text=d904caef7b27cf33 role=child prefix_tokens=14282 suffix_tokens=27 model_ms=15907.8 context_ms=136.2 state_ms=7.29 prefix_ms=0.0 suffix_ms=3702.7 first_token_ms=24247.0 generation_ms=378556.8 generated=64 generation_tps=0.169
MEMORY mem_available_drop_mib=89578 mem_available_before_mib=118109 mem_free_before_mib=48238 pss_anon_mib=31867 pss_file_mib=11102 pss_shmem_mib=10260 device_mib=46138 samples=33
END_CASE failed_agents=0 wall_ms=631292
END_KVSTACK
