BEGIN_KVSTACK run=1 context=16384 publisher_mig=fafc828a mem_free_mib=48830 kernel_reclaimable_mib=68137
PUBLISH store=stock prefix_tokens=14282 prefix_ms=16877.7 publish_ms=509.98 state_bytes=819216229
PUBLISH store=device prefix_tokens=14282 prefix_ms=16854.7 publish_ms=505.26 state_bytes=819216229
PUBLISH store=huge prefix_tokens=14282 prefix_ms=16928.4 publish_ms=8.07 state_bytes=229221 file_used_kib=802816
CASE mode=none agents=1
AGENT index=0 mig=fafc828a exit=0 wall_ms=4384 text=bb92e4befc7eddec role=child prefix_tokens=14282 suffix_tokens=27 model_ms=1010.5 context_ms=36.3 state_ms=151.91 prefix_ms=0.0 suffix_ms=110.6 first_token_ms=1364.6 generation_ms=2576.8 generated=64 generation_tps=24.837
MEMORY mem_available_drop_mib=6178 mem_available_before_mib=115560 mem_free_before_mib=46035 pss_anon_mib=227 pss_file_mib=97 pss_shmem_mib=350 device_mib=5460 samples=1
END_CASE failed_agents=0 wall_ms=4419
CASE mode=none agents=8
AGENT index=0 mig=fafc828a exit=0 wall_ms=15803 text=bb92e4befc7eddec role=child prefix_tokens=14282 suffix_tokens=27 model_ms=2387.7 context_ms=45.7 state_ms=267.79 prefix_ms=0.0 suffix_ms=409.8 first_token_ms=3413.6 generation_ms=11794.0 generated=64 generation_tps=5.426
AGENT index=1 mig=31ffbfe4 exit=0 wall_ms=21186 text=a8d47b5298abb2fc role=child prefix_tokens=14282 suffix_tokens=22 model_ms=2273.5 context_ms=68.0 state_ms=258.07 prefix_ms=0.0 suffix_ms=514.4 first_token_ms=3355.8 generation_ms=17225.2 generated=64 generation_tps=3.715
AGENT index=2 mig=fafc828a exit=0 wall_ms=15702 text=abfd4eb3fb8ebdd8 role=child prefix_tokens=14282 suffix_tokens=24 model_ms=2288.0 context_ms=48.0 state_ms=217.73 prefix_ms=0.0 suffix_ms=274.6 first_token_ms=3126.6 generation_ms=11971.6 generated=64 generation_tps=5.346
AGENT index=3 mig=31ffbfe4 exit=0 wall_ms=21034 text=077e38d3762a4e5d role=child prefix_tokens=14282 suffix_tokens=32 model_ms=2139.8 context_ms=48.9 state_ms=303.73 prefix_ms=0.0 suffix_ms=445.0 first_token_ms=3202.5 generation_ms=17288.2 generated=64 generation_tps=3.702
AGENT index=4 mig=fafc828a exit=0 wall_ms=15649 text=16f8c0610a09645d role=child prefix_tokens=14282 suffix_tokens=23 model_ms=2261.1 context_ms=46.4 state_ms=217.88 prefix_ms=0.0 suffix_ms=226.8 first_token_ms=3053.6 generation_ms=11989.2 generated=64 generation_tps=5.338
AGENT index=5 mig=31ffbfe4 exit=0 wall_ms=21152 text=ff4188d71e02bfdb role=child prefix_tokens=14282 suffix_tokens=26 model_ms=2084.6 context_ms=48.4 state_ms=313.25 prefix_ms=0.0 suffix_ms=420.0 first_token_ms=3170.8 generation_ms=17336.8 generated=64 generation_tps=3.692
AGENT index=6 mig=fafc828a exit=0 wall_ms=15593 text=f88f503d1005fa22 role=child prefix_tokens=14282 suffix_tokens=21 model_ms=2207.0 context_ms=66.9 state_ms=227.01 prefix_ms=0.0 suffix_ms=210.0 first_token_ms=3011.3 generation_ms=11972.8 generated=64 generation_tps=5.345
AGENT index=7 mig=31ffbfe4 exit=0 wall_ms=21200 text=f9c832b7cad1a509 role=child prefix_tokens=14282 suffix_tokens=31 model_ms=2196.4 context_ms=67.4 state_ms=259.21 prefix_ms=0.0 suffix_ms=578.3 first_token_ms=3410.3 generation_ms=17192.3 generated=64 generation_tps=3.723
MEMORY mem_available_drop_mib=48871 mem_available_before_mib=115219 mem_free_before_mib=45687 pss_anon_mib=1828 pss_file_mib=245 pss_shmem_mib=2804 device_mib=43624 samples=4
END_CASE failed_agents=0 wall_ms=21288
CASE mode=weights agents=1
AGENT index=0 mig=fafc828a exit=0 wall_ms=3498 text=bb92e4befc7eddec role=child prefix_tokens=14282 suffix_tokens=27 model_ms=342.5 context_ms=37.4 state_ms=153.70 prefix_ms=0.0 suffix_ms=110.6 first_token_ms=698.4 generation_ms=2531.1 generated=64 generation_tps=25.285
MEMORY mem_available_drop_mib=1646 mem_available_before_mib=115589 mem_free_before_mib=46055 pss_anon_mib=228 pss_file_mib=97 pss_shmem_mib=4518 device_mib=1290 samples=1
END_CASE failed_agents=0 wall_ms=3532
CASE mode=weights agents=8
AGENT index=0 mig=fafc828a exit=0 wall_ms=13449 text=bb92e4befc7eddec role=child prefix_tokens=14282 suffix_tokens=27 model_ms=847.4 context_ms=37.9 state_ms=280.04 prefix_ms=0.0 suffix_ms=216.4 first_token_ms=1682.1 generation_ms=11460.0 generated=64 generation_tps=5.585
AGENT index=1 mig=31ffbfe4 exit=0 wall_ms=19433 text=a8d47b5298abb2fc role=child prefix_tokens=14282 suffix_tokens=22 model_ms=910.5 context_ms=50.4 state_ms=229.95 prefix_ms=0.0 suffix_ms=304.0 first_token_ms=1805.2 generation_ms=17361.4 generated=64 generation_tps=3.686
AGENT index=2 mig=fafc828a exit=0 wall_ms=13639 text=abfd4eb3fb8ebdd8 role=child prefix_tokens=14282 suffix_tokens=24 model_ms=944.2 context_ms=89.2 state_ms=254.50 prefix_ms=0.0 suffix_ms=369.9 first_token_ms=1963.0 generation_ms=11361.1 generated=64 generation_tps=5.633
AGENT index=3 mig=31ffbfe4 exit=0 wall_ms=19699 text=077e38d3762a4e5d role=child prefix_tokens=14282 suffix_tokens=32 model_ms=934.2 context_ms=87.0 state_ms=232.99 prefix_ms=0.0 suffix_ms=551.9 first_token_ms=2109.1 generation_ms=17262.3 generated=64 generation_tps=3.707
AGENT index=4 mig=fafc828a exit=0 wall_ms=13390 text=16f8c0610a09645d role=child prefix_tokens=14282 suffix_tokens=23 model_ms=869.3 context_ms=39.1 state_ms=241.01 prefix_ms=0.0 suffix_ms=204.1 first_token_ms=1660.6 generation_ms=11430.4 generated=64 generation_tps=5.599
AGENT index=5 mig=31ffbfe4 exit=0 wall_ms=19646 text=ff4188d71e02bfdb role=child prefix_tokens=14282 suffix_tokens=26 model_ms=926.0 context_ms=75.7 state_ms=231.12 prefix_ms=0.0 suffix_ms=551.2 first_token_ms=2089.7 generation_ms=17262.0 generated=64 generation_tps=3.708
AGENT index=6 mig=fafc828a exit=0 wall_ms=13681 text=f88f503d1005fa22 role=child prefix_tokens=14282 suffix_tokens=21 model_ms=929.1 context_ms=84.0 state_ms=253.12 prefix_ms=0.0 suffix_ms=362.8 first_token_ms=1934.6 generation_ms=11375.5 generated=64 generation_tps=5.626
AGENT index=7 mig=31ffbfe4 exit=0 wall_ms=19694 text=f9c832b7cad1a509 role=child prefix_tokens=14282 suffix_tokens=31 model_ms=954.9 context_ms=59.7 state_ms=233.21 prefix_ms=0.0 suffix_ms=576.1 first_token_ms=2136.0 generation_ms=17244.9 generated=64 generation_tps=3.711
MEMORY mem_available_drop_mib=12830 mem_available_before_mib=115536 mem_free_before_mib=46000 pss_anon_mib=1830 pss_file_mib=245 pss_shmem_mib=4925 device_mib=10264 samples=3
END_CASE failed_agents=0 wall_ms=19781
CASE mode=both agents=1
AGENT index=0 mig=fafc828a exit=0 wall_ms=3337 text=bb92e4befc7eddec role=child prefix_tokens=14282 suffix_tokens=27 model_ms=364.9 context_ms=29.1 state_ms=6.34 prefix_ms=0.0 suffix_ms=118.3 first_token_ms=573.2 generation_ms=2518.8 generated=64 generation_tps=25.409
MEMORY mem_available_drop_mib=742 mem_available_before_mib=115601 mem_free_before_mib=46066 pss_anon_mib=246 pss_file_mib=97 pss_shmem_mib=5299 device_mib=394 samples=1
END_CASE failed_agents=0 wall_ms=3372
CASE mode=both agents=8
AGENT index=0 mig=fafc828a exit=0 wall_ms=13288 text=bb92e4befc7eddec role=child prefix_tokens=14282 suffix_tokens=27 model_ms=900.2 context_ms=27.1 state_ms=7.17 prefix_ms=0.0 suffix_ms=293.3 first_token_ms=1525.0 generation_ms=11453.4 generated=64 generation_tps=5.588
AGENT index=1 mig=31ffbfe4 exit=0 wall_ms=19811 text=a8d47b5298abb2fc role=child prefix_tokens=14282 suffix_tokens=22 model_ms=930.3 context_ms=39.1 state_ms=6.28 prefix_ms=0.0 suffix_ms=534.9 first_token_ms=1815.6 generation_ms=17735.1 generated=64 generation_tps=3.609
AGENT index=2 mig=fafc828a exit=0 wall_ms=13384 text=abfd4eb3fb8ebdd8 role=child prefix_tokens=14282 suffix_tokens=24 model_ms=916.8 context_ms=41.2 state_ms=6.42 prefix_ms=0.0 suffix_ms=341.9 first_token_ms=1609.5 generation_ms=11456.0 generated=64 generation_tps=5.587
AGENT index=3 mig=31ffbfe4 exit=0 wall_ms=19859 text=077e38d3762a4e5d role=child prefix_tokens=14282 suffix_tokens=32 model_ms=925.7 context_ms=37.4 state_ms=6.36 prefix_ms=0.0 suffix_ms=552.4 first_token_ms=1836.6 generation_ms=17759.2 generated=64 generation_tps=3.604
AGENT index=4 mig=fafc828a exit=0 wall_ms=13180 text=16f8c0610a09645d role=child prefix_tokens=14282 suffix_tokens=23 model_ms=865.5 context_ms=29.2 state_ms=6.28 prefix_ms=0.0 suffix_ms=192.4 first_token_ms=1403.5 generation_ms=11504.7 generated=64 generation_tps=5.563
AGENT index=5 mig=31ffbfe4 exit=0 wall_ms=19683 text=ff4188d71e02bfdb role=child prefix_tokens=14282 suffix_tokens=26 model_ms=910.0 context_ms=28.5 state_ms=6.28 prefix_ms=0.0 suffix_ms=388.1 first_token_ms=1632.8 generation_ms=17783.1 generated=64 generation_tps=3.599
AGENT index=6 mig=fafc828a exit=0 wall_ms=13327 text=f88f503d1005fa22 role=child prefix_tokens=14282 suffix_tokens=21 model_ms=928.8 context_ms=35.4 state_ms=6.32 prefix_ms=0.0 suffix_ms=339.9 first_token_ms=1610.9 generation_ms=11434.7 generated=64 generation_tps=5.597
AGENT index=7 mig=31ffbfe4 exit=0 wall_ms=19877 text=f9c832b7cad1a509 role=child prefix_tokens=14282 suffix_tokens=31 model_ms=913.9 context_ms=43.0 state_ms=7.24 prefix_ms=0.0 suffix_ms=561.4 first_token_ms=1834.1 generation_ms=17754.2 generated=64 generation_tps=3.605
MEMORY mem_available_drop_mib=5679 mem_available_before_mib=115555 mem_free_before_mib=46019 pss_anon_mib=1954 pss_file_mib=245 pss_shmem_mib=5706 device_mib=3096 samples=3
END_CASE failed_agents=0 wall_ms=19961
CASE mode=both agents=32
AGENT index=0 mig=fafc828a exit=0 wall_ms=52471 text=bb92e4befc7eddec role=child prefix_tokens=14282 suffix_tokens=27 model_ms=3414.8 context_ms=70.2 state_ms=8.43 prefix_ms=0.0 suffix_ms=1362.4 first_token_ms=6007.6 generation_ms=46079.8 generated=64 generation_tps=1.389
AGENT index=1 mig=31ffbfe4 exit=0 wall_ms=77995 text=a8d47b5298abb2fc role=child prefix_tokens=14282 suffix_tokens=22 model_ms=3284.3 context_ms=83.1 state_ms=11.92 prefix_ms=0.0 suffix_ms=1851.5 first_token_ms=6401.1 generation_ms=71336.9 generated=64 generation_tps=0.897
AGENT index=2 mig=fafc828a exit=0 wall_ms=52695 text=abfd4eb3fb8ebdd8 role=child prefix_tokens=14282 suffix_tokens=24 model_ms=3664.2 context_ms=27.2 state_ms=6.53 prefix_ms=0.0 suffix_ms=1383.3 first_token_ms=6235.5 generation_ms=46121.7 generated=64 generation_tps=1.388
AGENT index=3 mig=31ffbfe4 exit=0 wall_ms=78346 text=077e38d3762a4e5d role=child prefix_tokens=14282 suffix_tokens=32 model_ms=3285.3 context_ms=50.6 state_ms=7.38 prefix_ms=0.0 suffix_ms=2250.9 first_token_ms=6957.6 generation_ms=70989.0 generated=64 generation_tps=0.902
AGENT index=4 mig=fafc828a exit=0 wall_ms=52639 text=16f8c0610a09645d role=child prefix_tokens=14282 suffix_tokens=23 model_ms=3524.7 context_ms=45.1 state_ms=6.43 prefix_ms=0.0 suffix_ms=1326.1 first_token_ms=6069.7 generation_ms=46133.4 generated=64 generation_tps=1.387
AGENT index=5 mig=31ffbfe4 exit=0 wall_ms=76104 text=ff4188d71e02bfdb role=child prefix_tokens=14282 suffix_tokens=26 model_ms=2812.0 context_ms=188.7 state_ms=14.46 prefix_ms=0.0 suffix_ms=367.4 first_token_ms=4533.6 generation_ms=71306.1 generated=64 generation_tps=0.898
AGENT index=6 mig=fafc828a exit=0 wall_ms=51597 text=f88f503d1005fa22 role=child prefix_tokens=14282 suffix_tokens=21 model_ms=2896.6 context_ms=71.3 state_ms=11.53 prefix_ms=0.0 suffix_ms=474.4 first_token_ms=4792.6 generation_ms=46534.9 generated=64 generation_tps=1.375
AGENT index=7 mig=31ffbfe4 exit=0 wall_ms=78390 text=f9c832b7cad1a509 role=child prefix_tokens=14282 suffix_tokens=31 model_ms=3609.2 context_ms=35.8 state_ms=6.22 prefix_ms=0.0 suffix_ms=2304.1 first_token_ms=7108.4 generation_ms=70827.8 generated=64 generation_tps=0.904
AGENT index=8 mig=fafc828a exit=0 wall_ms=50754 text=ae3f57b141780268 role=child prefix_tokens=14282 suffix_tokens=18 model_ms=2862.8 context_ms=67.9 state_ms=14.37 prefix_ms=0.0 suffix_ms=235.2 first_token_ms=4492.1 generation_ms=45981.0 generated=64 generation_tps=1.392
AGENT index=9 mig=31ffbfe4 exit=0 wall_ms=77756 text=a2d016def74ecc62 role=child prefix_tokens=14282 suffix_tokens=18 model_ms=3184.1 context_ms=84.7 state_ms=13.30 prefix_ms=0.0 suffix_ms=1719.9 first_token_ms=6180.0 generation_ms=71278.4 generated=64 generation_tps=0.898
AGENT index=10 mig=fafc828a exit=0 wall_ms=52399 text=a733f3a39259263c role=child prefix_tokens=14282 suffix_tokens=18 model_ms=3009.3 context_ms=118.1 state_ms=10.47 prefix_ms=0.0 suffix_ms=995.6 first_token_ms=5447.7 generation_ms=46574.0 generated=64 generation_tps=1.374
AGENT index=11 mig=31ffbfe4 exit=0 wall_ms=78156 text=087278665f3dec68 role=child prefix_tokens=14282 suffix_tokens=22 model_ms=3267.7 context_ms=73.3 state_ms=6.40 prefix_ms=0.0 suffix_ms=1927.4 first_token_ms=6469.8 generation_ms=71322.2 generated=64 generation_tps=0.897
AGENT index=12 mig=fafc828a exit=0 wall_ms=52344 text=2c93819fe85df763 role=child prefix_tokens=14282 suffix_tokens=21 model_ms=3237.0 context_ms=95.2 state_ms=14.24 prefix_ms=0.0 suffix_ms=981.6 first_token_ms=5483.8 generation_ms=46503.5 generated=64 generation_tps=1.376
AGENT index=13 mig=31ffbfe4 exit=0 wall_ms=78226 text=5d483815f91685a6 role=child prefix_tokens=14282 suffix_tokens=31 model_ms=3187.7 context_ms=71.1 state_ms=11.44 prefix_ms=0.0 suffix_ms=2178.9 first_token_ms=6785.1 generation_ms=71044.6 generated=64 generation_tps=0.901
AGENT index=14 mig=fafc828a exit=0 wall_ms=52724 text=3f33f20708943e2f role=child prefix_tokens=14282 suffix_tokens=21 model_ms=3483.3 context_ms=47.4 state_ms=7.54 prefix_ms=0.0 suffix_ms=1293.5 first_token_ms=5977.1 generation_ms=46255.2 generated=64 generation_tps=1.384
AGENT index=15 mig=31ffbfe4 exit=0 wall_ms=78117 text=0502c45076359254 role=child prefix_tokens=14282 suffix_tokens=26 model_ms=3132.8 context_ms=99.6 state_ms=13.58 prefix_ms=0.0 suffix_ms=1972.5 first_token_ms=6415.5 generation_ms=71273.4 generated=64 generation_tps=0.898
AGENT index=16 mig=fafc828a exit=0 wall_ms=51998 text=0ebc8757605c5571 role=child prefix_tokens=14282 suffix_tokens=25 model_ms=3095.2 context_ms=68.5 state_ms=23.04 prefix_ms=0.0 suffix_ms=893.8 first_token_ms=5237.6 generation_ms=46433.0 generated=64 generation_tps=1.378
AGENT index=17 mig=31ffbfe4 exit=0 wall_ms=78030 text=5d7dbcf0a7eca76c role=child prefix_tokens=14282 suffix_tokens=22 model_ms=3242.2 context_ms=131.8 state_ms=14.33 prefix_ms=0.0 suffix_ms=2077.8 first_token_ms=6652.8 generation_ms=71024.5 generated=64 generation_tps=0.901
AGENT index=18 mig=fafc828a exit=0 wall_ms=52502 text=cb99e4b1c2fd84d5 role=child prefix_tokens=14282 suffix_tokens=21 model_ms=3321.5 context_ms=48.5 state_ms=8.21 prefix_ms=0.0 suffix_ms=1241.1 first_token_ms=5854.5 generation_ms=46277.3 generated=64 generation_tps=1.383
AGENT index=19 mig=31ffbfe4 exit=0 wall_ms=77673 text=4c7501e634d9bf23 role=child prefix_tokens=14282 suffix_tokens=18 model_ms=3148.9 context_ms=104.1 state_ms=11.01 prefix_ms=0.0 suffix_ms=1806.9 first_token_ms=6209.8 generation_ms=71211.5 generated=64 generation_tps=0.899
AGENT index=20 mig=fafc828a exit=0 wall_ms=52212 text=b3893059e7e79532 role=child prefix_tokens=14282 suffix_tokens=21 model_ms=3073.7 context_ms=135.1 state_ms=14.56 prefix_ms=0.0 suffix_ms=967.9 first_token_ms=5396.0 generation_ms=46486.5 generated=64 generation_tps=1.377
AGENT index=21 mig=31ffbfe4 exit=0 wall_ms=78245 text=284eef78a2286715 role=child prefix_tokens=14282 suffix_tokens=26 model_ms=3526.9 context_ms=44.3 state_ms=7.52 prefix_ms=0.0 suffix_ms=2240.3 first_token_ms=6924.5 generation_ms=70905.2 generated=64 generation_tps=0.903
AGENT index=22 mig=fafc828a exit=0 wall_ms=49522 text=ad3122b47bf9d41d role=child prefix_tokens=14282 suffix_tokens=27 model_ms=2830.4 context_ms=139.9 state_ms=14.19 prefix_ms=0.0 suffix_ms=185.4 first_token_ms=4271.9 generation_ms=44969.3 generated=64 generation_tps=1.423
AGENT index=23 mig=31ffbfe4 exit=0 wall_ms=76637 text=f79224e341ba5115 role=child prefix_tokens=14282 suffix_tokens=17 model_ms=2636.9 context_ms=179.0 state_ms=30.23 prefix_ms=0.0 suffix_ms=580.1 first_token_ms=4699.6 generation_ms=71634.7 generated=64 generation_tps=0.893
AGENT index=24 mig=fafc828a exit=0 wall_ms=52865 text=9834d2c93010cb40 role=child prefix_tokens=14282 suffix_tokens=22 model_ms=3567.3 context_ms=31.6 state_ms=6.01 prefix_ms=0.0 suffix_ms=1351.5 first_token_ms=6090.5 generation_ms=46241.2 generated=64 generation_tps=1.384
AGENT index=25 mig=31ffbfe4 exit=0 wall_ms=77532 text=da4c2dca73ac54e0 role=child prefix_tokens=14282 suffix_tokens=23 model_ms=2982.1 context_ms=110.9 state_ms=14.54 prefix_ms=0.0 suffix_ms=1501.9 first_token_ms=5859.7 generation_ms=71414.9 generated=64 generation_tps=0.896
AGENT index=26 mig=fafc828a exit=0 wall_ms=52805 text=07ec2de36a00f7a1 role=child prefix_tokens=14282 suffix_tokens=19 model_ms=3417.5 context_ms=41.1 state_ms=6.34 prefix_ms=0.0 suffix_ms=1350.8 first_token_ms=6062.2 generation_ms=46265.3 generated=64 generation_tps=1.383
AGENT index=27 mig=31ffbfe4 exit=0 wall_ms=78299 text=e1e29071a16e2061 role=child prefix_tokens=14282 suffix_tokens=21 model_ms=3281.2 context_ms=66.6 state_ms=9.07 prefix_ms=0.0 suffix_ms=2156.1 first_token_ms=6792.5 generation_ms=71062.1 generated=64 generation_tps=0.901
AGENT index=28 mig=fafc828a exit=0 wall_ms=52771 text=1c65ed1020843e8d role=child prefix_tokens=14282 suffix_tokens=20 model_ms=3501.3 context_ms=30.8 state_ms=6.42 prefix_ms=0.0 suffix_ms=1356.1 first_token_ms=6086.1 generation_ms=46189.6 generated=64 generation_tps=1.386
AGENT index=29 mig=31ffbfe4 exit=0 wall_ms=78063 text=a72f71cd80731afe role=child prefix_tokens=14282 suffix_tokens=22 model_ms=3343.3 context_ms=67.4 state_ms=7.31 prefix_ms=0.0 suffix_ms=2075.9 first_token_ms=6618.4 generation_ms=71104.1 generated=64 generation_tps=0.900
AGENT index=30 mig=fafc828a exit=0 wall_ms=52759 text=317f6f38771a1e41 role=child prefix_tokens=14282 suffix_tokens=20 model_ms=3402.3 context_ms=39.8 state_ms=6.60 prefix_ms=0.0 suffix_ms=1353.3 first_token_ms=6051.6 generation_ms=46261.4 generated=64 generation_tps=1.383
AGENT index=31 mig=31ffbfe4 exit=0 wall_ms=75870 text=1b4036771dcdadef role=child prefix_tokens=14282 suffix_tokens=22 model_ms=2731.1 context_ms=150.1 state_ms=14.24 prefix_ms=0.0 suffix_ms=349.2 first_token_ms=4381.9 generation_ms=71208.1 generated=64 generation_tps=0.899
MEMORY mem_available_drop_mib=22599 mem_available_before_mib=115557 mem_free_before_mib=46020 pss_anon_mib=7834 pss_file_mib=740 pss_shmem_mib=7103 device_mib=12384 samples=12
END_CASE failed_agents=0 wall_ms=78610
END_KVSTACK
BEGIN_KVSTACK run=2 context=16384 publisher_mig=31ffbfe4 mem_free_mib=48834 kernel_reclaimable_mib=68137
PUBLISH store=stock prefix_tokens=14282 prefix_ms=24863.3 publish_ms=513.22 state_bytes=819216229
PUBLISH store=device prefix_tokens=14282 prefix_ms=24854.3 publish_ms=514.62 state_bytes=819216229
PUBLISH store=huge prefix_tokens=14282 prefix_ms=24905.2 publish_ms=8.25 state_bytes=229221 file_used_kib=802816
CASE mode=both agents=1
AGENT index=0 mig=31ffbfe4 exit=0 wall_ms=4899 text=4605b6e04b2228eb role=child prefix_tokens=14282 suffix_tokens=27 model_ms=340.6 context_ms=28.0 state_ms=6.09 prefix_ms=0.0 suffix_ms=145.5 first_token_ms=557.0 generation_ms=4045.1 generated=64 generation_tps=15.822
MEMORY mem_available_drop_mib=689 mem_available_before_mib=115537 mem_free_before_mib=46012 pss_anon_mib=246 pss_file_mib=97 pss_shmem_mib=5299 device_mib=380 samples=1
END_CASE failed_agents=0 wall_ms=4934
CASE mode=both agents=8
AGENT index=0 mig=31ffbfe4 exit=0 wall_ms=19319 text=4605b6e04b2228eb role=child prefix_tokens=14282 suffix_tokens=27 model_ms=796.0 context_ms=26.4 state_ms=6.29 prefix_ms=0.0 suffix_ms=150.1 first_token_ms=1243.6 generation_ms=17804.0 generated=64 generation_tps=3.595
AGENT index=1 mig=fafc828a exit=0 wall_ms=13521 text=a5af93194a2d1ced role=child prefix_tokens=14282 suffix_tokens=22 model_ms=921.7 context_ms=32.7 state_ms=6.24 prefix_ms=0.0 suffix_ms=366.9 first_token_ms=1638.0 generation_ms=11516.1 generated=64 generation_tps=5.557
AGENT index=2 mig=31ffbfe4 exit=0 wall_ms=19678 text=37e5f08e6279aa62 role=child prefix_tokens=14282 suffix_tokens=24 model_ms=887.1 context_ms=33.2 state_ms=6.46 prefix_ms=0.0 suffix_ms=529.2 first_token_ms=1740.1 generation_ms=17680.4 generated=64 generation_tps=3.620
AGENT index=3 mig=fafc828a exit=0 wall_ms=13464 text=5e1ac569aa8b0faf role=child prefix_tokens=14282 suffix_tokens=32 model_ms=908.3 context_ms=31.1 state_ms=6.31 prefix_ms=0.0 suffix_ms=382.7 first_token_ms=1637.3 generation_ms=11509.8 generated=64 generation_tps=5.560
AGENT index=4 mig=31ffbfe4 exit=0 wall_ms=19726 text=6e3d8f07cfceb082 role=child prefix_tokens=14282 suffix_tokens=23 model_ms=875.4 context_ms=35.7 state_ms=6.16 prefix_ms=0.0 suffix_ms=523.6 first_token_ms=1760.4 generation_ms=17695.3 generated=64 generation_tps=3.617
AGENT index=5 mig=fafc828a exit=0 wall_ms=13463 text=47179dd0dcd49eb0 role=child prefix_tokens=14282 suffix_tokens=26 model_ms=901.8 context_ms=30.9 state_ms=6.29 prefix_ms=0.0 suffix_ms=390.2 first_token_ms=1643.1 generation_ms=11502.0 generated=64 generation_tps=5.564
AGENT index=6 mig=31ffbfe4 exit=0 wall_ms=19725 text=f88f503d1005fa22 role=child prefix_tokens=14282 suffix_tokens=21 model_ms=870.1 context_ms=28.8 state_ms=5.83 prefix_ms=0.0 suffix_ms=500.7 first_token_ms=1720.6 generation_ms=17720.9 generated=64 generation_tps=3.612
AGENT index=7 mig=fafc828a exit=0 wall_ms=13289 text=f9c832b7cad1a509 role=child prefix_tokens=14282 suffix_tokens=31 model_ms=897.3 context_ms=28.4 state_ms=6.16 prefix_ms=0.0 suffix_ms=355.6 first_token_ms=1593.2 generation_ms=11414.2 generated=64 generation_tps=5.607
MEMORY mem_available_drop_mib=5658 mem_available_before_mib=115523 mem_free_before_mib=45992 pss_anon_mib=1940 pss_file_mib=245 pss_shmem_mib=5706 device_mib=3096 samples=3
END_CASE failed_agents=0 wall_ms=19808
CASE mode=both agents=32
AGENT index=0 mig=31ffbfe4 exit=0 wall_ms=77043 text=4605b6e04b2228eb role=child prefix_tokens=14282 suffix_tokens=27 model_ms=3270.6 context_ms=99.6 state_ms=15.79 prefix_ms=0.0 suffix_ms=1720.2 first_token_ms=6267.3 generation_ms=70515.0 generated=64 generation_tps=0.908
AGENT index=1 mig=fafc828a exit=0 wall_ms=51785 text=a5af93194a2d1ced role=child prefix_tokens=14282 suffix_tokens=22 model_ms=3057.0 context_ms=78.1 state_ms=14.85 prefix_ms=0.0 suffix_ms=499.8 first_token_ms=4811.5 generation_ms=46679.9 generated=64 generation_tps=1.371
AGENT index=2 mig=31ffbfe4 exit=0 wall_ms=77767 text=37e5f08e6279aa62 role=child prefix_tokens=14282 suffix_tokens=24 model_ms=3412.7 context_ms=37.8 state_ms=6.53 prefix_ms=0.0 suffix_ms=2142.1 first_token_ms=6971.7 generation_ms=70393.7 generated=64 generation_tps=0.909
AGENT index=3 mig=fafc828a exit=0 wall_ms=51861 text=5e1ac569aa8b0faf role=child prefix_tokens=14282 suffix_tokens=32 model_ms=2879.8 context_ms=163.5 state_ms=27.33 prefix_ms=0.0 suffix_ms=695.3 first_token_ms=4911.2 generation_ms=46601.0 generated=64 generation_tps=1.373
AGENT index=4 mig=31ffbfe4 exit=0 wall_ms=77664 text=6e3d8f07cfceb082 role=child prefix_tokens=14282 suffix_tokens=23 model_ms=3422.3 context_ms=43.5 state_ms=8.39 prefix_ms=0.0 suffix_ms=2107.7 first_token_ms=6902.7 generation_ms=70381.8 generated=64 generation_tps=0.909
AGENT index=5 mig=fafc828a exit=0 wall_ms=51957 text=47179dd0dcd49eb0 role=child prefix_tokens=14282 suffix_tokens=26 model_ms=3048.4 context_ms=75.8 state_ms=13.79 prefix_ms=0.0 suffix_ms=606.0 first_token_ms=4908.9 generation_ms=46743.7 generated=64 generation_tps=1.369
AGENT index=6 mig=31ffbfe4 exit=0 wall_ms=77634 text=f88f503d1005fa22 role=child prefix_tokens=14282 suffix_tokens=21 model_ms=3401.7 context_ms=47.8 state_ms=6.38 prefix_ms=0.0 suffix_ms=1948.6 first_token_ms=6627.6 generation_ms=70653.6 generated=64 generation_tps=0.906
AGENT index=7 mig=fafc828a exit=0 wall_ms=53046 text=f9c832b7cad1a509 role=child prefix_tokens=14282 suffix_tokens=31 model_ms=3313.6 context_ms=70.6 state_ms=14.07 prefix_ms=0.0 suffix_ms=1388.7 first_token_ms=6007.4 generation_ms=46455.4 generated=64 generation_tps=1.378
AGENT index=8 mig=31ffbfe4 exit=0 wall_ms=77507 text=a3c806a5411bc6e6 role=child prefix_tokens=14282 suffix_tokens=18 model_ms=3548.0 context_ms=53.9 state_ms=8.30 prefix_ms=0.0 suffix_ms=2059.3 first_token_ms=6804.3 generation_ms=70272.8 generated=64 generation_tps=0.911
AGENT index=9 mig=fafc828a exit=0 wall_ms=50483 text=a2d016def74ecc62 role=child prefix_tokens=14282 suffix_tokens=18 model_ms=2878.5 context_ms=87.9 state_ms=14.44 prefix_ms=0.0 suffix_ms=177.6 first_token_ms=4315.1 generation_ms=45880.3 generated=64 generation_tps=1.395
AGENT index=10 mig=31ffbfe4 exit=0 wall_ms=77881 text=a733f3a39259263c role=child prefix_tokens=14282 suffix_tokens=18 model_ms=3430.8 context_ms=43.5 state_ms=6.29 prefix_ms=0.0 suffix_ms=2152.7 first_token_ms=6977.9 generation_ms=70396.7 generated=64 generation_tps=0.909
AGENT index=11 mig=fafc828a exit=0 wall_ms=52653 text=ad0d6edf343e5e28 role=child prefix_tokens=14282 suffix_tokens=22 model_ms=3414.4 context_ms=79.8 state_ms=11.10 prefix_ms=0.0 suffix_ms=1279.5 first_token_ms=5927.0 generation_ms=46339.2 generated=64 generation_tps=1.381
AGENT index=12 mig=31ffbfe4 exit=0 wall_ms=75410 text=2c93819fe85df763 role=child prefix_tokens=14282 suffix_tokens=21 model_ms=2857.8 context_ms=75.8 state_ms=14.36 prefix_ms=0.0 suffix_ms=414.9 first_token_ms=4556.2 generation_ms=70582.4 generated=64 generation_tps=0.907
AGENT index=13 mig=fafc828a exit=0 wall_ms=52800 text=5d483815f91685a6 role=child prefix_tokens=14282 suffix_tokens=31 model_ms=3514.9 context_ms=59.3 state_ms=8.52 prefix_ms=0.0 suffix_ms=1531.6 first_token_ms=6262.9 generation_ms=46071.7 generated=64 generation_tps=1.389
AGENT index=14 mig=31ffbfe4 exit=0 wall_ms=66104 text=f8f770d151794139 role=child prefix_tokens=14282 suffix_tokens=21 model_ms=2411.1 context_ms=179.9 state_ms=15.35 prefix_ms=0.0 suffix_ms=297.1 first_token_ms=3718.4 generation_ms=62129.7 generated=64 generation_tps=1.030
AGENT index=15 mig=fafc828a exit=0 wall_ms=51779 text=0d9668c2f9cbc9fc role=child prefix_tokens=14282 suffix_tokens=26 model_ms=3048.5 context_ms=70.8 state_ms=7.27 prefix_ms=0.0 suffix_ms=535.8 first_token_ms=4827.1 generation_ms=46592.1 generated=64 generation_tps=1.374
AGENT index=16 mig=31ffbfe4 exit=0 wall_ms=77734 text=a6ffaf564cadb5d1 role=child prefix_tokens=14282 suffix_tokens=25 model_ms=3460.1 context_ms=36.8 state_ms=6.38 prefix_ms=0.0 suffix_ms=2184.7 first_token_ms=6973.1 generation_ms=70343.0 generated=64 generation_tps=0.910
AGENT index=17 mig=fafc828a exit=0 wall_ms=52707 text=6bd685fbc4b441ec role=child prefix_tokens=14282 suffix_tokens=22 model_ms=3437.3 context_ms=56.3 state_ms=6.43 prefix_ms=0.0 suffix_ms=1261.5 first_token_ms=5883.3 generation_ms=46398.7 generated=64 generation_tps=1.379
AGENT index=18 mig=31ffbfe4 exit=0 wall_ms=77394 text=ba15e410535ababc role=child prefix_tokens=14282 suffix_tokens=21 model_ms=3224.9 context_ms=58.6 state_ms=6.41 prefix_ms=0.0 suffix_ms=1868.6 first_token_ms=6444.3 generation_ms=70592.8 generated=64 generation_tps=0.907
AGENT index=19 mig=fafc828a exit=0 wall_ms=52954 text=4c7501e634d9bf23 role=child prefix_tokens=14282 suffix_tokens=18 model_ms=3382.3 context_ms=38.3 state_ms=9.60 prefix_ms=0.0 suffix_ms=1366.8 first_token_ms=6101.6 generation_ms=46329.6 generated=64 generation_tps=1.381
AGENT index=20 mig=31ffbfe4 exit=0 wall_ms=77719 text=b3893059e7e79532 role=child prefix_tokens=14282 suffix_tokens=21 model_ms=3301.9 context_ms=55.5 state_ms=7.31 prefix_ms=0.0 suffix_ms=2042.9 first_token_ms=6731.8 generation_ms=70560.7 generated=64 generation_tps=0.907
AGENT index=21 mig=fafc828a exit=0 wall_ms=52564 text=284eef78a2286715 role=child prefix_tokens=14282 suffix_tokens=26 model_ms=3129.8 context_ms=81.6 state_ms=11.90 prefix_ms=0.0 suffix_ms=1299.4 first_token_ms=5818.5 generation_ms=46423.8 generated=64 generation_tps=1.379
AGENT index=22 mig=31ffbfe4 exit=0 wall_ms=75955 text=ad3122b47bf9d41d role=child prefix_tokens=14282 suffix_tokens=27 model_ms=3047.3 context_ms=63.3 state_ms=8.83 prefix_ms=0.0 suffix_ms=524.4 first_token_ms=4765.6 generation_ms=70909.1 generated=64 generation_tps=0.903
AGENT index=23 mig=fafc828a exit=0 wall_ms=52890 text=fd9dec9936f784ff role=child prefix_tokens=14282 suffix_tokens=17 model_ms=3461.3 context_ms=30.7 state_ms=6.31 prefix_ms=0.0 suffix_ms=1424.1 first_token_ms=6236.7 generation_ms=46182.4 generated=64 generation_tps=1.386
AGENT index=24 mig=31ffbfe4 exit=0 wall_ms=77781 text=9834d2c93010cb40 role=child prefix_tokens=14282 suffix_tokens=22 model_ms=3489.7 context_ms=30.4 state_ms=6.30 prefix_ms=0.0 suffix_ms=2168.6 first_token_ms=6978.0 generation_ms=70331.8 generated=64 generation_tps=0.910
AGENT index=25 mig=fafc828a exit=0 wall_ms=52296 text=d4e1fcaa961685d1 role=child prefix_tokens=14282 suffix_tokens=23 model_ms=3043.7 context_ms=73.9 state_ms=15.10 prefix_ms=0.0 suffix_ms=1063.4 first_token_ms=5491.5 generation_ms=46504.9 generated=64 generation_tps=1.376
AGENT index=26 mig=31ffbfe4 exit=0 wall_ms=77398 text=9e35020256b4a71c role=child prefix_tokens=14282 suffix_tokens=19 model_ms=3456.2 context_ms=68.2 state_ms=6.85 prefix_ms=0.0 suffix_ms=2018.8 first_token_ms=6690.4 generation_ms=70415.6 generated=64 generation_tps=0.909
AGENT index=27 mig=fafc828a exit=0 wall_ms=52849 text=178df8f18d21f57e role=child prefix_tokens=14282 suffix_tokens=21 model_ms=3532.5 context_ms=33.9 state_ms=6.38 prefix_ms=0.0 suffix_ms=1372.4 first_token_ms=6124.0 generation_ms=46269.9 generated=64 generation_tps=1.383
AGENT index=28 mig=31ffbfe4 exit=0 wall_ms=77112 text=15c67d79a860da75 role=child prefix_tokens=14282 suffix_tokens=20 model_ms=3140.1 context_ms=79.2 state_ms=7.67 prefix_ms=0.0 suffix_ms=1575.8 first_token_ms=6038.3 generation_ms=70767.0 generated=64 generation_tps=0.904
AGENT index=29 mig=fafc828a exit=0 wall_ms=52793 text=a72f71cd80731afe role=child prefix_tokens=14282 suffix_tokens=22 model_ms=3483.4 context_ms=48.0 state_ms=6.93 prefix_ms=0.0 suffix_ms=1326.4 first_token_ms=5951.1 generation_ms=46370.8 generated=64 generation_tps=1.380
AGENT index=30 mig=31ffbfe4 exit=0 wall_ms=77050 text=317f6f38771a1e41 role=child prefix_tokens=14282 suffix_tokens=20 model_ms=3116.0 context_ms=76.1 state_ms=10.56 prefix_ms=0.0 suffix_ms=1658.3 first_token_ms=6156.2 generation_ms=70586.7 generated=64 generation_tps=0.907
AGENT index=31 mig=fafc828a exit=0 wall_ms=52418 text=d52293b0dc058085 role=child prefix_tokens=14282 suffix_tokens=22 model_ms=3097.1 context_ms=42.1 state_ms=6.35 prefix_ms=0.0 suffix_ms=982.4 first_token_ms=5381.0 generation_ms=46715.1 generated=64 generation_tps=1.370
MEMORY mem_available_drop_mib=22599 mem_available_before_mib=115593 mem_free_before_mib=46061 pss_anon_mib=7834 pss_file_mib=740 pss_shmem_mib=7103 device_mib=12384 samples=12
END_CASE failed_agents=0 wall_ms=78102
CASE mode=weights agents=1
AGENT index=0 mig=31ffbfe4 exit=0 wall_ms=4743 text=4605b6e04b2228eb role=child prefix_tokens=14282 suffix_tokens=27 model_ms=336.9 context_ms=40.4 state_ms=137.11 prefix_ms=0.0 suffix_ms=144.8 first_token_ms=695.9 generation_ms=3800.8 generated=64 generation_tps=16.839
MEMORY mem_available_drop_mib=1640 mem_available_before_mib=115663 mem_free_before_mib=46125 pss_anon_mib=229 pss_file_mib=97 pss_shmem_mib=4518 device_mib=1276 samples=1
END_CASE failed_agents=0 wall_ms=4778
CASE mode=weights agents=8
AGENT index=0 mig=31ffbfe4 exit=0 wall_ms=18097 text=4605b6e04b2228eb role=child prefix_tokens=14282 suffix_tokens=27 model_ms=568.9 context_ms=57.0 state_ms=207.50 prefix_ms=0.0 suffix_ms=163.1 first_token_ms=1259.4 generation_ms=16612.2 generated=64 generation_tps=3.853
AGENT index=1 mig=fafc828a exit=0 wall_ms=13571 text=a5af93194a2d1ced role=child prefix_tokens=14282 suffix_tokens=22 model_ms=888.1 context_ms=85.1 state_ms=224.96 prefix_ms=0.0 suffix_ms=318.3 first_token_ms=1831.1 generation_ms=11465.1 generated=64 generation_tps=5.582
AGENT index=2 mig=31ffbfe4 exit=0 wall_ms=19319 text=37e5f08e6279aa62 role=child prefix_tokens=14282 suffix_tokens=24 model_ms=909.8 context_ms=88.8 state_ms=340.79 prefix_ms=0.0 suffix_ms=509.2 first_token_ms=2133.2 generation_ms=16942.1 generated=64 generation_tps=3.778
AGENT index=3 mig=fafc828a exit=0 wall_ms=13692 text=5e1ac569aa8b0faf role=child prefix_tokens=14282 suffix_tokens=32 model_ms=904.8 context_ms=74.2 state_ms=223.90 prefix_ms=0.0 suffix_ms=365.0 first_token_ms=1873.0 generation_ms=11498.9 generated=64 generation_tps=5.566
AGENT index=4 mig=31ffbfe4 exit=0 wall_ms=19389 text=6e3d8f07cfceb082 role=child prefix_tokens=14282 suffix_tokens=23 model_ms=929.4 context_ms=93.1 state_ms=306.72 prefix_ms=0.0 suffix_ms=519.9 first_token_ms=2164.8 generation_ms=16923.6 generated=64 generation_tps=3.782
AGENT index=5 mig=fafc828a exit=0 wall_ms=13765 text=47179dd0dcd49eb0 role=child prefix_tokens=14282 suffix_tokens=26 model_ms=924.4 context_ms=83.1 state_ms=208.51 prefix_ms=0.0 suffix_ms=377.5 first_token_ms=1910.5 generation_ms=11498.5 generated=64 generation_tps=5.566
AGENT index=6 mig=31ffbfe4 exit=0 wall_ms=19337 text=f88f503d1005fa22 role=child prefix_tokens=14282 suffix_tokens=21 model_ms=869.5 context_ms=94.5 state_ms=334.83 prefix_ms=0.0 suffix_ms=519.2 first_token_ms=2136.3 generation_ms=16935.7 generated=64 generation_tps=3.779
AGENT index=7 mig=fafc828a exit=0 wall_ms=13733 text=f9c832b7cad1a509 role=child prefix_tokens=14282 suffix_tokens=31 model_ms=918.3 context_ms=70.8 state_ms=207.62 prefix_ms=0.0 suffix_ms=368.0 first_token_ms=1876.9 generation_ms=11504.9 generated=64 generation_tps=5.563
MEMORY mem_available_drop_mib=12881 mem_available_before_mib=115622 mem_free_before_mib=46084 pss_anon_mib=1826 pss_file_mib=245 pss_shmem_mib=4925 device_mib=10264 samples=3
END_CASE failed_agents=0 wall_ms=19472
CASE mode=none agents=1
AGENT index=0 mig=31ffbfe4 exit=0 wall_ms=5467 text=4605b6e04b2228eb role=child prefix_tokens=14282 suffix_tokens=27 model_ms=994.8 context_ms=37.6 state_ms=150.17 prefix_ms=0.0 suffix_ms=141.6 first_token_ms=1360.2 generation_ms=3703.8 generated=64 generation_tps=17.279
MEMORY mem_available_drop_mib=6125 mem_available_before_mib=115600 mem_free_before_mib=46062 pss_anon_mib=228 pss_file_mib=97 pss_shmem_mib=350 device_mib=5446 samples=1
END_CASE failed_agents=0 wall_ms=5503
CASE mode=none agents=8
AGENT index=0 mig=31ffbfe4 exit=0 wall_ms=16685 text=4605b6e04b2228eb role=child prefix_tokens=14282 suffix_tokens=27 model_ms=1312.3 context_ms=46.9 state_ms=302.05 prefix_ms=0.0 suffix_ms=215.0 first_token_ms=2115.3 generation_ms=14179.5 generated=64 generation_tps=4.514
AGENT index=1 mig=fafc828a exit=0 wall_ms=15472 text=a5af93194a2d1ced role=child prefix_tokens=14282 suffix_tokens=22 model_ms=2008.1 context_ms=44.9 state_ms=222.76 prefix_ms=0.0 suffix_ms=221.5 first_token_ms=2801.6 generation_ms=12053.3 generated=64 generation_tps=5.310
AGENT index=2 mig=31ffbfe4 exit=0 wall_ms=20238 text=37e5f08e6279aa62 role=child prefix_tokens=14282 suffix_tokens=24 model_ms=2938.8 context_ms=49.2 state_ms=319.13 prefix_ms=0.0 suffix_ms=383.1 first_token_ms=3996.9 generation_ms=15858.7 generated=64 generation_tps=4.036
AGENT index=3 mig=fafc828a exit=0 wall_ms=15642 text=5e1ac569aa8b0faf role=child prefix_tokens=14282 suffix_tokens=32 model_ms=2042.0 context_ms=58.4 state_ms=245.05 prefix_ms=0.0 suffix_ms=427.8 first_token_ms=3086.4 generation_ms=11958.7 generated=64 generation_tps=5.352
AGENT index=4 mig=31ffbfe4 exit=0 wall_ms=20718 text=6e3d8f07cfceb082 role=child prefix_tokens=14282 suffix_tokens=23 model_ms=3470.5 context_ms=54.2 state_ms=313.63 prefix_ms=0.0 suffix_ms=562.6 first_token_ms=4715.6 generation_ms=15524.2 generated=64 generation_tps=4.123
AGENT index=5 mig=fafc828a exit=0 wall_ms=15588 text=47179dd0dcd49eb0 role=child prefix_tokens=14282 suffix_tokens=26 model_ms=2058.0 context_ms=62.6 state_ms=243.22 prefix_ms=0.0 suffix_ms=415.6 first_token_ms=3074.6 generation_ms=11952.8 generated=64 generation_tps=5.354
AGENT index=6 mig=31ffbfe4 exit=0 wall_ms=20763 text=f88f503d1005fa22 role=child prefix_tokens=14282 suffix_tokens=21 model_ms=3388.4 context_ms=56.8 state_ms=318.29 prefix_ms=0.0 suffix_ms=541.2 first_token_ms=4618.4 generation_ms=15604.8 generated=64 generation_tps=4.101
AGENT index=7 mig=fafc828a exit=0 wall_ms=15488 text=f9c832b7cad1a509 role=child prefix_tokens=14282 suffix_tokens=31 model_ms=1970.3 context_ms=48.2 state_ms=230.46 prefix_ms=0.0 suffix_ms=226.5 first_token_ms=2781.5 generation_ms=12106.4 generated=64 generation_tps=5.286
MEMORY mem_available_drop_mib=49092 mem_available_before_mib=115596 mem_free_before_mib=46056 pss_anon_mib=1829 pss_file_mib=245 pss_shmem_mib=2804 device_mib=43624 samples=4
END_CASE failed_agents=0 wall_ms=20847
END_KVSTACK
BEGIN_KVSTACK run=3 context=16384 publisher_mig=fafc828a mem_free_mib=48801 kernel_reclaimable_mib=68137
PUBLISH store=stock prefix_tokens=14282 prefix_ms=16893.3 publish_ms=515.17 state_bytes=819216229
PUBLISH store=device prefix_tokens=14282 prefix_ms=16861.4 publish_ms=506.95 state_bytes=819216229
PUBLISH store=huge prefix_tokens=14282 prefix_ms=16927.1 publish_ms=8.24 state_bytes=229221 file_used_kib=802816
CASE mode=none agents=1
AGENT index=0 mig=fafc828a exit=0 wall_ms=4299 text=bb92e4befc7eddec role=child prefix_tokens=14282 suffix_tokens=27 model_ms=987.4 context_ms=36.0 state_ms=150.38 prefix_ms=0.0 suffix_ms=110.1 first_token_ms=1337.3 generation_ms=2571.7 generated=64 generation_tps=24.886
MEMORY mem_available_drop_mib=6165 mem_available_before_mib=115574 mem_free_before_mib=46068 pss_anon_mib=229 pss_file_mib=97 pss_shmem_mib=350 device_mib=5460 samples=1
END_CASE failed_agents=0 wall_ms=4335
CASE mode=none agents=8
AGENT index=0 mig=fafc828a exit=0 wall_ms=15676 text=bb92e4befc7eddec role=child prefix_tokens=14282 suffix_tokens=27 model_ms=2066.2 context_ms=50.2 state_ms=298.35 prefix_ms=0.0 suffix_ms=306.9 first_token_ms=3027.8 generation_ms=12037.6 generated=64 generation_tps=5.317
AGENT index=1 mig=31ffbfe4 exit=0 wall_ms=20161 text=a8d47b5298abb2fc role=child prefix_tokens=14282 suffix_tokens=22 model_ms=2139.1 context_ms=51.5 state_ms=234.17 prefix_ms=0.0 suffix_ms=177.8 first_token_ms=2909.8 generation_ms=16886.4 generated=64 generation_tps=3.790
AGENT index=2 mig=fafc828a exit=0 wall_ms=15675 text=abfd4eb3fb8ebdd8 role=child prefix_tokens=14282 suffix_tokens=24 model_ms=2063.6 context_ms=46.1 state_ms=308.15 prefix_ms=0.0 suffix_ms=272.0 first_token_ms=2990.4 generation_ms=11988.8 generated=64 generation_tps=5.338
AGENT index=3 mig=31ffbfe4 exit=0 wall_ms=20856 text=077e38d3762a4e5d role=child prefix_tokens=14282 suffix_tokens=32 model_ms=2309.0 context_ms=49.4 state_ms=251.46 prefix_ms=0.0 suffix_ms=372.3 first_token_ms=3292.5 generation_ms=17116.6 generated=64 generation_tps=3.739
AGENT index=4 mig=fafc828a exit=0 wall_ms=15773 text=16f8c0610a09645d role=child prefix_tokens=14282 suffix_tokens=23 model_ms=2265.2 context_ms=50.7 state_ms=297.31 prefix_ms=0.0 suffix_ms=380.9 first_token_ms=3304.3 generation_ms=11834.9 generated=64 generation_tps=5.408
AGENT index=5 mig=31ffbfe4 exit=0 wall_ms=21117 text=ff4188d71e02bfdb role=child prefix_tokens=14282 suffix_tokens=26 model_ms=2548.3 context_ms=54.1 state_ms=315.20 prefix_ms=0.0 suffix_ms=610.9 first_token_ms=3836.2 generation_ms=16801.3 generated=64 generation_tps=3.809
AGENT index=6 mig=fafc828a exit=0 wall_ms=15718 text=f88f503d1005fa22 role=child prefix_tokens=14282 suffix_tokens=21 model_ms=2155.3 context_ms=46.6 state_ms=224.94 prefix_ms=0.0 suffix_ms=286.9 first_token_ms=3030.9 generation_ms=11995.0 generated=64 generation_tps=5.336
AGENT index=7 mig=31ffbfe4 exit=0 wall_ms=21165 text=f9c832b7cad1a509 role=child prefix_tokens=14282 suffix_tokens=31 model_ms=2541.9 context_ms=58.6 state_ms=315.70 prefix_ms=0.0 suffix_ms=612.6 first_token_ms=3841.1 generation_ms=16816.5 generated=64 generation_tps=3.806
MEMORY mem_available_drop_mib=48703 mem_available_before_mib=115251 mem_free_before_mib=45737 pss_anon_mib=1830 pss_file_mib=245 pss_shmem_mib=2804 device_mib=43624 samples=4
END_CASE failed_agents=0 wall_ms=21250
CASE mode=weights agents=1
AGENT index=0 mig=fafc828a exit=0 wall_ms=3427 text=bb92e4befc7eddec role=child prefix_tokens=14282 suffix_tokens=27 model_ms=342.1 context_ms=38.5 state_ms=143.09 prefix_ms=0.0 suffix_ms=111.4 first_token_ms=689.7 generation_ms=2494.3 generated=64 generation_tps=25.659
MEMORY mem_available_drop_mib=1625 mem_available_before_mib=115554 mem_free_before_mib=46039 pss_anon_mib=229 pss_file_mib=97 pss_shmem_mib=4518 device_mib=1290 samples=1
END_CASE failed_agents=0 wall_ms=3461
CASE mode=weights agents=8
AGENT index=0 mig=fafc828a exit=0 wall_ms=13664 text=bb92e4befc7eddec role=child prefix_tokens=14282 suffix_tokens=27 model_ms=883.3 context_ms=47.3 state_ms=280.90 prefix_ms=0.0 suffix_ms=347.5 first_token_ms=1857.1 generation_ms=11508.5 generated=64 generation_tps=5.561
AGENT index=1 mig=31ffbfe4 exit=0 wall_ms=19710 text=a8d47b5298abb2fc role=child prefix_tokens=14282 suffix_tokens=22 model_ms=974.5 context_ms=80.8 state_ms=216.11 prefix_ms=0.0 suffix_ms=518.9 first_token_ms=2091.8 generation_ms=17272.7 generated=64 generation_tps=3.705
AGENT index=2 mig=fafc828a exit=0 wall_ms=13662 text=abfd4eb3fb8ebdd8 role=child prefix_tokens=14282 suffix_tokens=24 model_ms=901.0 context_ms=79.6 state_ms=224.13 prefix_ms=0.0 suffix_ms=311.6 first_token_ms=1822.1 generation_ms=11519.8 generated=64 generation_tps=5.556
AGENT index=3 mig=31ffbfe4 exit=0 wall_ms=19437 text=077e38d3762a4e5d role=child prefix_tokens=14282 suffix_tokens=32 model_ms=898.4 context_ms=68.7 state_ms=236.36 prefix_ms=0.0 suffix_ms=383.4 first_token_ms=1888.7 generation_ms=17289.2 generated=64 generation_tps=3.702
AGENT index=4 mig=fafc828a exit=0 wall_ms=13682 text=16f8c0610a09645d role=child prefix_tokens=14282 suffix_tokens=23 model_ms=932.9 context_ms=57.9 state_ms=216.78 prefix_ms=0.0 suffix_ms=340.7 first_token_ms=1856.4 generation_ms=11492.4 generated=64 generation_tps=5.569
AGENT index=5 mig=31ffbfe4 exit=0 wall_ms=19654 text=ff4188d71e02bfdb role=child prefix_tokens=14282 suffix_tokens=26 model_ms=965.9 context_ms=67.0 state_ms=220.40 prefix_ms=0.0 suffix_ms=551.0 first_token_ms=2102.9 generation_ms=17268.7 generated=64 generation_tps=3.706
AGENT index=6 mig=fafc828a exit=0 wall_ms=13576 text=f88f503d1005fa22 role=child prefix_tokens=14282 suffix_tokens=21 model_ms=904.4 context_ms=85.9 state_ms=216.28 prefix_ms=0.0 suffix_ms=309.7 first_token_ms=1823.4 generation_ms=11469.3 generated=64 generation_tps=5.580
AGENT index=7 mig=31ffbfe4 exit=0 wall_ms=19700 text=f9c832b7cad1a509 role=child prefix_tokens=14282 suffix_tokens=31 model_ms=887.1 context_ms=96.2 state_ms=238.35 prefix_ms=0.0 suffix_ms=536.6 first_token_ms=2070.8 generation_ms=17295.7 generated=64 generation_tps=3.700
MEMORY mem_available_drop_mib=12788 mem_available_before_mib=115519 mem_free_before_mib=46003 pss_anon_mib=1830 pss_file_mib=245 pss_shmem_mib=4925 device_mib=10264 samples=3
END_CASE failed_agents=0 wall_ms=19788
CASE mode=both agents=1
AGENT index=0 mig=fafc828a exit=0 wall_ms=3324 text=bb92e4befc7eddec role=child prefix_tokens=14282 suffix_tokens=27 model_ms=340.4 context_ms=28.0 state_ms=6.43 prefix_ms=0.0 suffix_ms=118.4 first_token_ms=549.3 generation_ms=2526.2 generated=64 generation_tps=25.335
MEMORY mem_available_drop_mib=741 mem_available_before_mib=115611 mem_free_before_mib=46094 pss_anon_mib=246 pss_file_mib=97 pss_shmem_mib=5299 device_mib=394 samples=1
END_CASE failed_agents=0 wall_ms=3359
CASE mode=both agents=8
AGENT index=0 mig=fafc828a exit=0 wall_ms=13144 text=bb92e4befc7eddec role=child prefix_tokens=14282 suffix_tokens=27 model_ms=870.1 context_ms=26.5 state_ms=6.14 prefix_ms=0.0 suffix_ms=167.6 first_token_ms=1372.1 generation_ms=11495.3 generated=64 generation_tps=5.567
AGENT index=1 mig=31ffbfe4 exit=0 wall_ms=19861 text=a8d47b5298abb2fc role=child prefix_tokens=14282 suffix_tokens=22 model_ms=929.0 context_ms=31.2 state_ms=7.27 prefix_ms=0.0 suffix_ms=507.6 first_token_ms=1779.5 generation_ms=17799.3 generated=64 generation_tps=3.596
AGENT index=2 mig=fafc828a exit=0 wall_ms=13317 text=abfd4eb3fb8ebdd8 role=child prefix_tokens=14282 suffix_tokens=24 model_ms=964.6 context_ms=35.1 state_ms=6.32 prefix_ms=0.0 suffix_ms=338.0 first_token_ms=1652.0 generation_ms=11370.4 generated=64 generation_tps=5.629
AGENT index=3 mig=31ffbfe4 exit=0 wall_ms=19882 text=077e38d3762a4e5d role=child prefix_tokens=14282 suffix_tokens=32 model_ms=927.9 context_ms=34.9 state_ms=6.29 prefix_ms=0.0 suffix_ms=525.8 first_token_ms=1808.7 generation_ms=17796.2 generated=64 generation_tps=3.596
AGENT index=4 mig=fafc828a exit=0 wall_ms=13213 text=16f8c0610a09645d role=child prefix_tokens=14282 suffix_tokens=23 model_ms=872.6 context_ms=27.0 state_ms=6.17 prefix_ms=0.0 suffix_ms=201.0 first_token_ms=1426.0 generation_ms=11488.5 generated=64 generation_tps=5.571
AGENT index=5 mig=31ffbfe4 exit=0 wall_ms=19906 text=ff4188d71e02bfdb role=child prefix_tokens=14282 suffix_tokens=26 model_ms=941.1 context_ms=33.9 state_ms=6.18 prefix_ms=0.0 suffix_ms=551.1 first_token_ms=1848.2 generation_ms=17762.0 generated=64 generation_tps=3.603
AGENT index=6 mig=fafc828a exit=0 wall_ms=13335 text=f88f503d1005fa22 role=child prefix_tokens=14282 suffix_tokens=21 model_ms=958.5 context_ms=39.4 state_ms=6.24 prefix_ms=0.0 suffix_ms=324.9 first_token_ms=1638.2 generation_ms=11412.8 generated=64 generation_tps=5.608
AGENT index=7 mig=31ffbfe4 exit=0 wall_ms=19750 text=f9c832b7cad1a509 role=child prefix_tokens=14282 suffix_tokens=31 model_ms=919.6 context_ms=35.9 state_ms=6.34 prefix_ms=0.0 suffix_ms=493.6 first_token_ms=1751.5 generation_ms=17756.5 generated=64 generation_tps=3.604
MEMORY mem_available_drop_mib=5722 mem_available_before_mib=115567 mem_free_before_mib=46049 pss_anon_mib=1954 pss_file_mib=245 pss_shmem_mib=5706 device_mib=3096 samples=3
END_CASE failed_agents=0 wall_ms=19988
CASE mode=both agents=32
AGENT index=0 mig=fafc828a exit=0 wall_ms=42282 text=bb92e4befc7eddec role=child prefix_tokens=14282 suffix_tokens=27 model_ms=2113.0 context_ms=189.7 state_ms=15.44 prefix_ms=0.0 suffix_ms=332.0 first_token_ms=3815.9 generation_ms=38201.8 generated=64 generation_tps=1.675
AGENT index=1 mig=31ffbfe4 exit=0 wall_ms=68031 text=a8d47b5298abb2fc role=child prefix_tokens=14282 suffix_tokens=22 model_ms=2292.3 context_ms=213.2 state_ms=15.45 prefix_ms=0.0 suffix_ms=355.3 first_token_ms=3661.5 generation_ms=64114.4 generated=64 generation_tps=0.998
AGENT index=2 mig=fafc828a exit=0 wall_ms=50687 text=abfd4eb3fb8ebdd8 role=child prefix_tokens=14282 suffix_tokens=24 model_ms=2858.6 context_ms=145.8 state_ms=22.41 prefix_ms=0.0 suffix_ms=388.2 first_token_ms=4615.9 generation_ms=45794.1 generated=64 generation_tps=1.398
AGENT index=3 mig=31ffbfe4 exit=0 wall_ms=77574 text=077e38d3762a4e5d role=child prefix_tokens=14282 suffix_tokens=32 model_ms=3441.6 context_ms=44.2 state_ms=6.72 prefix_ms=0.0 suffix_ms=2179.5 first_token_ms=6961.4 generation_ms=70272.1 generated=64 generation_tps=0.911
AGENT index=4 mig=fafc828a exit=0 wall_ms=51456 text=16f8c0610a09645d role=child prefix_tokens=14282 suffix_tokens=23 model_ms=3144.2 context_ms=76.0 state_ms=10.33 prefix_ms=0.0 suffix_ms=549.5 first_token_ms=4913.1 generation_ms=46285.0 generated=64 generation_tps=1.383
AGENT index=5 mig=31ffbfe4 exit=0 wall_ms=76532 text=ff4188d71e02bfdb role=child prefix_tokens=14282 suffix_tokens=26 model_ms=3057.1 context_ms=75.9 state_ms=14.31 prefix_ms=0.0 suffix_ms=1079.1 first_token_ms=5389.9 generation_ms=70903.5 generated=64 generation_tps=0.903
AGENT index=6 mig=fafc828a exit=0 wall_ms=51912 text=f88f503d1005fa22 role=child prefix_tokens=14282 suffix_tokens=21 model_ms=3322.3 context_ms=65.4 state_ms=11.39 prefix_ms=0.0 suffix_ms=1061.4 first_token_ms=5624.0 generation_ms=45890.7 generated=64 generation_tps=1.395
AGENT index=7 mig=31ffbfe4 exit=0 wall_ms=77391 text=f9c832b7cad1a509 role=child prefix_tokens=14282 suffix_tokens=31 model_ms=3290.5 context_ms=65.2 state_ms=10.43 prefix_ms=0.0 suffix_ms=1931.1 first_token_ms=6493.3 generation_ms=70623.0 generated=64 generation_tps=0.906
AGENT index=8 mig=fafc828a exit=0 wall_ms=51779 text=ae3f57b141780268 role=child prefix_tokens=14282 suffix_tokens=18 model_ms=3055.8 context_ms=78.2 state_ms=11.49 prefix_ms=0.0 suffix_ms=831.8 first_token_ms=5268.1 generation_ms=46141.3 generated=64 generation_tps=1.387
AGENT index=9 mig=31ffbfe4 exit=0 wall_ms=77140 text=a2d016def74ecc62 role=child prefix_tokens=14282 suffix_tokens=18 model_ms=3269.4 context_ms=78.5 state_ms=7.53 prefix_ms=0.0 suffix_ms=1729.1 first_token_ms=6250.8 generation_ms=70621.6 generated=64 generation_tps=0.906
AGENT index=10 mig=fafc828a exit=0 wall_ms=52060 text=a733f3a39259263c role=child prefix_tokens=14282 suffix_tokens=18 model_ms=3361.2 context_ms=40.8 state_ms=6.19 prefix_ms=0.0 suffix_ms=1263.3 first_token_ms=5909.5 generation_ms=45776.6 generated=64 generation_tps=1.398
AGENT index=11 mig=31ffbfe4 exit=0 wall_ms=74337 text=087278665f3dec68 role=child prefix_tokens=14282 suffix_tokens=22 model_ms=2339.4 context_ms=115.3 state_ms=24.43 prefix_ms=0.0 suffix_ms=502.6 first_token_ms=4290.5 generation_ms=69812.0 generated=64 generation_tps=0.917
AGENT index=12 mig=fafc828a exit=0 wall_ms=52232 text=2c93819fe85df763 role=child prefix_tokens=14282 suffix_tokens=21 model_ms=3593.6 context_ms=32.4 state_ms=7.56 prefix_ms=0.0 suffix_ms=1384.3 first_token_ms=6180.8 generation_ms=45617.6 generated=64 generation_tps=1.403
AGENT index=13 mig=31ffbfe4 exit=0 wall_ms=77083 text=5d483815f91685a6 role=child prefix_tokens=14282 suffix_tokens=31 model_ms=3017.5 context_ms=62.9 state_ms=7.26 prefix_ms=0.0 suffix_ms=1645.4 first_token_ms=6056.6 generation_ms=70733.5 generated=64 generation_tps=0.905
AGENT index=14 mig=fafc828a exit=0 wall_ms=51770 text=3f33f20708943e2f role=child prefix_tokens=14282 suffix_tokens=21 model_ms=3194.9 context_ms=36.0 state_ms=8.77 prefix_ms=0.0 suffix_ms=959.1 first_token_ms=5402.4 generation_ms=46034.8 generated=64 generation_tps=1.390
AGENT index=15 mig=31ffbfe4 exit=0 wall_ms=77523 text=0502c45076359254 role=child prefix_tokens=14282 suffix_tokens=26 model_ms=3327.3 context_ms=37.0 state_ms=6.18 prefix_ms=0.0 suffix_ms=2109.4 first_token_ms=6811.0 generation_ms=70423.1 generated=64 generation_tps=0.909
AGENT index=16 mig=fafc828a exit=0 wall_ms=51683 text=0ebc8757605c5571 role=child prefix_tokens=14282 suffix_tokens=25 model_ms=3233.2 context_ms=55.2 state_ms=6.35 prefix_ms=0.0 suffix_ms=1042.8 first_token_ms=5462.5 generation_ms=45885.8 generated=64 generation_tps=1.395
AGENT index=17 mig=31ffbfe4 exit=0 wall_ms=77587 text=5d7dbcf0a7eca76c role=child prefix_tokens=14282 suffix_tokens=22 model_ms=3623.8 context_ms=35.8 state_ms=6.34 prefix_ms=0.0 suffix_ms=2165.0 first_token_ms=7032.1 generation_ms=70205.7 generated=64 generation_tps=0.912
AGENT index=18 mig=fafc828a exit=0 wall_ms=52126 text=cb99e4b1c2fd84d5 role=child prefix_tokens=14282 suffix_tokens=21 model_ms=3422.7 context_ms=44.6 state_ms=7.76 prefix_ms=0.0 suffix_ms=1290.0 first_token_ms=5941.1 generation_ms=45822.9 generated=64 generation_tps=1.397
AGENT index=19 mig=31ffbfe4 exit=0 wall_ms=77320 text=4c7501e634d9bf23 role=child prefix_tokens=14282 suffix_tokens=18 model_ms=3159.9 context_ms=72.2 state_ms=14.33 prefix_ms=0.0 suffix_ms=1837.5 first_token_ms=6378.8 generation_ms=70595.8 generated=64 generation_tps=0.907
AGENT index=20 mig=fafc828a exit=0 wall_ms=51131 text=b3893059e7e79532 role=child prefix_tokens=14282 suffix_tokens=21 model_ms=2835.3 context_ms=80.3 state_ms=15.20 prefix_ms=0.0 suffix_ms=427.0 first_token_ms=4667.2 generation_ms=46174.8 generated=64 generation_tps=1.386
AGENT index=21 mig=31ffbfe4 exit=0 wall_ms=77743 text=284eef78a2286715 role=child prefix_tokens=14282 suffix_tokens=26 model_ms=3387.4 context_ms=28.0 state_ms=6.41 prefix_ms=0.0 suffix_ms=2236.8 first_token_ms=7021.2 generation_ms=70273.8 generated=64 generation_tps=0.911
AGENT index=22 mig=fafc828a exit=0 wall_ms=52288 text=ad3122b47bf9d41d role=child prefix_tokens=14282 suffix_tokens=27 model_ms=3333.6 context_ms=50.7 state_ms=6.52 prefix_ms=0.0 suffix_ms=1484.5 first_token_ms=6189.0 generation_ms=45624.7 generated=64 generation_tps=1.403
AGENT index=23 mig=31ffbfe4 exit=0 wall_ms=77013 text=f79224e341ba5115 role=child prefix_tokens=14282 suffix_tokens=17 model_ms=3103.4 context_ms=75.7 state_ms=14.49 prefix_ms=0.0 suffix_ms=1633.0 first_token_ms=6076.6 generation_ms=70668.2 generated=64 generation_tps=0.906
AGENT index=24 mig=fafc828a exit=0 wall_ms=52362 text=9834d2c93010cb40 role=child prefix_tokens=14282 suffix_tokens=22 model_ms=3262.1 context_ms=39.6 state_ms=7.26 prefix_ms=0.0 suffix_ms=1320.5 first_token_ms=5985.2 generation_ms=45838.1 generated=64 generation_tps=1.396
AGENT index=25 mig=31ffbfe4 exit=0 wall_ms=76272 text=da4c2dca73ac54e0 role=child prefix_tokens=14282 suffix_tokens=23 model_ms=2880.2 context_ms=107.7 state_ms=23.02 prefix_ms=0.0 suffix_ms=797.8 first_token_ms=4945.2 generation_ms=71072.6 generated=64 generation_tps=0.900
AGENT index=26 mig=fafc828a exit=0 wall_ms=52049 text=07ec2de36a00f7a1 role=child prefix_tokens=14282 suffix_tokens=19 model_ms=3598.0 context_ms=33.9 state_ms=6.45 prefix_ms=0.0 suffix_ms=1340.7 first_token_ms=6047.6 generation_ms=45661.8 generated=64 generation_tps=1.402
AGENT index=27 mig=31ffbfe4 exit=0 wall_ms=77670 text=e1e29071a16e2061 role=child prefix_tokens=14282 suffix_tokens=21 model_ms=3400.7 context_ms=31.8 state_ms=6.61 prefix_ms=0.0 suffix_ms=2161.8 first_token_ms=6984.0 generation_ms=70268.1 generated=64 generation_tps=0.911
AGENT index=28 mig=fafc828a exit=0 wall_ms=52298 text=1c65ed1020843e8d role=child prefix_tokens=14282 suffix_tokens=20 model_ms=3480.9 context_ms=47.0 state_ms=7.28 prefix_ms=0.0 suffix_ms=1339.9 first_token_ms=6065.0 generation_ms=45735.2 generated=64 generation_tps=1.399
AGENT index=29 mig=31ffbfe4 exit=0 wall_ms=77365 text=a72f71cd80731afe role=child prefix_tokens=14282 suffix_tokens=22 model_ms=3520.7 context_ms=37.5 state_ms=6.49 prefix_ms=0.0 suffix_ms=2128.1 first_token_ms=6848.5 generation_ms=70211.6 generated=64 generation_tps=0.912
AGENT index=30 mig=fafc828a exit=0 wall_ms=52266 text=317f6f38771a1e41 role=child prefix_tokens=14282 suffix_tokens=20 model_ms=3269.9 context_ms=35.2 state_ms=6.49 prefix_ms=0.0 suffix_ms=1298.2 first_token_ms=5934.5 generation_ms=45859.2 generated=64 generation_tps=1.396
AGENT index=31 mig=31ffbfe4 exit=0 wall_ms=77656 text=1b4036771dcdadef role=child prefix_tokens=14282 suffix_tokens=22 model_ms=3480.8 context_ms=34.9 state_ms=6.46 prefix_ms=0.0 suffix_ms=2173.8 first_token_ms=6988.9 generation_ms=70263.4 generated=64 generation_tps=0.911
MEMORY mem_available_drop_mib=22508 mem_available_before_mib=115586 mem_free_before_mib=46068 pss_anon_mib=7709 pss_file_mib=740 pss_shmem_mib=7103 device_mib=12384 samples=10
END_CASE failed_agents=0 wall_ms=78009
END_KVSTACK
BEGIN_KVSTACK run=4 context=16384 publisher_mig=31ffbfe4 mem_free_mib=48851 kernel_reclaimable_mib=68137
PUBLISH store=stock prefix_tokens=14282 prefix_ms=24851.9 publish_ms=511.41 state_bytes=819216229
PUBLISH store=device prefix_tokens=14282 prefix_ms=24862.0 publish_ms=506.48 state_bytes=819216229
PUBLISH store=huge prefix_tokens=14282 prefix_ms=24906.5 publish_ms=8.01 state_bytes=229221 file_used_kib=802816
CASE mode=both agents=1
AGENT index=0 mig=31ffbfe4 exit=0 wall_ms=4811 text=4605b6e04b2228eb role=child prefix_tokens=14282 suffix_tokens=27 model_ms=340.4 context_ms=28.3 state_ms=6.22 prefix_ms=0.0 suffix_ms=146.0 first_token_ms=557.6 generation_ms=4010.6 generated=64 generation_tps=15.958
MEMORY mem_available_drop_mib=689 mem_available_before_mib=115563 mem_free_before_mib=46039 pss_anon_mib=246 pss_file_mib=97 pss_shmem_mib=5299 device_mib=380 samples=1
END_CASE failed_agents=0 wall_ms=4849
CASE mode=both agents=8
AGENT index=0 mig=31ffbfe4 exit=0 wall_ms=19737 text=4605b6e04b2228eb role=child prefix_tokens=14282 suffix_tokens=27 model_ms=882.0 context_ms=28.4 state_ms=6.03 prefix_ms=0.0 suffix_ms=471.2 first_token_ms=1697.0 generation_ms=17777.8 generated=64 generation_tps=3.600
AGENT index=1 mig=fafc828a exit=0 wall_ms=13073 text=a5af93194a2d1ced role=child prefix_tokens=14282 suffix_tokens=22 model_ms=869.0 context_ms=27.3 state_ms=6.31 prefix_ms=0.0 suffix_ms=134.1 first_token_ms=1336.0 generation_ms=11488.4 generated=64 generation_tps=5.571
AGENT index=2 mig=31ffbfe4 exit=0 wall_ms=19854 text=37e5f08e6279aa62 role=child prefix_tokens=14282 suffix_tokens=24 model_ms=898.5 context_ms=42.7 state_ms=6.33 prefix_ms=0.0 suffix_ms=545.8 first_token_ms=1805.5 generation_ms=17757.5 generated=64 generation_tps=3.604
AGENT index=3 mig=fafc828a exit=0 wall_ms=13341 text=5e1ac569aa8b0faf role=child prefix_tokens=14282 suffix_tokens=32 model_ms=900.8 context_ms=37.1 state_ms=6.25 prefix_ms=0.0 suffix_ms=395.2 first_token_ms=1648.1 generation_ms=11429.3 generated=64 generation_tps=5.600
AGENT index=4 mig=31ffbfe4 exit=0 wall_ms=19877 text=6e3d8f07cfceb082 role=child prefix_tokens=14282 suffix_tokens=23 model_ms=891.5 context_ms=37.3 state_ms=6.41 prefix_ms=0.0 suffix_ms=544.0 first_token_ms=1784.0 generation_ms=17755.1 generated=64 generation_tps=3.605
AGENT index=5 mig=fafc828a exit=0 wall_ms=13387 text=47179dd0dcd49eb0 role=child prefix_tokens=14282 suffix_tokens=26 model_ms=899.6 context_ms=36.3 state_ms=6.37 prefix_ms=0.0 suffix_ms=394.9 first_token_ms=1645.3 generation_ms=11448.5 generated=64 generation_tps=5.590
AGENT index=6 mig=31ffbfe4 exit=0 wall_ms=19672 text=f88f503d1005fa22 role=child prefix_tokens=14282 suffix_tokens=21 model_ms=873.2 context_ms=29.0 state_ms=6.23 prefix_ms=0.0 suffix_ms=438.9 first_token_ms=1627.8 generation_ms=17789.6 generated=64 generation_tps=3.598
AGENT index=7 mig=fafc828a exit=0 wall_ms=13406 text=f9c832b7cad1a509 role=child prefix_tokens=14282 suffix_tokens=31 model_ms=888.2 context_ms=37.5 state_ms=6.31 prefix_ms=0.0 suffix_ms=380.2 first_token_ms=1616.9 generation_ms=11469.6 generated=64 generation_tps=5.580
MEMORY mem_available_drop_mib=5656 mem_available_before_mib=115541 mem_free_before_mib=46010 pss_anon_mib=1937 pss_file_mib=245 pss_shmem_mib=5706 device_mib=3096 samples=3
END_CASE failed_agents=0 wall_ms=19957
CASE mode=both agents=32
AGENT index=0 mig=31ffbfe4 exit=0 wall_ms=75396 text=4605b6e04b2228eb role=child prefix_tokens=14282 suffix_tokens=27 model_ms=2810.2 context_ms=109.5 state_ms=14.74 prefix_ms=0.0 suffix_ms=587.3 first_token_ms=4516.3 generation_ms=70603.6 generated=64 generation_tps=0.906
AGENT index=1 mig=fafc828a exit=0 wall_ms=52479 text=a5af93194a2d1ced role=child prefix_tokens=14282 suffix_tokens=22 model_ms=3349.5 context_ms=47.8 state_ms=6.25 prefix_ms=0.0 suffix_ms=1140.7 first_token_ms=5744.4 generation_ms=46403.1 generated=64 generation_tps=1.379
AGENT index=2 mig=31ffbfe4 exit=0 wall_ms=77280 text=37e5f08e6279aa62 role=child prefix_tokens=14282 suffix_tokens=24 model_ms=3258.7 context_ms=59.1 state_ms=10.98 prefix_ms=0.0 suffix_ms=1794.3 first_token_ms=6281.1 generation_ms=70622.9 generated=64 generation_tps=0.906
AGENT index=3 mig=fafc828a exit=0 wall_ms=52350 text=5e1ac569aa8b0faf role=child prefix_tokens=14282 suffix_tokens=32 model_ms=3189.7 context_ms=64.9 state_ms=18.32 prefix_ms=0.0 suffix_ms=901.8 first_token_ms=5334.5 generation_ms=46694.8 generated=64 generation_tps=1.371
AGENT index=4 mig=31ffbfe4 exit=0 wall_ms=77409 text=6e3d8f07cfceb082 role=child prefix_tokens=14282 suffix_tokens=23 model_ms=3532.0 context_ms=30.3 state_ms=6.39 prefix_ms=0.0 suffix_ms=2162.9 first_token_ms=6913.7 generation_ms=70108.1 generated=64 generation_tps=0.913
AGENT index=5 mig=fafc828a exit=0 wall_ms=51081 text=47179dd0dcd49eb0 role=child prefix_tokens=14282 suffix_tokens=26 model_ms=2858.3 context_ms=143.8 state_ms=20.47 prefix_ms=0.0 suffix_ms=332.2 first_token_ms=4539.3 generation_ms=46291.1 generated=64 generation_tps=1.383
AGENT index=6 mig=31ffbfe4 exit=0 wall_ms=64609 text=f88f503d1005fa22 role=child prefix_tokens=14282 suffix_tokens=21 model_ms=1878.9 context_ms=377.6 state_ms=15.42 prefix_ms=0.0 suffix_ms=476.4 first_token_ms=3522.9 generation_ms=60814.7 generated=64 generation_tps=1.052
AGENT index=7 mig=fafc828a exit=0 wall_ms=52829 text=f9c832b7cad1a509 role=child prefix_tokens=14282 suffix_tokens=31 model_ms=3511.8 context_ms=40.8 state_ms=7.29 prefix_ms=0.0 suffix_ms=1443.8 first_token_ms=6145.9 generation_ms=46185.0 generated=64 generation_tps=1.386
AGENT index=8 mig=31ffbfe4 exit=0 wall_ms=77219 text=a3c806a5411bc6e6 role=child prefix_tokens=14282 suffix_tokens=18 model_ms=3090.0 context_ms=35.2 state_ms=10.22 prefix_ms=0.0 suffix_ms=1782.8 first_token_ms=6239.4 generation_ms=70613.8 generated=64 generation_tps=0.906
AGENT index=9 mig=fafc828a exit=0 wall_ms=52773 text=a2d016def74ecc62 role=child prefix_tokens=14282 suffix_tokens=18 model_ms=3469.8 context_ms=31.0 state_ms=6.35 prefix_ms=0.0 suffix_ms=1404.9 first_token_ms=6240.1 generation_ms=46125.0 generated=64 generation_tps=1.388
AGENT index=10 mig=31ffbfe4 exit=0 wall_ms=77575 text=a733f3a39259263c role=child prefix_tokens=14282 suffix_tokens=18 model_ms=3310.1 context_ms=35.0 state_ms=6.32 prefix_ms=0.0 suffix_ms=2111.4 first_token_ms=6787.1 generation_ms=70315.8 generated=64 generation_tps=0.910
AGENT index=11 mig=fafc828a exit=0 wall_ms=52695 text=ad0d6edf343e5e28 role=child prefix_tokens=14282 suffix_tokens=22 model_ms=3454.5 context_ms=42.2 state_ms=6.80 prefix_ms=0.0 suffix_ms=1272.9 first_token_ms=5929.0 generation_ms=46355.4 generated=64 generation_tps=1.381
AGENT index=12 mig=31ffbfe4 exit=0 wall_ms=76277 text=2c93819fe85df763 role=child prefix_tokens=14282 suffix_tokens=21 model_ms=2934.4 context_ms=119.3 state_ms=22.44 prefix_ms=0.0 suffix_ms=946.3 first_token_ms=5127.4 generation_ms=70854.2 generated=64 generation_tps=0.903
AGENT index=13 mig=fafc828a exit=0 wall_ms=52640 text=5d483815f91685a6 role=child prefix_tokens=14282 suffix_tokens=31 model_ms=3398.8 context_ms=61.2 state_ms=6.46 prefix_ms=0.0 suffix_ms=1435.8 first_token_ms=6108.7 generation_ms=46080.9 generated=64 generation_tps=1.389
AGENT index=14 mig=31ffbfe4 exit=0 wall_ms=77696 text=f8f770d151794139 role=child prefix_tokens=14282 suffix_tokens=21 model_ms=3425.8 context_ms=35.5 state_ms=6.44 prefix_ms=0.0 suffix_ms=2137.2 first_token_ms=6901.1 generation_ms=70237.6 generated=64 generation_tps=0.911
AGENT index=15 mig=fafc828a exit=0 wall_ms=52199 text=0d9668c2f9cbc9fc role=child prefix_tokens=14282 suffix_tokens=26 model_ms=3038.8 context_ms=79.1 state_ms=14.34 prefix_ms=0.0 suffix_ms=836.7 first_token_ms=5255.3 generation_ms=46656.1 generated=64 generation_tps=1.372
AGENT index=16 mig=31ffbfe4 exit=0 wall_ms=76731 text=a6ffaf564cadb5d1 role=child prefix_tokens=14282 suffix_tokens=25 model_ms=3039.7 context_ms=48.1 state_ms=6.16 prefix_ms=0.0 suffix_ms=1462.0 first_token_ms=5745.8 generation_ms=70661.6 generated=64 generation_tps=0.906
AGENT index=17 mig=fafc828a exit=0 wall_ms=50709 text=6bd685fbc4b441ec role=child prefix_tokens=14282 suffix_tokens=22 model_ms=2891.3 context_ms=97.1 state_ms=9.93 prefix_ms=0.0 suffix_ms=315.4 first_token_ms=4446.5 generation_ms=45929.2 generated=64 generation_tps=1.393
AGENT index=18 mig=31ffbfe4 exit=0 wall_ms=77628 text=ba15e410535ababc role=child prefix_tokens=14282 suffix_tokens=21 model_ms=3343.0 context_ms=29.9 state_ms=6.33 prefix_ms=0.0 suffix_ms=2135.0 first_token_ms=6836.2 generation_ms=70290.6 generated=64 generation_tps=0.911
AGENT index=19 mig=fafc828a exit=0 wall_ms=50477 text=4c7501e634d9bf23 role=child prefix_tokens=14282 suffix_tokens=18 model_ms=2894.4 context_ms=97.6 state_ms=14.50 prefix_ms=0.0 suffix_ms=274.7 first_token_ms=4408.7 generation_ms=45776.4 generated=64 generation_tps=1.398
AGENT index=20 mig=31ffbfe4 exit=0 wall_ms=77620 text=b3893059e7e79532 role=child prefix_tokens=14282 suffix_tokens=21 model_ms=3318.6 context_ms=60.7 state_ms=6.92 prefix_ms=0.0 suffix_ms=2112.7 first_token_ms=6780.8 generation_ms=70299.2 generated=64 generation_tps=0.910
AGENT index=21 mig=fafc828a exit=0 wall_ms=52861 text=284eef78a2286715 role=child prefix_tokens=14282 suffix_tokens=26 model_ms=3439.2 context_ms=27.8 state_ms=6.19 prefix_ms=0.0 suffix_ms=1577.8 first_token_ms=6380.9 generation_ms=45992.2 generated=64 generation_tps=1.392
AGENT index=22 mig=31ffbfe4 exit=0 wall_ms=77309 text=ad3122b47bf9d41d role=child prefix_tokens=14282 suffix_tokens=27 model_ms=3267.1 context_ms=66.9 state_ms=15.61 prefix_ms=0.0 suffix_ms=2030.7 first_token_ms=6567.5 generation_ms=70362.2 generated=64 generation_tps=0.910
AGENT index=23 mig=fafc828a exit=0 wall_ms=52472 text=fd9dec9936f784ff role=child prefix_tokens=14282 suffix_tokens=17 model_ms=3309.0 context_ms=56.3 state_ms=7.71 prefix_ms=0.0 suffix_ms=1203.6 first_token_ms=5776.1 generation_ms=46318.9 generated=64 generation_tps=1.382
AGENT index=24 mig=31ffbfe4 exit=0 wall_ms=77117 text=9834d2c93010cb40 role=child prefix_tokens=14282 suffix_tokens=22 model_ms=3187.7 context_ms=77.6 state_ms=10.36 prefix_ms=0.0 suffix_ms=1799.0 first_token_ms=6213.3 generation_ms=70580.9 generated=64 generation_tps=0.907
AGENT index=25 mig=fafc828a exit=0 wall_ms=52904 text=d4e1fcaa961685d1 role=child prefix_tokens=14282 suffix_tokens=23 model_ms=3433.4 context_ms=31.9 state_ms=6.46 prefix_ms=0.0 suffix_ms=1352.9 first_token_ms=6049.4 generation_ms=46305.4 generated=64 generation_tps=1.382
AGENT index=26 mig=31ffbfe4 exit=0 wall_ms=77374 text=9e35020256b4a71c role=child prefix_tokens=14282 suffix_tokens=19 model_ms=3585.9 context_ms=30.1 state_ms=6.22 prefix_ms=0.0 suffix_ms=2150.6 first_token_ms=6918.0 generation_ms=70131.6 generated=64 generation_tps=0.913
AGENT index=27 mig=fafc828a exit=0 wall_ms=51982 text=178df8f18d21f57e role=child prefix_tokens=14282 suffix_tokens=21 model_ms=3191.8 context_ms=37.0 state_ms=7.97 prefix_ms=0.0 suffix_ms=852.7 first_token_ms=5276.3 generation_ms=46395.7 generated=64 generation_tps=1.379
AGENT index=28 mig=31ffbfe4 exit=0 wall_ms=77622 text=15c67d79a860da75 role=child prefix_tokens=14282 suffix_tokens=20 model_ms=3233.9 context_ms=63.6 state_ms=6.82 prefix_ms=0.0 suffix_ms=2090.1 first_token_ms=6687.4 generation_ms=70408.3 generated=64 generation_tps=0.909
AGENT index=29 mig=fafc828a exit=0 wall_ms=52842 text=a72f71cd80731afe role=child prefix_tokens=14282 suffix_tokens=22 model_ms=3444.2 context_ms=35.5 state_ms=6.58 prefix_ms=0.0 suffix_ms=1402.5 first_token_ms=6138.2 generation_ms=46202.2 generated=64 generation_tps=1.385
AGENT index=30 mig=31ffbfe4 exit=0 wall_ms=76710 text=317f6f38771a1e41 role=child prefix_tokens=14282 suffix_tokens=20 model_ms=2885.0 context_ms=43.0 state_ms=6.35 prefix_ms=0.0 suffix_ms=1130.3 first_token_ms=5368.1 generation_ms=71006.1 generated=64 generation_tps=0.901
AGENT index=31 mig=fafc828a exit=0 wall_ms=52505 text=d52293b0dc058085 role=child prefix_tokens=14282 suffix_tokens=22 model_ms=3407.7 context_ms=60.8 state_ms=6.98 prefix_ms=0.0 suffix_ms=1292.8 first_token_ms=5907.5 generation_ms=46242.5 generated=64 generation_tps=1.384
MEMORY mem_available_drop_mib=22569 mem_available_before_mib=115554 mem_free_before_mib=46021 pss_anon_mib=7829 pss_file_mib=740 pss_shmem_mib=7103 device_mib=12384 samples=12
END_CASE failed_agents=0 wall_ms=77927
CASE mode=weights agents=1
AGENT index=0 mig=31ffbfe4 exit=0 wall_ms=4783 text=4605b6e04b2228eb role=child prefix_tokens=14282 suffix_tokens=27 model_ms=350.8 context_ms=40.6 state_ms=138.15 prefix_ms=0.0 suffix_ms=144.0 first_token_ms=710.5 generation_ms=3806.5 generated=64 generation_tps=16.813
MEMORY mem_available_drop_mib=1627 mem_available_before_mib=115646 mem_free_before_mib=46106 pss_anon_mib=229 pss_file_mib=97 pss_shmem_mib=4518 device_mib=1276 samples=1
END_CASE failed_agents=0 wall_ms=4819
CASE mode=weights agents=8
AGENT index=0 mig=31ffbfe4 exit=0 wall_ms=18518 text=4605b6e04b2228eb role=child prefix_tokens=14282 suffix_tokens=27 model_ms=658.0 context_ms=38.5 state_ms=196.88 prefix_ms=0.0 suffix_ms=236.6 first_token_ms=1401.1 generation_ms=16872.0 generated=64 generation_tps=3.793
AGENT index=1 mig=fafc828a exit=0 wall_ms=13640 text=a5af93194a2d1ced role=child prefix_tokens=14282 suffix_tokens=22 model_ms=903.7 context_ms=99.7 state_ms=209.96 prefix_ms=0.0 suffix_ms=344.3 first_token_ms=1869.7 generation_ms=11474.4 generated=64 generation_tps=5.578
AGENT index=2 mig=31ffbfe4 exit=0 wall_ms=19303 text=37e5f08e6279aa62 role=child prefix_tokens=14282 suffix_tokens=24 model_ms=857.7 context_ms=59.0 state_ms=311.75 prefix_ms=0.0 suffix_ms=400.0 first_token_ms=1953.6 generation_ms=17077.9 generated=64 generation_tps=3.748
AGENT index=3 mig=fafc828a exit=0 wall_ms=13661 text=5e1ac569aa8b0faf role=child prefix_tokens=14282 suffix_tokens=32 model_ms=893.5 context_ms=87.6 state_ms=210.16 prefix_ms=0.0 suffix_ms=337.2 first_token_ms=1845.5 generation_ms=11518.0 generated=64 generation_tps=5.557
AGENT index=4 mig=31ffbfe4 exit=0 wall_ms=19373 text=6e3d8f07cfceb082 role=child prefix_tokens=14282 suffix_tokens=23 model_ms=916.8 context_ms=96.1 state_ms=308.19 prefix_ms=0.0 suffix_ms=536.6 first_token_ms=2171.6 generation_ms=16968.0 generated=64 generation_tps=3.772
AGENT index=5 mig=fafc828a exit=0 wall_ms=13709 text=47179dd0dcd49eb0 role=child prefix_tokens=14282 suffix_tokens=26 model_ms=924.5 context_ms=94.2 state_ms=207.56 prefix_ms=0.0 suffix_ms=381.4 first_token_ms=1914.9 generation_ms=11487.5 generated=64 generation_tps=5.571
AGENT index=6 mig=31ffbfe4 exit=0 wall_ms=19419 text=f88f503d1005fa22 role=child prefix_tokens=14282 suffix_tokens=21 model_ms=919.9 context_ms=94.4 state_ms=299.12 prefix_ms=0.0 suffix_ms=553.3 first_token_ms=2188.0 generation_ms=16958.7 generated=64 generation_tps=3.774
AGENT index=7 mig=fafc828a exit=0 wall_ms=13732 text=f9c832b7cad1a509 role=child prefix_tokens=14282 suffix_tokens=31 model_ms=892.4 context_ms=97.4 state_ms=214.84 prefix_ms=0.0 suffix_ms=377.8 first_token_ms=1897.0 generation_ms=11507.7 generated=64 generation_tps=5.562
MEMORY mem_available_drop_mib=12809 mem_available_before_mib=115556 mem_free_before_mib=46016 pss_anon_mib=1830 pss_file_mib=245 pss_shmem_mib=4925 device_mib=10264 samples=3
END_CASE failed_agents=0 wall_ms=19504
CASE mode=none agents=1
AGENT index=0 mig=31ffbfe4 exit=0 wall_ms=5485 text=4605b6e04b2228eb role=child prefix_tokens=14282 suffix_tokens=27 model_ms=993.7 context_ms=37.7 state_ms=149.19 prefix_ms=0.0 suffix_ms=141.4 first_token_ms=1359.1 generation_ms=3705.0 generated=64 generation_tps=17.274
MEMORY mem_available_drop_mib=6104 mem_available_before_mib=115589 mem_free_before_mib=46049 pss_anon_mib=227 pss_file_mib=97 pss_shmem_mib=350 device_mib=5446 samples=1
END_CASE failed_agents=0 wall_ms=5520
CASE mode=none agents=8
AGENT index=0 mig=31ffbfe4 exit=0 wall_ms=21167 text=4605b6e04b2228eb role=child prefix_tokens=14282 suffix_tokens=27 model_ms=2423.1 context_ms=51.5 state_ms=294.46 prefix_ms=0.0 suffix_ms=597.6 first_token_ms=3675.5 generation_ms=16972.0 generated=64 generation_tps=3.771
AGENT index=1 mig=fafc828a exit=0 wall_ms=15749 text=a5af93194a2d1ced role=child prefix_tokens=14282 suffix_tokens=22 model_ms=2376.6 context_ms=57.9 state_ms=264.27 prefix_ms=0.0 suffix_ms=373.6 first_token_ms=3382.1 generation_ms=11859.4 generated=64 generation_tps=5.397
AGENT index=2 mig=31ffbfe4 exit=0 wall_ms=21213 text=37e5f08e6279aa62 role=child prefix_tokens=14282 suffix_tokens=24 model_ms=2301.7 context_ms=46.3 state_ms=246.22 prefix_ms=0.0 suffix_ms=449.9 first_token_ms=3361.1 generation_ms=17209.5 generated=64 generation_tps=3.719
AGENT index=3 mig=fafc828a exit=0 wall_ms=15643 text=5e1ac569aa8b0faf role=child prefix_tokens=14282 suffix_tokens=32 model_ms=2164.3 context_ms=60.4 state_ms=285.01 prefix_ms=0.0 suffix_ms=240.5 first_token_ms=3050.1 generation_ms=11974.1 generated=64 generation_tps=5.345
AGENT index=4 mig=31ffbfe4 exit=0 wall_ms=21109 text=6e3d8f07cfceb082 role=child prefix_tokens=14282 suffix_tokens=23 model_ms=2142.3 context_ms=56.2 state_ms=310.89 prefix_ms=0.0 suffix_ms=323.3 first_token_ms=3128.5 generation_ms=17326.0 generated=64 generation_tps=3.694
AGENT index=5 mig=fafc828a exit=0 wall_ms=15792 text=47179dd0dcd49eb0 role=child prefix_tokens=14282 suffix_tokens=26 model_ms=2406.4 context_ms=48.0 state_ms=264.52 prefix_ms=0.0 suffix_ms=374.3 first_token_ms=3403.2 generation_ms=11848.5 generated=64 generation_tps=5.402
AGENT index=6 mig=31ffbfe4 exit=0 wall_ms=21007 text=f88f503d1005fa22 role=child prefix_tokens=14282 suffix_tokens=21 model_ms=2102.3 context_ms=60.2 state_ms=323.68 prefix_ms=0.0 suffix_ms=331.7 first_token_ms=3134.8 generation_ms=17308.4 generated=64 generation_tps=3.698
AGENT index=7 mig=fafc828a exit=0 wall_ms=15638 text=f9c832b7cad1a509 role=child prefix_tokens=14282 suffix_tokens=31 model_ms=2201.9 context_ms=59.5 state_ms=228.39 prefix_ms=0.0 suffix_ms=233.0 first_token_ms=3033.7 generation_ms=11961.0 generated=64 generation_tps=5.351
MEMORY mem_available_drop_mib=48966 mem_available_before_mib=115343 mem_free_before_mib=45801 pss_anon_mib=1828 pss_file_mib=245 pss_shmem_mib=2804 device_mib=43624 samples=4
END_CASE failed_agents=0 wall_ms=21291
END_KVSTACK
BEGIN_KVSTACK run=5 context=16384 publisher_mig=fafc828a mem_free_mib=48794 kernel_reclaimable_mib=68137
PUBLISH store=stock prefix_tokens=14282 prefix_ms=16887.8 publish_ms=509.76 state_bytes=819216229
PUBLISH store=device prefix_tokens=14282 prefix_ms=16865.7 publish_ms=504.32 state_bytes=819216229
PUBLISH store=huge prefix_tokens=14282 prefix_ms=16899.5 publish_ms=8.24 state_bytes=229221 file_used_kib=802816
CASE mode=none agents=1
AGENT index=0 mig=fafc828a exit=0 wall_ms=4328 text=bb92e4befc7eddec role=child prefix_tokens=14282 suffix_tokens=27 model_ms=1007.4 context_ms=36.6 state_ms=150.25 prefix_ms=0.0 suffix_ms=110.4 first_token_ms=1359.6 generation_ms=2560.6 generated=64 generation_tps=24.994
MEMORY mem_available_drop_mib=6171 mem_available_before_mib=115591 mem_free_before_mib=46082 pss_anon_mib=227 pss_file_mib=97 pss_shmem_mib=350 device_mib=5460 samples=1
END_CASE failed_agents=0 wall_ms=4365
CASE mode=none agents=8
AGENT index=0 mig=fafc828a exit=0 wall_ms=15488 text=bb92e4befc7eddec role=child prefix_tokens=14282 suffix_tokens=27 model_ms=2173.3 context_ms=48.1 state_ms=232.13 prefix_ms=0.0 suffix_ms=216.8 first_token_ms=2970.6 generation_ms=11892.6 generated=64 generation_tps=5.382
AGENT index=1 mig=31ffbfe4 exit=0 wall_ms=21186 text=a8d47b5298abb2fc role=child prefix_tokens=14282 suffix_tokens=22 model_ms=2248.8 context_ms=47.7 state_ms=253.98 prefix_ms=0.0 suffix_ms=521.9 first_token_ms=3374.7 generation_ms=17205.8 generated=64 generation_tps=3.720
AGENT index=2 mig=fafc828a exit=0 wall_ms=15704 text=abfd4eb3fb8ebdd8 role=child prefix_tokens=14282 suffix_tokens=24 model_ms=2366.3 context_ms=44.0 state_ms=287.87 prefix_ms=0.0 suffix_ms=366.2 first_token_ms=3382.1 generation_ms=11782.6 generated=64 generation_tps=5.432
AGENT index=3 mig=31ffbfe4 exit=0 wall_ms=21105 text=077e38d3762a4e5d role=child prefix_tokens=14282 suffix_tokens=32 model_ms=2105.1 context_ms=53.9 state_ms=269.55 prefix_ms=0.0 suffix_ms=403.9 first_token_ms=3131.8 generation_ms=17320.4 generated=64 generation_tps=3.695
AGENT index=4 mig=fafc828a exit=0 wall_ms=15726 text=16f8c0610a09645d role=child prefix_tokens=14282 suffix_tokens=23 model_ms=2355.4 context_ms=53.3 state_ms=278.32 prefix_ms=0.0 suffix_ms=346.6 first_token_ms=3345.3 generation_ms=11808.4 generated=64 generation_tps=5.420
AGENT index=5 mig=31ffbfe4 exit=0 wall_ms=21127 text=ff4188d71e02bfdb role=child prefix_tokens=14282 suffix_tokens=26 model_ms=2265.0 context_ms=45.5 state_ms=261.51 prefix_ms=0.0 suffix_ms=557.8 first_token_ms=3443.3 generation_ms=17152.7 generated=64 generation_tps=3.731
AGENT index=6 mig=fafc828a exit=0 wall_ms=15550 text=f88f503d1005fa22 role=child prefix_tokens=14282 suffix_tokens=21 model_ms=2063.1 context_ms=54.7 state_ms=307.06 prefix_ms=0.0 suffix_ms=190.1 first_token_ms=2919.2 generation_ms=11835.0 generated=64 generation_tps=5.408
AGENT index=7 mig=31ffbfe4 exit=0 wall_ms=20999 text=f9c832b7cad1a509 role=child prefix_tokens=14282 suffix_tokens=31 model_ms=2038.8 context_ms=47.7 state_ms=323.77 prefix_ms=0.0 suffix_ms=413.1 first_token_ms=3134.2 generation_ms=17299.7 generated=64 generation_tps=3.699
MEMORY mem_available_drop_mib=48686 mem_available_before_mib=115260 mem_free_before_mib=45744 pss_anon_mib=1827 pss_file_mib=245 pss_shmem_mib=2804 device_mib=43624 samples=4
END_CASE failed_agents=0 wall_ms=21264
CASE mode=weights agents=1
AGENT index=0 mig=fafc828a exit=0 wall_ms=3519 text=bb92e4befc7eddec role=child prefix_tokens=14282 suffix_tokens=27 model_ms=354.9 context_ms=38.5 state_ms=134.56 prefix_ms=0.0 suffix_ms=112.5 first_token_ms=695.4 generation_ms=2528.3 generated=64 generation_tps=25.313
MEMORY mem_available_drop_mib=1657 mem_available_before_mib=115671 mem_free_before_mib=46153 pss_anon_mib=229 pss_file_mib=97 pss_shmem_mib=4518 device_mib=1290 samples=1
END_CASE failed_agents=0 wall_ms=3552
CASE mode=weights agents=8
AGENT index=0 mig=fafc828a exit=0 wall_ms=13429 text=bb92e4befc7eddec role=child prefix_tokens=14282 suffix_tokens=27 model_ms=841.5 context_ms=42.8 state_ms=275.98 prefix_ms=0.0 suffix_ms=208.6 first_token_ms=1666.5 generation_ms=11482.6 generated=64 generation_tps=5.574
AGENT index=1 mig=31ffbfe4 exit=0 wall_ms=19657 text=a8d47b5298abb2fc role=child prefix_tokens=14282 suffix_tokens=22 model_ms=933.5 context_ms=71.6 state_ms=221.12 prefix_ms=0.0 suffix_ms=497.6 first_token_ms=2031.3 generation_ms=17305.2 generated=64 generation_tps=3.698
AGENT index=2 mig=fafc828a exit=0 wall_ms=13474 text=abfd4eb3fb8ebdd8 role=child prefix_tokens=14282 suffix_tokens=24 model_ms=900.0 context_ms=66.5 state_ms=218.05 prefix_ms=0.0 suffix_ms=226.6 first_token_ms=1715.0 generation_ms=11491.5 generated=64 generation_tps=5.569
AGENT index=3 mig=31ffbfe4 exit=0 wall_ms=19600 text=077e38d3762a4e5d role=child prefix_tokens=14282 suffix_tokens=32 model_ms=888.2 context_ms=59.3 state_ms=220.43 prefix_ms=0.0 suffix_ms=425.0 first_token_ms=1914.3 generation_ms=17326.1 generated=64 generation_tps=3.694
AGENT index=4 mig=fafc828a exit=0 wall_ms=13595 text=16f8c0610a09645d role=child prefix_tokens=14282 suffix_tokens=23 model_ms=960.3 context_ms=54.9 state_ms=227.26 prefix_ms=0.0 suffix_ms=356.2 first_token_ms=1913.8 generation_ms=11401.6 generated=64 generation_tps=5.613
AGENT index=5 mig=31ffbfe4 exit=0 wall_ms=19653 text=ff4188d71e02bfdb role=child prefix_tokens=14282 suffix_tokens=26 model_ms=966.0 context_ms=70.4 state_ms=219.50 prefix_ms=0.0 suffix_ms=576.4 first_token_ms=2141.8 generation_ms=17215.2 generated=64 generation_tps=3.718
AGENT index=6 mig=fafc828a exit=0 wall_ms=13543 text=f88f503d1005fa22 role=child prefix_tokens=14282 suffix_tokens=21 model_ms=931.2 context_ms=75.4 state_ms=218.80 prefix_ms=0.0 suffix_ms=331.9 first_token_ms=1860.1 generation_ms=11417.7 generated=64 generation_tps=5.605
AGENT index=7 mig=31ffbfe4 exit=0 wall_ms=19596 text=f9c832b7cad1a509 role=child prefix_tokens=14282 suffix_tokens=31 model_ms=904.7 context_ms=75.8 state_ms=216.46 prefix_ms=0.0 suffix_ms=475.0 first_token_ms=1976.3 generation_ms=17311.2 generated=64 generation_tps=3.697
MEMORY mem_available_drop_mib=12841 mem_available_before_mib=115620 mem_free_before_mib=46101 pss_anon_mib=1830 pss_file_mib=245 pss_shmem_mib=4925 device_mib=10264 samples=3
END_CASE failed_agents=0 wall_ms=19735
CASE mode=both agents=1
AGENT index=0 mig=fafc828a exit=0 wall_ms=3350 text=bb92e4befc7eddec role=child prefix_tokens=14282 suffix_tokens=27 model_ms=365.2 context_ms=28.4 state_ms=6.27 prefix_ms=0.0 suffix_ms=112.0 first_token_ms=566.5 generation_ms=2525.2 generated=64 generation_tps=25.344
MEMORY mem_available_drop_mib=747 mem_available_before_mib=115632 mem_free_before_mib=46113 pss_anon_mib=246 pss_file_mib=97 pss_shmem_mib=5299 device_mib=394 samples=1
END_CASE failed_agents=0 wall_ms=3385
CASE mode=both agents=8
AGENT index=0 mig=fafc828a exit=0 wall_ms=13102 text=bb92e4befc7eddec role=child prefix_tokens=14282 suffix_tokens=27 model_ms=857.6 context_ms=26.7 state_ms=6.27 prefix_ms=0.0 suffix_ms=147.1 first_token_ms=1342.0 generation_ms=11474.4 generated=64 generation_tps=5.578
AGENT index=1 mig=31ffbfe4 exit=0 wall_ms=19881 text=a8d47b5298abb2fc role=child prefix_tokens=14282 suffix_tokens=22 model_ms=935.1 context_ms=30.2 state_ms=6.02 prefix_ms=0.0 suffix_ms=552.2 first_token_ms=1831.5 generation_ms=17740.2 generated=64 generation_tps=3.608
AGENT index=2 mig=fafc828a exit=0 wall_ms=13292 text=abfd4eb3fb8ebdd8 role=child prefix_tokens=14282 suffix_tokens=24 model_ms=897.3 context_ms=31.1 state_ms=6.19 prefix_ms=0.0 suffix_ms=311.7 first_token_ms=1557.9 generation_ms=11421.6 generated=64 generation_tps=5.603
AGENT index=3 mig=31ffbfe4 exit=0 wall_ms=19803 text=077e38d3762a4e5d role=child prefix_tokens=14282 suffix_tokens=32 model_ms=885.7 context_ms=28.3 state_ms=6.30 prefix_ms=0.0 suffix_ms=497.1 first_token_ms=1727.5 generation_ms=17770.2 generated=64 generation_tps=3.602
AGENT index=4 mig=fafc828a exit=0 wall_ms=13367 text=16f8c0610a09645d role=child prefix_tokens=14282 suffix_tokens=23 model_ms=931.0 context_ms=29.2 state_ms=6.44 prefix_ms=0.0 suffix_ms=326.4 first_token_ms=1614.2 generation_ms=11411.3 generated=64 generation_tps=5.608
AGENT index=5 mig=31ffbfe4 exit=0 wall_ms=19603 text=ff4188d71e02bfdb role=child prefix_tokens=14282 suffix_tokens=26 model_ms=854.5 context_ms=29.2 state_ms=6.38 prefix_ms=0.0 suffix_ms=328.9 first_token_ms=1531.8 generation_ms=17819.0 generated=64 generation_tps=3.592
AGENT index=6 mig=fafc828a exit=0 wall_ms=13313 text=f88f503d1005fa22 role=child prefix_tokens=14282 suffix_tokens=21 model_ms=886.5 context_ms=31.1 state_ms=6.22 prefix_ms=0.0 suffix_ms=307.4 first_token_ms=1546.1 generation_ms=11452.7 generated=64 generation_tps=5.588
AGENT index=7 mig=31ffbfe4 exit=0 wall_ms=19845 text=f9c832b7cad1a509 role=child prefix_tokens=14282 suffix_tokens=31 model_ms=923.8 context_ms=30.6 state_ms=6.20 prefix_ms=0.0 suffix_ms=560.8 first_token_ms=1840.6 generation_ms=17723.9 generated=64 generation_tps=3.611
MEMORY mem_available_drop_mib=5711 mem_available_before_mib=115580 mem_free_before_mib=46061 pss_anon_mib=1956 pss_file_mib=245 pss_shmem_mib=5706 device_mib=3096 samples=3
END_CASE failed_agents=0 wall_ms=19958
CASE mode=both agents=32
AGENT index=0 mig=fafc828a exit=0 wall_ms=48019 text=bb92e4befc7eddec role=child prefix_tokens=14282 suffix_tokens=27 model_ms=2146.5 context_ms=340.8 state_ms=6.43 prefix_ms=0.0 suffix_ms=455.8 first_token_ms=3828.3 generation_ms=43897.9 generated=64 generation_tps=1.458
AGENT index=1 mig=31ffbfe4 exit=0 wall_ms=77696 text=a8d47b5298abb2fc role=child prefix_tokens=14282 suffix_tokens=22 model_ms=3505.7 context_ms=79.0 state_ms=6.89 prefix_ms=0.0 suffix_ms=2068.7 first_token_ms=6765.4 generation_ms=70498.8 generated=64 generation_tps=0.908
AGENT index=2 mig=fafc828a exit=0 wall_ms=51917 text=abfd4eb3fb8ebdd8 role=child prefix_tokens=14282 suffix_tokens=24 model_ms=3227.2 context_ms=48.7 state_ms=6.65 prefix_ms=0.0 suffix_ms=1263.5 first_token_ms=5968.8 generation_ms=45607.9 generated=64 generation_tps=1.403
AGENT index=3 mig=31ffbfe4 exit=0 wall_ms=77745 text=077e38d3762a4e5d role=child prefix_tokens=14282 suffix_tokens=32 model_ms=3182.9 context_ms=73.8 state_ms=6.21 prefix_ms=0.0 suffix_ms=2041.9 first_token_ms=6704.8 generation_ms=70612.3 generated=64 generation_tps=0.906
AGENT index=4 mig=fafc828a exit=0 wall_ms=50900 text=16f8c0610a09645d role=child prefix_tokens=14282 suffix_tokens=23 model_ms=2986.5 context_ms=136.9 state_ms=17.20 prefix_ms=0.0 suffix_ms=590.8 first_token_ms=4744.1 generation_ms=45889.1 generated=64 generation_tps=1.395
AGENT index=5 mig=31ffbfe4 exit=0 wall_ms=69853 text=ff4188d71e02bfdb role=child prefix_tokens=14282 suffix_tokens=26 model_ms=1680.7 context_ms=409.1 state_ms=13.26 prefix_ms=0.0 suffix_ms=392.7 first_token_ms=3650.6 generation_ms=65946.8 generated=64 generation_tps=0.970
AGENT index=6 mig=fafc828a exit=0 wall_ms=48601 text=f88f503d1005fa22 role=child prefix_tokens=14282 suffix_tokens=21 model_ms=2368.7 context_ms=66.4 state_ms=8.93 prefix_ms=0.0 suffix_ms=484.9 first_token_ms=3909.4 generation_ms=44402.9 generated=64 generation_tps=1.441
AGENT index=7 mig=31ffbfe4 exit=0 wall_ms=77793 text=f9c832b7cad1a509 role=child prefix_tokens=14282 suffix_tokens=31 model_ms=3242.0 context_ms=95.4 state_ms=10.73 prefix_ms=0.0 suffix_ms=2120.2 first_token_ms=6768.7 generation_ms=70488.9 generated=64 generation_tps=0.908
AGENT index=8 mig=fafc828a exit=0 wall_ms=47089 text=ae3f57b141780268 role=child prefix_tokens=14282 suffix_tokens=18 model_ms=1847.3 context_ms=311.3 state_ms=15.46 prefix_ms=0.0 suffix_ms=373.8 first_token_ms=3716.2 generation_ms=43086.1 generated=64 generation_tps=1.485
AGENT index=9 mig=31ffbfe4 exit=0 wall_ms=77434 text=a2d016def74ecc62 role=child prefix_tokens=14282 suffix_tokens=18 model_ms=3471.4 context_ms=54.6 state_ms=7.54 prefix_ms=0.0 suffix_ms=2034.1 first_token_ms=6704.6 generation_ms=70417.0 generated=64 generation_tps=0.909
AGENT index=10 mig=fafc828a exit=0 wall_ms=51549 text=a733f3a39259263c role=child prefix_tokens=14282 suffix_tokens=18 model_ms=3247.5 context_ms=77.3 state_ms=15.64 prefix_ms=0.0 suffix_ms=1129.9 first_token_ms=5652.8 generation_ms=45612.6 generated=64 generation_tps=1.403
AGENT index=11 mig=31ffbfe4 exit=0 wall_ms=77630 text=087278665f3dec68 role=child prefix_tokens=14282 suffix_tokens=22 model_ms=3144.8 context_ms=61.0 state_ms=6.99 prefix_ms=0.0 suffix_ms=1974.4 first_token_ms=6595.7 generation_ms=70646.8 generated=64 generation_tps=0.906
AGENT index=12 mig=fafc828a exit=0 wall_ms=52029 text=2c93819fe85df763 role=child prefix_tokens=14282 suffix_tokens=21 model_ms=3542.9 context_ms=34.0 state_ms=10.00 prefix_ms=0.0 suffix_ms=1363.6 first_token_ms=6102.2 generation_ms=45514.1 generated=64 generation_tps=1.406
AGENT index=13 mig=31ffbfe4 exit=0 wall_ms=77145 text=5d483815f91685a6 role=child prefix_tokens=14282 suffix_tokens=31 model_ms=3235.8 context_ms=67.7 state_ms=7.30 prefix_ms=0.0 suffix_ms=1739.5 first_token_ms=6243.1 generation_ms=70624.7 generated=64 generation_tps=0.906
AGENT index=14 mig=fafc828a exit=0 wall_ms=51766 text=3f33f20708943e2f role=child prefix_tokens=14282 suffix_tokens=21 model_ms=3352.9 context_ms=78.9 state_ms=17.10 prefix_ms=0.0 suffix_ms=1186.1 first_token_ms=5772.9 generation_ms=45685.0 generated=64 generation_tps=1.401
AGENT index=15 mig=31ffbfe4 exit=0 wall_ms=77496 text=0502c45076359254 role=child prefix_tokens=14282 suffix_tokens=26 model_ms=3130.6 context_ms=40.2 state_ms=6.01 prefix_ms=0.0 suffix_ms=1940.3 first_token_ms=6469.0 generation_ms=70586.6 generated=64 generation_tps=0.907
AGENT index=16 mig=fafc828a exit=0 wall_ms=51943 text=0ebc8757605c5571 role=child prefix_tokens=14282 suffix_tokens=25 model_ms=3192.5 context_ms=61.1 state_ms=6.38 prefix_ms=0.0 suffix_ms=1473.2 first_token_ms=6146.3 generation_ms=45492.1 generated=64 generation_tps=1.407
AGENT index=17 mig=31ffbfe4 exit=0 wall_ms=77713 text=5d7dbcf0a7eca76c role=child prefix_tokens=14282 suffix_tokens=22 model_ms=3490.7 context_ms=44.3 state_ms=6.17 prefix_ms=0.0 suffix_ms=2211.8 first_token_ms=6962.9 generation_ms=70257.9 generated=64 generation_tps=0.911
AGENT index=18 mig=fafc828a exit=0 wall_ms=51069 text=cb99e4b1c2fd84d5 role=child prefix_tokens=14282 suffix_tokens=21 model_ms=2836.7 context_ms=136.8 state_ms=22.18 prefix_ms=0.0 suffix_ms=595.9 first_token_ms=4714.5 generation_ms=46031.1 generated=64 generation_tps=1.390
AGENT index=19 mig=31ffbfe4 exit=0 wall_ms=77378 text=4c7501e634d9bf23 role=child prefix_tokens=14282 suffix_tokens=18 model_ms=3338.4 context_ms=86.8 state_ms=11.26 prefix_ms=0.0 suffix_ms=1911.6 first_token_ms=6507.7 generation_ms=70493.8 generated=64 generation_tps=0.908
AGENT index=20 mig=fafc828a exit=0 wall_ms=51209 text=b3893059e7e79532 role=child prefix_tokens=14282 suffix_tokens=21 model_ms=2930.6 context_ms=68.4 state_ms=10.53 prefix_ms=0.0 suffix_ms=685.7 first_token_ms=4917.2 generation_ms=46006.0 generated=64 generation_tps=1.391
AGENT index=21 mig=31ffbfe4 exit=0 wall_ms=72476 text=284eef78a2286715 role=child prefix_tokens=14282 suffix_tokens=26 model_ms=2216.3 context_ms=123.4 state_ms=13.94 prefix_ms=0.0 suffix_ms=467.6 first_token_ms=3918.7 generation_ms=68271.3 generated=64 generation_tps=0.937
AGENT index=22 mig=fafc828a exit=0 wall_ms=52111 text=ad3122b47bf9d41d role=child prefix_tokens=14282 suffix_tokens=27 model_ms=3546.7 context_ms=34.0 state_ms=6.38 prefix_ms=0.0 suffix_ms=1533.8 first_token_ms=6288.1 generation_ms=45370.0 generated=64 generation_tps=1.411
AGENT index=23 mig=31ffbfe4 exit=0 wall_ms=77224 text=f79224e341ba5115 role=child prefix_tokens=14282 suffix_tokens=17 model_ms=3283.4 context_ms=95.2 state_ms=18.53 prefix_ms=0.0 suffix_ms=1826.1 first_token_ms=6342.4 generation_ms=70595.2 generated=64 generation_tps=0.907
AGENT index=24 mig=fafc828a exit=0 wall_ms=51317 text=9834d2c93010cb40 role=child prefix_tokens=14282 suffix_tokens=22 model_ms=2950.8 context_ms=65.5 state_ms=10.49 prefix_ms=0.0 suffix_ms=851.3 first_token_ms=5181.5 generation_ms=45872.6 generated=64 generation_tps=1.395
AGENT index=25 mig=31ffbfe4 exit=0 wall_ms=75851 text=da4c2dca73ac54e0 role=child prefix_tokens=14282 suffix_tokens=23 model_ms=2743.9 context_ms=106.3 state_ms=22.63 prefix_ms=0.0 suffix_ms=551.5 first_token_ms=4672.2 generation_ms=70904.3 generated=64 generation_tps=0.903
AGENT index=26 mig=fafc828a exit=0 wall_ms=52150 text=07ec2de36a00f7a1 role=child prefix_tokens=14282 suffix_tokens=19 model_ms=3356.1 context_ms=41.4 state_ms=6.18 prefix_ms=0.0 suffix_ms=1382.6 first_token_ms=6128.3 generation_ms=45516.4 generated=64 generation_tps=1.406
AGENT index=27 mig=31ffbfe4 exit=0 wall_ms=77437 text=e1e29071a16e2061 role=child prefix_tokens=14282 suffix_tokens=21 model_ms=3129.7 context_ms=76.0 state_ms=12.10 prefix_ms=0.0 suffix_ms=1920.9 first_token_ms=6458.0 generation_ms=70543.6 generated=64 generation_tps=0.907
AGENT index=28 mig=fafc828a exit=0 wall_ms=51857 text=1c65ed1020843e8d role=child prefix_tokens=14282 suffix_tokens=20 model_ms=3273.8 context_ms=55.5 state_ms=8.58 prefix_ms=0.0 suffix_ms=1261.1 first_token_ms=5899.8 generation_ms=45594.3 generated=64 generation_tps=1.404
AGENT index=29 mig=31ffbfe4 exit=0 wall_ms=77685 text=a72f71cd80731afe role=child prefix_tokens=14282 suffix_tokens=22 model_ms=3343.5 context_ms=44.5 state_ms=6.28 prefix_ms=0.0 suffix_ms=2221.7 first_token_ms=6961.9 generation_ms=70317.8 generated=64 generation_tps=0.910
AGENT index=30 mig=fafc828a exit=0 wall_ms=52083 text=317f6f38771a1e41 role=child prefix_tokens=14282 suffix_tokens=20 model_ms=3523.3 context_ms=41.2 state_ms=6.33 prefix_ms=0.0 suffix_ms=1371.5 first_token_ms=6066.4 generation_ms=45534.8 generated=64 generation_tps=1.406
AGENT index=31 mig=31ffbfe4 exit=0 wall_ms=77758 text=1b4036771dcdadef role=child prefix_tokens=14282 suffix_tokens=22 model_ms=3257.7 context_ms=31.9 state_ms=6.23 prefix_ms=0.0 suffix_ms=2238.7 first_token_ms=6957.5 generation_ms=70328.8 generated=64 generation_tps=0.910
MEMORY mem_available_drop_mib=22562 mem_available_before_mib=115611 mem_free_before_mib=46091 pss_anon_mib=7828 pss_file_mib=740 pss_shmem_mib=7155 device_mib=12384 samples=12
END_CASE failed_agents=0 wall_ms=78056
END_KVSTACK
BEGIN_KVSTACK run=6 context=16384 publisher_mig=31ffbfe4 mem_free_mib=48867 kernel_reclaimable_mib=68137
PUBLISH store=stock prefix_tokens=14282 prefix_ms=24850.6 publish_ms=510.23 state_bytes=819216229
PUBLISH store=device prefix_tokens=14282 prefix_ms=24847.1 publish_ms=479.09 state_bytes=819216229
PUBLISH store=huge prefix_tokens=14282 prefix_ms=24902.4 publish_ms=8.09 state_bytes=229221 file_used_kib=802816
CASE mode=both agents=1
AGENT index=0 mig=31ffbfe4 exit=0 wall_ms=5089 text=4605b6e04b2228eb role=child prefix_tokens=14282 suffix_tokens=27 model_ms=347.7 context_ms=28.2 state_ms=6.68 prefix_ms=0.0 suffix_ms=146.2 first_token_ms=566.3 generation_ms=4251.3 generated=64 generation_tps=15.054
MEMORY mem_available_drop_mib=682 mem_available_before_mib=115586 mem_free_before_mib=46075 pss_anon_mib=231 pss_file_mib=97 pss_shmem_mib=5299 device_mib=380 samples=1
END_CASE failed_agents=0 wall_ms=5131
CASE mode=both agents=8
AGENT index=0 mig=31ffbfe4 exit=0 wall_ms=19835 text=4605b6e04b2228eb role=child prefix_tokens=14282 suffix_tokens=27 model_ms=931.4 context_ms=28.7 state_ms=6.32 prefix_ms=0.0 suffix_ms=549.3 first_token_ms=1825.8 generation_ms=17748.0 generated=64 generation_tps=3.606
AGENT index=1 mig=fafc828a exit=0 wall_ms=13010 text=a5af93194a2d1ced role=child prefix_tokens=14282 suffix_tokens=22 model_ms=861.1 context_ms=26.1 state_ms=6.04 prefix_ms=0.0 suffix_ms=116.7 first_token_ms=1315.3 generation_ms=11443.6 generated=64 generation_tps=5.593
AGENT index=2 mig=31ffbfe4 exit=0 wall_ms=19880 text=37e5f08e6279aa62 role=child prefix_tokens=14282 suffix_tokens=24 model_ms=948.2 context_ms=32.2 state_ms=6.44 prefix_ms=0.0 suffix_ms=550.3 first_token_ms=1857.1 generation_ms=17724.0 generated=64 generation_tps=3.611
AGENT index=3 mig=fafc828a exit=0 wall_ms=13401 text=5e1ac569aa8b0faf role=child prefix_tokens=14282 suffix_tokens=32 model_ms=951.7 context_ms=31.2 state_ms=6.40 prefix_ms=0.0 suffix_ms=409.3 first_token_ms=1710.8 generation_ms=11352.3 generated=64 generation_tps=5.638
AGENT index=4 mig=31ffbfe4 exit=0 wall_ms=19777 text=6e3d8f07cfceb082 role=child prefix_tokens=14282 suffix_tokens=23 model_ms=915.3 context_ms=33.6 state_ms=6.36 prefix_ms=0.0 suffix_ms=464.4 first_token_ms=1719.9 generation_ms=17762.1 generated=64 generation_tps=3.603
AGENT index=5 mig=fafc828a exit=0 wall_ms=13347 text=47179dd0dcd49eb0 role=child prefix_tokens=14282 suffix_tokens=26 model_ms=945.7 context_ms=33.1 state_ms=6.40 prefix_ms=0.0 suffix_ms=414.7 first_token_ms=1712.6 generation_ms=11364.4 generated=64 generation_tps=5.632
AGENT index=6 mig=31ffbfe4 exit=0 wall_ms=19723 text=f88f503d1005fa22 role=child prefix_tokens=14282 suffix_tokens=21 model_ms=891.6 context_ms=30.8 state_ms=6.03 prefix_ms=0.0 suffix_ms=414.3 first_token_ms=1653.9 generation_ms=17784.7 generated=64 generation_tps=3.599
AGENT index=7 mig=fafc828a exit=0 wall_ms=13243 text=f9c832b7cad1a509 role=child prefix_tokens=14282 suffix_tokens=31 model_ms=874.8 context_ms=28.6 state_ms=5.99 prefix_ms=0.0 suffix_ms=289.3 first_token_ms=1512.0 generation_ms=11417.8 generated=64 generation_tps=5.605
MEMORY mem_available_drop_mib=5733 mem_available_before_mib=115599 mem_free_before_mib=46082 pss_anon_mib=1938 pss_file_mib=245 pss_shmem_mib=5706 device_mib=3096 samples=3
END_CASE failed_agents=0 wall_ms=19957
CASE mode=both agents=32
AGENT index=0 mig=31ffbfe4 exit=0 wall_ms=77711 text=4605b6e04b2228eb role=child prefix_tokens=14282 suffix_tokens=27 model_ms=3500.2 context_ms=41.1 state_ms=6.95 prefix_ms=0.0 suffix_ms=2201.0 first_token_ms=6923.0 generation_ms=70472.5 generated=64 generation_tps=0.908
AGENT index=1 mig=fafc828a exit=0 wall_ms=52371 text=a5af93194a2d1ced role=child prefix_tokens=14282 suffix_tokens=22 model_ms=3338.4 context_ms=42.5 state_ms=11.70 prefix_ms=0.0 suffix_ms=932.5 first_token_ms=5486.8 generation_ms=46546.1 generated=64 generation_tps=1.375
AGENT index=2 mig=31ffbfe4 exit=0 wall_ms=76931 text=37e5f08e6279aa62 role=child prefix_tokens=14282 suffix_tokens=24 model_ms=2936.2 context_ms=100.9 state_ms=10.39 prefix_ms=0.0 suffix_ms=1394.6 first_token_ms=5624.2 generation_ms=71040.0 generated=64 generation_tps=0.901
AGENT index=3 mig=fafc828a exit=0 wall_ms=51297 text=5e1ac569aa8b0faf role=child prefix_tokens=14282 suffix_tokens=32 model_ms=3045.5 context_ms=98.4 state_ms=15.07 prefix_ms=0.0 suffix_ms=371.2 first_token_ms=4692.5 generation_ms=46307.8 generated=64 generation_tps=1.382
AGENT index=4 mig=31ffbfe4 exit=0 wall_ms=77505 text=6e3d8f07cfceb082 role=child prefix_tokens=14282 suffix_tokens=23 model_ms=3304.8 context_ms=42.5 state_ms=6.44 prefix_ms=0.0 suffix_ms=2022.0 first_token_ms=6583.1 generation_ms=70638.4 generated=64 generation_tps=0.906
AGENT index=5 mig=fafc828a exit=0 wall_ms=52441 text=47179dd0dcd49eb0 role=child prefix_tokens=14282 suffix_tokens=26 model_ms=3370.5 context_ms=38.7 state_ms=6.32 prefix_ms=0.0 suffix_ms=1232.8 first_token_ms=5840.0 generation_ms=46263.3 generated=64 generation_tps=1.383
AGENT index=6 mig=31ffbfe4 exit=0 wall_ms=76556 text=f88f503d1005fa22 role=child prefix_tokens=14282 suffix_tokens=21 model_ms=2833.4 context_ms=104.9 state_ms=14.00 prefix_ms=0.0 suffix_ms=947.5 first_token_ms=5086.0 generation_ms=71195.1 generated=64 generation_tps=0.899
AGENT index=7 mig=fafc828a exit=0 wall_ms=52540 text=f9c832b7cad1a509 role=child prefix_tokens=14282 suffix_tokens=31 model_ms=3333.3 context_ms=70.5 state_ms=6.35 prefix_ms=0.0 suffix_ms=1367.5 first_token_ms=6032.2 generation_ms=46197.7 generated=64 generation_tps=1.385
AGENT index=8 mig=31ffbfe4 exit=0 wall_ms=77348 text=a3c806a5411bc6e6 role=child prefix_tokens=14282 suffix_tokens=18 model_ms=2983.9 context_ms=114.1 state_ms=14.74 prefix_ms=0.0 suffix_ms=1553.5 first_token_ms=5837.6 generation_ms=71180.1 generated=64 generation_tps=0.899
AGENT index=9 mig=fafc828a exit=0 wall_ms=51064 text=a2d016def74ecc62 role=child prefix_tokens=14282 suffix_tokens=18 model_ms=3031.5 context_ms=88.1 state_ms=13.57 prefix_ms=0.0 suffix_ms=342.0 first_token_ms=4641.9 generation_ms=46139.4 generated=64 generation_tps=1.387
AGENT index=10 mig=31ffbfe4 exit=0 wall_ms=77092 text=a733f3a39259263c role=child prefix_tokens=14282 suffix_tokens=18 model_ms=3014.4 context_ms=90.4 state_ms=10.87 prefix_ms=0.0 suffix_ms=1723.1 first_token_ms=6060.2 generation_ms=70759.1 generated=64 generation_tps=0.904
AGENT index=11 mig=fafc828a exit=0 wall_ms=52911 text=ad0d6edf343e5e28 role=child prefix_tokens=14282 suffix_tokens=22 model_ms=3353.3 context_ms=30.7 state_ms=6.54 prefix_ms=0.0 suffix_ms=1368.8 first_token_ms=6159.1 generation_ms=46261.3 generated=64 generation_tps=1.383
AGENT index=12 mig=31ffbfe4 exit=0 wall_ms=77592 text=2c93819fe85df763 role=child prefix_tokens=14282 suffix_tokens=21 model_ms=3494.3 context_ms=38.3 state_ms=7.72 prefix_ms=0.0 suffix_ms=2135.9 first_token_ms=6861.1 generation_ms=70413.1 generated=64 generation_tps=0.909
AGENT index=13 mig=fafc828a exit=0 wall_ms=52965 text=5d483815f91685a6 role=child prefix_tokens=14282 suffix_tokens=31 model_ms=3384.7 context_ms=29.5 state_ms=6.32 prefix_ms=0.0 suffix_ms=1561.6 first_token_ms=6359.1 generation_ms=46115.0 generated=64 generation_tps=1.388
AGENT index=14 mig=31ffbfe4 exit=0 wall_ms=77812 text=f8f770d151794139 role=child prefix_tokens=14282 suffix_tokens=21 model_ms=3328.7 context_ms=51.9 state_ms=7.26 prefix_ms=0.0 suffix_ms=2127.6 first_token_ms=6826.5 generation_ms=70564.4 generated=64 generation_tps=0.907
AGENT index=15 mig=fafc828a exit=0 wall_ms=53010 text=0d9668c2f9cbc9fc role=child prefix_tokens=14282 suffix_tokens=26 model_ms=3462.3 context_ms=28.4 state_ms=6.12 prefix_ms=0.0 suffix_ms=1594.4 first_token_ms=6432.9 generation_ms=46046.0 generated=64 generation_tps=1.390
AGENT index=16 mig=31ffbfe4 exit=0 wall_ms=77723 text=a6ffaf564cadb5d1 role=child prefix_tokens=14282 suffix_tokens=25 model_ms=3585.8 context_ms=33.4 state_ms=6.39 prefix_ms=0.0 suffix_ms=2233.7 first_token_ms=6993.0 generation_ms=70347.8 generated=64 generation_tps=0.910
AGENT index=17 mig=fafc828a exit=0 wall_ms=52763 text=6bd685fbc4b441ec role=child prefix_tokens=14282 suffix_tokens=22 model_ms=3610.3 context_ms=28.8 state_ms=6.49 prefix_ms=0.0 suffix_ms=1404.7 first_token_ms=6238.2 generation_ms=46131.4 generated=64 generation_tps=1.387
AGENT index=18 mig=31ffbfe4 exit=0 wall_ms=77187 text=ba15e410535ababc role=child prefix_tokens=14282 suffix_tokens=21 model_ms=2973.2 context_ms=52.8 state_ms=6.46 prefix_ms=0.0 suffix_ms=1757.7 first_token_ms=6062.4 generation_ms=70862.6 generated=64 generation_tps=0.903
AGENT index=19 mig=fafc828a exit=0 wall_ms=52401 text=4c7501e634d9bf23 role=child prefix_tokens=14282 suffix_tokens=18 model_ms=3294.2 context_ms=59.7 state_ms=22.04 prefix_ms=0.0 suffix_ms=1074.7 first_token_ms=5632.9 generation_ms=46396.2 generated=64 generation_tps=1.379
AGENT index=20 mig=31ffbfe4 exit=0 wall_ms=77684 text=b3893059e7e79532 role=child prefix_tokens=14282 suffix_tokens=21 model_ms=3478.7 context_ms=30.0 state_ms=6.47 prefix_ms=0.0 suffix_ms=2152.7 first_token_ms=6897.4 generation_ms=70490.5 generated=64 generation_tps=0.908
AGENT index=21 mig=fafc828a exit=0 wall_ms=52878 text=284eef78a2286715 role=child prefix_tokens=14282 suffix_tokens=26 model_ms=3266.1 context_ms=84.0 state_ms=6.77 prefix_ms=0.0 suffix_ms=1418.7 first_token_ms=6056.2 generation_ms=46309.6 generated=64 generation_tps=1.382
AGENT index=22 mig=31ffbfe4 exit=0 wall_ms=74543 text=ad3122b47bf9d41d role=child prefix_tokens=14282 suffix_tokens=27 model_ms=2300.5 context_ms=84.0 state_ms=9.38 prefix_ms=0.0 suffix_ms=482.4 first_token_ms=4114.8 generation_ms=70161.6 generated=64 generation_tps=0.912
AGENT index=23 mig=fafc828a exit=0 wall_ms=52872 text=fd9dec9936f784ff role=child prefix_tokens=14282 suffix_tokens=17 model_ms=3244.8 context_ms=68.0 state_ms=8.09 prefix_ms=0.0 suffix_ms=1222.6 first_token_ms=5843.4 generation_ms=46524.8 generated=64 generation_tps=1.376
AGENT index=24 mig=31ffbfe4 exit=0 wall_ms=70191 text=9834d2c93010cb40 role=child prefix_tokens=14282 suffix_tokens=22 model_ms=1989.8 context_ms=201.1 state_ms=15.17 prefix_ms=0.0 suffix_ms=334.0 first_token_ms=3675.1 generation_ms=66236.5 generated=64 generation_tps=0.966
AGENT index=25 mig=fafc828a exit=0 wall_ms=52715 text=d4e1fcaa961685d1 role=child prefix_tokens=14282 suffix_tokens=23 model_ms=3306.3 context_ms=35.0 state_ms=6.73 prefix_ms=0.0 suffix_ms=1368.6 first_token_ms=6058.7 generation_ms=46284.9 generated=64 generation_tps=1.383
AGENT index=26 mig=31ffbfe4 exit=0 wall_ms=76917 text=9e35020256b4a71c role=child prefix_tokens=14282 suffix_tokens=19 model_ms=2702.6 context_ms=127.9 state_ms=19.43 prefix_ms=0.0 suffix_ms=1391.8 first_token_ms=5528.0 generation_ms=71123.2 generated=64 generation_tps=0.900
AGENT index=27 mig=fafc828a exit=0 wall_ms=52561 text=178df8f18d21f57e role=child prefix_tokens=14282 suffix_tokens=21 model_ms=3439.3 context_ms=46.6 state_ms=6.44 prefix_ms=0.0 suffix_ms=1255.5 first_token_ms=5864.9 generation_ms=46318.1 generated=64 generation_tps=1.382
AGENT index=28 mig=31ffbfe4 exit=0 wall_ms=77758 text=15c67d79a860da75 role=child prefix_tokens=14282 suffix_tokens=20 model_ms=3552.8 context_ms=33.8 state_ms=7.38 prefix_ms=0.0 suffix_ms=2197.2 first_token_ms=6964.9 generation_ms=70368.1 generated=64 generation_tps=0.910
AGENT index=29 mig=fafc828a exit=0 wall_ms=52187 text=a72f71cd80731afe role=child prefix_tokens=14282 suffix_tokens=22 model_ms=3305.5 context_ms=45.5 state_ms=6.78 prefix_ms=0.0 suffix_ms=780.4 first_token_ms=5235.7 generation_ms=46649.9 generated=64 generation_tps=1.372
AGENT index=30 mig=31ffbfe4 exit=0 wall_ms=77202 text=317f6f38771a1e41 role=child prefix_tokens=14282 suffix_tokens=20 model_ms=3003.8 context_ms=84.6 state_ms=13.54 prefix_ms=0.0 suffix_ms=1709.8 first_token_ms=5982.1 generation_ms=70959.0 generated=64 generation_tps=0.902
AGENT index=31 mig=fafc828a exit=0 wall_ms=49687 text=d52293b0dc058085 role=child prefix_tokens=14282 suffix_tokens=22 model_ms=2739.6 context_ms=116.4 state_ms=22.20 prefix_ms=0.0 suffix_ms=187.5 first_token_ms=4297.5 generation_ms=45130.0 generated=64 generation_tps=1.418
MEMORY mem_available_drop_mib=22616 mem_available_before_mib=115626 mem_free_before_mib=46107 pss_anon_mib=7844 pss_file_mib=740 pss_shmem_mib=7103 device_mib=12384 samples=12
END_CASE failed_agents=0 wall_ms=78046
CASE mode=weights agents=1
AGENT index=0 mig=31ffbfe4 exit=0 wall_ms=4797 text=4605b6e04b2228eb role=child prefix_tokens=14282 suffix_tokens=27 model_ms=402.8 context_ms=40.8 state_ms=136.12 prefix_ms=0.0 suffix_ms=144.5 first_token_ms=761.9 generation_ms=3791.2 generated=64 generation_tps=16.881
MEMORY mem_available_drop_mib=1657 mem_available_before_mib=115678 mem_free_before_mib=46153 pss_anon_mib=229 pss_file_mib=97 pss_shmem_mib=4518 device_mib=1276 samples=1
END_CASE failed_agents=0 wall_ms=4833
CASE mode=weights agents=8
AGENT index=0 mig=31ffbfe4 exit=0 wall_ms=19554 text=4605b6e04b2228eb role=child prefix_tokens=14282 suffix_tokens=27 model_ms=921.4 context_ms=94.8 state_ms=248.89 prefix_ms=0.0 suffix_ms=539.1 first_token_ms=2090.7 generation_ms=17210.5 generated=64 generation_tps=3.719
AGENT index=1 mig=fafc828a exit=0 wall_ms=13694 text=a5af93194a2d1ced role=child prefix_tokens=14282 suffix_tokens=22 model_ms=900.0 context_ms=87.5 state_ms=203.46 prefix_ms=0.0 suffix_ms=334.4 first_token_ms=1852.0 generation_ms=11466.3 generated=64 generation_tps=5.582
AGENT index=2 mig=31ffbfe4 exit=0 wall_ms=19525 text=37e5f08e6279aa62 role=child prefix_tokens=14282 suffix_tokens=24 model_ms=910.8 context_ms=99.6 state_ms=247.76 prefix_ms=0.0 suffix_ms=475.0 first_token_ms=2013.9 generation_ms=17245.5 generated=64 generation_tps=3.711
AGENT index=3 mig=fafc828a exit=0 wall_ms=13616 text=5e1ac569aa8b0faf role=child prefix_tokens=14282 suffix_tokens=32 model_ms=873.5 context_ms=84.6 state_ms=219.37 prefix_ms=0.0 suffix_ms=338.6 first_token_ms=1828.3 generation_ms=11505.9 generated=64 generation_tps=5.562
AGENT index=4 mig=31ffbfe4 exit=0 wall_ms=19598 text=6e3d8f07cfceb082 role=child prefix_tokens=14282 suffix_tokens=23 model_ms=953.6 context_ms=76.8 state_ms=253.15 prefix_ms=0.0 suffix_ms=498.2 first_token_ms=2061.0 generation_ms=17221.1 generated=64 generation_tps=3.716
AGENT index=5 mig=fafc828a exit=0 wall_ms=13689 text=47179dd0dcd49eb0 role=child prefix_tokens=14282 suffix_tokens=26 model_ms=910.7 context_ms=83.6 state_ms=203.43 prefix_ms=0.0 suffix_ms=379.8 first_token_ms=1885.7 generation_ms=11503.2 generated=64 generation_tps=5.564
AGENT index=6 mig=31ffbfe4 exit=0 wall_ms=19172 text=f88f503d1005fa22 role=child prefix_tokens=14282 suffix_tokens=21 model_ms=848.5 context_ms=38.0 state_ms=261.82 prefix_ms=0.0 suffix_ms=189.2 first_token_ms=1583.1 generation_ms=17331.3 generated=64 generation_tps=3.693
AGENT index=7 mig=fafc828a exit=0 wall_ms=13734 text=f9c832b7cad1a509 role=child prefix_tokens=14282 suffix_tokens=31 model_ms=865.0 context_ms=105.9 state_ms=215.45 prefix_ms=0.0 suffix_ms=381.7 first_token_ms=1887.4 generation_ms=11496.6 generated=64 generation_tps=5.567
MEMORY mem_available_drop_mib=12847 mem_available_before_mib=115556 mem_free_before_mib=46031 pss_anon_mib=1830 pss_file_mib=245 pss_shmem_mib=4925 device_mib=10264 samples=3
END_CASE failed_agents=0 wall_ms=19679
CASE mode=none agents=1
AGENT index=0 mig=31ffbfe4 exit=0 wall_ms=5490 text=4605b6e04b2228eb role=child prefix_tokens=14282 suffix_tokens=27 model_ms=1026.4 context_ms=38.3 state_ms=148.38 prefix_ms=0.0 suffix_ms=142.2 first_token_ms=1394.0 generation_ms=3695.5 generated=64 generation_tps=17.318
MEMORY mem_available_drop_mib=6138 mem_available_before_mib=115625 mem_free_before_mib=46100 pss_anon_mib=227 pss_file_mib=97 pss_shmem_mib=350 device_mib=5446 samples=1
END_CASE failed_agents=0 wall_ms=5526
CASE mode=none agents=8
AGENT index=0 mig=31ffbfe4 exit=0 wall_ms=20851 text=4605b6e04b2228eb role=child prefix_tokens=14282 suffix_tokens=27 model_ms=3485.4 context_ms=65.7 state_ms=312.42 prefix_ms=0.0 suffix_ms=592.2 first_token_ms=4768.2 generation_ms=15568.0 generated=64 generation_tps=4.111
AGENT index=1 mig=fafc828a exit=0 wall_ms=15612 text=a5af93194a2d1ced role=child prefix_tokens=14282 suffix_tokens=22 model_ms=2262.8 context_ms=44.1 state_ms=285.01 prefix_ms=0.0 suffix_ms=398.2 first_token_ms=3295.9 generation_ms=11841.2 generated=64 generation_tps=5.405
AGENT index=2 mig=31ffbfe4 exit=0 wall_ms=16631 text=37e5f08e6279aa62 role=child prefix_tokens=14282 suffix_tokens=24 model_ms=1396.2 context_ms=68.0 state_ms=294.30 prefix_ms=0.0 suffix_ms=200.7 first_token_ms=2170.2 generation_ms=14036.5 generated=64 generation_tps=4.560
AGENT index=3 mig=fafc828a exit=0 wall_ms=15509 text=5e1ac569aa8b0faf role=child prefix_tokens=14282 suffix_tokens=32 model_ms=2127.4 context_ms=43.0 state_ms=259.74 prefix_ms=0.0 suffix_ms=272.1 first_token_ms=3008.0 generation_ms=11996.4 generated=64 generation_tps=5.335
AGENT index=4 mig=31ffbfe4 exit=0 wall_ms=20770 text=6e3d8f07cfceb082 role=child prefix_tokens=14282 suffix_tokens=23 model_ms=3474.8 context_ms=62.5 state_ms=314.80 prefix_ms=0.0 suffix_ms=550.2 first_token_ms=4721.1 generation_ms=15599.6 generated=64 generation_tps=4.103
AGENT index=5 mig=fafc828a exit=0 wall_ms=15016 text=47179dd0dcd49eb0 role=child prefix_tokens=14282 suffix_tokens=26 model_ms=2035.9 context_ms=43.8 state_ms=228.90 prefix_ms=0.0 suffix_ms=158.3 first_token_ms=2768.4 generation_ms=11830.7 generated=64 generation_tps=5.410
AGENT index=6 mig=31ffbfe4 exit=0 wall_ms=20621 text=f88f503d1005fa22 role=child prefix_tokens=14282 suffix_tokens=21 model_ms=3138.7 context_ms=49.0 state_ms=306.46 prefix_ms=0.0 suffix_ms=395.6 first_token_ms=4199.8 generation_ms=15853.7 generated=64 generation_tps=4.037
AGENT index=7 mig=fafc828a exit=0 wall_ms=15652 text=f9c832b7cad1a509 role=child prefix_tokens=14282 suffix_tokens=31 model_ms=2249.0 context_ms=51.0 state_ms=287.54 prefix_ms=0.0 suffix_ms=445.6 first_token_ms=3345.8 generation_ms=11830.8 generated=64 generation_tps=5.410
MEMORY mem_available_drop_mib=48794 mem_available_before_mib=115341 mem_free_before_mib=45815 pss_anon_mib=1829 pss_file_mib=245 pss_shmem_mib=2804 device_mib=43624 samples=4
END_CASE failed_agents=0 wall_ms=20925
END_KVSTACK
