BEGIN_KVMECH run=1
CASE placement=cross mode=copy children=8 paragraphs=320 context=32768
PARENT exit=0 text=c646470e58f73411 prefix_tokens=16321 prefix_ms=19772.9 publish_ms=521.74 state_bytes=936173269 model_ms=1745.7 context_ms=55.7 suffix_ms=62.9 generation_ms=4861.3 generated=64 generation_tps=13.165 total_ms=44174.4
CHILD index=0 own_instance=1 exit=0 text=d42c4c07975a6446 role=child prefix_tokens=16321 suffix_tokens=16 model_ms=1632.5 context_ms=251.2 state_ms=421.96 prefix_ms=0.0 suffix_ms=394.4 first_token_ms=3001.4 generation_ms=12842.8 generated=64 generation_tps=4.983
CHILD index=1 own_instance=0 exit=0 text=3fd8649867d4bb41 role=child prefix_tokens=16321 suffix_tokens=16 model_ms=1646.9 context_ms=244.6 state_ms=429.71 prefix_ms=0.0 suffix_ms=448.8 first_token_ms=3060.6 generation_ms=18472.8 generated=64 generation_tps=3.465
CHILD index=2 own_instance=1 exit=0 text=3fd8649867d4bb41 role=child prefix_tokens=16321 suffix_tokens=16 model_ms=1629.3 context_ms=246.6 state_ms=426.67 prefix_ms=0.0 suffix_ms=400.1 first_token_ms=3007.8 generation_ms=12856.9 generated=64 generation_tps=4.978
CHILD index=3 own_instance=0 exit=0 text=3fd8649867d4bb41 role=child prefix_tokens=16321 suffix_tokens=16 model_ms=1641.1 context_ms=238.1 state_ms=238.17 prefix_ms=0.0 suffix_ms=172.4 first_token_ms=2582.5 generation_ms=18444.6 generated=64 generation_tps=3.470
CHILD index=4 own_instance=1 exit=0 text=3e0fd62f5aa50665 role=child prefix_tokens=16321 suffix_tokens=16 model_ms=1638.1 context_ms=267.1 state_ms=404.71 prefix_ms=0.0 suffix_ms=383.9 first_token_ms=2992.6 generation_ms=12882.2 generated=64 generation_tps=4.968
CHILD index=5 own_instance=0 exit=0 text=3fd8649867d4bb41 role=child prefix_tokens=16321 suffix_tokens=16 model_ms=1650.9 context_ms=248.5 state_ms=417.68 prefix_ms=0.0 suffix_ms=426.5 first_token_ms=3034.2 generation_ms=18469.4 generated=64 generation_tps=3.465
CHILD index=6 own_instance=1 exit=0 text=4a8f18b77dbe0332 role=child prefix_tokens=16321 suffix_tokens=16 model_ms=1678.3 context_ms=262.9 state_ms=404.60 prefix_ms=0.0 suffix_ms=377.0 first_token_ms=2987.8 generation_ms=12852.0 generated=64 generation_tps=4.980
CHILD index=7 own_instance=0 exit=0 text=4a8f18b77dbe0332 role=child prefix_tokens=16321 suffix_tokens=16 model_ms=1632.8 context_ms=246.9 state_ms=419.95 prefix_ms=0.0 suffix_ms=463.1 first_token_ms=3067.3 generation_ms=18470.8 generated=64 generation_tps=3.465
MEMORY mem_available_drop_mib=20279
END_CASE failed=0 timed_out=0
CASE placement=cross mode=extent children=8 paragraphs=320 context=32768
PARENT exit=0 text=c646470e58f73411 prefix_tokens=16321 prefix_ms=19842.5 publish_ms=9.01 state_bytes=261845 model_ms=598.8 context_ms=33.7 suffix_ms=111.2 generation_ms=9026.2 generated=64 generation_tps=7.091 total_ms=42053.8
CHILD index=0 own_instance=1 exit=0 text=d42c4c07975a6446 role=child prefix_tokens=16321 suffix_tokens=16 model_ms=1207.9 context_ms=53.7 state_ms=7.37 prefix_ms=0.0 suffix_ms=369.3 first_token_ms=1914.8 generation_ms=13932.0 generated=64 generation_tps=4.594
CHILD index=1 own_instance=0 exit=0 text=3fd8649867d4bb41 role=child prefix_tokens=16321 suffix_tokens=16 model_ms=1175.7 context_ms=43.6 state_ms=7.48 prefix_ms=0.0 suffix_ms=431.8 first_token_ms=1959.0 generation_ms=19145.1 generated=64 generation_tps=3.343
CHILD index=2 own_instance=1 exit=0 text=3fd8649867d4bb41 role=child prefix_tokens=16321 suffix_tokens=16 model_ms=1177.0 context_ms=45.0 state_ms=7.30 prefix_ms=0.0 suffix_ms=335.0 first_token_ms=1846.7 generation_ms=13909.6 generated=64 generation_tps=4.601
CHILD index=3 own_instance=0 exit=0 text=3fd8649867d4bb41 role=child prefix_tokens=16321 suffix_tokens=16 model_ms=1085.5 context_ms=34.9 state_ms=7.45 prefix_ms=0.0 suffix_ms=317.8 first_token_ms=1746.8 generation_ms=19249.9 generated=64 generation_tps=3.325
CHILD index=4 own_instance=1 exit=0 text=3e0fd62f5aa50665 role=child prefix_tokens=16321 suffix_tokens=16 model_ms=1204.9 context_ms=47.6 state_ms=7.68 prefix_ms=0.0 suffix_ms=379.0 first_token_ms=1929.0 generation_ms=13920.4 generated=64 generation_tps=4.598
CHILD index=5 own_instance=0 exit=0 text=3fd8649867d4bb41 role=child prefix_tokens=16321 suffix_tokens=16 model_ms=1177.0 context_ms=50.9 state_ms=7.46 prefix_ms=0.0 suffix_ms=459.1 first_token_ms=1997.1 generation_ms=19123.9 generated=64 generation_tps=3.347
CHILD index=6 own_instance=1 exit=0 text=4a8f18b77dbe0332 role=child prefix_tokens=16321 suffix_tokens=16 model_ms=1187.6 context_ms=49.8 state_ms=7.47 prefix_ms=0.0 suffix_ms=372.8 first_token_ms=1912.5 generation_ms=13930.9 generated=64 generation_tps=4.594
CHILD index=7 own_instance=0 exit=0 text=4a8f18b77dbe0332 role=child prefix_tokens=16321 suffix_tokens=16 model_ms=1044.7 context_ms=39.2 state_ms=7.45 prefix_ms=0.0 suffix_ms=152.6 first_token_ms=1528.5 generation_ms=19248.9 generated=64 generation_tps=3.325
MEMORY mem_available_drop_mib=5879
END_CASE failed=0 timed_out=0
CASE placement=cross mode=no_read children=8 paragraphs=320 context=32768
PARENT exit=0 text=c646470e58f73411 prefix_tokens=16321 prefix_ms=19831.1 publish_ms=9.15 state_bytes=261845 model_ms=574.7 context_ms=33.5 suffix_ms=102.9 generation_ms=9287.1 generated=64 generation_tps=6.891 total_ms=42626.2
CHILD index=0 own_instance=1 exit=0 text=d42c4c07975a6446 role=child prefix_tokens=16321 suffix_tokens=16 model_ms=1183.8 context_ms=41.7 state_ms=7.65 prefix_ms=0.0 suffix_ms=1037.5 first_token_ms=2567.0 generation_ms=13789.3 generated=64 generation_tps=4.641
CHILD index=1 own_instance=0 exit=0 text=3fd8649867d4bb41 role=child prefix_tokens=16321 suffix_tokens=16 model_ms=1143.7 context_ms=36.2 state_ms=7.54 prefix_ms=0.0 suffix_ms=967.0 first_token_ms=2447.5 generation_ms=19227.7 generated=64 generation_tps=3.329
CHILD index=2 own_instance=1 exit=0 text=3fd8649867d4bb41 role=child prefix_tokens=16321 suffix_tokens=16 model_ms=1079.4 context_ms=33.1 state_ms=7.18 prefix_ms=0.0 suffix_ms=784.8 first_token_ms=2208.4 generation_ms=13913.7 generated=64 generation_tps=4.600
CHILD index=3 own_instance=0 exit=0 text=3fd8649867d4bb41 role=child prefix_tokens=16321 suffix_tokens=16 model_ms=1150.5 context_ms=41.8 state_ms=8.13 prefix_ms=0.0 suffix_ms=961.7 first_token_ms=2456.3 generation_ms=19227.8 generated=64 generation_tps=3.329
CHILD index=4 own_instance=1 exit=0 text=3e0fd62f5aa50665 role=child prefix_tokens=16321 suffix_tokens=16 model_ms=1191.4 context_ms=36.2 state_ms=7.59 prefix_ms=0.0 suffix_ms=1046.7 first_token_ms=2567.0 generation_ms=13794.9 generated=64 generation_tps=4.639
CHILD index=5 own_instance=0 exit=0 text=3fd8649867d4bb41 role=child prefix_tokens=16321 suffix_tokens=16 model_ms=1156.0 context_ms=41.0 state_ms=7.48 prefix_ms=0.0 suffix_ms=1010.1 first_token_ms=2516.4 generation_ms=19187.4 generated=64 generation_tps=3.336
CHILD index=6 own_instance=1 exit=0 text=4a8f18b77dbe0332 role=child prefix_tokens=16321 suffix_tokens=16 model_ms=1175.9 context_ms=40.1 state_ms=7.52 prefix_ms=0.0 suffix_ms=1016.1 first_token_ms=2541.6 generation_ms=13799.1 generated=64 generation_tps=4.638
CHILD index=7 own_instance=0 exit=0 text=4a8f18b77dbe0332 role=child prefix_tokens=16321 suffix_tokens=16 model_ms=1127.9 context_ms=35.5 state_ms=7.47 prefix_ms=0.0 suffix_ms=654.3 first_token_ms=2087.2 generation_ms=19347.0 generated=64 generation_tps=3.308
MEMORY mem_available_drop_mib=5930
END_CASE failed=0 timed_out=0
CASE placement=cross mode=no_populate children=8 paragraphs=320 context=32768
PARENT exit=0 text=c646470e58f73411 prefix_tokens=16321 prefix_ms=19818.8 publish_ms=9.17 state_bytes=261845 model_ms=578.3 context_ms=34.5 suffix_ms=102.5 generation_ms=9193.3 generated=64 generation_tps=6.962 total_ms=42387.6
CHILD index=0 own_instance=1 exit=0 text=d42c4c07975a6446 role=child prefix_tokens=16321 suffix_tokens=16 model_ms=1190.7 context_ms=37.8 state_ms=7.61 prefix_ms=0.0 suffix_ms=548.0 first_token_ms=2067.0 generation_ms=14174.7 generated=64 generation_tps=4.515
CHILD index=1 own_instance=0 exit=0 text=3fd8649867d4bb41 role=child prefix_tokens=16321 suffix_tokens=16 model_ms=1057.7 context_ms=36.1 state_ms=7.39 prefix_ms=0.0 suffix_ms=253.2 first_token_ms=1608.9 generation_ms=19599.2 generated=64 generation_tps=3.265
CHILD index=2 own_instance=1 exit=0 text=3fd8649867d4bb41 role=child prefix_tokens=16321 suffix_tokens=16 model_ms=1113.8 context_ms=40.7 state_ms=7.37 prefix_ms=0.0 suffix_ms=394.9 first_token_ms=1842.7 generation_ms=14241.7 generated=64 generation_tps=4.494
CHILD index=3 own_instance=0 exit=0 text=3fd8649867d4bb41 role=child prefix_tokens=16321 suffix_tokens=16 model_ms=1106.9 context_ms=42.0 state_ms=7.58 prefix_ms=0.0 suffix_ms=577.4 first_token_ms=2030.0 generation_ms=19443.3 generated=64 generation_tps=3.292
CHILD index=4 own_instance=1 exit=0 text=3e0fd62f5aa50665 role=child prefix_tokens=16321 suffix_tokens=16 model_ms=1186.9 context_ms=41.3 state_ms=7.55 prefix_ms=0.0 suffix_ms=565.2 first_token_ms=2100.6 generation_ms=14152.5 generated=64 generation_tps=4.522
CHILD index=5 own_instance=0 exit=0 text=3fd8649867d4bb41 role=child prefix_tokens=16321 suffix_tokens=16 model_ms=1135.7 context_ms=38.0 state_ms=7.39 prefix_ms=0.0 suffix_ms=593.2 first_token_ms=2076.8 generation_ms=19425.6 generated=64 generation_tps=3.295
CHILD index=6 own_instance=1 exit=0 text=4a8f18b77dbe0332 role=child prefix_tokens=16321 suffix_tokens=16 model_ms=1182.4 context_ms=44.0 state_ms=7.50 prefix_ms=0.0 suffix_ms=566.9 first_token_ms=2087.1 generation_ms=14147.8 generated=64 generation_tps=4.524
CHILD index=7 own_instance=0 exit=0 text=4a8f18b77dbe0332 role=child prefix_tokens=16321 suffix_tokens=16 model_ms=1049.2 context_ms=36.2 state_ms=7.92 prefix_ms=0.0 suffix_ms=492.7 first_token_ms=1887.1 generation_ms=19520.9 generated=64 generation_tps=3.279
MEMORY mem_available_drop_mib=5932
END_CASE failed=0 timed_out=0
CASE placement=cross mode=writable children=8 paragraphs=320 context=32768
PARENT exit=0 text=c646470e58f73411 prefix_tokens=16321 prefix_ms=19821.9 publish_ms=9.41 state_bytes=261845 model_ms=628.9 context_ms=34.7 suffix_ms=103.8 generation_ms=9086.7 generated=64 generation_tps=7.043 total_ms=42494.4
CHILD index=0 own_instance=1 exit=0 text=d42c4c07975a6446 role=child prefix_tokens=16321 suffix_tokens=16 model_ms=1196.0 context_ms=41.2 state_ms=7.42 prefix_ms=0.0 suffix_ms=772.6 first_token_ms=2305.2 generation_ms=13961.7 generated=64 generation_tps=4.584
CHILD index=1 own_instance=0 exit=0 text=3fd8649867d4bb41 role=child prefix_tokens=16321 suffix_tokens=16 model_ms=1115.5 context_ms=38.9 state_ms=7.61 prefix_ms=0.0 suffix_ms=732.9 first_token_ms=2193.0 generation_ms=19267.3 generated=64 generation_tps=3.322
CHILD index=2 own_instance=1 exit=0 text=3fd8649867d4bb41 role=child prefix_tokens=16321 suffix_tokens=16 model_ms=1178.5 context_ms=40.6 state_ms=7.43 prefix_ms=0.0 suffix_ms=762.1 first_token_ms=2281.2 generation_ms=14011.0 generated=64 generation_tps=4.568
CHILD index=3 own_instance=0 exit=0 text=3fd8649867d4bb41 role=child prefix_tokens=16321 suffix_tokens=16 model_ms=1027.3 context_ms=34.0 state_ms=7.48 prefix_ms=0.0 suffix_ms=228.5 first_token_ms=1573.2 generation_ms=19533.2 generated=64 generation_tps=3.276
CHILD index=4 own_instance=1 exit=0 text=3e0fd62f5aa50665 role=child prefix_tokens=16321 suffix_tokens=16 model_ms=1184.8 context_ms=47.4 state_ms=7.71 prefix_ms=0.0 suffix_ms=767.8 first_token_ms=2287.7 generation_ms=14005.7 generated=64 generation_tps=4.570
CHILD index=5 own_instance=0 exit=0 text=3fd8649867d4bb41 role=child prefix_tokens=16321 suffix_tokens=16 model_ms=1133.6 context_ms=39.8 state_ms=7.62 prefix_ms=0.0 suffix_ms=746.7 first_token_ms=2212.1 generation_ms=19309.0 generated=64 generation_tps=3.315
CHILD index=6 own_instance=1 exit=0 text=4a8f18b77dbe0332 role=child prefix_tokens=16321 suffix_tokens=16 model_ms=1181.0 context_ms=41.8 state_ms=7.32 prefix_ms=0.0 suffix_ms=773.5 first_token_ms=2301.8 generation_ms=13991.8 generated=64 generation_tps=4.574
CHILD index=7 own_instance=0 exit=0 text=4a8f18b77dbe0332 role=child prefix_tokens=16321 suffix_tokens=16 model_ms=1140.4 context_ms=36.6 state_ms=7.38 prefix_ms=0.0 suffix_ms=756.6 first_token_ms=2239.3 generation_ms=19285.1 generated=64 generation_tps=3.319
MEMORY mem_available_drop_mib=6790
END_CASE failed=0 timed_out=0
CASE placement=cross mode=writable_no_read children=8 paragraphs=320 context=32768
PARENT exit=0 text=c646470e58f73411 prefix_tokens=16321 prefix_ms=19847.9 publish_ms=9.23 state_bytes=261845 model_ms=601.9 context_ms=35.8 suffix_ms=106.0 generation_ms=10389.3 generated=64 generation_tps=6.160 total_ms=45551.3
CHILD index=0 own_instance=1 exit=0 text=d42c4c07975a6446 role=child prefix_tokens=16321 suffix_tokens=16 model_ms=1160.8 context_ms=36.3 state_ms=7.36 prefix_ms=0.0 suffix_ms=3731.0 first_token_ms=5229.2 generation_ms=13650.7 generated=64 generation_tps=4.688
CHILD index=1 own_instance=0 exit=0 text=3fd8649867d4bb41 role=child prefix_tokens=16321 suffix_tokens=16 model_ms=1123.0 context_ms=37.0 state_ms=7.42 prefix_ms=0.0 suffix_ms=3863.8 first_token_ms=5314.8 generation_ms=19211.8 generated=64 generation_tps=3.331
CHILD index=2 own_instance=1 exit=0 text=3fd8649867d4bb41 role=child prefix_tokens=16321 suffix_tokens=16 model_ms=1165.5 context_ms=38.3 state_ms=7.41 prefix_ms=0.0 suffix_ms=3682.9 first_token_ms=5187.2 generation_ms=13659.1 generated=64 generation_tps=4.686
CHILD index=3 own_instance=0 exit=0 text=3fd8649867d4bb41 role=child prefix_tokens=16321 suffix_tokens=16 model_ms=1085.3 context_ms=34.8 state_ms=7.28 prefix_ms=0.0 suffix_ms=3633.8 first_token_ms=5046.6 generation_ms=19359.9 generated=64 generation_tps=3.306
CHILD index=4 own_instance=1 exit=0 text=3e0fd62f5aa50665 role=child prefix_tokens=16321 suffix_tokens=16 model_ms=1055.1 context_ms=34.5 state_ms=7.40 prefix_ms=0.0 suffix_ms=3585.6 first_token_ms=4911.7 generation_ms=13781.6 generated=64 generation_tps=4.644
CHILD index=5 own_instance=0 exit=0 text=3fd8649867d4bb41 role=child prefix_tokens=16321 suffix_tokens=16 model_ms=1116.1 context_ms=35.9 state_ms=7.43 prefix_ms=0.0 suffix_ms=3751.8 first_token_ms=5212.5 generation_ms=19289.4 generated=64 generation_tps=3.318
CHILD index=6 own_instance=1 exit=0 text=4a8f18b77dbe0332 role=child prefix_tokens=16321 suffix_tokens=16 model_ms=1168.3 context_ms=38.2 state_ms=7.41 prefix_ms=0.0 suffix_ms=3731.8 first_token_ms=5224.8 generation_ms=13656.3 generated=64 generation_tps=4.686
CHILD index=7 own_instance=0 exit=0 text=4a8f18b77dbe0332 role=child prefix_tokens=16321 suffix_tokens=16 model_ms=1028.8 context_ms=33.8 state_ms=7.52 prefix_ms=0.0 suffix_ms=3356.0 first_token_ms=4722.8 generation_ms=19480.1 generated=64 generation_tps=3.285
MEMORY mem_available_drop_mib=13047
END_CASE failed=0 timed_out=0
CASE placement=cross mode=grow_1024 children=8 paragraphs=320 context=32768
PARENT exit=0 text=c646470e58f73411 prefix_tokens=16321 prefix_ms=19834.7 publish_ms=7.28 state_bytes=261845 model_ms=576.8 context_ms=34.8 suffix_ms=107.3 generation_ms=9811.9 generated=64 generation_tps=6.523 total_ms=42116.2
CHILD index=0 own_instance=1 exit=0 text=d42c4c07975a6446 role=child prefix_tokens=16321 suffix_tokens=16 model_ms=924.7 context_ms=36.2 state_ms=7.69 prefix_ms=0.0 suffix_ms=181.0 first_token_ms=1398.9 generation_ms=13947.2 generated=64 generation_tps=4.589
CHILD index=1 own_instance=0 exit=0 text=3fd8649867d4bb41 role=child prefix_tokens=16321 suffix_tokens=16 model_ms=1164.8 context_ms=46.1 state_ms=7.52 prefix_ms=0.0 suffix_ms=425.5 first_token_ms=1939.9 generation_ms=19228.7 generated=64 generation_tps=3.328
CHILD index=2 own_instance=1 exit=0 text=3fd8649867d4bb41 role=child prefix_tokens=16321 suffix_tokens=16 model_ms=1184.6 context_ms=44.2 state_ms=7.42 prefix_ms=0.0 suffix_ms=406.2 first_token_ms=1924.5 generation_ms=13892.6 generated=64 generation_tps=4.607
CHILD index=3 own_instance=0 exit=0 text=3fd8649867d4bb41 role=child prefix_tokens=16321 suffix_tokens=16 model_ms=1166.6 context_ms=53.3 state_ms=7.62 prefix_ms=0.0 suffix_ms=442.8 first_token_ms=1960.6 generation_ms=19204.8 generated=64 generation_tps=3.332
CHILD index=4 own_instance=1 exit=0 text=3e0fd62f5aa50665 role=child prefix_tokens=16321 suffix_tokens=16 model_ms=1109.9 context_ms=37.2 state_ms=7.33 prefix_ms=0.0 suffix_ms=328.3 first_token_ms=1786.3 generation_ms=13975.1 generated=64 generation_tps=4.580
CHILD index=5 own_instance=0 exit=0 text=3fd8649867d4bb41 role=child prefix_tokens=16321 suffix_tokens=16 model_ms=1163.8 context_ms=48.6 state_ms=7.53 prefix_ms=0.0 suffix_ms=442.3 first_token_ms=1966.2 generation_ms=19213.9 generated=64 generation_tps=3.331
CHILD index=6 own_instance=1 exit=0 text=4a8f18b77dbe0332 role=child prefix_tokens=16321 suffix_tokens=16 model_ms=1192.7 context_ms=40.7 state_ms=7.54 prefix_ms=0.0 suffix_ms=430.7 first_token_ms=1971.1 generation_ms=13869.2 generated=64 generation_tps=4.615
CHILD index=7 own_instance=0 exit=0 text=4a8f18b77dbe0332 role=child prefix_tokens=16321 suffix_tokens=16 model_ms=1101.9 context_ms=36.3 state_ms=7.43 prefix_ms=0.0 suffix_ms=140.8 first_token_ms=1575.4 generation_ms=19215.3 generated=64 generation_tps=3.331
MEMORY mem_available_drop_mib=6092
END_CASE failed=0 timed_out=0
CASE placement=cross mode=grow_4096 children=8 paragraphs=320 context=32768
PARENT exit=0 text=c646470e58f73411 prefix_tokens=16321 prefix_ms=19840.5 publish_ms=9.13 state_bytes=261845 model_ms=575.9 context_ms=34.8 suffix_ms=106.3 generation_ms=9560.5 generated=64 generation_tps=6.694 total_ms=42120.4
CHILD index=0 own_instance=1 exit=0 text=d42c4c07975a6446 role=child prefix_tokens=16321 suffix_tokens=16 model_ms=1173.8 context_ms=47.4 state_ms=7.48 prefix_ms=0.0 suffix_ms=397.7 first_token_ms=1912.8 generation_ms=13923.8 generated=64 generation_tps=4.596
CHILD index=1 own_instance=0 exit=0 text=3fd8649867d4bb41 role=child prefix_tokens=16321 suffix_tokens=16 model_ms=1137.9 context_ms=35.9 state_ms=7.50 prefix_ms=0.0 suffix_ms=214.4 first_token_ms=1657.5 generation_ms=19139.3 generated=64 generation_tps=3.344
CHILD index=2 own_instance=1 exit=0 text=3fd8649867d4bb41 role=child prefix_tokens=16321 suffix_tokens=16 model_ms=1021.5 context_ms=34.1 state_ms=7.27 prefix_ms=0.0 suffix_ms=181.0 first_token_ms=1483.9 generation_ms=13959.4 generated=64 generation_tps=4.585
CHILD index=3 own_instance=0 exit=0 text=3fd8649867d4bb41 role=child prefix_tokens=16321 suffix_tokens=16 model_ms=1159.9 context_ms=43.8 state_ms=7.56 prefix_ms=0.0 suffix_ms=444.3 first_token_ms=1948.4 generation_ms=19243.2 generated=64 generation_tps=3.326
CHILD index=4 own_instance=1 exit=0 text=3e0fd62f5aa50665 role=child prefix_tokens=16321 suffix_tokens=16 model_ms=1119.1 context_ms=37.2 state_ms=7.86 prefix_ms=0.0 suffix_ms=351.1 first_token_ms=1813.5 generation_ms=13925.7 generated=64 generation_tps=4.596
CHILD index=5 own_instance=0 exit=0 text=3fd8649867d4bb41 role=child prefix_tokens=16321 suffix_tokens=16 model_ms=1164.0 context_ms=49.8 state_ms=7.44 prefix_ms=0.0 suffix_ms=447.9 first_token_ms=1956.0 generation_ms=19184.4 generated=64 generation_tps=3.336
CHILD index=6 own_instance=1 exit=0 text=4a8f18b77dbe0332 role=child prefix_tokens=16321 suffix_tokens=16 model_ms=1164.9 context_ms=49.9 state_ms=7.50 prefix_ms=0.0 suffix_ms=405.7 first_token_ms=1912.5 generation_ms=13907.0 generated=64 generation_tps=4.602
CHILD index=7 own_instance=0 exit=0 text=4a8f18b77dbe0332 role=child prefix_tokens=16321 suffix_tokens=16 model_ms=1149.3 context_ms=50.5 state_ms=7.55 prefix_ms=0.0 suffix_ms=451.2 first_token_ms=1959.7 generation_ms=19225.4 generated=64 generation_tps=3.329
MEMORY mem_available_drop_mib=6898
END_CASE failed=0 timed_out=0
CASE placement=cross mode=grow_all children=8 paragraphs=320 context=32768
PARENT exit=0 text=c646470e58f73411 prefix_tokens=16321 prefix_ms=19813.2 publish_ms=9.01 state_bytes=261845 model_ms=587.4 context_ms=64.0 suffix_ms=108.5 generation_ms=9102.6 generated=64 generation_tps=7.031 total_ms=42205.5
CHILD index=0 own_instance=1 exit=0 text=d42c4c07975a6446 role=child prefix_tokens=16321 suffix_tokens=16 model_ms=1214.7 context_ms=64.5 state_ms=18.70 prefix_ms=0.0 suffix_ms=384.0 first_token_ms=1970.6 generation_ms=13900.1 generated=64 generation_tps=4.604
CHILD index=1 own_instance=0 exit=0 text=3fd8649867d4bb41 role=child prefix_tokens=16321 suffix_tokens=16 model_ms=1141.3 context_ms=59.9 state_ms=23.51 prefix_ms=0.0 suffix_ms=386.0 first_token_ms=1883.0 generation_ms=19268.2 generated=64 generation_tps=3.322
CHILD index=2 own_instance=1 exit=0 text=3fd8649867d4bb41 role=child prefix_tokens=16321 suffix_tokens=16 model_ms=1140.6 context_ms=59.0 state_ms=19.58 prefix_ms=0.0 suffix_ms=285.1 first_token_ms=1791.4 generation_ms=13950.0 generated=64 generation_tps=4.588
CHILD index=3 own_instance=0 exit=0 text=3fd8649867d4bb41 role=child prefix_tokens=16321 suffix_tokens=16 model_ms=1108.7 context_ms=56.4 state_ms=23.06 prefix_ms=0.0 suffix_ms=328.9 first_token_ms=1815.6 generation_ms=19272.8 generated=64 generation_tps=3.321
CHILD index=4 own_instance=1 exit=0 text=3e0fd62f5aa50665 role=child prefix_tokens=16321 suffix_tokens=16 model_ms=1180.2 context_ms=66.3 state_ms=18.57 prefix_ms=0.0 suffix_ms=367.7 first_token_ms=1931.1 generation_ms=13896.1 generated=64 generation_tps=4.606
CHILD index=5 own_instance=0 exit=0 text=3fd8649867d4bb41 role=child prefix_tokens=16321 suffix_tokens=16 model_ms=1189.2 context_ms=65.3 state_ms=17.98 prefix_ms=0.0 suffix_ms=452.5 first_token_ms=2027.9 generation_ms=19216.9 generated=64 generation_tps=3.330
CHILD index=6 own_instance=1 exit=0 text=4a8f18b77dbe0332 role=child prefix_tokens=16321 suffix_tokens=16 model_ms=1213.0 context_ms=73.2 state_ms=18.65 prefix_ms=0.0 suffix_ms=403.8 first_token_ms=1984.1 generation_ms=13882.3 generated=64 generation_tps=4.610
CHILD index=7 own_instance=0 exit=0 text=4a8f18b77dbe0332 role=child prefix_tokens=16321 suffix_tokens=16 model_ms=1164.3 context_ms=80.9 state_ms=18.17 prefix_ms=0.0 suffix_ms=454.6 first_token_ms=2008.3 generation_ms=19229.8 generated=64 generation_tps=3.328
MEMORY mem_available_drop_mib=12906
END_CASE failed=0 timed_out=0
CASE placement=cross mode=small_pages children=8 paragraphs=320 context=32768
PARENT exit=0 text=c646470e58f73411 prefix_tokens=16321 prefix_ms=19962.3 publish_ms=13.67 state_bytes=261845 model_ms=606.9 context_ms=35.2 suffix_ms=64.3 generation_ms=8818.3 generated=64 generation_tps=7.258 total_ms=42360.0
CHILD index=0 own_instance=1 exit=0 text=d42c4c07975a6446 role=child prefix_tokens=16321 suffix_tokens=16 model_ms=1199.0 context_ms=46.9 state_ms=7.62 prefix_ms=0.0 suffix_ms=399.5 first_token_ms=1955.5 generation_ms=13901.5 generated=64 generation_tps=4.604
CHILD index=1 own_instance=0 exit=0 text=3fd8649867d4bb41 role=child prefix_tokens=16321 suffix_tokens=16 model_ms=1114.9 context_ms=57.9 state_ms=7.50 prefix_ms=0.0 suffix_ms=433.5 first_token_ms=1913.0 generation_ms=19296.9 generated=64 generation_tps=3.317
CHILD index=2 own_instance=1 exit=0 text=3fd8649867d4bb41 role=child prefix_tokens=16321 suffix_tokens=16 model_ms=1196.4 context_ms=51.3 state_ms=7.60 prefix_ms=0.0 suffix_ms=371.0 first_token_ms=1912.4 generation_ms=13905.2 generated=64 generation_tps=4.603
CHILD index=3 own_instance=0 exit=0 text=3fd8649867d4bb41 role=child prefix_tokens=16321 suffix_tokens=16 model_ms=1113.2 context_ms=52.6 state_ms=7.48 prefix_ms=0.0 suffix_ms=379.9 first_token_ms=1832.0 generation_ms=19318.7 generated=64 generation_tps=3.313
CHILD index=4 own_instance=1 exit=0 text=3e0fd62f5aa50665 role=child prefix_tokens=16321 suffix_tokens=16 model_ms=1203.4 context_ms=48.2 state_ms=7.54 prefix_ms=0.0 suffix_ms=393.1 first_token_ms=1941.6 generation_ms=13908.0 generated=64 generation_tps=4.602
CHILD index=5 own_instance=0 exit=0 text=3fd8649867d4bb41 role=child prefix_tokens=16321 suffix_tokens=16 model_ms=1100.3 context_ms=53.2 state_ms=7.07 prefix_ms=0.0 suffix_ms=395.8 first_token_ms=1849.6 generation_ms=19312.0 generated=64 generation_tps=3.314
CHILD index=6 own_instance=1 exit=0 text=4a8f18b77dbe0332 role=child prefix_tokens=16321 suffix_tokens=16 model_ms=1139.5 context_ms=53.5 state_ms=7.69 prefix_ms=0.0 suffix_ms=277.3 first_token_ms=1769.4 generation_ms=13952.9 generated=64 generation_tps=4.587
CHILD index=7 own_instance=0 exit=0 text=4a8f18b77dbe0332 role=child prefix_tokens=16321 suffix_tokens=16 model_ms=1150.3 context_ms=49.3 state_ms=7.57 prefix_ms=0.0 suffix_ms=452.3 first_token_ms=1937.4 generation_ms=19275.7 generated=64 generation_tps=3.320
MEMORY mem_available_drop_mib=5839
END_CASE failed=0 timed_out=0
END_KVMECH
BEGIN_KVMECH run=2
CASE placement=cross mode=small_pages children=8 paragraphs=320 context=32768
PARENT exit=0 text=c646470e58f73411 prefix_tokens=16321 prefix_ms=19952.4 publish_ms=11.15 state_bytes=261845 model_ms=577.5 context_ms=34.8 suffix_ms=65.8 generation_ms=8854.0 generated=64 generation_tps=7.228 total_ms=42220.6
CHILD index=0 own_instance=1 exit=0 text=d42c4c07975a6446 role=child prefix_tokens=16321 suffix_tokens=16 model_ms=1187.3 context_ms=54.9 state_ms=7.29 prefix_ms=0.0 suffix_ms=402.1 first_token_ms=1945.4 generation_ms=13940.4 generated=64 generation_tps=4.591
CHILD index=1 own_instance=0 exit=0 text=3fd8649867d4bb41 role=child prefix_tokens=16321 suffix_tokens=16 model_ms=1115.1 context_ms=53.5 state_ms=7.57 prefix_ms=0.0 suffix_ms=413.0 first_token_ms=1879.0 generation_ms=19251.3 generated=64 generation_tps=3.324
CHILD index=2 own_instance=1 exit=0 text=3fd8649867d4bb41 role=child prefix_tokens=16321 suffix_tokens=16 model_ms=1138.9 context_ms=65.0 state_ms=14.24 prefix_ms=0.0 suffix_ms=334.9 first_token_ms=1835.5 generation_ms=13981.1 generated=64 generation_tps=4.578
CHILD index=3 own_instance=0 exit=0 text=3fd8649867d4bb41 role=child prefix_tokens=16321 suffix_tokens=16 model_ms=1172.0 context_ms=54.8 state_ms=7.47 prefix_ms=0.0 suffix_ms=454.6 first_token_ms=1973.9 generation_ms=19214.9 generated=64 generation_tps=3.331
CHILD index=4 own_instance=1 exit=0 text=3e0fd62f5aa50665 role=child prefix_tokens=16321 suffix_tokens=16 model_ms=1135.2 context_ms=57.9 state_ms=7.56 prefix_ms=0.0 suffix_ms=347.2 first_token_ms=1847.1 generation_ms=13982.1 generated=64 generation_tps=4.577
CHILD index=5 own_instance=0 exit=0 text=3fd8649867d4bb41 role=child prefix_tokens=16321 suffix_tokens=16 model_ms=1085.7 context_ms=44.2 state_ms=9.52 prefix_ms=0.0 suffix_ms=188.2 first_token_ms=1602.0 generation_ms=19319.7 generated=64 generation_tps=3.313
CHILD index=6 own_instance=1 exit=0 text=4a8f18b77dbe0332 role=child prefix_tokens=16321 suffix_tokens=16 model_ms=1183.5 context_ms=56.4 state_ms=7.36 prefix_ms=0.0 suffix_ms=399.8 first_token_ms=1943.4 generation_ms=13946.2 generated=64 generation_tps=4.589
CHILD index=7 own_instance=0 exit=0 text=4a8f18b77dbe0332 role=child prefix_tokens=16321 suffix_tokens=16 model_ms=1160.3 context_ms=52.9 state_ms=7.71 prefix_ms=0.0 suffix_ms=448.3 first_token_ms=1947.9 generation_ms=19227.2 generated=64 generation_tps=3.329
MEMORY mem_available_drop_mib=5837
END_CASE failed=0 timed_out=0
CASE placement=cross mode=grow_all children=8 paragraphs=320 context=32768
PARENT exit=0 text=c646470e58f73411 prefix_tokens=16321 prefix_ms=19837.6 publish_ms=9.12 state_bytes=261845 model_ms=576.2 context_ms=64.0 suffix_ms=104.4 generation_ms=9070.2 generated=64 generation_tps=7.056 total_ms=42105.0
CHILD index=0 own_instance=1 exit=0 text=d42c4c07975a6446 role=child prefix_tokens=16321 suffix_tokens=16 model_ms=1179.5 context_ms=66.4 state_ms=19.43 prefix_ms=0.0 suffix_ms=355.9 first_token_ms=1900.6 generation_ms=13917.3 generated=64 generation_tps=4.599
CHILD index=1 own_instance=0 exit=0 text=3fd8649867d4bb41 role=child prefix_tokens=16321 suffix_tokens=16 model_ms=1137.4 context_ms=65.8 state_ms=18.41 prefix_ms=0.0 suffix_ms=440.5 first_token_ms=1957.9 generation_ms=19212.2 generated=64 generation_tps=3.331
CHILD index=2 own_instance=1 exit=0 text=3fd8649867d4bb41 role=child prefix_tokens=16321 suffix_tokens=16 model_ms=1154.1 context_ms=64.7 state_ms=17.90 prefix_ms=0.0 suffix_ms=349.3 first_token_ms=1878.3 generation_ms=13925.2 generated=64 generation_tps=4.596
CHILD index=3 own_instance=0 exit=0 text=3fd8649867d4bb41 role=child prefix_tokens=16321 suffix_tokens=16 model_ms=1056.6 context_ms=51.7 state_ms=18.43 prefix_ms=0.0 suffix_ms=367.0 first_token_ms=1788.5 generation_ms=19290.4 generated=64 generation_tps=3.318
CHILD index=4 own_instance=1 exit=0 text=3e0fd62f5aa50665 role=child prefix_tokens=16321 suffix_tokens=16 model_ms=1195.7 context_ms=62.1 state_ms=17.75 prefix_ms=0.0 suffix_ms=391.5 first_token_ms=1955.1 generation_ms=13905.3 generated=64 generation_tps=4.603
CHILD index=5 own_instance=0 exit=0 text=3fd8649867d4bb41 role=child prefix_tokens=16321 suffix_tokens=16 model_ms=1077.2 context_ms=56.0 state_ms=17.44 prefix_ms=0.0 suffix_ms=341.1 first_token_ms=1745.3 generation_ms=19286.4 generated=64 generation_tps=3.318
CHILD index=6 own_instance=1 exit=0 text=4a8f18b77dbe0332 role=child prefix_tokens=16321 suffix_tokens=16 model_ms=1164.4 context_ms=64.3 state_ms=18.29 prefix_ms=0.0 suffix_ms=383.3 first_token_ms=1934.6 generation_ms=13922.8 generated=64 generation_tps=4.597
CHILD index=7 own_instance=0 exit=0 text=4a8f18b77dbe0332 role=child prefix_tokens=16321 suffix_tokens=16 model_ms=1154.9 context_ms=68.5 state_ms=19.36 prefix_ms=0.0 suffix_ms=452.7 first_token_ms=1992.7 generation_ms=19188.0 generated=64 generation_tps=3.335
MEMORY mem_available_drop_mib=12946
END_CASE failed=0 timed_out=0
CASE placement=cross mode=grow_4096 children=8 paragraphs=320 context=32768
PARENT exit=0 text=c646470e58f73411 prefix_tokens=16321 prefix_ms=19836.2 publish_ms=9.09 state_bytes=261845 model_ms=577.7 context_ms=35.0 suffix_ms=100.6 generation_ms=8745.6 generated=64 generation_tps=7.318 total_ms=42053.8
CHILD index=0 own_instance=1 exit=0 text=d42c4c07975a6446 role=child prefix_tokens=16321 suffix_tokens=16 model_ms=1206.6 context_ms=52.1 state_ms=7.51 prefix_ms=0.0 suffix_ms=386.8 first_token_ms=1940.8 generation_ms=13924.4 generated=64 generation_tps=4.596
CHILD index=1 own_instance=0 exit=0 text=3fd8649867d4bb41 role=child prefix_tokens=16321 suffix_tokens=16 model_ms=1144.3 context_ms=37.9 state_ms=7.66 prefix_ms=0.0 suffix_ms=440.0 first_token_ms=1919.7 generation_ms=19141.0 generated=64 generation_tps=3.344
CHILD index=2 own_instance=1 exit=0 text=3fd8649867d4bb41 role=child prefix_tokens=16321 suffix_tokens=16 model_ms=1205.0 context_ms=56.4 state_ms=7.52 prefix_ms=0.0 suffix_ms=386.8 first_token_ms=1951.5 generation_ms=13932.0 generated=64 generation_tps=4.594
CHILD index=3 own_instance=0 exit=0 text=3fd8649867d4bb41 role=child prefix_tokens=16321 suffix_tokens=16 model_ms=1092.9 context_ms=37.8 state_ms=7.41 prefix_ms=0.0 suffix_ms=326.6 first_token_ms=1751.3 generation_ms=19242.8 generated=64 generation_tps=3.326
CHILD index=4 own_instance=1 exit=0 text=3e0fd62f5aa50665 role=child prefix_tokens=16321 suffix_tokens=16 model_ms=1200.0 context_ms=43.7 state_ms=7.73 prefix_ms=0.0 suffix_ms=367.7 first_token_ms=1919.1 generation_ms=13943.4 generated=64 generation_tps=4.590
CHILD index=5 own_instance=0 exit=0 text=3fd8649867d4bb41 role=child prefix_tokens=16321 suffix_tokens=16 model_ms=1060.8 context_ms=38.7 state_ms=7.49 prefix_ms=0.0 suffix_ms=154.8 first_token_ms=1527.3 generation_ms=19254.9 generated=64 generation_tps=3.324
CHILD index=6 own_instance=1 exit=0 text=4a8f18b77dbe0332 role=child prefix_tokens=16321 suffix_tokens=16 model_ms=1224.5 context_ms=52.0 state_ms=7.43 prefix_ms=0.0 suffix_ms=378.2 first_token_ms=1943.5 generation_ms=13854.9 generated=64 generation_tps=4.619
CHILD index=7 own_instance=0 exit=0 text=4a8f18b77dbe0332 role=child prefix_tokens=16321 suffix_tokens=16 model_ms=1198.8 context_ms=47.9 state_ms=7.52 prefix_ms=0.0 suffix_ms=481.2 first_token_ms=2021.8 generation_ms=19086.5 generated=64 generation_tps=3.353
MEMORY mem_available_drop_mib=6828
END_CASE failed=0 timed_out=0
CASE placement=cross mode=grow_1024 children=8 paragraphs=320 context=32768
PARENT exit=0 text=c646470e58f73411 prefix_tokens=16321 prefix_ms=19843.2 publish_ms=9.55 state_bytes=261845 model_ms=576.3 context_ms=34.6 suffix_ms=111.4 generation_ms=9242.2 generated=64 generation_tps=6.925 total_ms=42155.3
CHILD index=0 own_instance=1 exit=0 text=d42c4c07975a6446 role=child prefix_tokens=16321 suffix_tokens=16 model_ms=1187.1 context_ms=38.9 state_ms=7.43 prefix_ms=0.0 suffix_ms=415.4 first_token_ms=1940.8 generation_ms=13858.7 generated=64 generation_tps=4.618
CHILD index=1 own_instance=0 exit=0 text=3fd8649867d4bb41 role=child prefix_tokens=16321 suffix_tokens=16 model_ms=1156.5 context_ms=38.2 state_ms=7.54 prefix_ms=0.0 suffix_ms=406.6 first_token_ms=1896.0 generation_ms=19263.7 generated=64 generation_tps=3.322
CHILD index=2 own_instance=1 exit=0 text=3fd8649867d4bb41 role=child prefix_tokens=16321 suffix_tokens=16 model_ms=1105.1 context_ms=42.8 state_ms=8.35 prefix_ms=0.0 suffix_ms=263.7 first_token_ms=1678.2 generation_ms=14034.3 generated=64 generation_tps=4.560
CHILD index=3 own_instance=0 exit=0 text=3fd8649867d4bb41 role=child prefix_tokens=16321 suffix_tokens=16 model_ms=1160.8 context_ms=41.0 state_ms=7.45 prefix_ms=0.0 suffix_ms=431.9 first_token_ms=1936.0 generation_ms=19272.9 generated=64 generation_tps=3.321
CHILD index=4 own_instance=1 exit=0 text=3e0fd62f5aa50665 role=child prefix_tokens=16321 suffix_tokens=16 model_ms=1058.7 context_ms=34.9 state_ms=7.39 prefix_ms=0.0 suffix_ms=253.6 first_token_ms=1655.7 generation_ms=14041.7 generated=64 generation_tps=4.558
CHILD index=5 own_instance=0 exit=0 text=3fd8649867d4bb41 role=child prefix_tokens=16321 suffix_tokens=16 model_ms=1125.3 context_ms=42.7 state_ms=7.48 prefix_ms=0.0 suffix_ms=382.2 first_token_ms=1857.4 generation_ms=19247.3 generated=64 generation_tps=3.325
CHILD index=6 own_instance=1 exit=0 text=4a8f18b77dbe0332 role=child prefix_tokens=16321 suffix_tokens=16 model_ms=1185.4 context_ms=38.1 state_ms=7.40 prefix_ms=0.0 suffix_ms=421.4 first_token_ms=1949.8 generation_ms=13867.8 generated=64 generation_tps=4.615
CHILD index=7 own_instance=0 exit=0 text=4a8f18b77dbe0332 role=child prefix_tokens=16321 suffix_tokens=16 model_ms=1177.3 context_ms=39.0 state_ms=8.07 prefix_ms=0.0 suffix_ms=444.2 first_token_ms=1950.1 generation_ms=19268.1 generated=64 generation_tps=3.322
MEMORY mem_available_drop_mib=6037
END_CASE failed=0 timed_out=0
CASE placement=cross mode=writable_no_read children=8 paragraphs=320 context=32768
PARENT exit=0 text=c646470e58f73411 prefix_tokens=16321 prefix_ms=19823.7 publish_ms=8.93 state_bytes=261845 model_ms=577.0 context_ms=35.4 suffix_ms=101.7 generation_ms=9895.4 generated=64 generation_tps=6.468 total_ms=45518.8
CHILD index=0 own_instance=1 exit=0 text=d42c4c07975a6446 role=child prefix_tokens=16321 suffix_tokens=16 model_ms=1178.0 context_ms=38.1 state_ms=7.64 prefix_ms=0.0 suffix_ms=3601.3 first_token_ms=5116.5 generation_ms=13639.6 generated=64 generation_tps=4.692
CHILD index=1 own_instance=0 exit=0 text=3fd8649867d4bb41 role=child prefix_tokens=16321 suffix_tokens=16 model_ms=1073.4 context_ms=33.6 state_ms=7.45 prefix_ms=0.0 suffix_ms=3148.2 first_token_ms=4546.6 generation_ms=19529.5 generated=64 generation_tps=3.277
CHILD index=2 own_instance=1 exit=0 text=3fd8649867d4bb41 role=child prefix_tokens=16321 suffix_tokens=16 model_ms=1107.8 context_ms=33.8 state_ms=7.44 prefix_ms=0.0 suffix_ms=3645.1 first_token_ms=5085.7 generation_ms=13666.8 generated=64 generation_tps=4.683
CHILD index=3 own_instance=0 exit=0 text=3fd8649867d4bb41 role=child prefix_tokens=16321 suffix_tokens=16 model_ms=1166.3 context_ms=46.0 state_ms=7.32 prefix_ms=0.0 suffix_ms=3734.6 first_token_ms=5250.9 generation_ms=19263.4 generated=64 generation_tps=3.322
CHILD index=4 own_instance=1 exit=0 text=3e0fd62f5aa50665 role=child prefix_tokens=16321 suffix_tokens=16 model_ms=1208.5 context_ms=38.4 state_ms=7.35 prefix_ms=0.0 suffix_ms=3708.1 first_token_ms=5241.5 generation_ms=13573.8 generated=64 generation_tps=4.715
CHILD index=5 own_instance=0 exit=0 text=3fd8649867d4bb41 role=child prefix_tokens=16321 suffix_tokens=16 model_ms=1173.9 context_ms=39.0 state_ms=7.32 prefix_ms=0.0 suffix_ms=3708.3 first_token_ms=5224.0 generation_ms=19279.3 generated=64 generation_tps=3.320
CHILD index=6 own_instance=1 exit=0 text=4a8f18b77dbe0332 role=child prefix_tokens=16321 suffix_tokens=16 model_ms=1190.1 context_ms=38.1 state_ms=7.66 prefix_ms=0.0 suffix_ms=3761.8 first_token_ms=5290.4 generation_ms=13541.9 generated=64 generation_tps=4.726
CHILD index=7 own_instance=0 exit=0 text=4a8f18b77dbe0332 role=child prefix_tokens=16321 suffix_tokens=16 model_ms=1172.2 context_ms=39.2 state_ms=9.63 prefix_ms=0.0 suffix_ms=3713.0 first_token_ms=5200.6 generation_ms=19286.1 generated=64 generation_tps=3.318
MEMORY mem_available_drop_mib=13099
END_CASE failed=0 timed_out=0
CASE placement=cross mode=writable children=8 paragraphs=320 context=32768
PARENT exit=0 text=c646470e58f73411 prefix_tokens=16321 prefix_ms=19850.2 publish_ms=9.55 state_bytes=261845 model_ms=579.6 context_ms=34.9 suffix_ms=109.9 generation_ms=9321.3 generated=64 generation_tps=6.866 total_ms=42611.9
CHILD index=0 own_instance=1 exit=0 text=d42c4c07975a6446 role=child prefix_tokens=16321 suffix_tokens=16 model_ms=1154.8 context_ms=41.9 state_ms=7.50 prefix_ms=0.0 suffix_ms=749.8 first_token_ms=2242.8 generation_ms=13998.5 generated=64 generation_tps=4.572
CHILD index=1 own_instance=0 exit=0 text=3fd8649867d4bb41 role=child prefix_tokens=16321 suffix_tokens=16 model_ms=1118.4 context_ms=41.5 state_ms=7.33 prefix_ms=0.0 suffix_ms=651.2 first_token_ms=2107.8 generation_ms=19415.6 generated=64 generation_tps=3.296
CHILD index=2 own_instance=1 exit=0 text=3fd8649867d4bb41 role=child prefix_tokens=16321 suffix_tokens=16 model_ms=1171.8 context_ms=43.2 state_ms=7.70 prefix_ms=0.0 suffix_ms=755.8 first_token_ms=2282.4 generation_ms=13984.3 generated=64 generation_tps=4.577
CHILD index=3 own_instance=0 exit=0 text=3fd8649867d4bb41 role=child prefix_tokens=16321 suffix_tokens=16 model_ms=1159.8 context_ms=44.2 state_ms=7.52 prefix_ms=0.0 suffix_ms=842.4 first_token_ms=2346.8 generation_ms=19321.1 generated=64 generation_tps=3.312
CHILD index=4 own_instance=1 exit=0 text=3e0fd62f5aa50665 role=child prefix_tokens=16321 suffix_tokens=16 model_ms=1188.0 context_ms=41.1 state_ms=7.47 prefix_ms=0.0 suffix_ms=792.9 first_token_ms=2327.7 generation_ms=13955.5 generated=64 generation_tps=4.586
CHILD index=5 own_instance=0 exit=0 text=3fd8649867d4bb41 role=child prefix_tokens=16321 suffix_tokens=16 model_ms=1144.7 context_ms=47.3 state_ms=8.02 prefix_ms=0.0 suffix_ms=686.2 first_token_ms=2144.5 generation_ms=19418.9 generated=64 generation_tps=3.296
CHILD index=6 own_instance=1 exit=0 text=4a8f18b77dbe0332 role=child prefix_tokens=16321 suffix_tokens=16 model_ms=1119.1 context_ms=39.3 state_ms=9.10 prefix_ms=0.0 suffix_ms=605.7 first_token_ms=2053.8 generation_ms=14090.5 generated=64 generation_tps=4.542
CHILD index=7 own_instance=0 exit=0 text=4a8f18b77dbe0332 role=child prefix_tokens=16321 suffix_tokens=16 model_ms=1151.2 context_ms=45.4 state_ms=7.41 prefix_ms=0.0 suffix_ms=819.4 first_token_ms=2323.8 generation_ms=19339.4 generated=64 generation_tps=3.309
MEMORY mem_available_drop_mib=6791
END_CASE failed=0 timed_out=0
CASE placement=cross mode=no_populate children=8 paragraphs=320 context=32768
PARENT exit=0 text=c646470e58f73411 prefix_tokens=16321 prefix_ms=19823.4 publish_ms=7.78 state_bytes=261845 model_ms=646.5 context_ms=35.9 suffix_ms=106.6 generation_ms=9379.3 generated=64 generation_tps=6.824 total_ms=42335.9
CHILD index=0 own_instance=1 exit=0 text=d42c4c07975a6446 role=child prefix_tokens=16321 suffix_tokens=16 model_ms=1159.2 context_ms=44.5 state_ms=7.48 prefix_ms=0.0 suffix_ms=520.3 first_token_ms=2020.6 generation_ms=14206.8 generated=64 generation_tps=4.505
CHILD index=1 own_instance=0 exit=0 text=3fd8649867d4bb41 role=child prefix_tokens=16321 suffix_tokens=16 model_ms=959.5 context_ms=35.0 state_ms=7.52 prefix_ms=0.0 suffix_ms=148.8 first_token_ms=1405.2 generation_ms=19269.5 generated=64 generation_tps=3.321
CHILD index=2 own_instance=1 exit=0 text=3fd8649867d4bb41 role=child prefix_tokens=16321 suffix_tokens=16 model_ms=1172.6 context_ms=40.5 state_ms=7.42 prefix_ms=0.0 suffix_ms=529.8 first_token_ms=2037.4 generation_ms=14195.7 generated=64 generation_tps=4.508
CHILD index=3 own_instance=0 exit=0 text=3fd8649867d4bb41 role=child prefix_tokens=16321 suffix_tokens=16 model_ms=1147.3 context_ms=44.7 state_ms=7.54 prefix_ms=0.0 suffix_ms=578.7 first_token_ms=2074.7 generation_ms=19301.8 generated=64 generation_tps=3.316
CHILD index=4 own_instance=1 exit=0 text=3e0fd62f5aa50665 role=child prefix_tokens=16321 suffix_tokens=16 model_ms=1170.1 context_ms=42.9 state_ms=7.43 prefix_ms=0.0 suffix_ms=526.8 first_token_ms=2045.7 generation_ms=14200.5 generated=64 generation_tps=4.507
CHILD index=5 own_instance=0 exit=0 text=3fd8649867d4bb41 role=child prefix_tokens=16321 suffix_tokens=16 model_ms=1131.9 context_ms=41.8 state_ms=7.67 prefix_ms=0.0 suffix_ms=536.7 first_token_ms=2020.7 generation_ms=19330.3 generated=64 generation_tps=3.311
CHILD index=6 own_instance=1 exit=0 text=4a8f18b77dbe0332 role=child prefix_tokens=16321 suffix_tokens=16 model_ms=1064.3 context_ms=35.5 state_ms=7.43 prefix_ms=0.0 suffix_ms=354.4 first_token_ms=1761.0 generation_ms=14302.1 generated=64 generation_tps=4.475
CHILD index=7 own_instance=0 exit=0 text=4a8f18b77dbe0332 role=child prefix_tokens=16321 suffix_tokens=16 model_ms=1130.4 context_ms=38.0 state_ms=7.63 prefix_ms=0.0 suffix_ms=548.1 first_token_ms=2010.5 generation_ms=19322.9 generated=64 generation_tps=3.312
MEMORY mem_available_drop_mib=5957
END_CASE failed=0 timed_out=0
CASE placement=cross mode=no_read children=8 paragraphs=320 context=32768
PARENT exit=0 text=c646470e58f73411 prefix_tokens=16321 prefix_ms=19852.7 publish_ms=9.04 state_bytes=261845 model_ms=579.1 context_ms=34.5 suffix_ms=102.6 generation_ms=9567.8 generated=64 generation_tps=6.689 total_ms=42826.6
CHILD index=0 own_instance=1 exit=0 text=d42c4c07975a6446 role=child prefix_tokens=16321 suffix_tokens=16 model_ms=1197.9 context_ms=40.3 state_ms=7.59 prefix_ms=0.0 suffix_ms=1107.4 first_token_ms=2657.4 generation_ms=13778.7 generated=64 generation_tps=4.645
CHILD index=1 own_instance=0 exit=0 text=3fd8649867d4bb41 role=child prefix_tokens=16321 suffix_tokens=16 model_ms=1152.0 context_ms=40.2 state_ms=7.44 prefix_ms=0.0 suffix_ms=1072.6 first_token_ms=2569.7 generation_ms=19274.4 generated=64 generation_tps=3.320
CHILD index=2 own_instance=1 exit=0 text=3fd8649867d4bb41 role=child prefix_tokens=16321 suffix_tokens=16 model_ms=1029.9 context_ms=34.3 state_ms=7.42 prefix_ms=0.0 suffix_ms=638.1 first_token_ms=1980.4 generation_ms=14028.2 generated=64 generation_tps=4.562
CHILD index=3 own_instance=0 exit=0 text=3fd8649867d4bb41 role=child prefix_tokens=16321 suffix_tokens=16 model_ms=1160.2 context_ms=34.8 state_ms=7.50 prefix_ms=0.0 suffix_ms=1011.5 first_token_ms=2495.4 generation_ms=19252.5 generated=64 generation_tps=3.324
CHILD index=4 own_instance=1 exit=0 text=3e0fd62f5aa50665 role=child prefix_tokens=16321 suffix_tokens=16 model_ms=1191.1 context_ms=39.6 state_ms=7.50 prefix_ms=0.0 suffix_ms=1103.7 first_token_ms=2641.5 generation_ms=13779.6 generated=64 generation_tps=4.645
CHILD index=5 own_instance=0 exit=0 text=3fd8649867d4bb41 role=child prefix_tokens=16321 suffix_tokens=16 model_ms=1149.8 context_ms=39.6 state_ms=7.62 prefix_ms=0.0 suffix_ms=1027.7 first_token_ms=2526.1 generation_ms=19270.5 generated=64 generation_tps=3.321
CHILD index=6 own_instance=1 exit=0 text=4a8f18b77dbe0332 role=child prefix_tokens=16321 suffix_tokens=16 model_ms=1200.0 context_ms=41.5 state_ms=7.20 prefix_ms=0.0 suffix_ms=1127.1 first_token_ms=2670.5 generation_ms=13773.0 generated=64 generation_tps=4.647
CHILD index=7 own_instance=0 exit=0 text=4a8f18b77dbe0332 role=child prefix_tokens=16321 suffix_tokens=16 model_ms=1164.6 context_ms=43.4 state_ms=7.71 prefix_ms=0.0 suffix_ms=1051.1 first_token_ms=2555.8 generation_ms=19283.5 generated=64 generation_tps=3.319
MEMORY mem_available_drop_mib=5913
END_CASE failed=0 timed_out=0
CASE placement=cross mode=extent children=8 paragraphs=320 context=32768
PARENT exit=0 text=c646470e58f73411 prefix_tokens=16321 prefix_ms=19842.8 publish_ms=8.96 state_bytes=261845 model_ms=575.5 context_ms=35.7 suffix_ms=100.3 generation_ms=8795.9 generated=64 generation_tps=7.276 total_ms=42075.7
CHILD index=0 own_instance=1 exit=0 text=d42c4c07975a6446 role=child prefix_tokens=16321 suffix_tokens=16 model_ms=1203.2 context_ms=39.3 state_ms=8.08 prefix_ms=0.0 suffix_ms=384.6 first_token_ms=1929.3 generation_ms=13869.6 generated=64 generation_tps=4.614
CHILD index=1 own_instance=0 exit=0 text=3fd8649867d4bb41 role=child prefix_tokens=16321 suffix_tokens=16 model_ms=1127.4 context_ms=39.3 state_ms=7.39 prefix_ms=0.0 suffix_ms=408.1 first_token_ms=1856.7 generation_ms=19226.5 generated=64 generation_tps=3.329
CHILD index=2 own_instance=1 exit=0 text=3fd8649867d4bb41 role=child prefix_tokens=16321 suffix_tokens=16 model_ms=1204.3 context_ms=44.1 state_ms=7.60 prefix_ms=0.0 suffix_ms=389.0 first_token_ms=1941.8 generation_ms=13862.2 generated=64 generation_tps=4.617
CHILD index=3 own_instance=0 exit=0 text=3fd8649867d4bb41 role=child prefix_tokens=16321 suffix_tokens=16 model_ms=1170.3 context_ms=44.7 state_ms=7.63 prefix_ms=0.0 suffix_ms=459.6 first_token_ms=1989.4 generation_ms=19156.2 generated=64 generation_tps=3.341
CHILD index=4 own_instance=1 exit=0 text=3e0fd62f5aa50665 role=child prefix_tokens=16321 suffix_tokens=16 model_ms=1187.1 context_ms=42.3 state_ms=7.46 prefix_ms=0.0 suffix_ms=370.6 first_token_ms=1904.1 generation_ms=13871.2 generated=64 generation_tps=4.614
CHILD index=5 own_instance=0 exit=0 text=3fd8649867d4bb41 role=child prefix_tokens=16321 suffix_tokens=16 model_ms=1064.7 context_ms=35.0 state_ms=7.36 prefix_ms=0.0 suffix_ms=194.4 first_token_ms=1599.4 generation_ms=19305.7 generated=64 generation_tps=3.315
CHILD index=6 own_instance=1 exit=0 text=4a8f18b77dbe0332 role=child prefix_tokens=16321 suffix_tokens=16 model_ms=1190.3 context_ms=45.1 state_ms=7.57 prefix_ms=0.0 suffix_ms=349.6 first_token_ms=1879.7 generation_ms=13834.1 generated=64 generation_tps=4.626
CHILD index=7 own_instance=0 exit=0 text=4a8f18b77dbe0332 role=child prefix_tokens=16321 suffix_tokens=16 model_ms=1140.7 context_ms=39.6 state_ms=7.53 prefix_ms=0.0 suffix_ms=408.9 first_token_ms=1861.3 generation_ms=19247.9 generated=64 generation_tps=3.325
MEMORY mem_available_drop_mib=5950
END_CASE failed=0 timed_out=0
CASE placement=cross mode=copy children=8 paragraphs=320 context=32768
PARENT exit=0 text=c646470e58f73411 prefix_tokens=16321 prefix_ms=19773.0 publish_ms=546.54 state_bytes=936173269 model_ms=580.9 context_ms=60.9 suffix_ms=62.6 generation_ms=7770.1 generated=64 generation_tps=8.237 total_ms=42333.9
CHILD index=0 own_instance=1 exit=0 text=d42c4c07975a6446 role=child prefix_tokens=16321 suffix_tokens=16 model_ms=1198.4 context_ms=186.4 state_ms=329.82 prefix_ms=0.0 suffix_ms=401.8 first_token_ms=2409.6 generation_ms=13554.6 generated=64 generation_tps=4.722
CHILD index=1 own_instance=0 exit=0 text=3fd8649867d4bb41 role=child prefix_tokens=16321 suffix_tokens=16 model_ms=1004.6 context_ms=63.4 state_ms=209.42 prefix_ms=0.0 suffix_ms=345.8 first_token_ms=1886.0 generation_ms=18601.2 generated=64 generation_tps=3.441
CHILD index=2 own_instance=1 exit=0 text=3fd8649867d4bb41 role=child prefix_tokens=16321 suffix_tokens=16 model_ms=1209.2 context_ms=153.7 state_ms=332.55 prefix_ms=0.0 suffix_ms=421.7 first_token_ms=2413.3 generation_ms=13554.9 generated=64 generation_tps=4.722
CHILD index=3 own_instance=0 exit=0 text=3fd8649867d4bb41 role=child prefix_tokens=16321 suffix_tokens=16 model_ms=1171.6 context_ms=164.4 state_ms=354.76 prefix_ms=0.0 suffix_ms=462.9 first_token_ms=2444.7 generation_ms=18449.3 generated=64 generation_tps=3.469
CHILD index=4 own_instance=1 exit=0 text=3e0fd62f5aa50665 role=child prefix_tokens=16321 suffix_tokens=16 model_ms=1206.4 context_ms=162.1 state_ms=332.43 prefix_ms=0.0 suffix_ms=380.1 first_token_ms=2378.9 generation_ms=13554.6 generated=64 generation_tps=4.722
CHILD index=5 own_instance=0 exit=0 text=3fd8649867d4bb41 role=child prefix_tokens=16321 suffix_tokens=16 model_ms=1048.4 context_ms=67.6 state_ms=323.75 prefix_ms=0.0 suffix_ms=305.2 first_token_ms=2028.3 generation_ms=18633.1 generated=64 generation_tps=3.435
CHILD index=6 own_instance=1 exit=0 text=4a8f18b77dbe0332 role=child prefix_tokens=16321 suffix_tokens=16 model_ms=1157.3 context_ms=172.2 state_ms=353.85 prefix_ms=0.0 suffix_ms=415.0 first_token_ms=2396.2 generation_ms=13556.2 generated=64 generation_tps=4.721
CHILD index=7 own_instance=0 exit=0 text=4a8f18b77dbe0332 role=child prefix_tokens=16321 suffix_tokens=16 model_ms=1157.3 context_ms=187.3 state_ms=356.71 prefix_ms=0.0 suffix_ms=478.0 first_token_ms=2473.9 generation_ms=18431.0 generated=64 generation_tps=3.472
MEMORY mem_available_drop_mib=20237
END_CASE failed=0 timed_out=0
END_KVMECH
BEGIN_KVMECH run=3
CASE placement=cross mode=copy children=8 paragraphs=320 context=32768
PARENT exit=0 text=c646470e58f73411 prefix_tokens=16321 prefix_ms=19768.6 publish_ms=529.37 state_bytes=936173269 model_ms=593.5 context_ms=59.3 suffix_ms=62.4 generation_ms=7458.2 generated=64 generation_tps=8.581 total_ms=42388.7
CHILD index=0 own_instance=1 exit=0 text=d42c4c07975a6446 role=child prefix_tokens=16321 suffix_tokens=16 model_ms=1189.3 context_ms=170.6 state_ms=399.93 prefix_ms=0.0 suffix_ms=382.4 first_token_ms=2444.3 generation_ms=13489.2 generated=64 generation_tps=4.745
CHILD index=1 own_instance=0 exit=0 text=3fd8649867d4bb41 role=child prefix_tokens=16321 suffix_tokens=16 model_ms=1004.5 context_ms=62.7 state_ms=190.63 prefix_ms=0.0 suffix_ms=302.8 first_token_ms=1815.6 generation_ms=18091.7 generated=64 generation_tps=3.538
CHILD index=2 own_instance=1 exit=0 text=3fd8649867d4bb41 role=child prefix_tokens=16321 suffix_tokens=16 model_ms=1202.1 context_ms=180.3 state_ms=383.97 prefix_ms=0.0 suffix_ms=400.4 first_token_ms=2463.4 generation_ms=13488.6 generated=64 generation_tps=4.745
CHILD index=3 own_instance=0 exit=0 text=3fd8649867d4bb41 role=child prefix_tokens=16321 suffix_tokens=16 model_ms=1126.4 context_ms=188.6 state_ms=456.86 prefix_ms=0.0 suffix_ms=461.9 first_token_ms=2522.5 generation_ms=18377.2 generated=64 generation_tps=3.483
CHILD index=4 own_instance=1 exit=0 text=3e0fd62f5aa50665 role=child prefix_tokens=16321 suffix_tokens=16 model_ms=1121.2 context_ms=183.0 state_ms=473.59 prefix_ms=0.0 suffix_ms=413.2 first_token_ms=2473.9 generation_ms=13480.1 generated=64 generation_tps=4.748
CHILD index=5 own_instance=0 exit=0 text=3fd8649867d4bb41 role=child prefix_tokens=16321 suffix_tokens=16 model_ms=1106.0 context_ms=184.2 state_ms=470.83 prefix_ms=0.0 suffix_ms=434.9 first_token_ms=2494.3 generation_ms=18398.7 generated=64 generation_tps=3.479
CHILD index=6 own_instance=1 exit=0 text=4a8f18b77dbe0332 role=child prefix_tokens=16321 suffix_tokens=16 model_ms=1137.6 context_ms=175.1 state_ms=456.44 prefix_ms=0.0 suffix_ms=377.2 first_token_ms=2435.1 generation_ms=13473.1 generated=64 generation_tps=4.750
CHILD index=7 own_instance=0 exit=0 text=4a8f18b77dbe0332 role=child prefix_tokens=16321 suffix_tokens=16 model_ms=1148.3 context_ms=177.4 state_ms=430.14 prefix_ms=0.0 suffix_ms=463.8 first_token_ms=2524.0 generation_ms=18385.7 generated=64 generation_tps=3.481
MEMORY mem_available_drop_mib=20193
END_CASE failed=0 timed_out=0
CASE placement=cross mode=extent children=8 paragraphs=320 context=32768
PARENT exit=0 text=c646470e58f73411 prefix_tokens=16321 prefix_ms=19844.0 publish_ms=8.57 state_bytes=261845 model_ms=581.9 context_ms=36.6 suffix_ms=105.2 generation_ms=8986.9 generated=64 generation_tps=7.121 total_ms=42097.1
CHILD index=0 own_instance=1 exit=0 text=d42c4c07975a6446 role=child prefix_tokens=16321 suffix_tokens=16 model_ms=1124.1 context_ms=36.1 state_ms=7.47 prefix_ms=0.0 suffix_ms=219.4 first_token_ms=1678.4 generation_ms=13979.2 generated=64 generation_tps=4.578
CHILD index=1 own_instance=0 exit=0 text=3fd8649867d4bb41 role=child prefix_tokens=16321 suffix_tokens=16 model_ms=1143.1 context_ms=38.9 state_ms=8.17 prefix_ms=0.0 suffix_ms=369.5 first_token_ms=1837.1 generation_ms=19230.8 generated=64 generation_tps=3.328
CHILD index=2 own_instance=1 exit=0 text=3fd8649867d4bb41 role=child prefix_tokens=16321 suffix_tokens=16 model_ms=1198.1 context_ms=47.7 state_ms=7.53 prefix_ms=0.0 suffix_ms=396.8 first_token_ms=1944.9 generation_ms=13850.9 generated=64 generation_tps=4.621
CHILD index=3 own_instance=0 exit=0 text=3fd8649867d4bb41 role=child prefix_tokens=16321 suffix_tokens=16 model_ms=1074.6 context_ms=34.3 state_ms=7.32 prefix_ms=0.0 suffix_ms=151.0 first_token_ms=1551.3 generation_ms=19300.0 generated=64 generation_tps=3.316
CHILD index=4 own_instance=1 exit=0 text=3e0fd62f5aa50665 role=child prefix_tokens=16321 suffix_tokens=16 model_ms=1212.9 context_ms=47.1 state_ms=7.35 prefix_ms=0.0 suffix_ms=411.4 first_token_ms=1960.6 generation_ms=13870.1 generated=64 generation_tps=4.614
CHILD index=5 own_instance=0 exit=0 text=3fd8649867d4bb41 role=child prefix_tokens=16321 suffix_tokens=16 model_ms=1170.2 context_ms=40.6 state_ms=7.37 prefix_ms=0.0 suffix_ms=427.5 first_token_ms=1935.9 generation_ms=19183.6 generated=64 generation_tps=3.336
CHILD index=6 own_instance=1 exit=0 text=4a8f18b77dbe0332 role=child prefix_tokens=16321 suffix_tokens=16 model_ms=1189.2 context_ms=50.9 state_ms=7.53 prefix_ms=0.0 suffix_ms=403.4 first_token_ms=1953.4 generation_ms=13876.0 generated=64 generation_tps=4.612
CHILD index=7 own_instance=0 exit=0 text=4a8f18b77dbe0332 role=child prefix_tokens=16321 suffix_tokens=16 model_ms=1168.6 context_ms=50.5 state_ms=8.01 prefix_ms=0.0 suffix_ms=448.5 first_token_ms=1961.9 generation_ms=19169.2 generated=64 generation_tps=3.339
MEMORY mem_available_drop_mib=5932
END_CASE failed=0 timed_out=0
CASE placement=cross mode=no_read children=8 paragraphs=320 context=32768
PARENT exit=0 text=c646470e58f73411 prefix_tokens=16321 prefix_ms=19831.9 publish_ms=8.97 state_bytes=261845 model_ms=580.8 context_ms=35.4 suffix_ms=114.1 generation_ms=9409.0 generated=64 generation_tps=6.802 total_ms=42590.6
CHILD index=0 own_instance=1 exit=0 text=d42c4c07975a6446 role=child prefix_tokens=16321 suffix_tokens=16 model_ms=1171.1 context_ms=36.2 state_ms=7.51 prefix_ms=0.0 suffix_ms=1025.2 first_token_ms=2521.9 generation_ms=13815.5 generated=64 generation_tps=4.632
CHILD index=1 own_instance=0 exit=0 text=3fd8649867d4bb41 role=child prefix_tokens=16321 suffix_tokens=16 model_ms=1085.4 context_ms=43.3 state_ms=7.56 prefix_ms=0.0 suffix_ms=843.1 first_token_ms=2277.9 generation_ms=19285.3 generated=64 generation_tps=3.319
CHILD index=2 own_instance=1 exit=0 text=3fd8649867d4bb41 role=child prefix_tokens=16321 suffix_tokens=16 model_ms=1168.4 context_ms=35.1 state_ms=7.42 prefix_ms=0.0 suffix_ms=1035.1 first_token_ms=2547.4 generation_ms=13801.2 generated=64 generation_tps=4.637
CHILD index=3 own_instance=0 exit=0 text=3fd8649867d4bb41 role=child prefix_tokens=16321 suffix_tokens=16 model_ms=1154.8 context_ms=36.7 state_ms=7.37 prefix_ms=0.0 suffix_ms=995.7 first_token_ms=2488.5 generation_ms=19196.2 generated=64 generation_tps=3.334
CHILD index=4 own_instance=1 exit=0 text=3e0fd62f5aa50665 role=child prefix_tokens=16321 suffix_tokens=16 model_ms=1116.9 context_ms=35.1 state_ms=7.38 prefix_ms=0.0 suffix_ms=746.3 first_token_ms=2168.8 generation_ms=13966.3 generated=64 generation_tps=4.582
CHILD index=5 own_instance=0 exit=0 text=3fd8649867d4bb41 role=child prefix_tokens=16321 suffix_tokens=16 model_ms=1097.3 context_ms=36.5 state_ms=7.52 prefix_ms=0.0 suffix_ms=851.8 first_token_ms=2286.2 generation_ms=19263.7 generated=64 generation_tps=3.322
CHILD index=6 own_instance=1 exit=0 text=4a8f18b77dbe0332 role=child prefix_tokens=16321 suffix_tokens=16 model_ms=1101.7 context_ms=38.7 state_ms=7.57 prefix_ms=0.0 suffix_ms=1028.6 first_token_ms=2484.0 generation_ms=13816.0 generated=64 generation_tps=4.632
CHILD index=7 own_instance=0 exit=0 text=4a8f18b77dbe0332 role=child prefix_tokens=16321 suffix_tokens=16 model_ms=1148.0 context_ms=38.7 state_ms=7.60 prefix_ms=0.0 suffix_ms=1020.2 first_token_ms=2497.3 generation_ms=19193.9 generated=64 generation_tps=3.334
MEMORY mem_available_drop_mib=5923
END_CASE failed=0 timed_out=0
CASE placement=cross mode=no_populate children=8 paragraphs=320 context=32768
PARENT exit=0 text=c646470e58f73411 prefix_tokens=16321 prefix_ms=19836.3 publish_ms=9.11 state_bytes=261845 model_ms=591.6 context_ms=36.1 suffix_ms=104.1 generation_ms=9285.4 generated=64 generation_tps=6.893 total_ms=42477.2
CHILD index=0 own_instance=1 exit=0 text=d42c4c07975a6446 role=child prefix_tokens=16321 suffix_tokens=16 model_ms=1185.2 context_ms=46.8 state_ms=7.33 prefix_ms=0.0 suffix_ms=522.2 first_token_ms=2050.0 generation_ms=14164.8 generated=64 generation_tps=4.518
CHILD index=1 own_instance=0 exit=0 text=3fd8649867d4bb41 role=child prefix_tokens=16321 suffix_tokens=16 model_ms=1041.3 context_ms=43.6 state_ms=7.31 prefix_ms=0.0 suffix_ms=204.1 first_token_ms=1593.1 generation_ms=19563.6 generated=64 generation_tps=3.271
CHILD index=2 own_instance=1 exit=0 text=3fd8649867d4bb41 role=child prefix_tokens=16321 suffix_tokens=16 model_ms=1096.5 context_ms=44.6 state_ms=7.54 prefix_ms=0.0 suffix_ms=278.5 first_token_ms=1670.5 generation_ms=14304.9 generated=64 generation_tps=4.474
CHILD index=3 own_instance=0 exit=0 text=3fd8649867d4bb41 role=child prefix_tokens=16321 suffix_tokens=16 model_ms=1128.6 context_ms=42.0 state_ms=7.37 prefix_ms=0.0 suffix_ms=536.8 first_token_ms=2011.3 generation_ms=19469.7 generated=64 generation_tps=3.287
CHILD index=4 own_instance=1 exit=0 text=3e0fd62f5aa50665 role=child prefix_tokens=16321 suffix_tokens=16 model_ms=1174.2 context_ms=44.0 state_ms=7.58 prefix_ms=0.0 suffix_ms=509.4 first_token_ms=2035.2 generation_ms=14160.7 generated=64 generation_tps=4.520
CHILD index=5 own_instance=0 exit=0 text=3fd8649867d4bb41 role=child prefix_tokens=16321 suffix_tokens=16 model_ms=1167.3 context_ms=43.5 state_ms=7.31 prefix_ms=0.0 suffix_ms=528.3 first_token_ms=2036.1 generation_ms=19468.3 generated=64 generation_tps=3.287
CHILD index=6 own_instance=1 exit=0 text=4a8f18b77dbe0332 role=child prefix_tokens=16321 suffix_tokens=16 model_ms=1180.6 context_ms=45.1 state_ms=7.48 prefix_ms=0.0 suffix_ms=529.6 first_token_ms=2058.3 generation_ms=14156.0 generated=64 generation_tps=4.521
CHILD index=7 own_instance=0 exit=0 text=4a8f18b77dbe0332 role=child prefix_tokens=16321 suffix_tokens=16 model_ms=1153.2 context_ms=38.2 state_ms=9.06 prefix_ms=0.0 suffix_ms=531.1 first_token_ms=2002.1 generation_ms=19486.1 generated=64 generation_tps=3.284
MEMORY mem_available_drop_mib=5926
END_CASE failed=0 timed_out=0
CASE placement=cross mode=writable children=8 paragraphs=320 context=32768
PARENT exit=0 text=c646470e58f73411 prefix_tokens=16321 prefix_ms=19832.6 publish_ms=9.48 state_bytes=261845 model_ms=578.9 context_ms=37.3 suffix_ms=105.4 generation_ms=9248.2 generated=64 generation_tps=6.920 total_ms=42523.6
CHILD index=0 own_instance=1 exit=0 text=d42c4c07975a6446 role=child prefix_tokens=16321 suffix_tokens=16 model_ms=1152.3 context_ms=44.6 state_ms=7.59 prefix_ms=0.0 suffix_ms=708.0 first_token_ms=2179.5 generation_ms=14026.3 generated=64 generation_tps=4.563
CHILD index=1 own_instance=0 exit=0 text=3fd8649867d4bb41 role=child prefix_tokens=16321 suffix_tokens=16 model_ms=1150.3 context_ms=38.2 state_ms=7.48 prefix_ms=0.0 suffix_ms=800.3 first_token_ms=2291.1 generation_ms=19322.6 generated=64 generation_tps=3.312
CHILD index=2 own_instance=1 exit=0 text=3fd8649867d4bb41 role=child prefix_tokens=16321 suffix_tokens=16 model_ms=1190.1 context_ms=39.1 state_ms=7.35 prefix_ms=0.0 suffix_ms=779.3 first_token_ms=2299.6 generation_ms=13978.3 generated=64 generation_tps=4.579
CHILD index=3 own_instance=0 exit=0 text=3fd8649867d4bb41 role=child prefix_tokens=16321 suffix_tokens=16 model_ms=1088.2 context_ms=38.4 state_ms=7.50 prefix_ms=0.0 suffix_ms=758.9 first_token_ms=2194.2 generation_ms=19373.5 generated=64 generation_tps=3.303
CHILD index=4 own_instance=1 exit=0 text=3e0fd62f5aa50665 role=child prefix_tokens=16321 suffix_tokens=16 model_ms=1189.7 context_ms=38.9 state_ms=7.40 prefix_ms=0.0 suffix_ms=837.6 first_token_ms=2364.7 generation_ms=13963.2 generated=64 generation_tps=4.583
CHILD index=5 own_instance=0 exit=0 text=3fd8649867d4bb41 role=child prefix_tokens=16321 suffix_tokens=16 model_ms=1126.7 context_ms=40.7 state_ms=7.41 prefix_ms=0.0 suffix_ms=789.6 first_token_ms=2252.4 generation_ms=19346.2 generated=64 generation_tps=3.308
CHILD index=6 own_instance=1 exit=0 text=4a8f18b77dbe0332 role=child prefix_tokens=16321 suffix_tokens=16 model_ms=1185.4 context_ms=38.1 state_ms=7.51 prefix_ms=0.0 suffix_ms=835.3 first_token_ms=2364.7 generation_ms=13964.4 generated=64 generation_tps=4.583
CHILD index=7 own_instance=0 exit=0 text=4a8f18b77dbe0332 role=child prefix_tokens=16321 suffix_tokens=16 model_ms=1057.6 context_ms=34.1 state_ms=7.39 prefix_ms=0.0 suffix_ms=500.5 first_token_ms=1886.0 generation_ms=19476.8 generated=64 generation_tps=3.286
MEMORY mem_available_drop_mib=6796
END_CASE failed=0 timed_out=0
CASE placement=cross mode=writable_no_read children=8 paragraphs=320 context=32768
PARENT exit=0 text=c646470e58f73411 prefix_tokens=16321 prefix_ms=19839.6 publish_ms=9.05 state_bytes=261845 model_ms=578.3 context_ms=38.3 suffix_ms=107.9 generation_ms=10100.1 generated=64 generation_tps=6.337 total_ms=45739.6
CHILD index=0 own_instance=1 exit=0 text=d42c4c07975a6446 role=child prefix_tokens=16321 suffix_tokens=16 model_ms=1156.0 context_ms=48.7 state_ms=7.35 prefix_ms=0.0 suffix_ms=3802.7 first_token_ms=5316.1 generation_ms=13590.1 generated=64 generation_tps=4.709
CHILD index=1 own_instance=0 exit=0 text=3fd8649867d4bb41 role=child prefix_tokens=16321 suffix_tokens=16 model_ms=1135.1 context_ms=45.2 state_ms=7.53 prefix_ms=0.0 suffix_ms=3784.9 first_token_ms=5277.4 generation_ms=19402.1 generated=64 generation_tps=3.299
CHILD index=2 own_instance=1 exit=0 text=3fd8649867d4bb41 role=child prefix_tokens=16321 suffix_tokens=16 model_ms=1091.9 context_ms=34.6 state_ms=7.32 prefix_ms=0.0 suffix_ms=3688.0 first_token_ms=5078.7 generation_ms=13680.9 generated=64 generation_tps=4.678
CHILD index=3 own_instance=0 exit=0 text=3fd8649867d4bb41 role=child prefix_tokens=16321 suffix_tokens=16 model_ms=1168.0 context_ms=59.8 state_ms=7.67 prefix_ms=0.0 suffix_ms=3829.1 first_token_ms=5357.7 generation_ms=19386.0 generated=64 generation_tps=3.301
CHILD index=4 own_instance=1 exit=0 text=3e0fd62f5aa50665 role=child prefix_tokens=16321 suffix_tokens=16 model_ms=1178.9 context_ms=59.6 state_ms=7.43 prefix_ms=0.0 suffix_ms=3847.0 first_token_ms=5375.2 generation_ms=13551.9 generated=64 generation_tps=4.723
CHILD index=5 own_instance=0 exit=0 text=3fd8649867d4bb41 role=child prefix_tokens=16321 suffix_tokens=16 model_ms=1170.9 context_ms=47.6 state_ms=7.38 prefix_ms=0.0 suffix_ms=3812.0 first_token_ms=5322.2 generation_ms=19400.6 generated=64 generation_tps=3.299
CHILD index=6 own_instance=1 exit=0 text=4a8f18b77dbe0332 role=child prefix_tokens=16321 suffix_tokens=16 model_ms=1179.1 context_ms=49.7 state_ms=7.18 prefix_ms=0.0 suffix_ms=3772.4 first_token_ms=5299.9 generation_ms=13605.3 generated=64 generation_tps=4.704
CHILD index=7 own_instance=0 exit=0 text=4a8f18b77dbe0332 role=child prefix_tokens=16321 suffix_tokens=16 model_ms=1161.2 context_ms=47.2 state_ms=7.55 prefix_ms=0.0 suffix_ms=3828.8 first_token_ms=5340.4 generation_ms=19394.9 generated=64 generation_tps=3.300
MEMORY mem_available_drop_mib=13099
END_CASE failed=0 timed_out=0
CASE placement=cross mode=grow_1024 children=8 paragraphs=320 context=32768
PARENT exit=0 text=c646470e58f73411 prefix_tokens=16321 prefix_ms=19834.0 publish_ms=8.97 state_bytes=261845 model_ms=577.5 context_ms=38.6 suffix_ms=106.0 generation_ms=8978.2 generated=64 generation_tps=7.128 total_ms=42054.9
CHILD index=0 own_instance=1 exit=0 text=d42c4c07975a6446 role=child prefix_tokens=16321 suffix_tokens=16 model_ms=1194.5 context_ms=38.3 state_ms=7.37 prefix_ms=0.0 suffix_ms=388.1 first_token_ms=1924.9 generation_ms=13846.8 generated=64 generation_tps=4.622
CHILD index=1 own_instance=0 exit=0 text=3fd8649867d4bb41 role=child prefix_tokens=16321 suffix_tokens=16 model_ms=1146.2 context_ms=38.4 state_ms=7.50 prefix_ms=0.0 suffix_ms=457.0 first_token_ms=1951.9 generation_ms=19190.7 generated=64 generation_tps=3.335
CHILD index=2 own_instance=1 exit=0 text=3fd8649867d4bb41 role=child prefix_tokens=16321 suffix_tokens=16 model_ms=1197.9 context_ms=40.5 state_ms=7.60 prefix_ms=0.0 suffix_ms=402.7 first_token_ms=1947.0 generation_ms=13847.5 generated=64 generation_tps=4.622
CHILD index=3 own_instance=0 exit=0 text=3fd8649867d4bb41 role=child prefix_tokens=16321 suffix_tokens=16 model_ms=1153.7 context_ms=39.7 state_ms=7.36 prefix_ms=0.0 suffix_ms=455.6 first_token_ms=1940.4 generation_ms=19191.4 generated=64 generation_tps=3.335
CHILD index=4 own_instance=1 exit=0 text=3e0fd62f5aa50665 role=child prefix_tokens=16321 suffix_tokens=16 model_ms=1135.3 context_ms=38.3 state_ms=7.45 prefix_ms=0.0 suffix_ms=238.9 first_token_ms=1696.0 generation_ms=13958.3 generated=64 generation_tps=4.585
CHILD index=5 own_instance=0 exit=0 text=3fd8649867d4bb41 role=child prefix_tokens=16321 suffix_tokens=16 model_ms=1126.8 context_ms=38.1 state_ms=7.49 prefix_ms=0.0 suffix_ms=401.7 first_token_ms=1862.6 generation_ms=19188.1 generated=64 generation_tps=3.335
CHILD index=6 own_instance=1 exit=0 text=4a8f18b77dbe0332 role=child prefix_tokens=16321 suffix_tokens=16 model_ms=1202.8 context_ms=38.4 state_ms=7.65 prefix_ms=0.0 suffix_ms=407.5 first_token_ms=1951.6 generation_ms=13863.8 generated=64 generation_tps=4.616
CHILD index=7 own_instance=0 exit=0 text=4a8f18b77dbe0332 role=child prefix_tokens=16321 suffix_tokens=16 model_ms=1068.7 context_ms=36.3 state_ms=7.65 prefix_ms=0.0 suffix_ms=163.1 first_token_ms=1558.9 generation_ms=19284.7 generated=64 generation_tps=3.319
MEMORY mem_available_drop_mib=6098
END_CASE failed=0 timed_out=0
CASE placement=cross mode=grow_4096 children=8 paragraphs=320 context=32768
PARENT exit=0 text=c646470e58f73411 prefix_tokens=16321 prefix_ms=19844.8 publish_ms=7.36 state_bytes=261845 model_ms=581.3 context_ms=37.3 suffix_ms=105.8 generation_ms=9180.6 generated=64 generation_tps=6.971 total_ms=42082.3
CHILD index=0 own_instance=1 exit=0 text=d42c4c07975a6446 role=child prefix_tokens=16321 suffix_tokens=16 model_ms=1172.4 context_ms=44.8 state_ms=7.51 prefix_ms=0.0 suffix_ms=384.5 first_token_ms=1913.6 generation_ms=13916.7 generated=64 generation_tps=4.599
CHILD index=1 own_instance=0 exit=0 text=3fd8649867d4bb41 role=child prefix_tokens=16321 suffix_tokens=16 model_ms=1165.9 context_ms=39.3 state_ms=7.47 prefix_ms=0.0 suffix_ms=455.3 first_token_ms=1967.6 generation_ms=19164.6 generated=64 generation_tps=3.339
CHILD index=2 own_instance=1 exit=0 text=3fd8649867d4bb41 role=child prefix_tokens=16321 suffix_tokens=16 model_ms=1198.9 context_ms=44.6 state_ms=7.38 prefix_ms=0.0 suffix_ms=384.3 first_token_ms=1923.6 generation_ms=13919.2 generated=64 generation_tps=4.598
CHILD index=3 own_instance=0 exit=0 text=3fd8649867d4bb41 role=child prefix_tokens=16321 suffix_tokens=16 model_ms=1072.1 context_ms=42.1 state_ms=7.38 prefix_ms=0.0 suffix_ms=296.0 first_token_ms=1713.1 generation_ms=19258.2 generated=64 generation_tps=3.323
CHILD index=4 own_instance=1 exit=0 text=3e0fd62f5aa50665 role=child prefix_tokens=16321 suffix_tokens=16 model_ms=1198.9 context_ms=40.8 state_ms=7.52 prefix_ms=0.0 suffix_ms=376.3 first_token_ms=1906.4 generation_ms=13928.5 generated=64 generation_tps=4.595
CHILD index=5 own_instance=0 exit=0 text=3fd8649867d4bb41 role=child prefix_tokens=16321 suffix_tokens=16 model_ms=1160.2 context_ms=41.8 state_ms=7.42 prefix_ms=0.0 suffix_ms=452.3 first_token_ms=1954.1 generation_ms=19165.7 generated=64 generation_tps=3.339
CHILD index=6 own_instance=1 exit=0 text=4a8f18b77dbe0332 role=child prefix_tokens=16321 suffix_tokens=16 model_ms=1079.4 context_ms=42.2 state_ms=7.53 prefix_ms=0.0 suffix_ms=196.3 first_token_ms=1609.4 generation_ms=13866.5 generated=64 generation_tps=4.615
CHILD index=7 own_instance=0 exit=0 text=4a8f18b77dbe0332 role=child prefix_tokens=16321 suffix_tokens=16 model_ms=1091.7 context_ms=42.0 state_ms=7.29 prefix_ms=0.0 suffix_ms=233.3 first_token_ms=1626.4 generation_ms=19289.6 generated=64 generation_tps=3.318
MEMORY mem_available_drop_mib=6886
END_CASE failed=0 timed_out=0
CASE placement=cross mode=grow_all children=8 paragraphs=320 context=32768
PARENT exit=0 text=c646470e58f73411 prefix_tokens=16321 prefix_ms=19824.3 publish_ms=9.08 state_bytes=261845 model_ms=578.5 context_ms=65.8 suffix_ms=115.5 generation_ms=9062.5 generated=64 generation_tps=7.062 total_ms=42234.6
CHILD index=0 own_instance=1 exit=0 text=d42c4c07975a6446 role=child prefix_tokens=16321 suffix_tokens=16 model_ms=1191.0 context_ms=69.4 state_ms=19.03 prefix_ms=0.0 suffix_ms=383.6 first_token_ms=1960.7 generation_ms=13912.6 generated=64 generation_tps=4.600
CHILD index=1 own_instance=0 exit=0 text=3fd8649867d4bb41 role=child prefix_tokens=16321 suffix_tokens=16 model_ms=1167.9 context_ms=76.5 state_ms=18.10 prefix_ms=0.0 suffix_ms=454.1 first_token_ms=2015.2 generation_ms=19224.3 generated=64 generation_tps=3.329
CHILD index=2 own_instance=1 exit=0 text=3fd8649867d4bb41 role=child prefix_tokens=16321 suffix_tokens=16 model_ms=1192.6 context_ms=71.7 state_ms=18.99 prefix_ms=0.0 suffix_ms=382.9 first_token_ms=1958.8 generation_ms=13909.5 generated=64 generation_tps=4.601
CHILD index=3 own_instance=0 exit=0 text=3fd8649867d4bb41 role=child prefix_tokens=16321 suffix_tokens=16 model_ms=1134.7 context_ms=58.7 state_ms=21.53 prefix_ms=0.0 suffix_ms=415.1 first_token_ms=1909.7 generation_ms=19289.5 generated=64 generation_tps=3.318
CHILD index=4 own_instance=1 exit=0 text=3e0fd62f5aa50665 role=child prefix_tokens=16321 suffix_tokens=16 model_ms=1177.5 context_ms=69.6 state_ms=17.52 prefix_ms=0.0 suffix_ms=308.5 first_token_ms=1859.7 generation_ms=13915.6 generated=64 generation_tps=4.599
CHILD index=5 own_instance=0 exit=0 text=3fd8649867d4bb41 role=child prefix_tokens=16321 suffix_tokens=16 model_ms=1127.8 context_ms=56.8 state_ms=18.23 prefix_ms=0.0 suffix_ms=374.8 first_token_ms=1847.0 generation_ms=19297.1 generated=64 generation_tps=3.317
CHILD index=6 own_instance=1 exit=0 text=4a8f18b77dbe0332 role=child prefix_tokens=16321 suffix_tokens=16 model_ms=1189.6 context_ms=73.3 state_ms=18.22 prefix_ms=0.0 suffix_ms=383.9 first_token_ms=1929.8 generation_ms=13919.6 generated=64 generation_tps=4.598
CHILD index=7 own_instance=0 exit=0 text=4a8f18b77dbe0332 role=child prefix_tokens=16321 suffix_tokens=16 model_ms=1139.0 context_ms=61.2 state_ms=21.50 prefix_ms=0.0 suffix_ms=418.4 first_token_ms=1929.0 generation_ms=19289.6 generated=64 generation_tps=3.318
MEMORY mem_available_drop_mib=12933
END_CASE failed=0 timed_out=0
CASE placement=cross mode=small_pages children=8 paragraphs=320 context=32768
PARENT exit=0 text=c646470e58f73411 prefix_tokens=16321 prefix_ms=19976.4 publish_ms=13.51 state_bytes=261845 model_ms=598.6 context_ms=36.1 suffix_ms=64.0 generation_ms=8660.8 generated=64 generation_tps=7.390 total_ms=42303.2
CHILD index=0 own_instance=1 exit=0 text=d42c4c07975a6446 role=child prefix_tokens=16321 suffix_tokens=16 model_ms=1208.8 context_ms=60.4 state_ms=7.54 prefix_ms=0.0 suffix_ms=381.1 first_token_ms=1940.9 generation_ms=13958.1 generated=64 generation_tps=4.585
CHILD index=1 own_instance=0 exit=0 text=3fd8649867d4bb41 role=child prefix_tokens=16321 suffix_tokens=16 model_ms=1135.8 context_ms=51.7 state_ms=11.92 prefix_ms=0.0 suffix_ms=440.8 first_token_ms=1944.1 generation_ms=19223.8 generated=64 generation_tps=3.329
CHILD index=2 own_instance=1 exit=0 text=3fd8649867d4bb41 role=child prefix_tokens=16321 suffix_tokens=16 model_ms=1190.1 context_ms=58.4 state_ms=7.47 prefix_ms=0.0 suffix_ms=360.2 first_token_ms=1905.3 generation_ms=13910.8 generated=64 generation_tps=4.601
CHILD index=3 own_instance=0 exit=0 text=3fd8649867d4bb41 role=child prefix_tokens=16321 suffix_tokens=16 model_ms=1037.4 context_ms=46.0 state_ms=7.47 prefix_ms=0.0 suffix_ms=163.5 first_token_ms=1552.7 generation_ms=19335.0 generated=64 generation_tps=3.310
CHILD index=4 own_instance=1 exit=0 text=3e0fd62f5aa50665 role=child prefix_tokens=16321 suffix_tokens=16 model_ms=1197.8 context_ms=61.9 state_ms=7.32 prefix_ms=0.0 suffix_ms=401.9 first_token_ms=1965.7 generation_ms=13945.4 generated=64 generation_tps=4.589
CHILD index=5 own_instance=0 exit=0 text=3fd8649867d4bb41 role=child prefix_tokens=16321 suffix_tokens=16 model_ms=1132.3 context_ms=47.1 state_ms=7.54 prefix_ms=0.0 suffix_ms=386.4 first_token_ms=1847.9 generation_ms=19250.9 generated=64 generation_tps=3.325
CHILD index=6 own_instance=1 exit=0 text=4a8f18b77dbe0332 role=child prefix_tokens=16321 suffix_tokens=16 model_ms=1200.1 context_ms=63.1 state_ms=7.37 prefix_ms=0.0 suffix_ms=392.2 first_token_ms=1955.4 generation_ms=13937.3 generated=64 generation_tps=4.592
CHILD index=7 own_instance=0 exit=0 text=4a8f18b77dbe0332 role=child prefix_tokens=16321 suffix_tokens=16 model_ms=1187.7 context_ms=63.2 state_ms=7.57 prefix_ms=0.0 suffix_ms=455.1 first_token_ms=1995.4 generation_ms=19186.1 generated=64 generation_tps=3.336
MEMORY mem_available_drop_mib=5825
END_CASE failed=0 timed_out=0
END_KVMECH
BEGIN_KVMECH run=4
CASE placement=cross mode=small_pages children=8 paragraphs=320 context=32768
PARENT exit=0 text=c646470e58f73411 prefix_tokens=16321 prefix_ms=19947.2 publish_ms=13.81 state_bytes=261845 model_ms=577.8 context_ms=37.3 suffix_ms=63.7 generation_ms=8934.4 generated=64 generation_tps=7.163 total_ms=42260.3
CHILD index=0 own_instance=1 exit=0 text=d42c4c07975a6446 role=child prefix_tokens=16321 suffix_tokens=16 model_ms=1205.4 context_ms=46.5 state_ms=7.58 prefix_ms=0.0 suffix_ms=426.8 first_token_ms=1979.8 generation_ms=13940.2 generated=64 generation_tps=4.591
CHILD index=1 own_instance=0 exit=0 text=3fd8649867d4bb41 role=child prefix_tokens=16321 suffix_tokens=16 model_ms=1087.5 context_ms=57.0 state_ms=7.56 prefix_ms=0.0 suffix_ms=252.5 first_token_ms=1694.4 generation_ms=19328.0 generated=64 generation_tps=3.311
CHILD index=2 own_instance=1 exit=0 text=3fd8649867d4bb41 role=child prefix_tokens=16321 suffix_tokens=16 model_ms=1123.8 context_ms=60.0 state_ms=7.41 prefix_ms=0.0 suffix_ms=320.0 first_token_ms=1786.6 generation_ms=14031.3 generated=64 generation_tps=4.561
CHILD index=3 own_instance=0 exit=0 text=3fd8649867d4bb41 role=child prefix_tokens=16321 suffix_tokens=16 model_ms=1155.6 context_ms=51.0 state_ms=7.86 prefix_ms=0.0 suffix_ms=439.0 first_token_ms=1936.6 generation_ms=19255.9 generated=64 generation_tps=3.324
CHILD index=4 own_instance=1 exit=0 text=3e0fd62f5aa50665 role=child prefix_tokens=16321 suffix_tokens=16 model_ms=1188.5 context_ms=52.0 state_ms=7.30 prefix_ms=0.0 suffix_ms=415.2 first_token_ms=1961.1 generation_ms=13948.1 generated=64 generation_tps=4.588
CHILD index=5 own_instance=0 exit=0 text=3fd8649867d4bb41 role=child prefix_tokens=16321 suffix_tokens=16 model_ms=1125.0 context_ms=54.8 state_ms=7.74 prefix_ms=0.0 suffix_ms=396.3 first_token_ms=1863.1 generation_ms=19291.9 generated=64 generation_tps=3.317
CHILD index=6 own_instance=1 exit=0 text=4a8f18b77dbe0332 role=child prefix_tokens=16321 suffix_tokens=16 model_ms=1116.3 context_ms=50.8 state_ms=7.70 prefix_ms=0.0 suffix_ms=309.2 first_token_ms=1770.0 generation_ms=14054.5 generated=64 generation_tps=4.554
CHILD index=7 own_instance=0 exit=0 text=4a8f18b77dbe0332 role=child prefix_tokens=16321 suffix_tokens=16 model_ms=1174.7 context_ms=51.2 state_ms=7.87 prefix_ms=0.0 suffix_ms=467.2 first_token_ms=2000.8 generation_ms=19215.8 generated=64 generation_tps=3.331
MEMORY mem_available_drop_mib=5836
END_CASE failed=0 timed_out=0
CASE placement=cross mode=grow_all children=8 paragraphs=320 context=32768
PARENT exit=0 text=c646470e58f73411 prefix_tokens=16321 prefix_ms=19822.6 publish_ms=9.16 state_bytes=261845 model_ms=586.2 context_ms=65.4 suffix_ms=109.8 generation_ms=9229.3 generated=64 generation_tps=6.934 total_ms=42175.0
CHILD index=0 own_instance=1 exit=0 text=d42c4c07975a6446 role=child prefix_tokens=16321 suffix_tokens=16 model_ms=1188.3 context_ms=62.2 state_ms=18.41 prefix_ms=0.0 suffix_ms=387.4 first_token_ms=1955.1 generation_ms=13911.1 generated=64 generation_tps=4.601
CHILD index=1 own_instance=0 exit=0 text=3fd8649867d4bb41 role=child prefix_tokens=16321 suffix_tokens=16 model_ms=1100.6 context_ms=59.2 state_ms=18.34 prefix_ms=0.0 suffix_ms=354.3 first_token_ms=1810.3 generation_ms=19298.0 generated=64 generation_tps=3.316
CHILD index=2 own_instance=1 exit=0 text=3fd8649867d4bb41 role=child prefix_tokens=16321 suffix_tokens=16 model_ms=1180.3 context_ms=69.4 state_ms=18.29 prefix_ms=0.0 suffix_ms=387.2 first_token_ms=1945.1 generation_ms=13915.4 generated=64 generation_tps=4.599
CHILD index=3 own_instance=0 exit=0 text=3fd8649867d4bb41 role=child prefix_tokens=16321 suffix_tokens=16 model_ms=1163.1 context_ms=69.4 state_ms=18.47 prefix_ms=0.0 suffix_ms=456.1 first_token_ms=2010.8 generation_ms=19206.6 generated=64 generation_tps=3.332
CHILD index=4 own_instance=1 exit=0 text=3e0fd62f5aa50665 role=child prefix_tokens=16321 suffix_tokens=16 model_ms=1091.2 context_ms=64.7 state_ms=17.40 prefix_ms=0.0 suffix_ms=224.4 first_token_ms=1663.7 generation_ms=14027.9 generated=64 generation_tps=4.562
CHILD index=5 own_instance=0 exit=0 text=3fd8649867d4bb41 role=child prefix_tokens=16321 suffix_tokens=16 model_ms=1160.2 context_ms=64.4 state_ms=18.07 prefix_ms=0.0 suffix_ms=449.7 first_token_ms=1997.7 generation_ms=19213.5 generated=64 generation_tps=3.331
CHILD index=6 own_instance=1 exit=0 text=4a8f18b77dbe0332 role=child prefix_tokens=16321 suffix_tokens=16 model_ms=1194.7 context_ms=60.8 state_ms=18.49 prefix_ms=0.0 suffix_ms=394.1 first_token_ms=1965.7 generation_ms=13911.0 generated=64 generation_tps=4.601
CHILD index=7 own_instance=0 exit=0 text=4a8f18b77dbe0332 role=child prefix_tokens=16321 suffix_tokens=16 model_ms=1087.2 context_ms=58.2 state_ms=18.04 prefix_ms=0.0 suffix_ms=353.9 first_token_ms=1808.9 generation_ms=19285.1 generated=64 generation_tps=3.319
MEMORY mem_available_drop_mib=12921
END_CASE failed=0 timed_out=0
CASE placement=cross mode=grow_4096 children=8 paragraphs=320 context=32768
PARENT exit=0 text=c646470e58f73411 prefix_tokens=16321 prefix_ms=19823.5 publish_ms=8.97 state_bytes=261845 model_ms=577.6 context_ms=37.1 suffix_ms=103.8 generation_ms=8717.7 generated=64 generation_tps=7.341 total_ms=42085.3
CHILD index=0 own_instance=1 exit=0 text=d42c4c07975a6446 role=child prefix_tokens=16321 suffix_tokens=16 model_ms=1211.8 context_ms=47.3 state_ms=7.37 prefix_ms=0.0 suffix_ms=393.3 first_token_ms=1953.7 generation_ms=13921.8 generated=64 generation_tps=4.597
CHILD index=1 own_instance=0 exit=0 text=3fd8649867d4bb41 role=child prefix_tokens=16321 suffix_tokens=16 model_ms=1097.0 context_ms=36.4 state_ms=7.47 prefix_ms=0.0 suffix_ms=363.9 first_token_ms=1802.7 generation_ms=19335.5 generated=64 generation_tps=3.310
CHILD index=2 own_instance=1 exit=0 text=3fd8649867d4bb41 role=child prefix_tokens=16321 suffix_tokens=16 model_ms=1215.8 context_ms=48.7 state_ms=7.59 prefix_ms=0.0 suffix_ms=379.8 first_token_ms=1936.2 generation_ms=13923.4 generated=64 generation_tps=4.597
CHILD index=3 own_instance=0 exit=0 text=3fd8649867d4bb41 role=child prefix_tokens=16321 suffix_tokens=16 model_ms=1119.9 context_ms=36.3 state_ms=7.51 prefix_ms=0.0 suffix_ms=370.9 first_token_ms=1816.3 generation_ms=19302.2 generated=64 generation_tps=3.316
CHILD index=4 own_instance=1 exit=0 text=3e0fd62f5aa50665 role=child prefix_tokens=16321 suffix_tokens=16 model_ms=1225.1 context_ms=47.7 state_ms=7.36 prefix_ms=0.0 suffix_ms=378.0 first_token_ms=1938.3 generation_ms=13842.0 generated=64 generation_tps=4.624
CHILD index=5 own_instance=0 exit=0 text=3fd8649867d4bb41 role=child prefix_tokens=16321 suffix_tokens=16 model_ms=1076.4 context_ms=40.4 state_ms=7.47 prefix_ms=0.0 suffix_ms=345.9 first_token_ms=1775.3 generation_ms=19218.2 generated=64 generation_tps=3.330
CHILD index=6 own_instance=1 exit=0 text=4a8f18b77dbe0332 role=child prefix_tokens=16321 suffix_tokens=16 model_ms=1204.2 context_ms=44.1 state_ms=7.48 prefix_ms=0.0 suffix_ms=392.9 first_token_ms=1953.8 generation_ms=13916.1 generated=64 generation_tps=4.599
CHILD index=7 own_instance=0 exit=0 text=4a8f18b77dbe0332 role=child prefix_tokens=16321 suffix_tokens=16 model_ms=1174.1 context_ms=37.8 state_ms=7.43 prefix_ms=0.0 suffix_ms=479.3 first_token_ms=2000.0 generation_ms=19160.4 generated=64 generation_tps=3.340
MEMORY mem_available_drop_mib=6872
END_CASE failed=0 timed_out=0
CASE placement=cross mode=grow_1024 children=8 paragraphs=320 context=32768
PARENT exit=0 text=c646470e58f73411 prefix_tokens=16321 prefix_ms=19838.2 publish_ms=8.87 state_bytes=261845 model_ms=577.5 context_ms=36.5 suffix_ms=108.1 generation_ms=8995.8 generated=64 generation_tps=7.114 total_ms=42039.8
CHILD index=0 own_instance=1 exit=0 text=d42c4c07975a6446 role=child prefix_tokens=16321 suffix_tokens=16 model_ms=1184.4 context_ms=42.2 state_ms=7.90 prefix_ms=0.0 suffix_ms=381.4 first_token_ms=1911.5 generation_ms=13853.2 generated=64 generation_tps=4.620
CHILD index=1 own_instance=0 exit=0 text=3fd8649867d4bb41 role=child prefix_tokens=16321 suffix_tokens=16 model_ms=1150.4 context_ms=38.0 state_ms=7.55 prefix_ms=0.0 suffix_ms=401.4 first_token_ms=1857.4 generation_ms=19237.8 generated=64 generation_tps=3.327
CHILD index=2 own_instance=1 exit=0 text=3fd8649867d4bb41 role=child prefix_tokens=16321 suffix_tokens=16 model_ms=1189.9 context_ms=45.4 state_ms=7.42 prefix_ms=0.0 suffix_ms=405.2 first_token_ms=1941.7 generation_ms=13865.8 generated=64 generation_tps=4.616
CHILD index=3 own_instance=0 exit=0 text=3fd8649867d4bb41 role=child prefix_tokens=16321 suffix_tokens=16 model_ms=1064.3 context_ms=36.5 state_ms=7.38 prefix_ms=0.0 suffix_ms=178.2 first_token_ms=1560.5 generation_ms=19312.6 generated=64 generation_tps=3.314
CHILD index=4 own_instance=1 exit=0 text=3e0fd62f5aa50665 role=child prefix_tokens=16321 suffix_tokens=16 model_ms=1204.0 context_ms=42.4 state_ms=7.47 prefix_ms=0.0 suffix_ms=406.7 first_token_ms=1953.4 generation_ms=13868.5 generated=64 generation_tps=4.615
CHILD index=5 own_instance=0 exit=0 text=3fd8649867d4bb41 role=child prefix_tokens=16321 suffix_tokens=16 model_ms=1159.3 context_ms=40.2 state_ms=7.63 prefix_ms=0.0 suffix_ms=470.2 first_token_ms=1977.7 generation_ms=19140.2 generated=64 generation_tps=3.344
CHILD index=6 own_instance=1 exit=0 text=4a8f18b77dbe0332 role=child prefix_tokens=16321 suffix_tokens=16 model_ms=1127.0 context_ms=38.2 state_ms=7.74 prefix_ms=0.0 suffix_ms=236.2 first_token_ms=1696.1 generation_ms=13975.3 generated=64 generation_tps=4.580
CHILD index=7 own_instance=0 exit=0 text=4a8f18b77dbe0332 role=child prefix_tokens=16321 suffix_tokens=16 model_ms=1105.4 context_ms=36.8 state_ms=7.58 prefix_ms=0.0 suffix_ms=386.4 first_token_ms=1827.5 generation_ms=19238.7 generated=64 generation_tps=3.327
MEMORY mem_available_drop_mib=6075
END_CASE failed=0 timed_out=0
CASE placement=cross mode=writable_no_read children=8 paragraphs=320 context=32768
PARENT exit=0 text=c646470e58f73411 prefix_tokens=16321 prefix_ms=19827.1 publish_ms=9.16 state_bytes=261845 model_ms=586.5 context_ms=37.5 suffix_ms=116.9 generation_ms=9913.3 generated=64 generation_tps=6.456 total_ms=45451.6
CHILD index=0 own_instance=1 exit=0 text=d42c4c07975a6446 role=child prefix_tokens=16321 suffix_tokens=16 model_ms=1110.4 context_ms=43.3 state_ms=7.47 prefix_ms=0.0 suffix_ms=3593.2 first_token_ms=5057.4 generation_ms=13618.7 generated=64 generation_tps=4.699
CHILD index=1 own_instance=0 exit=0 text=3fd8649867d4bb41 role=child prefix_tokens=16321 suffix_tokens=16 model_ms=1077.0 context_ms=35.9 state_ms=7.35 prefix_ms=0.0 suffix_ms=3369.0 first_token_ms=4754.3 generation_ms=19467.9 generated=64 generation_tps=3.287
CHILD index=2 own_instance=1 exit=0 text=3fd8649867d4bb41 role=child prefix_tokens=16321 suffix_tokens=16 model_ms=1163.8 context_ms=42.6 state_ms=7.44 prefix_ms=0.0 suffix_ms=3654.0 first_token_ms=5164.7 generation_ms=13633.9 generated=64 generation_tps=4.694
CHILD index=3 own_instance=0 exit=0 text=3fd8649867d4bb41 role=child prefix_tokens=16321 suffix_tokens=16 model_ms=1116.8 context_ms=40.6 state_ms=7.38 prefix_ms=0.0 suffix_ms=3783.6 first_token_ms=5249.0 generation_ms=19250.4 generated=64 generation_tps=3.325
CHILD index=4 own_instance=1 exit=0 text=3e0fd62f5aa50665 role=child prefix_tokens=16321 suffix_tokens=16 model_ms=1175.9 context_ms=43.1 state_ms=7.57 prefix_ms=0.0 suffix_ms=3649.2 first_token_ms=5167.9 generation_ms=13636.6 generated=64 generation_tps=4.693
CHILD index=5 own_instance=0 exit=0 text=3fd8649867d4bb41 role=child prefix_tokens=16321 suffix_tokens=16 model_ms=1049.5 context_ms=34.1 state_ms=7.14 prefix_ms=0.0 suffix_ms=3572.2 first_token_ms=4949.4 generation_ms=19398.3 generated=64 generation_tps=3.299
CHILD index=6 own_instance=1 exit=0 text=4a8f18b77dbe0332 role=child prefix_tokens=16321 suffix_tokens=16 model_ms=1172.4 context_ms=41.5 state_ms=7.34 prefix_ms=0.0 suffix_ms=3634.0 first_token_ms=5143.3 generation_ms=13637.3 generated=64 generation_tps=4.693
CHILD index=7 own_instance=0 exit=0 text=4a8f18b77dbe0332 role=child prefix_tokens=16321 suffix_tokens=16 model_ms=1152.2 context_ms=39.1 state_ms=7.53 prefix_ms=0.0 suffix_ms=3709.8 first_token_ms=5194.1 generation_ms=19279.9 generated=64 generation_tps=3.320
MEMORY mem_available_drop_mib=13053
END_CASE failed=0 timed_out=0
CASE placement=cross mode=writable children=8 paragraphs=320 context=32768
PARENT exit=0 text=c646470e58f73411 prefix_tokens=16321 prefix_ms=19834.3 publish_ms=6.68 state_bytes=261845 model_ms=575.3 context_ms=39.0 suffix_ms=106.4 generation_ms=9064.8 generated=64 generation_tps=7.060 total_ms=42586.6
CHILD index=0 own_instance=1 exit=0 text=d42c4c07975a6446 role=child prefix_tokens=16321 suffix_tokens=16 model_ms=1197.5 context_ms=38.9 state_ms=7.34 prefix_ms=0.0 suffix_ms=764.1 first_token_ms=2302.8 generation_ms=13965.5 generated=64 generation_tps=4.583
CHILD index=1 own_instance=0 exit=0 text=3fd8649867d4bb41 role=child prefix_tokens=16321 suffix_tokens=16 model_ms=1168.8 context_ms=41.9 state_ms=7.53 prefix_ms=0.0 suffix_ms=716.4 first_token_ms=2207.0 generation_ms=19418.0 generated=64 generation_tps=3.296
CHILD index=2 own_instance=1 exit=0 text=3fd8649867d4bb41 role=child prefix_tokens=16321 suffix_tokens=16 model_ms=1161.5 context_ms=53.8 state_ms=7.51 prefix_ms=0.0 suffix_ms=713.5 first_token_ms=2221.6 generation_ms=13992.7 generated=64 generation_tps=4.574
CHILD index=3 own_instance=0 exit=0 text=3fd8649867d4bb41 role=child prefix_tokens=16321 suffix_tokens=16 model_ms=1121.7 context_ms=49.8 state_ms=7.55 prefix_ms=0.0 suffix_ms=713.4 first_token_ms=2191.1 generation_ms=19416.6 generated=64 generation_tps=3.296
CHILD index=4 own_instance=1 exit=0 text=3e0fd62f5aa50665 role=child prefix_tokens=16321 suffix_tokens=16 model_ms=1206.9 context_ms=38.3 state_ms=7.44 prefix_ms=0.0 suffix_ms=725.0 first_token_ms=2261.4 generation_ms=13989.9 generated=64 generation_tps=4.575
CHILD index=5 own_instance=0 exit=0 text=3fd8649867d4bb41 role=child prefix_tokens=16321 suffix_tokens=16 model_ms=1119.9 context_ms=47.1 state_ms=7.51 prefix_ms=0.0 suffix_ms=686.0 first_token_ms=2160.7 generation_ms=19379.0 generated=64 generation_tps=3.303
CHILD index=6 own_instance=1 exit=0 text=4a8f18b77dbe0332 role=child prefix_tokens=16321 suffix_tokens=16 model_ms=1142.1 context_ms=52.5 state_ms=7.34 prefix_ms=0.0 suffix_ms=741.8 first_token_ms=2246.9 generation_ms=13987.9 generated=64 generation_tps=4.575
CHILD index=7 own_instance=0 exit=0 text=4a8f18b77dbe0332 role=child prefix_tokens=16321 suffix_tokens=16 model_ms=1157.9 context_ms=54.1 state_ms=7.47 prefix_ms=0.0 suffix_ms=777.9 first_token_ms=2280.1 generation_ms=19361.4 generated=64 generation_tps=3.306
MEMORY mem_available_drop_mib=6793
END_CASE failed=0 timed_out=0
CASE placement=cross mode=no_populate children=8 paragraphs=320 context=32768
PARENT exit=0 text=c646470e58f73411 prefix_tokens=16321 prefix_ms=19821.6 publish_ms=9.21 state_bytes=261845 model_ms=578.1 context_ms=37.5 suffix_ms=116.5 generation_ms=9041.0 generated=64 generation_tps=7.079 total_ms=42462.1
CHILD index=0 own_instance=1 exit=0 text=d42c4c07975a6446 role=child prefix_tokens=16321 suffix_tokens=16 model_ms=1162.5 context_ms=45.4 state_ms=7.77 prefix_ms=0.0 suffix_ms=568.4 first_token_ms=2078.7 generation_ms=14176.7 generated=64 generation_tps=4.514
CHILD index=1 own_instance=0 exit=0 text=3fd8649867d4bb41 role=child prefix_tokens=16321 suffix_tokens=16 model_ms=1136.7 context_ms=51.4 state_ms=7.32 prefix_ms=0.0 suffix_ms=623.0 first_token_ms=2115.4 generation_ms=19444.9 generated=64 generation_tps=3.291
CHILD index=2 own_instance=1 exit=0 text=3fd8649867d4bb41 role=child prefix_tokens=16321 suffix_tokens=16 model_ms=1167.0 context_ms=46.7 state_ms=7.74 prefix_ms=0.0 suffix_ms=556.9 first_token_ms=2069.0 generation_ms=14188.0 generated=64 generation_tps=4.511
CHILD index=3 own_instance=0 exit=0 text=3fd8649867d4bb41 role=child prefix_tokens=16321 suffix_tokens=16 model_ms=1092.4 context_ms=35.8 state_ms=7.46 prefix_ms=0.0 suffix_ms=434.3 first_token_ms=1859.2 generation_ms=19548.5 generated=64 generation_tps=3.274
CHILD index=4 own_instance=1 exit=0 text=3e0fd62f5aa50665 role=child prefix_tokens=16321 suffix_tokens=16 model_ms=1182.1 context_ms=38.0 state_ms=7.50 prefix_ms=0.0 suffix_ms=560.9 first_token_ms=2092.4 generation_ms=14174.6 generated=64 generation_tps=4.515
CHILD index=5 own_instance=0 exit=0 text=3fd8649867d4bb41 role=child prefix_tokens=16321 suffix_tokens=16 model_ms=1129.7 context_ms=38.4 state_ms=7.87 prefix_ms=0.0 suffix_ms=525.7 first_token_ms=1957.7 generation_ms=19513.1 generated=64 generation_tps=3.280
CHILD index=6 own_instance=1 exit=0 text=4a8f18b77dbe0332 role=child prefix_tokens=16321 suffix_tokens=16 model_ms=1167.7 context_ms=46.5 state_ms=8.32 prefix_ms=0.0 suffix_ms=520.6 first_token_ms=2022.6 generation_ms=14173.7 generated=64 generation_tps=4.515
CHILD index=7 own_instance=0 exit=0 text=4a8f18b77dbe0332 role=child prefix_tokens=16321 suffix_tokens=16 model_ms=1123.7 context_ms=41.5 state_ms=7.56 prefix_ms=0.0 suffix_ms=603.5 first_token_ms=2078.4 generation_ms=19464.5 generated=64 generation_tps=3.288
MEMORY mem_available_drop_mib=5934
END_CASE failed=0 timed_out=0
CASE placement=cross mode=no_read children=8 paragraphs=320 context=32768
PARENT exit=0 text=c646470e58f73411 prefix_tokens=16321 prefix_ms=19826.3 publish_ms=9.01 state_bytes=261845 model_ms=585.9 context_ms=36.5 suffix_ms=117.4 generation_ms=9358.9 generated=64 generation_tps=6.838 total_ms=42568.9
CHILD index=0 own_instance=1 exit=0 text=d42c4c07975a6446 role=child prefix_tokens=16321 suffix_tokens=16 model_ms=1161.9 context_ms=38.2 state_ms=7.66 prefix_ms=0.0 suffix_ms=1144.0 first_token_ms=2646.7 generation_ms=13787.6 generated=64 generation_tps=4.642
CHILD index=1 own_instance=0 exit=0 text=3fd8649867d4bb41 role=child prefix_tokens=16321 suffix_tokens=16 model_ms=1193.1 context_ms=44.8 state_ms=7.84 prefix_ms=0.0 suffix_ms=1080.1 first_token_ms=2609.4 generation_ms=19032.8 generated=64 generation_tps=3.363
CHILD index=2 own_instance=1 exit=0 text=3fd8649867d4bb41 role=child prefix_tokens=16321 suffix_tokens=16 model_ms=1174.7 context_ms=44.0 state_ms=7.53 prefix_ms=0.0 suffix_ms=1114.4 first_token_ms=2632.2 generation_ms=13791.6 generated=64 generation_tps=4.641
CHILD index=3 own_instance=0 exit=0 text=3fd8649867d4bb41 role=child prefix_tokens=16321 suffix_tokens=16 model_ms=1049.6 context_ms=33.2 state_ms=7.48 prefix_ms=0.0 suffix_ms=186.8 first_token_ms=1544.8 generation_ms=19342.7 generated=64 generation_tps=3.309
CHILD index=4 own_instance=1 exit=0 text=3e0fd62f5aa50665 role=child prefix_tokens=16321 suffix_tokens=16 model_ms=1107.3 context_ms=33.1 state_ms=7.25 prefix_ms=0.0 suffix_ms=842.4 first_token_ms=2294.9 generation_ms=13915.5 generated=64 generation_tps=4.599
CHILD index=5 own_instance=0 exit=0 text=3fd8649867d4bb41 role=child prefix_tokens=16321 suffix_tokens=16 model_ms=1177.4 context_ms=44.9 state_ms=7.38 prefix_ms=0.0 suffix_ms=1086.8 first_token_ms=2599.5 generation_ms=19046.6 generated=64 generation_tps=3.360
CHILD index=6 own_instance=1 exit=0 text=4a8f18b77dbe0332 role=child prefix_tokens=16321 suffix_tokens=16 model_ms=1189.3 context_ms=38.1 state_ms=7.20 prefix_ms=0.0 suffix_ms=1121.4 first_token_ms=2654.7 generation_ms=13790.2 generated=64 generation_tps=4.641
CHILD index=7 own_instance=0 exit=0 text=4a8f18b77dbe0332 role=child prefix_tokens=16321 suffix_tokens=16 model_ms=1142.1 context_ms=39.8 state_ms=7.62 prefix_ms=0.0 suffix_ms=1031.1 first_token_ms=2523.1 generation_ms=19067.9 generated=64 generation_tps=3.356
MEMORY mem_available_drop_mib=5949
END_CASE failed=0 timed_out=0
CASE placement=cross mode=extent children=8 paragraphs=320 context=32768
PARENT exit=0 text=c646470e58f73411 prefix_tokens=16321 prefix_ms=19842.5 publish_ms=9.17 state_bytes=261845 model_ms=578.3 context_ms=36.9 suffix_ms=120.5 generation_ms=8994.3 generated=64 generation_tps=7.116 total_ms=42084.6
CHILD index=0 own_instance=1 exit=0 text=d42c4c07975a6446 role=child prefix_tokens=16321 suffix_tokens=16 model_ms=1167.9 context_ms=52.3 state_ms=7.38 prefix_ms=0.0 suffix_ms=383.2 first_token_ms=1907.0 generation_ms=13914.5 generated=64 generation_tps=4.600
CHILD index=1 own_instance=0 exit=0 text=3fd8649867d4bb41 role=child prefix_tokens=16321 suffix_tokens=16 model_ms=1156.1 context_ms=52.0 state_ms=7.58 prefix_ms=0.0 suffix_ms=425.7 first_token_ms=1921.9 generation_ms=19205.2 generated=64 generation_tps=3.332
CHILD index=2 own_instance=1 exit=0 text=3fd8649867d4bb41 role=child prefix_tokens=16321 suffix_tokens=16 model_ms=1166.6 context_ms=51.1 state_ms=7.48 prefix_ms=0.0 suffix_ms=399.1 first_token_ms=1927.8 generation_ms=13906.0 generated=64 generation_tps=4.602
CHILD index=3 own_instance=0 exit=0 text=3fd8649867d4bb41 role=child prefix_tokens=16321 suffix_tokens=16 model_ms=1145.1 context_ms=52.5 state_ms=7.45 prefix_ms=0.0 suffix_ms=419.2 first_token_ms=1916.9 generation_ms=19212.5 generated=64 generation_tps=3.331
CHILD index=4 own_instance=1 exit=0 text=3e0fd62f5aa50665 role=child prefix_tokens=16321 suffix_tokens=16 model_ms=1182.5 context_ms=51.5 state_ms=7.31 prefix_ms=0.0 suffix_ms=390.8 first_token_ms=1917.5 generation_ms=13912.6 generated=64 generation_tps=4.600
CHILD index=5 own_instance=0 exit=0 text=3fd8649867d4bb41 role=child prefix_tokens=16321 suffix_tokens=16 model_ms=1127.3 context_ms=43.5 state_ms=9.37 prefix_ms=0.0 suffix_ms=423.0 first_token_ms=1892.7 generation_ms=19197.5 generated=64 generation_tps=3.334
CHILD index=6 own_instance=1 exit=0 text=4a8f18b77dbe0332 role=child prefix_tokens=16321 suffix_tokens=16 model_ms=1169.2 context_ms=43.4 state_ms=7.77 prefix_ms=0.0 suffix_ms=342.3 first_token_ms=1857.6 generation_ms=13871.8 generated=64 generation_tps=4.614
CHILD index=7 own_instance=0 exit=0 text=4a8f18b77dbe0332 role=child prefix_tokens=16321 suffix_tokens=16 model_ms=1092.4 context_ms=36.0 state_ms=7.47 prefix_ms=0.0 suffix_ms=140.4 first_token_ms=1523.3 generation_ms=19259.9 generated=64 generation_tps=3.323
MEMORY mem_available_drop_mib=5900
END_CASE failed=0 timed_out=0
CASE placement=cross mode=copy children=8 paragraphs=320 context=32768
PARENT exit=0 text=c646470e58f73411 prefix_tokens=16321 prefix_ms=19772.6 publish_ms=557.69 state_bytes=936173269 model_ms=572.9 context_ms=60.0 suffix_ms=62.6 generation_ms=7519.6 generated=64 generation_tps=8.511 total_ms=42421.9
CHILD index=0 own_instance=1 exit=0 text=d42c4c07975a6446 role=child prefix_tokens=16321 suffix_tokens=16 model_ms=1139.8 context_ms=173.4 state_ms=457.67 prefix_ms=0.0 suffix_ms=373.9 first_token_ms=2435.3 generation_ms=13493.1 generated=64 generation_tps=4.743
CHILD index=1 own_instance=0 exit=0 text=3fd8649867d4bb41 role=child prefix_tokens=16321 suffix_tokens=16 model_ms=1163.9 context_ms=195.2 state_ms=409.70 prefix_ms=0.0 suffix_ms=455.2 first_token_ms=2518.5 generation_ms=18417.0 generated=64 generation_tps=3.475
CHILD index=2 own_instance=1 exit=0 text=3fd8649867d4bb41 role=child prefix_tokens=16321 suffix_tokens=16 model_ms=1130.9 context_ms=184.6 state_ms=450.04 prefix_ms=0.0 suffix_ms=396.4 first_token_ms=2459.2 generation_ms=13477.7 generated=64 generation_tps=4.749
CHILD index=3 own_instance=0 exit=0 text=3fd8649867d4bb41 role=child prefix_tokens=16321 suffix_tokens=16 model_ms=1145.3 context_ms=176.9 state_ms=456.82 prefix_ms=0.0 suffix_ms=435.1 first_token_ms=2500.0 generation_ms=18400.1 generated=64 generation_tps=3.478
CHILD index=4 own_instance=1 exit=0 text=3e0fd62f5aa50665 role=child prefix_tokens=16321 suffix_tokens=16 model_ms=1248.2 context_ms=154.2 state_ms=372.10 prefix_ms=0.0 suffix_ms=386.4 first_token_ms=2449.5 generation_ms=13486.3 generated=64 generation_tps=4.746
CHILD index=5 own_instance=0 exit=0 text=3fd8649867d4bb41 role=child prefix_tokens=16321 suffix_tokens=16 model_ms=1150.6 context_ms=171.5 state_ms=437.03 prefix_ms=0.0 suffix_ms=466.2 first_token_ms=2529.2 generation_ms=18409.5 generated=64 generation_tps=3.476
CHILD index=6 own_instance=1 exit=0 text=4a8f18b77dbe0332 role=child prefix_tokens=16321 suffix_tokens=16 model_ms=1214.4 context_ms=195.9 state_ms=350.59 prefix_ms=0.0 suffix_ms=402.9 first_token_ms=2465.2 generation_ms=13481.5 generated=64 generation_tps=4.747
CHILD index=7 own_instance=0 exit=0 text=4a8f18b77dbe0332 role=child prefix_tokens=16321 suffix_tokens=16 model_ms=1067.1 context_ms=62.9 state_ms=218.69 prefix_ms=0.0 suffix_ms=221.1 first_token_ms=1845.0 generation_ms=18166.8 generated=64 generation_tps=3.523
MEMORY mem_available_drop_mib=20240
END_CASE failed=0 timed_out=0
END_KVMECH
BEGIN_KVMECH run=5
CASE placement=cross mode=copy children=8 paragraphs=320 context=32768
PARENT exit=0 text=c646470e58f73411 prefix_tokens=16321 prefix_ms=19768.1 publish_ms=539.14 state_bytes=936173269 model_ms=595.6 context_ms=59.8 suffix_ms=62.9 generation_ms=7875.5 generated=64 generation_tps=8.126 total_ms=42429.0
CHILD index=0 own_instance=1 exit=0 text=d42c4c07975a6446 role=child prefix_tokens=16321 suffix_tokens=16 model_ms=1225.5 context_ms=167.0 state_ms=322.31 prefix_ms=0.0 suffix_ms=378.5 first_token_ms=2382.8 generation_ms=13573.8 generated=64 generation_tps=4.715
CHILD index=1 own_instance=0 exit=0 text=3fd8649867d4bb41 role=child prefix_tokens=16321 suffix_tokens=16 model_ms=1136.2 context_ms=73.4 state_ms=380.70 prefix_ms=0.0 suffix_ms=421.6 first_token_ms=2318.3 generation_ms=18605.7 generated=64 generation_tps=3.440
CHILD index=2 own_instance=1 exit=0 text=3fd8649867d4bb41 role=child prefix_tokens=16321 suffix_tokens=16 model_ms=1232.4 context_ms=161.9 state_ms=346.51 prefix_ms=0.0 suffix_ms=411.3 first_token_ms=2442.2 generation_ms=13536.4 generated=64 generation_tps=4.728
CHILD index=3 own_instance=0 exit=0 text=3fd8649867d4bb41 role=child prefix_tokens=16321 suffix_tokens=16 model_ms=1185.3 context_ms=149.9 state_ms=320.89 prefix_ms=0.0 suffix_ms=490.2 first_token_ms=2441.8 generation_ms=18514.7 generated=64 generation_tps=3.457
CHILD index=4 own_instance=1 exit=0 text=3e0fd62f5aa50665 role=child prefix_tokens=16321 suffix_tokens=16 model_ms=1207.8 context_ms=131.3 state_ms=333.73 prefix_ms=0.0 suffix_ms=390.0 first_token_ms=2364.1 generation_ms=13580.9 generated=64 generation_tps=4.713
CHILD index=5 own_instance=0 exit=0 text=3fd8649867d4bb41 role=child prefix_tokens=16321 suffix_tokens=16 model_ms=1075.0 context_ms=77.9 state_ms=272.31 prefix_ms=0.0 suffix_ms=192.2 first_token_ms=1899.5 generation_ms=18639.5 generated=64 generation_tps=3.434
CHILD index=6 own_instance=1 exit=0 text=4a8f18b77dbe0332 role=child prefix_tokens=16321 suffix_tokens=16 model_ms=1237.2 context_ms=164.9 state_ms=319.84 prefix_ms=0.0 suffix_ms=371.0 first_token_ms=2378.8 generation_ms=13571.1 generated=64 generation_tps=4.716
CHILD index=7 own_instance=0 exit=0 text=4a8f18b77dbe0332 role=child prefix_tokens=16321 suffix_tokens=16 model_ms=1115.6 context_ms=99.7 state_ms=378.89 prefix_ms=0.0 suffix_ms=405.2 first_token_ms=2293.4 generation_ms=18609.9 generated=64 generation_tps=3.439
MEMORY mem_available_drop_mib=20216
END_CASE failed=0 timed_out=0
CASE placement=cross mode=extent children=8 paragraphs=320 context=32768
PARENT exit=0 text=c646470e58f73411 prefix_tokens=16321 prefix_ms=19843.4 publish_ms=8.97 state_bytes=261845 model_ms=603.3 context_ms=37.1 suffix_ms=109.8 generation_ms=9554.8 generated=64 generation_tps=6.698 total_ms=41745.6
CHILD index=0 own_instance=1 exit=0 text=d42c4c07975a6446 role=child prefix_tokens=16321 suffix_tokens=16 model_ms=1161.6 context_ms=37.6 state_ms=7.46 prefix_ms=0.0 suffix_ms=390.3 first_token_ms=1881.1 generation_ms=13985.7 generated=64 generation_tps=4.576
CHILD index=1 own_instance=0 exit=0 text=3fd8649867d4bb41 role=child prefix_tokens=16321 suffix_tokens=16 model_ms=766.6 context_ms=37.4 state_ms=7.66 prefix_ms=0.0 suffix_ms=132.7 first_token_ms=1151.4 generation_ms=18503.9 generated=64 generation_tps=3.459
CHILD index=2 own_instance=1 exit=0 text=3fd8649867d4bb41 role=child prefix_tokens=16321 suffix_tokens=16 model_ms=1164.0 context_ms=40.7 state_ms=7.34 prefix_ms=0.0 suffix_ms=402.0 first_token_ms=1905.8 generation_ms=13970.9 generated=64 generation_tps=4.581
CHILD index=3 own_instance=0 exit=0 text=3fd8649867d4bb41 role=child prefix_tokens=16321 suffix_tokens=16 model_ms=1016.1 context_ms=38.0 state_ms=7.28 prefix_ms=0.0 suffix_ms=374.5 first_token_ms=1730.2 generation_ms=18972.2 generated=64 generation_tps=3.373
CHILD index=4 own_instance=1 exit=0 text=3e0fd62f5aa50665 role=child prefix_tokens=16321 suffix_tokens=16 model_ms=1121.6 context_ms=37.5 state_ms=7.66 prefix_ms=0.0 suffix_ms=346.6 first_token_ms=1798.0 generation_ms=14005.5 generated=64 generation_tps=4.570
CHILD index=5 own_instance=0 exit=0 text=3fd8649867d4bb41 role=child prefix_tokens=16321 suffix_tokens=16 model_ms=1106.9 context_ms=41.2 state_ms=7.17 prefix_ms=0.0 suffix_ms=460.6 first_token_ms=1898.8 generation_ms=18889.1 generated=64 generation_tps=3.388
CHILD index=6 own_instance=1 exit=0 text=4a8f18b77dbe0332 role=child prefix_tokens=16321 suffix_tokens=16 model_ms=1066.4 context_ms=36.2 state_ms=7.36 prefix_ms=0.0 suffix_ms=228.3 first_token_ms=1612.0 generation_ms=14078.3 generated=64 generation_tps=4.546
CHILD index=7 own_instance=0 exit=0 text=4a8f18b77dbe0332 role=child prefix_tokens=16321 suffix_tokens=16 model_ms=1071.9 context_ms=38.9 state_ms=7.41 prefix_ms=0.0 suffix_ms=455.9 first_token_ms=1867.0 generation_ms=18897.8 generated=64 generation_tps=3.387
MEMORY mem_available_drop_mib=5924
END_CASE failed=0 timed_out=0
CASE placement=cross mode=no_read children=8 paragraphs=320 context=32768
PARENT exit=0 text=c646470e58f73411 prefix_tokens=16321 prefix_ms=19820.5 publish_ms=8.66 state_bytes=261845 model_ms=578.0 context_ms=36.4 suffix_ms=108.3 generation_ms=9730.2 generated=64 generation_tps=6.577 total_ms=42535.4
CHILD index=0 own_instance=1 exit=0 text=d42c4c07975a6446 role=child prefix_tokens=16321 suffix_tokens=16 model_ms=1045.4 context_ms=33.7 state_ms=7.33 prefix_ms=0.0 suffix_ms=506.7 first_token_ms=1828.9 generation_ms=14095.8 generated=64 generation_tps=4.540
CHILD index=1 own_instance=0 exit=0 text=3fd8649867d4bb41 role=child prefix_tokens=16321 suffix_tokens=16 model_ms=1149.3 context_ms=38.0 state_ms=7.39 prefix_ms=0.0 suffix_ms=934.6 first_token_ms=2408.3 generation_ms=19223.1 generated=64 generation_tps=3.329
CHILD index=2 own_instance=1 exit=0 text=3fd8649867d4bb41 role=child prefix_tokens=16321 suffix_tokens=16 model_ms=1175.8 context_ms=39.5 state_ms=7.73 prefix_ms=0.0 suffix_ms=978.7 first_token_ms=2489.2 generation_ms=13824.0 generated=64 generation_tps=4.630
CHILD index=3 own_instance=0 exit=0 text=3fd8649867d4bb41 role=child prefix_tokens=16321 suffix_tokens=16 model_ms=1116.5 context_ms=34.4 state_ms=7.38 prefix_ms=0.0 suffix_ms=842.6 first_token_ms=2297.4 generation_ms=19248.1 generated=64 generation_tps=3.325
CHILD index=4 own_instance=1 exit=0 text=3e0fd62f5aa50665 role=child prefix_tokens=16321 suffix_tokens=16 model_ms=1161.4 context_ms=36.9 state_ms=7.30 prefix_ms=0.0 suffix_ms=944.7 first_token_ms=2444.8 generation_ms=13832.7 generated=64 generation_tps=4.627
CHILD index=5 own_instance=0 exit=0 text=3fd8649867d4bb41 role=child prefix_tokens=16321 suffix_tokens=16 model_ms=1135.2 context_ms=40.1 state_ms=7.45 prefix_ms=0.0 suffix_ms=946.4 first_token_ms=2430.3 generation_ms=19206.7 generated=64 generation_tps=3.332
CHILD index=6 own_instance=1 exit=0 text=4a8f18b77dbe0332 role=child prefix_tokens=16321 suffix_tokens=16 model_ms=1164.3 context_ms=38.8 state_ms=7.37 prefix_ms=0.0 suffix_ms=953.5 first_token_ms=2463.2 generation_ms=13842.4 generated=64 generation_tps=4.623
CHILD index=7 own_instance=0 exit=0 text=4a8f18b77dbe0332 role=child prefix_tokens=16321 suffix_tokens=16 model_ms=1109.2 context_ms=32.5 state_ms=7.39 prefix_ms=0.0 suffix_ms=733.7 first_token_ms=2169.9 generation_ms=19305.1 generated=64 generation_tps=3.315
MEMORY mem_available_drop_mib=5924
END_CASE failed=0 timed_out=0
CASE placement=cross mode=no_populate children=8 paragraphs=320 context=32768
PARENT exit=0 text=c646470e58f73411 prefix_tokens=16321 prefix_ms=19852.6 publish_ms=7.67 state_bytes=261845 model_ms=582.1 context_ms=37.5 suffix_ms=116.9 generation_ms=9183.8 generated=64 generation_tps=6.969 total_ms=42498.9
CHILD index=0 own_instance=1 exit=0 text=d42c4c07975a6446 role=child prefix_tokens=16321 suffix_tokens=16 model_ms=1181.4 context_ms=43.5 state_ms=7.53 prefix_ms=0.0 suffix_ms=552.2 first_token_ms=2075.0 generation_ms=14151.5 generated=64 generation_tps=4.522
CHILD index=1 own_instance=0 exit=0 text=3fd8649867d4bb41 role=child prefix_tokens=16321 suffix_tokens=16 model_ms=1085.5 context_ms=45.0 state_ms=7.67 prefix_ms=0.0 suffix_ms=474.5 first_token_ms=1897.2 generation_ms=19531.7 generated=64 generation_tps=3.277
CHILD index=2 own_instance=1 exit=0 text=3fd8649867d4bb41 role=child prefix_tokens=16321 suffix_tokens=16 model_ms=1192.3 context_ms=38.3 state_ms=7.40 prefix_ms=0.0 suffix_ms=557.9 first_token_ms=2076.1 generation_ms=14141.5 generated=64 generation_tps=4.526
CHILD index=3 own_instance=0 exit=0 text=3fd8649867d4bb41 role=child prefix_tokens=16321 suffix_tokens=16 model_ms=1157.9 context_ms=39.9 state_ms=7.54 prefix_ms=0.0 suffix_ms=592.4 first_token_ms=2077.3 generation_ms=19464.8 generated=64 generation_tps=3.288
CHILD index=4 own_instance=1 exit=0 text=3e0fd62f5aa50665 role=child prefix_tokens=16321 suffix_tokens=16 model_ms=1134.3 context_ms=44.5 state_ms=11.47 prefix_ms=0.0 suffix_ms=391.2 first_token_ms=1833.4 generation_ms=14236.3 generated=64 generation_tps=4.496
CHILD index=5 own_instance=0 exit=0 text=3fd8649867d4bb41 role=child prefix_tokens=16321 suffix_tokens=16 model_ms=1142.3 context_ms=52.4 state_ms=7.77 prefix_ms=0.0 suffix_ms=591.4 first_token_ms=2086.7 generation_ms=19462.0 generated=64 generation_tps=3.288
CHILD index=6 own_instance=1 exit=0 text=4a8f18b77dbe0332 role=child prefix_tokens=16321 suffix_tokens=16 model_ms=1188.4 context_ms=42.5 state_ms=7.56 prefix_ms=0.0 suffix_ms=557.3 first_token_ms=2075.2 generation_ms=14153.6 generated=64 generation_tps=4.522
CHILD index=7 own_instance=0 exit=0 text=4a8f18b77dbe0332 role=child prefix_tokens=16321 suffix_tokens=16 model_ms=1095.2 context_ms=42.6 state_ms=7.24 prefix_ms=0.0 suffix_ms=460.5 first_token_ms=1889.4 generation_ms=19525.3 generated=64 generation_tps=3.278
MEMORY mem_available_drop_mib=5905
END_CASE failed=0 timed_out=0
CASE placement=cross mode=writable children=8 paragraphs=320 context=32768
PARENT exit=0 text=c646470e58f73411 prefix_tokens=16321 prefix_ms=19819.3 publish_ms=8.89 state_bytes=261845 model_ms=576.2 context_ms=37.2 suffix_ms=104.0 generation_ms=9647.1 generated=64 generation_tps=6.634 total_ms=42549.3
CHILD index=0 own_instance=1 exit=0 text=d42c4c07975a6446 role=child prefix_tokens=16321 suffix_tokens=16 model_ms=1191.3 context_ms=45.1 state_ms=7.42 prefix_ms=0.0 suffix_ms=798.2 first_token_ms=2322.9 generation_ms=13974.5 generated=64 generation_tps=4.580
CHILD index=1 own_instance=0 exit=0 text=3fd8649867d4bb41 role=child prefix_tokens=16321 suffix_tokens=16 model_ms=1163.7 context_ms=43.2 state_ms=7.63 prefix_ms=0.0 suffix_ms=787.8 first_token_ms=2293.5 generation_ms=19316.5 generated=64 generation_tps=3.313
CHILD index=2 own_instance=1 exit=0 text=3fd8649867d4bb41 role=child prefix_tokens=16321 suffix_tokens=16 model_ms=1187.7 context_ms=39.7 state_ms=7.42 prefix_ms=0.0 suffix_ms=792.3 first_token_ms=2320.1 generation_ms=13981.3 generated=64 generation_tps=4.578
CHILD index=3 own_instance=0 exit=0 text=3fd8649867d4bb41 role=child prefix_tokens=16321 suffix_tokens=16 model_ms=1061.8 context_ms=34.0 state_ms=7.26 prefix_ms=0.0 suffix_ms=329.5 first_token_ms=1721.7 generation_ms=19501.2 generated=64 generation_tps=3.282
CHILD index=4 own_instance=1 exit=0 text=3e0fd62f5aa50665 role=child prefix_tokens=16321 suffix_tokens=16 model_ms=1195.0 context_ms=41.7 state_ms=7.45 prefix_ms=0.0 suffix_ms=799.8 first_token_ms=2311.9 generation_ms=13961.5 generated=64 generation_tps=4.584
CHILD index=5 own_instance=0 exit=0 text=3fd8649867d4bb41 role=child prefix_tokens=16321 suffix_tokens=16 model_ms=1170.1 context_ms=40.8 state_ms=7.23 prefix_ms=0.0 suffix_ms=773.2 first_token_ms=2274.2 generation_ms=19306.2 generated=64 generation_tps=3.315
CHILD index=6 own_instance=1 exit=0 text=4a8f18b77dbe0332 role=child prefix_tokens=16321 suffix_tokens=16 model_ms=1030.9 context_ms=35.3 state_ms=7.30 prefix_ms=0.0 suffix_ms=319.5 first_token_ms=1650.9 generation_ms=14262.1 generated=64 generation_tps=4.487
CHILD index=7 own_instance=0 exit=0 text=4a8f18b77dbe0332 role=child prefix_tokens=16321 suffix_tokens=16 model_ms=1139.9 context_ms=39.6 state_ms=7.47 prefix_ms=0.0 suffix_ms=770.9 first_token_ms=2254.1 generation_ms=19338.3 generated=64 generation_tps=3.309
MEMORY mem_available_drop_mib=6819
END_CASE failed=0 timed_out=0
CASE placement=cross mode=writable_no_read children=8 paragraphs=320 context=32768
PARENT exit=0 text=c646470e58f73411 prefix_tokens=16321 prefix_ms=19836.5 publish_ms=9.01 state_bytes=261845 model_ms=578.6 context_ms=37.3 suffix_ms=99.2 generation_ms=9968.0 generated=64 generation_tps=6.421 total_ms=45705.6
CHILD index=0 own_instance=1 exit=0 text=d42c4c07975a6446 role=child prefix_tokens=16321 suffix_tokens=16 model_ms=1206.5 context_ms=37.9 state_ms=7.45 prefix_ms=0.0 suffix_ms=3812.8 first_token_ms=5346.3 generation_ms=13594.9 generated=64 generation_tps=4.708
CHILD index=1 own_instance=0 exit=0 text=3fd8649867d4bb41 role=child prefix_tokens=16321 suffix_tokens=16 model_ms=1161.7 context_ms=39.3 state_ms=7.71 prefix_ms=0.0 suffix_ms=3743.1 first_token_ms=5239.3 generation_ms=19411.9 generated=64 generation_tps=3.297
CHILD index=2 own_instance=1 exit=0 text=3fd8649867d4bb41 role=child prefix_tokens=16321 suffix_tokens=16 model_ms=1133.6 context_ms=36.1 state_ms=7.67 prefix_ms=0.0 suffix_ms=3858.0 first_token_ms=5301.6 generation_ms=13593.8 generated=64 generation_tps=4.708
CHILD index=3 own_instance=0 exit=0 text=3fd8649867d4bb41 role=child prefix_tokens=16321 suffix_tokens=16 model_ms=1179.1 context_ms=41.3 state_ms=7.52 prefix_ms=0.0 suffix_ms=3895.9 first_token_ms=5409.1 generation_ms=19314.1 generated=64 generation_tps=3.314
CHILD index=4 own_instance=1 exit=0 text=3e0fd62f5aa50665 role=child prefix_tokens=16321 suffix_tokens=16 model_ms=1113.1 context_ms=34.4 state_ms=7.61 prefix_ms=0.0 suffix_ms=3874.0 first_token_ms=5326.0 generation_ms=13600.7 generated=64 generation_tps=4.706
CHILD index=5 own_instance=0 exit=0 text=3fd8649867d4bb41 role=child prefix_tokens=16321 suffix_tokens=16 model_ms=1173.4 context_ms=45.6 state_ms=7.59 prefix_ms=0.0 suffix_ms=3700.2 first_token_ms=5207.3 generation_ms=19421.8 generated=64 generation_tps=3.295
CHILD index=6 own_instance=1 exit=0 text=4a8f18b77dbe0332 role=child prefix_tokens=16321 suffix_tokens=16 model_ms=1185.2 context_ms=39.1 state_ms=7.34 prefix_ms=0.0 suffix_ms=3842.7 first_token_ms=5377.5 generation_ms=13572.9 generated=64 generation_tps=4.715
CHILD index=7 own_instance=0 exit=0 text=4a8f18b77dbe0332 role=child prefix_tokens=16321 suffix_tokens=16 model_ms=1164.1 context_ms=40.7 state_ms=7.28 prefix_ms=0.0 suffix_ms=3803.4 first_token_ms=5316.1 generation_ms=19384.4 generated=64 generation_tps=3.302
MEMORY mem_available_drop_mib=13069
END_CASE failed=0 timed_out=0
CASE placement=cross mode=grow_1024 children=8 paragraphs=320 context=32768
PARENT exit=0 text=c646470e58f73411 prefix_tokens=16321 prefix_ms=19849.4 publish_ms=9.16 state_bytes=261845 model_ms=582.1 context_ms=36.7 suffix_ms=106.9 generation_ms=9229.8 generated=64 generation_tps=6.934 total_ms=42143.1
CHILD index=0 own_instance=1 exit=0 text=d42c4c07975a6446 role=child prefix_tokens=16321 suffix_tokens=16 model_ms=1132.0 context_ms=43.9 state_ms=7.37 prefix_ms=0.0 suffix_ms=265.0 first_token_ms=1700.2 generation_ms=13978.2 generated=64 generation_tps=4.579
CHILD index=1 own_instance=0 exit=0 text=3fd8649867d4bb41 role=child prefix_tokens=16321 suffix_tokens=16 model_ms=1150.5 context_ms=41.5 state_ms=7.58 prefix_ms=0.0 suffix_ms=470.1 first_token_ms=1951.0 generation_ms=19226.3 generated=64 generation_tps=3.329
CHILD index=2 own_instance=1 exit=0 text=3fd8649867d4bb41 role=child prefix_tokens=16321 suffix_tokens=16 model_ms=1177.1 context_ms=41.2 state_ms=7.51 prefix_ms=0.0 suffix_ms=430.4 first_token_ms=1943.8 generation_ms=13866.4 generated=64 generation_tps=4.615
CHILD index=3 own_instance=0 exit=0 text=3fd8649867d4bb41 role=child prefix_tokens=16321 suffix_tokens=16 model_ms=1130.9 context_ms=38.7 state_ms=7.52 prefix_ms=0.0 suffix_ms=456.4 first_token_ms=1930.2 generation_ms=19238.2 generated=64 generation_tps=3.327
CHILD index=4 own_instance=1 exit=0 text=3e0fd62f5aa50665 role=child prefix_tokens=16321 suffix_tokens=16 model_ms=1163.2 context_ms=41.3 state_ms=7.60 prefix_ms=0.0 suffix_ms=430.2 first_token_ms=1947.3 generation_ms=13878.7 generated=64 generation_tps=4.611
CHILD index=5 own_instance=0 exit=0 text=3fd8649867d4bb41 role=child prefix_tokens=16321 suffix_tokens=16 model_ms=1078.2 context_ms=42.3 state_ms=7.87 prefix_ms=0.0 suffix_ms=356.5 first_token_ms=1782.4 generation_ms=19292.7 generated=64 generation_tps=3.317
CHILD index=6 own_instance=1 exit=0 text=4a8f18b77dbe0332 role=child prefix_tokens=16321 suffix_tokens=16 model_ms=1132.3 context_ms=44.8 state_ms=7.52 prefix_ms=0.0 suffix_ms=287.3 first_token_ms=1760.0 generation_ms=13966.5 generated=64 generation_tps=4.582
CHILD index=7 own_instance=0 exit=0 text=4a8f18b77dbe0332 role=child prefix_tokens=16321 suffix_tokens=16 model_ms=1075.8 context_ms=44.4 state_ms=7.30 prefix_ms=0.0 suffix_ms=332.5 first_token_ms=1760.8 generation_ms=19286.2 generated=64 generation_tps=3.318
MEMORY mem_available_drop_mib=6079
END_CASE failed=0 timed_out=0
CASE placement=cross mode=grow_4096 children=8 paragraphs=320 context=32768
PARENT exit=0 text=c646470e58f73411 prefix_tokens=16321 prefix_ms=19823.2 publish_ms=8.50 state_bytes=261845 model_ms=578.8 context_ms=36.8 suffix_ms=109.8 generation_ms=9644.2 generated=64 generation_tps=6.636 total_ms=42023.4
CHILD index=0 own_instance=1 exit=0 text=d42c4c07975a6446 role=child prefix_tokens=16321 suffix_tokens=16 model_ms=1146.2 context_ms=40.7 state_ms=7.44 prefix_ms=0.0 suffix_ms=409.4 first_token_ms=1893.8 generation_ms=13951.2 generated=64 generation_tps=4.587
CHILD index=1 own_instance=0 exit=0 text=3fd8649867d4bb41 role=child prefix_tokens=16321 suffix_tokens=16 model_ms=1037.7 context_ms=36.0 state_ms=7.51 prefix_ms=0.0 suffix_ms=264.0 first_token_ms=1644.0 generation_ms=19283.2 generated=64 generation_tps=3.319
CHILD index=2 own_instance=1 exit=0 text=3fd8649867d4bb41 role=child prefix_tokens=16321 suffix_tokens=16 model_ms=1153.4 context_ms=41.2 state_ms=7.64 prefix_ms=0.0 suffix_ms=397.9 first_token_ms=1896.2 generation_ms=13867.9 generated=64 generation_tps=4.615
CHILD index=3 own_instance=0 exit=0 text=3fd8649867d4bb41 role=child prefix_tokens=16321 suffix_tokens=16 model_ms=1065.1 context_ms=35.1 state_ms=7.48 prefix_ms=0.0 suffix_ms=313.0 first_token_ms=1709.1 generation_ms=19265.2 generated=64 generation_tps=3.322
CHILD index=4 own_instance=1 exit=0 text=3e0fd62f5aa50665 role=child prefix_tokens=16321 suffix_tokens=16 model_ms=1138.1 context_ms=41.8 state_ms=7.45 prefix_ms=0.0 suffix_ms=407.2 first_token_ms=1897.5 generation_ms=13957.3 generated=64 generation_tps=4.585
CHILD index=5 own_instance=0 exit=0 text=3fd8649867d4bb41 role=child prefix_tokens=16321 suffix_tokens=16 model_ms=1135.9 context_ms=39.4 state_ms=7.47 prefix_ms=0.0 suffix_ms=457.1 first_token_ms=1931.2 generation_ms=19182.1 generated=64 generation_tps=3.336
CHILD index=6 own_instance=1 exit=0 text=4a8f18b77dbe0332 role=child prefix_tokens=16321 suffix_tokens=16 model_ms=993.7 context_ms=35.5 state_ms=7.59 prefix_ms=0.0 suffix_ms=191.3 first_token_ms=1471.3 generation_ms=13888.7 generated=64 generation_tps=4.608
CHILD index=7 own_instance=0 exit=0 text=4a8f18b77dbe0332 role=child prefix_tokens=16321 suffix_tokens=16 model_ms=1160.1 context_ms=44.6 state_ms=7.56 prefix_ms=0.0 suffix_ms=458.0 first_token_ms=1943.2 generation_ms=19181.4 generated=64 generation_tps=3.337
MEMORY mem_available_drop_mib=6939
END_CASE failed=0 timed_out=0
CASE placement=cross mode=grow_all children=8 paragraphs=320 context=32768
PARENT exit=0 text=c646470e58f73411 prefix_tokens=16321 prefix_ms=19816.3 publish_ms=9.08 state_bytes=261845 model_ms=576.4 context_ms=65.3 suffix_ms=114.3 generation_ms=9274.2 generated=64 generation_tps=6.901 total_ms=42195.4
CHILD index=0 own_instance=1 exit=0 text=d42c4c07975a6446 role=child prefix_tokens=16321 suffix_tokens=16 model_ms=1170.6 context_ms=70.9 state_ms=18.12 prefix_ms=0.0 suffix_ms=390.8 first_token_ms=1945.9 generation_ms=13935.3 generated=64 generation_tps=4.593
CHILD index=1 own_instance=0 exit=0 text=3fd8649867d4bb41 role=child prefix_tokens=16321 suffix_tokens=16 model_ms=1077.8 context_ms=56.0 state_ms=22.48 prefix_ms=0.0 suffix_ms=205.1 first_token_ms=1666.1 generation_ms=19325.1 generated=64 generation_tps=3.312
CHILD index=2 own_instance=1 exit=0 text=3fd8649867d4bb41 role=child prefix_tokens=16321 suffix_tokens=16 model_ms=1092.3 context_ms=64.5 state_ms=21.74 prefix_ms=0.0 suffix_ms=295.6 first_token_ms=1774.1 generation_ms=13969.3 generated=64 generation_tps=4.581
CHILD index=3 own_instance=0 exit=0 text=3fd8649867d4bb41 role=child prefix_tokens=16321 suffix_tokens=16 model_ms=1147.6 context_ms=80.1 state_ms=23.57 prefix_ms=0.0 suffix_ms=423.1 first_token_ms=1961.4 generation_ms=19243.9 generated=64 generation_tps=3.326
CHILD index=4 own_instance=1 exit=0 text=3e0fd62f5aa50665 role=child prefix_tokens=16321 suffix_tokens=16 model_ms=1146.3 context_ms=84.0 state_ms=23.15 prefix_ms=0.0 suffix_ms=387.1 first_token_ms=1927.6 generation_ms=13945.7 generated=64 generation_tps=4.589
CHILD index=5 own_instance=0 exit=0 text=3fd8649867d4bb41 role=child prefix_tokens=16321 suffix_tokens=16 model_ms=1168.8 context_ms=68.4 state_ms=18.28 prefix_ms=0.0 suffix_ms=425.1 first_token_ms=1977.4 generation_ms=19227.8 generated=64 generation_tps=3.329
CHILD index=6 own_instance=1 exit=0 text=4a8f18b77dbe0332 role=child prefix_tokens=16321 suffix_tokens=16 model_ms=1168.9 context_ms=84.0 state_ms=22.86 prefix_ms=0.0 suffix_ms=386.9 first_token_ms=1929.8 generation_ms=13945.5 generated=64 generation_tps=4.589
CHILD index=7 own_instance=0 exit=0 text=4a8f18b77dbe0332 role=child prefix_tokens=16321 suffix_tokens=16 model_ms=1171.9 context_ms=71.8 state_ms=18.20 prefix_ms=0.0 suffix_ms=434.1 first_token_ms=1996.9 generation_ms=19225.0 generated=64 generation_tps=3.329
MEMORY mem_available_drop_mib=12919
END_CASE failed=0 timed_out=0
CASE placement=cross mode=small_pages children=8 paragraphs=320 context=32768
PARENT exit=0 text=c646470e58f73411 prefix_tokens=16321 prefix_ms=19981.6 publish_ms=13.57 state_bytes=261845 model_ms=579.4 context_ms=36.9 suffix_ms=64.1 generation_ms=8871.3 generated=64 generation_tps=7.214 total_ms=42352.6
CHILD index=0 own_instance=1 exit=0 text=d42c4c07975a6446 role=child prefix_tokens=16321 suffix_tokens=16 model_ms=1215.3 context_ms=53.8 state_ms=7.40 prefix_ms=0.0 suffix_ms=397.4 first_token_ms=1961.8 generation_ms=13948.2 generated=64 generation_tps=4.588
CHILD index=1 own_instance=0 exit=0 text=3fd8649867d4bb41 role=child prefix_tokens=16321 suffix_tokens=16 model_ms=1136.2 context_ms=62.0 state_ms=7.56 prefix_ms=0.0 suffix_ms=370.4 first_token_ms=1840.0 generation_ms=19326.5 generated=64 generation_tps=3.312
CHILD index=2 own_instance=1 exit=0 text=3fd8649867d4bb41 role=child prefix_tokens=16321 suffix_tokens=16 model_ms=1205.8 context_ms=52.4 state_ms=7.32 prefix_ms=0.0 suffix_ms=403.2 first_token_ms=1965.6 generation_ms=13956.6 generated=64 generation_tps=4.586
CHILD index=3 own_instance=0 exit=0 text=3fd8649867d4bb41 role=child prefix_tokens=16321 suffix_tokens=16 model_ms=1110.1 context_ms=60.4 state_ms=7.61 prefix_ms=0.0 suffix_ms=370.7 first_token_ms=1850.7 generation_ms=19333.0 generated=64 generation_tps=3.310
CHILD index=4 own_instance=1 exit=0 text=3e0fd62f5aa50665 role=child prefix_tokens=16321 suffix_tokens=16 model_ms=1111.9 context_ms=63.8 state_ms=7.70 prefix_ms=0.0 suffix_ms=285.0 first_token_ms=1770.0 generation_ms=14037.9 generated=64 generation_tps=4.559
CHILD index=5 own_instance=0 exit=0 text=3fd8649867d4bb41 role=child prefix_tokens=16321 suffix_tokens=16 model_ms=1131.7 context_ms=62.2 state_ms=11.45 prefix_ms=0.0 suffix_ms=468.5 first_token_ms=1979.4 generation_ms=19276.2 generated=64 generation_tps=3.320
CHILD index=6 own_instance=1 exit=0 text=4a8f18b77dbe0332 role=child prefix_tokens=16321 suffix_tokens=16 model_ms=1150.4 context_ms=60.7 state_ms=7.63 prefix_ms=0.0 suffix_ms=353.5 first_token_ms=1855.7 generation_ms=13984.2 generated=64 generation_tps=4.577
CHILD index=7 own_instance=0 exit=0 text=4a8f18b77dbe0332 role=child prefix_tokens=16321 suffix_tokens=16 model_ms=1146.2 context_ms=63.5 state_ms=14.01 prefix_ms=0.0 suffix_ms=483.9 first_token_ms=2001.0 generation_ms=19263.1 generated=64 generation_tps=3.322
MEMORY mem_available_drop_mib=5868
END_CASE failed=0 timed_out=0
END_KVMECH
BEGIN_KVMECH run=6
CASE placement=cross mode=small_pages children=8 paragraphs=320 context=32768
PARENT exit=0 text=c646470e58f73411 prefix_tokens=16321 prefix_ms=19961.8 publish_ms=13.21 state_bytes=261845 model_ms=581.1 context_ms=37.2 suffix_ms=64.6 generation_ms=8822.6 generated=64 generation_tps=7.254 total_ms=42323.7
CHILD index=0 own_instance=1 exit=0 text=d42c4c07975a6446 role=child prefix_tokens=16321 suffix_tokens=16 model_ms=1194.8 context_ms=60.5 state_ms=7.72 prefix_ms=0.0 suffix_ms=416.6 first_token_ms=1978.6 generation_ms=13898.1 generated=64 generation_tps=4.605
CHILD index=1 own_instance=0 exit=0 text=3fd8649867d4bb41 role=child prefix_tokens=16321 suffix_tokens=16 model_ms=1163.8 context_ms=62.9 state_ms=7.55 prefix_ms=0.0 suffix_ms=454.3 first_token_ms=1994.8 generation_ms=19238.5 generated=64 generation_tps=3.327
CHILD index=2 own_instance=1 exit=0 text=3fd8649867d4bb41 role=child prefix_tokens=16321 suffix_tokens=16 model_ms=1095.9 context_ms=49.5 state_ms=9.12 prefix_ms=0.0 suffix_ms=184.9 first_token_ms=1626.5 generation_ms=13996.6 generated=64 generation_tps=4.573
CHILD index=3 own_instance=0 exit=0 text=3fd8649867d4bb41 role=child prefix_tokens=16321 suffix_tokens=16 model_ms=1091.5 context_ms=50.8 state_ms=7.41 prefix_ms=0.0 suffix_ms=232.7 first_token_ms=1684.2 generation_ms=19325.1 generated=64 generation_tps=3.312
CHILD index=4 own_instance=1 exit=0 text=3e0fd62f5aa50665 role=child prefix_tokens=16321 suffix_tokens=16 model_ms=1202.0 context_ms=58.4 state_ms=7.10 prefix_ms=0.0 suffix_ms=413.7 first_token_ms=1972.1 generation_ms=13887.9 generated=64 generation_tps=4.608
CHILD index=5 own_instance=0 exit=0 text=3fd8649867d4bb41 role=child prefix_tokens=16321 suffix_tokens=16 model_ms=1152.8 context_ms=47.7 state_ms=13.91 prefix_ms=0.0 suffix_ms=436.5 first_token_ms=1927.1 generation_ms=19264.8 generated=64 generation_tps=3.322
CHILD index=6 own_instance=1 exit=0 text=4a8f18b77dbe0332 role=child prefix_tokens=16321 suffix_tokens=16 model_ms=1187.4 context_ms=60.2 state_ms=7.51 prefix_ms=0.0 suffix_ms=396.0 first_token_ms=1936.4 generation_ms=13903.4 generated=64 generation_tps=4.603
CHILD index=7 own_instance=0 exit=0 text=4a8f18b77dbe0332 role=child prefix_tokens=16321 suffix_tokens=16 model_ms=1148.4 context_ms=65.1 state_ms=7.37 prefix_ms=0.0 suffix_ms=445.1 first_token_ms=1960.8 generation_ms=19248.9 generated=64 generation_tps=3.325
MEMORY mem_available_drop_mib=5840
END_CASE failed=0 timed_out=0
CASE placement=cross mode=grow_all children=8 paragraphs=320 context=32768
PARENT exit=0 text=c646470e58f73411 prefix_tokens=16321 prefix_ms=19835.8 publish_ms=9.39 state_bytes=261845 model_ms=597.5 context_ms=66.0 suffix_ms=117.1 generation_ms=9189.1 generated=64 generation_tps=6.965 total_ms=42216.5
CHILD index=0 own_instance=1 exit=0 text=d42c4c07975a6446 role=child prefix_tokens=16321 suffix_tokens=16 model_ms=1186.8 context_ms=77.9 state_ms=24.31 prefix_ms=0.0 suffix_ms=400.3 first_token_ms=1977.2 generation_ms=13911.1 generated=64 generation_tps=4.601
CHILD index=1 own_instance=0 exit=0 text=3fd8649867d4bb41 role=child prefix_tokens=16321 suffix_tokens=16 model_ms=1095.2 context_ms=55.6 state_ms=20.68 prefix_ms=0.0 suffix_ms=209.9 first_token_ms=1628.9 generation_ms=19307.0 generated=64 generation_tps=3.315
CHILD index=2 own_instance=1 exit=0 text=3fd8649867d4bb41 role=child prefix_tokens=16321 suffix_tokens=16 model_ms=1190.2 context_ms=78.2 state_ms=24.60 prefix_ms=0.0 suffix_ms=400.3 first_token_ms=1978.6 generation_ms=13925.4 generated=64 generation_tps=4.596
CHILD index=3 own_instance=0 exit=0 text=3fd8649867d4bb41 role=child prefix_tokens=16321 suffix_tokens=16 model_ms=1176.0 context_ms=76.4 state_ms=21.01 prefix_ms=0.0 suffix_ms=447.7 first_token_ms=2019.0 generation_ms=19198.5 generated=64 generation_tps=3.334
CHILD index=4 own_instance=1 exit=0 text=3e0fd62f5aa50665 role=child prefix_tokens=16321 suffix_tokens=16 model_ms=1188.7 context_ms=65.3 state_ms=22.42 prefix_ms=0.0 suffix_ms=388.9 first_token_ms=1966.9 generation_ms=13924.4 generated=64 generation_tps=4.596
CHILD index=5 own_instance=0 exit=0 text=3fd8649867d4bb41 role=child prefix_tokens=16321 suffix_tokens=16 model_ms=1170.1 context_ms=76.8 state_ms=18.76 prefix_ms=0.0 suffix_ms=426.9 first_token_ms=1971.7 generation_ms=19224.8 generated=64 generation_tps=3.329
CHILD index=6 own_instance=1 exit=0 text=4a8f18b77dbe0332 role=child prefix_tokens=16321 suffix_tokens=16 model_ms=1110.8 context_ms=55.4 state_ms=23.01 prefix_ms=0.0 suffix_ms=282.3 first_token_ms=1765.5 generation_ms=13970.8 generated=64 generation_tps=4.581
CHILD index=7 own_instance=0 exit=0 text=4a8f18b77dbe0332 role=child prefix_tokens=16321 suffix_tokens=16 model_ms=1155.5 context_ms=72.5 state_ms=19.55 prefix_ms=0.0 suffix_ms=422.0 first_token_ms=1962.9 generation_ms=19234.8 generated=64 generation_tps=3.327
MEMORY mem_available_drop_mib=12964
END_CASE failed=0 timed_out=0
CASE placement=cross mode=grow_4096 children=8 paragraphs=320 context=32768
PARENT exit=0 text=c646470e58f73411 prefix_tokens=16321 prefix_ms=19815.0 publish_ms=9.10 state_bytes=261845 model_ms=603.0 context_ms=37.0 suffix_ms=114.3 generation_ms=9017.4 generated=64 generation_tps=7.097 total_ms=42041.9
CHILD index=0 own_instance=1 exit=0 text=d42c4c07975a6446 role=child prefix_tokens=16321 suffix_tokens=16 model_ms=1187.6 context_ms=41.9 state_ms=7.41 prefix_ms=0.0 suffix_ms=322.6 first_token_ms=1838.9 generation_ms=13699.9 generated=64 generation_tps=4.672
CHILD index=1 own_instance=0 exit=0 text=3fd8649867d4bb41 role=child prefix_tokens=16321 suffix_tokens=16 model_ms=1041.9 context_ms=34.7 state_ms=7.31 prefix_ms=0.0 suffix_ms=136.8 first_token_ms=1476.9 generation_ms=19214.9 generated=64 generation_tps=3.331
CHILD index=2 own_instance=1 exit=0 text=3fd8649867d4bb41 role=child prefix_tokens=16321 suffix_tokens=16 model_ms=1194.0 context_ms=39.8 state_ms=7.60 prefix_ms=0.0 suffix_ms=387.5 first_token_ms=1925.9 generation_ms=13899.9 generated=64 generation_tps=4.604
CHILD index=3 own_instance=0 exit=0 text=3fd8649867d4bb41 role=child prefix_tokens=16321 suffix_tokens=16 model_ms=1159.6 context_ms=38.4 state_ms=10.12 prefix_ms=0.0 suffix_ms=458.5 first_token_ms=1954.2 generation_ms=19149.8 generated=64 generation_tps=3.342
CHILD index=4 own_instance=1 exit=0 text=3e0fd62f5aa50665 role=child prefix_tokens=16321 suffix_tokens=16 model_ms=1178.2 context_ms=43.0 state_ms=7.50 prefix_ms=0.0 suffix_ms=379.3 first_token_ms=1908.0 generation_ms=13951.0 generated=64 generation_tps=4.587
CHILD index=5 own_instance=0 exit=0 text=3fd8649867d4bb41 role=child prefix_tokens=16321 suffix_tokens=16 model_ms=1147.8 context_ms=38.8 state_ms=8.58 prefix_ms=0.0 suffix_ms=450.9 first_token_ms=1933.2 generation_ms=19162.0 generated=64 generation_tps=3.340
CHILD index=6 own_instance=1 exit=0 text=4a8f18b77dbe0332 role=child prefix_tokens=16321 suffix_tokens=16 model_ms=1201.6 context_ms=40.9 state_ms=7.48 prefix_ms=0.0 suffix_ms=385.4 first_token_ms=1924.4 generation_ms=13932.3 generated=64 generation_tps=4.594
CHILD index=7 own_instance=0 exit=0 text=4a8f18b77dbe0332 role=child prefix_tokens=16321 suffix_tokens=16 model_ms=1088.3 context_ms=35.6 state_ms=7.38 prefix_ms=0.0 suffix_ms=373.1 first_token_ms=1802.0 generation_ms=19195.4 generated=64 generation_tps=3.334
MEMORY mem_available_drop_mib=6854
END_CASE failed=0 timed_out=0
CASE placement=cross mode=grow_1024 children=8 paragraphs=320 context=32768
PARENT exit=0 text=c646470e58f73411 prefix_tokens=16321 prefix_ms=19839.6 publish_ms=6.97 state_bytes=261845 model_ms=574.6 context_ms=37.3 suffix_ms=112.0 generation_ms=9206.9 generated=64 generation_tps=6.951 total_ms=42057.4
CHILD index=0 own_instance=1 exit=0 text=d42c4c07975a6446 role=child prefix_tokens=16321 suffix_tokens=16 model_ms=1175.1 context_ms=46.9 state_ms=7.49 prefix_ms=0.0 suffix_ms=399.8 first_token_ms=1928.7 generation_ms=13901.5 generated=64 generation_tps=4.604
CHILD index=1 own_instance=0 exit=0 text=3fd8649867d4bb41 role=child prefix_tokens=16321 suffix_tokens=16 model_ms=1153.1 context_ms=49.6 state_ms=7.63 prefix_ms=0.0 suffix_ms=448.8 first_token_ms=1952.4 generation_ms=19178.4 generated=64 generation_tps=3.337
CHILD index=2 own_instance=1 exit=0 text=3fd8649867d4bb41 role=child prefix_tokens=16321 suffix_tokens=16 model_ms=1159.0 context_ms=45.9 state_ms=7.55 prefix_ms=0.0 suffix_ms=379.5 first_token_ms=1892.2 generation_ms=13883.0 generated=64 generation_tps=4.610
CHILD index=3 own_instance=0 exit=0 text=3fd8649867d4bb41 role=child prefix_tokens=16321 suffix_tokens=16 model_ms=1154.0 context_ms=43.6 state_ms=7.57 prefix_ms=0.0 suffix_ms=433.0 first_token_ms=1925.7 generation_ms=19205.1 generated=64 generation_tps=3.332
CHILD index=4 own_instance=1 exit=0 text=3e0fd62f5aa50665 role=child prefix_tokens=16321 suffix_tokens=16 model_ms=1124.5 context_ms=38.7 state_ms=7.52 prefix_ms=0.0 suffix_ms=184.2 first_token_ms=1602.2 generation_ms=14012.5 generated=64 generation_tps=4.567
CHILD index=5 own_instance=0 exit=0 text=3fd8649867d4bb41 role=child prefix_tokens=16321 suffix_tokens=16 model_ms=1088.9 context_ms=36.8 state_ms=7.33 prefix_ms=0.0 suffix_ms=359.6 first_token_ms=1797.2 generation_ms=19227.4 generated=64 generation_tps=3.329
CHILD index=6 own_instance=1 exit=0 text=4a8f18b77dbe0332 role=child prefix_tokens=16321 suffix_tokens=16 model_ms=1183.5 context_ms=45.2 state_ms=7.33 prefix_ms=0.0 suffix_ms=400.0 first_token_ms=1927.7 generation_ms=13901.1 generated=64 generation_tps=4.604
CHILD index=7 own_instance=0 exit=0 text=4a8f18b77dbe0332 role=child prefix_tokens=16321 suffix_tokens=16 model_ms=1043.7 context_ms=36.1 state_ms=7.44 prefix_ms=0.0 suffix_ms=174.6 first_token_ms=1561.3 generation_ms=19295.8 generated=64 generation_tps=3.317
MEMORY mem_available_drop_mib=6091
END_CASE failed=0 timed_out=0
CASE placement=cross mode=writable_no_read children=8 paragraphs=320 context=32768
PARENT exit=0 text=c646470e58f73411 prefix_tokens=16321 prefix_ms=19817.1 publish_ms=9.05 state_bytes=261845 model_ms=580.5 context_ms=37.1 suffix_ms=103.1 generation_ms=9921.7 generated=64 generation_tps=6.450 total_ms=45508.7
CHILD index=0 own_instance=1 exit=0 text=d42c4c07975a6446 role=child prefix_tokens=16321 suffix_tokens=16 model_ms=1085.1 context_ms=34.6 state_ms=7.33 prefix_ms=0.0 suffix_ms=3492.1 first_token_ms=4913.2 generation_ms=13733.9 generated=64 generation_tps=4.660
CHILD index=1 own_instance=0 exit=0 text=3fd8649867d4bb41 role=child prefix_tokens=16321 suffix_tokens=16 model_ms=1136.9 context_ms=39.0 state_ms=7.26 prefix_ms=0.0 suffix_ms=3679.4 first_token_ms=5123.8 generation_ms=19350.6 generated=64 generation_tps=3.307
CHILD index=2 own_instance=1 exit=0 text=3fd8649867d4bb41 role=child prefix_tokens=16321 suffix_tokens=16 model_ms=1192.0 context_ms=39.0 state_ms=7.57 prefix_ms=0.0 suffix_ms=3707.5 first_token_ms=5238.5 generation_ms=13577.4 generated=64 generation_tps=4.714
CHILD index=3 own_instance=0 exit=0 text=3fd8649867d4bb41 role=child prefix_tokens=16321 suffix_tokens=16 model_ms=1154.2 context_ms=37.2 state_ms=7.53 prefix_ms=0.0 suffix_ms=3767.5 first_token_ms=5255.5 generation_ms=19281.8 generated=64 generation_tps=3.319
CHILD index=4 own_instance=1 exit=0 text=3e0fd62f5aa50665 role=child prefix_tokens=16321 suffix_tokens=16 model_ms=1208.8 context_ms=43.8 state_ms=7.69 prefix_ms=0.0 suffix_ms=3730.6 first_token_ms=5269.1 generation_ms=13567.2 generated=64 generation_tps=4.717
CHILD index=5 own_instance=0 exit=0 text=3fd8649867d4bb41 role=child prefix_tokens=16321 suffix_tokens=16 model_ms=1136.7 context_ms=37.6 state_ms=7.49 prefix_ms=0.0 suffix_ms=3743.8 first_token_ms=5207.1 generation_ms=19317.3 generated=64 generation_tps=3.313
CHILD index=6 own_instance=1 exit=0 text=4a8f18b77dbe0332 role=child prefix_tokens=16321 suffix_tokens=16 model_ms=1180.5 context_ms=40.6 state_ms=7.42 prefix_ms=0.0 suffix_ms=3705.4 first_token_ms=5227.0 generation_ms=13587.1 generated=64 generation_tps=4.710
CHILD index=7 own_instance=0 exit=0 text=4a8f18b77dbe0332 role=child prefix_tokens=16321 suffix_tokens=16 model_ms=1038.0 context_ms=34.0 state_ms=7.46 prefix_ms=0.0 suffix_ms=3390.6 first_token_ms=4764.1 generation_ms=19500.2 generated=64 generation_tps=3.282
MEMORY mem_available_drop_mib=13078
END_CASE failed=0 timed_out=0
CASE placement=cross mode=writable children=8 paragraphs=320 context=32768
PARENT exit=0 text=c646470e58f73411 prefix_tokens=16321 prefix_ms=19844.8 publish_ms=9.25 state_bytes=261845 model_ms=601.3 context_ms=37.7 suffix_ms=104.9 generation_ms=8909.0 generated=64 generation_tps=7.184 total_ms=42603.0
CHILD index=0 own_instance=1 exit=0 text=d42c4c07975a6446 role=child prefix_tokens=16321 suffix_tokens=16 model_ms=1198.8 context_ms=42.0 state_ms=7.50 prefix_ms=0.0 suffix_ms=802.1 first_token_ms=2342.2 generation_ms=13930.8 generated=64 generation_tps=4.594
CHILD index=1 own_instance=0 exit=0 text=3fd8649867d4bb41 role=child prefix_tokens=16321 suffix_tokens=16 model_ms=1166.9 context_ms=41.5 state_ms=7.73 prefix_ms=0.0 suffix_ms=805.5 first_token_ms=2324.2 generation_ms=19316.2 generated=64 generation_tps=3.313
CHILD index=2 own_instance=1 exit=0 text=3fd8649867d4bb41 role=child prefix_tokens=16321 suffix_tokens=16 model_ms=1200.3 context_ms=40.0 state_ms=7.55 prefix_ms=0.0 suffix_ms=753.9 first_token_ms=2287.5 generation_ms=13904.5 generated=64 generation_tps=4.603
CHILD index=3 own_instance=0 exit=0 text=3fd8649867d4bb41 role=child prefix_tokens=16321 suffix_tokens=16 model_ms=1093.6 context_ms=42.1 state_ms=7.41 prefix_ms=0.0 suffix_ms=667.8 first_token_ms=2109.6 generation_ms=19405.4 generated=64 generation_tps=3.298
CHILD index=4 own_instance=1 exit=0 text=3e0fd62f5aa50665 role=child prefix_tokens=16321 suffix_tokens=16 model_ms=1182.5 context_ms=39.2 state_ms=7.48 prefix_ms=0.0 suffix_ms=800.1 first_token_ms=2335.4 generation_ms=13934.1 generated=64 generation_tps=4.593
CHILD index=5 own_instance=0 exit=0 text=3fd8649867d4bb41 role=child prefix_tokens=16321 suffix_tokens=16 model_ms=1146.8 context_ms=37.0 state_ms=9.23 prefix_ms=0.0 suffix_ms=813.1 first_token_ms=2300.4 generation_ms=19334.3 generated=64 generation_tps=3.310
CHILD index=6 own_instance=1 exit=0 text=4a8f18b77dbe0332 role=child prefix_tokens=16321 suffix_tokens=16 model_ms=1223.0 context_ms=40.6 state_ms=7.45 prefix_ms=0.0 suffix_ms=793.2 first_token_ms=2342.8 generation_ms=13930.3 generated=64 generation_tps=4.594
CHILD index=7 own_instance=0 exit=0 text=4a8f18b77dbe0332 role=child prefix_tokens=16321 suffix_tokens=16 model_ms=1103.9 context_ms=38.6 state_ms=7.49 prefix_ms=0.0 suffix_ms=623.5 first_token_ms=2056.0 generation_ms=19436.0 generated=64 generation_tps=3.293
MEMORY mem_available_drop_mib=6805
END_CASE failed=0 timed_out=0
CASE placement=cross mode=no_populate children=8 paragraphs=320 context=32768
PARENT exit=0 text=c646470e58f73411 prefix_tokens=16321 prefix_ms=19814.3 publish_ms=8.12 state_bytes=261845 model_ms=593.9 context_ms=37.3 suffix_ms=106.2 generation_ms=9085.5 generated=64 generation_tps=7.044 total_ms=42512.5
CHILD index=0 own_instance=1 exit=0 text=d42c4c07975a6446 role=child prefix_tokens=16321 suffix_tokens=16 model_ms=1199.2 context_ms=42.9 state_ms=7.70 prefix_ms=0.0 suffix_ms=585.6 first_token_ms=2120.0 generation_ms=14115.4 generated=64 generation_tps=4.534
CHILD index=1 own_instance=0 exit=0 text=3fd8649867d4bb41 role=child prefix_tokens=16321 suffix_tokens=16 model_ms=1174.9 context_ms=42.2 state_ms=7.83 prefix_ms=0.0 suffix_ms=611.6 first_token_ms=2132.1 generation_ms=19465.0 generated=64 generation_tps=3.288
CHILD index=2 own_instance=1 exit=0 text=3fd8649867d4bb41 role=child prefix_tokens=16321 suffix_tokens=16 model_ms=1129.5 context_ms=42.1 state_ms=7.45 prefix_ms=0.0 suffix_ms=463.2 first_token_ms=1934.8 generation_ms=14196.5 generated=64 generation_tps=4.508
CHILD index=3 own_instance=0 exit=0 text=3fd8649867d4bb41 role=child prefix_tokens=16321 suffix_tokens=16 model_ms=1146.8 context_ms=42.3 state_ms=7.32 prefix_ms=0.0 suffix_ms=425.6 first_token_ms=1898.5 generation_ms=19536.3 generated=64 generation_tps=3.276
CHILD index=4 own_instance=1 exit=0 text=3e0fd62f5aa50665 role=child prefix_tokens=16321 suffix_tokens=16 model_ms=1197.3 context_ms=45.0 state_ms=7.77 prefix_ms=0.0 suffix_ms=588.7 first_token_ms=2134.9 generation_ms=14102.9 generated=64 generation_tps=4.538
CHILD index=5 own_instance=0 exit=0 text=3fd8649867d4bb41 role=child prefix_tokens=16321 suffix_tokens=16 model_ms=1152.9 context_ms=43.2 state_ms=7.48 prefix_ms=0.0 suffix_ms=515.6 first_token_ms=2000.7 generation_ms=19515.5 generated=64 generation_tps=3.279
CHILD index=6 own_instance=1 exit=0 text=4a8f18b77dbe0332 role=child prefix_tokens=16321 suffix_tokens=16 model_ms=1136.2 context_ms=44.1 state_ms=7.27 prefix_ms=0.0 suffix_ms=502.0 first_token_ms=1977.9 generation_ms=14170.2 generated=64 generation_tps=4.517
CHILD index=7 own_instance=0 exit=0 text=4a8f18b77dbe0332 role=child prefix_tokens=16321 suffix_tokens=16 model_ms=1172.4 context_ms=44.5 state_ms=8.75 prefix_ms=0.0 suffix_ms=604.7 first_token_ms=2126.8 generation_ms=19471.6 generated=64 generation_tps=3.287
MEMORY mem_available_drop_mib=5920
END_CASE failed=0 timed_out=0
CASE placement=cross mode=no_read children=8 paragraphs=320 context=32768
PARENT exit=0 text=c646470e58f73411 prefix_tokens=16321 prefix_ms=19835.6 publish_ms=9.13 state_bytes=261845 model_ms=575.8 context_ms=36.4 suffix_ms=110.7 generation_ms=10145.6 generated=64 generation_tps=6.308 total_ms=42766.5
CHILD index=0 own_instance=1 exit=0 text=d42c4c07975a6446 role=child prefix_tokens=16321 suffix_tokens=16 model_ms=1148.0 context_ms=40.1 state_ms=7.76 prefix_ms=0.0 suffix_ms=1153.1 first_token_ms=2648.4 generation_ms=13839.0 generated=64 generation_tps=4.625
CHILD index=1 own_instance=0 exit=0 text=3fd8649867d4bb41 role=child prefix_tokens=16321 suffix_tokens=16 model_ms=1079.9 context_ms=34.3 state_ms=7.78 prefix_ms=0.0 suffix_ms=922.5 first_token_ms=2330.8 generation_ms=19315.1 generated=64 generation_tps=3.313
CHILD index=2 own_instance=1 exit=0 text=3fd8649867d4bb41 role=child prefix_tokens=16321 suffix_tokens=16 model_ms=1050.5 context_ms=32.7 state_ms=7.43 prefix_ms=0.0 suffix_ms=1124.0 first_token_ms=2501.1 generation_ms=13894.5 generated=64 generation_tps=4.606
CHILD index=3 own_instance=0 exit=0 text=3fd8649867d4bb41 role=child prefix_tokens=16321 suffix_tokens=16 model_ms=1132.1 context_ms=42.7 state_ms=7.40 prefix_ms=0.0 suffix_ms=1129.1 first_token_ms=2604.6 generation_ms=19223.9 generated=64 generation_tps=3.329
CHILD index=4 own_instance=1 exit=0 text=3e0fd62f5aa50665 role=child prefix_tokens=16321 suffix_tokens=16 model_ms=1148.9 context_ms=36.8 state_ms=7.60 prefix_ms=0.0 suffix_ms=1161.2 first_token_ms=2651.7 generation_ms=13844.1 generated=64 generation_tps=4.623
CHILD index=5 own_instance=0 exit=0 text=3fd8649867d4bb41 role=child prefix_tokens=16321 suffix_tokens=16 model_ms=1132.0 context_ms=34.0 state_ms=7.29 prefix_ms=0.0 suffix_ms=1073.1 first_token_ms=2517.3 generation_ms=19236.4 generated=64 generation_tps=3.327
CHILD index=6 own_instance=1 exit=0 text=4a8f18b77dbe0332 role=child prefix_tokens=16321 suffix_tokens=16 model_ms=989.4 context_ms=33.1 state_ms=7.75 prefix_ms=0.0 suffix_ms=619.5 first_token_ms=1874.9 generation_ms=14194.8 generated=64 generation_tps=4.509
CHILD index=7 own_instance=0 exit=0 text=4a8f18b77dbe0332 role=child prefix_tokens=16321 suffix_tokens=16 model_ms=1125.7 context_ms=42.3 state_ms=7.67 prefix_ms=0.0 suffix_ms=1101.3 first_token_ms=2577.1 generation_ms=19242.5 generated=64 generation_tps=3.326
MEMORY mem_available_drop_mib=5958
END_CASE failed=0 timed_out=0
CASE placement=cross mode=extent children=8 paragraphs=320 context=32768
PARENT exit=0 text=c646470e58f73411 prefix_tokens=16321 prefix_ms=19832.0 publish_ms=9.05 state_bytes=261845 model_ms=583.3 context_ms=37.1 suffix_ms=116.8 generation_ms=9638.6 generated=64 generation_tps=6.640 total_ms=42129.2
CHILD index=0 own_instance=1 exit=0 text=d42c4c07975a6446 role=child prefix_tokens=16321 suffix_tokens=16 model_ms=1057.1 context_ms=36.8 state_ms=7.32 prefix_ms=0.0 suffix_ms=189.7 first_token_ms=1509.1 generation_ms=14074.2 generated=64 generation_tps=4.547
CHILD index=1 own_instance=0 exit=0 text=3fd8649867d4bb41 role=child prefix_tokens=16321 suffix_tokens=16 model_ms=1110.1 context_ms=38.3 state_ms=7.51 prefix_ms=0.0 suffix_ms=376.5 first_token_ms=1828.2 generation_ms=19232.3 generated=64 generation_tps=3.328
CHILD index=2 own_instance=1 exit=0 text=3fd8649867d4bb41 role=child prefix_tokens=16321 suffix_tokens=16 model_ms=1150.8 context_ms=48.4 state_ms=7.42 prefix_ms=0.0 suffix_ms=365.3 first_token_ms=1867.7 generation_ms=13979.6 generated=64 generation_tps=4.578
CHILD index=3 own_instance=0 exit=0 text=3fd8649867d4bb41 role=child prefix_tokens=16321 suffix_tokens=16 model_ms=1184.3 context_ms=49.5 state_ms=7.45 prefix_ms=0.0 suffix_ms=463.7 first_token_ms=1971.7 generation_ms=19193.0 generated=64 generation_tps=3.335
CHILD index=4 own_instance=1 exit=0 text=3e0fd62f5aa50665 role=child prefix_tokens=16321 suffix_tokens=16 model_ms=1130.5 context_ms=37.8 state_ms=7.58 prefix_ms=0.0 suffix_ms=383.0 first_token_ms=1841.4 generation_ms=14001.9 generated=64 generation_tps=4.571
CHILD index=5 own_instance=0 exit=0 text=3fd8649867d4bb41 role=child prefix_tokens=16321 suffix_tokens=16 model_ms=1156.3 context_ms=46.5 state_ms=7.47 prefix_ms=0.0 suffix_ms=449.8 first_token_ms=1952.2 generation_ms=19203.1 generated=64 generation_tps=3.333
CHILD index=6 own_instance=1 exit=0 text=4a8f18b77dbe0332 role=child prefix_tokens=16321 suffix_tokens=16 model_ms=1096.0 context_ms=42.0 state_ms=7.40 prefix_ms=0.0 suffix_ms=384.5 first_token_ms=1820.0 generation_ms=14016.8 generated=64 generation_tps=4.566
CHILD index=7 own_instance=0 exit=0 text=4a8f18b77dbe0332 role=child prefix_tokens=16321 suffix_tokens=16 model_ms=1079.4 context_ms=36.2 state_ms=7.47 prefix_ms=0.0 suffix_ms=190.3 first_token_ms=1588.1 generation_ms=19311.1 generated=64 generation_tps=3.314
MEMORY mem_available_drop_mib=5891
END_CASE failed=0 timed_out=0
CASE placement=cross mode=copy children=8 paragraphs=320 context=32768
PARENT exit=0 text=c646470e58f73411 prefix_tokens=16321 prefix_ms=19763.1 publish_ms=523.62 state_bytes=936173269 model_ms=608.7 context_ms=59.8 suffix_ms=62.2 generation_ms=7986.0 generated=64 generation_tps=8.014 total_ms=42420.1
CHILD index=0 own_instance=1 exit=0 text=d42c4c07975a6446 role=child prefix_tokens=16321 suffix_tokens=16 model_ms=1192.5 context_ms=144.7 state_ms=348.00 prefix_ms=0.0 suffix_ms=406.6 first_token_ms=2385.5 generation_ms=13552.7 generated=64 generation_tps=4.722
CHILD index=1 own_instance=0 exit=0 text=3fd8649867d4bb41 role=child prefix_tokens=16321 suffix_tokens=16 model_ms=1130.1 context_ms=124.6 state_ms=358.16 prefix_ms=0.0 suffix_ms=421.3 first_token_ms=2303.5 generation_ms=18597.7 generated=64 generation_tps=3.441
CHILD index=2 own_instance=1 exit=0 text=3fd8649867d4bb41 role=child prefix_tokens=16321 suffix_tokens=16 model_ms=1205.1 context_ms=158.5 state_ms=354.46 prefix_ms=0.0 suffix_ms=412.4 first_token_ms=2426.4 generation_ms=13544.9 generated=64 generation_tps=4.725
CHILD index=3 own_instance=0 exit=0 text=3fd8649867d4bb41 role=child prefix_tokens=16321 suffix_tokens=16 model_ms=1150.8 context_ms=166.7 state_ms=304.44 prefix_ms=0.0 suffix_ms=484.4 first_token_ms=2409.0 generation_ms=18557.3 generated=64 generation_tps=3.449
CHILD index=4 own_instance=1 exit=0 text=3e0fd62f5aa50665 role=child prefix_tokens=16321 suffix_tokens=16 model_ms=1219.8 context_ms=167.1 state_ms=357.30 prefix_ms=0.0 suffix_ms=391.7 first_token_ms=2426.3 generation_ms=13542.7 generated=64 generation_tps=4.726
CHILD index=5 own_instance=0 exit=0 text=3fd8649867d4bb41 role=child prefix_tokens=16321 suffix_tokens=16 model_ms=1069.2 context_ms=87.0 state_ms=271.59 prefix_ms=0.0 suffix_ms=190.9 first_token_ms=1915.7 generation_ms=18665.8 generated=64 generation_tps=3.429
CHILD index=6 own_instance=1 exit=0 text=4a8f18b77dbe0332 role=child prefix_tokens=16321 suffix_tokens=16 model_ms=1115.1 context_ms=107.2 state_ms=359.70 prefix_ms=0.0 suffix_ms=299.3 first_token_ms=2189.3 generation_ms=13628.9 generated=64 generation_tps=4.696
CHILD index=7 own_instance=0 exit=0 text=4a8f18b77dbe0332 role=child prefix_tokens=16321 suffix_tokens=16 model_ms=1144.0 context_ms=138.0 state_ms=311.81 prefix_ms=0.0 suffix_ms=447.0 first_token_ms=2345.5 generation_ms=18598.8 generated=64 generation_tps=3.441
MEMORY mem_available_drop_mib=20280
END_CASE failed=0 timed_out=0
END_KVMECH
