BEGIN_KVSTACK run=1 context=16384 publisher_mig=fafc828a mem_free_mib=48466 kernel_reclaimable_mib=67430
PUBLISH store=stock prefix_tokens=14282 prefix_ms=16885.0 publish_ms=501.31 state_bytes=819216229
PUBLISH store=device prefix_tokens=14282 prefix_ms=16998.8 publish_ms=499.48 state_bytes=819216229
PUBLISH store=huge prefix_tokens=14282 prefix_ms=17043.4 publish_ms=8.22 state_bytes=229221 file_used_kib=802816
CASE mode=both agents=136
AGENT index=0 mig=fafc828a exit=0 wall_ms=190656 text=bb92e4befc7eddec role=child prefix_tokens=14282 suffix_tokens=27 model_ms=9366.4 context_ms=2637.2 state_ms=17.27 prefix_ms=0.0 suffix_ms=1938.8 first_token_ms=18437.9 generation_ms=171762.9 generated=64 generation_tps=0.373
AGENT index=1 mig=31ffbfe4 exit=0 wall_ms=350741 text=a8d47b5298abb2fc role=child prefix_tokens=14282 suffix_tokens=22 model_ms=21381.3 context_ms=85.7 state_ms=6.40 prefix_ms=0.0 suffix_ms=9377.4 first_token_ms=36279.7 generation_ms=313645.3 generated=64 generation_tps=0.204
AGENT index=2 mig=fafc828a exit=0 wall_ms=233668 text=abfd4eb3fb8ebdd8 role=child prefix_tokens=14282 suffix_tokens=24 model_ms=18635.7 context_ms=428.0 state_ms=27.80 prefix_ms=0.0 suffix_ms=2847.7 first_token_ms=27278.6 generation_ms=205880.0 generated=64 generation_tps=0.311
AGENT index=3 mig=31ffbfe4 exit=0 wall_ms=337057 text=077e38d3762a4e5d role=child prefix_tokens=14282 suffix_tokens=32 model_ms=15862.5 context_ms=1535.8 state_ms=46.89 prefix_ms=0.0 suffix_ms=1938.6 first_token_ms=24251.3 generation_ms=312354.8 generated=64 generation_tps=0.205
AGENT index=4 mig=fafc828a exit=0 wall_ms=237822 text=16f8c0610a09645d role=child prefix_tokens=14282 suffix_tokens=23 model_ms=21437.1 context_ms=264.4 state_ms=8.52 prefix_ms=0.0 suffix_ms=5865.4 first_token_ms=32943.9 generation_ms=203500.9 generated=64 generation_tps=0.314
AGENT index=5 mig=31ffbfe4 exit=0 wall_ms=346564 text=ff4188d71e02bfdb role=child prefix_tokens=14282 suffix_tokens=26 model_ms=18457.6 context_ms=442.7 state_ms=86.78 prefix_ms=0.0 suffix_ms=6425.1 first_token_ms=30345.3 generation_ms=315758.2 generated=64 generation_tps=0.203
AGENT index=6 mig=fafc828a exit=0 wall_ms=236755 text=f88f503d1005fa22 role=child prefix_tokens=14282 suffix_tokens=21 model_ms=21496.8 context_ms=380.8 state_ms=10.47 prefix_ms=0.0 suffix_ms=5677.1 first_token_ms=32436.9 generation_ms=203607.9 generated=64 generation_tps=0.314
AGENT index=7 mig=31ffbfe4 exit=0 wall_ms=349117 text=f9c832b7cad1a509 role=child prefix_tokens=14282 suffix_tokens=31 model_ms=21031.1 context_ms=252.9 state_ms=45.56 prefix_ms=0.0 suffix_ms=9550.7 first_token_ms=35800.6 generation_ms=312845.7 generated=64 generation_tps=0.205
AGENT index=8 mig=fafc828a exit=0 wall_ms=232988 text=ae3f57b141780268 role=child prefix_tokens=14282 suffix_tokens=18 model_ms=19134.1 context_ms=545.9 state_ms=19.75 prefix_ms=0.0 suffix_ms=2710.3 first_token_ms=27325.2 generation_ms=205218.9 generated=64 generation_tps=0.312
AGENT index=9 mig=31ffbfe4 exit=0 wall_ms=343045 text=a2d016def74ecc62 role=child prefix_tokens=14282 suffix_tokens=18 model_ms=16872.4 context_ms=963.2 state_ms=74.50 prefix_ms=0.0 suffix_ms=3653.9 first_token_ms=26695.7 generation_ms=315926.8 generated=64 generation_tps=0.203
AGENT index=10 mig=fafc828a exit=0 wall_ms=194958 text=a733f3a39259263c role=child prefix_tokens=14282 suffix_tokens=18 model_ms=10785.8 context_ms=1774.7 state_ms=15.23 prefix_ms=0.0 suffix_ms=2159.4 first_token_ms=19680.7 generation_ms=174839.8 generated=64 generation_tps=0.366
AGENT index=11 mig=31ffbfe4 exit=0 wall_ms=344419 text=087278665f3dec68 role=child prefix_tokens=14282 suffix_tokens=22 model_ms=17882.9 context_ms=675.5 state_ms=62.35 prefix_ms=0.0 suffix_ms=4140.7 first_token_ms=27616.2 generation_ms=316355.7 generated=64 generation_tps=0.202
AGENT index=12 mig=fafc828a exit=0 wall_ms=165924 text=2c93819fe85df763 role=child prefix_tokens=14282 suffix_tokens=21 model_ms=6873.5 context_ms=3313.7 state_ms=8.71 prefix_ms=0.0 suffix_ms=3280.2 first_token_ms=17627.7 generation_ms=141699.1 generated=64 generation_tps=0.452
AGENT index=13 mig=31ffbfe4 exit=0 wall_ms=350131 text=5d483815f91685a6 role=child prefix_tokens=14282 suffix_tokens=31 model_ms=19676.5 context_ms=454.4 state_ms=38.95 prefix_ms=0.0 suffix_ms=9260.5 first_token_ms=34962.4 generation_ms=314555.7 generated=64 generation_tps=0.203
AGENT index=14 mig=fafc828a exit=0 wall_ms=239621 text=3f33f20708943e2f role=child prefix_tokens=14282 suffix_tokens=21 model_ms=21845.6 context_ms=261.0 state_ms=7.07 prefix_ms=0.0 suffix_ms=5878.4 first_token_ms=32970.8 generation_ms=204598.9 generated=64 generation_tps=0.313
AGENT index=15 mig=31ffbfe4 exit=0 wall_ms=346901 text=0502c45076359254 role=child prefix_tokens=14282 suffix_tokens=26 model_ms=18645.3 context_ms=477.8 state_ms=54.64 prefix_ms=0.0 suffix_ms=7255.0 first_token_ms=31711.8 generation_ms=314751.6 generated=64 generation_tps=0.203
AGENT index=16 mig=fafc828a exit=0 wall_ms=237531 text=0ebc8757605c5571 role=child prefix_tokens=14282 suffix_tokens=25 model_ms=21896.2 context_ms=286.7 state_ms=10.22 prefix_ms=0.0 suffix_ms=6591.6 first_token_ms=33638.9 generation_ms=202783.9 generated=64 generation_tps=0.316
AGENT index=17 mig=31ffbfe4 exit=0 wall_ms=347379 text=5d7dbcf0a7eca76c role=child prefix_tokens=14282 suffix_tokens=22 model_ms=18429.5 context_ms=567.4 state_ms=50.31 prefix_ms=0.0 suffix_ms=6163.9 first_token_ms=30511.7 generation_ms=316469.1 generated=64 generation_tps=0.202
AGENT index=18 mig=fafc828a exit=0 wall_ms=185784 text=cb99e4b1c2fd84d5 role=child prefix_tokens=14282 suffix_tokens=21 model_ms=7194.2 context_ms=3263.2 state_ms=9.00 prefix_ms=0.0 suffix_ms=2517.4 first_token_ms=18220.1 generation_ms=167059.9 generated=64 generation_tps=0.383
AGENT index=19 mig=31ffbfe4 exit=0 wall_ms=324829 text=4c7501e634d9bf23 role=child prefix_tokens=14282 suffix_tokens=18 model_ms=14747.1 context_ms=921.4 state_ms=7.14 prefix_ms=0.0 suffix_ms=2094.8 first_token_ms=22633.9 generation_ms=301797.9 generated=64 generation_tps=0.212
AGENT index=20 mig=fafc828a exit=0 wall_ms=236138 text=b3893059e7e79532 role=child prefix_tokens=14282 suffix_tokens=21 model_ms=20409.3 context_ms=313.4 state_ms=39.33 prefix_ms=0.0 suffix_ms=4798.5 first_token_ms=30727.8 generation_ms=204925.8 generated=64 generation_tps=0.312
AGENT index=21 mig=31ffbfe4 exit=0 wall_ms=194516 text=284eef78a2286715 role=child prefix_tokens=14282 suffix_tokens=26 model_ms=6349.2 context_ms=3004.8 state_ms=11.55 prefix_ms=0.0 suffix_ms=3530.7 first_token_ms=17667.6 generation_ms=176359.7 generated=64 generation_tps=0.363
AGENT index=22 mig=fafc828a exit=0 wall_ms=236758 text=ad3122b47bf9d41d role=child prefix_tokens=14282 suffix_tokens=27 model_ms=20477.9 context_ms=367.0 state_ms=51.27 prefix_ms=0.0 suffix_ms=6353.6 first_token_ms=32264.1 generation_ms=203680.9 generated=64 generation_tps=0.314
AGENT index=23 mig=31ffbfe4 exit=0 wall_ms=346187 text=f79224e341ba5115 role=child prefix_tokens=14282 suffix_tokens=17 model_ms=17921.6 context_ms=544.6 state_ms=62.48 prefix_ms=0.0 suffix_ms=4914.6 first_token_ms=28933.6 generation_ms=316822.3 generated=64 generation_tps=0.202
AGENT index=24 mig=fafc828a exit=0 wall_ms=237285 text=9834d2c93010cb40 role=child prefix_tokens=14282 suffix_tokens=22 model_ms=21551.2 context_ms=206.8 state_ms=20.21 prefix_ms=0.0 suffix_ms=5802.9 first_token_ms=32391.7 generation_ms=203920.1 generated=64 generation_tps=0.314
AGENT index=25 mig=31ffbfe4 exit=0 wall_ms=259134 text=da4c2dca73ac54e0 role=child prefix_tokens=14282 suffix_tokens=23 model_ms=11550.4 context_ms=772.8 state_ms=15.45 prefix_ms=0.0 suffix_ms=1186.9 first_token_ms=19099.1 generation_ms=239573.3 generated=64 generation_tps=0.267
AGENT index=26 mig=fafc828a exit=0 wall_ms=235781 text=07ec2de36a00f7a1 role=child prefix_tokens=14282 suffix_tokens=19 model_ms=21729.9 context_ms=346.8 state_ms=6.66 prefix_ms=0.0 suffix_ms=5712.9 first_token_ms=32583.5 generation_ms=202674.2 generated=64 generation_tps=0.316
AGENT index=27 mig=31ffbfe4 exit=0 wall_ms=349664 text=e1e29071a16e2061 role=child prefix_tokens=14282 suffix_tokens=21 model_ms=18876.1 context_ms=423.1 state_ms=38.71 prefix_ms=0.0 suffix_ms=7900.8 first_token_ms=33016.0 generation_ms=315920.4 generated=64 generation_tps=0.203
AGENT index=28 mig=fafc828a exit=0 wall_ms=236326 text=1c65ed1020843e8d role=child prefix_tokens=14282 suffix_tokens=20 model_ms=21934.7 context_ms=274.2 state_ms=6.17 prefix_ms=0.0 suffix_ms=5952.9 first_token_ms=32969.5 generation_ms=202827.3 generated=64 generation_tps=0.316
AGENT index=29 mig=31ffbfe4 exit=0 wall_ms=349358 text=a72f71cd80731afe role=child prefix_tokens=14282 suffix_tokens=22 model_ms=20797.1 context_ms=282.5 state_ms=7.82 prefix_ms=0.0 suffix_ms=9600.6 first_token_ms=36507.3 generation_ms=312186.7 generated=64 generation_tps=0.205
AGENT index=30 mig=fafc828a exit=0 wall_ms=238625 text=317f6f38771a1e41 role=child prefix_tokens=14282 suffix_tokens=20 model_ms=21047.7 context_ms=250.8 state_ms=38.78 prefix_ms=0.0 suffix_ms=5633.8 first_token_ms=31931.9 generation_ms=205072.3 generated=64 generation_tps=0.312
AGENT index=31 mig=31ffbfe4 exit=0 wall_ms=344519 text=1b4036771dcdadef role=child prefix_tokens=14282 suffix_tokens=22 model_ms=18270.8 context_ms=575.3 state_ms=34.56 prefix_ms=0.0 suffix_ms=4506.7 first_token_ms=28187.3 generation_ms=315883.7 generated=64 generation_tps=0.203
AGENT index=32 mig=fafc828a exit=0 wall_ms=196775 text=3f50371ecb0032a2 role=child prefix_tokens=14282 suffix_tokens=28 model_ms=11502.6 context_ms=1022.5 state_ms=9.00 prefix_ms=0.0 suffix_ms=2040.5 first_token_ms=19584.8 generation_ms=176677.7 generated=64 generation_tps=0.362
AGENT index=33 mig=31ffbfe4 exit=0 wall_ms=350413 text=5b450cf9627e77b9 role=child prefix_tokens=14282 suffix_tokens=23 model_ms=21047.1 context_ms=264.1 state_ms=7.63 prefix_ms=0.0 suffix_ms=9492.8 first_token_ms=36307.6 generation_ms=313330.6 generated=64 generation_tps=0.204
AGENT index=34 mig=fafc828a exit=0 wall_ms=236862 text=8fe64643182c4081 role=child prefix_tokens=14282 suffix_tokens=25 model_ms=21193.0 context_ms=489.8 state_ms=6.74 prefix_ms=0.0 suffix_ms=6270.3 first_token_ms=33055.6 generation_ms=202907.1 generated=64 generation_tps=0.315
AGENT index=35 mig=31ffbfe4 exit=0 wall_ms=348081 text=ab418a5e41977b06 role=child prefix_tokens=14282 suffix_tokens=33 model_ms=21354.5 context_ms=306.5 state_ms=13.36 prefix_ms=0.0 suffix_ms=11617.5 first_token_ms=38083.4 generation_ms=309564.7 generated=64 generation_tps=0.207
AGENT index=36 mig=fafc828a exit=0 wall_ms=229472 text=2852504019aca3b6 role=child prefix_tokens=14282 suffix_tokens=24 model_ms=16808.5 context_ms=715.2 state_ms=50.47 prefix_ms=0.0 suffix_ms=2174.2 first_token_ms=25458.5 generation_ms=203506.1 generated=64 generation_tps=0.314
AGENT index=37 mig=31ffbfe4 exit=0 wall_ms=343656 text=bef1e0801c6e655f role=child prefix_tokens=14282 suffix_tokens=27 model_ms=18792.3 context_ms=382.3 state_ms=32.48 prefix_ms=0.0 suffix_ms=6958.2 first_token_ms=30922.1 generation_ms=312280.1 generated=64 generation_tps=0.205
AGENT index=38 mig=fafc828a exit=0 wall_ms=237350 text=03d3cecc4e2c4ef7 role=child prefix_tokens=14282 suffix_tokens=22 model_ms=21139.5 context_ms=363.4 state_ms=6.23 prefix_ms=0.0 suffix_ms=5864.3 first_token_ms=32365.9 generation_ms=204038.1 generated=64 generation_tps=0.314
AGENT index=39 mig=31ffbfe4 exit=0 wall_ms=348713 text=f9c832b7cad1a509 role=child prefix_tokens=14282 suffix_tokens=32 model_ms=19800.0 context_ms=563.0 state_ms=45.87 prefix_ms=0.0 suffix_ms=9100.6 first_token_ms=34674.5 generation_ms=313612.9 generated=64 generation_tps=0.204
AGENT index=40 mig=fafc828a exit=0 wall_ms=234293 text=1bedc9985ebffdf3 role=child prefix_tokens=14282 suffix_tokens=19 model_ms=18983.5 context_ms=396.9 state_ms=30.04 prefix_ms=0.0 suffix_ms=2842.9 first_token_ms=27666.4 generation_ms=206125.0 generated=64 generation_tps=0.310
AGENT index=41 mig=31ffbfe4 exit=0 wall_ms=350284 text=45248c21a8c64213 role=child prefix_tokens=14282 suffix_tokens=19 model_ms=21378.7 context_ms=507.2 state_ms=9.53 prefix_ms=0.0 suffix_ms=9459.3 first_token_ms=36263.1 generation_ms=313181.4 generated=64 generation_tps=0.204
AGENT index=42 mig=fafc828a exit=0 wall_ms=235429 text=c2b860976d76c188 role=child prefix_tokens=14282 suffix_tokens=18 model_ms=20797.9 context_ms=463.4 state_ms=6.61 prefix_ms=0.0 suffix_ms=5720.1 first_token_ms=32532.3 generation_ms=202345.2 generated=64 generation_tps=0.316
AGENT index=43 mig=31ffbfe4 exit=0 wall_ms=347409 text=7f088fd1d1738f8b role=child prefix_tokens=14282 suffix_tokens=22 model_ms=18683.5 context_ms=422.4 state_ms=50.47 prefix_ms=0.0 suffix_ms=6827.0 first_token_ms=31102.3 generation_ms=315854.7 generated=64 generation_tps=0.203
AGENT index=44 mig=fafc828a exit=0 wall_ms=230720 text=f631ba01e55b49fa role=child prefix_tokens=14282 suffix_tokens=21 model_ms=17973.1 context_ms=696.6 state_ms=46.74 prefix_ms=0.0 suffix_ms=1740.8 first_token_ms=25681.5 generation_ms=204558.4 generated=64 generation_tps=0.313
AGENT index=45 mig=31ffbfe4 exit=0 wall_ms=343090 text=5d483815f91685a6 role=child prefix_tokens=14282 suffix_tokens=31 model_ms=16253.4 context_ms=1181.9 state_ms=51.32 prefix_ms=0.0 suffix_ms=3332.3 first_token_ms=25829.2 generation_ms=316835.5 generated=64 generation_tps=0.202
AGENT index=46 mig=fafc828a exit=0 wall_ms=239333 text=56be8609eb72cb4a role=child prefix_tokens=14282 suffix_tokens=21 model_ms=20909.4 context_ms=425.9 state_ms=7.56 prefix_ms=0.0 suffix_ms=5831.4 first_token_ms=32567.6 generation_ms=204913.3 generated=64 generation_tps=0.312
AGENT index=47 mig=31ffbfe4 exit=0 wall_ms=349655 text=0d9668c2f9cbc9fc role=child prefix_tokens=14282 suffix_tokens=26 model_ms=19108.3 context_ms=405.1 state_ms=23.98 prefix_ms=0.0 suffix_ms=8012.0 first_token_ms=33070.0 generation_ms=315785.8 generated=64 generation_tps=0.203
AGENT index=48 mig=fafc828a exit=0 wall_ms=237852 text=27f58a7742c668f5 role=child prefix_tokens=14282 suffix_tokens=25 model_ms=21454.3 context_ms=302.1 state_ms=7.05 prefix_ms=0.0 suffix_ms=6598.1 first_token_ms=33575.2 generation_ms=203178.1 generated=64 generation_tps=0.315
AGENT index=49 mig=31ffbfe4 exit=0 wall_ms=349345 text=facc2c2ea4689e1e role=child prefix_tokens=14282 suffix_tokens=22 model_ms=20899.4 context_ms=489.7 state_ms=6.14 prefix_ms=0.0 suffix_ms=9640.1 first_token_ms=36447.8 generation_ms=312360.0 generated=64 generation_tps=0.205
AGENT index=50 mig=fafc828a exit=0 wall_ms=232737 text=64fd37c296cb1dd5 role=child prefix_tokens=14282 suffix_tokens=21 model_ms=19249.8 context_ms=762.9 state_ms=78.53 prefix_ms=0.0 suffix_ms=2770.6 first_token_ms=27606.2 generation_ms=204679.9 generated=64 generation_tps=0.313
AGENT index=51 mig=31ffbfe4 exit=0 wall_ms=350154 text=4c7501e634d9bf23 role=child prefix_tokens=14282 suffix_tokens=18 model_ms=21201.6 context_ms=464.1 state_ms=6.29 prefix_ms=0.0 suffix_ms=9447.2 first_token_ms=36229.6 generation_ms=313211.0 generated=64 generation_tps=0.204
AGENT index=52 mig=fafc828a exit=0 wall_ms=238195 text=b3893059e7e79532 role=child prefix_tokens=14282 suffix_tokens=21 model_ms=20729.4 context_ms=421.7 state_ms=6.79 prefix_ms=0.0 suffix_ms=5773.2 first_token_ms=32538.4 generation_ms=204228.8 generated=64 generation_tps=0.313
AGENT index=53 mig=31ffbfe4 exit=0 wall_ms=344599 text=11e4c2a85150fa06 role=child prefix_tokens=14282 suffix_tokens=26 model_ms=17054.6 context_ms=558.1 state_ms=45.42 prefix_ms=0.0 suffix_ms=4356.2 first_token_ms=27418.1 generation_ms=316740.6 generated=64 generation_tps=0.202
AGENT index=54 mig=fafc828a exit=0 wall_ms=189952 text=3b6f5b9c968721eb role=child prefix_tokens=14282 suffix_tokens=27 model_ms=7069.9 context_ms=3155.6 state_ms=8.77 prefix_ms=0.0 suffix_ms=2247.8 first_token_ms=18155.0 generation_ms=171366.9 generated=64 generation_tps=0.373
AGENT index=55 mig=31ffbfe4 exit=0 wall_ms=349935 text=7e4fad52bd577abf role=child prefix_tokens=14282 suffix_tokens=17 model_ms=20874.8 context_ms=346.8 state_ms=6.29 prefix_ms=0.0 suffix_ms=9516.9 first_token_ms=36467.5 generation_ms=312898.9 generated=64 generation_tps=0.205
AGENT index=56 mig=fafc828a exit=0 wall_ms=239561 text=9834d2c93010cb40 role=child prefix_tokens=14282 suffix_tokens=22 model_ms=21380.4 context_ms=326.5 state_ms=7.23 prefix_ms=0.0 suffix_ms=5748.4 first_token_ms=32336.4 generation_ms=204974.1 generated=64 generation_tps=0.312
AGENT index=57 mig=31ffbfe4 exit=0 wall_ms=350457 text=a4e76b0a1993f6d6 role=child prefix_tokens=14282 suffix_tokens=23 model_ms=19841.8 context_ms=401.4 state_ms=10.21 prefix_ms=0.0 suffix_ms=9024.6 first_token_ms=34681.7 generation_ms=314791.0 generated=64 generation_tps=0.203
AGENT index=58 mig=fafc828a exit=0 wall_ms=234179 text=359d7b30e6a9a9fc role=child prefix_tokens=14282 suffix_tokens=19 model_ms=19328.6 context_ms=467.8 state_ms=26.31 prefix_ms=0.0 suffix_ms=2467.6 first_token_ms=27460.7 generation_ms=206273.4 generated=64 generation_tps=0.310
AGENT index=59 mig=31ffbfe4 exit=0 wall_ms=349282 text=7b1e906b43903ada role=child prefix_tokens=14282 suffix_tokens=21 model_ms=20103.7 context_ms=398.1 state_ms=22.32 prefix_ms=0.0 suffix_ms=9060.9 first_token_ms=34752.8 generation_ms=313904.3 generated=64 generation_tps=0.204
AGENT index=60 mig=fafc828a exit=0 wall_ms=226973 text=23f27e20526aad11 role=child prefix_tokens=14282 suffix_tokens=20 model_ms=15731.9 context_ms=1147.7 state_ms=58.28 prefix_ms=0.0 suffix_ms=2183.1 first_token_ms=24589.1 generation_ms=201878.5 generated=64 generation_tps=0.317
AGENT index=61 mig=31ffbfe4 exit=0 wall_ms=250695 text=a61a16a4bc46c53d role=child prefix_tokens=14282 suffix_tokens=22 model_ms=8471.8 context_ms=2577.5 state_ms=14.94 prefix_ms=0.0 suffix_ms=1681.1 first_token_ms=18457.0 generation_ms=231827.9 generated=64 generation_tps=0.276
AGENT index=62 mig=fafc828a exit=0 wall_ms=233855 text=dbac730f9e3a3df4 role=child prefix_tokens=14282 suffix_tokens=20 model_ms=18097.5 context_ms=444.9 state_ms=78.45 prefix_ms=0.0 suffix_ms=2811.4 first_token_ms=27157.5 generation_ms=206185.8 generated=64 generation_tps=0.310
AGENT index=63 mig=31ffbfe4 exit=0 wall_ms=348098 text=cd56b7d8c4ff1887 role=child prefix_tokens=14282 suffix_tokens=22 model_ms=19383.0 context_ms=536.3 state_ms=26.18 prefix_ms=0.0 suffix_ms=7340.4 first_token_ms=32025.3 generation_ms=315610.8 generated=64 generation_tps=0.203
AGENT index=64 mig=fafc828a exit=0 wall_ms=235826 text=a067a6895417f0e8 role=child prefix_tokens=14282 suffix_tokens=28 model_ms=19877.5 context_ms=513.7 state_ms=39.78 prefix_ms=0.0 suffix_ms=4491.1 first_token_ms=29926.5 generation_ms=205455.1 generated=64 generation_tps=0.312
AGENT index=65 mig=31ffbfe4 exit=0 wall_ms=349461 text=664acbfcf59959c4 role=child prefix_tokens=14282 suffix_tokens=23 model_ms=20978.0 context_ms=319.7 state_ms=7.03 prefix_ms=0.0 suffix_ms=9495.2 first_token_ms=36277.7 generation_ms=312498.5 generated=64 generation_tps=0.205
AGENT index=66 mig=fafc828a exit=0 wall_ms=237491 text=8fe64643182c4081 role=child prefix_tokens=14282 suffix_tokens=25 model_ms=20185.4 context_ms=341.7 state_ms=51.04 prefix_ms=0.0 suffix_ms=6092.8 first_token_ms=31533.3 generation_ms=204717.4 generated=64 generation_tps=0.313
AGENT index=67 mig=31ffbfe4 exit=0 wall_ms=350205 text=077e38d3762a4e5d role=child prefix_tokens=14282 suffix_tokens=33 model_ms=21529.9 context_ms=379.2 state_ms=6.33 prefix_ms=0.0 suffix_ms=11830.0 first_token_ms=38716.3 generation_ms=310690.9 generated=64 generation_tps=0.206
AGENT index=68 mig=fafc828a exit=0 wall_ms=238439 text=4d2fc992c2841379 role=child prefix_tokens=14282 suffix_tokens=24 model_ms=20484.3 context_ms=375.7 state_ms=14.59 prefix_ms=0.0 suffix_ms=5603.4 first_token_ms=31674.4 generation_ms=205137.6 generated=64 generation_tps=0.312
AGENT index=69 mig=31ffbfe4 exit=0 wall_ms=348475 text=6ce00e8033df1792 role=child prefix_tokens=14282 suffix_tokens=27 model_ms=21554.7 context_ms=442.9 state_ms=6.61 prefix_ms=0.0 suffix_ms=9725.7 first_token_ms=36467.2 generation_ms=311602.9 generated=64 generation_tps=0.205
AGENT index=70 mig=fafc828a exit=0 wall_ms=239309 text=312bed507beb25e1 role=child prefix_tokens=14282 suffix_tokens=22 model_ms=21253.0 context_ms=291.6 state_ms=6.23 prefix_ms=0.0 suffix_ms=5940.0 first_token_ms=32783.8 generation_ms=204445.0 generated=64 generation_tps=0.313
AGENT index=71 mig=31ffbfe4 exit=0 wall_ms=348657 text=13e4dfd293d8126f role=child prefix_tokens=14282 suffix_tokens=32 model_ms=19422.8 context_ms=467.9 state_ms=27.47 prefix_ms=0.0 suffix_ms=8783.3 first_token_ms=33996.4 generation_ms=314173.3 generated=64 generation_tps=0.204
AGENT index=72 mig=fafc828a exit=0 wall_ms=239181 text=724c6fed862eef57 role=child prefix_tokens=14282 suffix_tokens=19 model_ms=20701.9 context_ms=446.4 state_ms=8.08 prefix_ms=0.0 suffix_ms=5977.9 first_token_ms=32769.4 generation_ms=204136.0 generated=64 generation_tps=0.314
AGENT index=73 mig=31ffbfe4 exit=0 wall_ms=347717 text=f69b628d0f4868ff role=child prefix_tokens=14282 suffix_tokens=19 model_ms=18200.2 context_ms=683.4 state_ms=54.48 prefix_ms=0.0 suffix_ms=6871.6 first_token_ms=31430.4 generation_ms=315883.4 generated=64 generation_tps=0.203
AGENT index=74 mig=fafc828a exit=0 wall_ms=238502 text=95997adc906fa24a role=child prefix_tokens=14282 suffix_tokens=18 model_ms=20999.5 context_ms=323.7 state_ms=10.51 prefix_ms=0.0 suffix_ms=5894.2 first_token_ms=32638.4 generation_ms=204069.9 generated=64 generation_tps=0.314
AGENT index=75 mig=31ffbfe4 exit=0 wall_ms=350231 text=8aaf40a95565910c role=child prefix_tokens=14282 suffix_tokens=22 model_ms=19683.3 context_ms=231.8 state_ms=54.08 prefix_ms=0.0 suffix_ms=9433.9 first_token_ms=35282.6 generation_ms=314323.2 generated=64 generation_tps=0.204
AGENT index=76 mig=fafc828a exit=0 wall_ms=234846 text=2c93819fe85df763 role=child prefix_tokens=14282 suffix_tokens=21 model_ms=19576.8 context_ms=352.6 state_ms=21.54 prefix_ms=0.0 suffix_ms=3244.8 first_token_ms=28451.9 generation_ms=205926.5 generated=64 generation_tps=0.311
AGENT index=77 mig=31ffbfe4 exit=0 wall_ms=342682 text=5d483815f91685a6 role=child prefix_tokens=14282 suffix_tokens=31 model_ms=16005.0 context_ms=717.3 state_ms=18.81 prefix_ms=0.0 suffix_ms=3571.6 first_token_ms=25690.4 generation_ms=316548.9 generated=64 generation_tps=0.202
AGENT index=78 mig=fafc828a exit=0 wall_ms=236413 text=3f33f20708943e2f role=child prefix_tokens=14282 suffix_tokens=21 model_ms=20253.7 context_ms=467.4 state_ms=15.80 prefix_ms=0.0 suffix_ms=5581.8 first_token_ms=32086.2 generation_ms=203731.2 generated=64 generation_tps=0.314
AGENT index=79 mig=31ffbfe4 exit=0 wall_ms=349805 text=0d9668c2f9cbc9fc role=child prefix_tokens=14282 suffix_tokens=26 model_ms=18267.8 context_ms=563.0 state_ms=9.30 prefix_ms=0.0 suffix_ms=7961.3 first_token_ms=32723.4 generation_ms=316531.3 generated=64 generation_tps=0.202
AGENT index=80 mig=fafc828a exit=0 wall_ms=197023 text=86d4ee1044251a25 role=child prefix_tokens=14282 suffix_tokens=25 model_ms=11209.1 context_ms=1155.3 state_ms=16.06 prefix_ms=0.0 suffix_ms=2132.8 first_token_ms=19410.7 generation_ms=177120.6 generated=64 generation_tps=0.361
AGENT index=81 mig=31ffbfe4 exit=0 wall_ms=348197 text=6bd685fbc4b441ec role=child prefix_tokens=14282 suffix_tokens=22 model_ms=18520.5 context_ms=379.4 state_ms=66.18 prefix_ms=0.0 suffix_ms=7889.5 first_token_ms=32649.8 generation_ms=315147.6 generated=64 generation_tps=0.203
AGENT index=82 mig=fafc828a exit=0 wall_ms=239331 text=ce66287a7832a2bb role=child prefix_tokens=14282 suffix_tokens=21 model_ms=19963.7 context_ms=410.5 state_ms=23.39 prefix_ms=0.0 suffix_ms=5764.8 first_token_ms=32006.0 generation_ms=205079.4 generated=64 generation_tps=0.312
AGENT index=83 mig=31ffbfe4 exit=0 wall_ms=347662 text=cdf6d4762f0ad9c6 role=child prefix_tokens=14282 suffix_tokens=18 model_ms=19326.0 context_ms=678.6 state_ms=16.80 prefix_ms=0.0 suffix_ms=7185.1 first_token_ms=32095.8 generation_ms=315098.5 generated=64 generation_tps=0.203
AGENT index=84 mig=fafc828a exit=0 wall_ms=237057 text=621bb723edc357c2 role=child prefix_tokens=14282 suffix_tokens=21 model_ms=21197.6 context_ms=328.2 state_ms=18.30 prefix_ms=0.0 suffix_ms=5577.6 first_token_ms=31949.9 generation_ms=204079.3 generated=64 generation_tps=0.314
AGENT index=85 mig=31ffbfe4 exit=0 wall_ms=349500 text=b8578943aeaf7387 role=child prefix_tokens=14282 suffix_tokens=26 model_ms=21257.0 context_ms=248.9 state_ms=6.77 prefix_ms=0.0 suffix_ms=9742.2 first_token_ms=36544.1 generation_ms=312261.5 generated=64 generation_tps=0.205
AGENT index=86 mig=fafc828a exit=0 wall_ms=199095 text=bc92b0cfd69b8bd4 role=child prefix_tokens=14282 suffix_tokens=27 model_ms=8754.6 context_ms=2641.2 state_ms=16.29 prefix_ms=0.0 suffix_ms=2308.2 first_token_ms=19264.6 generation_ms=179357.8 generated=64 generation_tps=0.357
AGENT index=87 mig=31ffbfe4 exit=0 wall_ms=348690 text=46daf195b61b12ee role=child prefix_tokens=14282 suffix_tokens=17 model_ms=19848.0 context_ms=347.1 state_ms=38.38 prefix_ms=0.0 suffix_ms=7972.2 first_token_ms=33055.1 generation_ms=315163.1 generated=64 generation_tps=0.203
AGENT index=88 mig=fafc828a exit=0 wall_ms=236599 text=fb072021023b5031 role=child prefix_tokens=14282 suffix_tokens=22 model_ms=21182.3 context_ms=390.7 state_ms=12.47 prefix_ms=0.0 suffix_ms=5735.1 first_token_ms=31931.7 generation_ms=204010.3 generated=64 generation_tps=0.314
AGENT index=89 mig=31ffbfe4 exit=0 wall_ms=349295 text=1dc70f9673b0dd57 role=child prefix_tokens=14282 suffix_tokens=23 model_ms=20273.6 context_ms=340.4 state_ms=38.27 prefix_ms=0.0 suffix_ms=9235.4 first_token_ms=35315.4 generation_ms=313393.6 generated=64 generation_tps=0.204
AGENT index=90 mig=fafc828a exit=0 wall_ms=235962 text=9aa85e1403c22284 role=child prefix_tokens=14282 suffix_tokens=19 model_ms=19231.7 context_ms=639.5 state_ms=46.28 prefix_ms=0.0 suffix_ms=4339.8 first_token_ms=29706.5 generation_ms=205728.0 generated=64 generation_tps=0.311
AGENT index=91 mig=31ffbfe4 exit=0 wall_ms=344835 text=0ec120ad804ad591 role=child prefix_tokens=14282 suffix_tokens=21 model_ms=17015.8 context_ms=679.7 state_ms=32.38 prefix_ms=0.0 suffix_ms=4082.0 first_token_ms=27245.0 generation_ms=317171.2 generated=64 generation_tps=0.202
AGENT index=92 mig=fafc828a exit=0 wall_ms=238924 text=4a33e463a3e8f524 role=child prefix_tokens=14282 suffix_tokens=20 model_ms=19238.8 context_ms=451.9 state_ms=35.73 prefix_ms=0.0 suffix_ms=5129.3 first_token_ms=30705.9 generation_ms=206516.8 generated=64 generation_tps=0.310
AGENT index=93 mig=31ffbfe4 exit=0 wall_ms=345900 text=a56a85c42cb9bcf4 role=child prefix_tokens=14282 suffix_tokens=22 model_ms=18546.6 context_ms=411.5 state_ms=65.87 prefix_ms=0.0 suffix_ms=5754.7 first_token_ms=29489.8 generation_ms=315988.2 generated=64 generation_tps=0.203
AGENT index=94 mig=fafc828a exit=0 wall_ms=239317 text=5b96a105ed76f9fa role=child prefix_tokens=14282 suffix_tokens=20 model_ms=20753.0 context_ms=317.9 state_ms=6.02 prefix_ms=0.0 suffix_ms=5878.6 first_token_ms=32599.3 generation_ms=204502.5 generated=64 generation_tps=0.313
AGENT index=95 mig=31ffbfe4 exit=0 wall_ms=350496 text=4ed1e788823f7ae6 role=child prefix_tokens=14282 suffix_tokens=22 model_ms=20266.7 context_ms=510.9 state_ms=6.43 prefix_ms=0.0 suffix_ms=9502.5 first_token_ms=36115.3 generation_ms=313583.6 generated=64 generation_tps=0.204
AGENT index=96 mig=fafc828a exit=0 wall_ms=235111 text=a067a6895417f0e8 role=child prefix_tokens=14282 suffix_tokens=28 model_ms=21072.3 context_ms=282.4 state_ms=6.43 prefix_ms=0.0 suffix_ms=6398.7 first_token_ms=33057.3 generation_ms=201547.3 generated=64 generation_tps=0.318
AGENT index=97 mig=31ffbfe4 exit=0 wall_ms=338426 text=5b450cf9627e77b9 role=child prefix_tokens=14282 suffix_tokens=23 model_ms=16257.2 context_ms=503.8 state_ms=11.73 prefix_ms=0.0 suffix_ms=2001.4 first_token_ms=24142.2 generation_ms=313886.5 generated=64 generation_tps=0.204
AGENT index=98 mig=fafc828a exit=0 wall_ms=238161 text=2ecfd34dfa486110 role=child prefix_tokens=14282 suffix_tokens=25 model_ms=21206.2 context_ms=325.7 state_ms=6.46 prefix_ms=0.0 suffix_ms=6529.1 first_token_ms=33216.5 generation_ms=203634.0 generated=64 generation_tps=0.314
AGENT index=99 mig=31ffbfe4 exit=0 wall_ms=350320 text=f1b10c0aeb700d09 role=child prefix_tokens=14282 suffix_tokens=33 model_ms=20598.6 context_ms=378.2 state_ms=6.78 prefix_ms=0.0 suffix_ms=11841.6 first_token_ms=38612.5 generation_ms=310958.0 generated=64 generation_tps=0.206
AGENT index=100 mig=fafc828a exit=0 wall_ms=237425 text=e4f7a0fff10da58f role=child prefix_tokens=14282 suffix_tokens=25 model_ms=21100.8 context_ms=278.5 state_ms=10.64 prefix_ms=0.0 suffix_ms=6575.6 first_token_ms=33396.6 generation_ms=202905.2 generated=64 generation_tps=0.315
AGENT index=101 mig=31ffbfe4 exit=0 wall_ms=349594 text=4e58d1434e38d87b role=child prefix_tokens=14282 suffix_tokens=28 model_ms=21162.0 context_ms=323.7 state_ms=7.85 prefix_ms=0.0 suffix_ms=9771.0 first_token_ms=36595.5 generation_ms=312246.1 generated=64 generation_tps=0.205
AGENT index=102 mig=fafc828a exit=0 wall_ms=238860 text=74ff651a4aa431c6 role=child prefix_tokens=14282 suffix_tokens=23 model_ms=20629.9 context_ms=371.7 state_ms=17.33 prefix_ms=0.0 suffix_ms=5584.9 first_token_ms=31826.5 generation_ms=205252.9 generated=64 generation_tps=0.312
AGENT index=103 mig=31ffbfe4 exit=0 wall_ms=339852 text=f9c832b7cad1a509 role=child prefix_tokens=14282 suffix_tokens=33 model_ms=15470.8 context_ms=1155.5 state_ms=22.23 prefix_ms=0.0 suffix_ms=2784.9 first_token_ms=24704.2 generation_ms=314694.1 generated=64 generation_tps=0.203
AGENT index=104 mig=fafc828a exit=0 wall_ms=200472 text=8d692aa4a801d17d role=child prefix_tokens=14282 suffix_tokens=20 model_ms=10877.1 context_ms=1011.0 state_ms=16.63 prefix_ms=0.0 suffix_ms=1947.5 first_token_ms=19381.5 generation_ms=180653.2 generated=64 generation_tps=0.354
AGENT index=105 mig=31ffbfe4 exit=0 wall_ms=350604 text=d78bd735ec80af2b role=child prefix_tokens=14282 suffix_tokens=20 model_ms=20909.7 context_ms=99.0 state_ms=7.83 prefix_ms=0.0 suffix_ms=9601.1 first_token_ms=36427.7 generation_ms=313290.5 generated=64 generation_tps=0.204
AGENT index=106 mig=fafc828a exit=0 wall_ms=239073 text=0843554c3d590aaf role=child prefix_tokens=14282 suffix_tokens=19 model_ms=20783.0 context_ms=241.5 state_ms=12.43 prefix_ms=0.0 suffix_ms=5805.1 first_token_ms=32565.1 generation_ms=204626.7 generated=64 generation_tps=0.313
AGENT index=107 mig=31ffbfe4 exit=0 wall_ms=341704 text=087278665f3dec68 role=child prefix_tokens=14282 suffix_tokens=23 model_ms=15427.6 context_ms=1402.1 state_ms=42.50 prefix_ms=0.0 suffix_ms=2950.6 first_token_ms=25368.8 generation_ms=315921.7 generated=64 generation_tps=0.203
AGENT index=108 mig=fafc828a exit=0 wall_ms=233273 text=2c93819fe85df763 role=child prefix_tokens=14282 suffix_tokens=22 model_ms=18890.5 context_ms=586.6 state_ms=37.37 prefix_ms=0.0 suffix_ms=2481.0 first_token_ms=26937.5 generation_ms=205880.5 generated=64 generation_tps=0.311
AGENT index=109 mig=31ffbfe4 exit=0 wall_ms=348749 text=c2157cfb976018b5 role=child prefix_tokens=14282 suffix_tokens=32 model_ms=19195.7 context_ms=417.7 state_ms=19.46 prefix_ms=0.0 suffix_ms=7736.7 first_token_ms=32188.0 generation_ms=316076.3 generated=64 generation_tps=0.202
AGENT index=110 mig=fafc828a exit=0 wall_ms=237538 text=3f33f20708943e2f role=child prefix_tokens=14282 suffix_tokens=22 model_ms=20609.7 context_ms=351.8 state_ms=14.46 prefix_ms=0.0 suffix_ms=5970.9 first_token_ms=32729.8 generation_ms=203535.8 generated=64 generation_tps=0.314
AGENT index=111 mig=31ffbfe4 exit=0 wall_ms=347372 text=0d9668c2f9cbc9fc role=child prefix_tokens=14282 suffix_tokens=27 model_ms=19554.1 context_ms=455.1 state_ms=54.79 prefix_ms=0.0 suffix_ms=8594.7 first_token_ms=33436.0 generation_ms=313478.7 generated=64 generation_tps=0.204
AGENT index=112 mig=fafc828a exit=0 wall_ms=239378 text=787d0f2cb9f0f5f6 role=child prefix_tokens=14282 suffix_tokens=26 model_ms=20828.3 context_ms=127.7 state_ms=6.12 prefix_ms=0.0 suffix_ms=6575.5 first_token_ms=33295.0 generation_ms=204068.4 generated=64 generation_tps=0.314
AGENT index=113 mig=31ffbfe4 exit=0 wall_ms=344710 text=6bd685fbc4b441ec role=child prefix_tokens=14282 suffix_tokens=23 model_ms=16769.3 context_ms=431.4 state_ms=70.04 prefix_ms=0.0 suffix_ms=4754.3 first_token_ms=27769.3 generation_ms=316465.4 generated=64 generation_tps=0.202
AGENT index=114 mig=fafc828a exit=0 wall_ms=237437 text=2f3bcae6671ff31f role=child prefix_tokens=14282 suffix_tokens=22 model_ms=20025.6 context_ms=243.3 state_ms=47.04 prefix_ms=0.0 suffix_ms=5680.2 first_token_ms=31499.9 generation_ms=204660.6 generated=64 generation_tps=0.313
AGENT index=115 mig=31ffbfe4 exit=0 wall_ms=350438 text=4c7501e634d9bf23 role=child prefix_tokens=14282 suffix_tokens=19 model_ms=20234.3 context_ms=499.8 state_ms=6.39 prefix_ms=0.0 suffix_ms=9500.0 first_token_ms=36047.7 generation_ms=313643.6 generated=64 generation_tps=0.204
AGENT index=116 mig=fafc828a exit=0 wall_ms=237933 text=59ab8a91f9570afc role=child prefix_tokens=14282 suffix_tokens=22 model_ms=20980.0 context_ms=268.4 state_ms=6.64 prefix_ms=0.0 suffix_ms=5962.8 first_token_ms=32724.4 generation_ms=203939.5 generated=64 generation_tps=0.314
AGENT index=117 mig=31ffbfe4 exit=0 wall_ms=349632 text=397d44936e8841e9 role=child prefix_tokens=14282 suffix_tokens=27 model_ms=21117.9 context_ms=212.2 state_ms=7.44 prefix_ms=0.0 suffix_ms=9821.9 first_token_ms=36574.7 generation_ms=312362.7 generated=64 generation_tps=0.205
AGENT index=118 mig=fafc828a exit=0 wall_ms=233846 text=df0985d3d0c73de0 role=child prefix_tokens=14282 suffix_tokens=28 model_ms=19155.6 context_ms=418.8 state_ms=43.00 prefix_ms=0.0 suffix_ms=2723.0 first_token_ms=27144.9 generation_ms=206194.6 generated=64 generation_tps=0.310
AGENT index=119 mig=31ffbfe4 exit=0 wall_ms=342957 text=a94c9c83167a5f8c role=child prefix_tokens=14282 suffix_tokens=18 model_ms=16326.4 context_ms=800.7 state_ms=63.29 prefix_ms=0.0 suffix_ms=3481.0 first_token_ms=26264.9 generation_ms=316283.2 generated=64 generation_tps=0.202
AGENT index=120 mig=fafc828a exit=0 wall_ms=238208 text=9834d2c93010cb40 role=child prefix_tokens=14282 suffix_tokens=23 model_ms=20349.0 context_ms=305.4 state_ms=6.59 prefix_ms=0.0 suffix_ms=5737.2 first_token_ms=32131.5 generation_ms=205050.5 generated=64 generation_tps=0.312
AGENT index=121 mig=31ffbfe4 exit=0 wall_ms=350083 text=7a6a0515e5f4b2e4 role=child prefix_tokens=14282 suffix_tokens=24 model_ms=20565.9 context_ms=434.4 state_ms=6.39 prefix_ms=0.0 suffix_ms=9467.2 first_token_ms=36012.3 generation_ms=313377.2 generated=64 generation_tps=0.204
AGENT index=122 mig=fafc828a exit=0 wall_ms=238933 text=158a991a74f5c09c role=child prefix_tokens=14282 suffix_tokens=20 model_ms=20977.3 context_ms=216.7 state_ms=6.35 prefix_ms=0.0 suffix_ms=5710.0 first_token_ms=32215.6 generation_ms=204617.3 generated=64 generation_tps=0.313
AGENT index=123 mig=31ffbfe4 exit=0 wall_ms=350485 text=e38ea5b855370f1e role=child prefix_tokens=14282 suffix_tokens=22 model_ms=19841.2 context_ms=503.6 state_ms=26.91 prefix_ms=0.0 suffix_ms=9467.6 first_token_ms=35641.3 generation_ms=314034.0 generated=64 generation_tps=0.204
AGENT index=124 mig=fafc828a exit=0 wall_ms=238677 text=5442500eccbad2cf role=child prefix_tokens=14282 suffix_tokens=21 model_ms=20949.8 context_ms=255.1 state_ms=8.21 prefix_ms=0.0 suffix_ms=5963.3 first_token_ms=32714.2 generation_ms=204239.6 generated=64 generation_tps=0.313
AGENT index=125 mig=31ffbfe4 exit=0 wall_ms=350513 text=77ec1b209de8c3c4 role=child prefix_tokens=14282 suffix_tokens=23 model_ms=20381.7 context_ms=268.3 state_ms=12.72 prefix_ms=0.0 suffix_ms=9540.1 first_token_ms=36013.9 generation_ms=313621.0 generated=64 generation_tps=0.204
AGENT index=126 mig=fafc828a exit=0 wall_ms=238476 text=09fd41491d0c178b role=child prefix_tokens=14282 suffix_tokens=21 model_ms=21091.3 context_ms=231.2 state_ms=7.06 prefix_ms=0.0 suffix_ms=5985.4 first_token_ms=32695.5 generation_ms=203978.5 generated=64 generation_tps=0.314
AGENT index=127 mig=31ffbfe4 exit=0 wall_ms=348806 text=c5fb19c141f1ba26 role=child prefix_tokens=14282 suffix_tokens=23 model_ms=21559.6 context_ms=276.4 state_ms=9.23 prefix_ms=0.0 suffix_ms=9536.1 first_token_ms=36275.9 generation_ms=311968.7 generated=64 generation_tps=0.205
AGENT index=128 mig=fafc828a exit=0 wall_ms=237978 text=5b3e8496b267e28f role=child prefix_tokens=14282 suffix_tokens=29 model_ms=18526.1 context_ms=594.5 state_ms=35.40 prefix_ms=0.0 suffix_ms=4629.7 first_token_ms=29479.7 generation_ms=206832.1 generated=64 generation_tps=0.309
AGENT index=129 mig=31ffbfe4 exit=0 wall_ms=348854 text=a38762ffbed809b4 role=child prefix_tokens=14282 suffix_tokens=24 model_ms=20438.2 context_ms=394.3 state_ms=6.43 prefix_ms=0.0 suffix_ms=9482.6 first_token_ms=36054.9 generation_ms=312289.4 generated=64 generation_tps=0.205
AGENT index=130 mig=fafc828a exit=0 wall_ms=239375 text=c95b0c65393fcdb1 role=child prefix_tokens=14282 suffix_tokens=26 model_ms=20526.1 context_ms=431.0 state_ms=6.48 prefix_ms=0.0 suffix_ms=6549.3 first_token_ms=33239.9 generation_ms=204065.7 generated=64 generation_tps=0.314
AGENT index=131 mig=31ffbfe4 exit=0 wall_ms=347170 text=258342dafcba2265 role=child prefix_tokens=14282 suffix_tokens=34 model_ms=21362.6 context_ms=425.7 state_ms=23.13 prefix_ms=0.0 suffix_ms=11903.3 first_token_ms=38151.0 generation_ms=308564.3 generated=64 generation_tps=0.207
AGENT index=132 mig=fafc828a exit=0 wall_ms=197274 text=2852504019aca3b6 role=child prefix_tokens=14282 suffix_tokens=25 model_ms=9958.4 context_ms=1981.1 state_ms=14.50 prefix_ms=0.0 suffix_ms=2187.7 first_token_ms=19050.0 generation_ms=177755.3 generated=64 generation_tps=0.360
AGENT index=133 mig=31ffbfe4 exit=0 wall_ms=349462 text=6cd60c5868229e5c role=child prefix_tokens=14282 suffix_tokens=28 model_ms=18760.5 context_ms=531.0 state_ms=54.53 prefix_ms=0.0 suffix_ms=8466.4 first_token_ms=32918.9 generation_ms=315796.5 generated=64 generation_tps=0.203
AGENT index=134 mig=fafc828a exit=0 wall_ms=239104 text=d3b535510b29322a role=child prefix_tokens=14282 suffix_tokens=23 model_ms=20987.1 context_ms=35.7 state_ms=6.16 prefix_ms=0.0 suffix_ms=6043.4 first_token_ms=32811.9 generation_ms=204476.5 generated=64 generation_tps=0.313
AGENT index=135 mig=31ffbfe4 exit=0 wall_ms=350451 text=f9c832b7cad1a509 role=child prefix_tokens=14282 suffix_tokens=33 model_ms=20721.7 context_ms=267.8 state_ms=7.41 prefix_ms=0.0 suffix_ms=11821.6 first_token_ms=38516.9 generation_ms=311132.8 generated=64 generation_tps=0.206
MEMORY mem_available_drop_mib=95907 mem_available_before_mib=119158 mem_free_before_mib=45776 pss_anon_mib=32690 pss_file_mib=7364 pss_shmem_mib=8699 device_mib=52632 samples=17
END_CASE failed_agents=0 wall_ms=351757
END_KVSTACK
BEGIN_KVSTACK run=2 context=16384 publisher_mig=31ffbfe4 mem_free_mib=48451 kernel_reclaimable_mib=67435
PUBLISH store=stock prefix_tokens=14282 prefix_ms=24860.9 publish_ms=505.43 state_bytes=819216229
PUBLISH store=device prefix_tokens=14282 prefix_ms=25092.8 publish_ms=502.56 state_bytes=819216229
PUBLISH store=huge prefix_tokens=14282 prefix_ms=25146.3 publish_ms=8.00 state_bytes=229221 file_used_kib=802816
CASE mode=both agents=136
AGENT index=0 mig=31ffbfe4 exit=0 wall_ms=347218 text=4605b6e04b2228eb role=child prefix_tokens=14282 suffix_tokens=27 model_ms=20380.2 context_ms=521.6 state_ms=34.80 prefix_ms=0.0 suffix_ms=9212.4 first_token_ms=35035.0 generation_ms=311746.3 generated=64 generation_tps=0.205
AGENT index=1 mig=fafc828a exit=0 wall_ms=160714 text=a5af93194a2d1ced role=child prefix_tokens=14282 suffix_tokens=22 model_ms=8623.8 context_ms=3561.9 state_ms=5.74 prefix_ms=0.0 suffix_ms=1861.8 first_token_ms=18241.5 generation_ms=141995.8 generated=64 generation_tps=0.451
AGENT index=2 mig=31ffbfe4 exit=0 wall_ms=350780 text=37e5f08e6279aa62 role=child prefix_tokens=14282 suffix_tokens=24 model_ms=21237.1 context_ms=407.0 state_ms=9.39 prefix_ms=0.0 suffix_ms=9100.1 first_token_ms=36157.4 generation_ms=313363.3 generated=64 generation_tps=0.204
AGENT index=3 mig=fafc828a exit=0 wall_ms=238449 text=5e1ac569aa8b0faf role=child prefix_tokens=14282 suffix_tokens=32 model_ms=21546.8 context_ms=306.7 state_ms=7.01 prefix_ms=0.0 suffix_ms=6461.5 first_token_ms=33350.1 generation_ms=203228.5 generated=64 generation_tps=0.315
AGENT index=4 mig=31ffbfe4 exit=0 wall_ms=345088 text=6e3d8f07cfceb082 role=child prefix_tokens=14282 suffix_tokens=23 model_ms=21198.5 context_ms=808.6 state_ms=7.47 prefix_ms=0.0 suffix_ms=9037.5 first_token_ms=35985.1 generation_ms=308662.1 generated=64 generation_tps=0.207
AGENT index=5 mig=fafc828a exit=0 wall_ms=238333 text=47179dd0dcd49eb0 role=child prefix_tokens=14282 suffix_tokens=26 model_ms=20546.9 context_ms=771.5 state_ms=46.41 prefix_ms=0.0 suffix_ms=6274.6 first_token_ms=32577.9 generation_ms=203927.6 generated=64 generation_tps=0.314
AGENT index=6 mig=31ffbfe4 exit=0 wall_ms=346930 text=f88f503d1005fa22 role=child prefix_tokens=14282 suffix_tokens=21 model_ms=19134.5 context_ms=603.4 state_ms=659.71 prefix_ms=0.0 suffix_ms=6272.6 first_token_ms=31550.1 generation_ms=314978.3 generated=64 generation_tps=0.203
AGENT index=7 mig=fafc828a exit=0 wall_ms=234286 text=f9c832b7cad1a509 role=child prefix_tokens=14282 suffix_tokens=31 model_ms=21441.9 context_ms=628.7 state_ms=6.50 prefix_ms=0.0 suffix_ms=6333.7 first_token_ms=33296.6 generation_ms=200511.1 generated=64 generation_tps=0.319
AGENT index=8 mig=31ffbfe4 exit=0 wall_ms=349074 text=a3c806a5411bc6e6 role=child prefix_tokens=14282 suffix_tokens=18 model_ms=20893.0 context_ms=832.3 state_ms=21.20 prefix_ms=0.0 suffix_ms=8965.9 first_token_ms=35758.0 generation_ms=312729.0 generated=64 generation_tps=0.205
AGENT index=9 mig=fafc828a exit=0 wall_ms=237939 text=a2d016def74ecc62 role=child prefix_tokens=14282 suffix_tokens=18 model_ms=20006.1 context_ms=588.3 state_ms=27.86 prefix_ms=0.0 suffix_ms=5971.9 first_token_ms=31565.0 generation_ms=205269.7 generated=64 generation_tps=0.312
AGENT index=10 mig=31ffbfe4 exit=0 wall_ms=349352 text=a733f3a39259263c role=child prefix_tokens=14282 suffix_tokens=18 model_ms=20865.2 context_ms=279.0 state_ms=29.89 prefix_ms=0.0 suffix_ms=9274.2 first_token_ms=35390.0 generation_ms=313187.8 generated=64 generation_tps=0.204
AGENT index=11 mig=fafc828a exit=0 wall_ms=232941 text=ad0d6edf343e5e28 role=child prefix_tokens=14282 suffix_tokens=22 model_ms=18204.6 context_ms=1019.8 state_ms=36.33 prefix_ms=0.0 suffix_ms=2610.4 first_token_ms=27314.2 generation_ms=205077.8 generated=64 generation_tps=0.312
AGENT index=12 mig=31ffbfe4 exit=0 wall_ms=349615 text=2c93819fe85df763 role=child prefix_tokens=14282 suffix_tokens=21 model_ms=21428.3 context_ms=495.3 state_ms=11.16 prefix_ms=0.0 suffix_ms=9288.7 first_token_ms=36398.6 generation_ms=312441.8 generated=64 generation_tps=0.205
AGENT index=13 mig=fafc828a exit=0 wall_ms=238747 text=5d483815f91685a6 role=child prefix_tokens=14282 suffix_tokens=31 model_ms=21276.6 context_ms=572.0 state_ms=7.04 prefix_ms=0.0 suffix_ms=6620.5 first_token_ms=33801.9 generation_ms=203130.5 generated=64 generation_tps=0.315
AGENT index=14 mig=31ffbfe4 exit=0 wall_ms=348786 text=f8f770d151794139 role=child prefix_tokens=14282 suffix_tokens=21 model_ms=20405.5 context_ms=889.6 state_ms=7.14 prefix_ms=0.0 suffix_ms=8994.8 first_token_ms=35862.4 generation_ms=312376.3 generated=64 generation_tps=0.205
AGENT index=15 mig=fafc828a exit=0 wall_ms=236288 text=0d9668c2f9cbc9fc role=child prefix_tokens=14282 suffix_tokens=26 model_ms=21966.4 context_ms=377.3 state_ms=8.06 prefix_ms=0.0 suffix_ms=6616.6 first_token_ms=33838.9 generation_ms=201772.0 generated=64 generation_tps=0.317
AGENT index=16 mig=31ffbfe4 exit=0 wall_ms=350026 text=a6ffaf564cadb5d1 role=child prefix_tokens=14282 suffix_tokens=25 model_ms=21686.3 context_ms=317.7 state_ms=6.71 prefix_ms=0.0 suffix_ms=9265.4 first_token_ms=36181.6 generation_ms=312820.4 generated=64 generation_tps=0.205
AGENT index=17 mig=fafc828a exit=0 wall_ms=237405 text=6bd685fbc4b441ec role=child prefix_tokens=14282 suffix_tokens=22 model_ms=21684.7 context_ms=408.1 state_ms=8.18 prefix_ms=0.0 suffix_ms=6082.8 first_token_ms=33390.8 generation_ms=202915.2 generated=64 generation_tps=0.315
AGENT index=18 mig=31ffbfe4 exit=0 wall_ms=340710 text=ba15e410535ababc role=child prefix_tokens=14282 suffix_tokens=21 model_ms=16933.7 context_ms=1143.5 state_ms=55.24 prefix_ms=0.0 suffix_ms=3222.0 first_token_ms=26739.1 generation_ms=313530.2 generated=64 generation_tps=0.204
AGENT index=19 mig=fafc828a exit=0 wall_ms=170515 text=4c7501e634d9bf23 role=child prefix_tokens=14282 suffix_tokens=18 model_ms=11557.8 context_ms=1034.3 state_ms=15.05 prefix_ms=0.0 suffix_ms=1583.9 first_token_ms=19181.2 generation_ms=150861.0 generated=64 generation_tps=0.424
AGENT index=20 mig=31ffbfe4 exit=0 wall_ms=350807 text=b3893059e7e79532 role=child prefix_tokens=14282 suffix_tokens=21 model_ms=21560.0 context_ms=474.2 state_ms=6.26 prefix_ms=0.0 suffix_ms=9041.2 first_token_ms=36108.6 generation_ms=313452.7 generated=64 generation_tps=0.204
AGENT index=21 mig=fafc828a exit=0 wall_ms=236521 text=284eef78a2286715 role=child prefix_tokens=14282 suffix_tokens=26 model_ms=19765.6 context_ms=737.3 state_ms=31.12 prefix_ms=0.0 suffix_ms=6618.1 first_token_ms=32220.8 generation_ms=203653.4 generated=64 generation_tps=0.314
AGENT index=22 mig=31ffbfe4 exit=0 wall_ms=350861 text=ad3122b47bf9d41d role=child prefix_tokens=14282 suffix_tokens=27 model_ms=21111.6 context_ms=465.1 state_ms=6.70 prefix_ms=0.0 suffix_ms=9362.0 first_token_ms=36376.1 generation_ms=313132.8 generated=64 generation_tps=0.204
AGENT index=23 mig=fafc828a exit=0 wall_ms=234795 text=fd9dec9936f784ff role=child prefix_tokens=14282 suffix_tokens=17 model_ms=20320.3 context_ms=338.7 state_ms=26.31 prefix_ms=0.0 suffix_ms=3937.8 first_token_ms=29479.5 generation_ms=204731.5 generated=64 generation_tps=0.313
AGENT index=24 mig=31ffbfe4 exit=0 wall_ms=340374 text=9834d2c93010cb40 role=child prefix_tokens=14282 suffix_tokens=22 model_ms=18080.4 context_ms=591.5 state_ms=50.33 prefix_ms=0.0 suffix_ms=2273.2 first_token_ms=26032.3 generation_ms=313932.3 generated=64 generation_tps=0.204
AGENT index=25 mig=fafc828a exit=0 wall_ms=235456 text=d4e1fcaa961685d1 role=child prefix_tokens=14282 suffix_tokens=23 model_ms=21709.5 context_ms=528.4 state_ms=6.19 prefix_ms=0.0 suffix_ms=6032.3 first_token_ms=33119.5 generation_ms=201667.8 generated=64 generation_tps=0.317
AGENT index=26 mig=31ffbfe4 exit=0 wall_ms=350197 text=9e35020256b4a71c role=child prefix_tokens=14282 suffix_tokens=19 model_ms=19671.9 context_ms=504.9 state_ms=24.31 prefix_ms=0.0 suffix_ms=8917.3 first_token_ms=34791.4 generation_ms=314537.0 generated=64 generation_tps=0.203
AGENT index=27 mig=fafc828a exit=0 wall_ms=224454 text=178df8f18d21f57e role=child prefix_tokens=14282 suffix_tokens=21 model_ms=15299.6 context_ms=1316.4 state_ms=24.97 prefix_ms=0.0 suffix_ms=2151.8 first_token_ms=24482.7 generation_ms=199476.2 generated=64 generation_tps=0.321
AGENT index=28 mig=31ffbfe4 exit=0 wall_ms=346592 text=15c67d79a860da75 role=child prefix_tokens=14282 suffix_tokens=20 model_ms=21845.4 context_ms=473.9 state_ms=6.32 prefix_ms=0.0 suffix_ms=9292.6 first_token_ms=36381.6 generation_ms=309722.1 generated=64 generation_tps=0.207
AGENT index=29 mig=fafc828a exit=0 wall_ms=235779 text=a72f71cd80731afe role=child prefix_tokens=14282 suffix_tokens=22 model_ms=21407.1 context_ms=483.7 state_ms=8.97 prefix_ms=0.0 suffix_ms=6075.1 first_token_ms=33115.7 generation_ms=202057.5 generated=64 generation_tps=0.317
AGENT index=30 mig=31ffbfe4 exit=0 wall_ms=348918 text=317f6f38771a1e41 role=child prefix_tokens=14282 suffix_tokens=20 model_ms=20630.2 context_ms=638.3 state_ms=15.61 prefix_ms=0.0 suffix_ms=8961.9 first_token_ms=35555.8 generation_ms=312685.0 generated=64 generation_tps=0.205
AGENT index=31 mig=fafc828a exit=0 wall_ms=231003 text=d52293b0dc058085 role=child prefix_tokens=14282 suffix_tokens=22 model_ms=17765.0 context_ms=885.4 state_ms=53.08 prefix_ms=0.0 suffix_ms=3010.6 first_token_ms=26506.3 generation_ms=204027.1 generated=64 generation_tps=0.314
AGENT index=32 mig=31ffbfe4 exit=0 wall_ms=349624 text=a067a6895417f0e8 role=child prefix_tokens=14282 suffix_tokens=28 model_ms=22133.2 context_ms=165.6 state_ms=6.27 prefix_ms=0.0 suffix_ms=9505.5 first_token_ms=36722.0 generation_ms=312044.6 generated=64 generation_tps=0.205
AGENT index=33 mig=fafc828a exit=0 wall_ms=237513 text=5b450cf9627e77b9 role=child prefix_tokens=14282 suffix_tokens=23 model_ms=21658.6 context_ms=414.1 state_ms=7.52 prefix_ms=0.0 suffix_ms=6012.6 first_token_ms=33151.9 generation_ms=203179.2 generated=64 generation_tps=0.315
AGENT index=34 mig=31ffbfe4 exit=0 wall_ms=349376 text=5c09b6f1d055319b role=child prefix_tokens=14282 suffix_tokens=25 model_ms=20769.1 context_ms=742.2 state_ms=8.49 prefix_ms=0.0 suffix_ms=9222.0 first_token_ms=36015.0 generation_ms=312520.0 generated=64 generation_tps=0.205
AGENT index=35 mig=fafc828a exit=0 wall_ms=174797 text=077e38d3762a4e5d role=child prefix_tokens=14282 suffix_tokens=33 model_ms=11119.7 context_ms=876.3 state_ms=15.53 prefix_ms=0.0 suffix_ms=1846.6 first_token_ms=19079.5 generation_ms=155198.4 generated=64 generation_tps=0.412
AGENT index=36 mig=31ffbfe4 exit=0 wall_ms=349688 text=836ebfaf7d21007d role=child prefix_tokens=14282 suffix_tokens=24 model_ms=20269.2 context_ms=696.7 state_ms=6.39 prefix_ms=0.0 suffix_ms=9421.1 first_token_ms=35359.1 generation_ms=313492.1 generated=64 generation_tps=0.204
AGENT index=37 mig=fafc828a exit=0 wall_ms=235165 text=b5c1cde845350686 role=child prefix_tokens=14282 suffix_tokens=27 model_ms=21997.5 context_ms=97.6 state_ms=6.19 prefix_ms=0.0 suffix_ms=6455.4 first_token_ms=33655.0 generation_ms=200940.5 generated=64 generation_tps=0.319
AGENT index=38 mig=31ffbfe4 exit=0 wall_ms=341737 text=e57f2865bc99ed0e role=child prefix_tokens=14282 suffix_tokens=22 model_ms=18273.5 context_ms=549.2 state_ms=49.87 prefix_ms=0.0 suffix_ms=2725.8 first_token_ms=26429.9 generation_ms=314866.6 generated=64 generation_tps=0.203
AGENT index=39 mig=fafc828a exit=0 wall_ms=238557 text=f9c832b7cad1a509 role=child prefix_tokens=14282 suffix_tokens=32 model_ms=21036.1 context_ms=462.6 state_ms=6.14 prefix_ms=0.0 suffix_ms=6616.7 first_token_ms=33716.7 generation_ms=203194.5 generated=64 generation_tps=0.315
AGENT index=40 mig=31ffbfe4 exit=0 wall_ms=343680 text=1bedc9985ebffdf3 role=child prefix_tokens=14282 suffix_tokens=19 model_ms=17733.5 context_ms=1239.8 state_ms=73.25 prefix_ms=0.0 suffix_ms=3503.7 first_token_ms=27489.3 generation_ms=315733.2 generated=64 generation_tps=0.203
AGENT index=41 mig=fafc828a exit=0 wall_ms=227171 text=3be32d4f1f40e878 role=child prefix_tokens=14282 suffix_tokens=19 model_ms=17100.0 context_ms=1129.4 state_ms=38.32 prefix_ms=0.0 suffix_ms=1889.0 first_token_ms=25084.0 generation_ms=201605.6 generated=64 generation_tps=0.317
AGENT index=42 mig=31ffbfe4 exit=0 wall_ms=347137 text=519b2de5b706a49d role=child prefix_tokens=14282 suffix_tokens=18 model_ms=18555.2 context_ms=639.8 state_ms=62.35 prefix_ms=0.0 suffix_ms=6065.5 first_token_ms=30890.5 generation_ms=315810.9 generated=64 generation_tps=0.203
AGENT index=43 mig=fafc828a exit=0 wall_ms=238688 text=ad92edad967aef00 role=child prefix_tokens=14282 suffix_tokens=22 model_ms=20723.3 context_ms=365.5 state_ms=7.32 prefix_ms=0.0 suffix_ms=6095.6 first_token_ms=33144.2 generation_ms=203765.4 generated=64 generation_tps=0.314
AGENT index=44 mig=31ffbfe4 exit=0 wall_ms=348912 text=806eb5a225900d3a role=child prefix_tokens=14282 suffix_tokens=21 model_ms=21385.0 context_ms=421.7 state_ms=9.99 prefix_ms=0.0 suffix_ms=9340.2 first_token_ms=36268.6 generation_ms=312153.2 generated=64 generation_tps=0.205
AGENT index=45 mig=fafc828a exit=0 wall_ms=236884 text=9f441c92dda94d6e role=child prefix_tokens=14282 suffix_tokens=31 model_ms=21036.8 context_ms=574.9 state_ms=7.62 prefix_ms=0.0 suffix_ms=6578.0 first_token_ms=33648.8 generation_ms=202338.8 generated=64 generation_tps=0.316
AGENT index=46 mig=31ffbfe4 exit=0 wall_ms=349162 text=3f33f20708943e2f role=child prefix_tokens=14282 suffix_tokens=21 model_ms=21113.4 context_ms=263.7 state_ms=7.25 prefix_ms=0.0 suffix_ms=9270.4 first_token_ms=36266.5 generation_ms=312156.9 generated=64 generation_tps=0.205
AGENT index=47 mig=fafc828a exit=0 wall_ms=236225 text=0d9668c2f9cbc9fc role=child prefix_tokens=14282 suffix_tokens=26 model_ms=20929.9 context_ms=466.7 state_ms=6.38 prefix_ms=0.0 suffix_ms=6386.7 first_token_ms=33351.0 generation_ms=202182.5 generated=64 generation_tps=0.317
AGENT index=48 mig=31ffbfe4 exit=0 wall_ms=332814 text=27f58a7742c668f5 role=child prefix_tokens=14282 suffix_tokens=25 model_ms=16611.5 context_ms=1152.7 state_ms=52.91 prefix_ms=0.0 suffix_ms=1717.2 first_token_ms=24271.4 generation_ms=308120.9 generated=64 generation_tps=0.208
AGENT index=49 mig=fafc828a exit=0 wall_ms=236478 text=6bd685fbc4b441ec role=child prefix_tokens=14282 suffix_tokens=22 model_ms=21864.8 context_ms=420.2 state_ms=6.43 prefix_ms=0.0 suffix_ms=6063.5 first_token_ms=33166.3 generation_ms=202540.8 generated=64 generation_tps=0.316
AGENT index=50 mig=31ffbfe4 exit=0 wall_ms=328072 text=802dc3b79f95f0ef role=child prefix_tokens=14282 suffix_tokens=21 model_ms=16172.2 context_ms=1283.6 state_ms=31.53 prefix_ms=0.0 suffix_ms=1457.1 first_token_ms=23885.1 generation_ms=303783.1 generated=64 generation_tps=0.211
AGENT index=51 mig=fafc828a exit=0 wall_ms=237549 text=88ab36014083e9b4 role=child prefix_tokens=14282 suffix_tokens=18 model_ms=21481.8 context_ms=418.5 state_ms=6.16 prefix_ms=0.0 suffix_ms=5836.1 first_token_ms=32740.6 generation_ms=203418.7 generated=64 generation_tps=0.315
AGENT index=52 mig=31ffbfe4 exit=0 wall_ms=348726 text=56ae1f5c8f39885b role=child prefix_tokens=14282 suffix_tokens=21 model_ms=21297.6 context_ms=398.0 state_ms=12.93 prefix_ms=0.0 suffix_ms=9338.8 first_token_ms=36233.1 generation_ms=311938.6 generated=64 generation_tps=0.205
AGENT index=53 mig=fafc828a exit=0 wall_ms=237136 text=11e4c2a85150fa06 role=child prefix_tokens=14282 suffix_tokens=26 model_ms=21535.5 context_ms=348.4 state_ms=6.64 prefix_ms=0.0 suffix_ms=6561.4 first_token_ms=33617.3 generation_ms=202318.7 generated=64 generation_tps=0.316
AGENT index=54 mig=31ffbfe4 exit=0 wall_ms=349990 text=3b6f5b9c968721eb role=child prefix_tokens=14282 suffix_tokens=27 model_ms=21178.9 context_ms=309.4 state_ms=6.53 prefix_ms=0.0 suffix_ms=9420.7 first_token_ms=36554.8 generation_ms=312279.1 generated=64 generation_tps=0.205
AGENT index=55 mig=fafc828a exit=0 wall_ms=233473 text=7e4fad52bd577abf role=child prefix_tokens=14282 suffix_tokens=17 model_ms=17807.3 context_ms=906.9 state_ms=49.91 prefix_ms=0.0 suffix_ms=2874.3 first_token_ms=27395.8 generation_ms=205545.0 generated=64 generation_tps=0.311
AGENT index=56 mig=31ffbfe4 exit=0 wall_ms=349781 text=9834d2c93010cb40 role=child prefix_tokens=14282 suffix_tokens=22 model_ms=20536.6 context_ms=696.5 state_ms=14.46 prefix_ms=0.0 suffix_ms=9257.8 first_token_ms=36059.0 generation_ms=312981.2 generated=64 generation_tps=0.204
AGENT index=57 mig=fafc828a exit=0 wall_ms=233323 text=50630b6612aba7b8 role=child prefix_tokens=14282 suffix_tokens=23 model_ms=20600.6 context_ms=1052.5 state_ms=20.94 prefix_ms=0.0 suffix_ms=5792.4 first_token_ms=32324.5 generation_ms=200553.2 generated=64 generation_tps=0.319
AGENT index=58 mig=31ffbfe4 exit=0 wall_ms=348653 text=9ca71337e20d8558 role=child prefix_tokens=14282 suffix_tokens=19 model_ms=20938.7 context_ms=609.0 state_ms=6.65 prefix_ms=0.0 suffix_ms=8903.1 first_token_ms=35690.1 generation_ms=312448.9 generated=64 generation_tps=0.205
AGENT index=59 mig=fafc828a exit=0 wall_ms=237987 text=a0d59f42adbdb7a7 role=child prefix_tokens=14282 suffix_tokens=21 model_ms=20141.3 context_ms=882.0 state_ms=10.91 prefix_ms=0.0 suffix_ms=5800.2 first_token_ms=32630.1 generation_ms=204016.2 generated=64 generation_tps=0.314
AGENT index=60 mig=31ffbfe4 exit=0 wall_ms=350646 text=b1fe3c81bfb2916f role=child prefix_tokens=14282 suffix_tokens=20 model_ms=20706.1 context_ms=928.5 state_ms=12.51 prefix_ms=0.0 suffix_ms=8988.7 first_token_ms=35638.3 generation_ms=313737.0 generated=64 generation_tps=0.204
AGENT index=61 mig=fafc828a exit=0 wall_ms=238430 text=5b7f00ee41a4f8ef role=child prefix_tokens=14282 suffix_tokens=22 model_ms=20938.8 context_ms=628.3 state_ms=8.36 prefix_ms=0.0 suffix_ms=5971.2 first_token_ms=32955.2 generation_ms=203795.6 generated=64 generation_tps=0.314
AGENT index=62 mig=31ffbfe4 exit=0 wall_ms=349995 text=c17cb2a0a71c6a47 role=child prefix_tokens=14282 suffix_tokens=20 model_ms=21447.3 context_ms=390.6 state_ms=6.56 prefix_ms=0.0 suffix_ms=9347.8 first_token_ms=36441.2 generation_ms=312865.2 generated=64 generation_tps=0.205
AGENT index=63 mig=fafc828a exit=0 wall_ms=233843 text=3b010582add6c19e role=child prefix_tokens=14282 suffix_tokens=22 model_ms=18852.9 context_ms=703.6 state_ms=38.26 prefix_ms=0.0 suffix_ms=2565.4 first_token_ms=27451.9 generation_ms=205782.5 generated=64 generation_tps=0.311
AGENT index=64 mig=31ffbfe4 exit=0 wall_ms=346358 text=3f50371ecb0032a2 role=child prefix_tokens=14282 suffix_tokens=28 model_ms=19652.2 context_ms=432.2 state_ms=38.30 prefix_ms=0.0 suffix_ms=8128.0 first_token_ms=33421.3 generation_ms=312432.9 generated=64 generation_tps=0.205
AGENT index=65 mig=fafc828a exit=0 wall_ms=237049 text=88835aea19336bf3 role=child prefix_tokens=14282 suffix_tokens=23 model_ms=21303.5 context_ms=283.6 state_ms=18.35 prefix_ms=0.0 suffix_ms=5950.4 first_token_ms=32802.3 generation_ms=203173.8 generated=64 generation_tps=0.315
AGENT index=66 mig=31ffbfe4 exit=0 wall_ms=347341 text=56cc6fc91016e6d9 role=child prefix_tokens=14282 suffix_tokens=25 model_ms=20332.8 context_ms=652.2 state_ms=54.48 prefix_ms=0.0 suffix_ms=9418.3 first_token_ms=35542.7 generation_ms=311355.2 generated=64 generation_tps=0.206
AGENT index=67 mig=fafc828a exit=0 wall_ms=237337 text=28222a18d507172c role=child prefix_tokens=14282 suffix_tokens=33 model_ms=20632.9 context_ms=546.9 state_ms=6.73 prefix_ms=0.0 suffix_ms=6735.8 first_token_ms=33370.6 generation_ms=202642.9 generated=64 generation_tps=0.316
AGENT index=68 mig=31ffbfe4 exit=0 wall_ms=350674 text=836ebfaf7d21007d role=child prefix_tokens=14282 suffix_tokens=24 model_ms=21533.3 context_ms=492.6 state_ms=6.34 prefix_ms=0.0 suffix_ms=9310.2 first_token_ms=36340.3 generation_ms=313178.3 generated=64 generation_tps=0.204
AGENT index=69 mig=fafc828a exit=0 wall_ms=235820 text=4e58d1434e38d87b role=child prefix_tokens=14282 suffix_tokens=27 model_ms=20799.1 context_ms=424.2 state_ms=7.56 prefix_ms=0.0 suffix_ms=6586.5 first_token_ms=33542.8 generation_ms=201680.4 generated=64 generation_tps=0.317
AGENT index=70 mig=31ffbfe4 exit=0 wall_ms=343314 text=2bc8a87702ffa5ba role=child prefix_tokens=14282 suffix_tokens=22 model_ms=18621.7 context_ms=662.7 state_ms=55.85 prefix_ms=0.0 suffix_ms=2750.6 first_token_ms=26943.6 generation_ms=315939.3 generated=64 generation_tps=0.203
AGENT index=71 mig=fafc828a exit=0 wall_ms=237219 text=f9c832b7cad1a509 role=child prefix_tokens=14282 suffix_tokens=32 model_ms=21045.3 context_ms=247.2 state_ms=8.78 prefix_ms=0.0 suffix_ms=6616.5 first_token_ms=33574.2 generation_ms=202632.5 generated=64 generation_tps=0.316
AGENT index=72 mig=31ffbfe4 exit=0 wall_ms=343383 text=4e007a54c417b8e2 role=child prefix_tokens=14282 suffix_tokens=19 model_ms=18286.6 context_ms=991.5 state_ms=57.01 prefix_ms=0.0 suffix_ms=2804.1 first_token_ms=26847.4 generation_ms=316049.7 generated=64 generation_tps=0.202
AGENT index=73 mig=fafc828a exit=0 wall_ms=223371 text=f69b628d0f4868ff role=child prefix_tokens=14282 suffix_tokens=19 model_ms=16684.3 context_ms=1142.7 state_ms=48.27 prefix_ms=0.0 suffix_ms=1533.7 first_token_ms=24300.5 generation_ms=198597.7 generated=64 generation_tps=0.322
AGENT index=74 mig=31ffbfe4 exit=0 wall_ms=348265 text=ab6f927a6830d128 role=child prefix_tokens=14282 suffix_tokens=18 model_ms=21111.0 context_ms=664.9 state_ms=6.39 prefix_ms=0.0 suffix_ms=9145.7 first_token_ms=35951.7 generation_ms=311865.8 generated=64 generation_tps=0.205
AGENT index=75 mig=fafc828a exit=0 wall_ms=237087 text=3f79542af35d277d role=child prefix_tokens=14282 suffix_tokens=22 model_ms=20932.6 context_ms=566.0 state_ms=9.52 prefix_ms=0.0 suffix_ms=5926.3 first_token_ms=32890.6 generation_ms=203288.0 generated=64 generation_tps=0.315
AGENT index=76 mig=31ffbfe4 exit=0 wall_ms=318981 text=2c93819fe85df763 role=child prefix_tokens=14282 suffix_tokens=21 model_ms=15179.5 context_ms=1114.2 state_ms=20.64 prefix_ms=0.0 suffix_ms=1451.8 first_token_ms=23348.1 generation_ms=295194.2 generated=64 generation_tps=0.217
AGENT index=77 mig=fafc828a exit=0 wall_ms=238453 text=5d483815f91685a6 role=child prefix_tokens=14282 suffix_tokens=31 model_ms=20542.2 context_ms=736.0 state_ms=10.63 prefix_ms=0.0 suffix_ms=6415.4 first_token_ms=33006.3 generation_ms=203455.9 generated=64 generation_tps=0.315
AGENT index=78 mig=31ffbfe4 exit=0 wall_ms=344095 text=3f33f20708943e2f role=child prefix_tokens=14282 suffix_tokens=21 model_ms=17605.9 context_ms=1103.8 state_ms=39.73 prefix_ms=0.0 suffix_ms=3214.8 first_token_ms=27254.9 generation_ms=316385.8 generated=64 generation_tps=0.202
AGENT index=79 mig=fafc828a exit=0 wall_ms=234069 text=0d9668c2f9cbc9fc role=child prefix_tokens=14282 suffix_tokens=26 model_ms=19509.9 context_ms=789.8 state_ms=43.35 prefix_ms=0.0 suffix_ms=6595.7 first_token_ms=31469.2 generation_ms=202071.1 generated=64 generation_tps=0.317
AGENT index=80 mig=31ffbfe4 exit=0 wall_ms=349127 text=86d4ee1044251a25 role=child prefix_tokens=14282 suffix_tokens=25 model_ms=20764.6 context_ms=793.8 state_ms=20.31 prefix_ms=0.0 suffix_ms=9195.6 first_token_ms=35735.2 generation_ms=312625.8 generated=64 generation_tps=0.205
AGENT index=81 mig=fafc828a exit=0 wall_ms=231726 text=facc2c2ea4689e1e role=child prefix_tokens=14282 suffix_tokens=22 model_ms=18590.7 context_ms=627.6 state_ms=63.32 prefix_ms=0.0 suffix_ms=2969.7 first_token_ms=27397.4 generation_ms=203830.5 generated=64 generation_tps=0.314
AGENT index=82 mig=31ffbfe4 exit=0 wall_ms=350588 text=ce66287a7832a2bb role=child prefix_tokens=14282 suffix_tokens=21 model_ms=21005.4 context_ms=358.9 state_ms=10.12 prefix_ms=0.0 suffix_ms=9267.2 first_token_ms=36280.4 generation_ms=313170.8 generated=64 generation_tps=0.204
AGENT index=83 mig=fafc828a exit=0 wall_ms=236469 text=cdf6d4762f0ad9c6 role=child prefix_tokens=14282 suffix_tokens=18 model_ms=20589.1 context_ms=804.3 state_ms=8.27 prefix_ms=0.0 suffix_ms=5858.5 first_token_ms=32714.4 generation_ms=202873.9 generated=64 generation_tps=0.315
AGENT index=84 mig=31ffbfe4 exit=0 wall_ms=350013 text=1af3357d195a5902 role=child prefix_tokens=14282 suffix_tokens=21 model_ms=21100.9 context_ms=655.3 state_ms=6.36 prefix_ms=0.0 suffix_ms=8943.8 first_token_ms=35647.8 generation_ms=313416.0 generated=64 generation_tps=0.204
AGENT index=85 mig=fafc828a exit=0 wall_ms=238652 text=957077b2ac48aee9 role=child prefix_tokens=14282 suffix_tokens=26 model_ms=21082.6 context_ms=293.9 state_ms=6.43 prefix_ms=0.0 suffix_ms=6580.8 first_token_ms=33554.3 generation_ms=203164.8 generated=64 generation_tps=0.315
AGENT index=86 mig=31ffbfe4 exit=0 wall_ms=346047 text=1b55181381f9c4bb role=child prefix_tokens=14282 suffix_tokens=27 model_ms=19424.8 context_ms=710.5 state_ms=46.86 prefix_ms=0.0 suffix_ms=5332.0 first_token_ms=30135.1 generation_ms=315481.4 generated=64 generation_tps=0.203
AGENT index=87 mig=fafc828a exit=0 wall_ms=236548 text=b8ac585c0a873612 role=child prefix_tokens=14282 suffix_tokens=17 model_ms=20107.2 context_ms=507.0 state_ms=13.94 prefix_ms=0.0 suffix_ms=5619.1 first_token_ms=31865.0 generation_ms=203724.7 generated=64 generation_tps=0.314
AGENT index=88 mig=31ffbfe4 exit=0 wall_ms=346122 text=9834d2c93010cb40 role=child prefix_tokens=14282 suffix_tokens=22 model_ms=17618.3 context_ms=919.3 state_ms=39.73 prefix_ms=0.0 suffix_ms=5007.3 first_token_ms=29037.4 generation_ms=316599.2 generated=64 generation_tps=0.202
AGENT index=89 mig=fafc828a exit=0 wall_ms=233746 text=4a108aa854664970 role=child prefix_tokens=14282 suffix_tokens=23 model_ms=18988.3 context_ms=872.6 state_ms=38.64 prefix_ms=0.0 suffix_ms=3596.6 first_token_ms=28509.6 generation_ms=204685.7 generated=64 generation_tps=0.313
AGENT index=90 mig=31ffbfe4 exit=0 wall_ms=330603 text=dbc7a5d875e3e7e1 role=child prefix_tokens=14282 suffix_tokens=19 model_ms=15993.9 context_ms=799.1 state_ms=75.11 prefix_ms=0.0 suffix_ms=1294.4 first_token_ms=23881.4 generation_ms=306284.6 generated=64 generation_tps=0.209
AGENT index=91 mig=fafc828a exit=0 wall_ms=237677 text=7b1e906b43903ada role=child prefix_tokens=14282 suffix_tokens=21 model_ms=20633.2 context_ms=539.8 state_ms=6.39 prefix_ms=0.0 suffix_ms=6076.8 first_token_ms=32953.9 generation_ms=203436.0 generated=64 generation_tps=0.315
AGENT index=92 mig=31ffbfe4 exit=0 wall_ms=349218 text=6270d284b62a8043 role=child prefix_tokens=14282 suffix_tokens=20 model_ms=21212.0 context_ms=480.7 state_ms=6.98 prefix_ms=0.0 suffix_ms=9110.8 first_token_ms=35893.2 generation_ms=312526.6 generated=64 generation_tps=0.205
AGENT index=93 mig=fafc828a exit=0 wall_ms=234583 text=ce087b8cf95f26a2 role=child prefix_tokens=14282 suffix_tokens=22 model_ms=18925.2 context_ms=866.7 state_ms=21.97 prefix_ms=0.0 suffix_ms=3203.9 first_token_ms=28043.2 generation_ms=206094.8 generated=64 generation_tps=0.311
AGENT index=94 mig=31ffbfe4 exit=0 wall_ms=350751 text=4878ce4ae644876a role=child prefix_tokens=14282 suffix_tokens=20 model_ms=21532.7 context_ms=473.1 state_ms=8.22 prefix_ms=0.0 suffix_ms=9247.0 first_token_ms=36047.3 generation_ms=313245.5 generated=64 generation_tps=0.204
AGENT index=95 mig=fafc828a exit=0 wall_ms=238423 text=93d0d9337eb50146 role=child prefix_tokens=14282 suffix_tokens=22 model_ms=20065.1 context_ms=797.4 state_ms=6.38 prefix_ms=0.0 suffix_ms=5648.2 first_token_ms=32300.8 generation_ms=204398.2 generated=64 generation_tps=0.313
AGENT index=96 mig=31ffbfe4 exit=0 wall_ms=350631 text=5b3e8496b267e28f role=child prefix_tokens=14282 suffix_tokens=28 model_ms=20501.6 context_ms=371.9 state_ms=11.24 prefix_ms=0.0 suffix_ms=9435.0 first_token_ms=36063.9 generation_ms=313376.5 generated=64 generation_tps=0.204
AGENT index=97 mig=fafc828a exit=0 wall_ms=235402 text=5b450cf9627e77b9 role=child prefix_tokens=14282 suffix_tokens=23 model_ms=20726.5 context_ms=465.4 state_ms=6.78 prefix_ms=0.0 suffix_ms=5934.8 first_token_ms=32652.3 generation_ms=202108.4 generated=64 generation_tps=0.317
AGENT index=98 mig=31ffbfe4 exit=0 wall_ms=36577 text=f1423a12d392ea73 role=child prefix_tokens=14282 suffix_tokens=25 model_ms=7949.0 context_ms=2989.3 state_ms=12.43 prefix_ms=0.0 suffix_ms=1337.3 first_token_ms=17477.7 generation_ms=5150.8 generated=64 generation_tps=12.425
AGENT index=99 mig=fafc828a exit=0 wall_ms=228310 text=65315b3a048c65d3 role=child prefix_tokens=14282 suffix_tokens=33 model_ms=16124.7 context_ms=900.6 state_ms=26.87 prefix_ms=0.0 suffix_ms=2573.3 first_token_ms=25301.5 generation_ms=202543.0 generated=64 generation_tps=0.316
AGENT index=100 mig=31ffbfe4 exit=0 wall_ms=350242 text=46bf93c2b1366bc6 role=child prefix_tokens=14282 suffix_tokens=25 model_ms=21186.0 context_ms=508.9 state_ms=6.96 prefix_ms=0.0 suffix_ms=9379.6 first_token_ms=36310.6 generation_ms=312865.5 generated=64 generation_tps=0.205
AGENT index=101 mig=fafc828a exit=0 wall_ms=234167 text=c62512a5d8b596ef role=child prefix_tokens=14282 suffix_tokens=28 model_ms=17793.8 context_ms=733.3 state_ms=49.37 prefix_ms=0.0 suffix_ms=3383.2 first_token_ms=27367.8 generation_ms=206250.5 generated=64 generation_tps=0.310
AGENT index=102 mig=31ffbfe4 exit=0 wall_ms=350366 text=1e3a87d5bf89af05 role=child prefix_tokens=14282 suffix_tokens=23 model_ms=20503.4 context_ms=364.9 state_ms=6.20 prefix_ms=0.0 suffix_ms=9063.3 first_token_ms=35842.9 generation_ms=313594.9 generated=64 generation_tps=0.204
AGENT index=103 mig=fafc828a exit=0 wall_ms=175263 text=f9c832b7cad1a509 role=child prefix_tokens=14282 suffix_tokens=33 model_ms=10222.2 context_ms=1226.1 state_ms=15.62 prefix_ms=0.0 suffix_ms=1807.2 first_token_ms=18816.8 generation_ms=155936.0 generated=64 generation_tps=0.410
AGENT index=104 mig=31ffbfe4 exit=0 wall_ms=348109 text=788265a3a7959ede role=child prefix_tokens=14282 suffix_tokens=20 model_ms=19305.0 context_ms=818.9 state_ms=46.36 prefix_ms=0.0 suffix_ms=7797.7 first_token_ms=33348.5 generation_ms=314313.2 generated=64 generation_tps=0.204
AGENT index=105 mig=fafc828a exit=0 wall_ms=238161 text=9bbcff728ca7192b role=child prefix_tokens=14282 suffix_tokens=20 model_ms=21007.4 context_ms=492.0 state_ms=6.62 prefix_ms=0.0 suffix_ms=5946.7 first_token_ms=32801.6 generation_ms=203578.9 generated=64 generation_tps=0.314
AGENT index=106 mig=31ffbfe4 exit=0 wall_ms=347992 text=f4dd5b98bdc77fee role=child prefix_tokens=14282 suffix_tokens=19 model_ms=18432.4 context_ms=586.9 state_ms=22.51 prefix_ms=0.0 suffix_ms=6770.4 first_token_ms=31570.5 generation_ms=315958.6 generated=64 generation_tps=0.203
AGENT index=107 mig=fafc828a exit=0 wall_ms=232236 text=b75a2e4512194a0a role=child prefix_tokens=14282 suffix_tokens=23 model_ms=17894.1 context_ms=1039.7 state_ms=50.49 prefix_ms=0.0 suffix_ms=2665.3 first_token_ms=26806.2 generation_ms=204888.2 generated=64 generation_tps=0.312
AGENT index=108 mig=31ffbfe4 exit=0 wall_ms=348787 text=2c93819fe85df763 role=child prefix_tokens=14282 suffix_tokens=22 model_ms=20382.2 context_ms=513.7 state_ms=26.25 prefix_ms=0.0 suffix_ms=8685.6 first_token_ms=34462.7 generation_ms=313778.5 generated=64 generation_tps=0.204
AGENT index=109 mig=fafc828a exit=0 wall_ms=225524 text=5d483815f91685a6 role=child prefix_tokens=14282 suffix_tokens=32 model_ms=15985.1 context_ms=750.3 state_ms=14.35 prefix_ms=0.0 suffix_ms=1948.3 first_token_ms=24435.6 generation_ms=200615.9 generated=64 generation_tps=0.319
AGENT index=110 mig=31ffbfe4 exit=0 wall_ms=340662 text=3f33f20708943e2f role=child prefix_tokens=14282 suffix_tokens=22 model_ms=16806.2 context_ms=846.9 state_ms=69.84 prefix_ms=0.0 suffix_ms=2896.7 first_token_ms=25900.4 generation_ms=314356.9 generated=64 generation_tps=0.204
AGENT index=111 mig=fafc828a exit=0 wall_ms=238170 text=0d9668c2f9cbc9fc role=child prefix_tokens=14282 suffix_tokens=27 model_ms=19037.7 context_ms=787.3 state_ms=26.55 prefix_ms=0.0 suffix_ms=6925.2 first_token_ms=32337.4 generation_ms=204027.4 generated=64 generation_tps=0.314
AGENT index=112 mig=31ffbfe4 exit=0 wall_ms=335542 text=787d0f2cb9f0f5f6 role=child prefix_tokens=14282 suffix_tokens=26 model_ms=15507.9 context_ms=1629.7 state_ms=42.34 prefix_ms=0.0 suffix_ms=2220.3 first_token_ms=24301.4 generation_ms=310807.0 generated=64 generation_tps=0.206
AGENT index=113 mig=fafc828a exit=0 wall_ms=237736 text=1d161aafe68538d2 role=child prefix_tokens=14282 suffix_tokens=23 model_ms=19188.2 context_ms=633.6 state_ms=51.30 prefix_ms=0.0 suffix_ms=5646.6 first_token_ms=30771.4 generation_ms=205493.5 generated=64 generation_tps=0.311
AGENT index=114 mig=31ffbfe4 exit=0 wall_ms=343261 text=2f3bcae6671ff31f role=child prefix_tokens=14282 suffix_tokens=22 model_ms=16764.6 context_ms=989.4 state_ms=112.46 prefix_ms=0.0 suffix_ms=3738.5 first_token_ms=27158.7 generation_ms=315613.3 generated=64 generation_tps=0.203
AGENT index=115 mig=fafc828a exit=0 wall_ms=238436 text=cdf6d4762f0ad9c6 role=child prefix_tokens=14282 suffix_tokens=19 model_ms=21099.9 context_ms=301.5 state_ms=6.79 prefix_ms=0.0 suffix_ms=5927.1 first_token_ms=32765.0 generation_ms=203777.6 generated=64 generation_tps=0.314
AGENT index=116 mig=31ffbfe4 exit=0 wall_ms=349028 text=5337acbd8fb941ee role=child prefix_tokens=14282 suffix_tokens=22 model_ms=20640.6 context_ms=981.8 state_ms=12.51 prefix_ms=0.0 suffix_ms=8857.4 first_token_ms=35058.1 generation_ms=313227.7 generated=64 generation_tps=0.204
AGENT index=117 mig=fafc828a exit=0 wall_ms=235190 text=a34112262f5fd48d role=child prefix_tokens=14282 suffix_tokens=27 model_ms=18125.4 context_ms=891.1 state_ms=25.77 prefix_ms=0.0 suffix_ms=3360.4 first_token_ms=28091.4 generation_ms=206512.1 generated=64 generation_tps=0.310
AGENT index=118 mig=31ffbfe4 exit=0 wall_ms=349926 text=ad3122b47bf9d41d role=child prefix_tokens=14282 suffix_tokens=28 model_ms=21022.5 context_ms=314.4 state_ms=16.40 prefix_ms=0.0 suffix_ms=9566.3 first_token_ms=36421.7 generation_ms=312314.6 generated=64 generation_tps=0.205
AGENT index=119 mig=fafc828a exit=0 wall_ms=238481 text=c096e05173cc4f43 role=child prefix_tokens=14282 suffix_tokens=18 model_ms=20944.2 context_ms=420.2 state_ms=9.24 prefix_ms=0.0 suffix_ms=5858.4 first_token_ms=32525.7 generation_ms=203888.4 generated=64 generation_tps=0.314
AGENT index=120 mig=31ffbfe4 exit=0 wall_ms=346075 text=9834d2c93010cb40 role=child prefix_tokens=14282 suffix_tokens=23 model_ms=17768.0 context_ms=907.9 state_ms=63.71 prefix_ms=0.0 suffix_ms=5234.8 first_token_ms=29509.3 generation_ms=316124.3 generated=64 generation_tps=0.202
AGENT index=121 mig=fafc828a exit=0 wall_ms=113882 text=1aa7a235737ffc91 role=child prefix_tokens=14282 suffix_tokens=24 model_ms=5209.2 context_ms=2754.4 state_ms=15.84 prefix_ms=0.0 suffix_ms=3667.9 first_token_ms=16961.7 generation_ms=96488.9 generated=64 generation_tps=0.663
AGENT index=122 mig=31ffbfe4 exit=0 wall_ms=350024 text=b5b604cb763700f9 role=child prefix_tokens=14282 suffix_tokens=20 model_ms=20179.0 context_ms=573.2 state_ms=6.57 prefix_ms=0.0 suffix_ms=8810.3 first_token_ms=35067.7 generation_ms=313953.9 generated=64 generation_tps=0.204
AGENT index=123 mig=fafc828a exit=0 wall_ms=235852 text=e38ea5b855370f1e role=child prefix_tokens=14282 suffix_tokens=22 model_ms=21249.1 context_ms=757.7 state_ms=8.20 prefix_ms=0.0 suffix_ms=5958.9 first_token_ms=32690.2 generation_ms=202642.2 generated=64 generation_tps=0.316
AGENT index=124 mig=31ffbfe4 exit=0 wall_ms=350100 text=61f860d06cef5fa0 role=child prefix_tokens=14282 suffix_tokens=21 model_ms=18952.0 context_ms=602.9 state_ms=70.56 prefix_ms=0.0 suffix_ms=9031.8 first_token_ms=34323.6 generation_ms=314818.7 generated=64 generation_tps=0.203
AGENT index=125 mig=fafc828a exit=0 wall_ms=235684 text=97190065bed772ed role=child prefix_tokens=14282 suffix_tokens=23 model_ms=19921.2 context_ms=655.2 state_ms=31.75 prefix_ms=0.0 suffix_ms=6102.2 first_token_ms=31849.4 generation_ms=203268.0 generated=64 generation_tps=0.315
AGENT index=126 mig=31ffbfe4 exit=0 wall_ms=349745 text=7596decc9ef604b8 role=child prefix_tokens=14282 suffix_tokens=21 model_ms=20579.2 context_ms=490.2 state_ms=11.62 prefix_ms=0.0 suffix_ms=9191.3 first_token_ms=35816.7 generation_ms=312894.0 generated=64 generation_tps=0.205
AGENT index=127 mig=fafc828a exit=0 wall_ms=233364 text=c5fb19c141f1ba26 role=child prefix_tokens=14282 suffix_tokens=23 model_ms=18440.0 context_ms=807.0 state_ms=39.20 prefix_ms=0.0 suffix_ms=2732.6 first_token_ms=27556.0 generation_ms=205329.7 generated=64 generation_tps=0.312
AGENT index=128 mig=31ffbfe4 exit=0 wall_ms=350552 text=a067a6895417f0e8 role=child prefix_tokens=14282 suffix_tokens=29 model_ms=20251.6 context_ms=653.5 state_ms=10.42 prefix_ms=0.0 suffix_ms=9277.1 first_token_ms=35530.9 generation_ms=313751.1 generated=64 generation_tps=0.204
AGENT index=129 mig=fafc828a exit=0 wall_ms=238020 text=e269a384d3eb41d6 role=child prefix_tokens=14282 suffix_tokens=24 model_ms=20672.2 context_ms=562.2 state_ms=6.33 prefix_ms=0.0 suffix_ms=5657.4 first_token_ms=32017.5 generation_ms=204120.3 generated=64 generation_tps=0.314
AGENT index=130 mig=31ffbfe4 exit=0 wall_ms=350343 text=15032619dc24c29f role=child prefix_tokens=14282 suffix_tokens=26 model_ms=20017.9 context_ms=207.7 state_ms=32.33 prefix_ms=0.0 suffix_ms=9111.4 first_token_ms=34795.5 generation_ms=314152.7 generated=64 generation_tps=0.204
AGENT index=131 mig=fafc828a exit=0 wall_ms=232064 text=077e38d3762a4e5d role=child prefix_tokens=14282 suffix_tokens=34 model_ms=18015.1 context_ms=562.9 state_ms=50.12 prefix_ms=0.0 suffix_ms=3026.5 first_token_ms=26781.4 generation_ms=204827.8 generated=64 generation_tps=0.312
AGENT index=132 mig=31ffbfe4 exit=0 wall_ms=350582 text=4c7b6a4b009d79e1 role=child prefix_tokens=14282 suffix_tokens=25 model_ms=20549.8 context_ms=416.4 state_ms=6.48 prefix_ms=0.0 suffix_ms=9427.7 first_token_ms=36033.2 generation_ms=313287.4 generated=64 generation_tps=0.204
AGENT index=133 mig=fafc828a exit=0 wall_ms=157236 text=de8de835a0ccf4c5 role=child prefix_tokens=14282 suffix_tokens=28 model_ms=6328.0 context_ms=3869.6 state_ms=11.73 prefix_ms=0.0 suffix_ms=2784.6 first_token_ms=17723.5 generation_ms=139090.0 generated=64 generation_tps=0.460
AGENT index=134 mig=31ffbfe4 exit=0 wall_ms=341903 text=74ff651a4aa431c6 role=child prefix_tokens=14282 suffix_tokens=23 model_ms=18469.8 context_ms=708.9 state_ms=74.16 prefix_ms=0.0 suffix_ms=2659.2 first_token_ms=26332.5 generation_ms=315150.3 generated=64 generation_tps=0.203
AGENT index=135 mig=fafc828a exit=0 wall_ms=235036 text=f9c832b7cad1a509 role=child prefix_tokens=14282 suffix_tokens=33 model_ms=18086.6 context_ms=595.3 state_ms=36.42 prefix_ms=0.0 suffix_ms=4790.2 first_token_ms=28847.3 generation_ms=205609.6 generated=64 generation_tps=0.311
MEMORY mem_available_drop_mib=94727 mem_available_before_mib=119142 mem_free_before_mib=45748 pss_anon_mib=28271 pss_file_mib=7174 pss_shmem_mib=8260 device_mib=52252 samples=5
END_CASE failed_agents=0 wall_ms=351900
END_KVSTACK
BEGIN_KVSTACK run=3 context=16384 publisher_mig=fafc828a mem_free_mib=48484 kernel_reclaimable_mib=67435
PUBLISH store=stock prefix_tokens=14282 prefix_ms=16881.6 publish_ms=503.48 state_bytes=819216229
PUBLISH store=device prefix_tokens=14282 prefix_ms=17005.3 publish_ms=498.46 state_bytes=819216229
PUBLISH store=huge prefix_tokens=14282 prefix_ms=17065.6 publish_ms=8.08 state_bytes=229221 file_used_kib=802816
CASE mode=both agents=136
AGENT index=0 mig=fafc828a exit=0 wall_ms=239094 text=bb92e4befc7eddec role=child prefix_tokens=14282 suffix_tokens=27 model_ms=20934.9 context_ms=390.0 state_ms=6.25 prefix_ms=0.0 suffix_ms=6424.5 first_token_ms=33487.1 generation_ms=203360.5 generated=64 generation_tps=0.315
AGENT index=1 mig=31ffbfe4 exit=0 wall_ms=345537 text=a8d47b5298abb2fc role=child prefix_tokens=14282 suffix_tokens=22 model_ms=18712.4 context_ms=1159.5 state_ms=58.39 prefix_ms=0.0 suffix_ms=7832.8 first_token_ms=32606.3 generation_ms=312446.5 generated=64 generation_tps=0.205
AGENT index=2 mig=fafc828a exit=0 wall_ms=188765 text=abfd4eb3fb8ebdd8 role=child prefix_tokens=14282 suffix_tokens=24 model_ms=10892.1 context_ms=2151.0 state_ms=15.11 prefix_ms=0.0 suffix_ms=2226.1 first_token_ms=18841.6 generation_ms=169323.4 generated=64 generation_tps=0.378
AGENT index=3 mig=31ffbfe4 exit=0 wall_ms=349800 text=077e38d3762a4e5d role=child prefix_tokens=14282 suffix_tokens=32 model_ms=21607.7 context_ms=455.7 state_ms=6.63 prefix_ms=0.0 suffix_ms=9661.8 first_token_ms=36686.3 generation_ms=312548.5 generated=64 generation_tps=0.205
AGENT index=4 mig=fafc828a exit=0 wall_ms=216227 text=16f8c0610a09645d role=child prefix_tokens=14282 suffix_tokens=23 model_ms=14306.3 context_ms=446.0 state_ms=99.48 prefix_ms=0.0 suffix_ms=2821.9 first_token_ms=22740.5 generation_ms=192980.9 generated=64 generation_tps=0.332
AGENT index=5 mig=31ffbfe4 exit=0 wall_ms=349110 text=ff4188d71e02bfdb role=child prefix_tokens=14282 suffix_tokens=26 model_ms=20164.5 context_ms=518.7 state_ms=40.61 prefix_ms=0.0 suffix_ms=9409.2 first_token_ms=35045.4 generation_ms=313583.5 generated=64 generation_tps=0.204
AGENT index=6 mig=fafc828a exit=0 wall_ms=238139 text=f88f503d1005fa22 role=child prefix_tokens=14282 suffix_tokens=21 model_ms=21217.4 context_ms=540.9 state_ms=15.89 prefix_ms=0.0 suffix_ms=5948.3 first_token_ms=33044.6 generation_ms=203667.0 generated=64 generation_tps=0.314
AGENT index=7 mig=31ffbfe4 exit=0 wall_ms=350972 text=f9c832b7cad1a509 role=child prefix_tokens=14282 suffix_tokens=31 model_ms=21290.0 context_ms=242.5 state_ms=5.70 prefix_ms=0.0 suffix_ms=9810.1 first_token_ms=36855.7 generation_ms=313510.4 generated=64 generation_tps=0.204
AGENT index=8 mig=fafc828a exit=0 wall_ms=232802 text=ae3f57b141780268 role=child prefix_tokens=14282 suffix_tokens=18 model_ms=19408.7 context_ms=595.1 state_ms=58.58 prefix_ms=0.0 suffix_ms=2493.4 first_token_ms=27533.4 generation_ms=204821.7 generated=64 generation_tps=0.312
AGENT index=9 mig=31ffbfe4 exit=0 wall_ms=283619 text=a2d016def74ecc62 role=child prefix_tokens=14282 suffix_tokens=18 model_ms=10809.2 context_ms=2033.8 state_ms=16.43 prefix_ms=0.0 suffix_ms=1572.9 first_token_ms=18831.7 generation_ms=264340.6 generated=64 generation_tps=0.242
AGENT index=10 mig=fafc828a exit=0 wall_ms=186080 text=a733f3a39259263c role=child prefix_tokens=14282 suffix_tokens=18 model_ms=6792.4 context_ms=3800.5 state_ms=15.40 prefix_ms=0.0 suffix_ms=2390.9 first_token_ms=18229.0 generation_ms=167387.8 generated=64 generation_tps=0.382
AGENT index=11 mig=31ffbfe4 exit=0 wall_ms=348983 text=087278665f3dec68 role=child prefix_tokens=14282 suffix_tokens=22 model_ms=21558.1 context_ms=232.3 state_ms=14.63 prefix_ms=0.0 suffix_ms=9471.3 first_token_ms=36193.3 generation_ms=312328.9 generated=64 generation_tps=0.205
AGENT index=12 mig=fafc828a exit=0 wall_ms=239010 text=2c93819fe85df763 role=child prefix_tokens=14282 suffix_tokens=21 model_ms=21070.3 context_ms=369.9 state_ms=12.28 prefix_ms=0.0 suffix_ms=5823.4 first_token_ms=32917.4 generation_ms=203839.3 generated=64 generation_tps=0.314
AGENT index=13 mig=31ffbfe4 exit=0 wall_ms=348756 text=5d483815f91685a6 role=child prefix_tokens=14282 suffix_tokens=31 model_ms=19273.4 context_ms=629.0 state_ms=66.44 prefix_ms=0.0 suffix_ms=9064.9 first_token_ms=34134.4 generation_ms=314176.2 generated=64 generation_tps=0.204
AGENT index=14 mig=fafc828a exit=0 wall_ms=224368 text=3f33f20708943e2f role=child prefix_tokens=14282 suffix_tokens=21 model_ms=15902.7 context_ms=1545.9 state_ms=59.10 prefix_ms=0.0 suffix_ms=2249.4 first_token_ms=24600.9 generation_ms=199297.9 generated=64 generation_tps=0.321
AGENT index=15 mig=31ffbfe4 exit=0 wall_ms=348448 text=0502c45076359254 role=child prefix_tokens=14282 suffix_tokens=26 model_ms=21124.0 context_ms=631.5 state_ms=6.76 prefix_ms=0.0 suffix_ms=9766.2 first_token_ms=36633.9 generation_ms=311340.2 generated=64 generation_tps=0.206
AGENT index=16 mig=fafc828a exit=0 wall_ms=237525 text=0ebc8757605c5571 role=child prefix_tokens=14282 suffix_tokens=25 model_ms=20664.7 context_ms=420.8 state_ms=7.19 prefix_ms=0.0 suffix_ms=6411.3 first_token_ms=33331.8 generation_ms=202910.0 generated=64 generation_tps=0.315
AGENT index=17 mig=31ffbfe4 exit=0 wall_ms=345837 text=5d7dbcf0a7eca76c role=child prefix_tokens=14282 suffix_tokens=22 model_ms=17787.6 context_ms=882.2 state_ms=36.58 prefix_ms=0.0 suffix_ms=4433.8 first_token_ms=28179.3 generation_ms=317198.9 generated=64 generation_tps=0.202
AGENT index=18 mig=fafc828a exit=0 wall_ms=197535 text=cb99e4b1c2fd84d5 role=child prefix_tokens=14282 suffix_tokens=21 model_ms=12079.4 context_ms=1245.1 state_ms=15.34 prefix_ms=0.0 suffix_ms=2067.4 first_token_ms=19695.9 generation_ms=177393.7 generated=64 generation_tps=0.361
AGENT index=19 mig=31ffbfe4 exit=0 wall_ms=339107 text=4c7501e634d9bf23 role=child prefix_tokens=14282 suffix_tokens=18 model_ms=16573.6 context_ms=655.7 state_ms=18.41 prefix_ms=0.0 suffix_ms=2703.4 first_token_ms=24795.0 generation_ms=313855.2 generated=64 generation_tps=0.204
AGENT index=20 mig=fafc828a exit=0 wall_ms=238645 text=b3893059e7e79532 role=child prefix_tokens=14282 suffix_tokens=21 model_ms=21589.2 context_ms=243.1 state_ms=11.83 prefix_ms=0.0 suffix_ms=5869.9 first_token_ms=32998.1 generation_ms=203545.7 generated=64 generation_tps=0.314
AGENT index=21 mig=31ffbfe4 exit=0 wall_ms=350656 text=284eef78a2286715 role=child prefix_tokens=14282 suffix_tokens=26 model_ms=20309.7 context_ms=508.9 state_ms=46.49 prefix_ms=0.0 suffix_ms=9542.6 first_token_ms=35980.3 generation_ms=313947.9 generated=64 generation_tps=0.204
AGENT index=22 mig=fafc828a exit=0 wall_ms=237076 text=ad3122b47bf9d41d role=child prefix_tokens=14282 suffix_tokens=27 model_ms=21767.0 context_ms=261.1 state_ms=6.28 prefix_ms=0.0 suffix_ms=6430.1 first_token_ms=33486.9 generation_ms=202576.5 generated=64 generation_tps=0.316
AGENT index=23 mig=31ffbfe4 exit=0 wall_ms=340525 text=f79224e341ba5115 role=child prefix_tokens=14282 suffix_tokens=17 model_ms=16181.2 context_ms=1325.6 state_ms=54.65 prefix_ms=0.0 suffix_ms=2697.3 first_token_ms=25129.7 generation_ms=314963.3 generated=64 generation_tps=0.203
AGENT index=24 mig=fafc828a exit=0 wall_ms=225146 text=9834d2c93010cb40 role=child prefix_tokens=14282 suffix_tokens=22 model_ms=17049.2 context_ms=1100.6 state_ms=22.43 prefix_ms=0.0 suffix_ms=2024.2 first_token_ms=25005.3 generation_ms=199669.9 generated=64 generation_tps=0.321
AGENT index=25 mig=31ffbfe4 exit=0 wall_ms=346566 text=da4c2dca73ac54e0 role=child prefix_tokens=14282 suffix_tokens=23 model_ms=18106.8 context_ms=482.2 state_ms=55.05 prefix_ms=0.0 suffix_ms=4347.0 first_token_ms=28390.0 generation_ms=317724.6 generated=64 generation_tps=0.201
AGENT index=26 mig=fafc828a exit=0 wall_ms=239052 text=07ec2de36a00f7a1 role=child prefix_tokens=14282 suffix_tokens=19 model_ms=21313.2 context_ms=352.9 state_ms=6.22 prefix_ms=0.0 suffix_ms=5784.0 first_token_ms=32740.9 generation_ms=204037.2 generated=64 generation_tps=0.314
AGENT index=27 mig=31ffbfe4 exit=0 wall_ms=350162 text=e1e29071a16e2061 role=child prefix_tokens=14282 suffix_tokens=21 model_ms=21065.2 context_ms=521.4 state_ms=22.45 prefix_ms=0.0 suffix_ms=9540.8 first_token_ms=36269.0 generation_ms=313281.0 generated=64 generation_tps=0.204
AGENT index=28 mig=fafc828a exit=0 wall_ms=234846 text=1c65ed1020843e8d role=child prefix_tokens=14282 suffix_tokens=20 model_ms=20224.0 context_ms=505.0 state_ms=34.37 prefix_ms=0.0 suffix_ms=4743.0 first_token_ms=30317.6 generation_ms=204013.6 generated=64 generation_tps=0.314
AGENT index=29 mig=31ffbfe4 exit=0 wall_ms=270870 text=a72f71cd80731afe role=child prefix_tokens=14282 suffix_tokens=22 model_ms=6579.1 context_ms=3558.4 state_ms=15.96 prefix_ms=0.0 suffix_ms=2450.6 first_token_ms=18226.1 generation_ms=252206.8 generated=64 generation_tps=0.254
AGENT index=30 mig=fafc828a exit=0 wall_ms=236459 text=317f6f38771a1e41 role=child prefix_tokens=14282 suffix_tokens=20 model_ms=20319.4 context_ms=548.1 state_ms=50.16 prefix_ms=0.0 suffix_ms=5418.5 first_token_ms=31571.4 generation_ms=204290.7 generated=64 generation_tps=0.313
AGENT index=31 mig=31ffbfe4 exit=0 wall_ms=348080 text=1b4036771dcdadef role=child prefix_tokens=14282 suffix_tokens=22 model_ms=18136.9 context_ms=579.8 state_ms=31.16 prefix_ms=0.0 suffix_ms=6603.2 first_token_ms=30500.5 generation_ms=317168.4 generated=64 generation_tps=0.202
AGENT index=32 mig=fafc828a exit=0 wall_ms=230678 text=3f50371ecb0032a2 role=child prefix_tokens=14282 suffix_tokens=28 model_ms=18458.8 context_ms=758.2 state_ms=62.33 prefix_ms=0.0 suffix_ms=2955.1 first_token_ms=27091.4 generation_ms=203087.1 generated=64 generation_tps=0.315
AGENT index=33 mig=31ffbfe4 exit=0 wall_ms=350225 text=5b450cf9627e77b9 role=child prefix_tokens=14282 suffix_tokens=23 model_ms=19431.8 context_ms=391.2 state_ms=62.74 prefix_ms=0.0 suffix_ms=8591.9 first_token_ms=33860.9 generation_ms=315587.3 generated=64 generation_tps=0.203
AGENT index=34 mig=fafc828a exit=0 wall_ms=234885 text=8fe64643182c4081 role=child prefix_tokens=14282 suffix_tokens=25 model_ms=20136.5 context_ms=324.1 state_ms=31.80 prefix_ms=0.0 suffix_ms=5493.3 first_token_ms=30845.6 generation_ms=203549.1 generated=64 generation_tps=0.314
AGENT index=35 mig=31ffbfe4 exit=0 wall_ms=349573 text=ab418a5e41977b06 role=child prefix_tokens=14282 suffix_tokens=33 model_ms=18065.1 context_ms=415.4 state_ms=58.97 prefix_ms=0.0 suffix_ms=9470.9 first_token_ms=33677.0 generation_ms=315182.7 generated=64 generation_tps=0.203
AGENT index=36 mig=fafc828a exit=0 wall_ms=234642 text=2852504019aca3b6 role=child prefix_tokens=14282 suffix_tokens=24 model_ms=20298.8 context_ms=274.4 state_ms=34.48 prefix_ms=0.0 suffix_ms=4109.0 first_token_ms=29763.1 generation_ms=204373.6 generated=64 generation_tps=0.313
AGENT index=37 mig=31ffbfe4 exit=0 wall_ms=350022 text=bef1e0801c6e655f role=child prefix_tokens=14282 suffix_tokens=27 model_ms=21655.6 context_ms=302.3 state_ms=6.11 prefix_ms=0.0 suffix_ms=9869.6 first_token_ms=36801.9 generation_ms=312612.2 generated=64 generation_tps=0.205
AGENT index=38 mig=fafc828a exit=0 wall_ms=143281 text=03d3cecc4e2c4ef7 role=child prefix_tokens=14282 suffix_tokens=22 model_ms=5432.7 context_ms=2705.8 state_ms=13.77 prefix_ms=0.0 suffix_ms=4041.6 first_token_ms=17179.8 generation_ms=118911.6 generated=64 generation_tps=0.538
AGENT index=39 mig=31ffbfe4 exit=0 wall_ms=350792 text=f9c832b7cad1a509 role=child prefix_tokens=14282 suffix_tokens=32 model_ms=20982.2 context_ms=256.8 state_ms=7.24 prefix_ms=0.0 suffix_ms=9875.4 first_token_ms=36932.1 generation_ms=313032.9 generated=64 generation_tps=0.204
AGENT index=40 mig=fafc828a exit=0 wall_ms=236512 text=1bedc9985ebffdf3 role=child prefix_tokens=14282 suffix_tokens=19 model_ms=20717.5 context_ms=624.6 state_ms=6.23 prefix_ms=0.0 suffix_ms=5827.6 first_token_ms=32558.9 generation_ms=203388.0 generated=64 generation_tps=0.315
AGENT index=41 mig=31ffbfe4 exit=0 wall_ms=345388 text=45248c21a8c64213 role=child prefix_tokens=14282 suffix_tokens=19 model_ms=18210.4 context_ms=698.0 state_ms=50.49 prefix_ms=0.0 suffix_ms=5036.6 first_token_ms=28783.8 generation_ms=316154.0 generated=64 generation_tps=0.202
AGENT index=42 mig=fafc828a exit=0 wall_ms=189905 text=c2b860976d76c188 role=child prefix_tokens=14282 suffix_tokens=18 model_ms=9425.3 context_ms=2386.0 state_ms=15.28 prefix_ms=0.0 suffix_ms=2084.5 first_token_ms=18800.8 generation_ms=170648.5 generated=64 generation_tps=0.375
AGENT index=43 mig=31ffbfe4 exit=0 wall_ms=346454 text=7f088fd1d1738f8b role=child prefix_tokens=14282 suffix_tokens=22 model_ms=19005.8 context_ms=581.4 state_ms=38.64 prefix_ms=0.0 suffix_ms=7510.7 first_token_ms=32053.1 generation_ms=313905.6 generated=64 generation_tps=0.204
AGENT index=44 mig=fafc828a exit=0 wall_ms=235692 text=f631ba01e55b49fa role=child prefix_tokens=14282 suffix_tokens=21 model_ms=21727.3 context_ms=457.1 state_ms=6.51 prefix_ms=0.0 suffix_ms=5874.1 first_token_ms=32874.8 generation_ms=202308.1 generated=64 generation_tps=0.316
AGENT index=45 mig=31ffbfe4 exit=0 wall_ms=336642 text=5d483815f91685a6 role=child prefix_tokens=14282 suffix_tokens=31 model_ms=15553.5 context_ms=1327.9 state_ms=31.99 prefix_ms=0.0 suffix_ms=2103.8 first_token_ms=23977.0 generation_ms=312217.0 generated=64 generation_tps=0.205
AGENT index=46 mig=fafc828a exit=0 wall_ms=237837 text=56be8609eb72cb4a role=child prefix_tokens=14282 suffix_tokens=21 model_ms=21369.3 context_ms=352.9 state_ms=8.94 prefix_ms=0.0 suffix_ms=5834.5 first_token_ms=32779.9 generation_ms=203597.7 generated=64 generation_tps=0.314
AGENT index=47 mig=31ffbfe4 exit=0 wall_ms=348747 text=0d9668c2f9cbc9fc role=child prefix_tokens=14282 suffix_tokens=26 model_ms=19086.3 context_ms=683.6 state_ms=50.45 prefix_ms=0.0 suffix_ms=8318.0 first_token_ms=33627.5 generation_ms=314718.6 generated=64 generation_tps=0.203
AGENT index=48 mig=fafc828a exit=0 wall_ms=239051 text=27f58a7742c668f5 role=child prefix_tokens=14282 suffix_tokens=25 model_ms=19969.2 context_ms=362.9 state_ms=43.26 prefix_ms=0.0 suffix_ms=5919.2 first_token_ms=31543.0 generation_ms=205178.5 generated=64 generation_tps=0.312
AGENT index=49 mig=31ffbfe4 exit=0 wall_ms=350471 text=facc2c2ea4689e1e role=child prefix_tokens=14282 suffix_tokens=22 model_ms=20185.3 context_ms=461.7 state_ms=22.29 prefix_ms=0.0 suffix_ms=9263.7 first_token_ms=35214.8 generation_ms=314329.0 generated=64 generation_tps=0.204
AGENT index=50 mig=fafc828a exit=0 wall_ms=237234 text=64fd37c296cb1dd5 role=child prefix_tokens=14282 suffix_tokens=21 model_ms=21174.8 context_ms=358.8 state_ms=8.92 prefix_ms=0.0 suffix_ms=6024.6 first_token_ms=32971.4 generation_ms=203142.1 generated=64 generation_tps=0.315
AGENT index=51 mig=31ffbfe4 exit=0 wall_ms=350363 text=4c7501e634d9bf23 role=child prefix_tokens=14282 suffix_tokens=18 model_ms=20191.0 context_ms=304.1 state_ms=14.39 prefix_ms=0.0 suffix_ms=9379.2 first_token_ms=35726.6 generation_ms=313804.9 generated=64 generation_tps=0.204
AGENT index=52 mig=fafc828a exit=0 wall_ms=238753 text=b3893059e7e79532 role=child prefix_tokens=14282 suffix_tokens=21 model_ms=21166.9 context_ms=475.1 state_ms=13.47 prefix_ms=0.0 suffix_ms=5944.3 first_token_ms=32899.4 generation_ms=203781.0 generated=64 generation_tps=0.314
AGENT index=53 mig=31ffbfe4 exit=0 wall_ms=350954 text=11e4c2a85150fa06 role=child prefix_tokens=14282 suffix_tokens=26 model_ms=20206.1 context_ms=380.3 state_ms=25.49 prefix_ms=0.0 suffix_ms=9549.5 first_token_ms=35492.3 generation_ms=314399.4 generated=64 generation_tps=0.204
AGENT index=54 mig=fafc828a exit=0 wall_ms=235905 text=3b6f5b9c968721eb role=child prefix_tokens=14282 suffix_tokens=27 model_ms=20755.7 context_ms=370.8 state_ms=10.64 prefix_ms=0.0 suffix_ms=6528.6 first_token_ms=33460.2 generation_ms=201967.6 generated=64 generation_tps=0.317
AGENT index=55 mig=31ffbfe4 exit=0 wall_ms=349903 text=7e4fad52bd577abf role=child prefix_tokens=14282 suffix_tokens=17 model_ms=21294.9 context_ms=507.0 state_ms=16.98 prefix_ms=0.0 suffix_ms=9577.5 first_token_ms=36410.0 generation_ms=312937.7 generated=64 generation_tps=0.205
AGENT index=56 mig=fafc828a exit=0 wall_ms=238137 text=9834d2c93010cb40 role=child prefix_tokens=14282 suffix_tokens=22 model_ms=20842.0 context_ms=305.3 state_ms=8.36 prefix_ms=0.0 suffix_ms=5753.6 first_token_ms=32515.1 generation_ms=203892.4 generated=64 generation_tps=0.314
AGENT index=57 mig=31ffbfe4 exit=0 wall_ms=346074 text=a4e76b0a1993f6d6 role=child prefix_tokens=14282 suffix_tokens=23 model_ms=17433.7 context_ms=267.4 state_ms=63.70 prefix_ms=0.0 suffix_ms=4200.8 first_token_ms=27855.0 generation_ms=317770.1 generated=64 generation_tps=0.201
AGENT index=58 mig=fafc828a exit=0 wall_ms=235580 text=359d7b30e6a9a9fc role=child prefix_tokens=14282 suffix_tokens=19 model_ms=21133.4 context_ms=128.6 state_ms=6.49 prefix_ms=0.0 suffix_ms=6010.8 first_token_ms=33012.4 generation_ms=202027.4 generated=64 generation_tps=0.317
AGENT index=59 mig=31ffbfe4 exit=0 wall_ms=350495 text=7b1e906b43903ada role=child prefix_tokens=14282 suffix_tokens=21 model_ms=19325.7 context_ms=694.3 state_ms=70.52 prefix_ms=0.0 suffix_ms=8861.1 first_token_ms=33896.4 generation_ms=315630.7 generated=64 generation_tps=0.203
AGENT index=60 mig=fafc828a exit=0 wall_ms=233624 text=23f27e20526aad11 role=child prefix_tokens=14282 suffix_tokens=20 model_ms=18393.6 context_ms=638.3 state_ms=44.24 prefix_ms=0.0 suffix_ms=2736.1 first_token_ms=27499.0 generation_ms=205626.1 generated=64 generation_tps=0.311
AGENT index=61 mig=31ffbfe4 exit=0 wall_ms=346037 text=a61a16a4bc46c53d role=child prefix_tokens=14282 suffix_tokens=22 model_ms=17739.6 context_ms=828.5 state_ms=74.45 prefix_ms=0.0 suffix_ms=5134.2 first_token_ms=28896.7 generation_ms=316675.8 generated=64 generation_tps=0.202
AGENT index=62 mig=fafc828a exit=0 wall_ms=235068 text=dbac730f9e3a3df4 role=child prefix_tokens=14282 suffix_tokens=20 model_ms=20725.9 context_ms=325.1 state_ms=8.53 prefix_ms=0.0 suffix_ms=5762.0 first_token_ms=32555.5 generation_ms=201992.8 generated=64 generation_tps=0.317
AGENT index=63 mig=31ffbfe4 exit=0 wall_ms=350542 text=cd56b7d8c4ff1887 role=child prefix_tokens=14282 suffix_tokens=22 model_ms=19195.5 context_ms=629.7 state_ms=38.47 prefix_ms=0.0 suffix_ms=8857.8 first_token_ms=34026.8 generation_ms=315564.1 generated=64 generation_tps=0.203
AGENT index=64 mig=fafc828a exit=0 wall_ms=238804 text=a067a6895417f0e8 role=child prefix_tokens=14282 suffix_tokens=28 model_ms=21047.0 context_ms=197.1 state_ms=6.19 prefix_ms=0.0 suffix_ms=6391.9 first_token_ms=33220.3 generation_ms=203723.2 generated=64 generation_tps=0.314
AGENT index=65 mig=31ffbfe4 exit=0 wall_ms=347932 text=664acbfcf59959c4 role=child prefix_tokens=14282 suffix_tokens=23 model_ms=18257.6 context_ms=667.7 state_ms=66.91 prefix_ms=0.0 suffix_ms=6470.2 first_token_ms=30673.0 generation_ms=316809.8 generated=64 generation_tps=0.202
AGENT index=66 mig=fafc828a exit=0 wall_ms=238881 text=8fe64643182c4081 role=child prefix_tokens=14282 suffix_tokens=25 model_ms=21168.7 context_ms=249.5 state_ms=6.15 prefix_ms=0.0 suffix_ms=6509.7 first_token_ms=33463.7 generation_ms=203412.8 generated=64 generation_tps=0.315
AGENT index=67 mig=31ffbfe4 exit=0 wall_ms=346099 text=077e38d3762a4e5d role=child prefix_tokens=14282 suffix_tokens=33 model_ms=18948.5 context_ms=810.9 state_ms=62.49 prefix_ms=0.0 suffix_ms=9679.9 first_token_ms=34165.8 generation_ms=311448.5 generated=64 generation_tps=0.205
AGENT index=68 mig=fafc828a exit=0 wall_ms=231905 text=4d2fc992c2841379 role=child prefix_tokens=14282 suffix_tokens=24 model_ms=18521.9 context_ms=791.1 state_ms=66.78 prefix_ms=0.0 suffix_ms=2421.2 first_token_ms=26957.9 generation_ms=204465.3 generated=64 generation_tps=0.313
AGENT index=69 mig=31ffbfe4 exit=0 wall_ms=331055 text=6ce00e8033df1792 role=child prefix_tokens=14282 suffix_tokens=27 model_ms=14733.8 context_ms=735.2 state_ms=18.42 prefix_ms=0.0 suffix_ms=1549.3 first_token_ms=22982.2 generation_ms=307636.6 generated=64 generation_tps=0.208
AGENT index=70 mig=fafc828a exit=0 wall_ms=188485 text=312bed507beb25e1 role=child prefix_tokens=14282 suffix_tokens=22 model_ms=9552.0 context_ms=1815.9 state_ms=15.13 prefix_ms=0.0 suffix_ms=1475.9 first_token_ms=18095.3 generation_ms=169845.8 generated=64 generation_tps=0.377
AGENT index=71 mig=31ffbfe4 exit=0 wall_ms=345417 text=13e4dfd293d8126f role=child prefix_tokens=14282 suffix_tokens=32 model_ms=16639.4 context_ms=954.9 state_ms=59.84 prefix_ms=0.0 suffix_ms=5153.5 first_token_ms=27874.4 generation_ms=317111.0 generated=64 generation_tps=0.202
AGENT index=72 mig=fafc828a exit=0 wall_ms=235119 text=724c6fed862eef57 role=child prefix_tokens=14282 suffix_tokens=19 model_ms=20764.1 context_ms=354.0 state_ms=6.44 prefix_ms=0.0 suffix_ms=5748.4 first_token_ms=32413.9 generation_ms=202080.4 generated=64 generation_tps=0.317
AGENT index=73 mig=31ffbfe4 exit=0 wall_ms=349277 text=f69b628d0f4868ff role=child prefix_tokens=14282 suffix_tokens=19 model_ms=21196.9 context_ms=83.8 state_ms=6.29 prefix_ms=0.0 suffix_ms=9600.7 first_token_ms=36562.6 generation_ms=312154.1 generated=64 generation_tps=0.205
AGENT index=74 mig=fafc828a exit=0 wall_ms=234890 text=95997adc906fa24a role=child prefix_tokens=14282 suffix_tokens=18 model_ms=21486.6 context_ms=210.6 state_ms=7.05 prefix_ms=0.0 suffix_ms=5760.8 first_token_ms=32494.2 generation_ms=201821.4 generated=64 generation_tps=0.317
AGENT index=75 mig=31ffbfe4 exit=0 wall_ms=351131 text=8aaf40a95565910c role=child prefix_tokens=14282 suffix_tokens=22 model_ms=20630.1 context_ms=293.0 state_ms=6.52 prefix_ms=0.0 suffix_ms=9551.7 first_token_ms=36396.0 generation_ms=313771.9 generated=64 generation_tps=0.204
AGENT index=76 mig=fafc828a exit=0 wall_ms=236726 text=2c93819fe85df763 role=child prefix_tokens=14282 suffix_tokens=21 model_ms=20288.8 context_ms=463.7 state_ms=33.15 prefix_ms=0.0 suffix_ms=5408.9 first_token_ms=31695.2 generation_ms=204211.4 generated=64 generation_tps=0.313
AGENT index=77 mig=31ffbfe4 exit=0 wall_ms=349506 text=5d483815f91685a6 role=child prefix_tokens=14282 suffix_tokens=31 model_ms=20692.0 context_ms=399.5 state_ms=16.59 prefix_ms=0.0 suffix_ms=9712.3 first_token_ms=35481.8 generation_ms=313495.4 generated=64 generation_tps=0.204
AGENT index=78 mig=fafc828a exit=0 wall_ms=237872 text=3f33f20708943e2f role=child prefix_tokens=14282 suffix_tokens=21 model_ms=21770.4 context_ms=256.0 state_ms=6.31 prefix_ms=0.0 suffix_ms=5950.2 first_token_ms=32883.6 generation_ms=203367.8 generated=64 generation_tps=0.315
AGENT index=79 mig=31ffbfe4 exit=0 wall_ms=350221 text=0d9668c2f9cbc9fc role=child prefix_tokens=14282 suffix_tokens=26 model_ms=19778.6 context_ms=319.0 state_ms=25.76 prefix_ms=0.0 suffix_ms=9373.9 first_token_ms=34837.7 generation_ms=314552.4 generated=64 generation_tps=0.203
AGENT index=80 mig=fafc828a exit=0 wall_ms=233502 text=86d4ee1044251a25 role=child prefix_tokens=14282 suffix_tokens=25 model_ms=18186.9 context_ms=367.6 state_ms=37.55 prefix_ms=0.0 suffix_ms=2937.8 first_token_ms=27296.1 generation_ms=205637.8 generated=64 generation_tps=0.311
AGENT index=81 mig=31ffbfe4 exit=0 wall_ms=350595 text=6bd685fbc4b441ec role=child prefix_tokens=14282 suffix_tokens=22 model_ms=20186.5 context_ms=578.2 state_ms=33.67 prefix_ms=0.0 suffix_ms=9130.9 first_token_ms=35386.9 generation_ms=314404.8 generated=64 generation_tps=0.204
AGENT index=82 mig=fafc828a exit=0 wall_ms=239053 text=ce66287a7832a2bb role=child prefix_tokens=14282 suffix_tokens=21 model_ms=21038.2 context_ms=271.6 state_ms=12.60 prefix_ms=0.0 suffix_ms=5916.9 first_token_ms=32792.4 generation_ms=203886.8 generated=64 generation_tps=0.314
AGENT index=83 mig=31ffbfe4 exit=0 wall_ms=350962 text=cdf6d4762f0ad9c6 role=child prefix_tokens=14282 suffix_tokens=18 model_ms=20319.5 context_ms=383.9 state_ms=24.47 prefix_ms=0.0 suffix_ms=9525.8 first_token_ms=36132.8 generation_ms=313984.3 generated=64 generation_tps=0.204
AGENT index=84 mig=fafc828a exit=0 wall_ms=237215 text=621bb723edc357c2 role=child prefix_tokens=14282 suffix_tokens=21 model_ms=20130.1 context_ms=327.3 state_ms=38.30 prefix_ms=0.0 suffix_ms=5520.3 first_token_ms=31801.4 generation_ms=204140.8 generated=64 generation_tps=0.314
AGENT index=85 mig=31ffbfe4 exit=0 wall_ms=350768 text=b8578943aeaf7387 role=child prefix_tokens=14282 suffix_tokens=26 model_ms=21286.8 context_ms=473.1 state_ms=10.64 prefix_ms=0.0 suffix_ms=9836.3 first_token_ms=36665.6 generation_ms=313161.1 generated=64 generation_tps=0.204
AGENT index=86 mig=fafc828a exit=0 wall_ms=228851 text=bc92b0cfd69b8bd4 role=child prefix_tokens=14282 suffix_tokens=27 model_ms=16851.5 context_ms=813.6 state_ms=54.40 prefix_ms=0.0 suffix_ms=2548.1 first_token_ms=25691.2 generation_ms=202702.4 generated=64 generation_tps=0.316
AGENT index=87 mig=31ffbfe4 exit=0 wall_ms=349285 text=46daf195b61b12ee role=child prefix_tokens=14282 suffix_tokens=17 model_ms=18976.1 context_ms=573.7 state_ms=39.47 prefix_ms=0.0 suffix_ms=8818.2 first_token_ms=34029.7 generation_ms=314619.4 generated=64 generation_tps=0.203
AGENT index=88 mig=fafc828a exit=0 wall_ms=229253 text=fb072021023b5031 role=child prefix_tokens=14282 suffix_tokens=22 model_ms=16854.0 context_ms=968.9 state_ms=86.37 prefix_ms=0.0 suffix_ms=2369.9 first_token_ms=25664.0 generation_ms=203118.2 generated=64 generation_tps=0.315
AGENT index=89 mig=31ffbfe4 exit=0 wall_ms=347495 text=1dc70f9673b0dd57 role=child prefix_tokens=14282 suffix_tokens=23 model_ms=18036.1 context_ms=335.2 state_ms=38.66 prefix_ms=0.0 suffix_ms=6412.8 first_token_ms=30400.5 generation_ms=316644.2 generated=64 generation_tps=0.202
AGENT index=90 mig=fafc828a exit=0 wall_ms=187067 text=9aa85e1403c22284 role=child prefix_tokens=14282 suffix_tokens=19 model_ms=6635.8 context_ms=3155.2 state_ms=15.37 prefix_ms=0.0 suffix_ms=2782.4 first_token_ms=17935.4 generation_ms=168665.2 generated=64 generation_tps=0.379
AGENT index=91 mig=31ffbfe4 exit=0 wall_ms=350470 text=0ec120ad804ad591 role=child prefix_tokens=14282 suffix_tokens=21 model_ms=20991.6 context_ms=156.4 state_ms=7.45 prefix_ms=0.0 suffix_ms=9674.4 first_token_ms=36526.8 generation_ms=313114.6 generated=64 generation_tps=0.204
AGENT index=92 mig=fafc828a exit=0 wall_ms=235129 text=4a33e463a3e8f524 role=child prefix_tokens=14282 suffix_tokens=20 model_ms=19817.9 context_ms=585.1 state_ms=22.77 prefix_ms=0.0 suffix_ms=5220.8 first_token_ms=31180.7 generation_ms=203322.4 generated=64 generation_tps=0.315
AGENT index=93 mig=31ffbfe4 exit=0 wall_ms=349662 text=a56a85c42cb9bcf4 role=child prefix_tokens=14282 suffix_tokens=22 model_ms=21056.3 context_ms=455.8 state_ms=10.47 prefix_ms=0.0 suffix_ms=9478.2 first_token_ms=35920.4 generation_ms=313079.0 generated=64 generation_tps=0.204
AGENT index=94 mig=fafc828a exit=0 wall_ms=226980 text=5b96a105ed76f9fa role=child prefix_tokens=14282 suffix_tokens=20 model_ms=16241.1 context_ms=625.7 state_ms=46.38 prefix_ms=0.0 suffix_ms=2426.7 first_token_ms=25046.9 generation_ms=201484.9 generated=64 generation_tps=0.318
AGENT index=95 mig=31ffbfe4 exit=0 wall_ms=347640 text=4ed1e788823f7ae6 role=child prefix_tokens=14282 suffix_tokens=22 model_ms=17977.4 context_ms=660.1 state_ms=35.53 prefix_ms=0.0 suffix_ms=6929.8 first_token_ms=31092.2 generation_ms=316111.4 generated=64 generation_tps=0.202
AGENT index=96 mig=fafc828a exit=0 wall_ms=238948 text=a067a6895417f0e8 role=child prefix_tokens=14282 suffix_tokens=28 model_ms=20278.1 context_ms=472.0 state_ms=36.10 prefix_ms=0.0 suffix_ms=6269.1 first_token_ms=32629.0 generation_ms=204098.9 generated=64 generation_tps=0.314
AGENT index=97 mig=31ffbfe4 exit=0 wall_ms=350811 text=5b450cf9627e77b9 role=child prefix_tokens=14282 suffix_tokens=23 model_ms=20285.1 context_ms=503.7 state_ms=20.08 prefix_ms=0.0 suffix_ms=9388.9 first_token_ms=35739.4 generation_ms=314175.0 generated=64 generation_tps=0.204
AGENT index=98 mig=fafc828a exit=0 wall_ms=238519 text=2ecfd34dfa486110 role=child prefix_tokens=14282 suffix_tokens=25 model_ms=20873.2 context_ms=508.6 state_ms=11.18 prefix_ms=0.0 suffix_ms=6530.9 first_token_ms=33165.1 generation_ms=203245.6 generated=64 generation_tps=0.315
AGENT index=99 mig=31ffbfe4 exit=0 wall_ms=285976 text=f1b10c0aeb700d09 role=child prefix_tokens=14282 suffix_tokens=33 model_ms=9025.6 context_ms=2268.0 state_ms=15.69 prefix_ms=0.0 suffix_ms=2467.1 first_token_ms=18880.2 generation_ms=266646.0 generated=64 generation_tps=0.240
AGENT index=100 mig=fafc828a exit=0 wall_ms=237333 text=e4f7a0fff10da58f role=child prefix_tokens=14282 suffix_tokens=25 model_ms=20734.5 context_ms=635.6 state_ms=14.41 prefix_ms=0.0 suffix_ms=6545.6 first_token_ms=33138.9 generation_ms=203134.0 generated=64 generation_tps=0.315
AGENT index=101 mig=31ffbfe4 exit=0 wall_ms=343292 text=4e58d1434e38d87b role=child prefix_tokens=14282 suffix_tokens=28 model_ms=17190.6 context_ms=907.1 state_ms=55.82 prefix_ms=0.0 suffix_ms=3545.3 first_token_ms=26483.3 generation_ms=316393.2 generated=64 generation_tps=0.202
AGENT index=102 mig=fafc828a exit=0 wall_ms=239069 text=74ff651a4aa431c6 role=child prefix_tokens=14282 suffix_tokens=23 model_ms=20026.1 context_ms=511.6 state_ms=12.74 prefix_ms=0.0 suffix_ms=5665.7 first_token_ms=32022.8 generation_ms=204636.3 generated=64 generation_tps=0.313
AGENT index=103 mig=31ffbfe4 exit=0 wall_ms=346866 text=f9c832b7cad1a509 role=child prefix_tokens=14282 suffix_tokens=33 model_ms=17253.4 context_ms=963.6 state_ms=54.19 prefix_ms=0.0 suffix_ms=8319.3 first_token_ms=31177.1 generation_ms=315259.2 generated=64 generation_tps=0.203
AGENT index=104 mig=fafc828a exit=0 wall_ms=238489 text=8d692aa4a801d17d role=child prefix_tokens=14282 suffix_tokens=20 model_ms=20534.4 context_ms=319.4 state_ms=14.86 prefix_ms=0.0 suffix_ms=5446.5 first_token_ms=31863.5 generation_ms=204471.4 generated=64 generation_tps=0.313
AGENT index=105 mig=31ffbfe4 exit=0 wall_ms=344595 text=d78bd735ec80af2b role=child prefix_tokens=14282 suffix_tokens=20 model_ms=16782.0 context_ms=640.5 state_ms=46.86 prefix_ms=0.0 suffix_ms=3802.6 first_token_ms=27002.3 generation_ms=317144.3 generated=64 generation_tps=0.202
AGENT index=106 mig=fafc828a exit=0 wall_ms=235269 text=0843554c3d590aaf role=child prefix_tokens=14282 suffix_tokens=19 model_ms=20938.7 context_ms=259.9 state_ms=6.84 prefix_ms=0.0 suffix_ms=5892.4 first_token_ms=32641.4 generation_ms=202090.3 generated=64 generation_tps=0.317
AGENT index=107 mig=31ffbfe4 exit=0 wall_ms=350959 text=087278665f3dec68 role=child prefix_tokens=14282 suffix_tokens=23 model_ms=20227.4 context_ms=625.1 state_ms=10.44 prefix_ms=0.0 suffix_ms=9490.9 first_token_ms=36165.9 generation_ms=313788.9 generated=64 generation_tps=0.204
AGENT index=108 mig=fafc828a exit=0 wall_ms=238931 text=2c93819fe85df763 role=child prefix_tokens=14282 suffix_tokens=22 model_ms=20647.4 context_ms=312.6 state_ms=10.06 prefix_ms=0.0 suffix_ms=6009.1 first_token_ms=32802.1 generation_ms=203979.6 generated=64 generation_tps=0.314
AGENT index=109 mig=31ffbfe4 exit=0 wall_ms=350708 text=c2157cfb976018b5 role=child prefix_tokens=14282 suffix_tokens=32 model_ms=20476.8 context_ms=439.8 state_ms=8.73 prefix_ms=0.0 suffix_ms=9679.3 first_token_ms=36251.4 generation_ms=313635.2 generated=64 generation_tps=0.204
AGENT index=110 mig=fafc828a exit=0 wall_ms=236713 text=3f33f20708943e2f role=child prefix_tokens=14282 suffix_tokens=22 model_ms=19688.3 context_ms=582.8 state_ms=48.61 prefix_ms=0.0 suffix_ms=5470.2 first_token_ms=31568.0 generation_ms=204212.5 generated=64 generation_tps=0.313
AGENT index=111 mig=31ffbfe4 exit=0 wall_ms=289261 text=0d9668c2f9cbc9fc role=child prefix_tokens=14282 suffix_tokens=27 model_ms=10474.3 context_ms=1242.3 state_ms=15.41 prefix_ms=0.0 suffix_ms=1527.5 first_token_ms=18842.9 generation_ms=269988.3 generated=64 generation_tps=0.237
AGENT index=112 mig=fafc828a exit=0 wall_ms=237667 text=787d0f2cb9f0f5f6 role=child prefix_tokens=14282 suffix_tokens=26 model_ms=21008.6 context_ms=455.3 state_ms=7.76 prefix_ms=0.0 suffix_ms=6490.6 first_token_ms=33017.6 generation_ms=203240.4 generated=64 generation_tps=0.315
AGENT index=113 mig=31ffbfe4 exit=0 wall_ms=349303 text=6bd685fbc4b441ec role=child prefix_tokens=14282 suffix_tokens=23 model_ms=19365.4 context_ms=433.9 state_ms=21.25 prefix_ms=0.0 suffix_ms=8901.8 first_token_ms=34325.2 generation_ms=314394.4 generated=64 generation_tps=0.204
AGENT index=114 mig=fafc828a exit=0 wall_ms=237445 text=2f3bcae6671ff31f role=child prefix_tokens=14282 suffix_tokens=22 model_ms=20356.4 context_ms=499.4 state_ms=16.15 prefix_ms=0.0 suffix_ms=5591.9 first_token_ms=32074.5 generation_ms=204093.6 generated=64 generation_tps=0.314
AGENT index=115 mig=31ffbfe4 exit=0 wall_ms=349056 text=4c7501e634d9bf23 role=child prefix_tokens=14282 suffix_tokens=19 model_ms=20046.6 context_ms=677.5 state_ms=30.74 prefix_ms=0.0 suffix_ms=9406.9 first_token_ms=35081.8 generation_ms=313454.9 generated=64 generation_tps=0.204
AGENT index=116 mig=fafc828a exit=0 wall_ms=235107 text=59ab8a91f9570afc role=child prefix_tokens=14282 suffix_tokens=22 model_ms=19502.2 context_ms=329.7 state_ms=62.82 prefix_ms=0.0 suffix_ms=4503.1 first_token_ms=29913.1 generation_ms=204600.4 generated=64 generation_tps=0.313
AGENT index=117 mig=31ffbfe4 exit=0 wall_ms=349588 text=397d44936e8841e9 role=child prefix_tokens=14282 suffix_tokens=27 model_ms=20494.9 context_ms=437.9 state_ms=18.39 prefix_ms=0.0 suffix_ms=9726.7 first_token_ms=35965.4 generation_ms=312943.4 generated=64 generation_tps=0.205
AGENT index=118 mig=fafc828a exit=0 wall_ms=237846 text=df0985d3d0c73de0 role=child prefix_tokens=14282 suffix_tokens=28 model_ms=20292.8 context_ms=559.3 state_ms=6.51 prefix_ms=0.0 suffix_ms=6390.4 first_token_ms=33005.1 generation_ms=203241.0 generated=64 generation_tps=0.315
AGENT index=119 mig=31ffbfe4 exit=0 wall_ms=350872 text=a94c9c83167a5f8c role=child prefix_tokens=14282 suffix_tokens=18 model_ms=20792.0 context_ms=223.3 state_ms=6.15 prefix_ms=0.0 suffix_ms=9589.8 first_token_ms=36362.5 generation_ms=313652.2 generated=64 generation_tps=0.204
AGENT index=120 mig=fafc828a exit=0 wall_ms=193182 text=9834d2c93010cb40 role=child prefix_tokens=14282 suffix_tokens=23 model_ms=10972.8 context_ms=1368.2 state_ms=15.40 prefix_ms=0.0 suffix_ms=1569.0 first_token_ms=18846.3 generation_ms=173891.5 generated=64 generation_tps=0.368
AGENT index=121 mig=31ffbfe4 exit=0 wall_ms=350998 text=7a6a0515e5f4b2e4 role=child prefix_tokens=14282 suffix_tokens=24 model_ms=19845.3 context_ms=593.2 state_ms=14.07 prefix_ms=0.0 suffix_ms=9427.7 first_token_ms=35657.9 generation_ms=314341.9 generated=64 generation_tps=0.204
AGENT index=122 mig=fafc828a exit=0 wall_ms=237887 text=158a991a74f5c09c role=child prefix_tokens=14282 suffix_tokens=20 model_ms=20658.8 context_ms=312.9 state_ms=7.22 prefix_ms=0.0 suffix_ms=6003.9 first_token_ms=32753.3 generation_ms=203864.4 generated=64 generation_tps=0.314
AGENT index=123 mig=31ffbfe4 exit=0 wall_ms=288715 text=e38ea5b855370f1e role=child prefix_tokens=14282 suffix_tokens=22 model_ms=11427.0 context_ms=1280.1 state_ms=15.34 prefix_ms=0.0 suffix_ms=1736.4 first_token_ms=19150.9 generation_ms=269116.0 generated=64 generation_tps=0.238
AGENT index=124 mig=fafc828a exit=0 wall_ms=238544 text=5442500eccbad2cf role=child prefix_tokens=14282 suffix_tokens=21 model_ms=20766.0 context_ms=250.2 state_ms=6.94 prefix_ms=0.0 suffix_ms=6011.1 first_token_ms=32749.3 generation_ms=203948.8 generated=64 generation_tps=0.314
AGENT index=125 mig=31ffbfe4 exit=0 wall_ms=348812 text=77ec1b209de8c3c4 role=child prefix_tokens=14282 suffix_tokens=23 model_ms=19385.0 context_ms=635.4 state_ms=34.54 prefix_ms=0.0 suffix_ms=8307.9 first_token_ms=33242.3 generation_ms=315127.6 generated=64 generation_tps=0.203
AGENT index=126 mig=fafc828a exit=0 wall_ms=236609 text=09fd41491d0c178b role=child prefix_tokens=14282 suffix_tokens=21 model_ms=21316.2 context_ms=347.0 state_ms=7.76 prefix_ms=0.0 suffix_ms=5973.4 first_token_ms=32713.3 generation_ms=203160.9 generated=64 generation_tps=0.315
AGENT index=127 mig=31ffbfe4 exit=0 wall_ms=349949 text=c5fb19c141f1ba26 role=child prefix_tokens=14282 suffix_tokens=23 model_ms=21193.6 context_ms=420.7 state_ms=10.70 prefix_ms=0.0 suffix_ms=9616.3 first_token_ms=36290.4 generation_ms=313037.7 generated=64 generation_tps=0.204
AGENT index=128 mig=fafc828a exit=0 wall_ms=192982 text=5b3e8496b267e28f role=child prefix_tokens=14282 suffix_tokens=29 model_ms=8485.8 context_ms=2382.8 state_ms=15.45 prefix_ms=0.0 suffix_ms=2056.3 first_token_ms=18473.7 generation_ms=174038.0 generated=64 generation_tps=0.368
AGENT index=129 mig=31ffbfe4 exit=0 wall_ms=349088 text=a38762ffbed809b4 role=child prefix_tokens=14282 suffix_tokens=24 model_ms=19709.9 context_ms=456.5 state_ms=25.74 prefix_ms=0.0 suffix_ms=9465.1 first_token_ms=34898.2 generation_ms=313587.4 generated=64 generation_tps=0.204
AGENT index=130 mig=fafc828a exit=0 wall_ms=237283 text=c95b0c65393fcdb1 role=child prefix_tokens=14282 suffix_tokens=26 model_ms=20622.7 context_ms=389.5 state_ms=6.46 prefix_ms=0.0 suffix_ms=6384.3 first_token_ms=33038.7 generation_ms=203138.3 generated=64 generation_tps=0.315
AGENT index=131 mig=31ffbfe4 exit=0 wall_ms=350858 text=258342dafcba2265 role=child prefix_tokens=14282 suffix_tokens=34 model_ms=20669.3 context_ms=261.8 state_ms=6.23 prefix_ms=0.0 suffix_ms=11994.9 first_token_ms=38519.5 generation_ms=311426.0 generated=64 generation_tps=0.206
AGENT index=132 mig=fafc828a exit=0 wall_ms=236057 text=2852504019aca3b6 role=child prefix_tokens=14282 suffix_tokens=25 model_ms=21333.9 context_ms=198.1 state_ms=6.62 prefix_ms=0.0 suffix_ms=6488.4 first_token_ms=33198.5 generation_ms=202277.0 generated=64 generation_tps=0.316
AGENT index=133 mig=31ffbfe4 exit=0 wall_ms=342551 text=6cd60c5868229e5c role=child prefix_tokens=14282 suffix_tokens=28 model_ms=16950.6 context_ms=1177.1 state_ms=46.69 prefix_ms=0.0 suffix_ms=3758.4 first_token_ms=26374.2 generation_ms=315751.3 generated=64 generation_tps=0.203
AGENT index=134 mig=fafc828a exit=0 wall_ms=238876 text=d3b535510b29322a role=child prefix_tokens=14282 suffix_tokens=23 model_ms=20525.8 context_ms=363.1 state_ms=7.34 prefix_ms=0.0 suffix_ms=5981.2 first_token_ms=32633.2 generation_ms=204049.7 generated=64 generation_tps=0.314
AGENT index=135 mig=31ffbfe4 exit=0 wall_ms=346469 text=f9c832b7cad1a509 role=child prefix_tokens=14282 suffix_tokens=33 model_ms=17829.4 context_ms=559.1 state_ms=66.51 prefix_ms=0.0 suffix_ms=8622.4 first_token_ms=32747.3 generation_ms=313287.8 generated=64 generation_tps=0.204
MEMORY mem_available_drop_mib=95851 mem_available_before_mib=119138 mem_free_before_mib=45741 pss_anon_mib=32103 pss_file_mib=7366 pss_shmem_mib=8700 device_mib=52632 samples=15
END_CASE failed_agents=0 wall_ms=352247
END_KVSTACK
BEGIN_KVSTACK run=4 context=16384 publisher_mig=31ffbfe4 mem_free_mib=48450 kernel_reclaimable_mib=67435
PUBLISH store=stock prefix_tokens=14282 prefix_ms=24861.0 publish_ms=505.69 state_bytes=819216229
PUBLISH store=device prefix_tokens=14282 prefix_ms=25101.7 publish_ms=508.25 state_bytes=819216229
PUBLISH store=huge prefix_tokens=14282 prefix_ms=25151.1 publish_ms=8.10 state_bytes=229221 file_used_kib=802816
CASE mode=both agents=136
AGENT index=0 mig=31ffbfe4 exit=0 wall_ms=247931 text=4605b6e04b2228eb role=child prefix_tokens=14282 suffix_tokens=27 model_ms=11046.0 context_ms=3178.1 state_ms=12.33 prefix_ms=0.0 suffix_ms=1255.7 first_token_ms=17772.7 generation_ms=229772.5 generated=64 generation_tps=0.279
AGENT index=1 mig=fafc828a exit=0 wall_ms=238155 text=a5af93194a2d1ced role=child prefix_tokens=14282 suffix_tokens=22 model_ms=21120.6 context_ms=672.3 state_ms=9.84 prefix_ms=0.0 suffix_ms=5998.4 first_token_ms=32878.3 generation_ms=204250.4 generated=64 generation_tps=0.313
AGENT index=2 mig=31ffbfe4 exit=0 wall_ms=348588 text=37e5f08e6279aa62 role=child prefix_tokens=14282 suffix_tokens=24 model_ms=20123.0 context_ms=648.4 state_ms=21.47 prefix_ms=0.0 suffix_ms=8840.5 first_token_ms=34739.9 generation_ms=313444.6 generated=64 generation_tps=0.204
AGENT index=3 mig=fafc828a exit=0 wall_ms=236612 text=5e1ac569aa8b0faf role=child prefix_tokens=14282 suffix_tokens=32 model_ms=20517.3 context_ms=671.3 state_ms=22.93 prefix_ms=0.0 suffix_ms=6666.6 first_token_ms=32963.9 generation_ms=203008.5 generated=64 generation_tps=0.315
AGENT index=4 mig=31ffbfe4 exit=0 wall_ms=349152 text=6e3d8f07cfceb082 role=child prefix_tokens=14282 suffix_tokens=23 model_ms=21295.0 context_ms=632.8 state_ms=6.34 prefix_ms=0.0 suffix_ms=9277.8 first_token_ms=36079.1 generation_ms=312508.6 generated=64 generation_tps=0.205
AGENT index=5 mig=fafc828a exit=0 wall_ms=237767 text=47179dd0dcd49eb0 role=child prefix_tokens=14282 suffix_tokens=26 model_ms=18463.8 context_ms=665.2 state_ms=36.69 prefix_ms=0.0 suffix_ms=5768.6 first_token_ms=30767.1 generation_ms=206337.7 generated=64 generation_tps=0.310
AGENT index=6 mig=31ffbfe4 exit=0 wall_ms=288618 text=f88f503d1005fa22 role=child prefix_tokens=14282 suffix_tokens=21 model_ms=9692.6 context_ms=2416.3 state_ms=6.45 prefix_ms=0.0 suffix_ms=1582.0 first_token_ms=18519.4 generation_ms=269661.5 generated=64 generation_tps=0.237
AGENT index=7 mig=fafc828a exit=0 wall_ms=234994 text=f9c832b7cad1a509 role=child prefix_tokens=14282 suffix_tokens=31 model_ms=21173.2 context_ms=149.8 state_ms=10.25 prefix_ms=0.0 suffix_ms=6573.7 first_token_ms=32834.6 generation_ms=201662.3 generated=64 generation_tps=0.317
AGENT index=8 mig=31ffbfe4 exit=0 wall_ms=343353 text=a3c806a5411bc6e6 role=child prefix_tokens=14282 suffix_tokens=18 model_ms=16543.6 context_ms=823.2 state_ms=50.12 prefix_ms=0.0 suffix_ms=4015.4 first_token_ms=27114.4 generation_ms=315781.4 generated=64 generation_tps=0.203
AGENT index=9 mig=fafc828a exit=0 wall_ms=236825 text=a2d016def74ecc62 role=child prefix_tokens=14282 suffix_tokens=18 model_ms=20577.9 context_ms=597.2 state_ms=32.04 prefix_ms=0.0 suffix_ms=5649.0 first_token_ms=31733.9 generation_ms=204398.5 generated=64 generation_tps=0.313
AGENT index=10 mig=31ffbfe4 exit=0 wall_ms=346934 text=a733f3a39259263c role=child prefix_tokens=14282 suffix_tokens=18 model_ms=18606.9 context_ms=623.2 state_ms=46.51 prefix_ms=0.0 suffix_ms=6234.0 first_token_ms=30659.3 generation_ms=315795.3 generated=64 generation_tps=0.203
AGENT index=11 mig=fafc828a exit=0 wall_ms=235687 text=ad0d6edf343e5e28 role=child prefix_tokens=14282 suffix_tokens=22 model_ms=21812.2 context_ms=336.3 state_ms=73.16 prefix_ms=0.0 suffix_ms=6117.9 first_token_ms=33225.8 generation_ms=201730.2 generated=64 generation_tps=0.317
AGENT index=12 mig=31ffbfe4 exit=0 wall_ms=300533 text=2c93819fe85df763 role=child prefix_tokens=14282 suffix_tokens=21 model_ms=11280.8 context_ms=1094.1 state_ms=16.00 prefix_ms=0.0 suffix_ms=1980.3 first_token_ms=19659.2 generation_ms=280475.3 generated=64 generation_tps=0.228
AGENT index=13 mig=fafc828a exit=0 wall_ms=237330 text=5d483815f91685a6 role=child prefix_tokens=14282 suffix_tokens=31 model_ms=21576.8 context_ms=570.7 state_ms=12.76 prefix_ms=0.0 suffix_ms=6633.2 first_token_ms=33650.5 generation_ms=202958.3 generated=64 generation_tps=0.315
AGENT index=14 mig=31ffbfe4 exit=0 wall_ms=350140 text=f8f770d151794139 role=child prefix_tokens=14282 suffix_tokens=21 model_ms=21399.7 context_ms=452.6 state_ms=6.57 prefix_ms=0.0 suffix_ms=9613.0 first_token_ms=36505.7 generation_ms=312503.7 generated=64 generation_tps=0.205
AGENT index=15 mig=fafc828a exit=0 wall_ms=232649 text=0d9668c2f9cbc9fc role=child prefix_tokens=14282 suffix_tokens=26 model_ms=18213.0 context_ms=676.9 state_ms=42.14 prefix_ms=0.0 suffix_ms=2855.4 first_token_ms=26865.2 generation_ms=205257.0 generated=64 generation_tps=0.312
AGENT index=16 mig=31ffbfe4 exit=0 wall_ms=348872 text=a6ffaf564cadb5d1 role=child prefix_tokens=14282 suffix_tokens=25 model_ms=19282.5 context_ms=572.7 state_ms=30.50 prefix_ms=0.0 suffix_ms=7826.9 first_token_ms=32931.3 generation_ms=315456.3 generated=64 generation_tps=0.203
AGENT index=17 mig=fafc828a exit=0 wall_ms=225173 text=6bd685fbc4b441ec role=child prefix_tokens=14282 suffix_tokens=22 model_ms=17149.9 context_ms=715.3 state_ms=43.62 prefix_ms=0.0 suffix_ms=1506.0 first_token_ms=24432.4 generation_ms=200266.0 generated=64 generation_tps=0.320
AGENT index=18 mig=31ffbfe4 exit=0 wall_ms=341702 text=ba15e410535ababc role=child prefix_tokens=14282 suffix_tokens=21 model_ms=16351.8 context_ms=711.2 state_ms=90.51 prefix_ms=0.0 suffix_ms=3098.8 first_token_ms=26039.5 generation_ms=315245.0 generated=64 generation_tps=0.203
AGENT index=19 mig=fafc828a exit=0 wall_ms=157108 text=4c7501e634d9bf23 role=child prefix_tokens=14282 suffix_tokens=18 model_ms=10134.5 context_ms=2350.5 state_ms=15.96 prefix_ms=0.0 suffix_ms=1695.9 first_token_ms=18539.7 generation_ms=138088.1 generated=64 generation_tps=0.463
AGENT index=20 mig=31ffbfe4 exit=0 wall_ms=350146 text=b3893059e7e79532 role=child prefix_tokens=14282 suffix_tokens=21 model_ms=20063.6 context_ms=423.3 state_ms=41.20 prefix_ms=0.0 suffix_ms=8662.1 first_token_ms=34323.3 generation_ms=314649.3 generated=64 generation_tps=0.203
AGENT index=21 mig=fafc828a exit=0 wall_ms=236951 text=284eef78a2286715 role=child prefix_tokens=14282 suffix_tokens=26 model_ms=21707.7 context_ms=393.4 state_ms=7.07 prefix_ms=0.0 suffix_ms=6643.3 first_token_ms=33622.1 generation_ms=202754.2 generated=64 generation_tps=0.316
AGENT index=22 mig=31ffbfe4 exit=0 wall_ms=295765 text=ad3122b47bf9d41d role=child prefix_tokens=14282 suffix_tokens=27 model_ms=10908.0 context_ms=1414.9 state_ms=15.49 prefix_ms=0.0 suffix_ms=1764.0 first_token_ms=19144.0 generation_ms=276189.1 generated=64 generation_tps=0.232
AGENT index=23 mig=fafc828a exit=0 wall_ms=232680 text=fd9dec9936f784ff role=child prefix_tokens=14282 suffix_tokens=17 model_ms=19145.7 context_ms=334.9 state_ms=43.78 prefix_ms=0.0 suffix_ms=2779.3 first_token_ms=27583.2 generation_ms=204477.6 generated=64 generation_tps=0.313
AGENT index=24 mig=31ffbfe4 exit=0 wall_ms=350431 text=9834d2c93010cb40 role=child prefix_tokens=14282 suffix_tokens=22 model_ms=21049.4 context_ms=518.4 state_ms=18.05 prefix_ms=0.0 suffix_ms=9204.4 first_token_ms=35765.0 generation_ms=313695.1 generated=64 generation_tps=0.204
AGENT index=25 mig=fafc828a exit=0 wall_ms=238792 text=d4e1fcaa961685d1 role=child prefix_tokens=14282 suffix_tokens=23 model_ms=21111.0 context_ms=520.6 state_ms=6.92 prefix_ms=0.0 suffix_ms=6151.3 first_token_ms=32961.4 generation_ms=204807.8 generated=64 generation_tps=0.312
AGENT index=26 mig=31ffbfe4 exit=0 wall_ms=348974 text=9e35020256b4a71c role=child prefix_tokens=14282 suffix_tokens=19 model_ms=19778.5 context_ms=484.4 state_ms=22.58 prefix_ms=0.0 suffix_ms=9199.3 first_token_ms=35302.2 generation_ms=313161.4 generated=64 generation_tps=0.204
AGENT index=27 mig=fafc828a exit=0 wall_ms=238901 text=178df8f18d21f57e role=child prefix_tokens=14282 suffix_tokens=21 model_ms=20172.5 context_ms=595.5 state_ms=38.25 prefix_ms=0.0 suffix_ms=5328.4 first_token_ms=31369.3 generation_ms=206187.6 generated=64 generation_tps=0.310
AGENT index=28 mig=31ffbfe4 exit=0 wall_ms=349105 text=15c67d79a860da75 role=child prefix_tokens=14282 suffix_tokens=20 model_ms=21822.0 context_ms=293.9 state_ms=7.84 prefix_ms=0.0 suffix_ms=9299.1 first_token_ms=36217.3 generation_ms=312287.3 generated=64 generation_tps=0.205
AGENT index=29 mig=fafc828a exit=0 wall_ms=239325 text=a72f71cd80731afe role=child prefix_tokens=14282 suffix_tokens=22 model_ms=21479.2 context_ms=345.2 state_ms=6.78 prefix_ms=0.0 suffix_ms=6072.2 first_token_ms=33053.6 generation_ms=204744.1 generated=64 generation_tps=0.313
AGENT index=30 mig=31ffbfe4 exit=0 wall_ms=340365 text=317f6f38771a1e41 role=child prefix_tokens=14282 suffix_tokens=20 model_ms=16531.2 context_ms=1141.5 state_ms=63.32 prefix_ms=0.0 suffix_ms=3266.9 first_token_ms=25856.2 generation_ms=314062.2 generated=64 generation_tps=0.204
AGENT index=31 mig=fafc828a exit=0 wall_ms=221845 text=d52293b0dc058085 role=child prefix_tokens=14282 suffix_tokens=22 model_ms=15989.6 context_ms=1067.2 state_ms=50.87 prefix_ms=0.0 suffix_ms=2047.5 first_token_ms=24017.8 generation_ms=197339.7 generated=64 generation_tps=0.324
AGENT index=32 mig=31ffbfe4 exit=0 wall_ms=350791 text=a067a6895417f0e8 role=child prefix_tokens=14282 suffix_tokens=28 model_ms=20748.5 context_ms=331.9 state_ms=7.93 prefix_ms=0.0 suffix_ms=9742.8 first_token_ms=36584.9 generation_ms=312944.0 generated=64 generation_tps=0.205
AGENT index=33 mig=fafc828a exit=0 wall_ms=158992 text=5b450cf9627e77b9 role=child prefix_tokens=14282 suffix_tokens=23 model_ms=8900.3 context_ms=2430.2 state_ms=8.66 prefix_ms=0.0 suffix_ms=1619.6 first_token_ms=18498.7 generation_ms=140013.7 generated=64 generation_tps=0.457
AGENT index=34 mig=31ffbfe4 exit=0 wall_ms=349172 text=5c09b6f1d055319b role=child prefix_tokens=14282 suffix_tokens=25 model_ms=21329.3 context_ms=261.9 state_ms=7.62 prefix_ms=0.0 suffix_ms=9668.0 first_token_ms=36627.0 generation_ms=311999.2 generated=64 generation_tps=0.205
AGENT index=35 mig=fafc828a exit=0 wall_ms=239022 text=077e38d3762a4e5d role=child prefix_tokens=14282 suffix_tokens=33 model_ms=21619.7 context_ms=245.5 state_ms=9.73 prefix_ms=0.0 suffix_ms=7235.6 first_token_ms=33966.6 generation_ms=203665.2 generated=64 generation_tps=0.314
AGENT index=36 mig=31ffbfe4 exit=0 wall_ms=348619 text=836ebfaf7d21007d role=child prefix_tokens=14282 suffix_tokens=24 model_ms=21174.0 context_ms=646.9 state_ms=7.91 prefix_ms=0.0 suffix_ms=9129.3 first_token_ms=35781.3 generation_ms=312397.5 generated=64 generation_tps=0.205
AGENT index=37 mig=fafc828a exit=0 wall_ms=235656 text=b5c1cde845350686 role=child prefix_tokens=14282 suffix_tokens=27 model_ms=17498.2 context_ms=920.9 state_ms=43.92 prefix_ms=0.0 suffix_ms=3524.9 first_token_ms=27852.7 generation_ms=207172.1 generated=64 generation_tps=0.309
AGENT index=38 mig=31ffbfe4 exit=0 wall_ms=347027 text=e57f2865bc99ed0e role=child prefix_tokens=14282 suffix_tokens=22 model_ms=18387.3 context_ms=746.3 state_ms=54.43 prefix_ms=0.0 suffix_ms=6477.4 first_token_ms=30971.4 generation_ms=315603.6 generated=64 generation_tps=0.203
AGENT index=39 mig=fafc828a exit=0 wall_ms=238042 text=f9c832b7cad1a509 role=child prefix_tokens=14282 suffix_tokens=32 model_ms=21572.4 context_ms=304.4 state_ms=6.31 prefix_ms=0.0 suffix_ms=6755.2 first_token_ms=33594.3 generation_ms=203461.1 generated=64 generation_tps=0.315
AGENT index=40 mig=31ffbfe4 exit=0 wall_ms=346887 text=1bedc9985ebffdf3 role=child prefix_tokens=14282 suffix_tokens=19 model_ms=20481.5 context_ms=448.3 state_ms=27.55 prefix_ms=0.0 suffix_ms=9171.6 first_token_ms=35641.4 generation_ms=310740.4 generated=64 generation_tps=0.206
AGENT index=41 mig=fafc828a exit=0 wall_ms=236046 text=3be32d4f1f40e878 role=child prefix_tokens=14282 suffix_tokens=19 model_ms=21859.4 context_ms=346.7 state_ms=12.34 prefix_ms=0.0 suffix_ms=6060.0 first_token_ms=33042.2 generation_ms=202264.7 generated=64 generation_tps=0.316
AGENT index=42 mig=31ffbfe4 exit=0 wall_ms=346085 text=519b2de5b706a49d role=child prefix_tokens=14282 suffix_tokens=18 model_ms=18019.0 context_ms=726.5 state_ms=32.15 prefix_ms=0.0 suffix_ms=5209.4 first_token_ms=29681.0 generation_ms=315955.3 generated=64 generation_tps=0.203
AGENT index=43 mig=fafc828a exit=0 wall_ms=239278 text=ad92edad967aef00 role=child prefix_tokens=14282 suffix_tokens=22 model_ms=21520.2 context_ms=375.9 state_ms=7.33 prefix_ms=0.0 suffix_ms=6043.3 first_token_ms=32987.0 generation_ms=204651.2 generated=64 generation_tps=0.313
AGENT index=44 mig=31ffbfe4 exit=0 wall_ms=350128 text=806eb5a225900d3a role=child prefix_tokens=14282 suffix_tokens=21 model_ms=20829.8 context_ms=255.7 state_ms=6.51 prefix_ms=0.0 suffix_ms=9442.2 first_token_ms=36404.9 generation_ms=312598.1 generated=64 generation_tps=0.205
AGENT index=45 mig=fafc828a exit=0 wall_ms=234045 text=9f441c92dda94d6e role=child prefix_tokens=14282 suffix_tokens=31 model_ms=17759.8 context_ms=814.9 state_ms=32.84 prefix_ms=0.0 suffix_ms=2800.4 first_token_ms=26913.2 generation_ms=206616.3 generated=64 generation_tps=0.310
AGENT index=46 mig=31ffbfe4 exit=0 wall_ms=346782 text=3f33f20708943e2f role=child prefix_tokens=14282 suffix_tokens=21 model_ms=19062.2 context_ms=499.9 state_ms=62.52 prefix_ms=0.0 suffix_ms=6348.5 first_token_ms=30927.6 generation_ms=315370.4 generated=64 generation_tps=0.203
AGENT index=47 mig=fafc828a exit=0 wall_ms=231115 text=0d9668c2f9cbc9fc role=child prefix_tokens=14282 suffix_tokens=26 model_ms=17849.9 context_ms=461.4 state_ms=28.52 prefix_ms=0.0 suffix_ms=2387.2 first_token_ms=25853.3 generation_ms=204762.2 generated=64 generation_tps=0.313
AGENT index=48 mig=31ffbfe4 exit=0 wall_ms=346333 text=27f58a7742c668f5 role=child prefix_tokens=14282 suffix_tokens=25 model_ms=20166.1 context_ms=399.4 state_ms=38.57 prefix_ms=0.0 suffix_ms=9369.9 first_token_ms=35491.2 generation_ms=310403.6 generated=64 generation_tps=0.206
AGENT index=49 mig=fafc828a exit=0 wall_ms=235558 text=6bd685fbc4b441ec role=child prefix_tokens=14282 suffix_tokens=22 model_ms=18482.0 context_ms=787.8 state_ms=50.52 prefix_ms=0.0 suffix_ms=3218.6 first_token_ms=27651.6 generation_ms=207121.3 generated=64 generation_tps=0.309
AGENT index=50 mig=31ffbfe4 exit=0 wall_ms=350640 text=802dc3b79f95f0ef role=child prefix_tokens=14282 suffix_tokens=21 model_ms=20888.6 context_ms=520.6 state_ms=6.97 prefix_ms=0.0 suffix_ms=9424.0 first_token_ms=36204.8 generation_ms=313192.6 generated=64 generation_tps=0.204
AGENT index=51 mig=fafc828a exit=0 wall_ms=231993 text=88ab36014083e9b4 role=child prefix_tokens=14282 suffix_tokens=18 model_ms=17359.4 context_ms=725.7 state_ms=59.46 prefix_ms=0.0 suffix_ms=2124.7 first_token_ms=25937.0 generation_ms=205536.6 generated=64 generation_tps=0.311
AGENT index=52 mig=31ffbfe4 exit=0 wall_ms=350231 text=56ae1f5c8f39885b role=child prefix_tokens=14282 suffix_tokens=21 model_ms=19420.0 context_ms=757.3 state_ms=31.18 prefix_ms=0.0 suffix_ms=9164.0 first_token_ms=35156.9 generation_ms=313845.5 generated=64 generation_tps=0.204
AGENT index=53 mig=fafc828a exit=0 wall_ms=238090 text=11e4c2a85150fa06 role=child prefix_tokens=14282 suffix_tokens=26 model_ms=20967.3 context_ms=512.4 state_ms=19.74 prefix_ms=0.0 suffix_ms=6414.2 first_token_ms=32831.3 generation_ms=204379.7 generated=64 generation_tps=0.313
AGENT index=54 mig=31ffbfe4 exit=0 wall_ms=349497 text=3b6f5b9c968721eb role=child prefix_tokens=14282 suffix_tokens=27 model_ms=20911.7 context_ms=773.6 state_ms=12.67 prefix_ms=0.0 suffix_ms=9429.0 first_token_ms=35936.4 generation_ms=312836.1 generated=64 generation_tps=0.205
AGENT index=55 mig=fafc828a exit=0 wall_ms=234524 text=7e4fad52bd577abf role=child prefix_tokens=14282 suffix_tokens=17 model_ms=21122.9 context_ms=689.6 state_ms=8.06 prefix_ms=0.0 suffix_ms=5753.7 first_token_ms=32314.0 generation_ms=201703.5 generated=64 generation_tps=0.317
AGENT index=56 mig=31ffbfe4 exit=0 wall_ms=349763 text=9834d2c93010cb40 role=child prefix_tokens=14282 suffix_tokens=22 model_ms=20500.1 context_ms=518.7 state_ms=9.56 prefix_ms=0.0 suffix_ms=9337.1 first_token_ms=36167.0 generation_ms=312925.3 generated=64 generation_tps=0.205
AGENT index=57 mig=fafc828a exit=0 wall_ms=239036 text=50630b6612aba7b8 role=child prefix_tokens=14282 suffix_tokens=23 model_ms=21012.8 context_ms=366.5 state_ms=8.33 prefix_ms=0.0 suffix_ms=5987.7 first_token_ms=32842.9 generation_ms=204774.1 generated=64 generation_tps=0.313
AGENT index=58 mig=31ffbfe4 exit=0 wall_ms=349455 text=9ca71337e20d8558 role=child prefix_tokens=14282 suffix_tokens=19 model_ms=21693.2 context_ms=288.6 state_ms=8.14 prefix_ms=0.0 suffix_ms=9317.9 first_token_ms=36131.2 generation_ms=312568.1 generated=64 generation_tps=0.205
AGENT index=59 mig=fafc828a exit=0 wall_ms=236098 text=a0d59f42adbdb7a7 role=child prefix_tokens=14282 suffix_tokens=21 model_ms=21037.6 context_ms=583.3 state_ms=10.44 prefix_ms=0.0 suffix_ms=5875.1 first_token_ms=32452.1 generation_ms=202984.0 generated=64 generation_tps=0.315
AGENT index=60 mig=31ffbfe4 exit=0 wall_ms=349248 text=b1fe3c81bfb2916f role=child prefix_tokens=14282 suffix_tokens=20 model_ms=19711.0 context_ms=683.1 state_ms=10.27 prefix_ms=0.0 suffix_ms=9236.3 first_token_ms=35486.7 generation_ms=313003.5 generated=64 generation_tps=0.204
AGENT index=61 mig=fafc828a exit=0 wall_ms=239309 text=5b7f00ee41a4f8ef role=child prefix_tokens=14282 suffix_tokens=22 model_ms=20408.1 context_ms=539.2 state_ms=6.92 prefix_ms=0.0 suffix_ms=5984.0 first_token_ms=32724.6 generation_ms=205060.6 generated=64 generation_tps=0.312
AGENT index=62 mig=31ffbfe4 exit=0 wall_ms=344286 text=c17cb2a0a71c6a47 role=child prefix_tokens=14282 suffix_tokens=20 model_ms=17644.9 context_ms=1087.5 state_ms=70.55 prefix_ms=0.0 suffix_ms=3446.5 first_token_ms=27445.6 generation_ms=316407.2 generated=64 generation_tps=0.202
AGENT index=63 mig=fafc828a exit=0 wall_ms=237018 text=3b010582add6c19e role=child prefix_tokens=14282 suffix_tokens=22 model_ms=19852.4 context_ms=675.5 state_ms=38.51 prefix_ms=0.0 suffix_ms=5973.9 first_token_ms=31939.7 generation_ms=204358.8 generated=64 generation_tps=0.313
AGENT index=64 mig=31ffbfe4 exit=0 wall_ms=350250 text=3f50371ecb0032a2 role=child prefix_tokens=14282 suffix_tokens=28 model_ms=20807.8 context_ms=346.3 state_ms=8.95 prefix_ms=0.0 suffix_ms=9701.0 first_token_ms=36462.5 generation_ms=312673.0 generated=64 generation_tps=0.205
AGENT index=65 mig=fafc828a exit=0 wall_ms=231119 text=88835aea19336bf3 role=child prefix_tokens=14282 suffix_tokens=23 model_ms=17758.4 context_ms=728.2 state_ms=36.20 prefix_ms=0.0 suffix_ms=3191.1 first_token_ms=26421.3 generation_ms=204104.8 generated=64 generation_tps=0.314
AGENT index=66 mig=31ffbfe4 exit=0 wall_ms=349254 text=56cc6fc91016e6d9 role=child prefix_tokens=14282 suffix_tokens=25 model_ms=21183.2 context_ms=436.3 state_ms=11.51 prefix_ms=0.0 suffix_ms=9574.6 first_token_ms=36233.1 generation_ms=312380.3 generated=64 generation_tps=0.205
AGENT index=67 mig=fafc828a exit=0 wall_ms=239118 text=28222a18d507172c role=child prefix_tokens=14282 suffix_tokens=33 model_ms=19881.4 context_ms=582.9 state_ms=31.19 prefix_ms=0.0 suffix_ms=6784.6 first_token_ms=32607.6 generation_ms=205113.5 generated=64 generation_tps=0.312
AGENT index=68 mig=31ffbfe4 exit=0 wall_ms=347142 text=836ebfaf7d21007d role=child prefix_tokens=14282 suffix_tokens=24 model_ms=19916.9 context_ms=520.2 state_ms=21.70 prefix_ms=0.0 suffix_ms=6853.3 first_token_ms=32107.4 generation_ms=314572.0 generated=64 generation_tps=0.203
AGENT index=69 mig=fafc828a exit=0 wall_ms=161679 text=4e58d1434e38d87b role=child prefix_tokens=14282 suffix_tokens=27 model_ms=11214.0 context_ms=1047.6 state_ms=15.39 prefix_ms=0.0 suffix_ms=1529.7 first_token_ms=18875.8 generation_ms=142337.2 generated=64 generation_tps=0.450
AGENT index=70 mig=31ffbfe4 exit=0 wall_ms=349296 text=2bc8a87702ffa5ba role=child prefix_tokens=14282 suffix_tokens=22 model_ms=21098.5 context_ms=535.8 state_ms=6.39 prefix_ms=0.0 suffix_ms=9397.3 first_token_ms=36095.2 generation_ms=312426.5 generated=64 generation_tps=0.205
AGENT index=71 mig=fafc828a exit=0 wall_ms=238080 text=f9c832b7cad1a509 role=child prefix_tokens=14282 suffix_tokens=32 model_ms=19301.8 context_ms=404.5 state_ms=52.88 prefix_ms=0.0 suffix_ms=5343.2 first_token_ms=30436.3 generation_ms=206708.0 generated=64 generation_tps=0.310
AGENT index=72 mig=31ffbfe4 exit=0 wall_ms=349895 text=4e007a54c417b8e2 role=child prefix_tokens=14282 suffix_tokens=19 model_ms=21418.9 context_ms=329.4 state_ms=11.15 prefix_ms=0.0 suffix_ms=9396.0 first_token_ms=36205.6 generation_ms=312487.4 generated=64 generation_tps=0.205
AGENT index=73 mig=fafc828a exit=0 wall_ms=239404 text=f69b628d0f4868ff role=child prefix_tokens=14282 suffix_tokens=19 model_ms=21083.0 context_ms=211.1 state_ms=6.32 prefix_ms=0.0 suffix_ms=6092.6 first_token_ms=32911.7 generation_ms=204877.8 generated=64 generation_tps=0.312
AGENT index=74 mig=31ffbfe4 exit=0 wall_ms=350476 text=ab6f927a6830d128 role=child prefix_tokens=14282 suffix_tokens=18 model_ms=21438.1 context_ms=315.5 state_ms=6.17 prefix_ms=0.0 suffix_ms=9169.2 first_token_ms=35783.3 generation_ms=313395.9 generated=64 generation_tps=0.204
AGENT index=75 mig=fafc828a exit=0 wall_ms=237004 text=3f79542af35d277d role=child prefix_tokens=14282 suffix_tokens=22 model_ms=20391.2 context_ms=425.3 state_ms=26.36 prefix_ms=0.0 suffix_ms=5900.0 first_token_ms=31893.0 generation_ms=204300.8 generated=64 generation_tps=0.313
AGENT index=76 mig=31ffbfe4 exit=0 wall_ms=343184 text=2c93819fe85df763 role=child prefix_tokens=14282 suffix_tokens=21 model_ms=17042.7 context_ms=599.1 state_ms=62.40 prefix_ms=0.0 suffix_ms=3634.5 first_token_ms=26541.9 generation_ms=316196.7 generated=64 generation_tps=0.202
AGENT index=77 mig=fafc828a exit=0 wall_ms=237452 text=5d483815f91685a6 role=child prefix_tokens=14282 suffix_tokens=31 model_ms=21537.5 context_ms=289.3 state_ms=6.26 prefix_ms=0.0 suffix_ms=6713.6 first_token_ms=33572.3 generation_ms=203161.4 generated=64 generation_tps=0.315
AGENT index=78 mig=31ffbfe4 exit=0 wall_ms=347241 text=3f33f20708943e2f role=child prefix_tokens=14282 suffix_tokens=21 model_ms=19384.7 context_ms=515.3 state_ms=62.44 prefix_ms=0.0 suffix_ms=7463.6 first_token_ms=32502.5 generation_ms=314334.4 generated=64 generation_tps=0.204
AGENT index=79 mig=fafc828a exit=0 wall_ms=239441 text=0d9668c2f9cbc9fc role=child prefix_tokens=14282 suffix_tokens=26 model_ms=21671.4 context_ms=205.6 state_ms=10.91 prefix_ms=0.0 suffix_ms=6709.7 first_token_ms=33509.5 generation_ms=204305.6 generated=64 generation_tps=0.313
AGENT index=80 mig=31ffbfe4 exit=0 wall_ms=350652 text=86d4ee1044251a25 role=child prefix_tokens=14282 suffix_tokens=25 model_ms=20396.5 context_ms=606.9 state_ms=9.16 prefix_ms=0.0 suffix_ms=9469.3 first_token_ms=36008.5 generation_ms=313361.0 generated=64 generation_tps=0.204
AGENT index=81 mig=fafc828a exit=0 wall_ms=133412 text=facc2c2ea4689e1e role=child prefix_tokens=14282 suffix_tokens=22 model_ms=5259.0 context_ms=3881.5 state_ms=15.12 prefix_ms=0.0 suffix_ms=2783.5 first_token_ms=17640.1 generation_ms=111991.4 generated=64 generation_tps=0.571
AGENT index=82 mig=31ffbfe4 exit=0 wall_ms=347899 text=ce66287a7832a2bb role=child prefix_tokens=14282 suffix_tokens=21 model_ms=20831.7 context_ms=507.7 state_ms=18.72 prefix_ms=0.0 suffix_ms=9345.9 first_token_ms=35375.0 generation_ms=312070.6 generated=64 generation_tps=0.205
AGENT index=83 mig=fafc828a exit=0 wall_ms=239287 text=cdf6d4762f0ad9c6 role=child prefix_tokens=14282 suffix_tokens=18 model_ms=19931.6 context_ms=585.1 state_ms=18.24 prefix_ms=0.0 suffix_ms=5763.1 first_token_ms=32211.0 generation_ms=205560.5 generated=64 generation_tps=0.311
AGENT index=84 mig=31ffbfe4 exit=0 wall_ms=349315 text=1af3357d195a5902 role=child prefix_tokens=14282 suffix_tokens=21 model_ms=20734.3 context_ms=338.5 state_ms=17.17 prefix_ms=0.0 suffix_ms=9430.2 first_token_ms=36055.6 generation_ms=312605.3 generated=64 generation_tps=0.205
AGENT index=85 mig=fafc828a exit=0 wall_ms=234171 text=957077b2ac48aee9 role=child prefix_tokens=14282 suffix_tokens=26 model_ms=17460.5 context_ms=711.4 state_ms=42.61 prefix_ms=0.0 suffix_ms=3151.6 first_token_ms=27027.1 generation_ms=206632.0 generated=64 generation_tps=0.310
AGENT index=86 mig=31ffbfe4 exit=0 wall_ms=350549 text=1b55181381f9c4bb role=child prefix_tokens=14282 suffix_tokens=27 model_ms=20585.1 context_ms=458.1 state_ms=10.95 prefix_ms=0.0 suffix_ms=9298.0 first_token_ms=35654.1 generation_ms=313501.4 generated=64 generation_tps=0.204
AGENT index=87 mig=fafc828a exit=0 wall_ms=239359 text=b8ac585c0a873612 role=child prefix_tokens=14282 suffix_tokens=17 model_ms=20503.6 context_ms=364.4 state_ms=7.86 prefix_ms=0.0 suffix_ms=5976.8 first_token_ms=32771.2 generation_ms=205008.5 generated=64 generation_tps=0.312
AGENT index=88 mig=31ffbfe4 exit=0 wall_ms=340883 text=9834d2c93010cb40 role=child prefix_tokens=14282 suffix_tokens=22 model_ms=16381.0 context_ms=529.2 state_ms=50.64 prefix_ms=0.0 suffix_ms=3052.6 first_token_ms=25645.8 generation_ms=314839.1 generated=64 generation_tps=0.203
AGENT index=89 mig=fafc828a exit=0 wall_ms=234889 text=4a108aa854664970 role=child prefix_tokens=14282 suffix_tokens=23 model_ms=17884.5 context_ms=935.4 state_ms=62.41 prefix_ms=0.0 suffix_ms=2860.8 first_token_ms=27430.5 generation_ms=206960.2 generated=64 generation_tps=0.309
AGENT index=90 mig=31ffbfe4 exit=0 wall_ms=339155 text=dbc7a5d875e3e7e1 role=child prefix_tokens=14282 suffix_tokens=19 model_ms=15779.6 context_ms=640.7 state_ms=43.75 prefix_ms=0.0 suffix_ms=2761.4 first_token_ms=24945.8 generation_ms=313751.0 generated=64 generation_tps=0.204
AGENT index=91 mig=fafc828a exit=0 wall_ms=235064 text=7b1e906b43903ada role=child prefix_tokens=14282 suffix_tokens=21 model_ms=19705.4 context_ms=618.5 state_ms=22.16 prefix_ms=0.0 suffix_ms=5694.5 first_token_ms=31327.0 generation_ms=203239.6 generated=64 generation_tps=0.315
AGENT index=92 mig=31ffbfe4 exit=0 wall_ms=348786 text=6270d284b62a8043 role=child prefix_tokens=14282 suffix_tokens=20 model_ms=20751.5 context_ms=564.8 state_ms=9.15 prefix_ms=0.0 suffix_ms=9121.8 first_token_ms=35501.5 generation_ms=312815.9 generated=64 generation_tps=0.205
AGENT index=93 mig=fafc828a exit=0 wall_ms=237248 text=ce087b8cf95f26a2 role=child prefix_tokens=14282 suffix_tokens=22 model_ms=20205.5 context_ms=361.7 state_ms=20.53 prefix_ms=0.0 suffix_ms=5821.3 first_token_ms=32109.1 generation_ms=204356.9 generated=64 generation_tps=0.313
AGENT index=94 mig=31ffbfe4 exit=0 wall_ms=348028 text=4878ce4ae644876a role=child prefix_tokens=14282 suffix_tokens=20 model_ms=21728.1 context_ms=229.9 state_ms=6.36 prefix_ms=0.0 suffix_ms=9402.5 first_token_ms=36217.6 generation_ms=311367.6 generated=64 generation_tps=0.206
AGENT index=95 mig=fafc828a exit=0 wall_ms=238933 text=93d0d9337eb50146 role=child prefix_tokens=14282 suffix_tokens=22 model_ms=20687.8 context_ms=517.0 state_ms=8.51 prefix_ms=0.0 suffix_ms=5882.8 first_token_ms=32500.8 generation_ms=205057.4 generated=64 generation_tps=0.312
AGENT index=96 mig=31ffbfe4 exit=0 wall_ms=300863 text=5b3e8496b267e28f role=child prefix_tokens=14282 suffix_tokens=28 model_ms=10736.3 context_ms=1172.5 state_ms=11.05 prefix_ms=0.0 suffix_ms=1866.6 first_token_ms=19243.5 generation_ms=281202.1 generated=64 generation_tps=0.228
AGENT index=97 mig=fafc828a exit=0 wall_ms=237135 text=5b450cf9627e77b9 role=child prefix_tokens=14282 suffix_tokens=23 model_ms=20806.8 context_ms=504.2 state_ms=6.42 prefix_ms=0.0 suffix_ms=5985.4 first_token_ms=32561.6 generation_ms=203710.9 generated=64 generation_tps=0.314
AGENT index=98 mig=31ffbfe4 exit=0 wall_ms=350672 text=f1423a12d392ea73 role=child prefix_tokens=14282 suffix_tokens=25 model_ms=20541.3 context_ms=364.6 state_ms=6.46 prefix_ms=0.0 suffix_ms=9608.8 first_token_ms=36372.8 generation_ms=313076.3 generated=64 generation_tps=0.204
AGENT index=99 mig=fafc828a exit=0 wall_ms=236073 text=65315b3a048c65d3 role=child prefix_tokens=14282 suffix_tokens=33 model_ms=17648.6 context_ms=839.3 state_ms=50.27 prefix_ms=0.0 suffix_ms=4175.3 first_token_ms=27928.8 generation_ms=207569.7 generated=64 generation_tps=0.308
AGENT index=100 mig=31ffbfe4 exit=0 wall_ms=349747 text=46bf93c2b1366bc6 role=child prefix_tokens=14282 suffix_tokens=25 model_ms=19244.4 context_ms=604.2 state_ms=34.86 prefix_ms=0.0 suffix_ms=9338.2 first_token_ms=34872.7 generation_ms=314043.4 generated=64 generation_tps=0.204
AGENT index=101 mig=fafc828a exit=0 wall_ms=235789 text=c62512a5d8b596ef role=child prefix_tokens=14282 suffix_tokens=28 model_ms=20990.9 context_ms=334.8 state_ms=20.77 prefix_ms=0.0 suffix_ms=6374.5 first_token_ms=32526.9 generation_ms=202682.4 generated=64 generation_tps=0.316
AGENT index=102 mig=31ffbfe4 exit=0 wall_ms=350384 text=1e3a87d5bf89af05 role=child prefix_tokens=14282 suffix_tokens=23 model_ms=19413.4 context_ms=756.9 state_ms=34.76 prefix_ms=0.0 suffix_ms=9111.7 first_token_ms=35160.4 generation_ms=314249.0 generated=64 generation_tps=0.204
AGENT index=103 mig=fafc828a exit=0 wall_ms=236006 text=f9c832b7cad1a509 role=child prefix_tokens=14282 suffix_tokens=33 model_ms=17976.9 context_ms=675.3 state_ms=61.65 prefix_ms=0.0 suffix_ms=5329.0 first_token_ms=29564.9 generation_ms=205731.9 generated=64 generation_tps=0.311
AGENT index=104 mig=31ffbfe4 exit=0 wall_ms=350350 text=788265a3a7959ede role=child prefix_tokens=14282 suffix_tokens=20 model_ms=20072.7 context_ms=480.7 state_ms=21.44 prefix_ms=0.0 suffix_ms=9152.2 first_token_ms=35124.9 generation_ms=313941.3 generated=64 generation_tps=0.204
AGENT index=105 mig=fafc828a exit=0 wall_ms=238029 text=9bbcff728ca7192b role=child prefix_tokens=14282 suffix_tokens=20 model_ms=19727.1 context_ms=591.1 state_ms=27.73 prefix_ms=0.0 suffix_ms=5423.8 first_token_ms=30972.3 generation_ms=205879.4 generated=64 generation_tps=0.311
AGENT index=106 mig=31ffbfe4 exit=0 wall_ms=344554 text=f4dd5b98bdc77fee role=child prefix_tokens=14282 suffix_tokens=19 model_ms=18084.0 context_ms=568.1 state_ms=20.34 prefix_ms=0.0 suffix_ms=5533.1 first_token_ms=29536.6 generation_ms=314576.1 generated=64 generation_tps=0.203
AGENT index=107 mig=fafc828a exit=0 wall_ms=233267 text=b75a2e4512194a0a role=child prefix_tokens=14282 suffix_tokens=23 model_ms=17377.2 context_ms=610.8 state_ms=47.08 prefix_ms=0.0 suffix_ms=2442.0 first_token_ms=26257.9 generation_ms=206524.4 generated=64 generation_tps=0.310
AGENT index=108 mig=31ffbfe4 exit=0 wall_ms=343465 text=2c93819fe85df763 role=child prefix_tokens=14282 suffix_tokens=22 model_ms=18225.8 context_ms=296.4 state_ms=38.22 prefix_ms=0.0 suffix_ms=3429.0 first_token_ms=27125.3 generation_ms=315918.7 generated=64 generation_tps=0.203
AGENT index=109 mig=fafc828a exit=0 wall_ms=231825 text=5d483815f91685a6 role=child prefix_tokens=14282 suffix_tokens=32 model_ms=17111.3 context_ms=784.4 state_ms=19.26 prefix_ms=0.0 suffix_ms=1967.7 first_token_ms=25699.2 generation_ms=205601.8 generated=64 generation_tps=0.311
AGENT index=110 mig=31ffbfe4 exit=0 wall_ms=350629 text=3f33f20708943e2f role=child prefix_tokens=14282 suffix_tokens=22 model_ms=20404.0 context_ms=405.2 state_ms=10.34 prefix_ms=0.0 suffix_ms=9435.2 first_token_ms=36119.8 generation_ms=313219.9 generated=64 generation_tps=0.204
AGENT index=111 mig=fafc828a exit=0 wall_ms=234190 text=0d9668c2f9cbc9fc role=child prefix_tokens=14282 suffix_tokens=27 model_ms=17907.9 context_ms=768.9 state_ms=63.42 prefix_ms=0.0 suffix_ms=3150.9 first_token_ms=27396.5 generation_ms=206263.8 generated=64 generation_tps=0.310
AGENT index=112 mig=31ffbfe4 exit=0 wall_ms=348493 text=787d0f2cb9f0f5f6 role=child prefix_tokens=14282 suffix_tokens=26 model_ms=21129.1 context_ms=416.1 state_ms=7.50 prefix_ms=0.0 suffix_ms=9656.1 first_token_ms=36352.0 generation_ms=311717.7 generated=64 generation_tps=0.205
AGENT index=113 mig=fafc828a exit=0 wall_ms=237235 text=1d161aafe68538d2 role=child prefix_tokens=14282 suffix_tokens=23 model_ms=21095.5 context_ms=393.4 state_ms=8.50 prefix_ms=0.0 suffix_ms=6110.5 first_token_ms=32625.3 generation_ms=203975.5 generated=64 generation_tps=0.314
AGENT index=114 mig=31ffbfe4 exit=0 wall_ms=349642 text=2f3bcae6671ff31f role=child prefix_tokens=14282 suffix_tokens=22 model_ms=21740.3 context_ms=269.4 state_ms=6.49 prefix_ms=0.0 suffix_ms=9445.6 first_token_ms=36181.2 generation_ms=312671.6 generated=64 generation_tps=0.205
AGENT index=115 mig=fafc828a exit=0 wall_ms=238755 text=cdf6d4762f0ad9c6 role=child prefix_tokens=14282 suffix_tokens=19 model_ms=19912.8 context_ms=761.8 state_ms=7.31 prefix_ms=0.0 suffix_ms=5823.3 first_token_ms=32184.1 generation_ms=205208.4 generated=64 generation_tps=0.312
AGENT index=116 mig=31ffbfe4 exit=0 wall_ms=350340 text=5337acbd8fb941ee role=child prefix_tokens=14282 suffix_tokens=22 model_ms=20330.7 context_ms=562.6 state_ms=6.48 prefix_ms=0.0 suffix_ms=9539.0 first_token_ms=36084.4 generation_ms=312933.6 generated=64 generation_tps=0.205
AGENT index=117 mig=fafc828a exit=0 wall_ms=238662 text=a34112262f5fd48d role=child prefix_tokens=14282 suffix_tokens=27 model_ms=20803.3 context_ms=272.2 state_ms=6.36 prefix_ms=0.0 suffix_ms=6673.4 first_token_ms=33229.1 generation_ms=204149.1 generated=64 generation_tps=0.313
AGENT index=118 mig=31ffbfe4 exit=0 wall_ms=302971 text=ad3122b47bf9d41d role=child prefix_tokens=14282 suffix_tokens=28 model_ms=10997.1 context_ms=1043.0 state_ms=15.48 prefix_ms=0.0 suffix_ms=1670.3 first_token_ms=19306.0 generation_ms=283223.0 generated=64 generation_tps=0.226
AGENT index=119 mig=fafc828a exit=0 wall_ms=238402 text=c096e05173cc4f43 role=child prefix_tokens=14282 suffix_tokens=18 model_ms=20663.1 context_ms=326.1 state_ms=7.03 prefix_ms=0.0 suffix_ms=6099.0 first_token_ms=32727.7 generation_ms=204671.8 generated=64 generation_tps=0.313
AGENT index=120 mig=31ffbfe4 exit=0 wall_ms=350469 text=9834d2c93010cb40 role=child prefix_tokens=14282 suffix_tokens=23 model_ms=20463.7 context_ms=343.2 state_ms=6.71 prefix_ms=0.0 suffix_ms=9478.3 first_token_ms=36101.2 generation_ms=313279.4 generated=64 generation_tps=0.204
AGENT index=121 mig=fafc828a exit=0 wall_ms=236372 text=1aa7a235737ffc91 role=child prefix_tokens=14282 suffix_tokens=24 model_ms=20976.2 context_ms=267.2 state_ms=7.57 prefix_ms=0.0 suffix_ms=5828.5 first_token_ms=32242.0 generation_ms=203346.2 generated=64 generation_tps=0.315
AGENT index=122 mig=31ffbfe4 exit=0 wall_ms=349595 text=b5b604cb763700f9 role=child prefix_tokens=14282 suffix_tokens=20 model_ms=18409.0 context_ms=746.9 state_ms=50.44 prefix_ms=0.0 suffix_ms=7860.7 first_token_ms=32857.2 generation_ms=315735.2 generated=64 generation_tps=0.203
AGENT index=123 mig=fafc828a exit=0 wall_ms=156121 text=e38ea5b855370f1e role=child prefix_tokens=14282 suffix_tokens=22 model_ms=10928.0 context_ms=1169.9 state_ms=15.61 prefix_ms=0.0 suffix_ms=1356.0 first_token_ms=18279.0 generation_ms=137344.7 generated=64 generation_tps=0.466
AGENT index=124 mig=31ffbfe4 exit=0 wall_ms=350398 text=61f860d06cef5fa0 role=child prefix_tokens=14282 suffix_tokens=21 model_ms=20554.8 context_ms=331.1 state_ms=12.78 prefix_ms=0.0 suffix_ms=9344.0 first_token_ms=35946.7 generation_ms=313158.0 generated=64 generation_tps=0.204
AGENT index=125 mig=fafc828a exit=0 wall_ms=236293 text=97190065bed772ed role=child prefix_tokens=14282 suffix_tokens=23 model_ms=19201.6 context_ms=288.1 state_ms=15.33 prefix_ms=0.0 suffix_ms=3768.9 first_token_ms=28520.6 generation_ms=207107.0 generated=64 generation_tps=0.309
AGENT index=126 mig=31ffbfe4 exit=0 wall_ms=303579 text=7596decc9ef604b8 role=child prefix_tokens=14282 suffix_tokens=21 model_ms=11689.6 context_ms=857.0 state_ms=15.71 prefix_ms=0.0 suffix_ms=1984.0 first_token_ms=19715.0 generation_ms=283436.3 generated=64 generation_tps=0.226
AGENT index=127 mig=fafc828a exit=0 wall_ms=231910 text=c5fb19c141f1ba26 role=child prefix_tokens=14282 suffix_tokens=23 model_ms=16764.5 context_ms=957.0 state_ms=36.62 prefix_ms=0.0 suffix_ms=2537.2 first_token_ms=25957.2 generation_ms=205431.9 generated=64 generation_tps=0.312
AGENT index=128 mig=31ffbfe4 exit=0 wall_ms=342343 text=a067a6895417f0e8 role=child prefix_tokens=14282 suffix_tokens=29 model_ms=15879.1 context_ms=1424.0 state_ms=34.37 prefix_ms=0.0 suffix_ms=3683.6 first_token_ms=26002.7 generation_ms=315927.1 generated=64 generation_tps=0.203
AGENT index=129 mig=fafc828a exit=0 wall_ms=235151 text=e269a384d3eb41d6 role=child prefix_tokens=14282 suffix_tokens=24 model_ms=19696.4 context_ms=500.5 state_ms=42.29 prefix_ms=0.0 suffix_ms=4551.6 first_token_ms=29599.5 generation_ms=204931.0 generated=64 generation_tps=0.312
AGENT index=130 mig=31ffbfe4 exit=0 wall_ms=350594 text=15032619dc24c29f role=child prefix_tokens=14282 suffix_tokens=26 model_ms=19367.4 context_ms=658.2 state_ms=20.77 prefix_ms=0.0 suffix_ms=9537.6 first_token_ms=35317.7 generation_ms=314003.4 generated=64 generation_tps=0.204
AGENT index=131 mig=fafc828a exit=0 wall_ms=238019 text=077e38d3762a4e5d role=child prefix_tokens=14282 suffix_tokens=34 model_ms=21122.3 context_ms=267.0 state_ms=11.23 prefix_ms=0.0 suffix_ms=7245.5 first_token_ms=33881.4 generation_ms=203113.7 generated=64 generation_tps=0.315
AGENT index=132 mig=31ffbfe4 exit=0 wall_ms=348326 text=4c7b6a4b009d79e1 role=child prefix_tokens=14282 suffix_tokens=25 model_ms=19991.1 context_ms=747.7 state_ms=44.50 prefix_ms=0.0 suffix_ms=9422.8 first_token_ms=34831.6 generation_ms=313026.6 generated=64 generation_tps=0.204
AGENT index=133 mig=fafc828a exit=0 wall_ms=237579 text=de8de835a0ccf4c5 role=child prefix_tokens=14282 suffix_tokens=28 model_ms=19669.7 context_ms=212.8 state_ms=20.39 prefix_ms=0.0 suffix_ms=5752.7 first_token_ms=31110.1 generation_ms=205559.4 generated=64 generation_tps=0.311
AGENT index=134 mig=31ffbfe4 exit=0 wall_ms=347997 text=74ff651a4aa431c6 role=child prefix_tokens=14282 suffix_tokens=23 model_ms=20029.4 context_ms=605.4 state_ms=29.02 prefix_ms=0.0 suffix_ms=8732.3 first_token_ms=34168.3 generation_ms=313381.7 generated=64 generation_tps=0.204
AGENT index=135 mig=fafc828a exit=0 wall_ms=238855 text=f9c832b7cad1a509 role=child prefix_tokens=14282 suffix_tokens=33 model_ms=20494.7 context_ms=391.3 state_ms=6.53 prefix_ms=0.0 suffix_ms=7453.6 first_token_ms=33989.9 generation_ms=203219.9 generated=64 generation_tps=0.315
MEMORY mem_available_drop_mib=95537 mem_available_before_mib=119161 mem_free_before_mib=45766 pss_anon_mib=31992 pss_file_mib=7355 pss_shmem_mib=8698 device_mib=52632 samples=14
END_CASE failed_agents=0 wall_ms=351848
END_KVSTACK
BEGIN_KVSTACK run=5 context=16384 publisher_mig=fafc828a mem_free_mib=48460 kernel_reclaimable_mib=67435
PUBLISH store=stock prefix_tokens=14282 prefix_ms=16889.8 publish_ms=502.39 state_bytes=819216229
PUBLISH store=device prefix_tokens=14282 prefix_ms=17002.0 publish_ms=504.32 state_bytes=819216229
PUBLISH store=huge prefix_tokens=14282 prefix_ms=17053.3 publish_ms=8.11 state_bytes=229221 file_used_kib=802816
CASE mode=both agents=136
AGENT index=0 mig=fafc828a exit=0 wall_ms=224075 text=bb92e4befc7eddec role=child prefix_tokens=14282 suffix_tokens=27 model_ms=16937.4 context_ms=1048.1 state_ms=50.45 prefix_ms=0.0 suffix_ms=1494.8 first_token_ms=24487.8 generation_ms=199115.3 generated=64 generation_tps=0.321
AGENT index=1 mig=31ffbfe4 exit=0 wall_ms=266945 text=a8d47b5298abb2fc role=child prefix_tokens=14282 suffix_tokens=22 model_ms=10891.3 context_ms=2166.5 state_ms=15.68 prefix_ms=0.0 suffix_ms=1938.7 first_token_ms=18652.6 generation_ms=247869.8 generated=64 generation_tps=0.258
AGENT index=2 mig=fafc828a exit=0 wall_ms=235928 text=abfd4eb3fb8ebdd8 role=child prefix_tokens=14282 suffix_tokens=24 model_ms=19960.4 context_ms=473.2 state_ms=18.81 prefix_ms=0.0 suffix_ms=5643.7 first_token_ms=30999.3 generation_ms=204413.0 generated=64 generation_tps=0.313
AGENT index=3 mig=31ffbfe4 exit=0 wall_ms=348881 text=077e38d3762a4e5d role=child prefix_tokens=14282 suffix_tokens=32 model_ms=21442.0 context_ms=335.8 state_ms=23.71 prefix_ms=0.0 suffix_ms=9478.9 first_token_ms=36228.3 generation_ms=312195.2 generated=64 generation_tps=0.205
AGENT index=4 mig=fafc828a exit=0 wall_ms=232184 text=16f8c0610a09645d role=child prefix_tokens=14282 suffix_tokens=23 model_ms=18855.8 context_ms=359.2 state_ms=25.07 prefix_ms=0.0 suffix_ms=2462.0 first_token_ms=26603.1 generation_ms=205088.7 generated=64 generation_tps=0.312
AGENT index=5 mig=31ffbfe4 exit=0 wall_ms=351020 text=ff4188d71e02bfdb role=child prefix_tokens=14282 suffix_tokens=26 model_ms=20899.4 context_ms=448.1 state_ms=255.24 prefix_ms=0.0 suffix_ms=9505.6 first_token_ms=36174.1 generation_ms=313727.6 generated=64 generation_tps=0.204
AGENT index=6 mig=fafc828a exit=0 wall_ms=235720 text=f88f503d1005fa22 role=child prefix_tokens=14282 suffix_tokens=21 model_ms=19871.9 context_ms=577.6 state_ms=26.78 prefix_ms=0.0 suffix_ms=4508.3 first_token_ms=30085.6 generation_ms=205142.8 generated=64 generation_tps=0.312
AGENT index=7 mig=31ffbfe4 exit=0 wall_ms=343439 text=f9c832b7cad1a509 role=child prefix_tokens=14282 suffix_tokens=31 model_ms=18539.4 context_ms=619.9 state_ms=83.01 prefix_ms=0.0 suffix_ms=5354.1 first_token_ms=29471.8 generation_ms=313511.7 generated=64 generation_tps=0.204
AGENT index=8 mig=fafc828a exit=0 wall_ms=236628 text=ae3f57b141780268 role=child prefix_tokens=14282 suffix_tokens=18 model_ms=22039.0 context_ms=48.2 state_ms=5.96 prefix_ms=0.0 suffix_ms=6000.9 first_token_ms=33061.3 generation_ms=202662.2 generated=64 generation_tps=0.316
AGENT index=9 mig=31ffbfe4 exit=0 wall_ms=347037 text=a2d016def74ecc62 role=child prefix_tokens=14282 suffix_tokens=18 model_ms=20857.2 context_ms=608.2 state_ms=9.94 prefix_ms=0.0 suffix_ms=9225.4 first_token_ms=35612.0 generation_ms=310979.5 generated=64 generation_tps=0.206
AGENT index=10 mig=fafc828a exit=0 wall_ms=215816 text=a733f3a39259263c role=child prefix_tokens=14282 suffix_tokens=18 model_ms=15667.0 context_ms=1495.5 state_ms=25.48 prefix_ms=0.0 suffix_ms=1318.8 first_token_ms=23355.8 generation_ms=192029.0 generated=64 generation_tps=0.333
AGENT index=11 mig=31ffbfe4 exit=0 wall_ms=350093 text=087278665f3dec68 role=child prefix_tokens=14282 suffix_tokens=22 model_ms=20993.1 context_ms=211.9 state_ms=6.51 prefix_ms=0.0 suffix_ms=9537.1 first_token_ms=36462.5 generation_ms=312809.7 generated=64 generation_tps=0.205
AGENT index=12 mig=fafc828a exit=0 wall_ms=233523 text=2c93819fe85df763 role=child prefix_tokens=14282 suffix_tokens=21 model_ms=20218.7 context_ms=381.6 state_ms=18.62 prefix_ms=0.0 suffix_ms=4706.2 first_token_ms=30175.1 generation_ms=202843.6 generated=64 generation_tps=0.316
AGENT index=13 mig=31ffbfe4 exit=0 wall_ms=350722 text=5d483815f91685a6 role=child prefix_tokens=14282 suffix_tokens=31 model_ms=21548.2 context_ms=296.1 state_ms=6.31 prefix_ms=0.0 suffix_ms=9715.0 first_token_ms=36695.9 generation_ms=313037.4 generated=64 generation_tps=0.204
AGENT index=14 mig=fafc828a exit=0 wall_ms=236472 text=3f33f20708943e2f role=child prefix_tokens=14282 suffix_tokens=21 model_ms=21514.0 context_ms=396.6 state_ms=9.93 prefix_ms=0.0 suffix_ms=5988.5 first_token_ms=32817.2 generation_ms=202940.0 generated=64 generation_tps=0.315
AGENT index=15 mig=31ffbfe4 exit=0 wall_ms=343742 text=0502c45076359254 role=child prefix_tokens=14282 suffix_tokens=26 model_ms=16712.3 context_ms=1123.5 state_ms=61.86 prefix_ms=0.0 suffix_ms=3783.6 first_token_ms=26853.6 generation_ms=316314.7 generated=64 generation_tps=0.202
AGENT index=16 mig=fafc828a exit=0 wall_ms=236606 text=0ebc8757605c5571 role=child prefix_tokens=14282 suffix_tokens=25 model_ms=18569.7 context_ms=346.1 state_ms=22.43 prefix_ms=0.0 suffix_ms=4620.6 first_token_ms=29242.6 generation_ms=206400.2 generated=64 generation_tps=0.310
AGENT index=17 mig=31ffbfe4 exit=0 wall_ms=340255 text=5d7dbcf0a7eca76c role=child prefix_tokens=14282 suffix_tokens=22 model_ms=17131.1 context_ms=928.2 state_ms=82.79 prefix_ms=0.0 suffix_ms=2646.5 first_token_ms=25636.1 generation_ms=314165.6 generated=64 generation_tps=0.204
AGENT index=18 mig=fafc828a exit=0 wall_ms=228154 text=cb99e4b1c2fd84d5 role=child prefix_tokens=14282 suffix_tokens=21 model_ms=17564.2 context_ms=517.8 state_ms=58.48 prefix_ms=0.0 suffix_ms=2035.0 first_token_ms=25247.2 generation_ms=202380.6 generated=64 generation_tps=0.316
AGENT index=19 mig=31ffbfe4 exit=0 wall_ms=346630 text=4c7501e634d9bf23 role=child prefix_tokens=14282 suffix_tokens=18 model_ms=18075.3 context_ms=414.8 state_ms=70.42 prefix_ms=0.0 suffix_ms=5065.4 first_token_ms=28976.2 generation_ms=317200.4 generated=64 generation_tps=0.202
AGENT index=20 mig=fafc828a exit=0 wall_ms=239010 text=b3893059e7e79532 role=child prefix_tokens=14282 suffix_tokens=21 model_ms=21302.4 context_ms=415.3 state_ms=11.31 prefix_ms=0.0 suffix_ms=6028.7 first_token_ms=32859.8 generation_ms=204571.9 generated=64 generation_tps=0.313
AGENT index=21 mig=31ffbfe4 exit=0 wall_ms=348563 text=284eef78a2286715 role=child prefix_tokens=14282 suffix_tokens=26 model_ms=19403.6 context_ms=437.0 state_ms=31.59 prefix_ms=0.0 suffix_ms=7947.5 first_token_ms=32925.9 generation_ms=315134.1 generated=64 generation_tps=0.203
AGENT index=22 mig=fafc828a exit=0 wall_ms=141488 text=ad3122b47bf9d41d role=child prefix_tokens=14282 suffix_tokens=27 model_ms=8989.6 context_ms=2385.1 state_ms=15.50 prefix_ms=0.0 suffix_ms=2271.0 first_token_ms=18447.0 generation_ms=122575.6 generated=64 generation_tps=0.522
AGENT index=23 mig=31ffbfe4 exit=0 wall_ms=348723 text=f79224e341ba5115 role=child prefix_tokens=14282 suffix_tokens=17 model_ms=20112.5 context_ms=202.6 state_ms=32.62 prefix_ms=0.0 suffix_ms=9038.2 first_token_ms=34708.0 generation_ms=313500.8 generated=64 generation_tps=0.204
AGENT index=24 mig=fafc828a exit=0 wall_ms=237919 text=9834d2c93010cb40 role=child prefix_tokens=14282 suffix_tokens=22 model_ms=21361.1 context_ms=285.9 state_ms=6.36 prefix_ms=0.0 suffix_ms=6015.9 first_token_ms=32925.5 generation_ms=203711.3 generated=64 generation_tps=0.314
AGENT index=25 mig=31ffbfe4 exit=0 wall_ms=336432 text=da4c2dca73ac54e0 role=child prefix_tokens=14282 suffix_tokens=23 model_ms=15691.8 context_ms=966.8 state_ms=34.36 prefix_ms=0.0 suffix_ms=2437.4 first_token_ms=24144.2 generation_ms=311872.4 generated=64 generation_tps=0.205
AGENT index=26 mig=fafc828a exit=0 wall_ms=236849 text=07ec2de36a00f7a1 role=child prefix_tokens=14282 suffix_tokens=19 model_ms=21372.8 context_ms=499.5 state_ms=14.35 prefix_ms=0.0 suffix_ms=6043.0 first_token_ms=32905.8 generation_ms=203150.9 generated=64 generation_tps=0.315
AGENT index=27 mig=31ffbfe4 exit=0 wall_ms=348759 text=e1e29071a16e2061 role=child prefix_tokens=14282 suffix_tokens=21 model_ms=20821.1 context_ms=343.1 state_ms=10.39 prefix_ms=0.0 suffix_ms=9589.9 first_token_ms=36501.5 generation_ms=311763.7 generated=64 generation_tps=0.205
AGENT index=28 mig=fafc828a exit=0 wall_ms=238158 text=1c65ed1020843e8d role=child prefix_tokens=14282 suffix_tokens=20 model_ms=21426.5 context_ms=331.4 state_ms=6.18 prefix_ms=0.0 suffix_ms=6015.3 first_token_ms=32919.1 generation_ms=203904.0 generated=64 generation_tps=0.314
AGENT index=29 mig=31ffbfe4 exit=0 wall_ms=338873 text=a72f71cd80731afe role=child prefix_tokens=14282 suffix_tokens=22 model_ms=15567.9 context_ms=1630.3 state_ms=31.59 prefix_ms=0.0 suffix_ms=2654.5 first_token_ms=24829.3 generation_ms=313665.7 generated=64 generation_tps=0.204
AGENT index=30 mig=fafc828a exit=0 wall_ms=238894 text=317f6f38771a1e41 role=child prefix_tokens=14282 suffix_tokens=20 model_ms=21695.4 context_ms=262.6 state_ms=6.23 prefix_ms=0.0 suffix_ms=6098.2 first_token_ms=33028.8 generation_ms=204304.8 generated=64 generation_tps=0.313
AGENT index=31 mig=31ffbfe4 exit=0 wall_ms=348457 text=1b4036771dcdadef role=child prefix_tokens=14282 suffix_tokens=22 model_ms=19835.0 context_ms=644.4 state_ms=22.79 prefix_ms=0.0 suffix_ms=8675.8 first_token_ms=34268.9 generation_ms=313748.4 generated=64 generation_tps=0.204
AGENT index=32 mig=fafc828a exit=0 wall_ms=237286 text=3f50371ecb0032a2 role=child prefix_tokens=14282 suffix_tokens=28 model_ms=19908.5 context_ms=602.5 state_ms=39.35 prefix_ms=0.0 suffix_ms=5021.1 first_token_ms=30672.6 generation_ms=205599.7 generated=64 generation_tps=0.311
AGENT index=33 mig=31ffbfe4 exit=0 wall_ms=347491 text=5b450cf9627e77b9 role=child prefix_tokens=14282 suffix_tokens=23 model_ms=20024.4 context_ms=638.1 state_ms=30.37 prefix_ms=0.0 suffix_ms=9260.4 first_token_ms=35286.7 generation_ms=311767.4 generated=64 generation_tps=0.205
AGENT index=34 mig=fafc828a exit=0 wall_ms=234998 text=8fe64643182c4081 role=child prefix_tokens=14282 suffix_tokens=25 model_ms=21089.0 context_ms=423.8 state_ms=15.86 prefix_ms=0.0 suffix_ms=6302.4 first_token_ms=32629.5 generation_ms=201875.0 generated=64 generation_tps=0.317
AGENT index=35 mig=31ffbfe4 exit=0 wall_ms=346925 text=ab418a5e41977b06 role=child prefix_tokens=14282 suffix_tokens=33 model_ms=17167.2 context_ms=686.4 state_ms=77.33 prefix_ms=0.0 suffix_ms=6843.9 first_token_ms=30191.4 generation_ms=316274.9 generated=64 generation_tps=0.202
AGENT index=36 mig=fafc828a exit=0 wall_ms=239265 text=2852504019aca3b6 role=child prefix_tokens=14282 suffix_tokens=24 model_ms=19676.4 context_ms=618.0 state_ms=33.98 prefix_ms=0.0 suffix_ms=5776.6 first_token_ms=31885.2 generation_ms=205387.2 generated=64 generation_tps=0.312
AGENT index=37 mig=31ffbfe4 exit=0 wall_ms=349692 text=bef1e0801c6e655f role=child prefix_tokens=14282 suffix_tokens=27 model_ms=19118.8 context_ms=533.0 state_ms=55.69 prefix_ms=0.0 suffix_ms=8813.5 first_token_ms=33622.7 generation_ms=315276.4 generated=64 generation_tps=0.203
AGENT index=38 mig=fafc828a exit=0 wall_ms=238039 text=03d3cecc4e2c4ef7 role=child prefix_tokens=14282 suffix_tokens=22 model_ms=19815.6 context_ms=698.2 state_ms=29.65 prefix_ms=0.0 suffix_ms=5207.4 first_token_ms=31227.8 generation_ms=205665.2 generated=64 generation_tps=0.311
AGENT index=39 mig=31ffbfe4 exit=0 wall_ms=332196 text=f9c832b7cad1a509 role=child prefix_tokens=14282 suffix_tokens=32 model_ms=15056.7 context_ms=825.2 state_ms=12.13 prefix_ms=0.0 suffix_ms=2716.8 first_token_ms=23364.4 generation_ms=308440.1 generated=64 generation_tps=0.207
AGENT index=40 mig=fafc828a exit=0 wall_ms=236214 text=1bedc9985ebffdf3 role=child prefix_tokens=14282 suffix_tokens=19 model_ms=20464.5 context_ms=414.5 state_ms=33.22 prefix_ms=0.0 suffix_ms=5363.7 first_token_ms=31290.3 generation_ms=204250.0 generated=64 generation_tps=0.313
AGENT index=41 mig=31ffbfe4 exit=0 wall_ms=349781 text=45248c21a8c64213 role=child prefix_tokens=14282 suffix_tokens=19 model_ms=21189.0 context_ms=278.5 state_ms=6.81 prefix_ms=0.0 suffix_ms=9523.3 first_token_ms=36370.2 generation_ms=312490.4 generated=64 generation_tps=0.205
AGENT index=42 mig=fafc828a exit=0 wall_ms=239790 text=c2b860976d76c188 role=child prefix_tokens=14282 suffix_tokens=18 model_ms=21413.4 context_ms=408.8 state_ms=6.73 prefix_ms=0.0 suffix_ms=6087.3 first_token_ms=32903.0 generation_ms=204750.3 generated=64 generation_tps=0.313
AGENT index=43 mig=31ffbfe4 exit=0 wall_ms=350043 text=7f088fd1d1738f8b role=child prefix_tokens=14282 suffix_tokens=22 model_ms=19867.1 context_ms=496.6 state_ms=27.45 prefix_ms=0.0 suffix_ms=8945.8 first_token_ms=34821.6 generation_ms=314413.7 generated=64 generation_tps=0.204
AGENT index=44 mig=fafc828a exit=0 wall_ms=136632 text=f631ba01e55b49fa role=child prefix_tokens=14282 suffix_tokens=21 model_ms=6471.5 context_ms=3884.5 state_ms=15.35 prefix_ms=0.0 suffix_ms=2226.2 first_token_ms=17813.9 generation_ms=115095.3 generated=64 generation_tps=0.556
AGENT index=45 mig=31ffbfe4 exit=0 wall_ms=350298 text=5d483815f91685a6 role=child prefix_tokens=14282 suffix_tokens=31 model_ms=20763.2 context_ms=524.3 state_ms=33.50 prefix_ms=0.0 suffix_ms=9591.8 first_token_ms=36025.3 generation_ms=313352.2 generated=64 generation_tps=0.204
AGENT index=46 mig=fafc828a exit=0 wall_ms=235844 text=56be8609eb72cb4a role=child prefix_tokens=14282 suffix_tokens=21 model_ms=19376.6 context_ms=743.3 state_ms=39.38 prefix_ms=0.0 suffix_ms=4674.7 first_token_ms=29960.1 generation_ms=205319.0 generated=64 generation_tps=0.312
AGENT index=47 mig=31ffbfe4 exit=0 wall_ms=348941 text=0d9668c2f9cbc9fc role=child prefix_tokens=14282 suffix_tokens=26 model_ms=21749.6 context_ms=197.2 state_ms=6.48 prefix_ms=0.0 suffix_ms=9729.3 first_token_ms=36437.7 generation_ms=312003.7 generated=64 generation_tps=0.205
AGENT index=48 mig=fafc828a exit=0 wall_ms=236886 text=27f58a7742c668f5 role=child prefix_tokens=14282 suffix_tokens=25 model_ms=21758.5 context_ms=208.8 state_ms=6.04 prefix_ms=0.0 suffix_ms=6621.2 first_token_ms=33522.6 generation_ms=202446.0 generated=64 generation_tps=0.316
AGENT index=49 mig=31ffbfe4 exit=0 wall_ms=351072 text=facc2c2ea4689e1e role=child prefix_tokens=14282 suffix_tokens=22 model_ms=21239.5 context_ms=171.9 state_ms=6.29 prefix_ms=0.0 suffix_ms=9592.2 first_token_ms=36507.2 generation_ms=313394.3 generated=64 generation_tps=0.204
AGENT index=50 mig=fafc828a exit=0 wall_ms=236942 text=64fd37c296cb1dd5 role=child prefix_tokens=14282 suffix_tokens=21 model_ms=19610.2 context_ms=690.9 state_ms=39.27 prefix_ms=0.0 suffix_ms=5723.4 first_token_ms=31662.7 generation_ms=204342.5 generated=64 generation_tps=0.313
AGENT index=51 mig=31ffbfe4 exit=0 wall_ms=349192 text=4c7501e634d9bf23 role=child prefix_tokens=14282 suffix_tokens=18 model_ms=20520.3 context_ms=728.3 state_ms=10.25 prefix_ms=0.0 suffix_ms=9311.0 first_token_ms=35857.0 generation_ms=312719.1 generated=64 generation_tps=0.205
AGENT index=52 mig=fafc828a exit=0 wall_ms=238323 text=b3893059e7e79532 role=child prefix_tokens=14282 suffix_tokens=21 model_ms=20696.9 context_ms=353.5 state_ms=6.26 prefix_ms=0.0 suffix_ms=5941.7 first_token_ms=32725.6 generation_ms=204090.3 generated=64 generation_tps=0.314
AGENT index=53 mig=31ffbfe4 exit=0 wall_ms=341658 text=11e4c2a85150fa06 role=child prefix_tokens=14282 suffix_tokens=26 model_ms=16266.3 context_ms=1264.7 state_ms=30.27 prefix_ms=0.0 suffix_ms=3220.1 first_token_ms=25877.9 generation_ms=315330.7 generated=64 generation_tps=0.203
AGENT index=54 mig=fafc828a exit=0 wall_ms=238368 text=3b6f5b9c968721eb role=child prefix_tokens=14282 suffix_tokens=27 model_ms=21111.8 context_ms=388.0 state_ms=7.02 prefix_ms=0.0 suffix_ms=6666.5 first_token_ms=33417.7 generation_ms=203737.5 generated=64 generation_tps=0.314
AGENT index=55 mig=31ffbfe4 exit=0 wall_ms=343170 text=7e4fad52bd577abf role=child prefix_tokens=14282 suffix_tokens=17 model_ms=17308.4 context_ms=593.3 state_ms=30.61 prefix_ms=0.0 suffix_ms=3724.1 first_token_ms=26650.9 generation_ms=316093.7 generated=64 generation_tps=0.202
AGENT index=56 mig=fafc828a exit=0 wall_ms=231067 text=9834d2c93010cb40 role=child prefix_tokens=14282 suffix_tokens=22 model_ms=17867.2 context_ms=543.5 state_ms=42.29 prefix_ms=0.0 suffix_ms=2829.3 first_token_ms=27107.0 generation_ms=203444.7 generated=64 generation_tps=0.315
AGENT index=57 mig=31ffbfe4 exit=0 wall_ms=349019 text=a4e76b0a1993f6d6 role=child prefix_tokens=14282 suffix_tokens=23 model_ms=19942.5 context_ms=548.2 state_ms=18.55 prefix_ms=0.0 suffix_ms=9117.8 first_token_ms=35337.9 generation_ms=313090.7 generated=64 generation_tps=0.204
AGENT index=58 mig=fafc828a exit=0 wall_ms=238905 text=359d7b30e6a9a9fc role=child prefix_tokens=14282 suffix_tokens=19 model_ms=19240.6 context_ms=783.6 state_ms=34.28 prefix_ms=0.0 suffix_ms=5961.2 first_token_ms=31805.0 generation_ms=205242.3 generated=64 generation_tps=0.312
AGENT index=59 mig=31ffbfe4 exit=0 wall_ms=349317 text=7b1e906b43903ada role=child prefix_tokens=14282 suffix_tokens=21 model_ms=19716.3 context_ms=416.0 state_ms=8.31 prefix_ms=0.0 suffix_ms=8070.7 first_token_ms=33394.1 generation_ms=315101.0 generated=64 generation_tps=0.203
AGENT index=60 mig=fafc828a exit=0 wall_ms=237075 text=23f27e20526aad11 role=child prefix_tokens=14282 suffix_tokens=20 model_ms=20666.4 context_ms=658.6 state_ms=6.12 prefix_ms=0.0 suffix_ms=5871.4 first_token_ms=32472.8 generation_ms=203548.4 generated=64 generation_tps=0.314
AGENT index=61 mig=31ffbfe4 exit=0 wall_ms=348432 text=a61a16a4bc46c53d role=child prefix_tokens=14282 suffix_tokens=22 model_ms=18685.5 context_ms=402.5 state_ms=29.03 prefix_ms=0.0 suffix_ms=7548.4 first_token_ms=31864.5 generation_ms=316113.4 generated=64 generation_tps=0.202
AGENT index=62 mig=fafc828a exit=0 wall_ms=231884 text=dbac730f9e3a3df4 role=child prefix_tokens=14282 suffix_tokens=20 model_ms=18151.6 context_ms=637.2 state_ms=21.02 prefix_ms=0.0 suffix_ms=2140.2 first_token_ms=26056.4 generation_ms=205387.6 generated=64 generation_tps=0.312
AGENT index=63 mig=31ffbfe4 exit=0 wall_ms=263193 text=cd56b7d8c4ff1887 role=child prefix_tokens=14282 suffix_tokens=22 model_ms=7541.7 context_ms=3097.5 state_ms=14.99 prefix_ms=0.0 suffix_ms=1915.8 first_token_ms=18055.5 generation_ms=244675.0 generated=64 generation_tps=0.262
AGENT index=64 mig=fafc828a exit=0 wall_ms=146091 text=a067a6895417f0e8 role=child prefix_tokens=14282 suffix_tokens=28 model_ms=9165.6 context_ms=2258.4 state_ms=15.39 prefix_ms=0.0 suffix_ms=2023.1 first_token_ms=18445.3 generation_ms=127174.6 generated=64 generation_tps=0.503
AGENT index=65 mig=31ffbfe4 exit=0 wall_ms=350134 text=664acbfcf59959c4 role=child prefix_tokens=14282 suffix_tokens=23 model_ms=20581.7 context_ms=459.8 state_ms=10.39 prefix_ms=0.0 suffix_ms=9572.8 first_token_ms=36301.5 generation_ms=312951.0 generated=64 generation_tps=0.205
AGENT index=66 mig=fafc828a exit=0 wall_ms=237862 text=8fe64643182c4081 role=child prefix_tokens=14282 suffix_tokens=25 model_ms=20875.3 context_ms=241.7 state_ms=6.35 prefix_ms=0.0 suffix_ms=6597.7 first_token_ms=33372.7 generation_ms=203351.9 generated=64 generation_tps=0.315
AGENT index=67 mig=31ffbfe4 exit=0 wall_ms=350492 text=077e38d3762a4e5d role=child prefix_tokens=14282 suffix_tokens=33 model_ms=20846.7 context_ms=394.1 state_ms=6.49 prefix_ms=0.0 suffix_ms=11767.6 first_token_ms=38489.5 generation_ms=311145.7 generated=64 generation_tps=0.206
AGENT index=68 mig=fafc828a exit=0 wall_ms=136559 text=4d2fc992c2841379 role=child prefix_tokens=14282 suffix_tokens=24 model_ms=8771.8 context_ms=2262.4 state_ms=15.96 prefix_ms=0.0 suffix_ms=1329.1 first_token_ms=17740.4 generation_ms=115690.0 generated=64 generation_tps=0.553
AGENT index=69 mig=31ffbfe4 exit=0 wall_ms=349099 text=6ce00e8033df1792 role=child prefix_tokens=14282 suffix_tokens=27 model_ms=20555.1 context_ms=559.7 state_ms=18.04 prefix_ms=0.0 suffix_ms=9524.8 first_token_ms=35670.6 generation_ms=312700.1 generated=64 generation_tps=0.205
AGENT index=70 mig=fafc828a exit=0 wall_ms=236927 text=312bed507beb25e1 role=child prefix_tokens=14282 suffix_tokens=22 model_ms=20603.6 context_ms=436.2 state_ms=17.73 prefix_ms=0.0 suffix_ms=5952.7 first_token_ms=32438.4 generation_ms=203640.0 generated=64 generation_tps=0.314
AGENT index=71 mig=31ffbfe4 exit=0 wall_ms=350414 text=13e4dfd293d8126f role=child prefix_tokens=14282 suffix_tokens=32 model_ms=19342.0 context_ms=395.6 state_ms=35.44 prefix_ms=0.0 suffix_ms=9376.3 first_token_ms=34879.1 generation_ms=314690.6 generated=64 generation_tps=0.203
AGENT index=72 mig=fafc828a exit=0 wall_ms=222278 text=724c6fed862eef57 role=child prefix_tokens=14282 suffix_tokens=19 model_ms=15905.9 context_ms=1107.3 state_ms=41.76 prefix_ms=0.0 suffix_ms=1658.2 first_token_ms=23881.9 generation_ms=197927.4 generated=64 generation_tps=0.323
AGENT index=73 mig=31ffbfe4 exit=0 wall_ms=350767 text=f69b628d0f4868ff role=child prefix_tokens=14282 suffix_tokens=19 model_ms=20585.1 context_ms=627.6 state_ms=6.36 prefix_ms=0.0 suffix_ms=9489.0 first_token_ms=36061.8 generation_ms=313683.9 generated=64 generation_tps=0.204
AGENT index=74 mig=fafc828a exit=0 wall_ms=239047 text=95997adc906fa24a role=child prefix_tokens=14282 suffix_tokens=18 model_ms=20932.4 context_ms=437.8 state_ms=6.21 prefix_ms=0.0 suffix_ms=5913.7 first_token_ms=32582.7 generation_ms=204917.9 generated=64 generation_tps=0.312
AGENT index=75 mig=31ffbfe4 exit=0 wall_ms=350620 text=8aaf40a95565910c role=child prefix_tokens=14282 suffix_tokens=22 model_ms=20999.7 context_ms=287.3 state_ms=23.02 prefix_ms=0.0 suffix_ms=9322.9 first_token_ms=35818.7 generation_ms=313667.1 generated=64 generation_tps=0.204
AGENT index=76 mig=fafc828a exit=0 wall_ms=239494 text=2c93819fe85df763 role=child prefix_tokens=14282 suffix_tokens=21 model_ms=20787.1 context_ms=549.3 state_ms=7.01 prefix_ms=0.0 suffix_ms=6042.8 first_token_ms=32673.1 generation_ms=204595.2 generated=64 generation_tps=0.313
AGENT index=77 mig=31ffbfe4 exit=0 wall_ms=349415 text=5d483815f91685a6 role=child prefix_tokens=14282 suffix_tokens=31 model_ms=18707.8 context_ms=750.3 state_ms=37.72 prefix_ms=0.0 suffix_ms=9220.9 first_token_ms=34400.8 generation_ms=314214.0 generated=64 generation_tps=0.204
AGENT index=78 mig=fafc828a exit=0 wall_ms=238342 text=3f33f20708943e2f role=child prefix_tokens=14282 suffix_tokens=21 model_ms=20457.0 context_ms=525.1 state_ms=6.42 prefix_ms=0.0 suffix_ms=5930.6 first_token_ms=32536.3 generation_ms=204404.0 generated=64 generation_tps=0.313
AGENT index=79 mig=31ffbfe4 exit=0 wall_ms=350578 text=0d9668c2f9cbc9fc role=child prefix_tokens=14282 suffix_tokens=26 model_ms=20177.8 context_ms=590.6 state_ms=22.68 prefix_ms=0.0 suffix_ms=9484.5 first_token_ms=35553.8 generation_ms=313699.0 generated=64 generation_tps=0.204
AGENT index=80 mig=fafc828a exit=0 wall_ms=230566 text=86d4ee1044251a25 role=child prefix_tokens=14282 suffix_tokens=25 model_ms=18509.5 context_ms=501.4 state_ms=29.05 prefix_ms=0.0 suffix_ms=2624.0 first_token_ms=26277.6 generation_ms=203823.7 generated=64 generation_tps=0.314
AGENT index=81 mig=31ffbfe4 exit=0 wall_ms=349748 text=6bd685fbc4b441ec role=child prefix_tokens=14282 suffix_tokens=22 model_ms=19962.4 context_ms=715.2 state_ms=10.33 prefix_ms=0.0 suffix_ms=9301.5 first_token_ms=35655.4 generation_ms=313143.1 generated=64 generation_tps=0.204
AGENT index=82 mig=fafc828a exit=0 wall_ms=239299 text=ce66287a7832a2bb role=child prefix_tokens=14282 suffix_tokens=21 model_ms=20113.0 context_ms=452.5 state_ms=18.84 prefix_ms=0.0 suffix_ms=5776.9 first_token_ms=32132.4 generation_ms=205419.4 generated=64 generation_tps=0.312
AGENT index=83 mig=31ffbfe4 exit=0 wall_ms=346625 text=cdf6d4762f0ad9c6 role=child prefix_tokens=14282 suffix_tokens=18 model_ms=18248.7 context_ms=678.7 state_ms=24.06 prefix_ms=0.0 suffix_ms=6918.9 first_token_ms=31280.2 generation_ms=314891.5 generated=64 generation_tps=0.203
AGENT index=84 mig=fafc828a exit=0 wall_ms=238545 text=621bb723edc357c2 role=child prefix_tokens=14282 suffix_tokens=21 model_ms=21283.7 context_ms=274.2 state_ms=7.67 prefix_ms=0.0 suffix_ms=6006.2 first_token_ms=32724.5 generation_ms=203888.3 generated=64 generation_tps=0.314
AGENT index=85 mig=31ffbfe4 exit=0 wall_ms=343421 text=b8578943aeaf7387 role=child prefix_tokens=14282 suffix_tokens=26 model_ms=17240.1 context_ms=882.2 state_ms=78.57 prefix_ms=0.0 suffix_ms=3166.6 first_token_ms=26381.1 generation_ms=316571.7 generated=64 generation_tps=0.202
AGENT index=86 mig=fafc828a exit=0 wall_ms=238431 text=bc92b0cfd69b8bd4 role=child prefix_tokens=14282 suffix_tokens=27 model_ms=20405.1 context_ms=796.3 state_ms=33.13 prefix_ms=0.0 suffix_ms=6237.1 first_token_ms=32407.1 generation_ms=204690.7 generated=64 generation_tps=0.313
AGENT index=87 mig=31ffbfe4 exit=0 wall_ms=347706 text=46daf195b61b12ee role=child prefix_tokens=14282 suffix_tokens=17 model_ms=18396.2 context_ms=553.0 state_ms=40.90 prefix_ms=0.0 suffix_ms=6571.5 first_token_ms=31189.3 generation_ms=316035.3 generated=64 generation_tps=0.203
AGENT index=88 mig=fafc828a exit=0 wall_ms=239405 text=fb072021023b5031 role=child prefix_tokens=14282 suffix_tokens=22 model_ms=21230.4 context_ms=278.8 state_ms=6.15 prefix_ms=0.0 suffix_ms=6091.5 first_token_ms=32841.8 generation_ms=204394.6 generated=64 generation_tps=0.313
AGENT index=89 mig=31ffbfe4 exit=0 wall_ms=350855 text=1dc70f9673b0dd57 role=child prefix_tokens=14282 suffix_tokens=23 model_ms=20764.5 context_ms=180.9 state_ms=7.44 prefix_ms=0.0 suffix_ms=9547.1 first_token_ms=36240.6 generation_ms=313503.7 generated=64 generation_tps=0.204
AGENT index=90 mig=fafc828a exit=0 wall_ms=234510 text=9aa85e1403c22284 role=child prefix_tokens=14282 suffix_tokens=19 model_ms=20053.9 context_ms=801.5 state_ms=28.86 prefix_ms=0.0 suffix_ms=4719.0 first_token_ms=30197.2 generation_ms=203806.6 generated=64 generation_tps=0.314
AGENT index=91 mig=31ffbfe4 exit=0 wall_ms=349939 text=0ec120ad804ad591 role=child prefix_tokens=14282 suffix_tokens=21 model_ms=21271.1 context_ms=210.2 state_ms=6.02 prefix_ms=0.0 suffix_ms=9566.9 first_token_ms=36314.3 generation_ms=312723.9 generated=64 generation_tps=0.205
AGENT index=92 mig=fafc828a exit=0 wall_ms=238108 text=4a33e463a3e8f524 role=child prefix_tokens=14282 suffix_tokens=20 model_ms=20309.0 context_ms=459.2 state_ms=19.56 prefix_ms=0.0 suffix_ms=5772.6 first_token_ms=32182.7 generation_ms=204673.0 generated=64 generation_tps=0.313
AGENT index=93 mig=31ffbfe4 exit=0 wall_ms=281708 text=a56a85c42cb9bcf4 role=child prefix_tokens=14282 suffix_tokens=22 model_ms=11141.8 context_ms=847.0 state_ms=15.29 prefix_ms=0.0 suffix_ms=1489.4 first_token_ms=19063.1 generation_ms=262196.9 generated=64 generation_tps=0.244
AGENT index=94 mig=fafc828a exit=0 wall_ms=237422 text=5b96a105ed76f9fa role=child prefix_tokens=14282 suffix_tokens=20 model_ms=21265.7 context_ms=551.8 state_ms=6.29 prefix_ms=0.0 suffix_ms=5992.7 first_token_ms=32571.3 generation_ms=203717.8 generated=64 generation_tps=0.314
AGENT index=95 mig=31ffbfe4 exit=0 wall_ms=336649 text=4ed1e788823f7ae6 role=child prefix_tokens=14282 suffix_tokens=22 model_ms=14673.0 context_ms=1672.0 state_ms=21.68 prefix_ms=0.0 suffix_ms=2170.3 first_token_ms=24023.0 generation_ms=312165.4 generated=64 generation_tps=0.205
AGENT index=96 mig=fafc828a exit=0 wall_ms=235454 text=a067a6895417f0e8 role=child prefix_tokens=14282 suffix_tokens=28 model_ms=18539.3 context_ms=567.8 state_ms=54.52 prefix_ms=0.0 suffix_ms=3679.6 first_token_ms=28144.6 generation_ms=206732.0 generated=64 generation_tps=0.310
AGENT index=97 mig=31ffbfe4 exit=0 wall_ms=343466 text=5b450cf9627e77b9 role=child prefix_tokens=14282 suffix_tokens=23 model_ms=18050.8 context_ms=407.6 state_ms=43.91 prefix_ms=0.0 suffix_ms=3445.8 first_token_ms=26571.9 generation_ms=316318.3 generated=64 generation_tps=0.202
AGENT index=98 mig=fafc828a exit=0 wall_ms=239026 text=2ecfd34dfa486110 role=child prefix_tokens=14282 suffix_tokens=25 model_ms=21196.5 context_ms=204.3 state_ms=7.95 prefix_ms=0.0 suffix_ms=6711.8 first_token_ms=33308.5 generation_ms=204147.2 generated=64 generation_tps=0.313
AGENT index=99 mig=31ffbfe4 exit=0 wall_ms=337688 text=f1b10c0aeb700d09 role=child prefix_tokens=14282 suffix_tokens=33 model_ms=15487.5 context_ms=1038.3 state_ms=31.18 prefix_ms=0.0 suffix_ms=3085.7 first_token_ms=24280.2 generation_ms=312941.4 generated=64 generation_tps=0.205
AGENT index=100 mig=fafc828a exit=0 wall_ms=239051 text=e4f7a0fff10da58f role=child prefix_tokens=14282 suffix_tokens=25 model_ms=20744.7 context_ms=284.6 state_ms=51.24 prefix_ms=0.0 suffix_ms=6267.9 first_token_ms=32264.9 generation_ms=204829.0 generated=64 generation_tps=0.312
AGENT index=101 mig=31ffbfe4 exit=0 wall_ms=246134 text=4e58d1434e38d87b role=child prefix_tokens=14282 suffix_tokens=28 model_ms=6199.9 context_ms=3979.2 state_ms=16.32 prefix_ms=0.0 suffix_ms=2616.5 first_token_ms=17681.2 generation_ms=228078.2 generated=64 generation_tps=0.281
AGENT index=102 mig=fafc828a exit=0 wall_ms=228820 text=74ff651a4aa431c6 role=child prefix_tokens=14282 suffix_tokens=23 model_ms=16882.9 context_ms=736.0 state_ms=66.29 prefix_ms=0.0 suffix_ms=1829.9 first_token_ms=25003.4 generation_ms=203316.7 generated=64 generation_tps=0.315
AGENT index=103 mig=31ffbfe4 exit=0 wall_ms=346454 text=f9c832b7cad1a509 role=child prefix_tokens=14282 suffix_tokens=33 model_ms=18814.9 context_ms=512.9 state_ms=24.48 prefix_ms=0.0 suffix_ms=10638.0 first_token_ms=35654.4 generation_ms=310342.9 generated=64 generation_tps=0.206
AGENT index=104 mig=fafc828a exit=0 wall_ms=236173 text=8d692aa4a801d17d role=child prefix_tokens=14282 suffix_tokens=20 model_ms=19131.5 context_ms=414.0 state_ms=9.67 prefix_ms=0.0 suffix_ms=4287.9 first_token_ms=29493.8 generation_ms=205843.4 generated=64 generation_tps=0.311
AGENT index=105 mig=31ffbfe4 exit=0 wall_ms=350721 text=d78bd735ec80af2b role=child prefix_tokens=14282 suffix_tokens=20 model_ms=21036.1 context_ms=348.2 state_ms=6.53 prefix_ms=0.0 suffix_ms=9537.7 first_token_ms=36180.7 generation_ms=313284.1 generated=64 generation_tps=0.204
AGENT index=106 mig=fafc828a exit=0 wall_ms=233674 text=0843554c3d590aaf role=child prefix_tokens=14282 suffix_tokens=19 model_ms=17814.8 context_ms=669.2 state_ms=53.65 prefix_ms=0.0 suffix_ms=2478.4 first_token_ms=26676.4 generation_ms=206588.5 generated=64 generation_tps=0.310
AGENT index=107 mig=31ffbfe4 exit=0 wall_ms=350567 text=087278665f3dec68 role=child prefix_tokens=14282 suffix_tokens=23 model_ms=19852.5 context_ms=505.3 state_ms=43.71 prefix_ms=0.0 suffix_ms=9341.3 first_token_ms=35129.1 generation_ms=314315.2 generated=64 generation_tps=0.204
AGENT index=108 mig=fafc828a exit=0 wall_ms=229522 text=2c93819fe85df763 role=child prefix_tokens=14282 suffix_tokens=22 model_ms=15758.3 context_ms=1500.8 state_ms=38.31 prefix_ms=0.0 suffix_ms=2449.7 first_token_ms=25257.8 generation_ms=203769.6 generated=64 generation_tps=0.314
AGENT index=109 mig=31ffbfe4 exit=0 wall_ms=350619 text=c2157cfb976018b5 role=child prefix_tokens=14282 suffix_tokens=32 model_ms=21034.5 context_ms=397.4 state_ms=9.07 prefix_ms=0.0 suffix_ms=9853.2 first_token_ms=36479.4 generation_ms=313065.5 generated=64 generation_tps=0.204
AGENT index=110 mig=fafc828a exit=0 wall_ms=239497 text=3f33f20708943e2f role=child prefix_tokens=14282 suffix_tokens=22 model_ms=19495.1 context_ms=649.7 state_ms=38.43 prefix_ms=0.0 suffix_ms=5794.9 first_token_ms=31669.5 generation_ms=205818.2 generated=64 generation_tps=0.311
AGENT index=111 mig=31ffbfe4 exit=0 wall_ms=349193 text=0d9668c2f9cbc9fc role=child prefix_tokens=14282 suffix_tokens=27 model_ms=20917.5 context_ms=176.8 state_ms=15.53 prefix_ms=0.0 suffix_ms=9623.5 first_token_ms=35999.7 generation_ms=312524.7 generated=64 generation_tps=0.205
AGENT index=112 mig=fafc828a exit=0 wall_ms=239288 text=787d0f2cb9f0f5f6 role=child prefix_tokens=14282 suffix_tokens=26 model_ms=20891.6 context_ms=487.4 state_ms=6.35 prefix_ms=0.0 suffix_ms=6654.2 first_token_ms=33145.0 generation_ms=204208.3 generated=64 generation_tps=0.313
AGENT index=113 mig=31ffbfe4 exit=0 wall_ms=350796 text=6bd685fbc4b441ec role=child prefix_tokens=14282 suffix_tokens=23 model_ms=21101.4 context_ms=335.5 state_ms=6.27 prefix_ms=0.0 suffix_ms=9530.0 first_token_ms=36162.4 generation_ms=313456.8 generated=64 generation_tps=0.204
AGENT index=114 mig=fafc828a exit=0 wall_ms=224225 text=2f3bcae6671ff31f role=child prefix_tokens=14282 suffix_tokens=22 model_ms=16367.1 context_ms=914.7 state_ms=31.66 prefix_ms=0.0 suffix_ms=1527.7 first_token_ms=24094.6 generation_ms=199710.1 generated=64 generation_tps=0.320
AGENT index=115 mig=31ffbfe4 exit=0 wall_ms=349500 text=4c7501e634d9bf23 role=child prefix_tokens=14282 suffix_tokens=19 model_ms=20882.9 context_ms=667.6 state_ms=10.47 prefix_ms=0.0 suffix_ms=9597.3 first_token_ms=36112.2 generation_ms=312557.7 generated=64 generation_tps=0.205
AGENT index=116 mig=fafc828a exit=0 wall_ms=236304 text=59ab8a91f9570afc role=child prefix_tokens=14282 suffix_tokens=22 model_ms=20956.1 context_ms=433.8 state_ms=37.96 prefix_ms=0.0 suffix_ms=5495.9 first_token_ms=31563.0 generation_ms=204129.7 generated=64 generation_tps=0.314
AGENT index=117 mig=31ffbfe4 exit=0 wall_ms=344060 text=397d44936e8841e9 role=child prefix_tokens=14282 suffix_tokens=27 model_ms=16495.5 context_ms=826.1 state_ms=30.57 prefix_ms=0.0 suffix_ms=3929.4 first_token_ms=26653.5 generation_ms=316966.7 generated=64 generation_tps=0.202
AGENT index=118 mig=fafc828a exit=0 wall_ms=239392 text=df0985d3d0c73de0 role=child prefix_tokens=14282 suffix_tokens=28 model_ms=20799.6 context_ms=278.5 state_ms=7.29 prefix_ms=0.0 suffix_ms=6713.5 first_token_ms=33366.3 generation_ms=204112.5 generated=64 generation_tps=0.314
AGENT index=119 mig=31ffbfe4 exit=0 wall_ms=350751 text=a94c9c83167a5f8c role=child prefix_tokens=14282 suffix_tokens=18 model_ms=19357.8 context_ms=601.6 state_ms=31.46 prefix_ms=0.0 suffix_ms=8952.4 first_token_ms=34594.5 generation_ms=315040.1 generated=64 generation_tps=0.203
AGENT index=120 mig=fafc828a exit=0 wall_ms=239469 text=9834d2c93010cb40 role=child prefix_tokens=14282 suffix_tokens=23 model_ms=20740.9 context_ms=339.7 state_ms=6.70 prefix_ms=0.0 suffix_ms=6101.5 first_token_ms=32740.8 generation_ms=204649.1 generated=64 generation_tps=0.313
AGENT index=121 mig=31ffbfe4 exit=0 wall_ms=349912 text=7a6a0515e5f4b2e4 role=child prefix_tokens=14282 suffix_tokens=24 model_ms=20066.4 context_ms=447.3 state_ms=39.72 prefix_ms=0.0 suffix_ms=9241.2 first_token_ms=35163.9 generation_ms=313670.4 generated=64 generation_tps=0.204
AGENT index=122 mig=fafc828a exit=0 wall_ms=229532 text=158a991a74f5c09c role=child prefix_tokens=14282 suffix_tokens=20 model_ms=16634.2 context_ms=883.4 state_ms=62.20 prefix_ms=0.0 suffix_ms=2190.7 first_token_ms=25081.0 generation_ms=203922.7 generated=64 generation_tps=0.314
AGENT index=123 mig=31ffbfe4 exit=0 wall_ms=348599 text=e38ea5b855370f1e role=child prefix_tokens=14282 suffix_tokens=22 model_ms=19268.5 context_ms=753.5 state_ms=13.32 prefix_ms=0.0 suffix_ms=8504.0 first_token_ms=33700.0 generation_ms=314368.2 generated=64 generation_tps=0.204
AGENT index=124 mig=fafc828a exit=0 wall_ms=239567 text=5442500eccbad2cf role=child prefix_tokens=14282 suffix_tokens=21 model_ms=20728.6 context_ms=248.1 state_ms=8.48 prefix_ms=0.0 suffix_ms=6100.3 first_token_ms=32738.3 generation_ms=204731.2 generated=64 generation_tps=0.313
AGENT index=125 mig=31ffbfe4 exit=0 wall_ms=350081 text=77ec1b209de8c3c4 role=child prefix_tokens=14282 suffix_tokens=23 model_ms=19261.9 context_ms=806.3 state_ms=36.44 prefix_ms=0.0 suffix_ms=9336.1 first_token_ms=34829.5 generation_ms=314477.2 generated=64 generation_tps=0.204
AGENT index=126 mig=fafc828a exit=0 wall_ms=239277 text=09fd41491d0c178b role=child prefix_tokens=14282 suffix_tokens=21 model_ms=20341.1 context_ms=312.6 state_ms=18.15 prefix_ms=0.0 suffix_ms=5817.1 first_token_ms=31860.0 generation_ms=205410.2 generated=64 generation_tps=0.312
AGENT index=127 mig=31ffbfe4 exit=0 wall_ms=349972 text=c5fb19c141f1ba26 role=child prefix_tokens=14282 suffix_tokens=23 model_ms=18498.2 context_ms=501.1 state_ms=55.08 prefix_ms=0.0 suffix_ms=7828.8 first_token_ms=32488.0 generation_ms=316588.5 generated=64 generation_tps=0.202
AGENT index=128 mig=fafc828a exit=0 wall_ms=239147 text=5b3e8496b267e28f role=child prefix_tokens=14282 suffix_tokens=29 model_ms=19289.5 context_ms=697.6 state_ms=28.07 prefix_ms=0.0 suffix_ms=6640.9 first_token_ms=32287.0 generation_ms=205130.2 generated=64 generation_tps=0.312
AGENT index=129 mig=31ffbfe4 exit=0 wall_ms=349321 text=a38762ffbed809b4 role=child prefix_tokens=14282 suffix_tokens=24 model_ms=20185.6 context_ms=594.8 state_ms=31.44 prefix_ms=0.0 suffix_ms=9443.0 first_token_ms=35703.5 generation_ms=312764.3 generated=64 generation_tps=0.205
AGENT index=130 mig=fafc828a exit=0 wall_ms=237184 text=c95b0c65393fcdb1 role=child prefix_tokens=14282 suffix_tokens=26 model_ms=19154.8 context_ms=763.4 state_ms=24.44 prefix_ms=0.0 suffix_ms=6387.8 first_token_ms=31657.0 generation_ms=204592.0 generated=64 generation_tps=0.313
AGENT index=131 mig=31ffbfe4 exit=0 wall_ms=350514 text=258342dafcba2265 role=child prefix_tokens=14282 suffix_tokens=34 model_ms=20186.5 context_ms=539.2 state_ms=10.17 prefix_ms=0.0 suffix_ms=11802.6 first_token_ms=38173.3 generation_ms=311492.5 generated=64 generation_tps=0.205
AGENT index=132 mig=fafc828a exit=0 wall_ms=239136 text=2852504019aca3b6 role=child prefix_tokens=14282 suffix_tokens=25 model_ms=20144.4 context_ms=533.9 state_ms=9.26 prefix_ms=0.0 suffix_ms=6389.8 first_token_ms=32382.4 generation_ms=204808.5 generated=64 generation_tps=0.312
AGENT index=133 mig=31ffbfe4 exit=0 wall_ms=348826 text=6cd60c5868229e5c role=child prefix_tokens=14282 suffix_tokens=28 model_ms=19863.3 context_ms=585.7 state_ms=33.02 prefix_ms=0.0 suffix_ms=9624.4 first_token_ms=35334.1 generation_ms=312884.6 generated=64 generation_tps=0.205
AGENT index=134 mig=fafc828a exit=0 wall_ms=237057 text=d3b535510b29322a role=child prefix_tokens=14282 suffix_tokens=23 model_ms=19897.6 context_ms=367.4 state_ms=34.59 prefix_ms=0.0 suffix_ms=5135.6 first_token_ms=30733.7 generation_ms=205431.7 generated=64 generation_tps=0.312
AGENT index=135 mig=31ffbfe4 exit=0 wall_ms=349194 text=f9c832b7cad1a509 role=child prefix_tokens=14282 suffix_tokens=33 model_ms=18920.5 context_ms=428.6 state_ms=35.31 prefix_ms=0.0 suffix_ms=9997.4 first_token_ms=34860.5 generation_ms=313355.0 generated=64 generation_tps=0.204
MEMORY mem_available_drop_mib=95209 mem_available_before_mib=119105 mem_free_before_mib=45710 pss_anon_mib=31894 pss_file_mib=7363 pss_shmem_mib=8699 device_mib=52632 samples=14
END_CASE failed_agents=0 wall_ms=352064
END_KVSTACK
BEGIN_KVSTACK run=6 context=16384 publisher_mig=31ffbfe4 mem_free_mib=48446 kernel_reclaimable_mib=67436
PUBLISH store=stock prefix_tokens=14282 prefix_ms=24860.1 publish_ms=506.94 state_bytes=819216229
PUBLISH store=device prefix_tokens=14282 prefix_ms=25101.6 publish_ms=507.79 state_bytes=819216229
PUBLISH store=huge prefix_tokens=14282 prefix_ms=25156.3 publish_ms=8.45 state_bytes=229221 file_used_kib=802816
CASE mode=both agents=136
AGENT index=0 mig=31ffbfe4 exit=0 wall_ms=349817 text=4605b6e04b2228eb role=child prefix_tokens=14282 suffix_tokens=27 model_ms=21989.5 context_ms=263.4 state_ms=6.84 prefix_ms=0.0 suffix_ms=9660.4 first_token_ms=36812.5 generation_ms=312434.6 generated=64 generation_tps=0.205
AGENT index=1 mig=fafc828a exit=0 wall_ms=234794 text=a5af93194a2d1ced role=child prefix_tokens=14282 suffix_tokens=22 model_ms=22158.9 context_ms=173.6 state_ms=6.04 prefix_ms=0.0 suffix_ms=6040.2 first_token_ms=33246.7 generation_ms=201037.1 generated=64 generation_tps=0.318
AGENT index=2 mig=31ffbfe4 exit=0 wall_ms=350363 text=37e5f08e6279aa62 role=child prefix_tokens=14282 suffix_tokens=24 model_ms=20881.8 context_ms=503.3 state_ms=11.27 prefix_ms=0.0 suffix_ms=9218.4 first_token_ms=35939.4 generation_ms=313670.4 generated=64 generation_tps=0.204
AGENT index=3 mig=fafc828a exit=0 wall_ms=238983 text=5e1ac569aa8b0faf role=child prefix_tokens=14282 suffix_tokens=32 model_ms=20260.4 context_ms=409.6 state_ms=29.12 prefix_ms=0.0 suffix_ms=6633.3 first_token_ms=32865.6 generation_ms=204487.5 generated=64 generation_tps=0.313
AGENT index=4 mig=31ffbfe4 exit=0 wall_ms=348329 text=6e3d8f07cfceb082 role=child prefix_tokens=14282 suffix_tokens=23 model_ms=19012.2 context_ms=594.8 state_ms=41.37 prefix_ms=0.0 suffix_ms=7000.0 first_token_ms=32266.4 generation_ms=315600.7 generated=64 generation_tps=0.203
AGENT index=5 mig=fafc828a exit=0 wall_ms=237127 text=47179dd0dcd49eb0 role=child prefix_tokens=14282 suffix_tokens=26 model_ms=21503.6 context_ms=416.1 state_ms=6.45 prefix_ms=0.0 suffix_ms=6776.1 first_token_ms=33788.0 generation_ms=202750.5 generated=64 generation_tps=0.316
AGENT index=6 mig=31ffbfe4 exit=0 wall_ms=292672 text=f88f503d1005fa22 role=child prefix_tokens=14282 suffix_tokens=21 model_ms=10439.2 context_ms=1832.8 state_ms=16.03 prefix_ms=0.0 suffix_ms=1786.9 first_token_ms=18989.5 generation_ms=273264.7 generated=64 generation_tps=0.234
AGENT index=7 mig=fafc828a exit=0 wall_ms=237484 text=f9c832b7cad1a509 role=child prefix_tokens=14282 suffix_tokens=31 model_ms=20329.2 context_ms=522.5 state_ms=25.31 prefix_ms=0.0 suffix_ms=5862.6 first_token_ms=31655.0 generation_ms=205056.0 generated=64 generation_tps=0.312
AGENT index=8 mig=31ffbfe4 exit=0 wall_ms=349528 text=a3c806a5411bc6e6 role=child prefix_tokens=14282 suffix_tokens=18 model_ms=20757.2 context_ms=553.6 state_ms=6.08 prefix_ms=0.0 suffix_ms=9215.1 first_token_ms=36242.6 generation_ms=312691.9 generated=64 generation_tps=0.205
AGENT index=9 mig=fafc828a exit=0 wall_ms=227528 text=a2d016def74ecc62 role=child prefix_tokens=14282 suffix_tokens=18 model_ms=16260.6 context_ms=1338.9 state_ms=66.21 prefix_ms=0.0 suffix_ms=1778.6 first_token_ms=24476.2 generation_ms=202504.6 generated=64 generation_tps=0.316
AGENT index=10 mig=31ffbfe4 exit=0 wall_ms=348536 text=a733f3a39259263c role=child prefix_tokens=14282 suffix_tokens=18 model_ms=21536.8 context_ms=420.2 state_ms=6.93 prefix_ms=0.0 suffix_ms=9267.6 first_token_ms=36115.9 generation_ms=311964.2 generated=64 generation_tps=0.205
AGENT index=11 mig=fafc828a exit=0 wall_ms=231780 text=ad0d6edf343e5e28 role=child prefix_tokens=14282 suffix_tokens=22 model_ms=18723.3 context_ms=523.5 state_ms=47.40 prefix_ms=0.0 suffix_ms=2817.4 first_token_ms=27113.0 generation_ms=204195.1 generated=64 generation_tps=0.313
AGENT index=12 mig=31ffbfe4 exit=0 wall_ms=302711 text=2c93819fe85df763 role=child prefix_tokens=14282 suffix_tokens=21 model_ms=11810.1 context_ms=790.1 state_ms=18.35 prefix_ms=0.0 suffix_ms=1680.3 first_token_ms=19929.4 generation_ms=282327.1 generated=64 generation_tps=0.227
AGENT index=13 mig=fafc828a exit=0 wall_ms=232699 text=5d483815f91685a6 role=child prefix_tokens=14282 suffix_tokens=31 model_ms=17519.0 context_ms=509.0 state_ms=63.39 prefix_ms=0.0 suffix_ms=3195.4 first_token_ms=26652.9 generation_ms=205527.9 generated=64 generation_tps=0.311
AGENT index=14 mig=31ffbfe4 exit=0 wall_ms=349269 text=f8f770d151794139 role=child prefix_tokens=14282 suffix_tokens=21 model_ms=21897.4 context_ms=382.7 state_ms=6.45 prefix_ms=0.0 suffix_ms=9389.4 first_token_ms=36526.9 generation_ms=312219.8 generated=64 generation_tps=0.205
AGENT index=15 mig=fafc828a exit=0 wall_ms=238538 text=0d9668c2f9cbc9fc role=child prefix_tokens=14282 suffix_tokens=26 model_ms=20787.0 context_ms=651.6 state_ms=6.89 prefix_ms=0.0 suffix_ms=6728.4 first_token_ms=33687.5 generation_ms=203718.6 generated=64 generation_tps=0.314
AGENT index=16 mig=31ffbfe4 exit=0 wall_ms=298464 text=a6ffaf564cadb5d1 role=child prefix_tokens=14282 suffix_tokens=25 model_ms=14379.2 context_ms=967.4 state_ms=15.80 prefix_ms=0.0 suffix_ms=1735.3 first_token_ms=20027.2 generation_ms=277965.7 generated=64 generation_tps=0.230
AGENT index=17 mig=fafc828a exit=0 wall_ms=236656 text=6bd685fbc4b441ec role=child prefix_tokens=14282 suffix_tokens=22 model_ms=20955.4 context_ms=507.2 state_ms=18.25 prefix_ms=0.0 suffix_ms=5979.4 first_token_ms=32559.2 generation_ms=203528.8 generated=64 generation_tps=0.314
AGENT index=18 mig=31ffbfe4 exit=0 wall_ms=349684 text=ba15e410535ababc role=child prefix_tokens=14282 suffix_tokens=21 model_ms=20242.8 context_ms=490.8 state_ms=38.56 prefix_ms=0.0 suffix_ms=8411.7 first_token_ms=34026.8 generation_ms=314899.2 generated=64 generation_tps=0.203
AGENT index=19 mig=fafc828a exit=0 wall_ms=239246 text=4c7501e634d9bf23 role=child prefix_tokens=14282 suffix_tokens=18 model_ms=21623.5 context_ms=279.2 state_ms=12.51 prefix_ms=0.0 suffix_ms=6145.6 first_token_ms=33280.3 generation_ms=204492.6 generated=64 generation_tps=0.313
AGENT index=20 mig=31ffbfe4 exit=0 wall_ms=348046 text=b3893059e7e79532 role=child prefix_tokens=14282 suffix_tokens=21 model_ms=18465.6 context_ms=611.5 state_ms=67.14 prefix_ms=0.0 suffix_ms=6792.5 first_token_ms=31670.0 generation_ms=315896.7 generated=64 generation_tps=0.203
AGENT index=21 mig=fafc828a exit=0 wall_ms=237635 text=284eef78a2286715 role=child prefix_tokens=14282 suffix_tokens=26 model_ms=21409.0 context_ms=479.4 state_ms=11.86 prefix_ms=0.0 suffix_ms=6835.3 first_token_ms=33649.2 generation_ms=203101.8 generated=64 generation_tps=0.315
AGENT index=22 mig=31ffbfe4 exit=0 wall_ms=350133 text=ad3122b47bf9d41d role=child prefix_tokens=14282 suffix_tokens=27 model_ms=19977.5 context_ms=502.1 state_ms=30.07 prefix_ms=0.0 suffix_ms=9357.9 first_token_ms=35134.1 generation_ms=314376.6 generated=64 generation_tps=0.204
AGENT index=23 mig=fafc828a exit=0 wall_ms=233740 text=fd9dec9936f784ff role=child prefix_tokens=14282 suffix_tokens=17 model_ms=17571.5 context_ms=889.4 state_ms=55.38 prefix_ms=0.0 suffix_ms=2857.4 first_token_ms=26682.2 generation_ms=206622.5 generated=64 generation_tps=0.310
AGENT index=24 mig=31ffbfe4 exit=0 wall_ms=350575 text=9834d2c93010cb40 role=child prefix_tokens=14282 suffix_tokens=22 model_ms=21096.1 context_ms=389.5 state_ms=29.36 prefix_ms=0.0 suffix_ms=9055.4 first_token_ms=35664.3 generation_ms=314146.8 generated=64 generation_tps=0.204
AGENT index=25 mig=fafc828a exit=0 wall_ms=238214 text=d4e1fcaa961685d1 role=child prefix_tokens=14282 suffix_tokens=23 model_ms=20741.1 context_ms=712.4 state_ms=7.19 prefix_ms=0.0 suffix_ms=6074.6 first_token_ms=32903.5 generation_ms=204311.0 generated=64 generation_tps=0.313
AGENT index=26 mig=31ffbfe4 exit=0 wall_ms=289472 text=9e35020256b4a71c role=child prefix_tokens=14282 suffix_tokens=19 model_ms=9072.0 context_ms=2112.5 state_ms=15.36 prefix_ms=0.0 suffix_ms=1877.5 first_token_ms=18490.1 generation_ms=270542.5 generated=64 generation_tps=0.237
AGENT index=27 mig=fafc828a exit=0 wall_ms=236088 text=178df8f18d21f57e role=child prefix_tokens=14282 suffix_tokens=21 model_ms=21484.5 context_ms=500.8 state_ms=6.76 prefix_ms=0.0 suffix_ms=6112.1 first_token_ms=33170.5 generation_ms=202302.0 generated=64 generation_tps=0.316
AGENT index=28 mig=31ffbfe4 exit=0 wall_ms=350483 text=15c67d79a860da75 role=child prefix_tokens=14282 suffix_tokens=20 model_ms=20897.3 context_ms=447.3 state_ms=14.41 prefix_ms=0.0 suffix_ms=9211.5 first_token_ms=35884.4 generation_ms=313932.2 generated=64 generation_tps=0.204
AGENT index=29 mig=fafc828a exit=0 wall_ms=236788 text=a72f71cd80731afe role=child prefix_tokens=14282 suffix_tokens=22 model_ms=20783.5 context_ms=404.0 state_ms=7.42 prefix_ms=0.0 suffix_ms=6057.2 first_token_ms=33058.0 generation_ms=202977.4 generated=64 generation_tps=0.315
AGENT index=30 mig=31ffbfe4 exit=0 wall_ms=350957 text=317f6f38771a1e41 role=child prefix_tokens=14282 suffix_tokens=20 model_ms=21408.5 context_ms=377.0 state_ms=6.17 prefix_ms=0.0 suffix_ms=9464.6 first_token_ms=36542.4 generation_ms=313356.7 generated=64 generation_tps=0.204
AGENT index=31 mig=fafc828a exit=0 wall_ms=239232 text=d52293b0dc058085 role=child prefix_tokens=14282 suffix_tokens=22 model_ms=21321.5 context_ms=176.3 state_ms=6.28 prefix_ms=0.0 suffix_ms=6104.7 first_token_ms=33217.6 generation_ms=204349.6 generated=64 generation_tps=0.313
AGENT index=32 mig=31ffbfe4 exit=0 wall_ms=350178 text=a067a6895417f0e8 role=child prefix_tokens=14282 suffix_tokens=28 model_ms=20812.6 context_ms=394.0 state_ms=8.29 prefix_ms=0.0 suffix_ms=9632.6 first_token_ms=36512.9 generation_ms=313001.9 generated=64 generation_tps=0.204
AGENT index=33 mig=fafc828a exit=0 wall_ms=237066 text=5b450cf9627e77b9 role=child prefix_tokens=14282 suffix_tokens=23 model_ms=20674.9 context_ms=619.7 state_ms=34.03 prefix_ms=0.0 suffix_ms=5602.6 first_token_ms=32064.0 generation_ms=204168.5 generated=64 generation_tps=0.313
AGENT index=34 mig=31ffbfe4 exit=0 wall_ms=349891 text=5c09b6f1d055319b role=child prefix_tokens=14282 suffix_tokens=25 model_ms=21755.9 context_ms=247.9 state_ms=6.18 prefix_ms=0.0 suffix_ms=9607.9 first_token_ms=36714.8 generation_ms=312509.6 generated=64 generation_tps=0.205
AGENT index=35 mig=fafc828a exit=0 wall_ms=239053 text=077e38d3762a4e5d role=child prefix_tokens=14282 suffix_tokens=33 model_ms=20866.9 context_ms=507.2 state_ms=6.42 prefix_ms=0.0 suffix_ms=7166.4 first_token_ms=33985.8 generation_ms=203745.6 generated=64 generation_tps=0.314
AGENT index=36 mig=31ffbfe4 exit=0 wall_ms=349680 text=836ebfaf7d21007d role=child prefix_tokens=14282 suffix_tokens=24 model_ms=21888.6 context_ms=305.8 state_ms=7.79 prefix_ms=0.0 suffix_ms=9444.6 first_token_ms=36484.8 generation_ms=312570.1 generated=64 generation_tps=0.205
AGENT index=37 mig=fafc828a exit=0 wall_ms=237523 text=b5c1cde845350686 role=child prefix_tokens=14282 suffix_tokens=27 model_ms=20566.8 context_ms=372.0 state_ms=11.09 prefix_ms=0.0 suffix_ms=6280.0 first_token_ms=32623.9 generation_ms=203997.0 generated=64 generation_tps=0.314
AGENT index=38 mig=31ffbfe4 exit=0 wall_ms=350686 text=e57f2865bc99ed0e role=child prefix_tokens=14282 suffix_tokens=22 model_ms=21541.0 context_ms=230.8 state_ms=6.34 prefix_ms=0.0 suffix_ms=9407.2 first_token_ms=36517.8 generation_ms=313268.6 generated=64 generation_tps=0.204
AGENT index=39 mig=fafc828a exit=0 wall_ms=234735 text=f9c832b7cad1a509 role=child prefix_tokens=14282 suffix_tokens=32 model_ms=18081.7 context_ms=734.0 state_ms=48.09 prefix_ms=0.0 suffix_ms=3334.1 first_token_ms=27447.2 generation_ms=206661.3 generated=64 generation_tps=0.310
AGENT index=40 mig=31ffbfe4 exit=0 wall_ms=348728 text=1bedc9985ebffdf3 role=child prefix_tokens=14282 suffix_tokens=19 model_ms=21268.7 context_ms=439.3 state_ms=6.32 prefix_ms=0.0 suffix_ms=9245.1 first_token_ms=36017.7 generation_ms=312257.3 generated=64 generation_tps=0.205
AGENT index=41 mig=fafc828a exit=0 wall_ms=68855 text=3be32d4f1f40e878 role=child prefix_tokens=14282 suffix_tokens=19 model_ms=5335.4 context_ms=3635.3 state_ms=15.21 prefix_ms=0.0 suffix_ms=3049.3 first_token_ms=17862.3 generation_ms=50328.8 generated=64 generation_tps=1.272
AGENT index=42 mig=31ffbfe4 exit=0 wall_ms=347289 text=519b2de5b706a49d role=child prefix_tokens=14282 suffix_tokens=18 model_ms=19172.4 context_ms=364.0 state_ms=58.38 prefix_ms=0.0 suffix_ms=6730.0 first_token_ms=31804.6 generation_ms=315017.9 generated=64 generation_tps=0.203
AGENT index=43 mig=fafc828a exit=0 wall_ms=230188 text=ad92edad967aef00 role=child prefix_tokens=14282 suffix_tokens=22 model_ms=16765.4 context_ms=803.7 state_ms=60.49 prefix_ms=0.0 suffix_ms=1747.1 first_token_ms=25029.3 generation_ms=204666.8 generated=64 generation_tps=0.313
AGENT index=44 mig=31ffbfe4 exit=0 wall_ms=349862 text=806eb5a225900d3a role=child prefix_tokens=14282 suffix_tokens=21 model_ms=21510.6 context_ms=393.6 state_ms=15.58 prefix_ms=0.0 suffix_ms=9290.9 first_token_ms=36245.3 generation_ms=312964.5 generated=64 generation_tps=0.204
AGENT index=45 mig=fafc828a exit=0 wall_ms=235280 text=9f441c92dda94d6e role=child prefix_tokens=14282 suffix_tokens=31 model_ms=20875.5 context_ms=326.1 state_ms=8.65 prefix_ms=0.0 suffix_ms=6761.1 first_token_ms=33642.1 generation_ms=201108.4 generated=64 generation_tps=0.318
AGENT index=46 mig=31ffbfe4 exit=0 wall_ms=345124 text=3f33f20708943e2f role=child prefix_tokens=14282 suffix_tokens=21 model_ms=17863.4 context_ms=658.0 state_ms=17.53 prefix_ms=0.0 suffix_ms=3690.9 first_token_ms=27843.9 generation_ms=316840.7 generated=64 generation_tps=0.202
AGENT index=47 mig=fafc828a exit=0 wall_ms=237790 text=0d9668c2f9cbc9fc role=child prefix_tokens=14282 suffix_tokens=26 model_ms=20567.1 context_ms=475.2 state_ms=7.61 prefix_ms=0.0 suffix_ms=6603.8 first_token_ms=33356.0 generation_ms=203441.7 generated=64 generation_tps=0.315
AGENT index=48 mig=31ffbfe4 exit=0 wall_ms=349454 text=27f58a7742c668f5 role=child prefix_tokens=14282 suffix_tokens=25 model_ms=19738.7 context_ms=471.2 state_ms=38.23 prefix_ms=0.0 suffix_ms=8141.1 first_token_ms=33804.1 generation_ms=315033.0 generated=64 generation_tps=0.203
AGENT index=49 mig=fafc828a exit=0 wall_ms=238923 text=6bd685fbc4b441ec role=child prefix_tokens=14282 suffix_tokens=22 model_ms=20969.3 context_ms=247.0 state_ms=6.63 prefix_ms=0.0 suffix_ms=6009.4 first_token_ms=33068.8 generation_ms=204559.2 generated=64 generation_tps=0.313
AGENT index=50 mig=31ffbfe4 exit=0 wall_ms=349302 text=802dc3b79f95f0ef role=child prefix_tokens=14282 suffix_tokens=21 model_ms=20714.7 context_ms=713.2 state_ms=8.38 prefix_ms=0.0 suffix_ms=9252.7 first_token_ms=36001.8 generation_ms=312719.5 generated=64 generation_tps=0.205
AGENT index=51 mig=fafc828a exit=0 wall_ms=237404 text=88ab36014083e9b4 role=child prefix_tokens=14282 suffix_tokens=18 model_ms=18982.3 context_ms=433.6 state_ms=29.03 prefix_ms=0.0 suffix_ms=4181.5 first_token_ms=29444.6 generation_ms=207161.1 generated=64 generation_tps=0.309
AGENT index=52 mig=31ffbfe4 exit=0 wall_ms=343727 text=56ae1f5c8f39885b role=child prefix_tokens=14282 suffix_tokens=21 model_ms=17578.0 context_ms=1015.4 state_ms=29.83 prefix_ms=0.0 suffix_ms=3411.7 first_token_ms=26949.9 generation_ms=316328.6 generated=64 generation_tps=0.202
AGENT index=53 mig=fafc828a exit=0 wall_ms=239027 text=11e4c2a85150fa06 role=child prefix_tokens=14282 suffix_tokens=26 model_ms=19747.1 context_ms=391.1 state_ms=42.72 prefix_ms=0.0 suffix_ms=6347.4 first_token_ms=32156.5 generation_ms=205290.4 generated=64 generation_tps=0.312
AGENT index=54 mig=31ffbfe4 exit=0 wall_ms=343907 text=3b6f5b9c968721eb role=child prefix_tokens=14282 suffix_tokens=27 model_ms=18223.2 context_ms=342.1 state_ms=50.55 prefix_ms=0.0 suffix_ms=2977.5 first_token_ms=26860.5 generation_ms=316611.3 generated=64 generation_tps=0.202
AGENT index=55 mig=fafc828a exit=0 wall_ms=236678 text=7e4fad52bd577abf role=child prefix_tokens=14282 suffix_tokens=17 model_ms=21606.7 context_ms=282.3 state_ms=6.28 prefix_ms=0.0 suffix_ms=6019.8 first_token_ms=32862.3 generation_ms=203091.2 generated=64 generation_tps=0.315
AGENT index=56 mig=31ffbfe4 exit=0 wall_ms=340798 text=9834d2c93010cb40 role=child prefix_tokens=14282 suffix_tokens=22 model_ms=15786.1 context_ms=1309.9 state_ms=14.35 prefix_ms=0.0 suffix_ms=3239.5 first_token_ms=25885.5 generation_ms=314442.8 generated=64 generation_tps=0.204
AGENT index=57 mig=fafc828a exit=0 wall_ms=237614 text=50630b6612aba7b8 role=child prefix_tokens=14282 suffix_tokens=23 model_ms=20809.5 context_ms=377.4 state_ms=26.17 prefix_ms=0.0 suffix_ms=5824.1 first_token_ms=31765.7 generation_ms=205013.2 generated=64 generation_tps=0.312
AGENT index=58 mig=31ffbfe4 exit=0 wall_ms=348941 text=9ca71337e20d8558 role=child prefix_tokens=14282 suffix_tokens=19 model_ms=20676.5 context_ms=564.8 state_ms=40.87 prefix_ms=0.0 suffix_ms=9054.0 first_token_ms=35086.1 generation_ms=313252.2 generated=64 generation_tps=0.204
AGENT index=59 mig=fafc828a exit=0 wall_ms=234760 text=a0d59f42adbdb7a7 role=child prefix_tokens=14282 suffix_tokens=21 model_ms=18980.8 context_ms=527.7 state_ms=22.38 prefix_ms=0.0 suffix_ms=3512.3 first_token_ms=28175.4 generation_ms=205998.8 generated=64 generation_tps=0.311
AGENT index=60 mig=31ffbfe4 exit=0 wall_ms=275625 text=b1fe3c81bfb2916f role=child prefix_tokens=14282 suffix_tokens=20 model_ms=9679.1 context_ms=2952.1 state_ms=15.09 prefix_ms=0.0 suffix_ms=2146.0 first_token_ms=18117.9 generation_ms=257080.0 generated=64 generation_tps=0.249
AGENT index=61 mig=fafc828a exit=0 wall_ms=238303 text=5b7f00ee41a4f8ef role=child prefix_tokens=14282 suffix_tokens=22 model_ms=20665.4 context_ms=469.5 state_ms=46.77 prefix_ms=0.0 suffix_ms=5149.2 first_token_ms=31137.2 generation_ms=206213.4 generated=64 generation_tps=0.310
AGENT index=62 mig=31ffbfe4 exit=0 wall_ms=348206 text=c17cb2a0a71c6a47 role=child prefix_tokens=14282 suffix_tokens=20 model_ms=20968.2 context_ms=566.8 state_ms=15.71 prefix_ms=0.0 suffix_ms=9283.2 first_token_ms=36053.5 generation_ms=311687.5 generated=64 generation_tps=0.205
AGENT index=63 mig=fafc828a exit=0 wall_ms=229037 text=3b010582add6c19e role=child prefix_tokens=14282 suffix_tokens=22 model_ms=16758.2 context_ms=1214.7 state_ms=6.39 prefix_ms=0.0 suffix_ms=1695.9 first_token_ms=24620.4 generation_ms=203933.3 generated=64 generation_tps=0.314
AGENT index=64 mig=31ffbfe4 exit=0 wall_ms=349731 text=3f50371ecb0032a2 role=child prefix_tokens=14282 suffix_tokens=28 model_ms=20379.5 context_ms=503.5 state_ms=54.45 prefix_ms=0.0 suffix_ms=8976.8 first_token_ms=34697.3 generation_ms=314469.5 generated=64 generation_tps=0.204
AGENT index=65 mig=fafc828a exit=0 wall_ms=238177 text=88835aea19336bf3 role=child prefix_tokens=14282 suffix_tokens=23 model_ms=20858.3 context_ms=495.5 state_ms=30.32 prefix_ms=0.0 suffix_ms=5672.7 first_token_ms=31977.1 generation_ms=204967.0 generated=64 generation_tps=0.312
AGENT index=66 mig=31ffbfe4 exit=0 wall_ms=350609 text=56cc6fc91016e6d9 role=child prefix_tokens=14282 suffix_tokens=25 model_ms=21467.6 context_ms=403.4 state_ms=6.36 prefix_ms=0.0 suffix_ms=9588.2 first_token_ms=36529.6 generation_ms=313219.0 generated=64 generation_tps=0.204
AGENT index=67 mig=fafc828a exit=0 wall_ms=238116 text=28222a18d507172c role=child prefix_tokens=14282 suffix_tokens=33 model_ms=19704.9 context_ms=763.7 state_ms=31.75 prefix_ms=0.0 suffix_ms=7128.8 first_token_ms=33298.0 generation_ms=203604.3 generated=64 generation_tps=0.314
AGENT index=68 mig=31ffbfe4 exit=0 wall_ms=343394 text=836ebfaf7d21007d role=child prefix_tokens=14282 suffix_tokens=24 model_ms=17098.6 context_ms=437.5 state_ms=57.36 prefix_ms=0.0 suffix_ms=3549.6 first_token_ms=26791.4 generation_ms=316170.0 generated=64 generation_tps=0.202
AGENT index=69 mig=fafc828a exit=0 wall_ms=231424 text=4e58d1434e38d87b role=child prefix_tokens=14282 suffix_tokens=27 model_ms=16782.3 context_ms=971.2 state_ms=25.10 prefix_ms=0.0 suffix_ms=2438.4 first_token_ms=25739.6 generation_ms=205211.7 generated=64 generation_tps=0.312
AGENT index=70 mig=31ffbfe4 exit=0 wall_ms=294093 text=2bc8a87702ffa5ba role=child prefix_tokens=14282 suffix_tokens=22 model_ms=10710.5 context_ms=1527.4 state_ms=11.15 prefix_ms=0.0 suffix_ms=1762.6 first_token_ms=18903.5 generation_ms=274779.5 generated=64 generation_tps=0.233
AGENT index=71 mig=fafc828a exit=0 wall_ms=237951 text=f9c832b7cad1a509 role=child prefix_tokens=14282 suffix_tokens=32 model_ms=20536.6 context_ms=290.3 state_ms=11.45 prefix_ms=0.0 suffix_ms=6793.5 first_token_ms=33500.6 generation_ms=203473.6 generated=64 generation_tps=0.315
AGENT index=72 mig=31ffbfe4 exit=0 wall_ms=350766 text=4e007a54c417b8e2 role=child prefix_tokens=14282 suffix_tokens=19 model_ms=21920.5 context_ms=277.3 state_ms=6.96 prefix_ms=0.0 suffix_ms=9487.3 first_token_ms=36400.2 generation_ms=313335.6 generated=64 generation_tps=0.204
AGENT index=73 mig=fafc828a exit=0 wall_ms=234767 text=f69b628d0f4868ff role=child prefix_tokens=14282 suffix_tokens=19 model_ms=20452.2 context_ms=343.3 state_ms=15.02 prefix_ms=0.0 suffix_ms=5999.0 first_token_ms=31892.1 generation_ms=202312.0 generated=64 generation_tps=0.316
AGENT index=74 mig=31ffbfe4 exit=0 wall_ms=348458 text=ab6f927a6830d128 role=child prefix_tokens=14282 suffix_tokens=18 model_ms=19247.0 context_ms=470.0 state_ms=42.42 prefix_ms=0.0 suffix_ms=8052.4 first_token_ms=33409.0 generation_ms=314544.9 generated=64 generation_tps=0.203
AGENT index=75 mig=fafc828a exit=0 wall_ms=237093 text=3f79542af35d277d role=child prefix_tokens=14282 suffix_tokens=22 model_ms=20054.0 context_ms=222.7 state_ms=50.91 prefix_ms=0.0 suffix_ms=4388.6 first_token_ms=29771.4 generation_ms=206509.8 generated=64 generation_tps=0.310
AGENT index=76 mig=31ffbfe4 exit=0 wall_ms=301377 text=2c93819fe85df763 role=child prefix_tokens=14282 suffix_tokens=21 model_ms=12098.8 context_ms=830.4 state_ms=15.70 prefix_ms=0.0 suffix_ms=1536.5 first_token_ms=19720.3 generation_ms=281229.8 generated=64 generation_tps=0.228
AGENT index=77 mig=fafc828a exit=0 wall_ms=238887 text=5d483815f91685a6 role=child prefix_tokens=14282 suffix_tokens=31 model_ms=21653.7 context_ms=192.0 state_ms=6.47 prefix_ms=0.0 suffix_ms=6733.0 first_token_ms=33708.5 generation_ms=203608.7 generated=64 generation_tps=0.314
AGENT index=78 mig=31ffbfe4 exit=0 wall_ms=348007 text=3f33f20708943e2f role=child prefix_tokens=14282 suffix_tokens=21 model_ms=19653.0 context_ms=336.9 state_ms=21.01 prefix_ms=0.0 suffix_ms=7981.3 first_token_ms=33105.2 generation_ms=314479.4 generated=64 generation_tps=0.204
AGENT index=79 mig=fafc828a exit=0 wall_ms=229116 text=0d9668c2f9cbc9fc role=child prefix_tokens=14282 suffix_tokens=26 model_ms=16036.2 context_ms=897.7 state_ms=24.88 prefix_ms=0.0 suffix_ms=2570.7 first_token_ms=24604.0 generation_ms=204003.8 generated=64 generation_tps=0.314
AGENT index=80 mig=31ffbfe4 exit=0 wall_ms=344528 text=86d4ee1044251a25 role=child prefix_tokens=14282 suffix_tokens=25 model_ms=18606.7 context_ms=611.3 state_ms=53.89 prefix_ms=0.0 suffix_ms=6689.5 first_token_ms=31218.9 generation_ms=312854.4 generated=64 generation_tps=0.205
AGENT index=81 mig=fafc828a exit=0 wall_ms=234359 text=facc2c2ea4689e1e role=child prefix_tokens=14282 suffix_tokens=22 model_ms=18266.9 context_ms=399.3 state_ms=45.55 prefix_ms=0.0 suffix_ms=3559.3 first_token_ms=27890.0 generation_ms=206002.2 generated=64 generation_tps=0.311
AGENT index=82 mig=31ffbfe4 exit=0 wall_ms=350895 text=ce66287a7832a2bb role=child prefix_tokens=14282 suffix_tokens=21 model_ms=21306.7 context_ms=307.5 state_ms=6.74 prefix_ms=0.0 suffix_ms=9485.2 first_token_ms=36378.6 generation_ms=313364.7 generated=64 generation_tps=0.204
AGENT index=83 mig=fafc828a exit=0 wall_ms=231944 text=cdf6d4762f0ad9c6 role=child prefix_tokens=14282 suffix_tokens=18 model_ms=17120.9 context_ms=783.0 state_ms=67.76 prefix_ms=0.0 suffix_ms=2486.9 first_token_ms=26031.2 generation_ms=205459.4 generated=64 generation_tps=0.311
AGENT index=84 mig=31ffbfe4 exit=0 wall_ms=350999 text=1af3357d195a5902 role=child prefix_tokens=14282 suffix_tokens=21 model_ms=20649.8 context_ms=139.9 state_ms=9.55 prefix_ms=0.0 suffix_ms=9241.7 first_token_ms=35949.2 generation_ms=313911.9 generated=64 generation_tps=0.204
AGENT index=85 mig=fafc828a exit=0 wall_ms=219916 text=957077b2ac48aee9 role=child prefix_tokens=14282 suffix_tokens=26 model_ms=14351.0 context_ms=1398.6 state_ms=61.05 prefix_ms=0.0 suffix_ms=1677.5 first_token_ms=23158.1 generation_ms=196295.1 generated=64 generation_tps=0.326
AGENT index=86 mig=31ffbfe4 exit=0 wall_ms=349243 text=1b55181381f9c4bb role=child prefix_tokens=14282 suffix_tokens=27 model_ms=20004.0 context_ms=681.7 state_ms=18.30 prefix_ms=0.0 suffix_ms=9173.3 first_token_ms=35634.8 generation_ms=312922.9 generated=64 generation_tps=0.205
AGENT index=87 mig=fafc828a exit=0 wall_ms=68703 text=b8ac585c0a873612 role=child prefix_tokens=14282 suffix_tokens=17 model_ms=5797.2 context_ms=3634.9 state_ms=7.99 prefix_ms=0.0 suffix_ms=2955.8 first_token_ms=17589.7 generation_ms=41243.3 generated=64 generation_tps=1.552
AGENT index=88 mig=31ffbfe4 exit=0 wall_ms=339446 text=9834d2c93010cb40 role=child prefix_tokens=14282 suffix_tokens=22 model_ms=15935.9 context_ms=1209.3 state_ms=45.64 prefix_ms=0.0 suffix_ms=2835.5 first_token_ms=25595.2 generation_ms=313380.2 generated=64 generation_tps=0.204
AGENT index=89 mig=fafc828a exit=0 wall_ms=234195 text=4a108aa854664970 role=child prefix_tokens=14282 suffix_tokens=23 model_ms=18807.3 context_ms=371.9 state_ms=39.07 prefix_ms=0.0 suffix_ms=3126.0 first_token_ms=27610.2 generation_ms=206091.2 generated=64 generation_tps=0.311
AGENT index=90 mig=31ffbfe4 exit=0 wall_ms=349059 text=dbc7a5d875e3e7e1 role=child prefix_tokens=14282 suffix_tokens=19 model_ms=21002.3 context_ms=638.4 state_ms=6.56 prefix_ms=0.0 suffix_ms=9404.6 first_token_ms=36173.6 generation_ms=312398.7 generated=64 generation_tps=0.205
AGENT index=91 mig=fafc828a exit=0 wall_ms=236845 text=7b1e906b43903ada role=child prefix_tokens=14282 suffix_tokens=21 model_ms=20503.7 context_ms=499.9 state_ms=14.17 prefix_ms=0.0 suffix_ms=5753.7 first_token_ms=32211.7 generation_ms=203798.6 generated=64 generation_tps=0.314
AGENT index=92 mig=31ffbfe4 exit=0 wall_ms=345103 text=6270d284b62a8043 role=child prefix_tokens=14282 suffix_tokens=20 model_ms=17567.2 context_ms=797.8 state_ms=46.31 prefix_ms=0.0 suffix_ms=4419.8 first_token_ms=28448.8 generation_ms=316246.0 generated=64 generation_tps=0.202
AGENT index=93 mig=fafc828a exit=0 wall_ms=226158 text=ce087b8cf95f26a2 role=child prefix_tokens=14282 suffix_tokens=22 model_ms=14592.7 context_ms=1549.6 state_ms=42.22 prefix_ms=0.0 suffix_ms=1914.3 first_token_ms=23914.4 generation_ms=201734.2 generated=64 generation_tps=0.317
AGENT index=94 mig=31ffbfe4 exit=0 wall_ms=350553 text=4878ce4ae644876a role=child prefix_tokens=14282 suffix_tokens=20 model_ms=20637.2 context_ms=488.5 state_ms=7.84 prefix_ms=0.0 suffix_ms=9365.6 first_token_ms=36112.9 generation_ms=313621.8 generated=64 generation_tps=0.204
AGENT index=95 mig=fafc828a exit=0 wall_ms=227327 text=93d0d9337eb50146 role=child prefix_tokens=14282 suffix_tokens=22 model_ms=16130.6 context_ms=957.8 state_ms=30.36 prefix_ms=0.0 suffix_ms=1822.9 first_token_ms=24137.4 generation_ms=202744.9 generated=64 generation_tps=0.316
AGENT index=96 mig=31ffbfe4 exit=0 wall_ms=350902 text=5b3e8496b267e28f role=child prefix_tokens=14282 suffix_tokens=28 model_ms=21310.1 context_ms=633.4 state_ms=7.10 prefix_ms=0.0 suffix_ms=9557.4 first_token_ms=36340.3 generation_ms=313440.0 generated=64 generation_tps=0.204
AGENT index=97 mig=fafc828a exit=0 wall_ms=235853 text=5b450cf9627e77b9 role=child prefix_tokens=14282 suffix_tokens=23 model_ms=19727.3 context_ms=483.3 state_ms=52.55 prefix_ms=0.0 suffix_ms=5941.7 first_token_ms=31704.6 generation_ms=203551.0 generated=64 generation_tps=0.314
AGENT index=98 mig=31ffbfe4 exit=0 wall_ms=344313 text=f1423a12d392ea73 role=child prefix_tokens=14282 suffix_tokens=25 model_ms=17123.0 context_ms=648.6 state_ms=18.52 prefix_ms=0.0 suffix_ms=3446.2 first_token_ms=27060.3 generation_ms=316840.6 generated=64 generation_tps=0.202
AGENT index=99 mig=fafc828a exit=0 wall_ms=237011 text=65315b3a048c65d3 role=child prefix_tokens=14282 suffix_tokens=33 model_ms=20698.6 context_ms=381.3 state_ms=6.54 prefix_ms=0.0 suffix_ms=7352.8 first_token_ms=34071.1 generation_ms=202131.2 generated=64 generation_tps=0.317
AGENT index=100 mig=31ffbfe4 exit=0 wall_ms=349820 text=46bf93c2b1366bc6 role=child prefix_tokens=14282 suffix_tokens=25 model_ms=20657.0 context_ms=407.6 state_ms=7.07 prefix_ms=0.0 suffix_ms=9671.0 first_token_ms=36482.4 generation_ms=312742.2 generated=64 generation_tps=0.205
AGENT index=101 mig=fafc828a exit=0 wall_ms=232425 text=c62512a5d8b596ef role=child prefix_tokens=14282 suffix_tokens=28 model_ms=16651.8 context_ms=887.2 state_ms=54.28 prefix_ms=0.0 suffix_ms=2675.6 first_token_ms=25904.3 generation_ms=206032.7 generated=64 generation_tps=0.311
AGENT index=102 mig=31ffbfe4 exit=0 wall_ms=348725 text=1e3a87d5bf89af05 role=child prefix_tokens=14282 suffix_tokens=23 model_ms=19412.3 context_ms=425.6 state_ms=21.12 prefix_ms=0.0 suffix_ms=9387.9 first_token_ms=34801.6 generation_ms=313389.6 generated=64 generation_tps=0.204
AGENT index=103 mig=fafc828a exit=0 wall_ms=238703 text=f9c832b7cad1a509 role=child prefix_tokens=14282 suffix_tokens=33 model_ms=19308.8 context_ms=661.3 state_ms=31.43 prefix_ms=0.0 suffix_ms=7412.8 first_token_ms=33210.8 generation_ms=204319.8 generated=64 generation_tps=0.313
AGENT index=104 mig=31ffbfe4 exit=0 wall_ms=347468 text=788265a3a7959ede role=child prefix_tokens=14282 suffix_tokens=20 model_ms=20444.5 context_ms=318.1 state_ms=8.57 prefix_ms=0.0 suffix_ms=9259.2 first_token_ms=35794.6 generation_ms=311196.2 generated=64 generation_tps=0.206
AGENT index=105 mig=fafc828a exit=0 wall_ms=235955 text=9bbcff728ca7192b role=child prefix_tokens=14282 suffix_tokens=20 model_ms=21741.3 context_ms=306.5 state_ms=8.35 prefix_ms=0.0 suffix_ms=5944.4 first_token_ms=32582.1 generation_ms=202865.7 generated=64 generation_tps=0.315
AGENT index=106 mig=31ffbfe4 exit=0 wall_ms=348634 text=f4dd5b98bdc77fee role=child prefix_tokens=14282 suffix_tokens=19 model_ms=20979.7 context_ms=196.4 state_ms=6.11 prefix_ms=0.0 suffix_ms=9377.4 first_token_ms=36234.8 generation_ms=311943.0 generated=64 generation_tps=0.205
AGENT index=107 mig=fafc828a exit=0 wall_ms=239006 text=b75a2e4512194a0a role=child prefix_tokens=14282 suffix_tokens=23 model_ms=19965.2 context_ms=683.2 state_ms=22.54 prefix_ms=0.0 suffix_ms=5763.4 first_token_ms=32245.0 generation_ms=205266.1 generated=64 generation_tps=0.312
AGENT index=108 mig=31ffbfe4 exit=0 wall_ms=349279 text=2c93819fe85df763 role=child prefix_tokens=14282 suffix_tokens=22 model_ms=20362.6 context_ms=544.2 state_ms=6.09 prefix_ms=0.0 suffix_ms=9045.3 first_token_ms=35438.1 generation_ms=313157.7 generated=64 generation_tps=0.204
AGENT index=109 mig=fafc828a exit=0 wall_ms=232802 text=5d483815f91685a6 role=child prefix_tokens=14282 suffix_tokens=32 model_ms=17052.4 context_ms=1123.2 state_ms=57.94 prefix_ms=0.0 suffix_ms=3311.4 first_token_ms=26321.8 generation_ms=205932.7 generated=64 generation_tps=0.311
AGENT index=110 mig=31ffbfe4 exit=0 wall_ms=342742 text=3f33f20708943e2f role=child prefix_tokens=14282 suffix_tokens=22 model_ms=16932.3 context_ms=843.4 state_ms=64.24 prefix_ms=0.0 suffix_ms=3150.1 first_token_ms=26346.9 generation_ms=315958.8 generated=64 generation_tps=0.203
AGENT index=111 mig=fafc828a exit=0 wall_ms=231962 text=0d9668c2f9cbc9fc role=child prefix_tokens=14282 suffix_tokens=27 model_ms=16149.7 context_ms=945.8 state_ms=22.48 prefix_ms=0.0 suffix_ms=2865.7 first_token_ms=25671.9 generation_ms=205860.4 generated=64 generation_tps=0.311
AGENT index=112 mig=31ffbfe4 exit=0 wall_ms=350143 text=787d0f2cb9f0f5f6 role=child prefix_tokens=14282 suffix_tokens=26 model_ms=21116.0 context_ms=272.8 state_ms=6.59 prefix_ms=0.0 suffix_ms=9585.2 first_token_ms=36357.0 generation_ms=313063.2 generated=64 generation_tps=0.204
AGENT index=113 mig=fafc828a exit=0 wall_ms=239042 text=1d161aafe68538d2 role=child prefix_tokens=14282 suffix_tokens=23 model_ms=20833.5 context_ms=247.1 state_ms=11.01 prefix_ms=0.0 suffix_ms=6071.7 first_token_ms=32856.8 generation_ms=204609.1 generated=64 generation_tps=0.313
AGENT index=114 mig=31ffbfe4 exit=0 wall_ms=345688 text=2f3bcae6671ff31f role=child prefix_tokens=14282 suffix_tokens=22 model_ms=20967.5 context_ms=67.2 state_ms=6.55 prefix_ms=0.0 suffix_ms=9253.1 first_token_ms=35751.0 generation_ms=309504.8 generated=64 generation_tps=0.207
AGENT index=115 mig=fafc828a exit=0 wall_ms=203838 text=cdf6d4762f0ad9c6 role=child prefix_tokens=14282 suffix_tokens=19 model_ms=14991.9 context_ms=312.0 state_ms=6.41 prefix_ms=0.0 suffix_ms=2291.3 first_token_ms=22118.5 generation_ms=181267.9 generated=64 generation_tps=0.353
AGENT index=116 mig=31ffbfe4 exit=0 wall_ms=348761 text=5337acbd8fb941ee role=child prefix_tokens=14282 suffix_tokens=22 model_ms=18748.2 context_ms=513.3 state_ms=36.38 prefix_ms=0.0 suffix_ms=7115.6 first_token_ms=32188.3 generation_ms=316115.9 generated=64 generation_tps=0.202
AGENT index=117 mig=fafc828a exit=0 wall_ms=235495 text=a34112262f5fd48d role=child prefix_tokens=14282 suffix_tokens=27 model_ms=17591.8 context_ms=591.8 state_ms=13.47 prefix_ms=0.0 suffix_ms=3397.1 first_token_ms=27392.3 generation_ms=207618.7 generated=64 generation_tps=0.308
AGENT index=118 mig=31ffbfe4 exit=0 wall_ms=343178 text=ad3122b47bf9d41d role=child prefix_tokens=14282 suffix_tokens=28 model_ms=17132.9 context_ms=969.3 state_ms=30.37 prefix_ms=0.0 suffix_ms=3623.4 first_token_ms=26568.0 generation_ms=316148.7 generated=64 generation_tps=0.202
AGENT index=119 mig=fafc828a exit=0 wall_ms=238378 text=c096e05173cc4f43 role=child prefix_tokens=14282 suffix_tokens=18 model_ms=19906.1 context_ms=802.2 state_ms=22.04 prefix_ms=0.0 suffix_ms=5937.8 first_token_ms=32164.0 generation_ms=205098.9 generated=64 generation_tps=0.312
AGENT index=120 mig=31ffbfe4 exit=0 wall_ms=350739 text=9834d2c93010cb40 role=child prefix_tokens=14282 suffix_tokens=23 model_ms=20291.8 context_ms=354.0 state_ms=18.80 prefix_ms=0.0 suffix_ms=9194.1 first_token_ms=35601.7 generation_ms=314067.5 generated=64 generation_tps=0.204
AGENT index=121 mig=fafc828a exit=0 wall_ms=235343 text=1aa7a235737ffc91 role=child prefix_tokens=14282 suffix_tokens=24 model_ms=21284.9 context_ms=475.2 state_ms=6.31 prefix_ms=0.0 suffix_ms=6105.7 first_token_ms=32630.5 generation_ms=202215.0 generated=64 generation_tps=0.316
AGENT index=122 mig=31ffbfe4 exit=0 wall_ms=350872 text=b5b604cb763700f9 role=child prefix_tokens=14282 suffix_tokens=20 model_ms=19703.6 context_ms=515.2 state_ms=15.87 prefix_ms=0.0 suffix_ms=8952.7 first_token_ms=35096.2 generation_ms=314588.5 generated=64 generation_tps=0.203
AGENT index=123 mig=fafc828a exit=0 wall_ms=238311 text=e38ea5b855370f1e role=child prefix_tokens=14282 suffix_tokens=22 model_ms=21212.9 context_ms=390.7 state_ms=6.94 prefix_ms=0.0 suffix_ms=6074.7 first_token_ms=32798.4 generation_ms=204358.6 generated=64 generation_tps=0.313
AGENT index=124 mig=31ffbfe4 exit=0 wall_ms=345390 text=61f860d06cef5fa0 role=child prefix_tokens=14282 suffix_tokens=21 model_ms=17953.0 context_ms=576.7 state_ms=45.24 prefix_ms=0.0 suffix_ms=3804.6 first_token_ms=27965.3 generation_ms=316944.8 generated=64 generation_tps=0.202
AGENT index=125 mig=fafc828a exit=0 wall_ms=238270 text=97190065bed772ed role=child prefix_tokens=14282 suffix_tokens=23 model_ms=20646.3 context_ms=367.9 state_ms=8.92 prefix_ms=0.0 suffix_ms=6035.3 first_token_ms=32692.2 generation_ms=204638.0 generated=64 generation_tps=0.313
AGENT index=126 mig=31ffbfe4 exit=0 wall_ms=350580 text=7596decc9ef604b8 role=child prefix_tokens=14282 suffix_tokens=21 model_ms=20529.5 context_ms=292.3 state_ms=6.38 prefix_ms=0.0 suffix_ms=9220.7 first_token_ms=35799.3 generation_ms=313892.9 generated=64 generation_tps=0.204
AGENT index=127 mig=fafc828a exit=0 wall_ms=238854 text=c5fb19c141f1ba26 role=child prefix_tokens=14282 suffix_tokens=23 model_ms=20988.1 context_ms=291.2 state_ms=7.03 prefix_ms=0.0 suffix_ms=6043.7 first_token_ms=32817.6 generation_ms=204614.9 generated=64 generation_tps=0.313
AGENT index=128 mig=31ffbfe4 exit=0 wall_ms=350195 text=a067a6895417f0e8 role=child prefix_tokens=14282 suffix_tokens=29 model_ms=21337.2 context_ms=431.3 state_ms=6.83 prefix_ms=0.0 suffix_ms=9703.5 first_token_ms=36397.8 generation_ms=313068.5 generated=64 generation_tps=0.204
AGENT index=129 mig=fafc828a exit=0 wall_ms=233241 text=e269a384d3eb41d6 role=child prefix_tokens=14282 suffix_tokens=24 model_ms=18579.4 context_ms=302.2 state_ms=42.29 prefix_ms=0.0 suffix_ms=2909.4 first_token_ms=26786.4 generation_ms=205983.2 generated=64 generation_tps=0.311
AGENT index=130 mig=31ffbfe4 exit=0 wall_ms=350676 text=15032619dc24c29f role=child prefix_tokens=14282 suffix_tokens=26 model_ms=20712.4 context_ms=272.1 state_ms=7.76 prefix_ms=0.0 suffix_ms=9639.9 first_token_ms=36332.1 generation_ms=313385.3 generated=64 generation_tps=0.204
AGENT index=131 mig=fafc828a exit=0 wall_ms=223289 text=077e38d3762a4e5d role=child prefix_tokens=14282 suffix_tokens=34 model_ms=14999.4 context_ms=1025.7 state_ms=38.45 prefix_ms=0.0 suffix_ms=1711.2 first_token_ms=23356.2 generation_ms=199461.5 generated=64 generation_tps=0.321
AGENT index=132 mig=31ffbfe4 exit=0 wall_ms=350478 text=4c7b6a4b009d79e1 role=child prefix_tokens=14282 suffix_tokens=25 model_ms=21051.2 context_ms=212.1 state_ms=6.75 prefix_ms=0.0 suffix_ms=9636.8 first_token_ms=36399.7 generation_ms=313204.0 generated=64 generation_tps=0.204
AGENT index=133 mig=fafc828a exit=0 wall_ms=233036 text=de8de835a0ccf4c5 role=child prefix_tokens=14282 suffix_tokens=28 model_ms=19913.0 context_ms=750.8 state_ms=38.96 prefix_ms=0.0 suffix_ms=6387.4 first_token_ms=32475.1 generation_ms=200057.8 generated=64 generation_tps=0.320
AGENT index=134 mig=31ffbfe4 exit=0 wall_ms=350151 text=74ff651a4aa431c6 role=child prefix_tokens=14282 suffix_tokens=23 model_ms=20422.4 context_ms=442.3 state_ms=31.94 prefix_ms=0.0 suffix_ms=9008.8 first_token_ms=34917.3 generation_ms=314529.0 generated=64 generation_tps=0.203
AGENT index=135 mig=fafc828a exit=0 wall_ms=236061 text=f9c832b7cad1a509 role=child prefix_tokens=14282 suffix_tokens=33 model_ms=18661.4 context_ms=353.6 state_ms=34.61 prefix_ms=0.0 suffix_ms=3857.4 first_token_ms=27956.1 generation_ms=207602.0 generated=64 generation_tps=0.308
MEMORY mem_available_drop_mib=95366 mem_available_before_mib=119124 mem_free_before_mib=45730 pss_anon_mib=31427 pss_file_mib=7344 pss_shmem_mib=8696 device_mib=52632 samples=8
END_CASE failed_agents=0 wall_ms=352111
END_KVSTACK
