BEGIN_KVMECH run=1
CASE placement=same mode=copy children=8 paragraphs=320 context=32768
PARENT exit=0 text=c646470e58f73411 prefix_tokens=16321 prefix_ms=19805.1 publish_ms=555.64 state_bytes=936173269 model_ms=630.7 context_ms=58.1 suffix_ms=63.8 generation_ms=12134.3 generated=64 generation_tps=5.274 total_ms=48533.8
CHILD index=0 own_instance=1 exit=0 text=d42c4c07975a6446 role=child prefix_tokens=16321 suffix_tokens=16 model_ms=1006.0 context_ms=67.3 state_ms=263.86 prefix_ms=0.0 suffix_ms=399.6 first_token_ms=1968.7 generation_ms=23333.5 generated=64 generation_tps=2.743
CHILD index=1 own_instance=1 exit=0 text=3fd8649867d4bb41 role=child prefix_tokens=16321 suffix_tokens=16 model_ms=1186.4 context_ms=233.7 state_ms=460.77 prefix_ms=0.0 suffix_ms=660.5 first_token_ms=2842.7 generation_ms=23858.1 generated=64 generation_tps=2.683
CHILD index=2 own_instance=1 exit=0 text=3fd8649867d4bb41 role=child prefix_tokens=16321 suffix_tokens=16 model_ms=1278.8 context_ms=157.2 state_ms=453.77 prefix_ms=0.0 suffix_ms=667.8 first_token_ms=2852.2 generation_ms=23850.5 generated=64 generation_tps=2.683
CHILD index=3 own_instance=1 exit=0 text=3fd8649867d4bb41 role=child prefix_tokens=16321 suffix_tokens=16 model_ms=1199.6 context_ms=206.5 state_ms=488.33 prefix_ms=0.0 suffix_ms=631.8 first_token_ms=2816.4 generation_ms=23836.1 generated=64 generation_tps=2.685
CHILD index=4 own_instance=1 exit=0 text=3e0fd62f5aa50665 role=child prefix_tokens=16321 suffix_tokens=16 model_ms=1217.2 context_ms=226.8 state_ms=441.63 prefix_ms=0.0 suffix_ms=654.0 first_token_ms=2836.3 generation_ms=23829.5 generated=64 generation_tps=2.686
CHILD index=5 own_instance=1 exit=0 text=3e0fd62f5aa50665 role=child prefix_tokens=16321 suffix_tokens=16 model_ms=1198.9 context_ms=184.7 state_ms=511.09 prefix_ms=0.0 suffix_ms=649.9 first_token_ms=2833.5 generation_ms=23848.5 generated=64 generation_tps=2.684
CHILD index=6 own_instance=1 exit=0 text=4a8f18b77dbe0332 role=child prefix_tokens=16321 suffix_tokens=16 model_ms=1204.1 context_ms=239.8 state_ms=455.11 prefix_ms=0.0 suffix_ms=649.3 first_token_ms=2833.0 generation_ms=23848.8 generated=64 generation_tps=2.684
CHILD index=7 own_instance=1 exit=0 text=4a8f18b77dbe0332 role=child prefix_tokens=16321 suffix_tokens=16 model_ms=1213.1 context_ms=195.5 state_ms=473.84 prefix_ms=0.0 suffix_ms=668.1 first_token_ms=2848.3 generation_ms=23835.5 generated=64 generation_tps=2.685
MEMORY mem_available_drop_mib=20355
END_CASE failed=0 timed_out=0
CASE placement=same mode=demand children=8 paragraphs=320 context=32768
PARENT exit=0 text=c646470e58f73411 prefix_tokens=16321 prefix_ms=19809.3 publish_ms=531.57 state_bytes=936173269 model_ms=639.5 context_ms=32.8 suffix_ms=63.9 generation_ms=9368.1 generated=64 generation_tps=6.832 total_ms=48428.2
CHILD index=0 own_instance=1 exit=0 text=d42c4c07975a6446 role=child prefix_tokens=16321 suffix_tokens=16 model_ms=1272.5 context_ms=50.3 state_ms=808.87 prefix_ms=0.0 suffix_ms=659.5 first_token_ms=3087.4 generation_ms=23589.0 generated=64 generation_tps=2.713
CHILD index=1 own_instance=1 exit=0 text=3fd8649867d4bb41 role=child prefix_tokens=16321 suffix_tokens=16 model_ms=1264.8 context_ms=49.4 state_ms=808.75 prefix_ms=0.0 suffix_ms=635.2 first_token_ms=3062.5 generation_ms=23610.8 generated=64 generation_tps=2.711
CHILD index=2 own_instance=1 exit=0 text=3fd8649867d4bb41 role=child prefix_tokens=16321 suffix_tokens=16 model_ms=1232.9 context_ms=46.1 state_ms=850.43 prefix_ms=0.0 suffix_ms=650.0 first_token_ms=3078.3 generation_ms=23589.9 generated=64 generation_tps=2.713
CHILD index=3 own_instance=1 exit=0 text=3fd8649867d4bb41 role=child prefix_tokens=16321 suffix_tokens=16 model_ms=1245.6 context_ms=41.2 state_ms=857.41 prefix_ms=0.0 suffix_ms=619.5 first_token_ms=3049.1 generation_ms=23579.2 generated=64 generation_tps=2.714
CHILD index=4 own_instance=1 exit=0 text=3e0fd62f5aa50665 role=child prefix_tokens=16321 suffix_tokens=16 model_ms=1278.2 context_ms=48.7 state_ms=808.23 prefix_ms=0.0 suffix_ms=633.7 first_token_ms=3063.5 generation_ms=23531.0 generated=64 generation_tps=2.720
CHILD index=5 own_instance=1 exit=0 text=3e0fd62f5aa50665 role=child prefix_tokens=16321 suffix_tokens=16 model_ms=1225.2 context_ms=42.4 state_ms=602.52 prefix_ms=0.0 suffix_ms=255.2 first_token_ms=2428.2 generation_ms=23530.0 generated=64 generation_tps=2.720
CHILD index=6 own_instance=1 exit=0 text=4a8f18b77dbe0332 role=child prefix_tokens=16321 suffix_tokens=16 model_ms=1307.2 context_ms=38.5 state_ms=796.25 prefix_ms=0.0 suffix_ms=635.1 first_token_ms=3062.0 generation_ms=23542.9 generated=64 generation_tps=2.718
CHILD index=7 own_instance=1 exit=0 text=4a8f18b77dbe0332 role=child prefix_tokens=16321 suffix_tokens=16 model_ms=1284.3 context_ms=48.7 state_ms=806.78 prefix_ms=0.0 suffix_ms=649.7 first_token_ms=3080.8 generation_ms=23595.4 generated=64 generation_tps=2.712
MEMORY mem_available_drop_mib=14374
END_CASE failed=0 timed_out=0
CASE placement=same mode=device children=8 paragraphs=320 context=32768
PARENT exit=0 text=c646470e58f73411 prefix_tokens=16321 prefix_ms=19822.2 publish_ms=40.99 state_bytes=261845 model_ms=639.3 context_ms=32.9 suffix_ms=64.1 generation_ms=10334.4 generated=64 generation_tps=6.193 total_ms=47679.7
CHILD index=0 own_instance=1 exit=0 text=d42c4c07975a6446 role=child prefix_tokens=16321 suffix_tokens=16 model_ms=1154.7 context_ms=211.5 state_ms=66.60 prefix_ms=0.0 suffix_ms=240.6 first_token_ms=1936.6 generation_ms=22679.2 generated=64 generation_tps=2.822
CHILD index=1 own_instance=1 exit=0 text=3fd8649867d4bb41 role=child prefix_tokens=16321 suffix_tokens=16 model_ms=1200.0 context_ms=505.1 state_ms=200.99 prefix_ms=0.0 suffix_ms=397.4 first_token_ms=2605.9 generation_ms=23604.2 generated=64 generation_tps=2.711
CHILD index=2 own_instance=1 exit=0 text=3fd8649867d4bb41 role=child prefix_tokens=16321 suffix_tokens=16 model_ms=1232.6 context_ms=605.2 state_ms=286.62 prefix_ms=0.0 suffix_ms=660.8 first_token_ms=3085.8 generation_ms=23415.0 generated=64 generation_tps=2.733
CHILD index=3 own_instance=1 exit=0 text=3fd8649867d4bb41 role=child prefix_tokens=16321 suffix_tokens=16 model_ms=1266.6 context_ms=592.2 state_ms=287.78 prefix_ms=0.0 suffix_ms=676.7 first_token_ms=3118.1 generation_ms=23411.2 generated=64 generation_tps=2.734
CHILD index=4 own_instance=1 exit=0 text=3e0fd62f5aa50665 role=child prefix_tokens=16321 suffix_tokens=16 model_ms=1244.4 context_ms=580.4 state_ms=266.10 prefix_ms=0.0 suffix_ms=652.8 first_token_ms=3033.6 generation_ms=23414.2 generated=64 generation_tps=2.733
CHILD index=5 own_instance=1 exit=0 text=3e0fd62f5aa50665 role=child prefix_tokens=16321 suffix_tokens=16 model_ms=1275.0 context_ms=593.0 state_ms=291.81 prefix_ms=0.0 suffix_ms=657.1 first_token_ms=3102.6 generation_ms=23380.5 generated=64 generation_tps=2.737
CHILD index=6 own_instance=1 exit=0 text=4a8f18b77dbe0332 role=child prefix_tokens=16321 suffix_tokens=16 model_ms=1204.6 context_ms=513.4 state_ms=202.13 prefix_ms=0.0 suffix_ms=404.1 first_token_ms=2620.9 generation_ms=23574.7 generated=64 generation_tps=2.715
CHILD index=7 own_instance=1 exit=0 text=4a8f18b77dbe0332 role=child prefix_tokens=16321 suffix_tokens=16 model_ms=1250.9 context_ms=604.7 state_ms=286.02 prefix_ms=0.0 suffix_ms=660.3 first_token_ms=3088.8 generation_ms=23434.1 generated=64 generation_tps=2.731
MEMORY mem_available_drop_mib=7802
END_CASE failed=0 timed_out=0
CASE placement=same mode=device_tuned children=8 paragraphs=320 context=32768
PARENT exit=0 text=c646470e58f73411 prefix_tokens=16321 prefix_ms=19826.6 publish_ms=33.10 state_bytes=261845 model_ms=634.7 context_ms=33.7 suffix_ms=63.7 generation_ms=11532.5 generated=64 generation_tps=5.550 total_ms=47705.6
CHILD index=0 own_instance=1 exit=0 text=d42c4c07975a6446 role=child prefix_tokens=16321 suffix_tokens=16 model_ms=1286.5 context_ms=519.2 state_ms=11.30 prefix_ms=0.0 suffix_ms=655.2 first_token_ms=2765.3 generation_ms=23667.3 generated=64 generation_tps=2.704
CHILD index=1 own_instance=1 exit=0 text=3fd8649867d4bb41 role=child prefix_tokens=16321 suffix_tokens=16 model_ms=1296.5 context_ms=530.8 state_ms=17.95 prefix_ms=0.0 suffix_ms=681.5 first_token_ms=2831.5 generation_ms=23631.6 generated=64 generation_tps=2.708
CHILD index=2 own_instance=1 exit=0 text=3fd8649867d4bb41 role=child prefix_tokens=16321 suffix_tokens=16 model_ms=1236.8 context_ms=454.9 state_ms=17.49 prefix_ms=0.0 suffix_ms=493.5 first_token_ms=2500.4 generation_ms=23803.7 generated=64 generation_tps=2.689
CHILD index=3 own_instance=1 exit=0 text=3fd8649867d4bb41 role=child prefix_tokens=16321 suffix_tokens=16 model_ms=1211.8 context_ms=77.6 state_ms=8.96 prefix_ms=0.0 suffix_ms=199.7 first_token_ms=1780.9 generation_ms=23088.9 generated=64 generation_tps=2.772
CHILD index=4 own_instance=1 exit=0 text=3e0fd62f5aa50665 role=child prefix_tokens=16321 suffix_tokens=16 model_ms=1289.7 context_ms=530.5 state_ms=17.58 prefix_ms=0.0 suffix_ms=675.8 first_token_ms=2818.3 generation_ms=23640.5 generated=64 generation_tps=2.707
CHILD index=5 own_instance=1 exit=0 text=3e0fd62f5aa50665 role=child prefix_tokens=16321 suffix_tokens=16 model_ms=1227.9 context_ms=478.5 state_ms=15.79 prefix_ms=0.0 suffix_ms=517.3 first_token_ms=2545.8 generation_ms=23767.2 generated=64 generation_tps=2.693
CHILD index=6 own_instance=1 exit=0 text=4a8f18b77dbe0332 role=child prefix_tokens=16321 suffix_tokens=16 model_ms=1296.0 context_ms=525.7 state_ms=16.45 prefix_ms=0.0 suffix_ms=675.4 first_token_ms=2801.2 generation_ms=23635.2 generated=64 generation_tps=2.708
CHILD index=7 own_instance=1 exit=0 text=4a8f18b77dbe0332 role=child prefix_tokens=16321 suffix_tokens=16 model_ms=1233.5 context_ms=471.3 state_ms=13.73 prefix_ms=0.0 suffix_ms=547.4 first_token_ms=2567.2 generation_ms=23750.3 generated=64 generation_tps=2.695
MEMORY mem_available_drop_mib=7811
END_CASE failed=0 timed_out=0
CASE placement=same mode=device_merged children=8 paragraphs=320 context=32768
PARENT exit=0 text=c646470e58f73411 prefix_tokens=16321 prefix_ms=19817.8 publish_ms=115.34 state_bytes=261845 model_ms=631.6 context_ms=34.9 suffix_ms=63.7 generation_ms=12890.7 generated=64 generation_tps=4.965 total_ms=47753.0
CHILD index=0 own_instance=1 exit=0 text=d42c4c07975a6446 role=child prefix_tokens=16321 suffix_tokens=16 model_ms=1213.9 context_ms=53.6 state_ms=8.82 prefix_ms=0.0 suffix_ms=204.9 first_token_ms=1750.5 generation_ms=24058.2 generated=64 generation_tps=2.660
CHILD index=1 own_instance=1 exit=0 text=3fd8649867d4bb41 role=child prefix_tokens=16321 suffix_tokens=16 model_ms=1224.4 context_ms=179.8 state_ms=12.59 prefix_ms=0.0 suffix_ms=582.2 first_token_ms=2299.7 generation_ms=24082.8 generated=64 generation_tps=2.657
CHILD index=2 own_instance=1 exit=0 text=3fd8649867d4bb41 role=child prefix_tokens=16321 suffix_tokens=16 model_ms=1240.4 context_ms=197.0 state_ms=9.70 prefix_ms=0.0 suffix_ms=604.4 first_token_ms=2335.8 generation_ms=24056.3 generated=64 generation_tps=2.660
CHILD index=3 own_instance=1 exit=0 text=3fd8649867d4bb41 role=child prefix_tokens=16321 suffix_tokens=16 model_ms=1246.4 context_ms=191.8 state_ms=13.45 prefix_ms=0.0 suffix_ms=617.6 first_token_ms=2352.5 generation_ms=24045.8 generated=64 generation_tps=2.662
CHILD index=4 own_instance=1 exit=0 text=3e0fd62f5aa50665 role=child prefix_tokens=16321 suffix_tokens=16 model_ms=1275.8 context_ms=180.8 state_ms=10.45 prefix_ms=0.0 suffix_ms=626.9 first_token_ms=2389.5 generation_ms=24057.8 generated=64 generation_tps=2.660
CHILD index=5 own_instance=1 exit=0 text=3e0fd62f5aa50665 role=child prefix_tokens=16321 suffix_tokens=16 model_ms=1228.8 context_ms=208.3 state_ms=9.59 prefix_ms=0.0 suffix_ms=615.8 first_token_ms=2362.1 generation_ms=24074.3 generated=64 generation_tps=2.658
CHILD index=6 own_instance=1 exit=0 text=4a8f18b77dbe0332 role=child prefix_tokens=16321 suffix_tokens=16 model_ms=1280.4 context_ms=177.8 state_ms=13.04 prefix_ms=0.0 suffix_ms=625.9 first_token_ms=2389.3 generation_ms=24054.9 generated=64 generation_tps=2.661
CHILD index=7 own_instance=1 exit=0 text=4a8f18b77dbe0332 role=child prefix_tokens=16321 suffix_tokens=16 model_ms=1225.1 context_ms=207.7 state_ms=11.10 prefix_ms=0.0 suffix_ms=614.5 first_token_ms=2363.0 generation_ms=24076.1 generated=64 generation_tps=2.658
MEMORY mem_available_drop_mib=7741
END_CASE failed=0 timed_out=0
CASE placement=same mode=cow children=8 paragraphs=320 context=32768
PARENT exit=0 text=c646470e58f73411 prefix_tokens=16321 prefix_ms=19883.0 publish_ms=9.30 state_bytes=261845 model_ms=640.5 context_ms=35.6 suffix_ms=103.4 generation_ms=14113.8 generated=64 generation_tps=4.535 total_ms=48328.9
CHILD index=0 own_instance=1 exit=0 text=d42c4c07975a6446 role=child prefix_tokens=16321 suffix_tokens=16 model_ms=1174.4 context_ms=34.8 state_ms=7.33 prefix_ms=0.0 suffix_ms=736.5 first_token_ms=2200.8 generation_ms=24423.5 generated=64 generation_tps=2.620
CHILD index=1 own_instance=1 exit=0 text=3fd8649867d4bb41 role=child prefix_tokens=16321 suffix_tokens=16 model_ms=1256.3 context_ms=47.2 state_ms=7.43 prefix_ms=0.0 suffix_ms=1277.0 first_token_ms=2873.0 generation_ms=24198.0 generated=64 generation_tps=2.645
CHILD index=2 own_instance=1 exit=0 text=3fd8649867d4bb41 role=child prefix_tokens=16321 suffix_tokens=16 model_ms=1216.5 context_ms=51.1 state_ms=7.43 prefix_ms=0.0 suffix_ms=1262.2 first_token_ms=2820.3 generation_ms=24246.0 generated=64 generation_tps=2.640
CHILD index=3 own_instance=1 exit=0 text=3fd8649867d4bb41 role=child prefix_tokens=16321 suffix_tokens=16 model_ms=1216.7 context_ms=53.0 state_ms=7.49 prefix_ms=0.0 suffix_ms=1281.5 first_token_ms=2846.1 generation_ms=24225.4 generated=64 generation_tps=2.642
CHILD index=4 own_instance=1 exit=0 text=3e0fd62f5aa50665 role=child prefix_tokens=16321 suffix_tokens=16 model_ms=1241.9 context_ms=47.9 state_ms=7.78 prefix_ms=0.0 suffix_ms=1264.2 first_token_ms=2857.1 generation_ms=24222.9 generated=64 generation_tps=2.642
CHILD index=5 own_instance=1 exit=0 text=3e0fd62f5aa50665 role=child prefix_tokens=16321 suffix_tokens=16 model_ms=1230.0 context_ms=53.5 state_ms=7.43 prefix_ms=0.0 suffix_ms=1269.0 first_token_ms=2838.3 generation_ms=24234.6 generated=64 generation_tps=2.641
CHILD index=6 own_instance=1 exit=0 text=4a8f18b77dbe0332 role=child prefix_tokens=16321 suffix_tokens=16 model_ms=1277.5 context_ms=38.8 state_ms=7.20 prefix_ms=0.0 suffix_ms=1284.0 first_token_ms=2887.5 generation_ms=24200.9 generated=64 generation_tps=2.645
CHILD index=7 own_instance=1 exit=0 text=4a8f18b77dbe0332 role=child prefix_tokens=16321 suffix_tokens=16 model_ms=1222.3 context_ms=50.9 state_ms=7.44 prefix_ms=0.0 suffix_ms=1248.8 first_token_ms=2814.3 generation_ms=24231.2 generated=64 generation_tps=2.641
MEMORY mem_available_drop_mib=6886
END_CASE failed=0 timed_out=0
CASE placement=same mode=extent children=8 paragraphs=320 context=32768
PARENT exit=0 text=c646470e58f73411 prefix_tokens=16321 prefix_ms=19872.7 publish_ms=9.14 state_bytes=261845 model_ms=652.5 context_ms=35.2 suffix_ms=119.3 generation_ms=13758.3 generated=64 generation_tps=4.652 total_ms=47526.4
CHILD index=0 own_instance=1 exit=0 text=d42c4c07975a6446 role=child prefix_tokens=16321 suffix_tokens=16 model_ms=1232.3 context_ms=62.1 state_ms=7.40 prefix_ms=0.0 suffix_ms=631.8 first_token_ms=2223.9 generation_ms=24006.9 generated=64 generation_tps=2.666
CHILD index=1 own_instance=1 exit=0 text=3fd8649867d4bb41 role=child prefix_tokens=16321 suffix_tokens=16 model_ms=1220.6 context_ms=69.0 state_ms=7.54 prefix_ms=0.0 suffix_ms=623.3 first_token_ms=2217.7 generation_ms=24016.3 generated=64 generation_tps=2.665
CHILD index=2 own_instance=1 exit=0 text=3fd8649867d4bb41 role=child prefix_tokens=16321 suffix_tokens=16 model_ms=1158.9 context_ms=35.3 state_ms=7.68 prefix_ms=0.0 suffix_ms=244.1 first_token_ms=1719.8 generation_ms=24104.7 generated=64 generation_tps=2.655
CHILD index=3 own_instance=1 exit=0 text=3fd8649867d4bb41 role=child prefix_tokens=16321 suffix_tokens=16 model_ms=1262.8 context_ms=47.7 state_ms=7.36 prefix_ms=0.0 suffix_ms=628.6 first_token_ms=2228.5 generation_ms=24011.0 generated=64 generation_tps=2.665
CHILD index=4 own_instance=1 exit=0 text=3e0fd62f5aa50665 role=child prefix_tokens=16321 suffix_tokens=16 model_ms=1216.7 context_ms=65.4 state_ms=7.33 prefix_ms=0.0 suffix_ms=638.8 first_token_ms=2229.3 generation_ms=24016.2 generated=64 generation_tps=2.665
CHILD index=5 own_instance=1 exit=0 text=3e0fd62f5aa50665 role=child prefix_tokens=16321 suffix_tokens=16 model_ms=1210.4 context_ms=58.5 state_ms=7.69 prefix_ms=0.0 suffix_ms=616.8 first_token_ms=2198.0 generation_ms=24043.5 generated=64 generation_tps=2.662
CHILD index=6 own_instance=1 exit=0 text=4a8f18b77dbe0332 role=child prefix_tokens=16321 suffix_tokens=16 model_ms=1222.8 context_ms=55.3 state_ms=7.88 prefix_ms=0.0 suffix_ms=612.8 first_token_ms=2195.3 generation_ms=24035.9 generated=64 generation_tps=2.663
CHILD index=7 own_instance=1 exit=0 text=4a8f18b77dbe0332 role=child prefix_tokens=16321 suffix_tokens=16 model_ms=1242.2 context_ms=68.8 state_ms=7.26 prefix_ms=0.0 suffix_ms=629.3 first_token_ms=2222.6 generation_ms=23992.0 generated=64 generation_tps=2.668
MEMORY mem_available_drop_mib=6053
END_CASE failed=0 timed_out=0
CASE placement=cross mode=copy children=8 paragraphs=320 context=32768
PARENT exit=0 text=c646470e58f73411 prefix_tokens=16321 prefix_ms=19811.5 publish_ms=524.09 state_bytes=936173269 model_ms=629.2 context_ms=61.9 suffix_ms=63.6 generation_ms=8185.9 generated=64 generation_tps=7.818 total_ms=42248.6
CHILD index=0 own_instance=1 exit=0 text=d42c4c07975a6446 role=child prefix_tokens=16321 suffix_tokens=16 model_ms=1156.3 context_ms=217.9 state_ms=370.64 prefix_ms=0.0 suffix_ms=427.6 first_token_ms=2467.0 generation_ms=13678.8 generated=64 generation_tps=4.679
CHILD index=1 own_instance=0 exit=0 text=3fd8649867d4bb41 role=child prefix_tokens=16321 suffix_tokens=16 model_ms=1147.6 context_ms=219.1 state_ms=375.94 prefix_ms=0.0 suffix_ms=497.1 first_token_ms=2540.1 generation_ms=18134.4 generated=64 generation_tps=3.529
CHILD index=2 own_instance=1 exit=0 text=3fd8649867d4bb41 role=child prefix_tokens=16321 suffix_tokens=16 model_ms=1231.0 context_ms=146.1 state_ms=361.23 prefix_ms=0.0 suffix_ms=425.0 first_token_ms=2452.3 generation_ms=13695.5 generated=64 generation_tps=4.673
CHILD index=3 own_instance=0 exit=0 text=3fd8649867d4bb41 role=child prefix_tokens=16321 suffix_tokens=16 model_ms=1093.9 context_ms=158.6 state_ms=422.66 prefix_ms=0.0 suffix_ms=359.8 first_token_ms=2317.2 generation_ms=18222.8 generated=64 generation_tps=3.512
CHILD index=4 own_instance=1 exit=0 text=3e0fd62f5aa50665 role=child prefix_tokens=16321 suffix_tokens=16 model_ms=1221.6 context_ms=133.1 state_ms=354.33 prefix_ms=0.0 suffix_ms=391.2 first_token_ms=2398.8 generation_ms=13704.8 generated=64 generation_tps=4.670
CHILD index=5 own_instance=0 exit=0 text=3fd8649867d4bb41 role=child prefix_tokens=16321 suffix_tokens=16 model_ms=695.3 context_ms=66.3 state_ms=166.35 prefix_ms=0.0 suffix_ms=129.7 first_token_ms=1279.8 generation_ms=17641.2 generated=64 generation_tps=3.628
CHILD index=6 own_instance=1 exit=0 text=4a8f18b77dbe0332 role=child prefix_tokens=16321 suffix_tokens=16 model_ms=1140.3 context_ms=164.2 state_ms=345.80 prefix_ms=0.0 suffix_ms=282.8 first_token_ms=2240.4 generation_ms=13757.0 generated=64 generation_tps=4.652
CHILD index=7 own_instance=0 exit=0 text=4a8f18b77dbe0332 role=child prefix_tokens=16321 suffix_tokens=16 model_ms=1143.3 context_ms=202.6 state_ms=377.96 prefix_ms=0.0 suffix_ms=513.7 first_token_ms=2543.5 generation_ms=18130.8 generated=64 generation_tps=3.530
MEMORY mem_available_drop_mib=20221
END_CASE failed=0 timed_out=0
CASE placement=cross mode=demand children=8 paragraphs=320 context=32768
PARENT exit=0 text=c646470e58f73411 prefix_tokens=16321 prefix_ms=19816.5 publish_ms=553.92 state_bytes=936173269 model_ms=625.2 context_ms=34.3 suffix_ms=63.8 generation_ms=6913.4 generated=64 generation_tps=9.257 total_ms=43018.2
CHILD index=0 own_instance=1 exit=0 text=d42c4c07975a6446 role=child prefix_tokens=16321 suffix_tokens=16 model_ms=1222.0 context_ms=38.7 state_ms=653.35 prefix_ms=0.0 suffix_ms=382.8 first_token_ms=2592.7 generation_ms=13389.1 generated=64 generation_tps=4.780
CHILD index=1 own_instance=0 exit=0 text=3fd8649867d4bb41 role=child prefix_tokens=16321 suffix_tokens=16 model_ms=1153.9 context_ms=40.7 state_ms=724.76 prefix_ms=0.0 suffix_ms=450.5 first_token_ms=2664.4 generation_ms=18721.3 generated=64 generation_tps=3.419
CHILD index=2 own_instance=1 exit=0 text=3fd8649867d4bb41 role=child prefix_tokens=16321 suffix_tokens=16 model_ms=1139.8 context_ms=40.5 state_ms=586.74 prefix_ms=0.0 suffix_ms=276.0 first_token_ms=2327.6 generation_ms=13472.7 generated=64 generation_tps=4.750
CHILD index=3 own_instance=0 exit=0 text=3fd8649867d4bb41 role=child prefix_tokens=16321 suffix_tokens=16 model_ms=1164.4 context_ms=47.8 state_ms=717.28 prefix_ms=0.0 suffix_ms=453.1 first_token_ms=2666.8 generation_ms=18716.8 generated=64 generation_tps=3.419
CHILD index=4 own_instance=1 exit=0 text=3e0fd62f5aa50665 role=child prefix_tokens=16321 suffix_tokens=16 model_ms=1180.9 context_ms=51.2 state_ms=675.65 prefix_ms=0.0 suffix_ms=383.3 first_token_ms=2593.5 generation_ms=13402.9 generated=64 generation_tps=4.775
CHILD index=5 own_instance=0 exit=0 text=3fd8649867d4bb41 role=child prefix_tokens=16321 suffix_tokens=16 model_ms=1186.0 context_ms=46.8 state_ms=716.52 prefix_ms=0.0 suffix_ms=440.2 first_token_ms=2654.8 generation_ms=18734.3 generated=64 generation_tps=3.416
CHILD index=6 own_instance=1 exit=0 text=4a8f18b77dbe0332 role=child prefix_tokens=16321 suffix_tokens=16 model_ms=1197.8 context_ms=48.2 state_ms=675.66 prefix_ms=0.0 suffix_ms=375.3 first_token_ms=2584.7 generation_ms=13400.6 generated=64 generation_tps=4.776
CHILD index=7 own_instance=0 exit=0 text=4a8f18b77dbe0332 role=child prefix_tokens=16321 suffix_tokens=16 model_ms=1186.8 context_ms=49.6 state_ms=675.22 prefix_ms=0.0 suffix_ms=402.0 first_token_ms=2612.5 generation_ms=18631.1 generated=64 generation_tps=3.435
MEMORY mem_available_drop_mib=13692
END_CASE failed=0 timed_out=0
CASE placement=cross mode=device children=8 paragraphs=320 context=32768
PARENT exit=0 text=c646470e58f73411 prefix_tokens=16321 prefix_ms=19832.4 publish_ms=38.19 state_bytes=261845 model_ms=629.7 context_ms=34.2 suffix_ms=63.7 generation_ms=5945.1 generated=64 generation_tps=10.765 total_ms=35825.2
CHILD index=0 own_instance=1 exit=0 text=d42c4c07975a6446 role=child prefix_tokens=16321 suffix_tokens=16 model_ms=1227.5 context_ms=536.5 state_ms=122.29 prefix_ms=0.0 suffix_ms=395.9 first_token_ms=2582.4 generation_ms=12123.7 generated=64 generation_tps=5.279
STDERR llama_init_from_model: failed to initialize the context: kv cache: cannot map a published allocation
STDERR kv_fork: cannot create the context
CHILD index=1 own_instance=0 exit=1 text=e3b0c44298fc1c14 
CHILD index=2 own_instance=1 exit=0 text=3fd8649867d4bb41 role=child prefix_tokens=16321 suffix_tokens=16 model_ms=1221.4 context_ms=537.3 state_ms=113.65 prefix_ms=0.0 suffix_ms=364.9 first_token_ms=2542.9 generation_ms=12123.8 generated=64 generation_tps=5.279
STDERR llama_init_from_model: failed to initialize the context: kv cache: cannot map a published allocation
STDERR kv_fork: cannot create the context
CHILD index=3 own_instance=0 exit=1 text=e3b0c44298fc1c14 
CHILD index=4 own_instance=1 exit=0 text=3e0fd62f5aa50665 role=child prefix_tokens=16321 suffix_tokens=16 model_ms=1240.0 context_ms=497.2 state_ms=123.84 prefix_ms=0.0 suffix_ms=380.1 first_token_ms=2529.7 generation_ms=12119.6 generated=64 generation_tps=5.281
STDERR llama_init_from_model: failed to initialize the context: kv cache: cannot map a published allocation
STDERR kv_fork: cannot create the context
CHILD index=5 own_instance=0 exit=1 text=e3b0c44298fc1c14 
CHILD index=6 own_instance=1 exit=0 text=4a8f18b77dbe0332 role=child prefix_tokens=16321 suffix_tokens=16 model_ms=1230.7 context_ms=535.6 state_ms=120.67 prefix_ms=0.0 suffix_ms=384.9 first_token_ms=2570.0 generation_ms=12135.6 generated=64 generation_tps=5.274
STDERR llama_init_from_model: failed to initialize the context: kv cache: cannot map a published allocation
STDERR kv_fork: cannot create the context
CHILD index=7 own_instance=0 exit=1 text=e3b0c44298fc1c14 
MEMORY mem_available_drop_mib=3953
END_CASE failed=4 timed_out=0
CASE placement=cross mode=device_tuned children=8 paragraphs=320 context=32768
PARENT exit=0 text=c646470e58f73411 prefix_tokens=16321 prefix_ms=19808.8 publish_ms=42.37 state_bytes=261845 model_ms=636.8 context_ms=33.2 suffix_ms=63.6 generation_ms=7877.8 generated=64 generation_tps=8.124 total_ms=35741.6
CHILD index=0 own_instance=1 exit=0 text=d42c4c07975a6446 role=child prefix_tokens=16321 suffix_tokens=16 model_ms=1210.4 context_ms=422.3 state_ms=16.57 prefix_ms=0.0 suffix_ms=391.4 first_token_ms=2339.6 generation_ms=12338.1 generated=64 generation_tps=5.187
STDERR llama_init_from_model: failed to initialize the context: kv cache: cannot map a published allocation
STDERR kv_fork: cannot create the context
CHILD index=1 own_instance=0 exit=1 text=e3b0c44298fc1c14 
CHILD index=2 own_instance=1 exit=0 text=3fd8649867d4bb41 role=child prefix_tokens=16321 suffix_tokens=16 model_ms=1196.2 context_ms=428.9 state_ms=11.55 prefix_ms=0.0 suffix_ms=394.2 first_token_ms=2326.3 generation_ms=12328.0 generated=64 generation_tps=5.191
STDERR llama_init_from_model: failed to initialize the context: kv cache: cannot map a published allocation
STDERR kv_fork: cannot create the context
CHILD index=3 own_instance=0 exit=1 text=e3b0c44298fc1c14 
CHILD index=4 own_instance=1 exit=0 text=3e0fd62f5aa50665 role=child prefix_tokens=16321 suffix_tokens=16 model_ms=1055.8 context_ms=69.7 state_ms=8.40 prefix_ms=0.0 suffix_ms=204.3 first_token_ms=1594.4 generation_ms=12275.2 generated=64 generation_tps=5.214
STDERR llama_init_from_model: failed to initialize the context: kv cache: cannot map a published allocation
STDERR kv_fork: cannot create the context
CHILD index=5 own_instance=0 exit=1 text=e3b0c44298fc1c14 
CHILD index=6 own_instance=1 exit=0 text=4a8f18b77dbe0332 role=child prefix_tokens=16321 suffix_tokens=16 model_ms=1190.2 context_ms=451.6 state_ms=12.92 prefix_ms=0.0 suffix_ms=400.2 first_token_ms=2358.0 generation_ms=12318.9 generated=64 generation_tps=5.195
STDERR llama_init_from_model: failed to initialize the context: kv cache: cannot map a published allocation
STDERR kv_fork: cannot create the context
CHILD index=7 own_instance=0 exit=1 text=e3b0c44298fc1c14 
MEMORY mem_available_drop_mib=3996
END_CASE failed=4 timed_out=0
CASE placement=cross mode=device_merged children=8 paragraphs=320 context=32768
PARENT exit=0 text=c646470e58f73411 prefix_tokens=16321 prefix_ms=19827.1 publish_ms=132.41 state_bytes=261845 model_ms=640.2 context_ms=34.6 suffix_ms=64.9 generation_ms=7302.1 generated=64 generation_tps=8.765 total_ms=35835.3
CHILD index=0 own_instance=1 exit=0 text=d42c4c07975a6446 role=child prefix_tokens=16321 suffix_tokens=16 model_ms=1212.4 context_ms=273.9 state_ms=16.23 prefix_ms=0.0 suffix_ms=385.0 first_token_ms=2191.3 generation_ms=12466.3 generated=64 generation_tps=5.134
STDERR llama_init_from_model: failed to initialize the context: kv cache: cannot map a published allocation
STDERR kv_fork: cannot create the context
CHILD index=1 own_instance=0 exit=1 text=e3b0c44298fc1c14 
CHILD index=2 own_instance=1 exit=0 text=3fd8649867d4bb41 role=child prefix_tokens=16321 suffix_tokens=16 model_ms=1185.1 context_ms=241.5 state_ms=13.52 prefix_ms=0.0 suffix_ms=409.7 first_token_ms=2138.9 generation_ms=12496.3 generated=64 generation_tps=5.122
STDERR llama_init_from_model: failed to initialize the context: kv cache: cannot map a published allocation
STDERR kv_fork: cannot create the context
CHILD index=3 own_instance=0 exit=1 text=e3b0c44298fc1c14 
CHILD index=4 own_instance=1 exit=0 text=3e0fd62f5aa50665 role=child prefix_tokens=16321 suffix_tokens=16 model_ms=1230.2 context_ms=200.2 state_ms=11.63 prefix_ms=0.0 suffix_ms=421.5 first_token_ms=2151.3 generation_ms=12495.7 generated=64 generation_tps=5.122
STDERR llama_init_from_model: failed to initialize the context: kv cache: cannot map a published allocation
STDERR kv_fork: cannot create the context
CHILD index=5 own_instance=0 exit=1 text=e3b0c44298fc1c14 
CHILD index=6 own_instance=1 exit=0 text=4a8f18b77dbe0332 role=child prefix_tokens=16321 suffix_tokens=16 model_ms=1206.0 context_ms=229.9 state_ms=10.81 prefix_ms=0.0 suffix_ms=334.9 first_token_ms=2085.0 generation_ms=12470.5 generated=64 generation_tps=5.132
STDERR llama_init_from_model: failed to initialize the context: kv cache: cannot map a published allocation
STDERR kv_fork: cannot create the context
CHILD index=7 own_instance=0 exit=1 text=e3b0c44298fc1c14 
MEMORY mem_available_drop_mib=3946
END_CASE failed=4 timed_out=0
CASE placement=cross mode=cow children=8 paragraphs=320 context=32768
PARENT exit=0 text=c646470e58f73411 prefix_tokens=16321 prefix_ms=19857.7 publish_ms=7.06 state_bytes=261845 model_ms=629.3 context_ms=34.7 suffix_ms=108.2 generation_ms=9260.6 generated=64 generation_tps=6.911 total_ms=42737.3
CHILD index=0 own_instance=1 exit=0 text=d42c4c07975a6446 role=child prefix_tokens=16321 suffix_tokens=16 model_ms=1180.2 context_ms=49.3 state_ms=7.33 prefix_ms=0.0 suffix_ms=767.2 first_token_ms=2299.3 generation_ms=14120.0 generated=64 generation_tps=4.533
CHILD index=1 own_instance=0 exit=0 text=3fd8649867d4bb41 role=child prefix_tokens=16321 suffix_tokens=16 model_ms=1168.8 context_ms=47.6 state_ms=7.54 prefix_ms=0.0 suffix_ms=824.1 first_token_ms=2345.6 generation_ms=19370.1 generated=64 generation_tps=3.304
CHILD index=2 own_instance=1 exit=0 text=3fd8649867d4bb41 role=child prefix_tokens=16321 suffix_tokens=16 model_ms=1185.2 context_ms=50.3 state_ms=7.56 prefix_ms=0.0 suffix_ms=702.6 first_token_ms=2202.9 generation_ms=14134.6 generated=64 generation_tps=4.528
CHILD index=3 own_instance=0 exit=0 text=3fd8649867d4bb41 role=child prefix_tokens=16321 suffix_tokens=16 model_ms=1140.1 context_ms=40.3 state_ms=12.32 prefix_ms=0.0 suffix_ms=657.3 first_token_ms=2129.9 generation_ms=19456.6 generated=64 generation_tps=3.289
CHILD index=4 own_instance=1 exit=0 text=3e0fd62f5aa50665 role=child prefix_tokens=16321 suffix_tokens=16 model_ms=1179.1 context_ms=54.5 state_ms=7.23 prefix_ms=0.0 suffix_ms=797.2 first_token_ms=2336.1 generation_ms=14093.9 generated=64 generation_tps=4.541
CHILD index=5 own_instance=0 exit=0 text=3fd8649867d4bb41 role=child prefix_tokens=16321 suffix_tokens=16 model_ms=1186.0 context_ms=48.4 state_ms=7.18 prefix_ms=0.0 suffix_ms=827.6 first_token_ms=2358.4 generation_ms=19373.1 generated=64 generation_tps=3.304
CHILD index=6 own_instance=1 exit=0 text=4a8f18b77dbe0332 role=child prefix_tokens=16321 suffix_tokens=16 model_ms=1185.7 context_ms=48.3 state_ms=7.31 prefix_ms=0.0 suffix_ms=782.0 first_token_ms=2295.3 generation_ms=14111.2 generated=64 generation_tps=4.535
CHILD index=7 own_instance=0 exit=0 text=4a8f18b77dbe0332 role=child prefix_tokens=16321 suffix_tokens=16 model_ms=1123.1 context_ms=38.2 state_ms=9.02 prefix_ms=0.0 suffix_ms=601.0 first_token_ms=2065.2 generation_ms=19496.6 generated=64 generation_tps=3.283
MEMORY mem_available_drop_mib=6771
END_CASE failed=0 timed_out=0
CASE placement=cross mode=extent children=8 paragraphs=320 context=32768
PARENT exit=0 text=c646470e58f73411 prefix_tokens=16321 prefix_ms=19882.9 publish_ms=8.91 state_bytes=261845 model_ms=633.2 context_ms=35.2 suffix_ms=108.6 generation_ms=9743.4 generated=64 generation_tps=6.569 total_ms=42402.5
CHILD index=0 own_instance=1 exit=0 text=d42c4c07975a6446 role=child prefix_tokens=16321 suffix_tokens=16 model_ms=1172.2 context_ms=48.9 state_ms=7.54 prefix_ms=0.0 suffix_ms=402.5 first_token_ms=1929.3 generation_ms=14056.7 generated=64 generation_tps=4.553
CHILD index=1 own_instance=0 exit=0 text=3fd8649867d4bb41 role=child prefix_tokens=16321 suffix_tokens=16 model_ms=1149.7 context_ms=48.7 state_ms=7.79 prefix_ms=0.0 suffix_ms=400.8 first_token_ms=1880.7 generation_ms=19368.5 generated=64 generation_tps=3.304
CHILD index=2 own_instance=1 exit=0 text=3fd8649867d4bb41 role=child prefix_tokens=16321 suffix_tokens=16 model_ms=1033.4 context_ms=35.2 state_ms=7.38 prefix_ms=0.0 suffix_ms=171.6 first_token_ms=1479.0 generation_ms=14062.4 generated=64 generation_tps=4.551
CHILD index=3 own_instance=0 exit=0 text=3fd8649867d4bb41 role=child prefix_tokens=16321 suffix_tokens=16 model_ms=1135.7 context_ms=48.1 state_ms=7.47 prefix_ms=0.0 suffix_ms=378.4 first_token_ms=1856.0 generation_ms=19387.0 generated=64 generation_tps=3.301
CHILD index=4 own_instance=1 exit=0 text=3e0fd62f5aa50665 role=child prefix_tokens=16321 suffix_tokens=16 model_ms=1166.8 context_ms=46.9 state_ms=7.47 prefix_ms=0.0 suffix_ms=397.9 first_token_ms=1912.8 generation_ms=14045.3 generated=64 generation_tps=4.557
CHILD index=5 own_instance=0 exit=0 text=3fd8649867d4bb41 role=child prefix_tokens=16321 suffix_tokens=16 model_ms=1126.4 context_ms=49.0 state_ms=7.43 prefix_ms=0.0 suffix_ms=393.0 first_token_ms=1871.4 generation_ms=19373.0 generated=64 generation_tps=3.304
CHILD index=6 own_instance=1 exit=0 text=4a8f18b77dbe0332 role=child prefix_tokens=16321 suffix_tokens=16 model_ms=1167.5 context_ms=52.1 state_ms=7.63 prefix_ms=0.0 suffix_ms=407.1 first_token_ms=1923.1 generation_ms=14059.3 generated=64 generation_tps=4.552
CHILD index=7 own_instance=0 exit=0 text=4a8f18b77dbe0332 role=child prefix_tokens=16321 suffix_tokens=16 model_ms=1169.3 context_ms=49.5 state_ms=7.52 prefix_ms=0.0 suffix_ms=474.9 first_token_ms=2004.9 generation_ms=19273.6 generated=64 generation_tps=3.321
MEMORY mem_available_drop_mib=5909
END_CASE failed=0 timed_out=0
CASE placement=same mode=copy children=4 paragraphs=320 context=32768
PARENT exit=0 text=c646470e58f73411 prefix_tokens=16321 prefix_ms=19802.1 publish_ms=541.98 state_bytes=936173269 model_ms=640.2 context_ms=61.3 suffix_ms=61.9 generation_ms=9106.3 generated=64 generation_tps=7.028 total_ms=36363.2
CHILD index=0 own_instance=1 exit=0 text=d42c4c07975a6446 role=child prefix_tokens=16321 suffix_tokens=16 model_ms=837.1 context_ms=83.3 state_ms=312.18 prefix_ms=0.0 suffix_ms=254.2 first_token_ms=1621.7 generation_ms=12951.2 generated=64 generation_tps=4.942
CHILD index=1 own_instance=1 exit=0 text=3fd8649867d4bb41 role=child prefix_tokens=16321 suffix_tokens=16 model_ms=887.1 context_ms=105.2 state_ms=360.37 prefix_ms=0.0 suffix_ms=371.1 first_token_ms=1870.4 generation_ms=12871.0 generated=64 generation_tps=4.972
CHILD index=2 own_instance=1 exit=0 text=3fd8649867d4bb41 role=child prefix_tokens=16321 suffix_tokens=16 model_ms=943.7 context_ms=73.2 state_ms=329.25 prefix_ms=0.0 suffix_ms=382.7 first_token_ms=1879.0 generation_ms=12883.6 generated=64 generation_tps=4.968
CHILD index=3 own_instance=1 exit=0 text=3fd8649867d4bb41 role=child prefix_tokens=16321 suffix_tokens=16 model_ms=947.1 context_ms=98.7 state_ms=302.83 prefix_ms=0.0 suffix_ms=390.7 first_token_ms=1885.1 generation_ms=12874.8 generated=64 generation_tps=4.971
MEMORY mem_available_drop_mib=10168
END_CASE failed=0 timed_out=0
CASE placement=same mode=demand children=4 paragraphs=320 context=32768
PARENT exit=0 text=c646470e58f73411 prefix_tokens=16321 prefix_ms=19812.5 publish_ms=555.96 state_bytes=936173269 model_ms=687.5 context_ms=33.6 suffix_ms=61.6 generation_ms=8051.3 generated=64 generation_tps=7.949 total_ms=36374.6
CHILD index=0 own_instance=1 exit=0 text=d42c4c07975a6446 role=child prefix_tokens=16321 suffix_tokens=16 model_ms=936.8 context_ms=42.9 state_ms=595.26 prefix_ms=0.0 suffix_ms=399.9 first_token_ms=2117.3 generation_ms=12589.2 generated=64 generation_tps=5.084
CHILD index=1 own_instance=1 exit=0 text=3fd8649867d4bb41 role=child prefix_tokens=16321 suffix_tokens=16 model_ms=927.5 context_ms=41.2 state_ms=448.89 prefix_ms=0.0 suffix_ms=235.4 first_token_ms=1800.8 generation_ms=12656.2 generated=64 generation_tps=5.057
CHILD index=2 own_instance=1 exit=0 text=3fd8649867d4bb41 role=child prefix_tokens=16321 suffix_tokens=16 model_ms=933.2 context_ms=41.3 state_ms=595.06 prefix_ms=0.0 suffix_ms=422.2 first_token_ms=2136.2 generation_ms=12584.4 generated=64 generation_tps=5.086
CHILD index=3 own_instance=1 exit=0 text=3fd8649867d4bb41 role=child prefix_tokens=16321 suffix_tokens=16 model_ms=925.7 context_ms=44.5 state_ms=597.33 prefix_ms=0.0 suffix_ms=416.4 first_token_ms=2133.2 generation_ms=12594.5 generated=64 generation_tps=5.082
MEMORY mem_available_drop_mib=7187
END_CASE failed=0 timed_out=0
CASE placement=same mode=device children=4 paragraphs=320 context=32768
PARENT exit=0 text=c646470e58f73411 prefix_tokens=16321 prefix_ms=19823.8 publish_ms=42.00 state_bytes=261845 model_ms=699.6 context_ms=35.6 suffix_ms=61.7 generation_ms=8633.3 generated=64 generation_tps=7.413 total_ms=35797.4
CHILD index=0 own_instance=1 exit=0 text=d42c4c07975a6446 role=child prefix_tokens=16321 suffix_tokens=16 model_ms=933.8 context_ms=319.2 state_ms=100.88 prefix_ms=0.0 suffix_ms=397.5 first_token_ms=1894.2 generation_ms=12768.0 generated=64 generation_tps=5.013
CHILD index=1 own_instance=1 exit=0 text=3fd8649867d4bb41 role=child prefix_tokens=16321 suffix_tokens=16 model_ms=898.1 context_ms=274.6 state_ms=121.40 prefix_ms=0.0 suffix_ms=304.1 first_token_ms=1733.3 generation_ms=12829.4 generated=64 generation_tps=4.989
CHILD index=2 own_instance=1 exit=0 text=3fd8649867d4bb41 role=child prefix_tokens=16321 suffix_tokens=16 model_ms=884.5 context_ms=308.3 state_ms=112.20 prefix_ms=0.0 suffix_ms=363.2 first_token_ms=1814.8 generation_ms=12793.1 generated=64 generation_tps=5.003
CHILD index=3 own_instance=1 exit=0 text=3fd8649867d4bb41 role=child prefix_tokens=16321 suffix_tokens=16 model_ms=880.4 context_ms=324.5 state_ms=125.53 prefix_ms=0.0 suffix_ms=377.3 first_token_ms=1856.8 generation_ms=12796.4 generated=64 generation_tps=5.001
MEMORY mem_available_drop_mib=3979
END_CASE failed=0 timed_out=0
CASE placement=same mode=device_tuned children=4 paragraphs=320 context=32768
PARENT exit=0 text=c646470e58f73411 prefix_tokens=16321 prefix_ms=19820.9 publish_ms=41.18 state_bytes=261845 model_ms=631.2 context_ms=35.6 suffix_ms=62.5 generation_ms=9517.0 generated=64 generation_tps=6.725 total_ms=35717.5
CHILD index=0 own_instance=1 exit=0 text=d42c4c07975a6446 role=child prefix_tokens=16321 suffix_tokens=16 model_ms=902.2 context_ms=121.8 state_ms=9.17 prefix_ms=0.0 suffix_ms=294.6 first_token_ms=1477.5 generation_ms=13047.2 generated=64 generation_tps=4.905
CHILD index=1 own_instance=1 exit=0 text=3fd8649867d4bb41 role=child prefix_tokens=16321 suffix_tokens=16 model_ms=976.7 context_ms=129.9 state_ms=11.42 prefix_ms=0.0 suffix_ms=423.1 first_token_ms=1692.1 generation_ms=12920.4 generated=64 generation_tps=4.953
CHILD index=2 own_instance=1 exit=0 text=3fd8649867d4bb41 role=child prefix_tokens=16321 suffix_tokens=16 model_ms=908.2 context_ms=123.1 state_ms=8.49 prefix_ms=0.0 suffix_ms=269.1 first_token_ms=1454.2 generation_ms=13072.1 generated=64 generation_tps=4.896
CHILD index=3 own_instance=1 exit=0 text=3fd8649867d4bb41 role=child prefix_tokens=16321 suffix_tokens=16 model_ms=970.5 context_ms=135.8 state_ms=13.43 prefix_ms=0.0 suffix_ms=417.4 first_token_ms=1692.0 generation_ms=12939.2 generated=64 generation_tps=4.946
MEMORY mem_available_drop_mib=3993
END_CASE failed=0 timed_out=0
CASE placement=same mode=device_merged children=4 paragraphs=320 context=32768
PARENT exit=0 text=c646470e58f73411 prefix_tokens=16321 prefix_ms=19826.8 publish_ms=121.20 state_bytes=261845 model_ms=637.6 context_ms=34.0 suffix_ms=62.5 generation_ms=9855.8 generated=64 generation_tps=6.494 total_ms=35763.9
CHILD index=0 own_instance=1 exit=0 text=d42c4c07975a6446 role=child prefix_tokens=16321 suffix_tokens=16 model_ms=962.9 context_ms=72.5 state_ms=10.44 prefix_ms=0.0 suffix_ms=396.6 first_token_ms=1592.1 generation_ms=13026.7 generated=64 generation_tps=4.913
CHILD index=1 own_instance=1 exit=0 text=3fd8649867d4bb41 role=child prefix_tokens=16321 suffix_tokens=16 model_ms=966.9 context_ms=69.0 state_ms=12.37 prefix_ms=0.0 suffix_ms=396.3 first_token_ms=1591.2 generation_ms=13031.7 generated=64 generation_tps=4.911
CHILD index=2 own_instance=1 exit=0 text=3fd8649867d4bb41 role=child prefix_tokens=16321 suffix_tokens=16 model_ms=873.5 context_ms=50.2 state_ms=9.19 prefix_ms=0.0 suffix_ms=241.8 first_token_ms=1315.8 generation_ms=13138.0 generated=64 generation_tps=4.871
CHILD index=3 own_instance=1 exit=0 text=3fd8649867d4bb41 role=child prefix_tokens=16321 suffix_tokens=16 model_ms=902.1 context_ms=50.9 state_ms=9.64 prefix_ms=0.0 suffix_ms=252.5 first_token_ms=1358.9 generation_ms=13159.3 generated=64 generation_tps=4.863
MEMORY mem_available_drop_mib=3928
END_CASE failed=0 timed_out=0
CASE placement=same mode=cow children=4 paragraphs=320 context=32768
PARENT exit=0 text=c646470e58f73411 prefix_tokens=16321 prefix_ms=19877.4 publish_ms=8.92 state_bytes=261845 model_ms=643.9 context_ms=36.2 suffix_ms=119.4 generation_ms=10082.2 generated=64 generation_tps=6.348 total_ms=36048.2
CHILD index=0 own_instance=1 exit=0 text=d42c4c07975a6446 role=child prefix_tokens=16321 suffix_tokens=16 model_ms=896.7 context_ms=37.9 state_ms=7.40 prefix_ms=0.0 suffix_ms=654.2 first_token_ms=1728.4 generation_ms=13089.3 generated=64 generation_tps=4.890
CHILD index=1 own_instance=1 exit=0 text=3fd8649867d4bb41 role=child prefix_tokens=16321 suffix_tokens=16 model_ms=900.1 context_ms=40.1 state_ms=7.29 prefix_ms=0.0 suffix_ms=685.6 first_token_ms=1782.4 generation_ms=13097.5 generated=64 generation_tps=4.886
CHILD index=2 own_instance=1 exit=0 text=3fd8649867d4bb41 role=child prefix_tokens=16321 suffix_tokens=16 model_ms=905.8 context_ms=40.3 state_ms=7.45 prefix_ms=0.0 suffix_ms=682.3 first_token_ms=1782.4 generation_ms=13097.0 generated=64 generation_tps=4.887
CHILD index=3 own_instance=1 exit=0 text=3fd8649867d4bb41 role=child prefix_tokens=16321 suffix_tokens=16 model_ms=944.6 context_ms=36.7 state_ms=7.43 prefix_ms=0.0 suffix_ms=717.9 first_token_ms=1849.0 generation_ms=13049.5 generated=64 generation_tps=4.904
MEMORY mem_available_drop_mib=3504
END_CASE failed=0 timed_out=0
CASE placement=same mode=extent children=4 paragraphs=320 context=32768
PARENT exit=0 text=c646470e58f73411 prefix_tokens=16321 prefix_ms=19883.8 publish_ms=9.04 state_bytes=261845 model_ms=632.5 context_ms=35.7 suffix_ms=114.7 generation_ms=9876.6 generated=64 generation_tps=6.480 total_ms=35612.4
CHILD index=0 own_instance=1 exit=0 text=d42c4c07975a6446 role=child prefix_tokens=16321 suffix_tokens=16 model_ms=902.1 context_ms=43.4 state_ms=7.43 prefix_ms=0.0 suffix_ms=343.2 first_token_ms=1436.1 generation_ms=13002.0 generated=64 generation_tps=4.922
CHILD index=1 own_instance=1 exit=0 text=3fd8649867d4bb41 role=child prefix_tokens=16321 suffix_tokens=16 model_ms=916.5 context_ms=40.9 state_ms=7.39 prefix_ms=0.0 suffix_ms=370.5 first_token_ms=1480.6 generation_ms=13013.6 generated=64 generation_tps=4.918
CHILD index=2 own_instance=1 exit=0 text=3fd8649867d4bb41 role=child prefix_tokens=16321 suffix_tokens=16 model_ms=920.6 context_ms=40.1 state_ms=7.59 prefix_ms=0.0 suffix_ms=385.9 first_token_ms=1500.5 generation_ms=13003.9 generated=64 generation_tps=4.922
CHILD index=3 own_instance=1 exit=0 text=3fd8649867d4bb41 role=child prefix_tokens=16321 suffix_tokens=16 model_ms=890.2 context_ms=42.8 state_ms=7.37 prefix_ms=0.0 suffix_ms=346.8 first_token_ms=1438.6 generation_ms=13017.3 generated=64 generation_tps=4.917
MEMORY mem_available_drop_mib=3063
END_CASE failed=0 timed_out=0
CASE placement=same mode=copy children=1 paragraphs=320 context=32768
PARENT exit=0 text=c646470e58f73411 prefix_tokens=16321 prefix_ms=19798.9 publish_ms=534.37 state_bytes=936173269 model_ms=635.9 context_ms=58.6 suffix_ms=60.0 generation_ms=4646.6 generated=64 generation_tps=13.773 total_ms=27255.4
CHILD index=0 own_instance=1 exit=0 text=d42c4c07975a6446 role=child prefix_tokens=16321 suffix_tokens=16 model_ms=604.9 context_ms=66.1 state_ms=267.63 prefix_ms=0.0 suffix_ms=217.8 first_token_ms=1192.2 generation_ms=4560.8 generated=64 generation_tps=14.033
MEMORY mem_available_drop_mib=2538
END_CASE failed=0 timed_out=0
CASE placement=same mode=demand children=1 paragraphs=320 context=32768
PARENT exit=0 text=c646470e58f73411 prefix_tokens=16321 prefix_ms=19809.9 publish_ms=544.10 state_bytes=936173269 model_ms=641.6 context_ms=34.8 suffix_ms=60.7 generation_ms=4674.7 generated=64 generation_tps=13.691 total_ms=27244.6
CHILD index=0 own_instance=1 exit=0 text=d42c4c07975a6446 role=child prefix_tokens=16321 suffix_tokens=16 model_ms=602.1 context_ms=33.4 state_ms=282.98 prefix_ms=0.0 suffix_ms=215.3 first_token_ms=1170.2 generation_ms=4586.6 generated=64 generation_tps=13.954
MEMORY mem_available_drop_mib=1853
END_CASE failed=0 timed_out=0
CASE placement=same mode=device children=1 paragraphs=320 context=32768
PARENT exit=0 text=c646470e58f73411 prefix_tokens=16321 prefix_ms=19812.4 publish_ms=42.50 state_bytes=261845 model_ms=637.9 context_ms=34.6 suffix_ms=60.9 generation_ms=4812.8 generated=64 generation_tps=13.298 total_ms=26766.1
CHILD index=0 own_instance=1 exit=0 text=d42c4c07975a6446 role=child prefix_tokens=16321 suffix_tokens=16 model_ms=604.2 context_ms=169.7 state_ms=49.16 prefix_ms=0.0 suffix_ms=221.6 first_token_ms=1079.8 generation_ms=4673.8 generated=64 generation_tps=13.693
MEMORY mem_available_drop_mib=1060
END_CASE failed=0 timed_out=0
CASE placement=same mode=device_tuned children=1 paragraphs=320 context=32768
PARENT exit=0 text=c646470e58f73411 prefix_tokens=16321 prefix_ms=19824.6 publish_ms=36.46 state_bytes=261845 model_ms=626.2 context_ms=34.4 suffix_ms=61.2 generation_ms=4955.5 generated=64 generation_tps=12.915 total_ms=26718.3
CHILD index=0 own_instance=1 exit=0 text=d42c4c07975a6446 role=child prefix_tokens=16321 suffix_tokens=16 model_ms=601.4 context_ms=72.2 state_ms=8.51 prefix_ms=0.0 suffix_ms=173.8 first_token_ms=891.1 generation_ms=4858.2 generated=64 generation_tps=13.174
MEMORY mem_available_drop_mib=1064
END_CASE failed=0 timed_out=0
CASE placement=same mode=device_merged children=1 paragraphs=320 context=32768
PARENT exit=0 text=c646470e58f73411 prefix_tokens=16321 prefix_ms=19829.9 publish_ms=98.68 state_bytes=261845 model_ms=638.8 context_ms=34.3 suffix_ms=60.4 generation_ms=4974.3 generated=64 generation_tps=12.866 total_ms=26795.1
CHILD index=0 own_instance=1 exit=0 text=d42c4c07975a6446 role=child prefix_tokens=16321 suffix_tokens=16 model_ms=596.8 context_ms=49.7 state_ms=9.29 prefix_ms=0.0 suffix_ms=164.7 first_token_ms=856.2 generation_ms=4898.3 generated=64 generation_tps=13.066
MEMORY mem_available_drop_mib=1072
END_CASE failed=0 timed_out=0
CASE placement=same mode=cow children=1 paragraphs=320 context=32768
PARENT exit=0 text=c646470e58f73411 prefix_tokens=16321 prefix_ms=19860.4 publish_ms=9.30 state_bytes=261845 model_ms=631.4 context_ms=35.3 suffix_ms=114.4 generation_ms=4963.5 generated=64 generation_tps=12.894 total_ms=26833.3
CHILD index=0 own_instance=1 exit=0 text=d42c4c07975a6446 role=child prefix_tokens=16321 suffix_tokens=16 model_ms=606.2 context_ms=34.8 state_ms=7.14 prefix_ms=0.0 suffix_ms=300.8 first_token_ms=984.9 generation_ms=4848.1 generated=64 generation_tps=13.201
MEMORY mem_available_drop_mib=951
END_CASE failed=0 timed_out=0
CASE placement=same mode=extent children=1 paragraphs=320 context=32768
PARENT exit=0 text=c646470e58f73411 prefix_tokens=16321 prefix_ms=19883.6 publish_ms=9.09 state_bytes=261845 model_ms=627.1 context_ms=35.2 suffix_ms=120.9 generation_ms=4947.1 generated=64 generation_tps=12.937 total_ms=26755.6
CHILD index=0 own_instance=1 exit=0 text=d42c4c07975a6446 role=child prefix_tokens=16321 suffix_tokens=16 model_ms=591.3 context_ms=36.5 state_ms=7.26 prefix_ms=0.0 suffix_ms=176.6 first_token_ms=846.9 generation_ms=4889.6 generated=64 generation_tps=13.089
MEMORY mem_available_drop_mib=867
END_CASE failed=0 timed_out=0
CASE placement=same mode=copy children=8 paragraphs=80 context=8192
PARENT exit=0 text=8e42d861853d43f0 prefix_tokens=4081 prefix_ms=4393.8 publish_ms=208.58 state_bytes=234086869 model_ms=630.1 context_ms=27.8 suffix_ms=58.1 generation_ms=11224.4 generated=64 generation_tps=5.702 total_ms=30946.6
CHILD index=0 own_instance=1 exit=0 text=c762b6e82f144cca role=child prefix_tokens=4081 suffix_tokens=16 model_ms=1192.2 context_ms=78.5 state_ms=194.95 prefix_ms=0.0 suffix_ms=566.9 first_token_ms=2311.1 generation_ms=22672.4 generated=64 generation_tps=2.823
CHILD index=1 own_instance=1 exit=0 text=5f0f74be36dfb05d role=child prefix_tokens=4081 suffix_tokens=16 model_ms=1196.0 context_ms=79.8 state_ms=192.19 prefix_ms=0.0 suffix_ms=581.0 first_token_ms=2327.6 generation_ms=22659.9 generated=64 generation_tps=2.824
CHILD index=2 own_instance=1 exit=0 text=45d93d75d8c246b5 role=child prefix_tokens=4081 suffix_tokens=16 model_ms=1185.9 context_ms=80.6 state_ms=190.65 prefix_ms=0.0 suffix_ms=597.5 first_token_ms=2342.2 generation_ms=22656.5 generated=64 generation_tps=2.825
CHILD index=3 own_instance=1 exit=0 text=4a8f18b77dbe0332 role=child prefix_tokens=4081 suffix_tokens=16 model_ms=1176.1 context_ms=89.5 state_ms=188.82 prefix_ms=0.0 suffix_ms=602.5 first_token_ms=2353.2 generation_ms=22658.8 generated=64 generation_tps=2.825
CHILD index=4 own_instance=1 exit=0 text=46404abc10d87546 role=child prefix_tokens=4081 suffix_tokens=16 model_ms=1181.3 context_ms=92.0 state_ms=187.17 prefix_ms=0.0 suffix_ms=602.0 first_token_ms=2355.3 generation_ms=22659.6 generated=64 generation_tps=2.824
CHILD index=5 own_instance=1 exit=0 text=46404abc10d87546 role=child prefix_tokens=4081 suffix_tokens=16 model_ms=1187.4 context_ms=73.9 state_ms=200.71 prefix_ms=0.0 suffix_ms=598.0 first_token_ms=2344.9 generation_ms=22664.7 generated=64 generation_tps=2.824
CHILD index=6 own_instance=1 exit=0 text=46404abc10d87546 role=child prefix_tokens=4081 suffix_tokens=16 model_ms=1206.7 context_ms=73.1 state_ms=182.74 prefix_ms=0.0 suffix_ms=507.1 first_token_ms=2236.7 generation_ms=22591.5 generated=64 generation_tps=2.833
CHILD index=7 own_instance=1 exit=0 text=46404abc10d87546 role=child prefix_tokens=4081 suffix_tokens=16 model_ms=1233.2 context_ms=46.5 state_ms=180.82 prefix_ms=0.0 suffix_ms=593.0 first_token_ms=2349.9 generation_ms=22659.2 generated=64 generation_tps=2.824
MEMORY mem_available_drop_mib=9167
END_CASE failed=0 timed_out=0
CASE placement=same mode=demand children=8 paragraphs=80 context=8192
PARENT exit=0 text=8e42d861853d43f0 prefix_tokens=4081 prefix_ms=4403.3 publish_ms=227.50 state_bytes=234086869 model_ms=628.1 context_ms=21.1 suffix_ms=57.9 generation_ms=12295.5 generated=64 generation_tps=5.205 total_ms=31033.6
CHILD index=0 own_instance=1 exit=0 text=c762b6e82f144cca role=child prefix_tokens=4081 suffix_tokens=16 model_ms=1189.4 context_ms=27.6 state_ms=279.51 prefix_ms=0.0 suffix_ms=600.5 first_token_ms=2393.9 generation_ms=22668.9 generated=64 generation_tps=2.823
CHILD index=1 own_instance=1 exit=0 text=5f0f74be36dfb05d role=child prefix_tokens=4081 suffix_tokens=16 model_ms=1209.7 context_ms=25.2 state_ms=286.62 prefix_ms=0.0 suffix_ms=600.4 first_token_ms=2420.4 generation_ms=22665.0 generated=64 generation_tps=2.824
CHILD index=2 own_instance=1 exit=0 text=45d93d75d8c246b5 role=child prefix_tokens=4081 suffix_tokens=16 model_ms=1203.3 context_ms=25.5 state_ms=286.33 prefix_ms=0.0 suffix_ms=616.7 first_token_ms=2434.5 generation_ms=22670.3 generated=64 generation_tps=2.823
CHILD index=3 own_instance=1 exit=0 text=4a8f18b77dbe0332 role=child prefix_tokens=4081 suffix_tokens=16 model_ms=1200.0 context_ms=31.9 state_ms=290.96 prefix_ms=0.0 suffix_ms=601.1 first_token_ms=2430.9 generation_ms=22666.5 generated=64 generation_tps=2.824
CHILD index=4 own_instance=1 exit=0 text=46404abc10d87546 role=child prefix_tokens=4081 suffix_tokens=16 model_ms=1124.1 context_ms=20.5 state_ms=154.61 prefix_ms=0.0 suffix_ms=268.7 first_token_ms=1837.9 generation_ms=22666.6 generated=64 generation_tps=2.824
CHILD index=5 own_instance=1 exit=0 text=46404abc10d87546 role=child prefix_tokens=4081 suffix_tokens=16 model_ms=1194.4 context_ms=31.5 state_ms=276.16 prefix_ms=0.0 suffix_ms=579.8 first_token_ms=2372.3 generation_ms=22649.4 generated=64 generation_tps=2.826
CHILD index=6 own_instance=1 exit=0 text=46404abc10d87546 role=child prefix_tokens=4081 suffix_tokens=16 model_ms=1196.8 context_ms=33.5 state_ms=284.25 prefix_ms=0.0 suffix_ms=607.5 first_token_ms=2432.8 generation_ms=22670.4 generated=64 generation_tps=2.823
CHILD index=7 own_instance=1 exit=0 text=46404abc10d87546 role=child prefix_tokens=4081 suffix_tokens=16 model_ms=1201.3 context_ms=25.1 state_ms=272.68 prefix_ms=0.0 suffix_ms=596.0 first_token_ms=2398.1 generation_ms=22685.1 generated=64 generation_tps=2.821
MEMORY mem_available_drop_mib=8452
END_CASE failed=0 timed_out=0
CASE placement=same mode=device children=8 paragraphs=80 context=8192
PARENT exit=0 text=8e42d861853d43f0 prefix_tokens=4081 prefix_ms=4402.7 publish_ms=5.48 state_bytes=66005 model_ms=629.7 context_ms=21.1 suffix_ms=58.2 generation_ms=11818.5 generated=64 generation_tps=5.415 total_ms=30853.9
CHILD index=0 own_instance=1 exit=0 text=c762b6e82f144cca role=child prefix_tokens=4081 suffix_tokens=16 model_ms=1184.3 context_ms=312.9 state_ms=228.96 prefix_ms=0.0 suffix_ms=607.8 first_token_ms=2642.8 generation_ms=22553.6 generated=64 generation_tps=2.838
CHILD index=1 own_instance=1 exit=0 text=5f0f74be36dfb05d role=child prefix_tokens=4081 suffix_tokens=16 model_ms=1194.2 context_ms=216.9 state_ms=113.05 prefix_ms=0.0 suffix_ms=278.7 first_token_ms=2076.1 generation_ms=22641.4 generated=64 generation_tps=2.827
CHILD index=2 own_instance=1 exit=0 text=45d93d75d8c246b5 role=child prefix_tokens=4081 suffix_tokens=16 model_ms=1208.5 context_ms=302.1 state_ms=224.28 prefix_ms=0.0 suffix_ms=619.8 first_token_ms=2646.3 generation_ms=22551.4 generated=64 generation_tps=2.838
CHILD index=3 own_instance=1 exit=0 text=4a8f18b77dbe0332 role=child prefix_tokens=4081 suffix_tokens=16 model_ms=1190.9 context_ms=305.6 state_ms=224.68 prefix_ms=0.0 suffix_ms=620.7 first_token_ms=2643.8 generation_ms=22551.5 generated=64 generation_tps=2.838
CHILD index=4 own_instance=1 exit=0 text=46404abc10d87546 role=child prefix_tokens=4081 suffix_tokens=16 model_ms=1182.5 context_ms=233.7 state_ms=118.97 prefix_ms=0.0 suffix_ms=298.3 first_token_ms=2120.5 generation_ms=22719.5 generated=64 generation_tps=2.817
CHILD index=5 own_instance=1 exit=0 text=46404abc10d87546 role=child prefix_tokens=4081 suffix_tokens=16 model_ms=1195.1 context_ms=296.2 state_ms=205.35 prefix_ms=0.0 suffix_ms=568.7 first_token_ms=2561.1 generation_ms=22581.1 generated=64 generation_tps=2.834
CHILD index=6 own_instance=1 exit=0 text=46404abc10d87546 role=child prefix_tokens=4081 suffix_tokens=16 model_ms=1192.3 context_ms=302.1 state_ms=214.36 prefix_ms=0.0 suffix_ms=586.3 first_token_ms=2593.0 generation_ms=22542.6 generated=64 generation_tps=2.839
CHILD index=7 own_instance=1 exit=0 text=46404abc10d87546 role=child prefix_tokens=4081 suffix_tokens=16 model_ms=1200.4 context_ms=277.2 state_ms=131.74 prefix_ms=0.0 suffix_ms=448.5 first_token_ms=2343.0 generation_ms=22629.8 generated=64 generation_tps=2.828
MEMORY mem_available_drop_mib=7547
END_CASE failed=0 timed_out=0
CASE placement=same mode=device_tuned children=8 paragraphs=80 context=8192
PARENT exit=0 text=8e42d861853d43f0 prefix_tokens=4081 prefix_ms=4409.4 publish_ms=6.21 state_bytes=66005 model_ms=631.8 context_ms=21.2 suffix_ms=58.0 generation_ms=14482.7 generated=64 generation_tps=4.419 total_ms=30835.0
CHILD index=0 own_instance=1 exit=0 text=c762b6e82f144cca role=child prefix_tokens=4081 suffix_tokens=16 model_ms=1242.7 context_ms=123.2 state_ms=8.08 prefix_ms=0.0 suffix_ms=606.6 first_token_ms=2274.5 generation_ms=22863.8 generated=64 generation_tps=2.799
CHILD index=1 own_instance=1 exit=0 text=5f0f74be36dfb05d role=child prefix_tokens=4081 suffix_tokens=16 model_ms=1198.1 context_ms=149.1 state_ms=7.03 prefix_ms=0.0 suffix_ms=613.4 first_token_ms=2263.4 generation_ms=22834.8 generated=64 generation_tps=2.803
CHILD index=2 own_instance=1 exit=0 text=45d93d75d8c246b5 role=child prefix_tokens=4081 suffix_tokens=16 model_ms=1027.1 context_ms=36.2 state_ms=3.01 prefix_ms=0.0 suffix_ms=172.8 first_token_ms=1521.1 generation_ms=22733.2 generated=64 generation_tps=2.815
CHILD index=3 own_instance=1 exit=0 text=4a8f18b77dbe0332 role=child prefix_tokens=4081 suffix_tokens=16 model_ms=1126.4 context_ms=42.4 state_ms=3.47 prefix_ms=0.0 suffix_ms=265.7 first_token_ms=1743.0 generation_ms=22949.5 generated=64 generation_tps=2.789
CHILD index=4 own_instance=1 exit=0 text=46404abc10d87546 role=child prefix_tokens=4081 suffix_tokens=16 model_ms=1174.3 context_ms=141.3 state_ms=5.05 prefix_ms=0.0 suffix_ms=596.4 first_token_ms=2215.0 generation_ms=22895.3 generated=64 generation_tps=2.795
CHILD index=5 own_instance=1 exit=0 text=46404abc10d87546 role=child prefix_tokens=4081 suffix_tokens=16 model_ms=1192.3 context_ms=148.3 state_ms=8.40 prefix_ms=0.0 suffix_ms=619.8 first_token_ms=2253.1 generation_ms=22864.9 generated=64 generation_tps=2.799
CHILD index=6 own_instance=1 exit=0 text=46404abc10d87546 role=child prefix_tokens=4081 suffix_tokens=16 model_ms=1161.9 context_ms=155.0 state_ms=3.12 prefix_ms=0.0 suffix_ms=622.2 first_token_ms=2259.9 generation_ms=22870.2 generated=64 generation_tps=2.798
CHILD index=7 own_instance=1 exit=0 text=46404abc10d87546 role=child prefix_tokens=4081 suffix_tokens=16 model_ms=1172.3 context_ms=152.7 state_ms=5.51 prefix_ms=0.0 suffix_ms=607.9 first_token_ms=2245.6 generation_ms=22871.8 generated=64 generation_tps=2.798
MEMORY mem_available_drop_mib=7576
END_CASE failed=0 timed_out=0
CASE placement=same mode=device_merged children=8 paragraphs=80 context=8192
PARENT exit=0 text=8e42d861853d43f0 prefix_tokens=4081 prefix_ms=4413.3 publish_ms=26.02 state_bytes=66005 model_ms=642.7 context_ms=21.3 suffix_ms=58.7 generation_ms=13673.6 generated=64 generation_tps=4.681 total_ms=30847.0
CHILD index=0 own_instance=1 exit=0 text=c762b6e82f144cca role=child prefix_tokens=4081 suffix_tokens=16 model_ms=1178.1 context_ms=175.5 state_ms=5.47 prefix_ms=0.0 suffix_ms=613.5 first_token_ms=2266.1 generation_ms=22825.8 generated=64 generation_tps=2.804
CHILD index=1 own_instance=1 exit=0 text=5f0f74be36dfb05d role=child prefix_tokens=4081 suffix_tokens=16 model_ms=1175.0 context_ms=150.9 state_ms=2.95 prefix_ms=0.0 suffix_ms=584.4 first_token_ms=2210.0 generation_ms=22820.5 generated=64 generation_tps=2.804
CHILD index=2 own_instance=1 exit=0 text=45d93d75d8c246b5 role=child prefix_tokens=4081 suffix_tokens=16 model_ms=1111.7 context_ms=42.2 state_ms=3.62 prefix_ms=0.0 suffix_ms=218.1 first_token_ms=1620.7 generation_ms=22637.9 generated=64 generation_tps=2.827
CHILD index=3 own_instance=1 exit=0 text=4a8f18b77dbe0332 role=child prefix_tokens=4081 suffix_tokens=16 model_ms=1217.4 context_ms=180.8 state_ms=7.27 prefix_ms=0.0 suffix_ms=608.9 first_token_ms=2303.4 generation_ms=22817.8 generated=64 generation_tps=2.805
CHILD index=4 own_instance=1 exit=0 text=46404abc10d87546 role=child prefix_tokens=4081 suffix_tokens=16 model_ms=1167.3 context_ms=174.8 state_ms=4.22 prefix_ms=0.0 suffix_ms=633.0 first_token_ms=2284.7 generation_ms=22821.4 generated=64 generation_tps=2.804
CHILD index=5 own_instance=1 exit=0 text=46404abc10d87546 role=child prefix_tokens=4081 suffix_tokens=16 model_ms=1205.2 context_ms=185.1 state_ms=7.98 prefix_ms=0.0 suffix_ms=602.8 first_token_ms=2302.3 generation_ms=22800.2 generated=64 generation_tps=2.807
CHILD index=6 own_instance=1 exit=0 text=46404abc10d87546 role=child prefix_tokens=4081 suffix_tokens=16 model_ms=1190.5 context_ms=179.5 state_ms=7.40 prefix_ms=0.0 suffix_ms=640.8 first_token_ms=2298.9 generation_ms=22821.2 generated=64 generation_tps=2.804
CHILD index=7 own_instance=1 exit=0 text=46404abc10d87546 role=child prefix_tokens=4081 suffix_tokens=16 model_ms=1162.5 context_ms=161.2 state_ms=4.84 prefix_ms=0.0 suffix_ms=598.8 first_token_ms=2225.7 generation_ms=22775.1 generated=64 generation_tps=2.810
MEMORY mem_available_drop_mib=7561
END_CASE failed=0 timed_out=0
CASE placement=same mode=cow children=8 paragraphs=80 context=8192
PARENT exit=0 text=8e42d861853d43f0 prefix_tokens=4081 prefix_ms=4401.0 publish_ms=3.07 state_bytes=66005 model_ms=637.3 context_ms=22.2 suffix_ms=95.5 generation_ms=13526.1 generated=64 generation_tps=4.732 total_ms=31659.7
CHILD index=0 own_instance=1 exit=0 text=c762b6e82f144cca role=child prefix_tokens=4081 suffix_tokens=16 model_ms=1191.8 context_ms=35.9 state_ms=1.84 prefix_ms=0.0 suffix_ms=1462.0 first_token_ms=2975.3 generation_ms=22921.3 generated=64 generation_tps=2.792
CHILD index=1 own_instance=1 exit=0 text=5f0f74be36dfb05d role=child prefix_tokens=4081 suffix_tokens=16 model_ms=1173.0 context_ms=40.9 state_ms=1.96 prefix_ms=0.0 suffix_ms=1438.4 first_token_ms=2943.4 generation_ms=22936.8 generated=64 generation_tps=2.790
CHILD index=2 own_instance=1 exit=0 text=45d93d75d8c246b5 role=child prefix_tokens=4081 suffix_tokens=16 model_ms=1185.6 context_ms=39.5 state_ms=1.86 prefix_ms=0.0 suffix_ms=1471.4 first_token_ms=2979.3 generation_ms=22938.8 generated=64 generation_tps=2.790
CHILD index=3 own_instance=1 exit=0 text=4a8f18b77dbe0332 role=child prefix_tokens=4081 suffix_tokens=16 model_ms=1168.1 context_ms=37.2 state_ms=1.94 prefix_ms=0.0 suffix_ms=1463.8 first_token_ms=2968.6 generation_ms=22942.2 generated=64 generation_tps=2.790
CHILD index=4 own_instance=1 exit=0 text=46404abc10d87546 role=child prefix_tokens=4081 suffix_tokens=16 model_ms=1166.7 context_ms=30.3 state_ms=2.19 prefix_ms=0.0 suffix_ms=1460.2 first_token_ms=2950.4 generation_ms=22947.6 generated=64 generation_tps=2.789
CHILD index=5 own_instance=1 exit=0 text=46404abc10d87546 role=child prefix_tokens=4081 suffix_tokens=16 model_ms=1168.2 context_ms=22.3 state_ms=2.01 prefix_ms=0.0 suffix_ms=1191.3 first_token_ms=2641.0 generation_ms=22999.2 generated=64 generation_tps=2.783
CHILD index=6 own_instance=1 exit=0 text=46404abc10d87546 role=child prefix_tokens=4081 suffix_tokens=16 model_ms=1180.4 context_ms=41.9 state_ms=2.20 prefix_ms=0.0 suffix_ms=1469.4 first_token_ms=2974.5 generation_ms=22939.7 generated=64 generation_tps=2.790
CHILD index=7 own_instance=1 exit=0 text=46404abc10d87546 role=child prefix_tokens=4081 suffix_tokens=16 model_ms=1225.3 context_ms=23.4 state_ms=1.81 prefix_ms=0.0 suffix_ms=1542.2 first_token_ms=3081.6 generation_ms=22853.4 generated=64 generation_tps=2.800
MEMORY mem_available_drop_mib=6699
END_CASE failed=0 timed_out=0
CASE placement=same mode=extent children=8 paragraphs=80 context=8192
PARENT exit=0 text=8e42d861853d43f0 prefix_tokens=4081 prefix_ms=4399.9 publish_ms=3.05 state_bytes=66005 model_ms=634.8 context_ms=22.4 suffix_ms=102.1 generation_ms=13379.1 generated=64 generation_tps=4.784 total_ms=30725.5
CHILD index=0 own_instance=1 exit=0 text=c762b6e82f144cca role=child prefix_tokens=4081 suffix_tokens=16 model_ms=1225.9 context_ms=24.6 state_ms=1.76 prefix_ms=0.0 suffix_ms=580.3 first_token_ms=2118.5 generation_ms=22944.8 generated=64 generation_tps=2.789
CHILD index=1 own_instance=1 exit=0 text=5f0f74be36dfb05d role=child prefix_tokens=4081 suffix_tokens=16 model_ms=1192.2 context_ms=30.5 state_ms=1.69 prefix_ms=0.0 suffix_ms=564.8 first_token_ms=2088.2 generation_ms=22967.5 generated=64 generation_tps=2.787
CHILD index=2 own_instance=1 exit=0 text=45d93d75d8c246b5 role=child prefix_tokens=4081 suffix_tokens=16 model_ms=1091.9 context_ms=22.7 state_ms=1.87 prefix_ms=0.0 suffix_ms=171.4 first_token_ms=1564.3 generation_ms=22990.6 generated=64 generation_tps=2.784
CHILD index=3 own_instance=1 exit=0 text=4a8f18b77dbe0332 role=child prefix_tokens=4081 suffix_tokens=16 model_ms=1195.5 context_ms=32.4 state_ms=1.86 prefix_ms=0.0 suffix_ms=564.8 first_token_ms=2085.0 generation_ms=22967.5 generated=64 generation_tps=2.787
CHILD index=4 own_instance=1 exit=0 text=46404abc10d87546 role=child prefix_tokens=4081 suffix_tokens=16 model_ms=1174.5 context_ms=26.3 state_ms=1.78 prefix_ms=0.0 suffix_ms=522.0 first_token_ms=2018.7 generation_ms=22949.4 generated=64 generation_tps=2.789
CHILD index=5 own_instance=1 exit=0 text=46404abc10d87546 role=child prefix_tokens=4081 suffix_tokens=16 model_ms=1208.9 context_ms=25.1 state_ms=2.01 prefix_ms=0.0 suffix_ms=549.3 first_token_ms=2066.0 generation_ms=22968.1 generated=64 generation_tps=2.786
CHILD index=6 own_instance=1 exit=0 text=46404abc10d87546 role=child prefix_tokens=4081 suffix_tokens=16 model_ms=1216.9 context_ms=31.5 state_ms=1.92 prefix_ms=0.0 suffix_ms=538.3 first_token_ms=2063.2 generation_ms=22934.3 generated=64 generation_tps=2.791
CHILD index=7 own_instance=1 exit=0 text=46404abc10d87546 role=child prefix_tokens=4081 suffix_tokens=16 model_ms=1253.0 context_ms=24.4 state_ms=2.19 prefix_ms=0.0 suffix_ms=602.8 first_token_ms=2163.9 generation_ms=22910.5 generated=64 generation_tps=2.793
MEMORY mem_available_drop_mib=5807
END_CASE failed=0 timed_out=0
END_KVMECH
BEGIN_KVMECH run=2
CASE placement=same mode=extent children=8 paragraphs=320 context=32768
PARENT exit=0 text=c646470e58f73411 prefix_tokens=16321 prefix_ms=19879.2 publish_ms=8.52 state_bytes=261845 model_ms=630.5 context_ms=35.8 suffix_ms=109.4 generation_ms=15209.8 generated=64 generation_tps=4.208 total_ms=47410.7
CHILD index=0 own_instance=1 exit=0 text=d42c4c07975a6446 role=child prefix_tokens=16321 suffix_tokens=16 model_ms=1221.1 context_ms=41.6 state_ms=7.55 prefix_ms=0.0 suffix_ms=612.4 first_token_ms=2173.9 generation_ms=24020.1 generated=64 generation_tps=2.664
CHILD index=1 own_instance=1 exit=0 text=3fd8649867d4bb41 role=child prefix_tokens=16321 suffix_tokens=16 model_ms=1177.0 context_ms=41.6 state_ms=11.16 prefix_ms=0.0 suffix_ms=518.6 first_token_ms=2033.7 generation_ms=24023.5 generated=64 generation_tps=2.664
CHILD index=2 own_instance=1 exit=0 text=3fd8649867d4bb41 role=child prefix_tokens=16321 suffix_tokens=16 model_ms=1187.1 context_ms=40.9 state_ms=11.02 prefix_ms=0.0 suffix_ms=520.4 first_token_ms=2035.7 generation_ms=24064.5 generated=64 generation_tps=2.660
CHILD index=3 own_instance=1 exit=0 text=3fd8649867d4bb41 role=child prefix_tokens=16321 suffix_tokens=16 model_ms=930.7 context_ms=35.5 state_ms=7.38 prefix_ms=0.0 suffix_ms=161.0 first_token_ms=1383.3 generation_ms=23616.5 generated=64 generation_tps=2.710
CHILD index=4 own_instance=1 exit=0 text=3e0fd62f5aa50665 role=child prefix_tokens=16321 suffix_tokens=16 model_ms=1243.3 context_ms=40.3 state_ms=7.65 prefix_ms=0.0 suffix_ms=661.7 first_token_ms=2249.9 generation_ms=24006.4 generated=64 generation_tps=2.666
CHILD index=5 own_instance=1 exit=0 text=3e0fd62f5aa50665 role=child prefix_tokens=16321 suffix_tokens=16 model_ms=1228.9 context_ms=46.2 state_ms=7.40 prefix_ms=0.0 suffix_ms=661.7 first_token_ms=2228.4 generation_ms=24018.2 generated=64 generation_tps=2.665
CHILD index=6 own_instance=1 exit=0 text=4a8f18b77dbe0332 role=child prefix_tokens=16321 suffix_tokens=16 model_ms=1212.0 context_ms=48.5 state_ms=7.45 prefix_ms=0.0 suffix_ms=631.7 first_token_ms=2193.5 generation_ms=24043.3 generated=64 generation_tps=2.662
CHILD index=7 own_instance=1 exit=0 text=4a8f18b77dbe0332 role=child prefix_tokens=16321 suffix_tokens=16 model_ms=1212.3 context_ms=48.8 state_ms=7.40 prefix_ms=0.0 suffix_ms=628.8 first_token_ms=2197.9 generation_ms=24028.4 generated=64 generation_tps=2.664
MEMORY mem_available_drop_mib=6024
END_CASE failed=0 timed_out=0
CASE placement=same mode=cow children=8 paragraphs=320 context=32768
PARENT exit=0 text=c646470e58f73411 prefix_tokens=16321 prefix_ms=19855.1 publish_ms=9.03 state_bytes=261845 model_ms=633.4 context_ms=35.7 suffix_ms=108.0 generation_ms=13968.4 generated=64 generation_tps=4.582 total_ms=48263.3
CHILD index=0 own_instance=1 exit=0 text=d42c4c07975a6446 role=child prefix_tokens=16321 suffix_tokens=16 model_ms=1178.9 context_ms=34.5 state_ms=7.37 prefix_ms=0.0 suffix_ms=828.0 first_token_ms=2321.9 generation_ms=24395.9 generated=64 generation_tps=2.623
CHILD index=1 own_instance=1 exit=0 text=3fd8649867d4bb41 role=child prefix_tokens=16321 suffix_tokens=16 model_ms=1241.6 context_ms=49.8 state_ms=7.38 prefix_ms=0.0 suffix_ms=1259.1 first_token_ms=2841.4 generation_ms=24203.7 generated=64 generation_tps=2.644
CHILD index=2 own_instance=1 exit=0 text=3fd8649867d4bb41 role=child prefix_tokens=16321 suffix_tokens=16 model_ms=1217.1 context_ms=50.8 state_ms=7.58 prefix_ms=0.0 suffix_ms=1234.3 first_token_ms=2791.6 generation_ms=24157.8 generated=64 generation_tps=2.649
CHILD index=3 own_instance=1 exit=0 text=3fd8649867d4bb41 role=child prefix_tokens=16321 suffix_tokens=16 model_ms=1230.9 context_ms=56.1 state_ms=7.53 prefix_ms=0.0 suffix_ms=1276.3 first_token_ms=2863.5 generation_ms=24181.9 generated=64 generation_tps=2.647
CHILD index=4 own_instance=1 exit=0 text=3e0fd62f5aa50665 role=child prefix_tokens=16321 suffix_tokens=16 model_ms=1220.5 context_ms=43.9 state_ms=7.46 prefix_ms=0.0 suffix_ms=1251.0 first_token_ms=2826.0 generation_ms=24214.1 generated=64 generation_tps=2.643
CHILD index=5 own_instance=1 exit=0 text=3e0fd62f5aa50665 role=child prefix_tokens=16321 suffix_tokens=16 model_ms=1225.4 context_ms=58.6 state_ms=7.23 prefix_ms=0.0 suffix_ms=1275.2 first_token_ms=2862.6 generation_ms=24174.4 generated=64 generation_tps=2.647
CHILD index=6 own_instance=1 exit=0 text=4a8f18b77dbe0332 role=child prefix_tokens=16321 suffix_tokens=16 model_ms=1223.4 context_ms=56.5 state_ms=7.21 prefix_ms=0.0 suffix_ms=1282.1 first_token_ms=2869.0 generation_ms=24181.3 generated=64 generation_tps=2.647
CHILD index=7 own_instance=1 exit=0 text=4a8f18b77dbe0332 role=child prefix_tokens=16321 suffix_tokens=16 model_ms=1268.9 context_ms=38.9 state_ms=7.36 prefix_ms=0.0 suffix_ms=1319.1 first_token_ms=2914.6 generation_ms=24139.2 generated=64 generation_tps=2.651
MEMORY mem_available_drop_mib=6998
END_CASE failed=0 timed_out=0
CASE placement=same mode=device_merged children=8 paragraphs=320 context=32768
PARENT exit=0 text=c646470e58f73411 prefix_tokens=16321 prefix_ms=19812.8 publish_ms=111.83 state_bytes=261845 model_ms=632.0 context_ms=34.8 suffix_ms=63.9 generation_ms=12921.3 generated=64 generation_tps=4.953 total_ms=47678.2
CHILD index=0 own_instance=1 exit=0 text=d42c4c07975a6446 role=child prefix_tokens=16321 suffix_tokens=16 model_ms=1234.8 context_ms=207.8 state_ms=13.40 prefix_ms=0.0 suffix_ms=640.4 first_token_ms=2386.3 generation_ms=23977.1 generated=64 generation_tps=2.669
CHILD index=1 own_instance=1 exit=0 text=3fd8649867d4bb41 role=child prefix_tokens=16321 suffix_tokens=16 model_ms=1278.8 context_ms=162.1 state_ms=10.19 prefix_ms=0.0 suffix_ms=654.5 first_token_ms=2405.8 generation_ms=24004.9 generated=64 generation_tps=2.666
CHILD index=2 own_instance=1 exit=0 text=3fd8649867d4bb41 role=child prefix_tokens=16321 suffix_tokens=16 model_ms=1232.8 context_ms=202.6 state_ms=14.90 prefix_ms=0.0 suffix_ms=643.7 first_token_ms=2383.6 generation_ms=23989.8 generated=64 generation_tps=2.668
CHILD index=3 own_instance=1 exit=0 text=3fd8649867d4bb41 role=child prefix_tokens=16321 suffix_tokens=16 model_ms=1217.1 context_ms=168.9 state_ms=9.64 prefix_ms=0.0 suffix_ms=444.0 first_token_ms=2144.2 generation_ms=24058.0 generated=64 generation_tps=2.660
CHILD index=4 own_instance=1 exit=0 text=3e0fd62f5aa50665 role=child prefix_tokens=16321 suffix_tokens=16 model_ms=1239.6 context_ms=216.7 state_ms=16.06 prefix_ms=0.0 suffix_ms=665.9 first_token_ms=2444.8 generation_ms=23975.8 generated=64 generation_tps=2.669
CHILD index=5 own_instance=1 exit=0 text=3e0fd62f5aa50665 role=child prefix_tokens=16321 suffix_tokens=16 model_ms=1164.7 context_ms=51.7 state_ms=8.93 prefix_ms=0.0 suffix_ms=208.0 first_token_ms=1702.3 generation_ms=23855.0 generated=64 generation_tps=2.683
CHILD index=6 own_instance=1 exit=0 text=4a8f18b77dbe0332 role=child prefix_tokens=16321 suffix_tokens=16 model_ms=1222.9 context_ms=207.2 state_ms=16.18 prefix_ms=0.0 suffix_ms=654.2 first_token_ms=2399.9 generation_ms=24013.0 generated=64 generation_tps=2.665
CHILD index=7 own_instance=1 exit=0 text=4a8f18b77dbe0332 role=child prefix_tokens=16321 suffix_tokens=16 model_ms=1253.5 context_ms=216.2 state_ms=16.64 prefix_ms=0.0 suffix_ms=666.5 first_token_ms=2449.5 generation_ms=23979.0 generated=64 generation_tps=2.669
MEMORY mem_available_drop_mib=7735
END_CASE failed=0 timed_out=0
CASE placement=same mode=device_tuned children=8 paragraphs=320 context=32768
PARENT exit=0 text=c646470e58f73411 prefix_tokens=16321 prefix_ms=19819.4 publish_ms=38.25 state_bytes=261845 model_ms=644.0 context_ms=34.6 suffix_ms=63.9 generation_ms=9337.7 generated=64 generation_tps=6.854 total_ms=47729.6
CHILD index=0 own_instance=1 exit=0 text=d42c4c07975a6446 role=child prefix_tokens=16321 suffix_tokens=16 model_ms=1213.1 context_ms=506.4 state_ms=14.55 prefix_ms=0.0 suffix_ms=237.9 first_token_ms=2267.8 generation_ms=23615.6 generated=64 generation_tps=2.710
CHILD index=1 own_instance=1 exit=0 text=3fd8649867d4bb41 role=child prefix_tokens=16321 suffix_tokens=16 model_ms=1260.8 context_ms=648.4 state_ms=13.82 prefix_ms=0.0 suffix_ms=649.4 first_token_ms=2873.6 generation_ms=23580.9 generated=64 generation_tps=2.714
CHILD index=2 own_instance=1 exit=0 text=3fd8649867d4bb41 role=child prefix_tokens=16321 suffix_tokens=16 model_ms=1238.5 context_ms=664.5 state_ms=15.87 prefix_ms=0.0 suffix_ms=636.3 first_token_ms=2847.3 generation_ms=23604.0 generated=64 generation_tps=2.711
CHILD index=3 own_instance=1 exit=0 text=3fd8649867d4bb41 role=child prefix_tokens=16321 suffix_tokens=16 model_ms=1234.2 context_ms=679.7 state_ms=12.75 prefix_ms=0.0 suffix_ms=648.9 first_token_ms=2873.3 generation_ms=23536.5 generated=64 generation_tps=2.719
CHILD index=4 own_instance=1 exit=0 text=3e0fd62f5aa50665 role=child prefix_tokens=16321 suffix_tokens=16 model_ms=1259.1 context_ms=656.4 state_ms=13.43 prefix_ms=0.0 suffix_ms=642.9 first_token_ms=2843.5 generation_ms=23571.0 generated=64 generation_tps=2.715
CHILD index=5 own_instance=1 exit=0 text=3e0fd62f5aa50665 role=child prefix_tokens=16321 suffix_tokens=16 model_ms=1279.9 context_ms=659.9 state_ms=11.48 prefix_ms=0.0 suffix_ms=650.7 first_token_ms=2886.2 generation_ms=23564.4 generated=64 generation_tps=2.716
CHILD index=6 own_instance=1 exit=0 text=4a8f18b77dbe0332 role=child prefix_tokens=16321 suffix_tokens=16 model_ms=1219.5 context_ms=564.0 state_ms=13.47 prefix_ms=0.0 suffix_ms=345.9 first_token_ms=2427.0 generation_ms=23662.7 generated=64 generation_tps=2.705
CHILD index=7 own_instance=1 exit=0 text=4a8f18b77dbe0332 role=child prefix_tokens=16321 suffix_tokens=16 model_ms=1222.3 context_ms=643.8 state_ms=12.61 prefix_ms=0.0 suffix_ms=642.5 first_token_ms=2824.1 generation_ms=23562.9 generated=64 generation_tps=2.716
MEMORY mem_available_drop_mib=7818
END_CASE failed=0 timed_out=0
CASE placement=same mode=device children=8 paragraphs=320 context=32768
PARENT exit=0 text=c646470e58f73411 prefix_tokens=16321 prefix_ms=19819.9 publish_ms=40.00 state_bytes=261845 model_ms=633.1 context_ms=34.5 suffix_ms=64.1 generation_ms=7933.0 generated=64 generation_tps=8.068 total_ms=47701.2
CHILD index=0 own_instance=1 exit=0 text=d42c4c07975a6446 role=child prefix_tokens=16321 suffix_tokens=16 model_ms=1248.5 context_ms=708.1 state_ms=142.08 prefix_ms=0.0 suffix_ms=539.4 first_token_ms=2935.5 generation_ms=23426.9 generated=64 generation_tps=2.732
CHILD index=1 own_instance=1 exit=0 text=3fd8649867d4bb41 role=child prefix_tokens=16321 suffix_tokens=16 model_ms=1246.7 context_ms=658.1 state_ms=110.77 prefix_ms=0.0 suffix_ms=327.1 first_token_ms=2644.8 generation_ms=23558.1 generated=64 generation_tps=2.717
CHILD index=2 own_instance=1 exit=0 text=3fd8649867d4bb41 role=child prefix_tokens=16321 suffix_tokens=16 model_ms=1246.1 context_ms=720.8 state_ms=147.08 prefix_ms=0.0 suffix_ms=636.5 first_token_ms=3055.5 generation_ms=23408.9 generated=64 generation_tps=2.734
CHILD index=3 own_instance=1 exit=0 text=3fd8649867d4bb41 role=child prefix_tokens=16321 suffix_tokens=16 model_ms=1299.3 context_ms=698.8 state_ms=172.41 prefix_ms=0.0 suffix_ms=651.6 first_token_ms=3117.3 generation_ms=23398.6 generated=64 generation_tps=2.735
CHILD index=4 own_instance=1 exit=0 text=3e0fd62f5aa50665 role=child prefix_tokens=16321 suffix_tokens=16 model_ms=1282.0 context_ms=695.5 state_ms=170.81 prefix_ms=0.0 suffix_ms=641.4 first_token_ms=3102.7 generation_ms=23416.3 generated=64 generation_tps=2.733
CHILD index=5 own_instance=1 exit=0 text=3e0fd62f5aa50665 role=child prefix_tokens=16321 suffix_tokens=16 model_ms=1266.1 context_ms=675.9 state_ms=115.09 prefix_ms=0.0 suffix_ms=364.7 first_token_ms=2702.9 generation_ms=23555.6 generated=64 generation_tps=2.717
CHILD index=6 own_instance=1 exit=0 text=4a8f18b77dbe0332 role=child prefix_tokens=16321 suffix_tokens=16 model_ms=1282.2 context_ms=714.7 state_ms=166.16 prefix_ms=0.0 suffix_ms=647.0 first_token_ms=3101.6 generation_ms=23411.5 generated=64 generation_tps=2.734
CHILD index=7 own_instance=1 exit=0 text=4a8f18b77dbe0332 role=child prefix_tokens=16321 suffix_tokens=16 model_ms=1242.4 context_ms=719.3 state_ms=146.11 prefix_ms=0.0 suffix_ms=625.8 first_token_ms=3041.4 generation_ms=23394.1 generated=64 generation_tps=2.736
MEMORY mem_available_drop_mib=7783
END_CASE failed=0 timed_out=0
CASE placement=same mode=demand children=8 paragraphs=320 context=32768
PARENT exit=0 text=c646470e58f73411 prefix_tokens=16321 prefix_ms=19819.7 publish_ms=561.93 state_bytes=936173269 model_ms=633.7 context_ms=34.0 suffix_ms=63.7 generation_ms=10137.9 generated=64 generation_tps=6.313 total_ms=48470.3
CHILD index=0 own_instance=1 exit=0 text=d42c4c07975a6446 role=child prefix_tokens=16321 suffix_tokens=16 model_ms=1309.6 context_ms=36.8 state_ms=741.48 prefix_ms=0.0 suffix_ms=659.9 first_token_ms=3037.3 generation_ms=23614.2 generated=64 generation_tps=2.710
CHILD index=1 own_instance=1 exit=0 text=3fd8649867d4bb41 role=child prefix_tokens=16321 suffix_tokens=16 model_ms=1245.9 context_ms=53.2 state_ms=767.44 prefix_ms=0.0 suffix_ms=633.6 first_token_ms=3011.7 generation_ms=23620.8 generated=64 generation_tps=2.709
CHILD index=2 own_instance=1 exit=0 text=3fd8649867d4bb41 role=child prefix_tokens=16321 suffix_tokens=16 model_ms=1268.8 context_ms=40.4 state_ms=782.81 prefix_ms=0.0 suffix_ms=652.2 first_token_ms=3031.4 generation_ms=23621.6 generated=64 generation_tps=2.709
CHILD index=3 own_instance=1 exit=0 text=3fd8649867d4bb41 role=child prefix_tokens=16321 suffix_tokens=16 model_ms=1262.9 context_ms=47.0 state_ms=773.62 prefix_ms=0.0 suffix_ms=652.1 first_token_ms=3031.0 generation_ms=23562.2 generated=64 generation_tps=2.716
CHILD index=4 own_instance=1 exit=0 text=3e0fd62f5aa50665 role=child prefix_tokens=16321 suffix_tokens=16 model_ms=1220.0 context_ms=34.8 state_ms=402.37 prefix_ms=0.0 suffix_ms=270.4 first_token_ms=2223.7 generation_ms=23223.5 generated=64 generation_tps=2.756
CHILD index=5 own_instance=1 exit=0 text=3e0fd62f5aa50665 role=child prefix_tokens=16321 suffix_tokens=16 model_ms=1249.9 context_ms=46.5 state_ms=774.70 prefix_ms=0.0 suffix_ms=617.8 first_token_ms=2996.1 generation_ms=23592.7 generated=64 generation_tps=2.713
CHILD index=6 own_instance=1 exit=0 text=4a8f18b77dbe0332 role=child prefix_tokens=16321 suffix_tokens=16 model_ms=1259.4 context_ms=55.2 state_ms=762.52 prefix_ms=0.0 suffix_ms=610.8 first_token_ms=2990.8 generation_ms=23597.1 generated=64 generation_tps=2.712
CHILD index=7 own_instance=1 exit=0 text=4a8f18b77dbe0332 role=child prefix_tokens=16321 suffix_tokens=16 model_ms=1255.0 context_ms=52.5 state_ms=767.80 prefix_ms=0.0 suffix_ms=647.7 first_token_ms=3023.9 generation_ms=23619.9 generated=64 generation_tps=2.710
MEMORY mem_available_drop_mib=14181
END_CASE failed=0 timed_out=0
CASE placement=same mode=copy children=8 paragraphs=320 context=32768
PARENT exit=0 text=c646470e58f73411 prefix_tokens=16321 prefix_ms=19809.1 publish_ms=557.46 state_bytes=936173269 model_ms=663.5 context_ms=62.6 suffix_ms=63.8 generation_ms=11370.5 generated=64 generation_tps=5.629 total_ms=48567.9
CHILD index=0 own_instance=1 exit=0 text=d42c4c07975a6446 role=child prefix_tokens=16321 suffix_tokens=16 model_ms=1249.0 context_ms=189.3 state_ms=470.22 prefix_ms=0.0 suffix_ms=654.7 first_token_ms=2857.0 generation_ms=23835.8 generated=64 generation_tps=2.685
CHILD index=1 own_instance=1 exit=0 text=3fd8649867d4bb41 role=child prefix_tokens=16321 suffix_tokens=16 model_ms=1160.2 context_ms=180.2 state_ms=561.22 prefix_ms=0.0 suffix_ms=642.1 first_token_ms=2845.2 generation_ms=23786.3 generated=64 generation_tps=2.691
CHILD index=2 own_instance=1 exit=0 text=3fd8649867d4bb41 role=child prefix_tokens=16321 suffix_tokens=16 model_ms=1244.2 context_ms=150.1 state_ms=510.20 prefix_ms=0.0 suffix_ms=619.7 first_token_ms=2824.2 generation_ms=23846.9 generated=64 generation_tps=2.684
CHILD index=3 own_instance=1 exit=0 text=3fd8649867d4bb41 role=child prefix_tokens=16321 suffix_tokens=16 model_ms=1173.9 context_ms=160.8 state_ms=359.73 prefix_ms=0.0 suffix_ms=248.6 first_token_ms=2186.2 generation_ms=23641.4 generated=64 generation_tps=2.707
CHILD index=4 own_instance=1 exit=0 text=3e0fd62f5aa50665 role=child prefix_tokens=16321 suffix_tokens=16 model_ms=1187.6 context_ms=203.3 state_ms=507.26 prefix_ms=0.0 suffix_ms=662.9 first_token_ms=2865.2 generation_ms=23812.8 generated=64 generation_tps=2.688
CHILD index=5 own_instance=1 exit=0 text=3e0fd62f5aa50665 role=child prefix_tokens=16321 suffix_tokens=16 model_ms=1203.1 context_ms=192.9 state_ms=515.50 prefix_ms=0.0 suffix_ms=642.6 first_token_ms=2843.0 generation_ms=23836.0 generated=64 generation_tps=2.685
CHILD index=6 own_instance=1 exit=0 text=4a8f18b77dbe0332 role=child prefix_tokens=16321 suffix_tokens=16 model_ms=1213.6 context_ms=179.1 state_ms=531.07 prefix_ms=0.0 suffix_ms=654.9 first_token_ms=2859.5 generation_ms=23830.5 generated=64 generation_tps=2.686
CHILD index=7 own_instance=1 exit=0 text=4a8f18b77dbe0332 role=child prefix_tokens=16321 suffix_tokens=16 model_ms=1207.0 context_ms=200.3 state_ms=507.77 prefix_ms=0.0 suffix_ms=642.0 first_token_ms=2845.5 generation_ms=23814.7 generated=64 generation_tps=2.687
MEMORY mem_available_drop_mib=20292
END_CASE failed=0 timed_out=0
CASE placement=cross mode=extent children=8 paragraphs=320 context=32768
PARENT exit=0 text=c646470e58f73411 prefix_tokens=16321 prefix_ms=19871.8 publish_ms=6.90 state_bytes=261845 model_ms=637.8 context_ms=35.0 suffix_ms=110.1 generation_ms=8849.5 generated=64 generation_tps=7.232 total_ms=42378.8
CHILD index=0 own_instance=1 exit=0 text=d42c4c07975a6446 role=child prefix_tokens=16321 suffix_tokens=16 model_ms=1246.0 context_ms=43.0 state_ms=7.56 prefix_ms=0.0 suffix_ms=400.6 first_token_ms=1986.9 generation_ms=13940.2 generated=64 generation_tps=4.591
CHILD index=1 own_instance=0 exit=0 text=3fd8649867d4bb41 role=child prefix_tokens=16321 suffix_tokens=16 model_ms=1174.9 context_ms=46.3 state_ms=7.42 prefix_ms=0.0 suffix_ms=443.2 first_token_ms=1967.0 generation_ms=19266.5 generated=64 generation_tps=3.322
CHILD index=2 own_instance=1 exit=0 text=3fd8649867d4bb41 role=child prefix_tokens=16321 suffix_tokens=16 model_ms=1198.6 context_ms=38.5 state_ms=7.48 prefix_ms=0.0 suffix_ms=303.6 first_token_ms=1852.0 generation_ms=13953.0 generated=64 generation_tps=4.587
CHILD index=3 own_instance=0 exit=0 text=3fd8649867d4bb41 role=child prefix_tokens=16321 suffix_tokens=16 model_ms=1136.5 context_ms=35.3 state_ms=7.35 prefix_ms=0.0 suffix_ms=200.5 first_token_ms=1651.2 generation_ms=19371.7 generated=64 generation_tps=3.304
CHILD index=4 own_instance=1 exit=0 text=3e0fd62f5aa50665 role=child prefix_tokens=16321 suffix_tokens=16 model_ms=1236.8 context_ms=44.7 state_ms=7.50 prefix_ms=0.0 suffix_ms=392.4 first_token_ms=1982.2 generation_ms=13943.3 generated=64 generation_tps=4.590
CHILD index=5 own_instance=0 exit=0 text=3fd8649867d4bb41 role=child prefix_tokens=16321 suffix_tokens=16 model_ms=1160.1 context_ms=48.9 state_ms=7.42 prefix_ms=0.0 suffix_ms=450.0 first_token_ms=1973.0 generation_ms=19293.2 generated=64 generation_tps=3.317
CHILD index=6 own_instance=1 exit=0 text=4a8f18b77dbe0332 role=child prefix_tokens=16321 suffix_tokens=16 model_ms=1195.7 context_ms=47.8 state_ms=7.38 prefix_ms=0.0 suffix_ms=374.6 first_token_ms=1930.7 generation_ms=13958.0 generated=64 generation_tps=4.585
CHILD index=7 own_instance=0 exit=0 text=4a8f18b77dbe0332 role=child prefix_tokens=16321 suffix_tokens=16 model_ms=1154.8 context_ms=37.1 state_ms=7.67 prefix_ms=0.0 suffix_ms=431.4 first_token_ms=1942.6 generation_ms=19324.5 generated=64 generation_tps=3.312
MEMORY mem_available_drop_mib=5939
END_CASE failed=0 timed_out=0
CASE placement=cross mode=cow children=8 paragraphs=320 context=32768
PARENT exit=0 text=c646470e58f73411 prefix_tokens=16321 prefix_ms=19872.5 publish_ms=7.50 state_bytes=261845 model_ms=632.0 context_ms=36.1 suffix_ms=106.4 generation_ms=8999.4 generated=64 generation_tps=7.112 total_ms=42823.5
CHILD index=0 own_instance=1 exit=0 text=d42c4c07975a6446 role=child prefix_tokens=16321 suffix_tokens=16 model_ms=1219.4 context_ms=56.7 state_ms=7.58 prefix_ms=0.0 suffix_ms=755.4 first_token_ms=2312.5 generation_ms=14079.4 generated=64 generation_tps=4.546
CHILD index=1 own_instance=0 exit=0 text=3fd8649867d4bb41 role=child prefix_tokens=16321 suffix_tokens=16 model_ms=1154.8 context_ms=37.6 state_ms=7.46 prefix_ms=0.0 suffix_ms=565.4 first_token_ms=2063.2 generation_ms=19483.5 generated=64 generation_tps=3.285
CHILD index=2 own_instance=1 exit=0 text=3fd8649867d4bb41 role=child prefix_tokens=16321 suffix_tokens=16 model_ms=1257.6 context_ms=38.7 state_ms=7.53 prefix_ms=0.0 suffix_ms=802.8 first_token_ms=2402.0 generation_ms=14013.6 generated=64 generation_tps=4.567
CHILD index=3 own_instance=0 exit=0 text=3fd8649867d4bb41 role=child prefix_tokens=16321 suffix_tokens=16 model_ms=1223.1 context_ms=42.6 state_ms=7.48 prefix_ms=0.0 suffix_ms=804.9 first_token_ms=2379.7 generation_ms=19383.3 generated=64 generation_tps=3.302
CHILD index=4 own_instance=1 exit=0 text=3e0fd62f5aa50665 role=child prefix_tokens=16321 suffix_tokens=16 model_ms=1193.0 context_ms=48.8 state_ms=7.68 prefix_ms=0.0 suffix_ms=769.1 first_token_ms=2304.1 generation_ms=14080.4 generated=64 generation_tps=4.545
CHILD index=5 own_instance=0 exit=0 text=3fd8649867d4bb41 role=child prefix_tokens=16321 suffix_tokens=16 model_ms=1200.7 context_ms=61.7 state_ms=8.02 prefix_ms=0.0 suffix_ms=781.7 first_token_ms=2338.1 generation_ms=19393.8 generated=64 generation_tps=3.300
CHILD index=6 own_instance=1 exit=0 text=4a8f18b77dbe0332 role=child prefix_tokens=16321 suffix_tokens=16 model_ms=1185.9 context_ms=45.3 state_ms=7.50 prefix_ms=0.0 suffix_ms=755.5 first_token_ms=2293.6 generation_ms=14090.1 generated=64 generation_tps=4.542
CHILD index=7 own_instance=0 exit=0 text=4a8f18b77dbe0332 role=child prefix_tokens=16321 suffix_tokens=16 model_ms=1193.3 context_ms=45.7 state_ms=7.56 prefix_ms=0.0 suffix_ms=802.3 first_token_ms=2339.0 generation_ms=19409.3 generated=64 generation_tps=3.297
MEMORY mem_available_drop_mib=6797
END_CASE failed=0 timed_out=0
CASE placement=cross mode=device_merged children=8 paragraphs=320 context=32768
PARENT exit=0 text=c646470e58f73411 prefix_tokens=16321 prefix_ms=19814.1 publish_ms=110.22 state_bytes=261845 model_ms=628.3 context_ms=34.3 suffix_ms=65.4 generation_ms=7351.0 generated=64 generation_tps=8.706 total_ms=35797.3
CHILD index=0 own_instance=1 exit=0 text=d42c4c07975a6446 role=child prefix_tokens=16321 suffix_tokens=16 model_ms=1222.9 context_ms=258.7 state_ms=16.47 prefix_ms=0.0 suffix_ms=391.7 first_token_ms=2193.2 generation_ms=12475.8 generated=64 generation_tps=5.130
STDERR llama_init_from_model: failed to initialize the context: kv cache: cannot map a published allocation
STDERR kv_fork: cannot create the context
CHILD index=1 own_instance=0 exit=1 text=e3b0c44298fc1c14 
CHILD index=2 own_instance=1 exit=0 text=3fd8649867d4bb41 role=child prefix_tokens=16321 suffix_tokens=16 model_ms=1227.5 context_ms=218.2 state_ms=16.91 prefix_ms=0.0 suffix_ms=400.5 first_token_ms=2160.1 generation_ms=12474.9 generated=64 generation_tps=5.130
STDERR llama_init_from_model: failed to initialize the context: kv cache: cannot map a published allocation
STDERR kv_fork: cannot create the context
CHILD index=3 own_instance=0 exit=1 text=e3b0c44298fc1c14 
CHILD index=4 own_instance=1 exit=0 text=3e0fd62f5aa50665 role=child prefix_tokens=16321 suffix_tokens=16 model_ms=1202.5 context_ms=206.1 state_ms=11.65 prefix_ms=0.0 suffix_ms=324.9 first_token_ms=2050.7 generation_ms=12490.2 generated=64 generation_tps=5.124
STDERR llama_init_from_model: failed to initialize the context: kv cache: cannot map a published allocation
STDERR kv_fork: cannot create the context
CHILD index=5 own_instance=0 exit=1 text=e3b0c44298fc1c14 
CHILD index=6 own_instance=1 exit=0 text=4a8f18b77dbe0332 role=child prefix_tokens=16321 suffix_tokens=16 model_ms=1211.9 context_ms=260.9 state_ms=15.37 prefix_ms=0.0 suffix_ms=390.9 first_token_ms=2190.2 generation_ms=12478.4 generated=64 generation_tps=5.129
STDERR llama_init_from_model: failed to initialize the context: kv cache: cannot map a published allocation
STDERR kv_fork: cannot create the context
CHILD index=7 own_instance=0 exit=1 text=e3b0c44298fc1c14 
MEMORY mem_available_drop_mib=3926
END_CASE failed=4 timed_out=0
CASE placement=cross mode=device_tuned children=8 paragraphs=320 context=32768
PARENT exit=0 text=c646470e58f73411 prefix_tokens=16321 prefix_ms=19812.6 publish_ms=42.71 state_bytes=261845 model_ms=631.0 context_ms=34.8 suffix_ms=64.5 generation_ms=6253.4 generated=64 generation_tps=10.234 total_ms=35702.7
CHILD index=0 own_instance=1 exit=0 text=d42c4c07975a6446 role=child prefix_tokens=16321 suffix_tokens=16 model_ms=1204.9 context_ms=549.8 state_ms=13.15 prefix_ms=0.0 suffix_ms=388.1 first_token_ms=2452.4 generation_ms=12205.9 generated=64 generation_tps=5.243
STDERR llama_init_from_model: failed to initialize the context: kv cache: cannot map a published allocation
STDERR kv_fork: cannot create the context
CHILD index=1 own_instance=0 exit=1 text=e3b0c44298fc1c14 
CHILD index=2 own_instance=1 exit=0 text=3fd8649867d4bb41 role=child prefix_tokens=16321 suffix_tokens=16 model_ms=1231.1 context_ms=467.1 state_ms=14.91 prefix_ms=0.0 suffix_ms=349.2 first_token_ms=2367.2 generation_ms=12169.9 generated=64 generation_tps=5.259
STDERR llama_init_from_model: failed to initialize the context: kv cache: cannot map a published allocation
STDERR kv_fork: cannot create the context
CHILD index=3 own_instance=0 exit=1 text=e3b0c44298fc1c14 
CHILD index=4 own_instance=1 exit=0 text=3e0fd62f5aa50665 role=child prefix_tokens=16321 suffix_tokens=16 model_ms=1190.9 context_ms=573.6 state_ms=10.75 prefix_ms=0.0 suffix_ms=377.9 first_token_ms=2426.8 generation_ms=12203.3 generated=64 generation_tps=5.244
STDERR llama_init_from_model: failed to initialize the context: kv cache: cannot map a published allocation
STDERR kv_fork: cannot create the context
CHILD index=5 own_instance=0 exit=1 text=e3b0c44298fc1c14 
CHILD index=6 own_instance=1 exit=0 text=4a8f18b77dbe0332 role=child prefix_tokens=16321 suffix_tokens=16 model_ms=1193.4 context_ms=540.7 state_ms=12.24 prefix_ms=0.0 suffix_ms=384.8 first_token_ms=2435.0 generation_ms=12223.4 generated=64 generation_tps=5.236
STDERR llama_init_from_model: failed to initialize the context: kv cache: cannot map a published allocation
STDERR kv_fork: cannot create the context
CHILD index=7 own_instance=0 exit=1 text=e3b0c44298fc1c14 
MEMORY mem_available_drop_mib=3951
END_CASE failed=4 timed_out=0
CASE placement=cross mode=device children=8 paragraphs=320 context=32768
PARENT exit=0 text=c646470e58f73411 prefix_tokens=16321 prefix_ms=19806.3 publish_ms=43.06 state_bytes=261845 model_ms=643.9 context_ms=36.0 suffix_ms=63.8 generation_ms=6180.6 generated=64 generation_tps=10.355 total_ms=35759.0
CHILD index=0 own_instance=1 exit=0 text=d42c4c07975a6446 role=child prefix_tokens=16321 suffix_tokens=16 model_ms=1209.8 context_ms=510.4 state_ms=133.95 prefix_ms=0.0 suffix_ms=372.3 first_token_ms=2514.8 generation_ms=12110.8 generated=64 generation_tps=5.285
STDERR llama_init_from_model: failed to initialize the context: kv cache: cannot map a published allocation
STDERR kv_fork: cannot create the context
CHILD index=1 own_instance=0 exit=1 text=e3b0c44298fc1c14 
CHILD index=2 own_instance=1 exit=0 text=3fd8649867d4bb41 role=child prefix_tokens=16321 suffix_tokens=16 model_ms=1154.3 context_ms=522.6 state_ms=43.34 prefix_ms=0.0 suffix_ms=227.5 first_token_ms=2220.4 generation_ms=12212.8 generated=64 generation_tps=5.240
STDERR llama_init_from_model: failed to initialize the context: kv cache: cannot map a published allocation
STDERR kv_fork: cannot create the context
CHILD index=3 own_instance=0 exit=1 text=e3b0c44298fc1c14 
CHILD index=4 own_instance=1 exit=0 text=3e0fd62f5aa50665 role=child prefix_tokens=16321 suffix_tokens=16 model_ms=1216.9 context_ms=522.8 state_ms=174.94 prefix_ms=0.0 suffix_ms=398.9 first_token_ms=2597.4 generation_ms=12087.5 generated=64 generation_tps=5.295
STDERR llama_init_from_model: failed to initialize the context: kv cache: cannot map a published allocation
STDERR kv_fork: cannot create the context
CHILD index=5 own_instance=0 exit=1 text=e3b0c44298fc1c14 
CHILD index=6 own_instance=1 exit=0 text=4a8f18b77dbe0332 role=child prefix_tokens=16321 suffix_tokens=16 model_ms=1255.8 context_ms=504.2 state_ms=187.24 prefix_ms=0.0 suffix_ms=381.9 first_token_ms=2620.0 generation_ms=12065.1 generated=64 generation_tps=5.305
STDERR llama_init_from_model: failed to initialize the context: kv cache: cannot map a published allocation
STDERR kv_fork: cannot create the context
CHILD index=7 own_instance=0 exit=1 text=e3b0c44298fc1c14 
MEMORY mem_available_drop_mib=3969
END_CASE failed=4 timed_out=0
CASE placement=cross mode=demand children=8 paragraphs=320 context=32768
PARENT exit=0 text=c646470e58f73411 prefix_tokens=16321 prefix_ms=19817.3 publish_ms=535.97 state_bytes=936173269 model_ms=632.6 context_ms=34.8 suffix_ms=63.6 generation_ms=6680.9 generated=64 generation_tps=9.580 total_ms=42641.7
CHILD index=0 own_instance=1 exit=0 text=d42c4c07975a6446 role=child prefix_tokens=16321 suffix_tokens=16 model_ms=1225.2 context_ms=50.3 state_ms=669.31 prefix_ms=0.0 suffix_ms=385.6 first_token_ms=2616.5 generation_ms=13388.7 generated=64 generation_tps=4.780
CHILD index=1 own_instance=0 exit=0 text=3fd8649867d4bb41 role=child prefix_tokens=16321 suffix_tokens=16 model_ms=1153.9 context_ms=33.1 state_ms=216.42 prefix_ms=0.0 suffix_ms=168.7 first_token_ms=1839.5 generation_ms=17880.1 generated=64 generation_tps=3.579
CHILD index=2 own_instance=1 exit=0 text=3fd8649867d4bb41 role=child prefix_tokens=16321 suffix_tokens=16 model_ms=1204.2 context_ms=43.3 state_ms=677.19 prefix_ms=0.0 suffix_ms=426.2 first_token_ms=2655.7 generation_ms=13391.7 generated=64 generation_tps=4.779
CHILD index=3 own_instance=0 exit=0 text=3fd8649867d4bb41 role=child prefix_tokens=16321 suffix_tokens=16 model_ms=1186.0 context_ms=46.1 state_ms=698.94 prefix_ms=0.0 suffix_ms=464.7 first_token_ms=2694.8 generation_ms=18341.1 generated=64 generation_tps=3.489
CHILD index=4 own_instance=1 exit=0 text=3e0fd62f5aa50665 role=child prefix_tokens=16321 suffix_tokens=16 model_ms=1208.0 context_ms=49.3 state_ms=669.18 prefix_ms=0.0 suffix_ms=416.5 first_token_ms=2647.1 generation_ms=13399.8 generated=64 generation_tps=4.776
CHILD index=5 own_instance=0 exit=0 text=3fd8649867d4bb41 role=child prefix_tokens=16321 suffix_tokens=16 model_ms=1239.0 context_ms=37.7 state_ms=644.35 prefix_ms=0.0 suffix_ms=468.5 first_token_ms=2699.6 generation_ms=18326.2 generated=64 generation_tps=3.492
CHILD index=6 own_instance=1 exit=0 text=4a8f18b77dbe0332 role=child prefix_tokens=16321 suffix_tokens=16 model_ms=1245.0 context_ms=37.9 state_ms=655.18 prefix_ms=0.0 suffix_ms=390.8 first_token_ms=2620.3 generation_ms=13384.5 generated=64 generation_tps=4.782
CHILD index=7 own_instance=0 exit=0 text=4a8f18b77dbe0332 role=child prefix_tokens=16321 suffix_tokens=16 model_ms=1188.6 context_ms=48.6 state_ms=697.70 prefix_ms=0.0 suffix_ms=455.4 first_token_ms=2678.7 generation_ms=18333.6 generated=64 generation_tps=3.491
MEMORY mem_available_drop_mib=13819
END_CASE failed=0 timed_out=0
CASE placement=cross mode=copy children=8 paragraphs=320 context=32768
PARENT exit=0 text=c646470e58f73411 prefix_tokens=16321 prefix_ms=19800.4 publish_ms=556.71 state_bytes=936173269 model_ms=628.6 context_ms=58.3 suffix_ms=63.7 generation_ms=8169.0 generated=64 generation_tps=7.834 total_ms=42655.5
CHILD index=0 own_instance=1 exit=0 text=d42c4c07975a6446 role=child prefix_tokens=16321 suffix_tokens=16 model_ms=1207.2 context_ms=163.0 state_ms=305.88 prefix_ms=0.0 suffix_ms=378.4 first_token_ms=2336.4 generation_ms=13721.8 generated=64 generation_tps=4.664
CHILD index=1 own_instance=0 exit=0 text=3fd8649867d4bb41 role=child prefix_tokens=16321 suffix_tokens=16 model_ms=1098.7 context_ms=81.5 state_ms=272.89 prefix_ms=0.0 suffix_ms=211.8 first_token_ms=1960.6 generation_ms=18759.4 generated=64 generation_tps=3.412
CHILD index=2 own_instance=1 exit=0 text=3fd8649867d4bb41 role=child prefix_tokens=16321 suffix_tokens=16 model_ms=1191.4 context_ms=148.9 state_ms=297.70 prefix_ms=0.0 suffix_ms=311.4 first_token_ms=2236.7 generation_ms=13750.2 generated=64 generation_tps=4.654
CHILD index=3 own_instance=0 exit=0 text=3fd8649867d4bb41 role=child prefix_tokens=16321 suffix_tokens=16 model_ms=1188.6 context_ms=177.5 state_ms=316.60 prefix_ms=0.0 suffix_ms=480.5 first_token_ms=2453.0 generation_ms=18605.1 generated=64 generation_tps=3.440
CHILD index=4 own_instance=1 exit=0 text=3e0fd62f5aa50665 role=child prefix_tokens=16321 suffix_tokens=16 model_ms=1180.3 context_ms=198.3 state_ms=333.61 prefix_ms=0.0 suffix_ms=410.1 first_token_ms=2423.0 generation_ms=13693.7 generated=64 generation_tps=4.674
CHILD index=5 own_instance=0 exit=0 text=3fd8649867d4bb41 role=child prefix_tokens=16321 suffix_tokens=16 model_ms=1112.9 context_ms=145.6 state_ms=349.30 prefix_ms=0.0 suffix_ms=390.5 first_token_ms=2280.3 generation_ms=18700.3 generated=64 generation_tps=3.422
CHILD index=6 own_instance=1 exit=0 text=4a8f18b77dbe0332 role=child prefix_tokens=16321 suffix_tokens=16 model_ms=1233.4 context_ms=150.5 state_ms=303.42 prefix_ms=0.0 suffix_ms=395.3 first_token_ms=2374.1 generation_ms=13730.9 generated=64 generation_tps=4.661
CHILD index=7 own_instance=0 exit=0 text=4a8f18b77dbe0332 role=child prefix_tokens=16321 suffix_tokens=16 model_ms=1193.4 context_ms=170.6 state_ms=320.26 prefix_ms=0.0 suffix_ms=415.3 first_token_ms=2359.1 generation_ms=18664.3 generated=64 generation_tps=3.429
MEMORY mem_available_drop_mib=20284
END_CASE failed=0 timed_out=0
CASE placement=same mode=extent children=4 paragraphs=320 context=32768
PARENT exit=0 text=c646470e58f73411 prefix_tokens=16321 prefix_ms=19867.5 publish_ms=6.75 state_bytes=261845 model_ms=634.4 context_ms=35.9 suffix_ms=105.9 generation_ms=10001.4 generated=64 generation_tps=6.399 total_ms=35595.2
CHILD index=0 own_instance=1 exit=0 text=d42c4c07975a6446 role=child prefix_tokens=16321 suffix_tokens=16 model_ms=920.3 context_ms=43.4 state_ms=7.53 prefix_ms=0.0 suffix_ms=363.0 first_token_ms=1470.2 generation_ms=13021.6 generated=64 generation_tps=4.915
CHILD index=1 own_instance=1 exit=0 text=3fd8649867d4bb41 role=child prefix_tokens=16321 suffix_tokens=16 model_ms=911.8 context_ms=45.7 state_ms=7.21 prefix_ms=0.0 suffix_ms=377.4 first_token_ms=1487.6 generation_ms=13006.7 generated=64 generation_tps=4.921
CHILD index=2 own_instance=1 exit=0 text=3fd8649867d4bb41 role=child prefix_tokens=16321 suffix_tokens=16 model_ms=881.8 context_ms=35.8 state_ms=7.53 prefix_ms=0.0 suffix_ms=231.9 first_token_ms=1288.9 generation_ms=13073.5 generated=64 generation_tps=4.895
CHILD index=3 own_instance=1 exit=0 text=3fd8649867d4bb41 role=child prefix_tokens=16321 suffix_tokens=16 model_ms=913.9 context_ms=44.6 state_ms=7.25 prefix_ms=0.0 suffix_ms=379.4 first_token_ms=1484.7 generation_ms=13016.7 generated=64 generation_tps=4.917
MEMORY mem_available_drop_mib=3089
END_CASE failed=0 timed_out=0
CASE placement=same mode=cow children=4 paragraphs=320 context=32768
PARENT exit=0 text=c646470e58f73411 prefix_tokens=16321 prefix_ms=19862.9 publish_ms=7.43 state_bytes=261845 model_ms=637.7 context_ms=36.1 suffix_ms=120.9 generation_ms=10103.4 generated=64 generation_tps=6.335 total_ms=36000.1
CHILD index=0 own_instance=1 exit=0 text=d42c4c07975a6446 role=child prefix_tokens=16321 suffix_tokens=16 model_ms=878.1 context_ms=40.0 state_ms=7.45 prefix_ms=0.0 suffix_ms=696.7 first_token_ms=1767.4 generation_ms=13103.6 generated=64 generation_tps=4.884
CHILD index=1 own_instance=1 exit=0 text=3fd8649867d4bb41 role=child prefix_tokens=16321 suffix_tokens=16 model_ms=883.3 context_ms=39.4 state_ms=7.50 prefix_ms=0.0 suffix_ms=695.7 first_token_ms=1770.3 generation_ms=13108.1 generated=64 generation_tps=4.882
CHILD index=2 own_instance=1 exit=0 text=3fd8649867d4bb41 role=child prefix_tokens=16321 suffix_tokens=16 model_ms=952.7 context_ms=35.1 state_ms=7.44 prefix_ms=0.0 suffix_ms=772.6 first_token_ms=1917.1 generation_ms=13018.4 generated=64 generation_tps=4.916
CHILD index=3 own_instance=1 exit=0 text=3fd8649867d4bb41 role=child prefix_tokens=16321 suffix_tokens=16 model_ms=931.5 context_ms=35.6 state_ms=7.43 prefix_ms=0.0 suffix_ms=706.8 first_token_ms=1816.6 generation_ms=13092.1 generated=64 generation_tps=4.888
MEMORY mem_available_drop_mib=3565
END_CASE failed=0 timed_out=0
CASE placement=same mode=device_merged children=4 paragraphs=320 context=32768
PARENT exit=0 text=c646470e58f73411 prefix_tokens=16321 prefix_ms=19818.2 publish_ms=113.38 state_bytes=261845 model_ms=626.2 context_ms=35.0 suffix_ms=63.0 generation_ms=9536.6 generated=64 generation_tps=6.711 total_ms=35809.9
CHILD index=0 own_instance=1 exit=0 text=d42c4c07975a6446 role=child prefix_tokens=16321 suffix_tokens=16 model_ms=920.0 context_ms=112.8 state_ms=9.33 prefix_ms=0.0 suffix_ms=352.0 first_token_ms=1531.9 generation_ms=13078.1 generated=64 generation_tps=4.894
CHILD index=1 own_instance=1 exit=0 text=3fd8649867d4bb41 role=child prefix_tokens=16321 suffix_tokens=16 model_ms=914.2 context_ms=124.9 state_ms=8.52 prefix_ms=0.0 suffix_ms=355.0 first_token_ms=1549.7 generation_ms=13064.5 generated=64 generation_tps=4.899
CHILD index=2 own_instance=1 exit=0 text=3fd8649867d4bb41 role=child prefix_tokens=16321 suffix_tokens=16 model_ms=912.1 context_ms=118.3 state_ms=8.16 prefix_ms=0.0 suffix_ms=354.8 first_token_ms=1537.1 generation_ms=13072.8 generated=64 generation_tps=4.896
CHILD index=3 own_instance=1 exit=0 text=3fd8649867d4bb41 role=child prefix_tokens=16321 suffix_tokens=16 model_ms=911.4 context_ms=134.6 state_ms=10.37 prefix_ms=0.0 suffix_ms=398.0 first_token_ms=1603.8 generation_ms=13026.9 generated=64 generation_tps=4.913
MEMORY mem_available_drop_mib=3907
END_CASE failed=0 timed_out=0
CASE placement=same mode=device_tuned children=4 paragraphs=320 context=32768
PARENT exit=0 text=c646470e58f73411 prefix_tokens=16321 prefix_ms=19809.3 publish_ms=34.17 state_bytes=261845 model_ms=634.4 context_ms=34.6 suffix_ms=62.4 generation_ms=9308.7 generated=64 generation_tps=6.875 total_ms=35741.8
CHILD index=0 own_instance=1 exit=0 text=d42c4c07975a6446 role=child prefix_tokens=16321 suffix_tokens=16 model_ms=906.4 context_ms=217.0 state_ms=10.05 prefix_ms=0.0 suffix_ms=362.2 first_token_ms=1646.3 generation_ms=12986.2 generated=64 generation_tps=4.928
CHILD index=1 own_instance=1 exit=0 text=3fd8649867d4bb41 role=child prefix_tokens=16321 suffix_tokens=16 model_ms=913.4 context_ms=214.8 state_ms=9.76 prefix_ms=0.0 suffix_ms=364.0 first_token_ms=1649.6 generation_ms=12975.6 generated=64 generation_tps=4.932
CHILD index=2 own_instance=1 exit=0 text=3fd8649867d4bb41 role=child prefix_tokens=16321 suffix_tokens=16 model_ms=972.2 context_ms=177.7 state_ms=9.01 prefix_ms=0.0 suffix_ms=361.8 first_token_ms=1668.8 generation_ms=12973.2 generated=64 generation_tps=4.933
CHILD index=3 own_instance=1 exit=0 text=3fd8649867d4bb41 role=child prefix_tokens=16321 suffix_tokens=16 model_ms=920.6 context_ms=206.3 state_ms=9.69 prefix_ms=0.0 suffix_ms=351.9 first_token_ms=1629.0 generation_ms=12987.0 generated=64 generation_tps=4.928
MEMORY mem_available_drop_mib=3962
END_CASE failed=0 timed_out=0
CASE placement=same mode=device children=4 paragraphs=320 context=32768
PARENT exit=0 text=c646470e58f73411 prefix_tokens=16321 prefix_ms=19825.6 publish_ms=33.64 state_bytes=261845 model_ms=638.4 context_ms=35.0 suffix_ms=61.8 generation_ms=8886.4 generated=64 generation_tps=7.202 total_ms=35724.3
CHILD index=0 own_instance=1 exit=0 text=d42c4c07975a6446 role=child prefix_tokens=16321 suffix_tokens=16 model_ms=942.1 context_ms=318.7 state_ms=176.04 prefix_ms=0.0 suffix_ms=391.5 first_token_ms=1981.5 generation_ms=12696.2 generated=64 generation_tps=5.041
CHILD index=1 own_instance=1 exit=0 text=3fd8649867d4bb41 role=child prefix_tokens=16321 suffix_tokens=16 model_ms=947.7 context_ms=281.7 state_ms=182.06 prefix_ms=0.0 suffix_ms=379.0 first_token_ms=1935.3 generation_ms=12681.9 generated=64 generation_tps=5.047
CHILD index=2 own_instance=1 exit=0 text=3fd8649867d4bb41 role=child prefix_tokens=16321 suffix_tokens=16 model_ms=942.8 context_ms=307.2 state_ms=178.40 prefix_ms=0.0 suffix_ms=402.3 first_token_ms=1980.9 generation_ms=12694.3 generated=64 generation_tps=5.042
CHILD index=3 own_instance=1 exit=0 text=3fd8649867d4bb41 role=child prefix_tokens=16321 suffix_tokens=16 model_ms=872.4 context_ms=187.2 state_ms=46.83 prefix_ms=0.0 suffix_ms=215.1 first_token_ms=1454.5 generation_ms=12719.6 generated=64 generation_tps=5.032
MEMORY mem_available_drop_mib=3973
END_CASE failed=0 timed_out=0
CASE placement=same mode=demand children=4 paragraphs=320 context=32768
PARENT exit=0 text=c646470e58f73411 prefix_tokens=16321 prefix_ms=19813.5 publish_ms=526.70 state_bytes=936173269 model_ms=649.3 context_ms=34.5 suffix_ms=61.7 generation_ms=9038.5 generated=64 generation_tps=7.081 total_ms=36280.1
CHILD index=0 own_instance=1 exit=0 text=d42c4c07975a6446 role=child prefix_tokens=16321 suffix_tokens=16 model_ms=894.2 context_ms=44.8 state_ms=406.14 prefix_ms=0.0 suffix_ms=375.7 first_token_ms=1871.4 generation_ms=12822.6 generated=64 generation_tps=4.991
CHILD index=1 own_instance=1 exit=0 text=3fd8649867d4bb41 role=child prefix_tokens=16321 suffix_tokens=16 model_ms=900.2 context_ms=44.6 state_ms=406.10 prefix_ms=0.0 suffix_ms=366.1 first_token_ms=1864.3 generation_ms=12814.0 generated=64 generation_tps=4.995
CHILD index=2 own_instance=1 exit=0 text=3fd8649867d4bb41 role=child prefix_tokens=16321 suffix_tokens=16 model_ms=896.5 context_ms=43.9 state_ms=407.58 prefix_ms=0.0 suffix_ms=383.1 first_token_ms=1881.8 generation_ms=12824.1 generated=64 generation_tps=4.991
CHILD index=3 own_instance=1 exit=0 text=3fd8649867d4bb41 role=child prefix_tokens=16321 suffix_tokens=16 model_ms=857.2 context_ms=33.1 state_ms=277.75 prefix_ms=0.0 suffix_ms=223.9 first_token_ms=1515.2 generation_ms=12897.6 generated=64 generation_tps=4.962
MEMORY mem_available_drop_mib=7172
END_CASE failed=0 timed_out=0
CASE placement=same mode=copy children=4 paragraphs=320 context=32768
PARENT exit=0 text=c646470e58f73411 prefix_tokens=16321 prefix_ms=19801.9 publish_ms=558.09 state_bytes=936173269 model_ms=636.8 context_ms=59.5 suffix_ms=61.6 generation_ms=8539.0 generated=64 generation_tps=7.495 total_ms=36368.2
CHILD index=0 own_instance=1 exit=0 text=d42c4c07975a6446 role=child prefix_tokens=16321 suffix_tokens=16 model_ms=916.9 context_ms=120.2 state_ms=271.90 prefix_ms=0.0 suffix_ms=223.7 first_token_ms=1668.6 generation_ms=12777.6 generated=64 generation_tps=5.009
CHILD index=1 own_instance=1 exit=0 text=3fd8649867d4bb41 role=child prefix_tokens=16321 suffix_tokens=16 model_ms=899.2 context_ms=126.4 state_ms=471.46 prefix_ms=0.0 suffix_ms=405.2 first_token_ms=2052.2 generation_ms=12684.7 generated=64 generation_tps=5.045
CHILD index=2 own_instance=1 exit=0 text=3fd8649867d4bb41 role=child prefix_tokens=16321 suffix_tokens=16 model_ms=961.4 context_ms=76.6 state_ms=463.81 prefix_ms=0.0 suffix_ms=383.2 first_token_ms=2030.1 generation_ms=12694.7 generated=64 generation_tps=5.041
CHILD index=3 own_instance=1 exit=0 text=3fd8649867d4bb41 role=child prefix_tokens=16321 suffix_tokens=16 model_ms=905.4 context_ms=126.4 state_ms=471.35 prefix_ms=0.0 suffix_ms=404.8 first_token_ms=2054.3 generation_ms=12673.7 generated=64 generation_tps=5.050
MEMORY mem_available_drop_mib=10175
END_CASE failed=0 timed_out=0
CASE placement=same mode=extent children=1 paragraphs=320 context=32768
PARENT exit=0 text=c646470e58f73411 prefix_tokens=16321 prefix_ms=19847.0 publish_ms=7.67 state_bytes=261845 model_ms=628.6 context_ms=35.2 suffix_ms=95.1 generation_ms=4926.1 generated=64 generation_tps=12.992 total_ms=26672.7
CHILD index=0 own_instance=1 exit=0 text=d42c4c07975a6446 role=child prefix_tokens=16321 suffix_tokens=16 model_ms=604.1 context_ms=35.9 state_ms=7.35 prefix_ms=0.0 suffix_ms=165.0 first_token_ms=847.6 generation_ms=4864.3 generated=64 generation_tps=13.157
MEMORY mem_available_drop_mib=860
END_CASE failed=0 timed_out=0
CASE placement=same mode=cow children=1 paragraphs=320 context=32768
PARENT exit=0 text=c646470e58f73411 prefix_tokens=16321 prefix_ms=19869.5 publish_ms=8.73 state_bytes=261845 model_ms=632.3 context_ms=35.2 suffix_ms=147.2 generation_ms=5008.4 generated=64 generation_tps=12.778 total_ms=26892.6
CHILD index=0 own_instance=1 exit=0 text=d42c4c07975a6446 role=child prefix_tokens=16321 suffix_tokens=16 model_ms=596.8 context_ms=34.3 state_ms=7.44 prefix_ms=0.0 suffix_ms=302.6 first_token_ms=977.4 generation_ms=4896.8 generated=64 generation_tps=13.070
MEMORY mem_available_drop_mib=947
END_CASE failed=0 timed_out=0
CASE placement=same mode=device_merged children=1 paragraphs=320 context=32768
PARENT exit=0 text=c646470e58f73411 prefix_tokens=16321 prefix_ms=19812.5 publish_ms=130.83 state_bytes=261845 model_ms=629.6 context_ms=34.3 suffix_ms=61.0 generation_ms=4910.0 generated=64 generation_tps=13.035 total_ms=26786.5
CHILD index=0 own_instance=1 exit=0 text=d42c4c07975a6446 role=child prefix_tokens=16321 suffix_tokens=16 model_ms=596.3 context_ms=51.7 state_ms=9.61 prefix_ms=0.0 suffix_ms=176.3 first_token_ms=868.4 generation_ms=4862.3 generated=64 generation_tps=13.163
MEMORY mem_available_drop_mib=1076
END_CASE failed=0 timed_out=0
CASE placement=same mode=device_tuned children=1 paragraphs=320 context=32768
PARENT exit=0 text=c646470e58f73411 prefix_tokens=16321 prefix_ms=19817.1 publish_ms=36.59 state_bytes=261845 model_ms=638.7 context_ms=34.6 suffix_ms=61.6 generation_ms=4984.1 generated=64 generation_tps=12.841 total_ms=26758.0
CHILD index=0 own_instance=1 exit=0 text=d42c4c07975a6446 role=child prefix_tokens=16321 suffix_tokens=16 model_ms=600.5 context_ms=70.0 state_ms=9.08 prefix_ms=0.0 suffix_ms=176.9 first_token_ms=892.7 generation_ms=4870.5 generated=64 generation_tps=13.140
MEMORY mem_available_drop_mib=1080
END_CASE failed=0 timed_out=0
CASE placement=same mode=device children=1 paragraphs=320 context=32768
PARENT exit=0 text=c646470e58f73411 prefix_tokens=16321 prefix_ms=19831.7 publish_ms=42.87 state_bytes=261845 model_ms=633.0 context_ms=34.1 suffix_ms=60.8 generation_ms=4733.3 generated=64 generation_tps=13.521 total_ms=26768.6
CHILD index=0 own_instance=1 exit=0 text=d42c4c07975a6446 role=child prefix_tokens=16321 suffix_tokens=16 model_ms=618.8 context_ms=180.4 state_ms=60.65 prefix_ms=0.0 suffix_ms=221.0 first_token_ms=1117.8 generation_ms=4626.3 generated=64 generation_tps=13.834
MEMORY mem_available_drop_mib=1089
END_CASE failed=0 timed_out=0
CASE placement=same mode=demand children=1 paragraphs=320 context=32768
PARENT exit=0 text=c646470e58f73411 prefix_tokens=16321 prefix_ms=19812.6 publish_ms=542.14 state_bytes=936173269 model_ms=639.0 context_ms=34.2 suffix_ms=60.3 generation_ms=4679.7 generated=64 generation_tps=13.676 total_ms=27250.1
CHILD index=0 own_instance=1 exit=0 text=d42c4c07975a6446 role=child prefix_tokens=16321 suffix_tokens=16 model_ms=596.8 context_ms=32.3 state_ms=274.91 prefix_ms=0.0 suffix_ms=210.0 first_token_ms=1150.6 generation_ms=4606.1 generated=64 generation_tps=13.895
MEMORY mem_available_drop_mib=1856
END_CASE failed=0 timed_out=0
CASE placement=same mode=copy children=1 paragraphs=320 context=32768
PARENT exit=0 text=c646470e58f73411 prefix_tokens=16321 prefix_ms=19791.1 publish_ms=554.79 state_bytes=936173269 model_ms=631.4 context_ms=57.7 suffix_ms=60.1 generation_ms=4663.5 generated=64 generation_tps=13.724 total_ms=27267.5
CHILD index=0 own_instance=1 exit=0 text=d42c4c07975a6446 role=child prefix_tokens=16321 suffix_tokens=16 model_ms=614.5 context_ms=65.5 state_ms=266.49 prefix_ms=0.0 suffix_ms=215.2 first_token_ms=1197.0 generation_ms=4558.6 generated=64 generation_tps=14.039
MEMORY mem_available_drop_mib=2533
END_CASE failed=0 timed_out=0
CASE placement=same mode=extent children=8 paragraphs=80 context=8192
PARENT exit=0 text=8e42d861853d43f0 prefix_tokens=4081 prefix_ms=4400.0 publish_ms=3.20 state_bytes=66005 model_ms=635.0 context_ms=22.3 suffix_ms=98.9 generation_ms=13238.2 generated=64 generation_tps=4.834 total_ms=30718.1
CHILD index=0 own_instance=1 exit=0 text=c762b6e82f144cca role=child prefix_tokens=4081 suffix_tokens=16 model_ms=1165.9 context_ms=24.8 state_ms=1.96 prefix_ms=0.0 suffix_ms=550.4 first_token_ms=2028.6 generation_ms=22954.2 generated=64 generation_tps=2.788
CHILD index=1 own_instance=1 exit=0 text=5f0f74be36dfb05d role=child prefix_tokens=4081 suffix_tokens=16 model_ms=1210.2 context_ms=23.5 state_ms=2.01 prefix_ms=0.0 suffix_ms=582.1 first_token_ms=2099.8 generation_ms=22926.4 generated=64 generation_tps=2.792
CHILD index=2 own_instance=1 exit=0 text=45d93d75d8c246b5 role=child prefix_tokens=4081 suffix_tokens=16 model_ms=1131.4 context_ms=26.9 state_ms=1.94 prefix_ms=0.0 suffix_ms=318.6 first_token_ms=1734.5 generation_ms=23064.5 generated=64 generation_tps=2.775
CHILD index=3 own_instance=1 exit=0 text=4a8f18b77dbe0332 role=child prefix_tokens=4081 suffix_tokens=16 model_ms=1234.1 context_ms=23.8 state_ms=1.80 prefix_ms=0.0 suffix_ms=586.5 first_token_ms=2128.7 generation_ms=22918.0 generated=64 generation_tps=2.793
CHILD index=4 own_instance=1 exit=0 text=46404abc10d87546 role=child prefix_tokens=4081 suffix_tokens=16 model_ms=1225.0 context_ms=26.3 state_ms=1.97 prefix_ms=0.0 suffix_ms=586.5 first_token_ms=2132.0 generation_ms=22928.3 generated=64 generation_tps=2.791
CHILD index=5 own_instance=1 exit=0 text=46404abc10d87546 role=child prefix_tokens=4081 suffix_tokens=16 model_ms=1178.5 context_ms=27.4 state_ms=1.79 prefix_ms=0.0 suffix_ms=583.6 first_token_ms=2087.1 generation_ms=22962.2 generated=64 generation_tps=2.787
CHILD index=6 own_instance=1 exit=0 text=46404abc10d87546 role=child prefix_tokens=4081 suffix_tokens=16 model_ms=1182.7 context_ms=27.9 state_ms=2.19 prefix_ms=0.0 suffix_ms=592.7 first_token_ms=2094.3 generation_ms=22952.1 generated=64 generation_tps=2.788
CHILD index=7 own_instance=1 exit=0 text=46404abc10d87546 role=child prefix_tokens=4081 suffix_tokens=16 model_ms=1133.1 context_ms=27.4 state_ms=2.00 prefix_ms=0.0 suffix_ms=285.8 first_token_ms=1700.4 generation_ms=23080.7 generated=64 generation_tps=2.773
MEMORY mem_available_drop_mib=5713
END_CASE failed=0 timed_out=0
CASE placement=same mode=cow children=8 paragraphs=80 context=8192
PARENT exit=0 text=8e42d861853d43f0 prefix_tokens=4081 prefix_ms=4392.4 publish_ms=3.08 state_bytes=66005 model_ms=635.2 context_ms=22.5 suffix_ms=98.2 generation_ms=13680.1 generated=64 generation_tps=4.678 total_ms=31535.8
CHILD index=0 own_instance=1 exit=0 text=c762b6e82f144cca role=child prefix_tokens=4081 suffix_tokens=16 model_ms=1163.5 context_ms=29.0 state_ms=1.65 prefix_ms=0.0 suffix_ms=1411.1 first_token_ms=2902.1 generation_ms=22921.1 generated=64 generation_tps=2.792
CHILD index=1 own_instance=1 exit=0 text=5f0f74be36dfb05d role=child prefix_tokens=4081 suffix_tokens=16 model_ms=1237.9 context_ms=23.8 state_ms=1.77 prefix_ms=0.0 suffix_ms=1465.6 first_token_ms=3014.1 generation_ms=22877.1 generated=64 generation_tps=2.798
CHILD index=2 own_instance=1 exit=0 text=45d93d75d8c246b5 role=child prefix_tokens=4081 suffix_tokens=16 model_ms=1169.7 context_ms=29.3 state_ms=1.77 prefix_ms=0.0 suffix_ms=1420.8 first_token_ms=2911.2 generation_ms=22908.6 generated=64 generation_tps=2.794
CHILD index=3 own_instance=1 exit=0 text=4a8f18b77dbe0332 role=child prefix_tokens=4081 suffix_tokens=16 model_ms=1110.0 context_ms=21.8 state_ms=1.78 prefix_ms=0.0 suffix_ms=695.9 first_token_ms=2084.6 generation_ms=23264.9 generated=64 generation_tps=2.751
CHILD index=4 own_instance=1 exit=0 text=46404abc10d87546 role=child prefix_tokens=4081 suffix_tokens=16 model_ms=1232.7 context_ms=27.6 state_ms=1.87 prefix_ms=0.0 suffix_ms=1484.0 first_token_ms=3030.0 generation_ms=22867.5 generated=64 generation_tps=2.799
CHILD index=5 own_instance=1 exit=0 text=46404abc10d87546 role=child prefix_tokens=4081 suffix_tokens=16 model_ms=1206.8 context_ms=21.5 state_ms=1.70 prefix_ms=0.0 suffix_ms=1439.1 first_token_ms=2955.7 generation_ms=22893.6 generated=64 generation_tps=2.796
CHILD index=6 own_instance=1 exit=0 text=46404abc10d87546 role=child prefix_tokens=4081 suffix_tokens=16 model_ms=1220.6 context_ms=26.2 state_ms=1.66 prefix_ms=0.0 suffix_ms=1484.3 first_token_ms=3025.1 generation_ms=22868.0 generated=64 generation_tps=2.799
CHILD index=7 own_instance=1 exit=0 text=46404abc10d87546 role=child prefix_tokens=4081 suffix_tokens=16 model_ms=1184.8 context_ms=27.9 state_ms=1.90 prefix_ms=0.0 suffix_ms=1385.2 first_token_ms=2877.9 generation_ms=22884.8 generated=64 generation_tps=2.797
MEMORY mem_available_drop_mib=6709
END_CASE failed=0 timed_out=0
CASE placement=same mode=device_merged children=8 paragraphs=80 context=8192
PARENT exit=0 text=8e42d861853d43f0 prefix_tokens=4081 prefix_ms=4414.8 publish_ms=17.39 state_bytes=66005 model_ms=638.9 context_ms=21.6 suffix_ms=57.9 generation_ms=13525.6 generated=64 generation_tps=4.732 total_ms=30870.8
CHILD index=0 own_instance=1 exit=0 text=c762b6e82f144cca role=child prefix_tokens=4081 suffix_tokens=16 model_ms=1187.6 context_ms=213.2 state_ms=5.30 prefix_ms=0.0 suffix_ms=576.3 first_token_ms=2289.5 generation_ms=22806.7 generated=64 generation_tps=2.806
CHILD index=1 own_instance=1 exit=0 text=5f0f74be36dfb05d role=child prefix_tokens=4081 suffix_tokens=16 model_ms=1119.7 context_ms=38.2 state_ms=2.31 prefix_ms=0.0 suffix_ms=198.5 first_token_ms=1639.1 generation_ms=22564.9 generated=64 generation_tps=2.836
CHILD index=2 own_instance=1 exit=0 text=45d93d75d8c246b5 role=child prefix_tokens=4081 suffix_tokens=16 model_ms=1197.3 context_ms=234.5 state_ms=5.51 prefix_ms=0.0 suffix_ms=598.4 first_token_ms=2333.5 generation_ms=22788.8 generated=64 generation_tps=2.808
CHILD index=3 own_instance=1 exit=0 text=4a8f18b77dbe0332 role=child prefix_tokens=4081 suffix_tokens=16 model_ms=1201.7 context_ms=191.0 state_ms=4.66 prefix_ms=0.0 suffix_ms=574.5 first_token_ms=2264.4 generation_ms=22783.2 generated=64 generation_tps=2.809
CHILD index=4 own_instance=1 exit=0 text=46404abc10d87546 role=child prefix_tokens=4081 suffix_tokens=16 model_ms=1199.6 context_ms=237.9 state_ms=8.06 prefix_ms=0.0 suffix_ms=593.8 first_token_ms=2335.6 generation_ms=22787.7 generated=64 generation_tps=2.809
CHILD index=5 own_instance=1 exit=0 text=46404abc10d87546 role=child prefix_tokens=4081 suffix_tokens=16 model_ms=1183.2 context_ms=210.3 state_ms=6.78 prefix_ms=0.0 suffix_ms=593.1 first_token_ms=2302.5 generation_ms=22795.5 generated=64 generation_tps=2.808
CHILD index=6 own_instance=1 exit=0 text=46404abc10d87546 role=child prefix_tokens=4081 suffix_tokens=16 model_ms=1195.9 context_ms=217.5 state_ms=6.54 prefix_ms=0.0 suffix_ms=611.9 first_token_ms=2333.3 generation_ms=22784.4 generated=64 generation_tps=2.809
CHILD index=7 own_instance=1 exit=0 text=46404abc10d87546 role=child prefix_tokens=4081 suffix_tokens=16 model_ms=1207.5 context_ms=212.4 state_ms=6.35 prefix_ms=0.0 suffix_ms=611.7 first_token_ms=2324.8 generation_ms=22775.1 generated=64 generation_tps=2.810
MEMORY mem_available_drop_mib=7543
END_CASE failed=0 timed_out=0
CASE placement=same mode=device_tuned children=8 paragraphs=80 context=8192
PARENT exit=0 text=8e42d861853d43f0 prefix_tokens=4081 prefix_ms=4414.1 publish_ms=7.46 state_bytes=66005 model_ms=632.2 context_ms=21.0 suffix_ms=57.9 generation_ms=13555.2 generated=64 generation_tps=4.721 total_ms=30810.3
CHILD index=0 own_instance=1 exit=0 text=c762b6e82f144cca role=child prefix_tokens=4081 suffix_tokens=16 model_ms=1184.3 context_ms=190.0 state_ms=4.25 prefix_ms=0.0 suffix_ms=558.1 first_token_ms=2233.0 generation_ms=22753.8 generated=64 generation_tps=2.813
CHILD index=1 own_instance=1 exit=0 text=5f0f74be36dfb05d role=child prefix_tokens=4081 suffix_tokens=16 model_ms=1198.7 context_ms=198.4 state_ms=5.06 prefix_ms=0.0 suffix_ms=588.5 first_token_ms=2277.2 generation_ms=22738.5 generated=64 generation_tps=2.815
CHILD index=2 own_instance=1 exit=0 text=45d93d75d8c246b5 role=child prefix_tokens=4081 suffix_tokens=16 model_ms=1232.5 context_ms=200.2 state_ms=4.98 prefix_ms=0.0 suffix_ms=605.0 first_token_ms=2338.5 generation_ms=22786.3 generated=64 generation_tps=2.809
CHILD index=3 own_instance=1 exit=0 text=4a8f18b77dbe0332 role=child prefix_tokens=4081 suffix_tokens=16 model_ms=1180.0 context_ms=220.6 state_ms=7.08 prefix_ms=0.0 suffix_ms=622.2 first_token_ms=2334.5 generation_ms=22787.7 generated=64 generation_tps=2.809
CHILD index=4 own_instance=1 exit=0 text=46404abc10d87546 role=child prefix_tokens=4081 suffix_tokens=16 model_ms=1113.7 context_ms=36.5 state_ms=3.42 prefix_ms=0.0 suffix_ms=191.4 first_token_ms=1610.3 generation_ms=22557.3 generated=64 generation_tps=2.837
CHILD index=5 own_instance=1 exit=0 text=46404abc10d87546 role=child prefix_tokens=4081 suffix_tokens=16 model_ms=1195.4 context_ms=213.1 state_ms=5.14 prefix_ms=0.0 suffix_ms=608.0 first_token_ms=2313.5 generation_ms=22793.9 generated=64 generation_tps=2.808
CHILD index=6 own_instance=1 exit=0 text=46404abc10d87546 role=child prefix_tokens=4081 suffix_tokens=16 model_ms=1180.8 context_ms=209.3 state_ms=5.24 prefix_ms=0.0 suffix_ms=628.0 first_token_ms=2328.3 generation_ms=22795.1 generated=64 generation_tps=2.808
CHILD index=7 own_instance=1 exit=0 text=46404abc10d87546 role=child prefix_tokens=4081 suffix_tokens=16 model_ms=1171.3 context_ms=211.2 state_ms=4.24 prefix_ms=0.0 suffix_ms=598.5 first_token_ms=2292.2 generation_ms=22804.4 generated=64 generation_tps=2.806
MEMORY mem_available_drop_mib=7576
END_CASE failed=0 timed_out=0
CASE placement=same mode=device children=8 paragraphs=80 context=8192
PARENT exit=0 text=8e42d861853d43f0 prefix_tokens=4081 prefix_ms=4415.7 publish_ms=7.13 state_bytes=66005 model_ms=640.4 context_ms=22.0 suffix_ms=57.7 generation_ms=12089.4 generated=64 generation_tps=5.294 total_ms=30866.8
CHILD index=0 own_instance=1 exit=0 text=c762b6e82f144cca role=child prefix_tokens=4081 suffix_tokens=16 model_ms=1212.4 context_ms=269.9 state_ms=215.38 prefix_ms=0.0 suffix_ms=626.6 first_token_ms=2628.3 generation_ms=22566.4 generated=64 generation_tps=2.836
CHILD index=1 own_instance=1 exit=0 text=5f0f74be36dfb05d role=child prefix_tokens=4081 suffix_tokens=16 model_ms=1203.7 context_ms=258.8 state_ms=183.16 prefix_ms=0.0 suffix_ms=596.3 first_token_ms=2527.2 generation_ms=22608.8 generated=64 generation_tps=2.831
CHILD index=2 own_instance=1 exit=0 text=45d93d75d8c246b5 role=child prefix_tokens=4081 suffix_tokens=16 model_ms=1194.6 context_ms=234.4 state_ms=122.89 prefix_ms=0.0 suffix_ms=396.4 first_token_ms=2240.8 generation_ms=22687.2 generated=64 generation_tps=2.821
CHILD index=3 own_instance=1 exit=0 text=4a8f18b77dbe0332 role=child prefix_tokens=4081 suffix_tokens=16 model_ms=1190.9 context_ms=271.9 state_ms=193.02 prefix_ms=0.0 suffix_ms=593.0 first_token_ms=2549.1 generation_ms=22610.7 generated=64 generation_tps=2.831
CHILD index=4 own_instance=1 exit=0 text=46404abc10d87546 role=child prefix_tokens=4081 suffix_tokens=16 model_ms=1201.2 context_ms=254.5 state_ms=184.52 prefix_ms=0.0 suffix_ms=597.4 first_token_ms=2527.7 generation_ms=22618.9 generated=64 generation_tps=2.829
CHILD index=5 own_instance=1 exit=0 text=46404abc10d87546 role=child prefix_tokens=4081 suffix_tokens=16 model_ms=1180.9 context_ms=251.2 state_ms=182.61 prefix_ms=0.0 suffix_ms=551.1 first_token_ms=2471.8 generation_ms=22622.3 generated=64 generation_tps=2.829
CHILD index=6 own_instance=1 exit=0 text=46404abc10d87546 role=child prefix_tokens=4081 suffix_tokens=16 model_ms=1131.5 context_ms=173.2 state_ms=126.22 prefix_ms=0.0 suffix_ms=246.6 first_token_ms=1941.0 generation_ms=22595.9 generated=64 generation_tps=2.832
CHILD index=7 own_instance=1 exit=0 text=46404abc10d87546 role=child prefix_tokens=4081 suffix_tokens=16 model_ms=1220.9 context_ms=271.0 state_ms=219.40 prefix_ms=0.0 suffix_ms=619.0 first_token_ms=2625.5 generation_ms=22560.5 generated=64 generation_tps=2.837
MEMORY mem_available_drop_mib=7527
END_CASE failed=0 timed_out=0
CASE placement=same mode=demand children=8 paragraphs=80 context=8192
PARENT exit=0 text=8e42d861853d43f0 prefix_tokens=4081 prefix_ms=4406.4 publish_ms=214.28 state_bytes=234086869 model_ms=632.0 context_ms=21.8 suffix_ms=58.0 generation_ms=12381.3 generated=64 generation_tps=5.169 total_ms=31027.9
CHILD index=0 own_instance=1 exit=0 text=c762b6e82f144cca role=child prefix_tokens=4081 suffix_tokens=16 model_ms=1193.9 context_ms=26.2 state_ms=247.47 prefix_ms=0.0 suffix_ms=616.9 first_token_ms=2381.6 generation_ms=22701.2 generated=64 generation_tps=2.819
CHILD index=1 own_instance=1 exit=0 text=5f0f74be36dfb05d role=child prefix_tokens=4081 suffix_tokens=16 model_ms=1203.5 context_ms=32.6 state_ms=246.96 prefix_ms=0.0 suffix_ms=622.5 first_token_ms=2394.1 generation_ms=22703.5 generated=64 generation_tps=2.819
CHILD index=2 own_instance=1 exit=0 text=45d93d75d8c246b5 role=child prefix_tokens=4081 suffix_tokens=16 model_ms=1207.3 context_ms=31.1 state_ms=243.05 prefix_ms=0.0 suffix_ms=620.5 first_token_ms=2404.2 generation_ms=22694.5 generated=64 generation_tps=2.820
CHILD index=3 own_instance=1 exit=0 text=4a8f18b77dbe0332 role=child prefix_tokens=4081 suffix_tokens=16 model_ms=1183.6 context_ms=30.9 state_ms=231.97 prefix_ms=0.0 suffix_ms=525.7 first_token_ms=2260.5 generation_ms=22693.3 generated=64 generation_tps=2.820
CHILD index=4 own_instance=1 exit=0 text=46404abc10d87546 role=child prefix_tokens=4081 suffix_tokens=16 model_ms=1155.6 context_ms=20.7 state_ms=145.90 prefix_ms=0.0 suffix_ms=233.0 first_token_ms=1824.2 generation_ms=22690.2 generated=64 generation_tps=2.821
CHILD index=5 own_instance=1 exit=0 text=46404abc10d87546 role=child prefix_tokens=4081 suffix_tokens=16 model_ms=1252.5 context_ms=23.3 state_ms=236.71 prefix_ms=0.0 suffix_ms=613.7 first_token_ms=2400.3 generation_ms=22672.8 generated=64 generation_tps=2.823
CHILD index=6 own_instance=1 exit=0 text=46404abc10d87546 role=child prefix_tokens=4081 suffix_tokens=16 model_ms=1210.2 context_ms=30.7 state_ms=243.03 prefix_ms=0.0 suffix_ms=619.9 first_token_ms=2406.4 generation_ms=22693.0 generated=64 generation_tps=2.820
CHILD index=7 own_instance=1 exit=0 text=46404abc10d87546 role=child prefix_tokens=4081 suffix_tokens=16 model_ms=1196.1 context_ms=26.5 state_ms=248.78 prefix_ms=0.0 suffix_ms=617.4 first_token_ms=2384.3 generation_ms=22711.5 generated=64 generation_tps=2.818
MEMORY mem_available_drop_mib=8441
END_CASE failed=0 timed_out=0
CASE placement=same mode=copy children=8 paragraphs=80 context=8192
PARENT exit=0 text=8e42d861853d43f0 prefix_tokens=4081 prefix_ms=4389.4 publish_ms=199.03 state_bytes=234086869 model_ms=637.8 context_ms=28.0 suffix_ms=57.7 generation_ms=11485.9 generated=64 generation_tps=5.572 total_ms=30924.6
CHILD index=0 own_instance=1 exit=0 text=c762b6e82f144cca role=child prefix_tokens=4081 suffix_tokens=16 model_ms=1243.6 context_ms=41.0 state_ms=170.69 prefix_ms=0.0 suffix_ms=582.1 first_token_ms=2334.6 generation_ms=22675.0 generated=64 generation_tps=2.822
CHILD index=1 own_instance=1 exit=0 text=5f0f74be36dfb05d role=child prefix_tokens=4081 suffix_tokens=16 model_ms=1198.6 context_ms=65.2 state_ms=175.58 prefix_ms=0.0 suffix_ms=584.1 first_token_ms=2312.0 generation_ms=22682.6 generated=64 generation_tps=2.822
CHILD index=2 own_instance=1 exit=0 text=45d93d75d8c246b5 role=child prefix_tokens=4081 suffix_tokens=16 model_ms=1187.6 context_ms=41.8 state_ms=190.91 prefix_ms=0.0 suffix_ms=435.2 first_token_ms=2126.4 generation_ms=22665.8 generated=64 generation_tps=2.824
CHILD index=3 own_instance=1 exit=0 text=4a8f18b77dbe0332 role=child prefix_tokens=4081 suffix_tokens=16 model_ms=1193.8 context_ms=68.4 state_ms=171.58 prefix_ms=0.0 suffix_ms=584.8 first_token_ms=2309.0 generation_ms=22688.0 generated=64 generation_tps=2.821
CHILD index=4 own_instance=1 exit=0 text=46404abc10d87546 role=child prefix_tokens=4081 suffix_tokens=16 model_ms=1179.3 context_ms=44.4 state_ms=206.63 prefix_ms=0.0 suffix_ms=566.4 first_token_ms=2278.0 generation_ms=22685.8 generated=64 generation_tps=2.821
CHILD index=5 own_instance=1 exit=0 text=46404abc10d87546 role=child prefix_tokens=4081 suffix_tokens=16 model_ms=1206.0 context_ms=44.6 state_ms=185.26 prefix_ms=0.0 suffix_ms=575.1 first_token_ms=2286.3 generation_ms=22678.6 generated=64 generation_tps=2.822
CHILD index=6 own_instance=1 exit=0 text=46404abc10d87546 role=child prefix_tokens=4081 suffix_tokens=16 model_ms=1253.9 context_ms=37.3 state_ms=170.76 prefix_ms=0.0 suffix_ms=582.9 first_token_ms=2324.9 generation_ms=22681.5 generated=64 generation_tps=2.822
CHILD index=7 own_instance=1 exit=0 text=46404abc10d87546 role=child prefix_tokens=4081 suffix_tokens=16 model_ms=1188.8 context_ms=47.5 state_ms=183.01 prefix_ms=0.0 suffix_ms=569.1 first_token_ms=2279.3 generation_ms=22688.7 generated=64 generation_tps=2.821
MEMORY mem_available_drop_mib=9182
END_CASE failed=0 timed_out=0
END_KVMECH
BEGIN_KVMECH run=3
CASE placement=same mode=copy children=8 paragraphs=320 context=32768
PARENT exit=0 text=c646470e58f73411 prefix_tokens=16321 prefix_ms=19793.3 publish_ms=562.68 state_bytes=936173269 model_ms=631.8 context_ms=58.2 suffix_ms=63.6 generation_ms=11842.6 generated=64 generation_tps=5.404 total_ms=48517.4
CHILD index=0 own_instance=1 exit=0 text=d42c4c07975a6446 role=child prefix_tokens=16321 suffix_tokens=16 model_ms=1188.9 context_ms=115.2 state_ms=359.38 prefix_ms=0.0 suffix_ms=245.9 first_token_ms=2180.0 generation_ms=23966.0 generated=64 generation_tps=2.670
CHILD index=1 own_instance=1 exit=0 text=3fd8649867d4bb41 role=child prefix_tokens=16321 suffix_tokens=16 model_ms=1279.5 context_ms=152.8 state_ms=364.95 prefix_ms=0.0 suffix_ms=648.5 first_token_ms=2748.5 generation_ms=23944.9 generated=64 generation_tps=2.673
CHILD index=2 own_instance=1 exit=0 text=3fd8649867d4bb41 role=child prefix_tokens=16321 suffix_tokens=16 model_ms=1212.6 context_ms=158.3 state_ms=430.30 prefix_ms=0.0 suffix_ms=633.5 first_token_ms=2733.4 generation_ms=23964.3 generated=64 generation_tps=2.671
CHILD index=3 own_instance=1 exit=0 text=3fd8649867d4bb41 role=child prefix_tokens=16321 suffix_tokens=16 model_ms=1253.9 context_ms=155.4 state_ms=401.41 prefix_ms=0.0 suffix_ms=639.9 first_token_ms=2739.7 generation_ms=23930.8 generated=64 generation_tps=2.674
CHILD index=4 own_instance=1 exit=0 text=3e0fd62f5aa50665 role=child prefix_tokens=16321 suffix_tokens=16 model_ms=1290.4 context_ms=176.2 state_ms=364.34 prefix_ms=0.0 suffix_ms=636.0 first_token_ms=2757.3 generation_ms=23943.0 generated=64 generation_tps=2.673
CHILD index=5 own_instance=1 exit=0 text=3e0fd62f5aa50665 role=child prefix_tokens=16321 suffix_tokens=16 model_ms=1177.9 context_ms=170.9 state_ms=444.54 prefix_ms=0.0 suffix_ms=582.6 first_token_ms=2678.6 generation_ms=23897.8 generated=64 generation_tps=2.678
CHILD index=6 own_instance=1 exit=0 text=4a8f18b77dbe0332 role=child prefix_tokens=16321 suffix_tokens=16 model_ms=1226.1 context_ms=200.6 state_ms=385.87 prefix_ms=0.0 suffix_ms=609.9 first_token_ms=2709.6 generation_ms=23951.2 generated=64 generation_tps=2.672
CHILD index=7 own_instance=1 exit=0 text=4a8f18b77dbe0332 role=child prefix_tokens=16321 suffix_tokens=16 model_ms=1214.9 context_ms=204.8 state_ms=382.21 prefix_ms=0.0 suffix_ms=648.2 first_token_ms=2746.4 generation_ms=23945.1 generated=64 generation_tps=2.673
MEMORY mem_available_drop_mib=20287
END_CASE failed=0 timed_out=0
CASE placement=same mode=demand children=8 paragraphs=320 context=32768
PARENT exit=0 text=c646470e58f73411 prefix_tokens=16321 prefix_ms=19810.0 publish_ms=555.47 state_bytes=936173269 model_ms=628.7 context_ms=35.0 suffix_ms=63.5 generation_ms=10097.7 generated=64 generation_tps=6.338 total_ms=48464.5
CHILD index=0 own_instance=1 exit=0 text=d42c4c07975a6446 role=child prefix_tokens=16321 suffix_tokens=16 model_ms=1223.3 context_ms=50.1 state_ms=529.52 prefix_ms=0.0 suffix_ms=261.1 first_token_ms=2359.6 generation_ms=23579.4 generated=64 generation_tps=2.714
CHILD index=1 own_instance=1 exit=0 text=3fd8649867d4bb41 role=child prefix_tokens=16321 suffix_tokens=16 model_ms=1234.3 context_ms=54.2 state_ms=750.46 prefix_ms=0.0 suffix_ms=649.1 first_token_ms=2970.5 generation_ms=23648.8 generated=64 generation_tps=2.706
CHILD index=2 own_instance=1 exit=0 text=3fd8649867d4bb41 role=child prefix_tokens=16321 suffix_tokens=16 model_ms=1246.8 context_ms=54.7 state_ms=720.49 prefix_ms=0.0 suffix_ms=659.4 first_token_ms=2983.6 generation_ms=23693.8 generated=64 generation_tps=2.701
CHILD index=3 own_instance=1 exit=0 text=3fd8649867d4bb41 role=child prefix_tokens=16321 suffix_tokens=16 model_ms=1265.7 context_ms=47.4 state_ms=731.05 prefix_ms=0.0 suffix_ms=658.8 first_token_ms=2982.6 generation_ms=23693.6 generated=64 generation_tps=2.701
CHILD index=4 own_instance=1 exit=0 text=3e0fd62f5aa50665 role=child prefix_tokens=16321 suffix_tokens=16 model_ms=1247.8 context_ms=56.7 state_ms=721.58 prefix_ms=0.0 suffix_ms=628.4 first_token_ms=2952.5 generation_ms=23707.5 generated=64 generation_tps=2.700
CHILD index=5 own_instance=1 exit=0 text=3e0fd62f5aa50665 role=child prefix_tokens=16321 suffix_tokens=16 model_ms=1292.2 context_ms=35.1 state_ms=692.24 prefix_ms=0.0 suffix_ms=646.7 first_token_ms=2971.5 generation_ms=23701.7 generated=64 generation_tps=2.700
CHILD index=6 own_instance=1 exit=0 text=4a8f18b77dbe0332 role=child prefix_tokens=16321 suffix_tokens=16 model_ms=1257.5 context_ms=57.1 state_ms=721.94 prefix_ms=0.0 suffix_ms=659.4 first_token_ms=2981.4 generation_ms=23692.6 generated=64 generation_tps=2.701
CHILD index=7 own_instance=1 exit=0 text=4a8f18b77dbe0332 role=child prefix_tokens=16321 suffix_tokens=16 model_ms=1256.2 context_ms=48.0 state_ms=729.17 prefix_ms=0.0 suffix_ms=631.0 first_token_ms=2955.4 generation_ms=23633.2 generated=64 generation_tps=2.708
MEMORY mem_available_drop_mib=14188
END_CASE failed=0 timed_out=0
CASE placement=same mode=device children=8 paragraphs=320 context=32768
PARENT exit=0 text=c646470e58f73411 prefix_tokens=16321 prefix_ms=19813.8 publish_ms=42.22 state_bytes=261845 model_ms=638.3 context_ms=34.3 suffix_ms=63.6 generation_ms=8122.9 generated=64 generation_tps=7.879 total_ms=47773.5
CHILD index=0 own_instance=1 exit=0 text=d42c4c07975a6446 role=child prefix_tokens=16321 suffix_tokens=16 model_ms=1246.4 context_ms=674.1 state_ms=43.90 prefix_ms=0.0 suffix_ms=237.1 first_token_ms=2478.3 generation_ms=23389.6 generated=64 generation_tps=2.736
CHILD index=1 own_instance=1 exit=0 text=3fd8649867d4bb41 role=child prefix_tokens=16321 suffix_tokens=16 model_ms=1236.4 context_ms=704.8 state_ms=199.44 prefix_ms=0.0 suffix_ms=600.4 first_token_ms=3045.0 generation_ms=23450.6 generated=64 generation_tps=2.729
CHILD index=2 own_instance=1 exit=0 text=3fd8649867d4bb41 role=child prefix_tokens=16321 suffix_tokens=16 model_ms=1235.6 context_ms=686.6 state_ms=182.97 prefix_ms=0.0 suffix_ms=624.9 first_token_ms=3033.0 generation_ms=23433.7 generated=64 generation_tps=2.731
CHILD index=3 own_instance=1 exit=0 text=3fd8649867d4bb41 role=child prefix_tokens=16321 suffix_tokens=16 model_ms=1225.9 context_ms=746.4 state_ms=209.51 prefix_ms=0.0 suffix_ms=615.7 first_token_ms=3091.9 generation_ms=23434.6 generated=64 generation_tps=2.731
CHILD index=4 own_instance=1 exit=0 text=3e0fd62f5aa50665 role=child prefix_tokens=16321 suffix_tokens=16 model_ms=1247.8 context_ms=690.5 state_ms=180.96 prefix_ms=0.0 suffix_ms=596.0 first_token_ms=3008.1 generation_ms=23440.7 generated=64 generation_tps=2.730
CHILD index=5 own_instance=1 exit=0 text=3e0fd62f5aa50665 role=child prefix_tokens=16321 suffix_tokens=16 model_ms=1236.2 context_ms=702.4 state_ms=176.91 prefix_ms=0.0 suffix_ms=604.2 first_token_ms=3007.1 generation_ms=23424.1 generated=64 generation_tps=2.732
CHILD index=6 own_instance=1 exit=0 text=4a8f18b77dbe0332 role=child prefix_tokens=16321 suffix_tokens=16 model_ms=1257.8 context_ms=721.8 state_ms=203.49 prefix_ms=0.0 suffix_ms=600.6 first_token_ms=3070.1 generation_ms=23446.3 generated=64 generation_tps=2.730
CHILD index=7 own_instance=1 exit=0 text=4a8f18b77dbe0332 role=child prefix_tokens=16321 suffix_tokens=16 model_ms=1248.9 context_ms=715.7 state_ms=210.27 prefix_ms=0.0 suffix_ms=610.2 first_token_ms=3083.6 generation_ms=23445.9 generated=64 generation_tps=2.730
MEMORY mem_available_drop_mib=7814
END_CASE failed=0 timed_out=0
CASE placement=same mode=device_tuned children=8 paragraphs=320 context=32768
PARENT exit=0 text=c646470e58f73411 prefix_tokens=16321 prefix_ms=19833.9 publish_ms=36.66 state_bytes=261845 model_ms=633.3 context_ms=34.5 suffix_ms=64.0 generation_ms=12834.8 generated=64 generation_tps=4.986 total_ms=47697.5
CHILD index=0 own_instance=1 exit=0 text=d42c4c07975a6446 role=child prefix_tokens=16321 suffix_tokens=16 model_ms=1161.5 context_ms=77.1 state_ms=14.60 prefix_ms=0.0 suffix_ms=256.4 first_token_ms=1798.3 generation_ms=23589.5 generated=64 generation_tps=2.713
CHILD index=1 own_instance=1 exit=0 text=3fd8649867d4bb41 role=child prefix_tokens=16321 suffix_tokens=16 model_ms=1247.8 context_ms=470.1 state_ms=12.78 prefix_ms=0.0 suffix_ms=650.3 first_token_ms=2677.5 generation_ms=23774.4 generated=64 generation_tps=2.692
CHILD index=2 own_instance=1 exit=0 text=3fd8649867d4bb41 role=child prefix_tokens=16321 suffix_tokens=16 model_ms=1242.2 context_ms=456.2 state_ms=20.86 prefix_ms=0.0 suffix_ms=653.9 first_token_ms=2671.4 generation_ms=23780.0 generated=64 generation_tps=2.691
CHILD index=3 own_instance=1 exit=0 text=3fd8649867d4bb41 role=child prefix_tokens=16321 suffix_tokens=16 model_ms=1137.4 context_ms=73.9 state_ms=9.55 prefix_ms=0.0 suffix_ms=250.7 first_token_ms=1755.2 generation_ms=23517.4 generated=64 generation_tps=2.721
CHILD index=4 own_instance=1 exit=0 text=3e0fd62f5aa50665 role=child prefix_tokens=16321 suffix_tokens=16 model_ms=1245.7 context_ms=465.2 state_ms=18.47 prefix_ms=0.0 suffix_ms=656.3 first_token_ms=2678.8 generation_ms=23753.6 generated=64 generation_tps=2.694
CHILD index=5 own_instance=1 exit=0 text=3e0fd62f5aa50665 role=child prefix_tokens=16321 suffix_tokens=16 model_ms=1254.1 context_ms=487.9 state_ms=11.85 prefix_ms=0.0 suffix_ms=664.7 first_token_ms=2708.7 generation_ms=23713.4 generated=64 generation_tps=2.699
CHILD index=6 own_instance=1 exit=0 text=4a8f18b77dbe0332 role=child prefix_tokens=16321 suffix_tokens=16 model_ms=1273.4 context_ms=458.2 state_ms=12.41 prefix_ms=0.0 suffix_ms=665.7 first_token_ms=2713.9 generation_ms=23759.8 generated=64 generation_tps=2.694
CHILD index=7 own_instance=1 exit=0 text=4a8f18b77dbe0332 role=child prefix_tokens=16321 suffix_tokens=16 model_ms=1238.9 context_ms=484.8 state_ms=14.65 prefix_ms=0.0 suffix_ms=658.1 first_token_ms=2702.6 generation_ms=23769.2 generated=64 generation_tps=2.693
MEMORY mem_available_drop_mib=7768
END_CASE failed=0 timed_out=0
CASE placement=same mode=device_merged children=8 paragraphs=320 context=32768
PARENT exit=0 text=c646470e58f73411 prefix_tokens=16321 prefix_ms=19818.4 publish_ms=127.21 state_bytes=261845 model_ms=632.0 context_ms=34.6 suffix_ms=64.3 generation_ms=12965.1 generated=64 generation_tps=4.936 total_ms=47655.4
CHILD index=0 own_instance=1 exit=0 text=d42c4c07975a6446 role=child prefix_tokens=16321 suffix_tokens=16 model_ms=1221.7 context_ms=130.8 state_ms=13.31 prefix_ms=0.0 suffix_ms=411.7 first_token_ms=2066.3 generation_ms=24150.6 generated=64 generation_tps=2.650
CHILD index=1 own_instance=1 exit=0 text=3fd8649867d4bb41 role=child prefix_tokens=16321 suffix_tokens=16 model_ms=1174.2 context_ms=56.9 state_ms=7.56 prefix_ms=0.0 suffix_ms=211.4 first_token_ms=1738.9 generation_ms=24112.6 generated=64 generation_tps=2.654
CHILD index=2 own_instance=1 exit=0 text=3fd8649867d4bb41 role=child prefix_tokens=16321 suffix_tokens=16 model_ms=1281.9 context_ms=168.7 state_ms=13.58 prefix_ms=0.0 suffix_ms=662.6 first_token_ms=2423.7 generation_ms=24009.5 generated=64 generation_tps=2.666
CHILD index=3 own_instance=1 exit=0 text=3fd8649867d4bb41 role=child prefix_tokens=16321 suffix_tokens=16 model_ms=1231.6 context_ms=197.7 state_ms=11.87 prefix_ms=0.0 suffix_ms=638.7 first_token_ms=2377.0 generation_ms=24043.3 generated=64 generation_tps=2.662
CHILD index=4 own_instance=1 exit=0 text=3e0fd62f5aa50665 role=child prefix_tokens=16321 suffix_tokens=16 model_ms=1220.9 context_ms=205.5 state_ms=15.04 prefix_ms=0.0 suffix_ms=648.6 first_token_ms=2391.3 generation_ms=24044.3 generated=64 generation_tps=2.662
CHILD index=5 own_instance=1 exit=0 text=3e0fd62f5aa50665 role=child prefix_tokens=16321 suffix_tokens=16 model_ms=1244.2 context_ms=203.5 state_ms=9.92 prefix_ms=0.0 suffix_ms=618.9 first_token_ms=2355.9 generation_ms=24004.1 generated=64 generation_tps=2.666
CHILD index=6 own_instance=1 exit=0 text=4a8f18b77dbe0332 role=child prefix_tokens=16321 suffix_tokens=16 model_ms=1212.3 context_ms=175.0 state_ms=11.06 prefix_ms=0.0 suffix_ms=545.4 first_token_ms=2252.9 generation_ms=24073.5 generated=64 generation_tps=2.659
CHILD index=7 own_instance=1 exit=0 text=4a8f18b77dbe0332 role=child prefix_tokens=16321 suffix_tokens=16 model_ms=1241.8 context_ms=180.9 state_ms=13.07 prefix_ms=0.0 suffix_ms=651.2 first_token_ms=2393.2 generation_ms=24018.2 generated=64 generation_tps=2.665
MEMORY mem_available_drop_mib=7757
END_CASE failed=0 timed_out=0
CASE placement=same mode=cow children=8 paragraphs=320 context=32768
PARENT exit=0 text=c646470e58f73411 prefix_tokens=16321 prefix_ms=19868.0 publish_ms=9.03 state_bytes=261845 model_ms=632.9 context_ms=35.3 suffix_ms=112.5 generation_ms=14041.0 generated=64 generation_tps=4.558 total_ms=48307.2
CHILD index=0 own_instance=1 exit=0 text=d42c4c07975a6446 role=child prefix_tokens=16321 suffix_tokens=16 model_ms=1232.5 context_ms=63.3 state_ms=7.28 prefix_ms=0.0 suffix_ms=1310.1 first_token_ms=2909.4 generation_ms=24188.3 generated=64 generation_tps=2.646
CHILD index=1 own_instance=1 exit=0 text=3fd8649867d4bb41 role=child prefix_tokens=16321 suffix_tokens=16 model_ms=1232.0 context_ms=59.8 state_ms=7.35 prefix_ms=0.0 suffix_ms=1308.6 first_token_ms=2909.4 generation_ms=24182.1 generated=64 generation_tps=2.647
CHILD index=2 own_instance=1 exit=0 text=3fd8649867d4bb41 role=child prefix_tokens=16321 suffix_tokens=16 model_ms=1248.9 context_ms=60.5 state_ms=7.16 prefix_ms=0.0 suffix_ms=1308.4 first_token_ms=2910.9 generation_ms=24178.2 generated=64 generation_tps=2.647
CHILD index=3 own_instance=1 exit=0 text=3fd8649867d4bb41 role=child prefix_tokens=16321 suffix_tokens=16 model_ms=1224.1 context_ms=62.8 state_ms=7.36 prefix_ms=0.0 suffix_ms=1303.2 first_token_ms=2900.8 generation_ms=24159.9 generated=64 generation_tps=2.649
CHILD index=4 own_instance=1 exit=0 text=3e0fd62f5aa50665 role=child prefix_tokens=16321 suffix_tokens=16 model_ms=1159.7 context_ms=34.5 state_ms=7.33 prefix_ms=0.0 suffix_ms=664.1 first_token_ms=2133.1 generation_ms=24431.3 generated=64 generation_tps=2.620
CHILD index=5 own_instance=1 exit=0 text=3e0fd62f5aa50665 role=child prefix_tokens=16321 suffix_tokens=16 model_ms=1237.9 context_ms=59.9 state_ms=7.23 prefix_ms=0.0 suffix_ms=1282.7 first_token_ms=2881.3 generation_ms=24202.6 generated=64 generation_tps=2.644
CHILD index=6 own_instance=1 exit=0 text=4a8f18b77dbe0332 role=child prefix_tokens=16321 suffix_tokens=16 model_ms=1240.4 context_ms=57.8 state_ms=7.36 prefix_ms=0.0 suffix_ms=1286.3 first_token_ms=2883.9 generation_ms=24155.0 generated=64 generation_tps=2.650
CHILD index=7 own_instance=1 exit=0 text=4a8f18b77dbe0332 role=child prefix_tokens=16321 suffix_tokens=16 model_ms=1241.6 context_ms=60.6 state_ms=7.32 prefix_ms=0.0 suffix_ms=1276.7 first_token_ms=2868.9 generation_ms=24204.2 generated=64 generation_tps=2.644
MEMORY mem_available_drop_mib=6882
END_CASE failed=0 timed_out=0
CASE placement=same mode=extent children=8 paragraphs=320 context=32768
PARENT exit=0 text=c646470e58f73411 prefix_tokens=16321 prefix_ms=19878.2 publish_ms=7.12 state_bytes=261845 model_ms=701.0 context_ms=36.2 suffix_ms=116.9 generation_ms=13725.4 generated=64 generation_tps=4.663 total_ms=47507.4
CHILD index=0 own_instance=1 exit=0 text=d42c4c07975a6446 role=child prefix_tokens=16321 suffix_tokens=16 model_ms=1230.8 context_ms=46.8 state_ms=7.77 prefix_ms=0.0 suffix_ms=602.9 first_token_ms=2183.2 generation_ms=24007.0 generated=64 generation_tps=2.666
CHILD index=1 own_instance=1 exit=0 text=3fd8649867d4bb41 role=child prefix_tokens=16321 suffix_tokens=16 model_ms=1236.3 context_ms=53.1 state_ms=7.54 prefix_ms=0.0 suffix_ms=602.2 first_token_ms=2182.6 generation_ms=23984.8 generated=64 generation_tps=2.668
CHILD index=2 own_instance=1 exit=0 text=3fd8649867d4bb41 role=child prefix_tokens=16321 suffix_tokens=16 model_ms=1230.1 context_ms=42.5 state_ms=7.46 prefix_ms=0.0 suffix_ms=579.7 first_token_ms=2149.1 generation_ms=24006.2 generated=64 generation_tps=2.666
CHILD index=3 own_instance=1 exit=0 text=3fd8649867d4bb41 role=child prefix_tokens=16321 suffix_tokens=16 model_ms=1269.4 context_ms=38.0 state_ms=7.61 prefix_ms=0.0 suffix_ms=627.2 first_token_ms=2240.5 generation_ms=23989.4 generated=64 generation_tps=2.668
CHILD index=4 own_instance=1 exit=0 text=3e0fd62f5aa50665 role=child prefix_tokens=16321 suffix_tokens=16 model_ms=1224.9 context_ms=47.3 state_ms=7.18 prefix_ms=0.0 suffix_ms=605.3 first_token_ms=2186.8 generation_ms=24017.1 generated=64 generation_tps=2.665
CHILD index=5 own_instance=1 exit=0 text=3e0fd62f5aa50665 role=child prefix_tokens=16321 suffix_tokens=16 model_ms=1269.9 context_ms=39.3 state_ms=7.95 prefix_ms=0.0 suffix_ms=663.0 first_token_ms=2289.0 generation_ms=23949.2 generated=64 generation_tps=2.672
CHILD index=6 own_instance=1 exit=0 text=4a8f18b77dbe0332 role=child prefix_tokens=16321 suffix_tokens=16 model_ms=1153.4 context_ms=35.8 state_ms=7.37 prefix_ms=0.0 suffix_ms=243.9 first_token_ms=1724.1 generation_ms=24115.8 generated=64 generation_tps=2.654
CHILD index=7 own_instance=1 exit=0 text=4a8f18b77dbe0332 role=child prefix_tokens=16321 suffix_tokens=16 model_ms=1215.2 context_ms=50.0 state_ms=7.37 prefix_ms=0.0 suffix_ms=607.0 first_token_ms=2181.6 generation_ms=24016.9 generated=64 generation_tps=2.665
MEMORY mem_available_drop_mib=6022
END_CASE failed=0 timed_out=0
CASE placement=cross mode=copy children=8 paragraphs=320 context=32768
PARENT exit=0 text=c646470e58f73411 prefix_tokens=16321 prefix_ms=19790.1 publish_ms=545.99 state_bytes=936173269 model_ms=652.9 context_ms=58.2 suffix_ms=63.8 generation_ms=8171.9 generated=64 generation_tps=7.832 total_ms=42740.8
CHILD index=0 own_instance=1 exit=0 text=d42c4c07975a6446 role=child prefix_tokens=16321 suffix_tokens=16 model_ms=1133.0 context_ms=77.2 state_ms=336.76 prefix_ms=0.0 suffix_ms=239.5 first_token_ms=2060.3 generation_ms=13745.5 generated=64 generation_tps=4.656
CHILD index=1 own_instance=0 exit=0 text=3fd8649867d4bb41 role=child prefix_tokens=16321 suffix_tokens=16 model_ms=1132.6 context_ms=81.3 state_ms=330.98 prefix_ms=0.0 suffix_ms=189.4 first_token_ms=2032.0 generation_ms=18806.6 generated=64 generation_tps=3.403
CHILD index=2 own_instance=1 exit=0 text=3fd8649867d4bb41 role=child prefix_tokens=16321 suffix_tokens=16 model_ms=1208.5 context_ms=168.6 state_ms=355.73 prefix_ms=0.0 suffix_ms=397.4 first_token_ms=2435.9 generation_ms=13663.1 generated=64 generation_tps=4.684
CHILD index=3 own_instance=0 exit=0 text=3fd8649867d4bb41 role=child prefix_tokens=16321 suffix_tokens=16 model_ms=1221.4 context_ms=160.0 state_ms=267.76 prefix_ms=0.0 suffix_ms=442.7 first_token_ms=2386.1 generation_ms=18695.3 generated=64 generation_tps=3.423
CHILD index=4 own_instance=1 exit=0 text=3e0fd62f5aa50665 role=child prefix_tokens=16321 suffix_tokens=16 model_ms=1225.0 context_ms=171.2 state_ms=357.10 prefix_ms=0.0 suffix_ms=413.6 first_token_ms=2455.7 generation_ms=13650.9 generated=64 generation_tps=4.688
CHILD index=5 own_instance=0 exit=0 text=3fd8649867d4bb41 role=child prefix_tokens=16321 suffix_tokens=16 model_ms=1176.2 context_ms=163.4 state_ms=278.80 prefix_ms=0.0 suffix_ms=430.8 first_token_ms=2352.4 generation_ms=18706.5 generated=64 generation_tps=3.421
CHILD index=6 own_instance=1 exit=0 text=4a8f18b77dbe0332 role=child prefix_tokens=16321 suffix_tokens=16 model_ms=1227.7 context_ms=154.5 state_ms=357.41 prefix_ms=0.0 suffix_ms=397.9 first_token_ms=2423.3 generation_ms=13656.8 generated=64 generation_tps=4.686
CHILD index=7 own_instance=0 exit=0 text=4a8f18b77dbe0332 role=child prefix_tokens=16321 suffix_tokens=16 model_ms=1243.9 context_ms=158.3 state_ms=270.61 prefix_ms=0.0 suffix_ms=465.7 first_token_ms=2433.0 generation_ms=18669.3 generated=64 generation_tps=3.428
MEMORY mem_available_drop_mib=20216
END_CASE failed=0 timed_out=0
CASE placement=cross mode=demand children=8 paragraphs=320 context=32768
PARENT exit=0 text=c646470e58f73411 prefix_tokens=16321 prefix_ms=19824.2 publish_ms=553.60 state_bytes=936173269 model_ms=626.9 context_ms=37.0 suffix_ms=64.2 generation_ms=8851.6 generated=64 generation_tps=7.230 total_ms=42619.7
CHILD index=0 own_instance=1 exit=0 text=d42c4c07975a6446 role=child prefix_tokens=16321 suffix_tokens=16 model_ms=1181.6 context_ms=38.2 state_ms=490.04 prefix_ms=0.0 suffix_ms=427.8 first_token_ms=2440.6 generation_ms=13583.1 generated=64 generation_tps=4.712
CHILD index=1 own_instance=0 exit=0 text=3fd8649867d4bb41 role=child prefix_tokens=16321 suffix_tokens=16 model_ms=1140.8 context_ms=33.1 state_ms=286.37 prefix_ms=0.0 suffix_ms=303.4 first_token_ms=2049.6 generation_ms=18763.6 generated=64 generation_tps=3.411
CHILD index=2 own_instance=1 exit=0 text=3fd8649867d4bb41 role=child prefix_tokens=16321 suffix_tokens=16 model_ms=846.9 context_ms=33.5 state_ms=274.67 prefix_ms=0.0 suffix_ms=197.3 first_token_ms=1573.1 generation_ms=13563.6 generated=64 generation_tps=4.718
CHILD index=3 own_instance=0 exit=0 text=3fd8649867d4bb41 role=child prefix_tokens=16321 suffix_tokens=16 model_ms=1161.6 context_ms=45.2 state_ms=410.54 prefix_ms=0.0 suffix_ms=499.1 first_token_ms=2420.3 generation_ms=18600.9 generated=64 generation_tps=3.441
CHILD index=4 own_instance=1 exit=0 text=3e0fd62f5aa50665 role=child prefix_tokens=16321 suffix_tokens=16 model_ms=1199.8 context_ms=42.4 state_ms=483.75 prefix_ms=0.0 suffix_ms=436.4 first_token_ms=2453.6 generation_ms=13595.8 generated=64 generation_tps=4.707
CHILD index=5 own_instance=0 exit=0 text=3fd8649867d4bb41 role=child prefix_tokens=16321 suffix_tokens=16 model_ms=1126.3 context_ms=33.6 state_ms=321.71 prefix_ms=0.0 suffix_ms=301.9 first_token_ms=2051.3 generation_ms=18798.4 generated=64 generation_tps=3.405
CHILD index=6 own_instance=1 exit=0 text=4a8f18b77dbe0332 role=child prefix_tokens=16321 suffix_tokens=16 model_ms=1224.1 context_ms=38.1 state_ms=467.13 prefix_ms=0.0 suffix_ms=434.7 first_token_ms=2461.6 generation_ms=13585.8 generated=64 generation_tps=4.711
CHILD index=7 own_instance=0 exit=0 text=4a8f18b77dbe0332 role=child prefix_tokens=16321 suffix_tokens=16 model_ms=1171.5 context_ms=42.7 state_ms=405.98 prefix_ms=0.0 suffix_ms=510.6 first_token_ms=2425.8 generation_ms=18607.0 generated=64 generation_tps=3.440
MEMORY mem_available_drop_mib=13693
END_CASE failed=0 timed_out=0
CASE placement=cross mode=device children=8 paragraphs=320 context=32768
PARENT exit=0 text=c646470e58f73411 prefix_tokens=16321 prefix_ms=19816.7 publish_ms=35.59 state_bytes=261845 model_ms=630.6 context_ms=34.4 suffix_ms=63.9 generation_ms=6176.1 generated=64 generation_tps=10.363 total_ms=35779.9
CHILD index=0 own_instance=1 exit=0 text=d42c4c07975a6446 role=child prefix_tokens=16321 suffix_tokens=16 model_ms=1184.7 context_ms=469.7 state_ms=104.76 prefix_ms=0.0 suffix_ms=354.5 first_token_ms=2408.5 generation_ms=12191.5 generated=64 generation_tps=5.250
STDERR llama_init_from_model: failed to initialize the context: kv cache: cannot map a published allocation
STDERR kv_fork: cannot create the context
CHILD index=1 own_instance=0 exit=1 text=e3b0c44298fc1c14 
CHILD index=2 own_instance=1 exit=0 text=3fd8649867d4bb41 role=child prefix_tokens=16321 suffix_tokens=16 model_ms=1200.4 context_ms=479.3 state_ms=115.30 prefix_ms=0.0 suffix_ms=399.4 first_token_ms=2495.0 generation_ms=12176.7 generated=64 generation_tps=5.256
STDERR llama_init_from_model: failed to initialize the context: kv cache: cannot map a published allocation
STDERR kv_fork: cannot create the context
CHILD index=3 own_instance=0 exit=1 text=e3b0c44298fc1c14 
CHILD index=4 own_instance=1 exit=0 text=3e0fd62f5aa50665 role=child prefix_tokens=16321 suffix_tokens=16 model_ms=1237.5 context_ms=449.3 state_ms=117.90 prefix_ms=0.0 suffix_ms=391.1 first_token_ms=2494.3 generation_ms=12177.6 generated=64 generation_tps=5.256
STDERR llama_init_from_model: failed to initialize the context: kv cache: cannot map a published allocation
STDERR kv_fork: cannot create the context
CHILD index=5 own_instance=0 exit=1 text=e3b0c44298fc1c14 
CHILD index=6 own_instance=1 exit=0 text=4a8f18b77dbe0332 role=child prefix_tokens=16321 suffix_tokens=16 model_ms=1176.1 context_ms=458.6 state_ms=100.77 prefix_ms=0.0 suffix_ms=375.3 first_token_ms=2416.1 generation_ms=12190.2 generated=64 generation_tps=5.250
STDERR llama_init_from_model: failed to initialize the context: kv cache: cannot map a published allocation
STDERR kv_fork: cannot create the context
CHILD index=7 own_instance=0 exit=1 text=e3b0c44298fc1c14 
MEMORY mem_available_drop_mib=3981
END_CASE failed=4 timed_out=0
CASE placement=cross mode=device_tuned children=8 paragraphs=320 context=32768
PARENT exit=0 text=c646470e58f73411 prefix_tokens=16321 prefix_ms=19825.7 publish_ms=41.20 state_bytes=261845 model_ms=631.5 context_ms=34.6 suffix_ms=64.6 generation_ms=6318.1 generated=64 generation_tps=10.130 total_ms=35760.9
CHILD index=0 own_instance=1 exit=0 text=d42c4c07975a6446 role=child prefix_tokens=16321 suffix_tokens=16 model_ms=1250.7 context_ms=495.8 state_ms=14.71 prefix_ms=0.0 suffix_ms=381.4 first_token_ms=2421.6 generation_ms=12228.9 generated=64 generation_tps=5.233
STDERR llama_init_from_model: failed to initialize the context: kv cache: cannot map a published allocation
STDERR kv_fork: cannot create the context
CHILD index=1 own_instance=0 exit=1 text=e3b0c44298fc1c14 
CHILD index=2 own_instance=1 exit=0 text=3fd8649867d4bb41 role=child prefix_tokens=16321 suffix_tokens=16 model_ms=1246.8 context_ms=481.7 state_ms=10.77 prefix_ms=0.0 suffix_ms=338.8 first_token_ms=2357.5 generation_ms=12211.0 generated=64 generation_tps=5.241
STDERR llama_init_from_model: failed to initialize the context: kv cache: cannot map a published allocation
STDERR kv_fork: cannot create the context
CHILD index=3 own_instance=0 exit=1 text=e3b0c44298fc1c14 
CHILD index=4 own_instance=1 exit=0 text=3e0fd62f5aa50665 role=child prefix_tokens=16321 suffix_tokens=16 model_ms=1236.2 context_ms=491.7 state_ms=14.60 prefix_ms=0.0 suffix_ms=371.9 first_token_ms=2412.1 generation_ms=12237.8 generated=64 generation_tps=5.230
STDERR llama_init_from_model: failed to initialize the context: kv cache: cannot map a published allocation
STDERR kv_fork: cannot create the context
CHILD index=5 own_instance=0 exit=1 text=e3b0c44298fc1c14 
CHILD index=6 own_instance=1 exit=0 text=4a8f18b77dbe0332 role=child prefix_tokens=16321 suffix_tokens=16 model_ms=1250.3 context_ms=489.8 state_ms=12.47 prefix_ms=0.0 suffix_ms=350.5 first_token_ms=2387.5 generation_ms=12232.4 generated=64 generation_tps=5.232
STDERR llama_init_from_model: failed to initialize the context: kv cache: cannot map a published allocation
STDERR kv_fork: cannot create the context
CHILD index=7 own_instance=0 exit=1 text=e3b0c44298fc1c14 
MEMORY mem_available_drop_mib=3982
END_CASE failed=4 timed_out=0
CASE placement=cross mode=device_merged children=8 paragraphs=320 context=32768
PARENT exit=0 text=c646470e58f73411 prefix_tokens=16321 prefix_ms=19830.2 publish_ms=105.08 state_bytes=261845 model_ms=628.3 context_ms=34.8 suffix_ms=64.0 generation_ms=7568.4 generated=64 generation_tps=8.456 total_ms=35769.6
CHILD index=0 own_instance=1 exit=0 text=d42c4c07975a6446 role=child prefix_tokens=16321 suffix_tokens=16 model_ms=1189.2 context_ms=138.6 state_ms=7.92 prefix_ms=0.0 suffix_ms=276.8 first_token_ms=1894.7 generation_ms=12625.1 generated=64 generation_tps=5.069
STDERR llama_init_from_model: failed to initialize the context: kv cache: cannot map a published allocation
STDERR kv_fork: cannot create the context
CHILD index=1 own_instance=0 exit=1 text=e3b0c44298fc1c14 
CHILD index=2 own_instance=1 exit=0 text=3fd8649867d4bb41 role=child prefix_tokens=16321 suffix_tokens=16 model_ms=1243.4 context_ms=179.2 state_ms=12.98 prefix_ms=0.0 suffix_ms=330.3 first_token_ms=2055.5 generation_ms=12531.1 generated=64 generation_tps=5.107
STDERR llama_init_from_model: failed to initialize the context: kv cache: cannot map a published allocation
STDERR kv_fork: cannot create the context
CHILD index=3 own_instance=0 exit=1 text=e3b0c44298fc1c14 
CHILD index=4 own_instance=1 exit=0 text=3e0fd62f5aa50665 role=child prefix_tokens=16321 suffix_tokens=16 model_ms=1209.7 context_ms=233.2 state_ms=14.37 prefix_ms=0.0 suffix_ms=395.5 first_token_ms=2157.8 generation_ms=12496.1 generated=64 generation_tps=5.122
STDERR llama_init_from_model: failed to initialize the context: kv cache: cannot map a published allocation
STDERR kv_fork: cannot create the context
CHILD index=5 own_instance=0 exit=1 text=e3b0c44298fc1c14 
CHILD index=6 own_instance=1 exit=0 text=4a8f18b77dbe0332 role=child prefix_tokens=16321 suffix_tokens=16 model_ms=1231.7 context_ms=218.4 state_ms=11.10 prefix_ms=0.0 suffix_ms=387.6 first_token_ms=2143.8 generation_ms=12503.6 generated=64 generation_tps=5.119
STDERR llama_init_from_model: failed to initialize the context: kv cache: cannot map a published allocation
STDERR kv_fork: cannot create the context
CHILD index=7 own_instance=0 exit=1 text=e3b0c44298fc1c14 
MEMORY mem_available_drop_mib=4007
END_CASE failed=4 timed_out=0
CASE placement=cross mode=cow children=8 paragraphs=320 context=32768
PARENT exit=0 text=c646470e58f73411 prefix_tokens=16321 prefix_ms=19852.3 publish_ms=9.55 state_bytes=261845 model_ms=634.0 context_ms=35.8 suffix_ms=116.9 generation_ms=9202.6 generated=64 generation_tps=6.955 total_ms=42843.5
CHILD index=0 own_instance=1 exit=0 text=d42c4c07975a6446 role=child prefix_tokens=16321 suffix_tokens=16 model_ms=1144.0 context_ms=40.6 state_ms=7.46 prefix_ms=0.0 suffix_ms=591.3 first_token_ms=2063.6 generation_ms=14165.9 generated=64 generation_tps=4.518
CHILD index=1 own_instance=0 exit=0 text=3fd8649867d4bb41 role=child prefix_tokens=16321 suffix_tokens=16 model_ms=1180.5 context_ms=60.1 state_ms=7.44 prefix_ms=0.0 suffix_ms=774.5 first_token_ms=2322.8 generation_ms=19407.3 generated=64 generation_tps=3.298
CHILD index=2 own_instance=1 exit=0 text=3fd8649867d4bb41 role=child prefix_tokens=16321 suffix_tokens=16 model_ms=1192.9 context_ms=61.7 state_ms=8.18 prefix_ms=0.0 suffix_ms=790.7 first_token_ms=2340.1 generation_ms=14073.1 generated=64 generation_tps=4.548
CHILD index=3 own_instance=0 exit=0 text=3fd8649867d4bb41 role=child prefix_tokens=16321 suffix_tokens=16 model_ms=1138.7 context_ms=40.6 state_ms=7.40 prefix_ms=0.0 suffix_ms=411.1 first_token_ms=1883.0 generation_ms=19522.4 generated=64 generation_tps=3.278
CHILD index=4 own_instance=1 exit=0 text=3e0fd62f5aa50665 role=child prefix_tokens=16321 suffix_tokens=16 model_ms=1189.2 context_ms=63.2 state_ms=7.50 prefix_ms=0.0 suffix_ms=793.2 first_token_ms=2343.4 generation_ms=14061.4 generated=64 generation_tps=4.551
CHILD index=5 own_instance=0 exit=0 text=3fd8649867d4bb41 role=child prefix_tokens=16321 suffix_tokens=16 model_ms=1188.4 context_ms=57.4 state_ms=7.35 prefix_ms=0.0 suffix_ms=764.0 first_token_ms=2310.4 generation_ms=19407.1 generated=64 generation_tps=3.298
CHILD index=6 own_instance=1 exit=0 text=4a8f18b77dbe0332 role=child prefix_tokens=16321 suffix_tokens=16 model_ms=1175.6 context_ms=60.6 state_ms=7.43 prefix_ms=0.0 suffix_ms=786.4 first_token_ms=2332.1 generation_ms=14060.0 generated=64 generation_tps=4.552
CHILD index=7 own_instance=0 exit=0 text=4a8f18b77dbe0332 role=child prefix_tokens=16321 suffix_tokens=16 model_ms=1215.1 context_ms=46.2 state_ms=7.38 prefix_ms=0.0 suffix_ms=770.5 first_token_ms=2338.7 generation_ms=19389.9 generated=64 generation_tps=3.301
MEMORY mem_available_drop_mib=6755
END_CASE failed=0 timed_out=0
CASE placement=cross mode=extent children=8 paragraphs=320 context=32768
PARENT exit=0 text=c646470e58f73411 prefix_tokens=16321 prefix_ms=19862.6 publish_ms=9.13 state_bytes=261845 model_ms=632.8 context_ms=36.8 suffix_ms=102.5 generation_ms=8741.7 generated=64 generation_tps=7.321 total_ms=42437.8
CHILD index=0 own_instance=1 exit=0 text=d42c4c07975a6446 role=child prefix_tokens=16321 suffix_tokens=16 model_ms=1224.3 context_ms=67.3 state_ms=7.64 prefix_ms=0.0 suffix_ms=381.5 first_token_ms=1951.9 generation_ms=13945.0 generated=64 generation_tps=4.589
CHILD index=1 own_instance=0 exit=0 text=3fd8649867d4bb41 role=child prefix_tokens=16321 suffix_tokens=16 model_ms=1203.3 context_ms=68.2 state_ms=7.31 prefix_ms=0.0 suffix_ms=411.7 first_token_ms=1967.4 generation_ms=19364.3 generated=64 generation_tps=3.305
CHILD index=2 own_instance=1 exit=0 text=3fd8649867d4bb41 role=child prefix_tokens=16321 suffix_tokens=16 model_ms=1217.3 context_ms=63.1 state_ms=7.30 prefix_ms=0.0 suffix_ms=363.2 first_token_ms=1932.1 generation_ms=13970.6 generated=64 generation_tps=4.581
CHILD index=3 own_instance=0 exit=0 text=3fd8649867d4bb41 role=child prefix_tokens=16321 suffix_tokens=16 model_ms=1197.2 context_ms=54.2 state_ms=7.75 prefix_ms=0.0 suffix_ms=405.0 first_token_ms=1961.6 generation_ms=19318.9 generated=64 generation_tps=3.313
CHILD index=4 own_instance=1 exit=0 text=3e0fd62f5aa50665 role=child prefix_tokens=16321 suffix_tokens=16 model_ms=1197.9 context_ms=59.0 state_ms=7.72 prefix_ms=0.0 suffix_ms=352.0 first_token_ms=1910.4 generation_ms=13951.9 generated=64 generation_tps=4.587
CHILD index=5 own_instance=0 exit=0 text=3fd8649867d4bb41 role=child prefix_tokens=16321 suffix_tokens=16 model_ms=1202.9 context_ms=64.6 state_ms=7.51 prefix_ms=0.0 suffix_ms=421.0 first_token_ms=1988.7 generation_ms=19357.1 generated=64 generation_tps=3.306
CHILD index=6 own_instance=1 exit=0 text=4a8f18b77dbe0332 role=child prefix_tokens=16321 suffix_tokens=16 model_ms=1242.5 context_ms=44.9 state_ms=7.72 prefix_ms=0.0 suffix_ms=413.0 first_token_ms=2007.7 generation_ms=13910.5 generated=64 generation_tps=4.601
CHILD index=7 own_instance=0 exit=0 text=4a8f18b77dbe0332 role=child prefix_tokens=16321 suffix_tokens=16 model_ms=1207.4 context_ms=62.5 state_ms=7.44 prefix_ms=0.0 suffix_ms=407.3 first_token_ms=1961.5 generation_ms=19371.9 generated=64 generation_tps=3.304
MEMORY mem_available_drop_mib=5898
END_CASE failed=0 timed_out=0
CASE placement=same mode=copy children=4 paragraphs=320 context=32768
PARENT exit=0 text=c646470e58f73411 prefix_tokens=16321 prefix_ms=19790.6 publish_ms=558.72 state_bytes=936173269 model_ms=642.5 context_ms=59.6 suffix_ms=61.8 generation_ms=8430.8 generated=64 generation_tps=7.591 total_ms=36367.7
CHILD index=0 own_instance=1 exit=0 text=d42c4c07975a6446 role=child prefix_tokens=16321 suffix_tokens=16 model_ms=898.2 context_ms=127.5 state_ms=434.97 prefix_ms=0.0 suffix_ms=385.7 first_token_ms=1992.5 generation_ms=12719.4 generated=64 generation_tps=5.032
CHILD index=1 own_instance=1 exit=0 text=3fd8649867d4bb41 role=child prefix_tokens=16321 suffix_tokens=16 model_ms=903.6 context_ms=125.6 state_ms=319.67 prefix_ms=0.0 suffix_ms=234.0 first_token_ms=1726.3 generation_ms=12841.9 generated=64 generation_tps=4.984
CHILD index=2 own_instance=1 exit=0 text=3fd8649867d4bb41 role=child prefix_tokens=16321 suffix_tokens=16 model_ms=895.0 context_ms=136.3 state_ms=425.64 prefix_ms=0.0 suffix_ms=401.3 first_token_ms=2006.9 generation_ms=12718.5 generated=64 generation_tps=5.032
CHILD index=3 own_instance=1 exit=0 text=3fd8649867d4bb41 role=child prefix_tokens=16321 suffix_tokens=16 model_ms=961.1 context_ms=109.7 state_ms=405.87 prefix_ms=0.0 suffix_ms=398.5 first_token_ms=2005.5 generation_ms=12710.8 generated=64 generation_tps=5.035
MEMORY mem_available_drop_mib=10301
END_CASE failed=0 timed_out=0
CASE placement=same mode=demand children=4 paragraphs=320 context=32768
PARENT exit=0 text=c646470e58f73411 prefix_tokens=16321 prefix_ms=19818.1 publish_ms=563.70 state_bytes=936173269 model_ms=632.5 context_ms=35.2 suffix_ms=61.8 generation_ms=8499.1 generated=64 generation_tps=7.530 total_ms=36330.8
CHILD index=0 own_instance=1 exit=0 text=d42c4c07975a6446 role=child prefix_tokens=16321 suffix_tokens=16 model_ms=984.7 context_ms=34.6 state_ms=361.89 prefix_ms=0.0 suffix_ms=352.0 first_token_ms=1882.4 generation_ms=12789.8 generated=64 generation_tps=5.004
CHILD index=1 own_instance=1 exit=0 text=3fd8649867d4bb41 role=child prefix_tokens=16321 suffix_tokens=16 model_ms=908.7 context_ms=43.0 state_ms=428.10 prefix_ms=0.0 suffix_ms=369.9 first_token_ms=1900.3 generation_ms=12797.3 generated=64 generation_tps=5.001
CHILD index=2 own_instance=1 exit=0 text=3fd8649867d4bb41 role=child prefix_tokens=16321 suffix_tokens=16 model_ms=914.1 context_ms=42.6 state_ms=427.65 prefix_ms=0.0 suffix_ms=349.5 first_token_ms=1879.1 generation_ms=12755.1 generated=64 generation_tps=5.018
CHILD index=3 own_instance=1 exit=0 text=3fd8649867d4bb41 role=child prefix_tokens=16321 suffix_tokens=16 model_ms=919.5 context_ms=40.5 state_ms=406.27 prefix_ms=0.0 suffix_ms=402.0 first_token_ms=1909.4 generation_ms=12789.8 generated=64 generation_tps=5.004
MEMORY mem_available_drop_mib=7173
END_CASE failed=0 timed_out=0
CASE placement=same mode=device children=4 paragraphs=320 context=32768
PARENT exit=0 text=c646470e58f73411 prefix_tokens=16321 prefix_ms=19809.0 publish_ms=39.41 state_bytes=261845 model_ms=686.5 context_ms=36.7 suffix_ms=61.9 generation_ms=8570.8 generated=64 generation_tps=7.467 total_ms=35793.0
CHILD index=0 own_instance=1 exit=0 text=d42c4c07975a6446 role=child prefix_tokens=16321 suffix_tokens=16 model_ms=990.0 context_ms=287.3 state_ms=186.17 prefix_ms=0.0 suffix_ms=401.7 first_token_ms=2009.4 generation_ms=12670.3 generated=64 generation_tps=5.051
CHILD index=1 own_instance=1 exit=0 text=3fd8649867d4bb41 role=child prefix_tokens=16321 suffix_tokens=16 model_ms=929.0 context_ms=303.5 state_ms=171.40 prefix_ms=0.0 suffix_ms=378.8 first_token_ms=1931.1 generation_ms=12699.3 generated=64 generation_tps=5.040
CHILD index=2 own_instance=1 exit=0 text=3fd8649867d4bb41 role=child prefix_tokens=16321 suffix_tokens=16 model_ms=935.7 context_ms=232.2 state_ms=73.02 prefix_ms=0.0 suffix_ms=202.0 first_token_ms=1583.8 generation_ms=12763.2 generated=64 generation_tps=5.014
CHILD index=3 own_instance=1 exit=0 text=3fd8649867d4bb41 role=child prefix_tokens=16321 suffix_tokens=16 model_ms=957.4 context_ms=292.8 state_ms=184.27 prefix_ms=0.0 suffix_ms=386.1 first_token_ms=1968.4 generation_ms=12700.3 generated=64 generation_tps=5.039
MEMORY mem_available_drop_mib=3967
END_CASE failed=0 timed_out=0
CASE placement=same mode=device_tuned children=4 paragraphs=320 context=32768
PARENT exit=0 text=c646470e58f73411 prefix_tokens=16321 prefix_ms=19824.7 publish_ms=37.15 state_bytes=261845 model_ms=629.0 context_ms=36.6 suffix_ms=61.7 generation_ms=9493.1 generated=64 generation_tps=6.742 total_ms=35727.2
CHILD index=0 own_instance=1 exit=0 text=d42c4c07975a6446 role=child prefix_tokens=16321 suffix_tokens=16 model_ms=892.1 context_ms=148.8 state_ms=9.01 prefix_ms=0.0 suffix_ms=272.6 first_token_ms=1477.3 generation_ms=13046.2 generated=64 generation_tps=4.906
CHILD index=1 own_instance=1 exit=0 text=3fd8649867d4bb41 role=child prefix_tokens=16321 suffix_tokens=16 model_ms=965.9 context_ms=156.6 state_ms=10.15 prefix_ms=0.0 suffix_ms=398.7 first_token_ms=1670.2 generation_ms=12963.7 generated=64 generation_tps=4.937
CHILD index=2 own_instance=1 exit=0 text=3fd8649867d4bb41 role=child prefix_tokens=16321 suffix_tokens=16 model_ms=895.5 context_ms=153.8 state_ms=8.97 prefix_ms=0.0 suffix_ms=275.0 first_token_ms=1484.8 generation_ms=13059.2 generated=64 generation_tps=4.901
CHILD index=3 own_instance=1 exit=0 text=3fd8649867d4bb41 role=child prefix_tokens=16321 suffix_tokens=16 model_ms=959.5 context_ms=160.2 state_ms=11.12 prefix_ms=0.0 suffix_ms=411.3 first_token_ms=1689.6 generation_ms=12945.7 generated=64 generation_tps=4.944
MEMORY mem_available_drop_mib=3990
END_CASE failed=0 timed_out=0
CASE placement=same mode=device_merged children=4 paragraphs=320 context=32768
PARENT exit=0 text=c646470e58f73411 prefix_tokens=16321 prefix_ms=19818.7 publish_ms=111.76 state_bytes=261845 model_ms=638.3 context_ms=36.8 suffix_ms=62.6 generation_ms=9780.1 generated=64 generation_tps=6.544 total_ms=35750.1
CHILD index=0 own_instance=1 exit=0 text=d42c4c07975a6446 role=child prefix_tokens=16321 suffix_tokens=16 model_ms=922.1 context_ms=74.8 state_ms=11.99 prefix_ms=0.0 suffix_ms=376.4 first_token_ms=1535.8 generation_ms=13050.3 generated=64 generation_tps=4.904
CHILD index=1 own_instance=1 exit=0 text=3fd8649867d4bb41 role=child prefix_tokens=16321 suffix_tokens=16 model_ms=934.4 context_ms=74.5 state_ms=11.52 prefix_ms=0.0 suffix_ms=376.2 first_token_ms=1535.0 generation_ms=13084.7 generated=64 generation_tps=4.891
CHILD index=2 own_instance=1 exit=0 text=3fd8649867d4bb41 role=child prefix_tokens=16321 suffix_tokens=16 model_ms=874.9 context_ms=51.1 state_ms=8.27 prefix_ms=0.0 suffix_ms=219.1 first_token_ms=1297.8 generation_ms=13159.0 generated=64 generation_tps=4.864
CHILD index=3 own_instance=1 exit=0 text=3fd8649867d4bb41 role=child prefix_tokens=16321 suffix_tokens=16 model_ms=968.8 context_ms=51.1 state_ms=7.67 prefix_ms=0.0 suffix_ms=369.7 first_token_ms=1544.5 generation_ms=13079.0 generated=64 generation_tps=4.893
MEMORY mem_available_drop_mib=3942
END_CASE failed=0 timed_out=0
CASE placement=same mode=cow children=4 paragraphs=320 context=32768
PARENT exit=0 text=c646470e58f73411 prefix_tokens=16321 prefix_ms=19864.9 publish_ms=7.89 state_bytes=261845 model_ms=639.6 context_ms=37.9 suffix_ms=137.6 generation_ms=9994.1 generated=64 generation_tps=6.404 total_ms=36029.8
CHILD index=0 own_instance=1 exit=0 text=d42c4c07975a6446 role=child prefix_tokens=16321 suffix_tokens=16 model_ms=923.3 context_ms=45.8 state_ms=8.62 prefix_ms=0.0 suffix_ms=734.5 first_token_ms=1860.3 generation_ms=13079.4 generated=64 generation_tps=4.893
CHILD index=1 own_instance=1 exit=0 text=3fd8649867d4bb41 role=child prefix_tokens=16321 suffix_tokens=16 model_ms=921.4 context_ms=48.3 state_ms=7.43 prefix_ms=0.0 suffix_ms=745.3 first_token_ms=1869.8 generation_ms=13070.4 generated=64 generation_tps=4.897
CHILD index=2 own_instance=1 exit=0 text=3fd8649867d4bb41 role=child prefix_tokens=16321 suffix_tokens=16 model_ms=927.1 context_ms=45.5 state_ms=7.36 prefix_ms=0.0 suffix_ms=694.4 first_token_ms=1817.6 generation_ms=13085.1 generated=64 generation_tps=4.891
CHILD index=3 own_instance=1 exit=0 text=3fd8649867d4bb41 role=child prefix_tokens=16321 suffix_tokens=16 model_ms=929.6 context_ms=46.6 state_ms=7.50 prefix_ms=0.0 suffix_ms=682.6 first_token_ms=1805.1 generation_ms=13088.4 generated=64 generation_tps=4.890
MEMORY mem_available_drop_mib=3496
END_CASE failed=0 timed_out=0
CASE placement=same mode=extent children=4 paragraphs=320 context=32768
PARENT exit=0 text=c646470e58f73411 prefix_tokens=16321 prefix_ms=19881.2 publish_ms=9.06 state_bytes=261845 model_ms=634.3 context_ms=37.2 suffix_ms=118.8 generation_ms=9887.6 generated=64 generation_tps=6.473 total_ms=35628.8
CHILD index=0 own_instance=1 exit=0 text=d42c4c07975a6446 role=child prefix_tokens=16321 suffix_tokens=16 model_ms=905.6 context_ms=47.2 state_ms=7.21 prefix_ms=0.0 suffix_ms=366.0 first_token_ms=1473.9 generation_ms=13038.0 generated=64 generation_tps=4.909
CHILD index=1 own_instance=1 exit=0 text=3fd8649867d4bb41 role=child prefix_tokens=16321 suffix_tokens=16 model_ms=909.9 context_ms=51.0 state_ms=7.52 prefix_ms=0.0 suffix_ms=356.4 first_token_ms=1466.6 generation_ms=13017.7 generated=64 generation_tps=4.916
CHILD index=2 own_instance=1 exit=0 text=3fd8649867d4bb41 role=child prefix_tokens=16321 suffix_tokens=16 model_ms=923.8 context_ms=44.6 state_ms=7.60 prefix_ms=0.0 suffix_ms=344.0 first_token_ms=1446.5 generation_ms=13029.2 generated=64 generation_tps=4.912
CHILD index=3 own_instance=1 exit=0 text=3fd8649867d4bb41 role=child prefix_tokens=16321 suffix_tokens=16 model_ms=901.9 context_ms=49.5 state_ms=7.46 prefix_ms=0.0 suffix_ms=363.6 first_token_ms=1465.1 generation_ms=13034.3 generated=64 generation_tps=4.910
MEMORY mem_available_drop_mib=3082
END_CASE failed=0 timed_out=0
CASE placement=same mode=copy children=1 paragraphs=320 context=32768
PARENT exit=0 text=c646470e58f73411 prefix_tokens=16321 prefix_ms=19805.1 publish_ms=530.32 state_bytes=936173269 model_ms=635.1 context_ms=60.0 suffix_ms=60.2 generation_ms=4672.0 generated=64 generation_tps=13.699 total_ms=27245.0
CHILD index=0 own_instance=1 exit=0 text=d42c4c07975a6446 role=child prefix_tokens=16321 suffix_tokens=16 model_ms=605.7 context_ms=66.8 state_ms=272.23 prefix_ms=0.0 suffix_ms=196.7 first_token_ms=1176.8 generation_ms=4568.8 generated=64 generation_tps=14.008
MEMORY mem_available_drop_mib=2536
END_CASE failed=0 timed_out=0
CASE placement=same mode=demand children=1 paragraphs=320 context=32768
PARENT exit=0 text=c646470e58f73411 prefix_tokens=16321 prefix_ms=19824.8 publish_ms=533.31 state_bytes=936173269 model_ms=633.4 context_ms=35.7 suffix_ms=60.6 generation_ms=4682.1 generated=64 generation_tps=13.669 total_ms=27254.8
CHILD index=0 own_instance=1 exit=0 text=d42c4c07975a6446 role=child prefix_tokens=16321 suffix_tokens=16 model_ms=601.8 context_ms=32.5 state_ms=288.26 prefix_ms=0.0 suffix_ms=207.2 first_token_ms=1164.9 generation_ms=4581.4 generated=64 generation_tps=13.970
MEMORY mem_available_drop_mib=1898
END_CASE failed=0 timed_out=0
CASE placement=same mode=device children=1 paragraphs=320 context=32768
PARENT exit=0 text=c646470e58f73411 prefix_tokens=16321 prefix_ms=19824.1 publish_ms=43.72 state_bytes=261845 model_ms=631.1 context_ms=35.6 suffix_ms=61.3 generation_ms=4793.7 generated=64 generation_tps=13.351 total_ms=26760.5
CHILD index=0 own_instance=1 exit=0 text=d42c4c07975a6446 role=child prefix_tokens=16321 suffix_tokens=16 model_ms=595.5 context_ms=174.0 state_ms=47.44 prefix_ms=0.0 suffix_ms=221.0 first_token_ms=1074.0 generation_ms=4678.3 generated=64 generation_tps=13.680
MEMORY mem_available_drop_mib=1073
END_CASE failed=0 timed_out=0
CASE placement=same mode=device_tuned children=1 paragraphs=320 context=32768
PARENT exit=0 text=c646470e58f73411 prefix_tokens=16321 prefix_ms=19828.8 publish_ms=41.73 state_bytes=261845 model_ms=635.7 context_ms=36.1 suffix_ms=60.6 generation_ms=4915.9 generated=64 generation_tps=13.019 total_ms=26763.1
CHILD index=0 own_instance=1 exit=0 text=d42c4c07975a6446 role=child prefix_tokens=16321 suffix_tokens=16 model_ms=602.8 context_ms=69.6 state_ms=8.40 prefix_ms=0.0 suffix_ms=175.1 first_token_ms=891.2 generation_ms=4846.4 generated=64 generation_tps=13.206
MEMORY mem_available_drop_mib=1066
END_CASE failed=0 timed_out=0
CASE placement=same mode=device_merged children=1 paragraphs=320 context=32768
PARENT exit=0 text=c646470e58f73411 prefix_tokens=16321 prefix_ms=19825.1 publish_ms=116.27 state_bytes=261845 model_ms=635.2 context_ms=35.4 suffix_ms=61.4 generation_ms=4939.7 generated=64 generation_tps=12.956 total_ms=26840.5
CHILD index=0 own_instance=1 exit=0 text=d42c4c07975a6446 role=child prefix_tokens=16321 suffix_tokens=16 model_ms=608.2 context_ms=50.9 state_ms=7.49 prefix_ms=0.0 suffix_ms=174.9 first_token_ms=877.2 generation_ms=4878.6 generated=64 generation_tps=13.118
MEMORY mem_available_drop_mib=1053
END_CASE failed=0 timed_out=0
CASE placement=same mode=cow children=1 paragraphs=320 context=32768
PARENT exit=0 text=c646470e58f73411 prefix_tokens=16321 prefix_ms=19875.6 publish_ms=8.92 state_bytes=261845 model_ms=628.2 context_ms=35.6 suffix_ms=127.5 generation_ms=4982.2 generated=64 generation_tps=12.846 total_ms=26879.7
CHILD index=0 own_instance=1 exit=0 text=d42c4c07975a6446 role=child prefix_tokens=16321 suffix_tokens=16 model_ms=604.7 context_ms=34.8 state_ms=7.21 prefix_ms=0.0 suffix_ms=311.8 first_token_ms=994.4 generation_ms=4859.0 generated=64 generation_tps=13.171
MEMORY mem_available_drop_mib=946
END_CASE failed=0 timed_out=0
CASE placement=same mode=extent children=1 paragraphs=320 context=32768
PARENT exit=0 text=c646470e58f73411 prefix_tokens=16321 prefix_ms=19887.6 publish_ms=9.05 state_bytes=261845 model_ms=636.3 context_ms=35.7 suffix_ms=142.9 generation_ms=4926.6 generated=64 generation_tps=12.991 total_ms=26771.3
CHILD index=0 own_instance=1 exit=0 text=d42c4c07975a6446 role=child prefix_tokens=16321 suffix_tokens=16 model_ms=591.2 context_ms=36.4 state_ms=7.37 prefix_ms=0.0 suffix_ms=180.7 first_token_ms=850.6 generation_ms=4888.7 generated=64 generation_tps=13.091
MEMORY mem_available_drop_mib=850
END_CASE failed=0 timed_out=0
CASE placement=same mode=copy children=8 paragraphs=80 context=8192
PARENT exit=0 text=8e42d861853d43f0 prefix_tokens=4081 prefix_ms=4395.8 publish_ms=229.34 state_bytes=234086869 model_ms=634.8 context_ms=28.7 suffix_ms=57.6 generation_ms=11855.8 generated=64 generation_tps=5.398 total_ms=30946.8
CHILD index=0 own_instance=1 exit=0 text=c762b6e82f144cca role=child prefix_tokens=4081 suffix_tokens=16 model_ms=1107.5 context_ms=28.1 state_ms=138.45 prefix_ms=0.0 suffix_ms=235.6 first_token_ms=1769.1 generation_ms=22525.4 generated=64 generation_tps=2.841
CHILD index=1 own_instance=1 exit=0 text=5f0f74be36dfb05d role=child prefix_tokens=4081 suffix_tokens=16 model_ms=1189.9 context_ms=55.7 state_ms=252.62 prefix_ms=0.0 suffix_ms=589.1 first_token_ms=2376.3 generation_ms=22632.5 generated=64 generation_tps=2.828
CHILD index=2 own_instance=1 exit=0 text=45d93d75d8c246b5 role=child prefix_tokens=4081 suffix_tokens=16 model_ms=1194.2 context_ms=71.0 state_ms=238.84 prefix_ms=0.0 suffix_ms=568.9 first_token_ms=2359.2 generation_ms=22615.6 generated=64 generation_tps=2.830
CHILD index=3 own_instance=1 exit=0 text=4a8f18b77dbe0332 role=child prefix_tokens=4081 suffix_tokens=16 model_ms=1177.2 context_ms=70.6 state_ms=240.33 prefix_ms=0.0 suffix_ms=595.2 first_token_ms=2383.5 generation_ms=22621.6 generated=64 generation_tps=2.829
CHILD index=4 own_instance=1 exit=0 text=46404abc10d87546 role=child prefix_tokens=4081 suffix_tokens=16 model_ms=1212.0 context_ms=41.4 state_ms=241.20 prefix_ms=0.0 suffix_ms=592.5 first_token_ms=2386.6 generation_ms=22645.4 generated=64 generation_tps=2.826
CHILD index=5 own_instance=1 exit=0 text=46404abc10d87546 role=child prefix_tokens=4081 suffix_tokens=16 model_ms=1184.6 context_ms=64.7 state_ms=241.62 prefix_ms=0.0 suffix_ms=566.7 first_token_ms=2353.6 generation_ms=22640.5 generated=64 generation_tps=2.827
CHILD index=6 own_instance=1 exit=0 text=46404abc10d87546 role=child prefix_tokens=4081 suffix_tokens=16 model_ms=1189.9 context_ms=66.2 state_ms=245.17 prefix_ms=0.0 suffix_ms=577.7 first_token_ms=2370.0 generation_ms=22649.1 generated=64 generation_tps=2.826
CHILD index=7 own_instance=1 exit=0 text=46404abc10d87546 role=child prefix_tokens=4081 suffix_tokens=16 model_ms=1253.6 context_ms=35.2 state_ms=233.69 prefix_ms=0.0 suffix_ms=584.9 first_token_ms=2388.7 generation_ms=22642.1 generated=64 generation_tps=2.827
MEMORY mem_available_drop_mib=9107
END_CASE failed=0 timed_out=0
CASE placement=same mode=demand children=8 paragraphs=80 context=8192
PARENT exit=0 text=8e42d861853d43f0 prefix_tokens=4081 prefix_ms=4406.4 publish_ms=229.86 state_bytes=234086869 model_ms=632.2 context_ms=22.0 suffix_ms=57.6 generation_ms=12483.2 generated=64 generation_tps=5.127 total_ms=31056.1
CHILD index=0 own_instance=1 exit=0 text=c762b6e82f144cca role=child prefix_tokens=4081 suffix_tokens=16 model_ms=1211.2 context_ms=42.3 state_ms=288.12 prefix_ms=0.0 suffix_ms=636.0 first_token_ms=2473.0 generation_ms=22676.0 generated=64 generation_tps=2.822
CHILD index=1 own_instance=1 exit=0 text=5f0f74be36dfb05d role=child prefix_tokens=4081 suffix_tokens=16 model_ms=1122.1 context_ms=20.8 state_ms=144.30 prefix_ms=0.0 suffix_ms=259.4 first_token_ms=1815.9 generation_ms=22552.2 generated=64 generation_tps=2.838
CHILD index=2 own_instance=1 exit=0 text=45d93d75d8c246b5 role=child prefix_tokens=4081 suffix_tokens=16 model_ms=1203.7 context_ms=33.5 state_ms=276.63 prefix_ms=0.0 suffix_ms=481.1 first_token_ms=2297.7 generation_ms=22679.0 generated=64 generation_tps=2.822
CHILD index=3 own_instance=1 exit=0 text=4a8f18b77dbe0332 role=child prefix_tokens=4081 suffix_tokens=16 model_ms=1217.3 context_ms=39.5 state_ms=287.14 prefix_ms=0.0 suffix_ms=638.2 first_token_ms=2466.2 generation_ms=22679.5 generated=64 generation_tps=2.822
CHILD index=4 own_instance=1 exit=0 text=46404abc10d87546 role=child prefix_tokens=4081 suffix_tokens=16 model_ms=1208.3 context_ms=37.7 state_ms=290.26 prefix_ms=0.0 suffix_ms=633.9 first_token_ms=2469.3 generation_ms=22671.2 generated=64 generation_tps=2.823
CHILD index=5 own_instance=1 exit=0 text=46404abc10d87546 role=child prefix_tokens=4081 suffix_tokens=16 model_ms=1221.1 context_ms=43.6 state_ms=287.43 prefix_ms=0.0 suffix_ms=616.0 first_token_ms=2452.2 generation_ms=22651.0 generated=64 generation_tps=2.825
CHILD index=6 own_instance=1 exit=0 text=46404abc10d87546 role=child prefix_tokens=4081 suffix_tokens=16 model_ms=1228.9 context_ms=24.6 state_ms=280.40 prefix_ms=0.0 suffix_ms=634.5 first_token_ms=2468.3 generation_ms=22675.3 generated=64 generation_tps=2.822
CHILD index=7 own_instance=1 exit=0 text=46404abc10d87546 role=child prefix_tokens=4081 suffix_tokens=16 model_ms=1216.2 context_ms=36.5 state_ms=286.75 prefix_ms=0.0 suffix_ms=609.6 first_token_ms=2439.8 generation_ms=22694.3 generated=64 generation_tps=2.820
MEMORY mem_available_drop_mib=8438
END_CASE failed=0 timed_out=0
CASE placement=same mode=device children=8 paragraphs=80 context=8192
PARENT exit=0 text=8e42d861853d43f0 prefix_tokens=4081 prefix_ms=4411.0 publish_ms=6.21 state_bytes=66005 model_ms=634.0 context_ms=22.2 suffix_ms=58.0 generation_ms=12801.7 generated=64 generation_tps=4.999 total_ms=30951.4
CHILD index=0 own_instance=1 exit=0 text=c762b6e82f144cca role=child prefix_tokens=4081 suffix_tokens=16 model_ms=1085.8 context_ms=121.4 state_ms=4.13 prefix_ms=0.0 suffix_ms=225.2 first_token_ms=1707.1 generation_ms=22009.3 generated=64 generation_tps=2.908
CHILD index=1 own_instance=1 exit=0 text=5f0f74be36dfb05d role=child prefix_tokens=4081 suffix_tokens=16 model_ms=1173.2 context_ms=278.2 state_ms=220.66 prefix_ms=0.0 suffix_ms=565.3 first_token_ms=2539.8 generation_ms=22597.1 generated=64 generation_tps=2.832
CHILD index=2 own_instance=1 exit=0 text=45d93d75d8c246b5 role=child prefix_tokens=4081 suffix_tokens=16 model_ms=1187.4 context_ms=270.5 state_ms=216.58 prefix_ms=0.0 suffix_ms=557.7 first_token_ms=2523.1 generation_ms=22585.2 generated=64 generation_tps=2.834
CHILD index=3 own_instance=1 exit=0 text=4a8f18b77dbe0332 role=child prefix_tokens=4081 suffix_tokens=16 model_ms=1209.1 context_ms=304.9 state_ms=215.55 prefix_ms=0.0 suffix_ms=605.3 first_token_ms=2638.6 generation_ms=22573.3 generated=64 generation_tps=2.835
CHILD index=4 own_instance=1 exit=0 text=46404abc10d87546 role=child prefix_tokens=4081 suffix_tokens=16 model_ms=1185.4 context_ms=288.2 state_ms=219.22 prefix_ms=0.0 suffix_ms=575.4 first_token_ms=2563.2 generation_ms=22590.2 generated=64 generation_tps=2.833
CHILD index=5 own_instance=1 exit=0 text=46404abc10d87546 role=child prefix_tokens=4081 suffix_tokens=16 model_ms=1192.7 context_ms=269.0 state_ms=217.99 prefix_ms=0.0 suffix_ms=584.3 first_token_ms=2550.7 generation_ms=22570.1 generated=64 generation_tps=2.836
CHILD index=6 own_instance=1 exit=0 text=46404abc10d87546 role=child prefix_tokens=4081 suffix_tokens=16 model_ms=1204.4 context_ms=310.2 state_ms=227.58 prefix_ms=0.0 suffix_ms=622.4 first_token_ms=2672.8 generation_ms=22541.3 generated=64 generation_tps=2.839
CHILD index=7 own_instance=1 exit=0 text=46404abc10d87546 role=child prefix_tokens=4081 suffix_tokens=16 model_ms=1181.4 context_ms=289.3 state_ms=219.36 prefix_ms=0.0 suffix_ms=602.5 first_token_ms=2588.6 generation_ms=22597.8 generated=64 generation_tps=2.832
MEMORY mem_available_drop_mib=7597
END_CASE failed=0 timed_out=0
CASE placement=same mode=device_tuned children=8 paragraphs=80 context=8192
PARENT exit=0 text=8e42d861853d43f0 prefix_tokens=4081 prefix_ms=4414.5 publish_ms=5.64 state_bytes=66005 model_ms=631.4 context_ms=22.7 suffix_ms=58.2 generation_ms=13750.4 generated=64 generation_tps=4.654 total_ms=30791.7
CHILD index=0 own_instance=1 exit=0 text=c762b6e82f144cca role=child prefix_tokens=4081 suffix_tokens=16 model_ms=1187.7 context_ms=142.3 state_ms=5.64 prefix_ms=0.0 suffix_ms=607.3 first_token_ms=2251.6 generation_ms=22819.0 generated=64 generation_tps=2.805
CHILD index=1 own_instance=1 exit=0 text=5f0f74be36dfb05d role=child prefix_tokens=4081 suffix_tokens=16 model_ms=1149.2 context_ms=38.4 state_ms=3.05 prefix_ms=0.0 suffix_ms=211.0 first_token_ms=1668.4 generation_ms=22872.8 generated=64 generation_tps=2.798
CHILD index=2 own_instance=1 exit=0 text=45d93d75d8c246b5 role=child prefix_tokens=4081 suffix_tokens=16 model_ms=1201.0 context_ms=151.2 state_ms=9.41 prefix_ms=0.0 suffix_ms=603.9 first_token_ms=2261.7 generation_ms=22835.3 generated=64 generation_tps=2.803
CHILD index=3 own_instance=1 exit=0 text=4a8f18b77dbe0332 role=child prefix_tokens=4081 suffix_tokens=16 model_ms=1194.1 context_ms=40.1 state_ms=3.02 prefix_ms=0.0 suffix_ms=326.6 first_token_ms=1847.2 generation_ms=22965.7 generated=64 generation_tps=2.787
CHILD index=4 own_instance=1 exit=0 text=46404abc10d87546 role=child prefix_tokens=4081 suffix_tokens=16 model_ms=1194.9 context_ms=127.8 state_ms=2.87 prefix_ms=0.0 suffix_ms=594.2 first_token_ms=2219.1 generation_ms=22847.5 generated=64 generation_tps=2.801
CHILD index=5 own_instance=1 exit=0 text=46404abc10d87546 role=child prefix_tokens=4081 suffix_tokens=16 model_ms=1229.8 context_ms=126.6 state_ms=8.06 prefix_ms=0.0 suffix_ms=617.0 first_token_ms=2286.7 generation_ms=22824.4 generated=64 generation_tps=2.804
CHILD index=6 own_instance=1 exit=0 text=46404abc10d87546 role=child prefix_tokens=4081 suffix_tokens=16 model_ms=1240.2 context_ms=144.0 state_ms=4.83 prefix_ms=0.0 suffix_ms=605.4 first_token_ms=2289.0 generation_ms=22821.8 generated=64 generation_tps=2.804
CHILD index=7 own_instance=1 exit=0 text=46404abc10d87546 role=child prefix_tokens=4081 suffix_tokens=16 model_ms=1210.5 context_ms=136.4 state_ms=3.90 prefix_ms=0.0 suffix_ms=591.8 first_token_ms=2229.5 generation_ms=22842.5 generated=64 generation_tps=2.802
MEMORY mem_available_drop_mib=7539
END_CASE failed=0 timed_out=0
CASE placement=same mode=device_merged children=8 paragraphs=80 context=8192
PARENT exit=0 text=8e42d861853d43f0 prefix_tokens=4081 prefix_ms=4417.2 publish_ms=26.52 state_bytes=66005 model_ms=627.9 context_ms=22.3 suffix_ms=58.1 generation_ms=13924.1 generated=64 generation_tps=4.596 total_ms=30802.1
CHILD index=0 own_instance=1 exit=0 text=c762b6e82f144cca role=child prefix_tokens=4081 suffix_tokens=16 model_ms=1204.9 context_ms=199.5 state_ms=6.36 prefix_ms=0.0 suffix_ms=613.6 first_token_ms=2324.5 generation_ms=22810.6 generated=64 generation_tps=2.806
CHILD index=1 own_instance=1 exit=0 text=5f0f74be36dfb05d role=child prefix_tokens=4081 suffix_tokens=16 model_ms=1193.4 context_ms=174.7 state_ms=8.68 prefix_ms=0.0 suffix_ms=611.4 first_token_ms=2276.1 generation_ms=22813.0 generated=64 generation_tps=2.805
CHILD index=2 own_instance=1 exit=0 text=45d93d75d8c246b5 role=child prefix_tokens=4081 suffix_tokens=16 model_ms=1103.0 context_ms=37.9 state_ms=3.94 prefix_ms=0.0 suffix_ms=183.4 first_token_ms=1593.3 generation_ms=22627.5 generated=64 generation_tps=2.828
CHILD index=3 own_instance=1 exit=0 text=4a8f18b77dbe0332 role=child prefix_tokens=4081 suffix_tokens=16 model_ms=1183.6 context_ms=167.4 state_ms=7.79 prefix_ms=0.0 suffix_ms=555.8 first_token_ms=2216.8 generation_ms=22807.0 generated=64 generation_tps=2.806
CHILD index=4 own_instance=1 exit=0 text=46404abc10d87546 role=child prefix_tokens=4081 suffix_tokens=16 model_ms=1255.8 context_ms=182.7 state_ms=7.01 prefix_ms=0.0 suffix_ms=624.7 first_token_ms=2357.8 generation_ms=22782.0 generated=64 generation_tps=2.809
CHILD index=5 own_instance=1 exit=0 text=46404abc10d87546 role=child prefix_tokens=4081 suffix_tokens=16 model_ms=1174.7 context_ms=177.3 state_ms=8.37 prefix_ms=0.0 suffix_ms=603.2 first_token_ms=2272.8 generation_ms=22824.6 generated=64 generation_tps=2.804
CHILD index=6 own_instance=1 exit=0 text=46404abc10d87546 role=child prefix_tokens=4081 suffix_tokens=16 model_ms=1189.9 context_ms=93.1 state_ms=2.94 prefix_ms=0.0 suffix_ms=468.8 first_token_ms=2047.8 generation_ms=22883.9 generated=64 generation_tps=2.797
CHILD index=7 own_instance=1 exit=0 text=46404abc10d87546 role=child prefix_tokens=4081 suffix_tokens=16 model_ms=1196.0 context_ms=187.1 state_ms=3.98 prefix_ms=0.0 suffix_ms=598.7 first_token_ms=2291.6 generation_ms=22824.2 generated=64 generation_tps=2.804
MEMORY mem_available_drop_mib=7662
END_CASE failed=0 timed_out=0
CASE placement=same mode=cow children=8 paragraphs=80 context=8192
PARENT exit=0 text=8e42d861853d43f0 prefix_tokens=4081 prefix_ms=4401.8 publish_ms=3.05 state_bytes=66005 model_ms=634.4 context_ms=22.8 suffix_ms=98.9 generation_ms=13710.9 generated=64 generation_tps=4.668 total_ms=31508.7
CHILD index=0 own_instance=1 exit=0 text=c762b6e82f144cca role=child prefix_tokens=4081 suffix_tokens=16 model_ms=1230.7 context_ms=21.5 state_ms=1.89 prefix_ms=0.0 suffix_ms=1443.9 first_token_ms=2990.6 generation_ms=22885.7 generated=64 generation_tps=2.797
CHILD index=1 own_instance=1 exit=0 text=5f0f74be36dfb05d role=child prefix_tokens=4081 suffix_tokens=16 model_ms=1188.8 context_ms=29.3 state_ms=1.67 prefix_ms=0.0 suffix_ms=1451.7 first_token_ms=2960.0 generation_ms=22910.3 generated=64 generation_tps=2.794
CHILD index=2 own_instance=1 exit=0 text=45d93d75d8c246b5 role=child prefix_tokens=4081 suffix_tokens=16 model_ms=1157.9 context_ms=27.3 state_ms=1.72 prefix_ms=0.0 suffix_ms=1338.8 first_token_ms=2808.9 generation_ms=22898.5 generated=64 generation_tps=2.795
CHILD index=3 own_instance=1 exit=0 text=4a8f18b77dbe0332 role=child prefix_tokens=4081 suffix_tokens=16 model_ms=1123.2 context_ms=21.5 state_ms=1.81 prefix_ms=0.0 suffix_ms=784.1 first_token_ms=2185.4 generation_ms=23203.0 generated=64 generation_tps=2.758
CHILD index=4 own_instance=1 exit=0 text=46404abc10d87546 role=child prefix_tokens=4081 suffix_tokens=16 model_ms=1192.5 context_ms=30.2 state_ms=1.88 prefix_ms=0.0 suffix_ms=1408.3 first_token_ms=2916.6 generation_ms=22925.6 generated=64 generation_tps=2.792
CHILD index=5 own_instance=1 exit=0 text=46404abc10d87546 role=child prefix_tokens=4081 suffix_tokens=16 model_ms=1201.4 context_ms=22.1 state_ms=1.81 prefix_ms=0.0 suffix_ms=1437.0 first_token_ms=2958.7 generation_ms=22910.8 generated=64 generation_tps=2.793
CHILD index=6 own_instance=1 exit=0 text=46404abc10d87546 role=child prefix_tokens=4081 suffix_tokens=16 model_ms=1185.9 context_ms=29.5 state_ms=1.68 prefix_ms=0.0 suffix_ms=1425.1 first_token_ms=2934.2 generation_ms=22923.6 generated=64 generation_tps=2.792
CHILD index=7 own_instance=1 exit=0 text=46404abc10d87546 role=child prefix_tokens=4081 suffix_tokens=16 model_ms=1162.4 context_ms=27.7 state_ms=1.79 prefix_ms=0.0 suffix_ms=1374.1 first_token_ms=2844.6 generation_ms=22931.5 generated=64 generation_tps=2.791
MEMORY mem_available_drop_mib=6709
END_CASE failed=0 timed_out=0
CASE placement=same mode=extent children=8 paragraphs=80 context=8192
PARENT exit=0 text=8e42d861853d43f0 prefix_tokens=4081 prefix_ms=4403.1 publish_ms=2.93 state_bytes=66005 model_ms=633.2 context_ms=23.2 suffix_ms=98.9 generation_ms=14384.8 generated=64 generation_tps=4.449 total_ms=30706.8
CHILD index=0 own_instance=1 exit=0 text=c762b6e82f144cca role=child prefix_tokens=4081 suffix_tokens=16 model_ms=889.7 context_ms=22.7 state_ms=2.02 prefix_ms=0.0 suffix_ms=164.5 first_token_ms=1312.2 generation_ms=22433.3 generated=64 generation_tps=2.853
CHILD index=1 own_instance=1 exit=0 text=5f0f74be36dfb05d role=child prefix_tokens=4081 suffix_tokens=16 model_ms=1167.2 context_ms=28.8 state_ms=1.77 prefix_ms=0.0 suffix_ms=508.8 first_token_ms=1992.3 generation_ms=22953.4 generated=64 generation_tps=2.788
CHILD index=2 own_instance=1 exit=0 text=45d93d75d8c246b5 role=child prefix_tokens=4081 suffix_tokens=16 model_ms=1195.2 context_ms=25.9 state_ms=1.72 prefix_ms=0.0 suffix_ms=540.2 first_token_ms=2044.8 generation_ms=22951.4 generated=64 generation_tps=2.789
CHILD index=3 own_instance=1 exit=0 text=4a8f18b77dbe0332 role=child prefix_tokens=4081 suffix_tokens=16 model_ms=1152.0 context_ms=26.6 state_ms=1.72 prefix_ms=0.0 suffix_ms=543.2 first_token_ms=2022.8 generation_ms=22955.1 generated=64 generation_tps=2.788
CHILD index=4 own_instance=1 exit=0 text=46404abc10d87546 role=child prefix_tokens=4081 suffix_tokens=16 model_ms=1229.0 context_ms=30.5 state_ms=1.79 prefix_ms=0.0 suffix_ms=578.7 first_token_ms=2125.8 generation_ms=22932.2 generated=64 generation_tps=2.791
CHILD index=5 own_instance=1 exit=0 text=46404abc10d87546 role=child prefix_tokens=4081 suffix_tokens=16 model_ms=1212.1 context_ms=27.2 state_ms=1.83 prefix_ms=0.0 suffix_ms=588.1 first_token_ms=2125.7 generation_ms=22932.1 generated=64 generation_tps=2.791
CHILD index=6 own_instance=1 exit=0 text=46404abc10d87546 role=child prefix_tokens=4081 suffix_tokens=16 model_ms=1183.9 context_ms=23.2 state_ms=1.93 prefix_ms=0.0 suffix_ms=558.9 first_token_ms=2058.0 generation_ms=22959.7 generated=64 generation_tps=2.787
CHILD index=7 own_instance=1 exit=0 text=46404abc10d87546 role=child prefix_tokens=4081 suffix_tokens=16 model_ms=1216.8 context_ms=28.8 state_ms=2.00 prefix_ms=0.0 suffix_ms=581.7 first_token_ms=2119.4 generation_ms=22918.9 generated=64 generation_tps=2.792
MEMORY mem_available_drop_mib=5786
END_CASE failed=0 timed_out=0
END_KVMECH
BEGIN_KVMECH run=4
CASE placement=same mode=extent children=8 paragraphs=320 context=32768
PARENT exit=0 text=c646470e58f73411 prefix_tokens=16321 prefix_ms=19880.0 publish_ms=8.94 state_bytes=261845 model_ms=640.0 context_ms=37.0 suffix_ms=111.8 generation_ms=14056.4 generated=64 generation_tps=4.553 total_ms=47463.2
CHILD index=0 own_instance=1 exit=0 text=d42c4c07975a6446 role=child prefix_tokens=16321 suffix_tokens=16 model_ms=1132.6 context_ms=34.7 state_ms=7.53 prefix_ms=0.0 suffix_ms=177.4 first_token_ms=1604.2 generation_ms=24033.1 generated=64 generation_tps=2.663
CHILD index=1 own_instance=1 exit=0 text=3fd8649867d4bb41 role=child prefix_tokens=16321 suffix_tokens=16 model_ms=1198.9 context_ms=48.1 state_ms=7.44 prefix_ms=0.0 suffix_ms=629.6 first_token_ms=2175.8 generation_ms=24024.8 generated=64 generation_tps=2.664
CHILD index=2 own_instance=1 exit=0 text=3fd8649867d4bb41 role=child prefix_tokens=16321 suffix_tokens=16 model_ms=1237.3 context_ms=45.6 state_ms=7.39 prefix_ms=0.0 suffix_ms=613.4 first_token_ms=2188.6 generation_ms=24020.3 generated=64 generation_tps=2.664
CHILD index=3 own_instance=1 exit=0 text=3fd8649867d4bb41 role=child prefix_tokens=16321 suffix_tokens=16 model_ms=1187.6 context_ms=43.9 state_ms=7.70 prefix_ms=0.0 suffix_ms=618.0 first_token_ms=2159.6 generation_ms=23976.2 generated=64 generation_tps=2.669
CHILD index=4 own_instance=1 exit=0 text=3e0fd62f5aa50665 role=child prefix_tokens=16321 suffix_tokens=16 model_ms=1208.2 context_ms=46.6 state_ms=7.38 prefix_ms=0.0 suffix_ms=613.0 first_token_ms=2156.3 generation_ms=24003.7 generated=64 generation_tps=2.666
CHILD index=5 own_instance=1 exit=0 text=3e0fd62f5aa50665 role=child prefix_tokens=16321 suffix_tokens=16 model_ms=1217.3 context_ms=46.9 state_ms=7.59 prefix_ms=0.0 suffix_ms=616.3 first_token_ms=2187.9 generation_ms=24020.0 generated=64 generation_tps=2.664
CHILD index=6 own_instance=1 exit=0 text=4a8f18b77dbe0332 role=child prefix_tokens=16321 suffix_tokens=16 model_ms=1194.6 context_ms=48.9 state_ms=7.46 prefix_ms=0.0 suffix_ms=613.7 first_token_ms=2162.3 generation_ms=24002.6 generated=64 generation_tps=2.666
CHILD index=7 own_instance=1 exit=0 text=4a8f18b77dbe0332 role=child prefix_tokens=16321 suffix_tokens=16 model_ms=1258.5 context_ms=38.6 state_ms=7.53 prefix_ms=0.0 suffix_ms=679.7 first_token_ms=2279.8 generation_ms=23949.8 generated=64 generation_tps=2.672
MEMORY mem_available_drop_mib=6006
END_CASE failed=0 timed_out=0
CASE placement=same mode=cow children=8 paragraphs=320 context=32768
PARENT exit=0 text=c646470e58f73411 prefix_tokens=16321 prefix_ms=19873.0 publish_ms=6.97 state_bytes=261845 model_ms=636.7 context_ms=36.5 suffix_ms=112.9 generation_ms=13599.7 generated=64 generation_tps=4.706 total_ms=48276.0
CHILD index=0 own_instance=1 exit=0 text=d42c4c07975a6446 role=child prefix_tokens=16321 suffix_tokens=16 model_ms=1254.2 context_ms=57.7 state_ms=7.34 prefix_ms=0.0 suffix_ms=1277.6 first_token_ms=2890.2 generation_ms=24140.5 generated=64 generation_tps=2.651
CHILD index=1 own_instance=1 exit=0 text=3fd8649867d4bb41 role=child prefix_tokens=16321 suffix_tokens=16 model_ms=1248.3 context_ms=58.9 state_ms=7.35 prefix_ms=0.0 suffix_ms=1279.9 first_token_ms=2890.8 generation_ms=24154.3 generated=64 generation_tps=2.650
CHILD index=2 own_instance=1 exit=0 text=3fd8649867d4bb41 role=child prefix_tokens=16321 suffix_tokens=16 model_ms=1220.6 context_ms=34.0 state_ms=11.23 prefix_ms=0.0 suffix_ms=979.6 first_token_ms=2519.0 generation_ms=24255.6 generated=64 generation_tps=2.639
CHILD index=3 own_instance=1 exit=0 text=3fd8649867d4bb41 role=child prefix_tokens=16321 suffix_tokens=16 model_ms=1256.4 context_ms=41.3 state_ms=7.50 prefix_ms=0.0 suffix_ms=1157.3 first_token_ms=2746.8 generation_ms=24175.2 generated=64 generation_tps=2.647
CHILD index=4 own_instance=1 exit=0 text=3e0fd62f5aa50665 role=child prefix_tokens=16321 suffix_tokens=16 model_ms=1243.2 context_ms=59.4 state_ms=7.32 prefix_ms=0.0 suffix_ms=1296.9 first_token_ms=2907.6 generation_ms=24147.8 generated=64 generation_tps=2.650
CHILD index=5 own_instance=1 exit=0 text=3e0fd62f5aa50665 role=child prefix_tokens=16321 suffix_tokens=16 model_ms=1261.9 context_ms=58.7 state_ms=7.32 prefix_ms=0.0 suffix_ms=1243.9 first_token_ms=2856.4 generation_ms=24170.2 generated=64 generation_tps=2.648
CHILD index=6 own_instance=1 exit=0 text=4a8f18b77dbe0332 role=child prefix_tokens=16321 suffix_tokens=16 model_ms=1301.8 context_ms=36.4 state_ms=7.19 prefix_ms=0.0 suffix_ms=1363.7 first_token_ms=2998.2 generation_ms=24077.1 generated=64 generation_tps=2.658
CHILD index=7 own_instance=1 exit=0 text=4a8f18b77dbe0332 role=child prefix_tokens=16321 suffix_tokens=16 model_ms=1243.0 context_ms=55.7 state_ms=7.49 prefix_ms=0.0 suffix_ms=1264.3 first_token_ms=2872.9 generation_ms=24163.5 generated=64 generation_tps=2.649
MEMORY mem_available_drop_mib=6897
END_CASE failed=0 timed_out=0
CASE placement=same mode=device_merged children=8 paragraphs=320 context=32768
PARENT exit=0 text=c646470e58f73411 prefix_tokens=16321 prefix_ms=19825.7 publish_ms=123.22 state_bytes=261845 model_ms=629.8 context_ms=36.5 suffix_ms=64.6 generation_ms=12866.7 generated=64 generation_tps=4.974 total_ms=47718.9
CHILD index=0 own_instance=1 exit=0 text=d42c4c07975a6446 role=child prefix_tokens=16321 suffix_tokens=16 model_ms=1219.3 context_ms=187.0 state_ms=11.29 prefix_ms=0.0 suffix_ms=623.2 first_token_ms=2342.8 generation_ms=24040.3 generated=64 generation_tps=2.662
CHILD index=1 own_instance=1 exit=0 text=3fd8649867d4bb41 role=child prefix_tokens=16321 suffix_tokens=16 model_ms=1217.0 context_ms=157.0 state_ms=9.35 prefix_ms=0.0 suffix_ms=497.1 first_token_ms=2185.5 generation_ms=24082.6 generated=64 generation_tps=2.658
CHILD index=2 own_instance=1 exit=0 text=3fd8649867d4bb41 role=child prefix_tokens=16321 suffix_tokens=16 model_ms=1226.5 context_ms=191.9 state_ms=9.25 prefix_ms=0.0 suffix_ms=635.0 first_token_ms=2360.6 generation_ms=24044.0 generated=64 generation_tps=2.662
CHILD index=3 own_instance=1 exit=0 text=3fd8649867d4bb41 role=child prefix_tokens=16321 suffix_tokens=16 model_ms=1273.5 context_ms=175.1 state_ms=12.27 prefix_ms=0.0 suffix_ms=681.5 first_token_ms=2440.8 generation_ms=23984.7 generated=64 generation_tps=2.668
CHILD index=4 own_instance=1 exit=0 text=3e0fd62f5aa50665 role=child prefix_tokens=16321 suffix_tokens=16 model_ms=1231.2 context_ms=191.2 state_ms=11.01 prefix_ms=0.0 suffix_ms=601.5 first_token_ms=2323.8 generation_ms=24042.7 generated=64 generation_tps=2.662
CHILD index=5 own_instance=1 exit=0 text=3e0fd62f5aa50665 role=child prefix_tokens=16321 suffix_tokens=16 model_ms=1198.9 context_ms=57.0 state_ms=7.74 prefix_ms=0.0 suffix_ms=202.2 first_token_ms=1737.3 generation_ms=24053.9 generated=64 generation_tps=2.661
CHILD index=6 own_instance=1 exit=0 text=4a8f18b77dbe0332 role=child prefix_tokens=16321 suffix_tokens=16 model_ms=1217.8 context_ms=195.3 state_ms=12.13 prefix_ms=0.0 suffix_ms=595.2 first_token_ms=2324.1 generation_ms=24101.6 generated=64 generation_tps=2.655
CHILD index=7 own_instance=1 exit=0 text=4a8f18b77dbe0332 role=child prefix_tokens=16321 suffix_tokens=16 model_ms=1285.4 context_ms=168.3 state_ms=11.94 prefix_ms=0.0 suffix_ms=633.1 first_token_ms=2389.5 generation_ms=24017.7 generated=64 generation_tps=2.665
MEMORY mem_available_drop_mib=7745
END_CASE failed=0 timed_out=0
CASE placement=same mode=device_tuned children=8 paragraphs=320 context=32768
PARENT exit=0 text=c646470e58f73411 prefix_tokens=16321 prefix_ms=19822.2 publish_ms=40.80 state_bytes=261845 model_ms=630.9 context_ms=36.3 suffix_ms=64.0 generation_ms=12642.1 generated=64 generation_tps=5.062 total_ms=47678.3
CHILD index=0 own_instance=1 exit=0 text=d42c4c07975a6446 role=child prefix_tokens=16321 suffix_tokens=16 model_ms=1243.0 context_ms=483.4 state_ms=17.92 prefix_ms=0.0 suffix_ms=665.7 first_token_ms=2693.6 generation_ms=23767.8 generated=64 generation_tps=2.693
CHILD index=1 own_instance=1 exit=0 text=3fd8649867d4bb41 role=child prefix_tokens=16321 suffix_tokens=16 model_ms=1192.1 context_ms=164.9 state_ms=10.78 prefix_ms=0.0 suffix_ms=306.2 first_token_ms=1961.1 generation_ms=23816.6 generated=64 generation_tps=2.687
CHILD index=2 own_instance=1 exit=0 text=3fd8649867d4bb41 role=child prefix_tokens=16321 suffix_tokens=16 model_ms=1234.0 context_ms=464.6 state_ms=13.34 prefix_ms=0.0 suffix_ms=650.9 first_token_ms=2654.3 generation_ms=23761.3 generated=64 generation_tps=2.693
CHILD index=3 own_instance=1 exit=0 text=3fd8649867d4bb41 role=child prefix_tokens=16321 suffix_tokens=16 model_ms=1267.2 context_ms=473.9 state_ms=19.87 prefix_ms=0.0 suffix_ms=675.4 first_token_ms=2738.0 generation_ms=23750.2 generated=64 generation_tps=2.695
CHILD index=4 own_instance=1 exit=0 text=3e0fd62f5aa50665 role=child prefix_tokens=16321 suffix_tokens=16 model_ms=1203.6 context_ms=346.5 state_ms=18.54 prefix_ms=0.0 suffix_ms=422.6 first_token_ms=2281.5 generation_ms=23912.4 generated=64 generation_tps=2.676
CHILD index=5 own_instance=1 exit=0 text=3e0fd62f5aa50665 role=child prefix_tokens=16321 suffix_tokens=16 model_ms=1231.6 context_ms=483.0 state_ms=14.11 prefix_ms=0.0 suffix_ms=668.1 first_token_ms=2692.1 generation_ms=23789.9 generated=64 generation_tps=2.690
CHILD index=6 own_instance=1 exit=0 text=4a8f18b77dbe0332 role=child prefix_tokens=16321 suffix_tokens=16 model_ms=1183.0 context_ms=69.9 state_ms=7.84 prefix_ms=0.0 suffix_ms=204.4 first_token_ms=1722.6 generation_ms=23555.5 generated=64 generation_tps=2.717
CHILD index=7 own_instance=1 exit=0 text=4a8f18b77dbe0332 role=child prefix_tokens=16321 suffix_tokens=16 model_ms=1231.6 context_ms=487.0 state_ms=15.30 prefix_ms=0.0 suffix_ms=678.5 first_token_ms=2708.9 generation_ms=23758.4 generated=64 generation_tps=2.694
MEMORY mem_available_drop_mib=7801
END_CASE failed=0 timed_out=0
CASE placement=same mode=device children=8 paragraphs=320 context=32768
PARENT exit=0 text=c646470e58f73411 prefix_tokens=16321 prefix_ms=19823.7 publish_ms=36.38 state_bytes=261845 model_ms=632.2 context_ms=35.9 suffix_ms=63.8 generation_ms=10149.0 generated=64 generation_tps=6.306 total_ms=47687.4
CHILD index=0 own_instance=1 exit=0 text=d42c4c07975a6446 role=child prefix_tokens=16321 suffix_tokens=16 model_ms=1237.9 context_ms=577.0 state_ms=216.92 prefix_ms=0.0 suffix_ms=542.9 first_token_ms=2867.8 generation_ms=23528.5 generated=64 generation_tps=2.720
CHILD index=1 own_instance=1 exit=0 text=3fd8649867d4bb41 role=child prefix_tokens=16321 suffix_tokens=16 model_ms=1269.5 context_ms=585.3 state_ms=288.32 prefix_ms=0.0 suffix_ms=707.0 first_token_ms=3153.0 generation_ms=23360.4 generated=64 generation_tps=2.740
CHILD index=2 own_instance=1 exit=0 text=3fd8649867d4bb41 role=child prefix_tokens=16321 suffix_tokens=16 model_ms=1224.3 context_ms=550.9 state_ms=211.43 prefix_ms=0.0 suffix_ms=539.0 first_token_ms=2822.1 generation_ms=23568.7 generated=64 generation_tps=2.715
CHILD index=3 own_instance=1 exit=0 text=3fd8649867d4bb41 role=child prefix_tokens=16321 suffix_tokens=16 model_ms=1155.3 context_ms=244.1 state_ms=102.60 prefix_ms=0.0 suffix_ms=234.2 first_token_ms=1999.0 generation_ms=22868.5 generated=64 generation_tps=2.799
CHILD index=4 own_instance=1 exit=0 text=3e0fd62f5aa50665 role=child prefix_tokens=16321 suffix_tokens=16 model_ms=1222.1 context_ms=503.7 state_ms=217.32 prefix_ms=0.0 suffix_ms=413.9 first_token_ms=2644.3 generation_ms=23539.7 generated=64 generation_tps=2.719
CHILD index=5 own_instance=1 exit=0 text=3e0fd62f5aa50665 role=child prefix_tokens=16321 suffix_tokens=16 model_ms=1218.4 context_ms=557.0 state_ms=213.02 prefix_ms=0.0 suffix_ms=512.2 first_token_ms=2786.4 generation_ms=23583.7 generated=64 generation_tps=2.714
CHILD index=6 own_instance=1 exit=0 text=4a8f18b77dbe0332 role=child prefix_tokens=16321 suffix_tokens=16 model_ms=1264.3 context_ms=588.7 state_ms=293.74 prefix_ms=0.0 suffix_ms=707.6 first_token_ms=3161.1 generation_ms=23363.9 generated=64 generation_tps=2.739
CHILD index=7 own_instance=1 exit=0 text=4a8f18b77dbe0332 role=child prefix_tokens=16321 suffix_tokens=16 model_ms=1273.0 context_ms=588.4 state_ms=293.30 prefix_ms=0.0 suffix_ms=707.6 first_token_ms=3158.4 generation_ms=23369.8 generated=64 generation_tps=2.739
MEMORY mem_available_drop_mib=7803
END_CASE failed=0 timed_out=0
CASE placement=same mode=demand children=8 paragraphs=320 context=32768
PARENT exit=0 text=c646470e58f73411 prefix_tokens=16321 prefix_ms=19806.5 publish_ms=534.14 state_bytes=936173269 model_ms=634.6 context_ms=36.6 suffix_ms=63.6 generation_ms=10256.8 generated=64 generation_tps=6.240 total_ms=48448.9
CHILD index=0 own_instance=1 exit=0 text=d42c4c07975a6446 role=child prefix_tokens=16321 suffix_tokens=16 model_ms=1235.3 context_ms=52.7 state_ms=862.84 prefix_ms=0.0 suffix_ms=636.5 first_token_ms=3077.9 generation_ms=23518.3 generated=64 generation_tps=2.721
CHILD index=1 own_instance=1 exit=0 text=3fd8649867d4bb41 role=child prefix_tokens=16321 suffix_tokens=16 model_ms=1217.2 context_ms=47.1 state_ms=869.84 prefix_ms=0.0 suffix_ms=662.6 first_token_ms=3105.1 generation_ms=23527.9 generated=64 generation_tps=2.720
CHILD index=2 own_instance=1 exit=0 text=3fd8649867d4bb41 role=child prefix_tokens=16321 suffix_tokens=16 model_ms=1254.3 context_ms=47.5 state_ms=840.19 prefix_ms=0.0 suffix_ms=628.3 first_token_ms=3072.9 generation_ms=23565.9 generated=64 generation_tps=2.716
CHILD index=3 own_instance=1 exit=0 text=3fd8649867d4bb41 role=child prefix_tokens=16321 suffix_tokens=16 model_ms=1202.7 context_ms=33.3 state_ms=279.97 prefix_ms=0.0 suffix_ms=272.4 first_token_ms=2064.4 generation_ms=22697.9 generated=64 generation_tps=2.820
CHILD index=4 own_instance=1 exit=0 text=3e0fd62f5aa50665 role=child prefix_tokens=16321 suffix_tokens=16 model_ms=1248.4 context_ms=47.3 state_ms=841.73 prefix_ms=0.0 suffix_ms=658.4 first_token_ms=3101.3 generation_ms=23521.3 generated=64 generation_tps=2.721
CHILD index=5 own_instance=1 exit=0 text=3e0fd62f5aa50665 role=child prefix_tokens=16321 suffix_tokens=16 model_ms=1241.1 context_ms=50.7 state_ms=863.34 prefix_ms=0.0 suffix_ms=646.6 first_token_ms=3090.8 generation_ms=23509.6 generated=64 generation_tps=2.722
CHILD index=6 own_instance=1 exit=0 text=4a8f18b77dbe0332 role=child prefix_tokens=16321 suffix_tokens=16 model_ms=1224.6 context_ms=51.1 state_ms=865.19 prefix_ms=0.0 suffix_ms=658.0 first_token_ms=3104.2 generation_ms=23538.0 generated=64 generation_tps=2.719
CHILD index=7 own_instance=1 exit=0 text=4a8f18b77dbe0332 role=child prefix_tokens=16321 suffix_tokens=16 model_ms=1294.9 context_ms=35.9 state_ms=817.52 prefix_ms=0.0 suffix_ms=632.1 first_token_ms=3077.3 generation_ms=23529.6 generated=64 generation_tps=2.720
MEMORY mem_available_drop_mib=14212
END_CASE failed=0 timed_out=0
CASE placement=same mode=copy children=8 paragraphs=320 context=32768
PARENT exit=0 text=c646470e58f73411 prefix_tokens=16321 prefix_ms=19799.3 publish_ms=526.96 state_bytes=936173269 model_ms=630.9 context_ms=61.9 suffix_ms=63.9 generation_ms=11277.2 generated=64 generation_tps=5.675 total_ms=48519.7
CHILD index=0 own_instance=1 exit=0 text=d42c4c07975a6446 role=child prefix_tokens=16321 suffix_tokens=16 model_ms=1308.1 context_ms=173.5 state_ms=548.09 prefix_ms=0.0 suffix_ms=653.3 first_token_ms=2980.3 generation_ms=23678.2 generated=64 generation_tps=2.703
CHILD index=1 own_instance=1 exit=0 text=3fd8649867d4bb41 role=child prefix_tokens=16321 suffix_tokens=16 model_ms=1241.1 context_ms=235.0 state_ms=556.16 prefix_ms=0.0 suffix_ms=643.2 first_token_ms=2969.8 generation_ms=23692.6 generated=64 generation_tps=2.701
CHILD index=2 own_instance=1 exit=0 text=3fd8649867d4bb41 role=child prefix_tokens=16321 suffix_tokens=16 model_ms=1228.3 context_ms=186.6 state_ms=607.03 prefix_ms=0.0 suffix_ms=657.9 first_token_ms=2983.6 generation_ms=23682.9 generated=64 generation_tps=2.702
CHILD index=3 own_instance=1 exit=0 text=3fd8649867d4bb41 role=child prefix_tokens=16321 suffix_tokens=16 model_ms=1035.4 context_ms=66.6 state_ms=266.74 prefix_ms=0.0 suffix_ms=371.8 first_token_ms=1990.4 generation_ms=23065.7 generated=64 generation_tps=2.775
CHILD index=4 own_instance=1 exit=0 text=3e0fd62f5aa50665 role=child prefix_tokens=16321 suffix_tokens=16 model_ms=1243.3 context_ms=217.8 state_ms=574.17 prefix_ms=0.0 suffix_ms=629.4 first_token_ms=2954.8 generation_ms=23678.4 generated=64 generation_tps=2.703
CHILD index=5 own_instance=1 exit=0 text=3e0fd62f5aa50665 role=child prefix_tokens=16321 suffix_tokens=16 model_ms=1345.1 context_ms=145.5 state_ms=557.15 prefix_ms=0.0 suffix_ms=619.7 first_token_ms=2944.9 generation_ms=23686.0 generated=64 generation_tps=2.702
CHILD index=6 own_instance=1 exit=0 text=4a8f18b77dbe0332 role=child prefix_tokens=16321 suffix_tokens=16 model_ms=1246.9 context_ms=205.8 state_ms=586.38 prefix_ms=0.0 suffix_ms=658.2 first_token_ms=2984.5 generation_ms=23653.4 generated=64 generation_tps=2.706
CHILD index=7 own_instance=1 exit=0 text=4a8f18b77dbe0332 role=child prefix_tokens=16321 suffix_tokens=16 model_ms=1232.8 context_ms=232.9 state_ms=559.88 prefix_ms=0.0 suffix_ms=643.7 first_token_ms=2966.0 generation_ms=23688.2 generated=64 generation_tps=2.702
MEMORY mem_available_drop_mib=20319
END_CASE failed=0 timed_out=0
CASE placement=cross mode=extent children=8 paragraphs=320 context=32768
PARENT exit=0 text=c646470e58f73411 prefix_tokens=16321 prefix_ms=19841.5 publish_ms=9.00 state_bytes=261845 model_ms=631.6 context_ms=36.8 suffix_ms=108.7 generation_ms=9181.0 generated=64 generation_tps=6.971 total_ms=42000.1
CHILD index=0 own_instance=1 exit=0 text=d42c4c07975a6446 role=child prefix_tokens=16321 suffix_tokens=16 model_ms=1180.4 context_ms=51.6 state_ms=7.49 prefix_ms=0.0 suffix_ms=370.8 first_token_ms=1910.8 generation_ms=14059.7 generated=64 generation_tps=4.552
CHILD index=1 own_instance=0 exit=0 text=3fd8649867d4bb41 role=child prefix_tokens=16321 suffix_tokens=16 model_ms=858.3 context_ms=35.8 state_ms=7.44 prefix_ms=0.0 suffix_ms=130.4 first_token_ms=1280.5 generation_ms=18567.0 generated=64 generation_tps=3.447
CHILD index=2 own_instance=1 exit=0 text=3fd8649867d4bb41 role=child prefix_tokens=16321 suffix_tokens=16 model_ms=1183.5 context_ms=50.9 state_ms=7.41 prefix_ms=0.0 suffix_ms=379.6 first_token_ms=1918.4 generation_ms=14057.1 generated=64 generation_tps=4.553
CHILD index=3 own_instance=0 exit=0 text=3fd8649867d4bb41 role=child prefix_tokens=16321 suffix_tokens=16 model_ms=1166.1 context_ms=56.9 state_ms=7.50 prefix_ms=0.0 suffix_ms=419.6 first_token_ms=1934.1 generation_ms=19007.4 generated=64 generation_tps=3.367
CHILD index=4 own_instance=1 exit=0 text=3e0fd62f5aa50665 role=child prefix_tokens=16321 suffix_tokens=16 model_ms=1186.1 context_ms=50.8 state_ms=7.42 prefix_ms=0.0 suffix_ms=379.9 first_token_ms=1901.6 generation_ms=14053.5 generated=64 generation_tps=4.554
CHILD index=5 own_instance=0 exit=0 text=3fd8649867d4bb41 role=child prefix_tokens=16321 suffix_tokens=16 model_ms=1204.1 context_ms=41.2 state_ms=7.59 prefix_ms=0.0 suffix_ms=473.5 first_token_ms=2028.9 generation_ms=18943.0 generated=64 generation_tps=3.379
CHILD index=6 own_instance=1 exit=0 text=4a8f18b77dbe0332 role=child prefix_tokens=16321 suffix_tokens=16 model_ms=1161.3 context_ms=56.3 state_ms=7.72 prefix_ms=0.0 suffix_ms=369.0 first_token_ms=1885.4 generation_ms=14016.2 generated=64 generation_tps=4.566
CHILD index=7 own_instance=0 exit=0 text=4a8f18b77dbe0332 role=child prefix_tokens=16321 suffix_tokens=16 model_ms=1169.9 context_ms=49.8 state_ms=7.74 prefix_ms=0.0 suffix_ms=409.6 first_token_ms=1913.2 generation_ms=19032.1 generated=64 generation_tps=3.363
MEMORY mem_available_drop_mib=5931
END_CASE failed=0 timed_out=0
CASE placement=cross mode=cow children=8 paragraphs=320 context=32768
PARENT exit=0 text=c646470e58f73411 prefix_tokens=16321 prefix_ms=19869.9 publish_ms=9.17 state_bytes=261845 model_ms=631.8 context_ms=36.5 suffix_ms=108.2 generation_ms=9865.4 generated=64 generation_tps=6.487 total_ms=42774.5
CHILD index=0 own_instance=1 exit=0 text=d42c4c07975a6446 role=child prefix_tokens=16321 suffix_tokens=16 model_ms=1002.6 context_ms=35.2 state_ms=7.24 prefix_ms=0.0 suffix_ms=259.7 first_token_ms=1555.5 generation_ms=14429.7 generated=64 generation_tps=4.435
CHILD index=1 own_instance=0 exit=0 text=3fd8649867d4bb41 role=child prefix_tokens=16321 suffix_tokens=16 model_ms=1140.2 context_ms=35.7 state_ms=7.31 prefix_ms=0.0 suffix_ms=798.5 first_token_ms=2280.2 generation_ms=19404.0 generated=64 generation_tps=3.298
CHILD index=2 own_instance=1 exit=0 text=3fd8649867d4bb41 role=child prefix_tokens=16321 suffix_tokens=16 model_ms=1214.6 context_ms=38.9 state_ms=7.28 prefix_ms=0.0 suffix_ms=771.2 first_token_ms=2308.6 generation_ms=14112.8 generated=64 generation_tps=4.535
CHILD index=3 own_instance=0 exit=0 text=3fd8649867d4bb41 role=child prefix_tokens=16321 suffix_tokens=16 model_ms=1137.7 context_ms=36.7 state_ms=7.49 prefix_ms=0.0 suffix_ms=785.4 first_token_ms=2249.9 generation_ms=19420.0 generated=64 generation_tps=3.296
CHILD index=4 own_instance=1 exit=0 text=3e0fd62f5aa50665 role=child prefix_tokens=16321 suffix_tokens=16 model_ms=1175.2 context_ms=38.8 state_ms=7.38 prefix_ms=0.0 suffix_ms=720.1 first_token_ms=2235.8 generation_ms=14135.1 generated=64 generation_tps=4.528
CHILD index=5 own_instance=0 exit=0 text=3fd8649867d4bb41 role=child prefix_tokens=16321 suffix_tokens=16 model_ms=1090.9 context_ms=40.9 state_ms=7.30 prefix_ms=0.0 suffix_ms=658.8 first_token_ms=2093.8 generation_ms=19488.6 generated=64 generation_tps=3.284
CHILD index=6 own_instance=1 exit=0 text=4a8f18b77dbe0332 role=child prefix_tokens=16321 suffix_tokens=16 model_ms=1183.2 context_ms=40.1 state_ms=7.28 prefix_ms=0.0 suffix_ms=772.3 first_token_ms=2304.5 generation_ms=14119.1 generated=64 generation_tps=4.533
CHILD index=7 own_instance=0 exit=0 text=4a8f18b77dbe0332 role=child prefix_tokens=16321 suffix_tokens=16 model_ms=1099.0 context_ms=40.7 state_ms=7.36 prefix_ms=0.0 suffix_ms=638.6 first_token_ms=2065.3 generation_ms=19491.8 generated=64 generation_tps=3.283
MEMORY mem_available_drop_mib=6785
END_CASE failed=0 timed_out=0
CASE placement=cross mode=device_merged children=8 paragraphs=320 context=32768
PARENT exit=0 text=c646470e58f73411 prefix_tokens=16321 prefix_ms=19829.8 publish_ms=113.66 state_bytes=261845 model_ms=630.1 context_ms=35.7 suffix_ms=64.1 generation_ms=7274.3 generated=64 generation_tps=8.798 total_ms=35778.4
CHILD index=0 own_instance=1 exit=0 text=d42c4c07975a6446 role=child prefix_tokens=16321 suffix_tokens=16 model_ms=1173.8 context_ms=243.1 state_ms=10.68 prefix_ms=0.0 suffix_ms=438.5 first_token_ms=2165.0 generation_ms=12440.8 generated=64 generation_tps=5.144
STDERR llama_init_from_model: failed to initialize the context: kv cache: cannot map a published allocation
STDERR kv_fork: cannot create the context
CHILD index=1 own_instance=0 exit=1 text=e3b0c44298fc1c14 
CHILD index=2 own_instance=1 exit=0 text=3fd8649867d4bb41 role=child prefix_tokens=16321 suffix_tokens=16 model_ms=1166.4 context_ms=323.5 state_ms=20.73 prefix_ms=0.0 suffix_ms=374.1 first_token_ms=2191.3 generation_ms=12469.7 generated=64 generation_tps=5.132
STDERR llama_init_from_model: failed to initialize the context: kv cache: cannot map a published allocation
STDERR kv_fork: cannot create the context
CHILD index=3 own_instance=0 exit=1 text=e3b0c44298fc1c14 
CHILD index=4 own_instance=1 exit=0 text=3e0fd62f5aa50665 role=child prefix_tokens=16321 suffix_tokens=16 model_ms=1165.7 context_ms=237.8 state_ms=9.67 prefix_ms=0.0 suffix_ms=355.9 first_token_ms=2076.6 generation_ms=12467.5 generated=64 generation_tps=5.133
STDERR llama_init_from_model: failed to initialize the context: kv cache: cannot map a published allocation
STDERR kv_fork: cannot create the context
CHILD index=5 own_instance=0 exit=1 text=e3b0c44298fc1c14 
CHILD index=6 own_instance=1 exit=0 text=4a8f18b77dbe0332 role=child prefix_tokens=16321 suffix_tokens=16 model_ms=1209.7 context_ms=321.1 state_ms=19.16 prefix_ms=0.0 suffix_ms=384.7 first_token_ms=2199.8 generation_ms=12461.6 generated=64 generation_tps=5.136
STDERR llama_init_from_model: failed to initialize the context: kv cache: cannot map a published allocation
STDERR kv_fork: cannot create the context
CHILD index=7 own_instance=0 exit=1 text=e3b0c44298fc1c14 
MEMORY mem_available_drop_mib=3942
END_CASE failed=4 timed_out=0
CASE placement=cross mode=device_tuned children=8 paragraphs=320 context=32768
PARENT exit=0 text=c646470e58f73411 prefix_tokens=16321 prefix_ms=19828.0 publish_ms=39.29 state_bytes=261845 model_ms=631.8 context_ms=35.9 suffix_ms=64.0 generation_ms=6335.4 generated=64 generation_tps=10.102 total_ms=35770.5
CHILD index=0 own_instance=1 exit=0 text=d42c4c07975a6446 role=child prefix_tokens=16321 suffix_tokens=16 model_ms=1215.1 context_ms=483.5 state_ms=10.87 prefix_ms=0.0 suffix_ms=355.6 first_token_ms=2359.4 generation_ms=12222.9 generated=64 generation_tps=5.236
STDERR llama_init_from_model: failed to initialize the context: kv cache: cannot map a published allocation
STDERR kv_fork: cannot create the context
CHILD index=1 own_instance=0 exit=1 text=e3b0c44298fc1c14 
CHILD index=2 own_instance=1 exit=0 text=3fd8649867d4bb41 role=child prefix_tokens=16321 suffix_tokens=16 model_ms=1209.8 context_ms=527.1 state_ms=10.98 prefix_ms=0.0 suffix_ms=386.8 first_token_ms=2421.4 generation_ms=12225.4 generated=64 generation_tps=5.235
STDERR llama_init_from_model: failed to initialize the context: kv cache: cannot map a published allocation
STDERR kv_fork: cannot create the context
CHILD index=3 own_instance=0 exit=1 text=e3b0c44298fc1c14 
CHILD index=4 own_instance=1 exit=0 text=3e0fd62f5aa50665 role=child prefix_tokens=16321 suffix_tokens=16 model_ms=1208.9 context_ms=506.0 state_ms=12.15 prefix_ms=0.0 suffix_ms=397.6 first_token_ms=2424.7 generation_ms=12227.2 generated=64 generation_tps=5.234
STDERR llama_init_from_model: failed to initialize the context: kv cache: cannot map a published allocation
STDERR kv_fork: cannot create the context
CHILD index=5 own_instance=0 exit=1 text=e3b0c44298fc1c14 
CHILD index=6 own_instance=1 exit=0 text=4a8f18b77dbe0332 role=child prefix_tokens=16321 suffix_tokens=16 model_ms=1201.3 context_ms=495.6 state_ms=11.37 prefix_ms=0.0 suffix_ms=363.6 first_token_ms=2375.5 generation_ms=12229.8 generated=64 generation_tps=5.233
STDERR llama_init_from_model: failed to initialize the context: kv cache: cannot map a published allocation
STDERR kv_fork: cannot create the context
CHILD index=7 own_instance=0 exit=1 text=e3b0c44298fc1c14 
MEMORY mem_available_drop_mib=3983
END_CASE failed=4 timed_out=0
CASE placement=cross mode=device children=8 paragraphs=320 context=32768
PARENT exit=0 text=c646470e58f73411 prefix_tokens=16321 prefix_ms=19818.3 publish_ms=38.64 state_bytes=261845 model_ms=644.4 context_ms=36.3 suffix_ms=63.8 generation_ms=6214.6 generated=64 generation_tps=10.298 total_ms=35822.4
CHILD index=0 own_instance=1 exit=0 text=d42c4c07975a6446 role=child prefix_tokens=16321 suffix_tokens=16 model_ms=1171.3 context_ms=518.7 state_ms=108.85 prefix_ms=0.0 suffix_ms=385.3 first_token_ms=2485.9 generation_ms=12201.0 generated=64 generation_tps=5.245
STDERR llama_init_from_model: failed to initialize the context: kv cache: cannot map a published allocation
STDERR kv_fork: cannot create the context
CHILD index=1 own_instance=0 exit=1 text=e3b0c44298fc1c14 
CHILD index=2 own_instance=1 exit=0 text=3fd8649867d4bb41 role=child prefix_tokens=16321 suffix_tokens=16 model_ms=1163.0 context_ms=502.8 state_ms=117.64 prefix_ms=0.0 suffix_ms=380.0 first_token_ms=2473.0 generation_ms=12215.3 generated=64 generation_tps=5.239
STDERR llama_init_from_model: failed to initialize the context: kv cache: cannot map a published allocation
STDERR kv_fork: cannot create the context
CHILD index=3 own_instance=0 exit=1 text=e3b0c44298fc1c14 
CHILD index=4 own_instance=1 exit=0 text=3e0fd62f5aa50665 role=child prefix_tokens=16321 suffix_tokens=16 model_ms=1188.1 context_ms=495.5 state_ms=117.48 prefix_ms=0.0 suffix_ms=373.3 first_token_ms=2459.9 generation_ms=12151.1 generated=64 generation_tps=5.267
STDERR llama_init_from_model: failed to initialize the context: kv cache: cannot map a published allocation
STDERR kv_fork: cannot create the context
CHILD index=5 own_instance=0 exit=1 text=e3b0c44298fc1c14 
CHILD index=6 own_instance=1 exit=0 text=4a8f18b77dbe0332 role=child prefix_tokens=16321 suffix_tokens=16 model_ms=1170.0 context_ms=493.4 state_ms=113.94 prefix_ms=0.0 suffix_ms=386.8 first_token_ms=2469.7 generation_ms=12210.5 generated=64 generation_tps=5.241
STDERR llama_init_from_model: failed to initialize the context: kv cache: cannot map a published allocation
STDERR kv_fork: cannot create the context
CHILD index=7 own_instance=0 exit=1 text=e3b0c44298fc1c14 
MEMORY mem_available_drop_mib=3963
END_CASE failed=4 timed_out=0
CASE placement=cross mode=demand children=8 paragraphs=320 context=32768
PARENT exit=0 text=c646470e58f73411 prefix_tokens=16321 prefix_ms=19822.5 publish_ms=563.66 state_bytes=936173269 model_ms=628.2 context_ms=36.3 suffix_ms=63.9 generation_ms=7558.4 generated=64 generation_tps=8.467 total_ms=43077.3
CHILD index=0 own_instance=1 exit=0 text=d42c4c07975a6446 role=child prefix_tokens=16321 suffix_tokens=16 model_ms=1135.6 context_ms=33.0 state_ms=261.57 prefix_ms=0.0 suffix_ms=224.0 first_token_ms=1940.3 generation_ms=13352.6 generated=64 generation_tps=4.793
CHILD index=1 own_instance=0 exit=0 text=3fd8649867d4bb41 role=child prefix_tokens=16321 suffix_tokens=16 model_ms=1195.1 context_ms=53.6 state_ms=680.88 prefix_ms=0.0 suffix_ms=437.8 first_token_ms=2656.7 generation_ms=18691.0 generated=64 generation_tps=3.424
CHILD index=2 own_instance=1 exit=0 text=3fd8649867d4bb41 role=child prefix_tokens=16321 suffix_tokens=16 model_ms=1184.0 context_ms=53.7 state_ms=681.61 prefix_ms=0.0 suffix_ms=392.3 first_token_ms=2615.6 generation_ms=13358.0 generated=64 generation_tps=4.791
CHILD index=3 own_instance=0 exit=0 text=3fd8649867d4bb41 role=child prefix_tokens=16321 suffix_tokens=16 model_ms=1253.2 context_ms=36.6 state_ms=647.06 prefix_ms=0.0 suffix_ms=421.6 first_token_ms=2644.2 generation_ms=18764.1 generated=64 generation_tps=3.411
CHILD index=4 own_instance=1 exit=0 text=3e0fd62f5aa50665 role=child prefix_tokens=16321 suffix_tokens=16 model_ms=1192.8 context_ms=57.9 state_ms=681.23 prefix_ms=0.0 suffix_ms=425.7 first_token_ms=2651.9 generation_ms=13359.6 generated=64 generation_tps=4.791
CHILD index=5 own_instance=0 exit=0 text=3fd8649867d4bb41 role=child prefix_tokens=16321 suffix_tokens=16 model_ms=1183.8 context_ms=57.2 state_ms=678.12 prefix_ms=0.0 suffix_ms=429.9 first_token_ms=2650.7 generation_ms=18757.2 generated=64 generation_tps=3.412
CHILD index=6 own_instance=1 exit=0 text=4a8f18b77dbe0332 role=child prefix_tokens=16321 suffix_tokens=16 model_ms=1197.8 context_ms=52.9 state_ms=676.25 prefix_ms=0.0 suffix_ms=411.1 first_token_ms=2634.2 generation_ms=13365.9 generated=64 generation_tps=4.788
CHILD index=7 own_instance=0 exit=0 text=4a8f18b77dbe0332 role=child prefix_tokens=16321 suffix_tokens=16 model_ms=1206.4 context_ms=55.3 state_ms=679.00 prefix_ms=0.0 suffix_ms=441.7 first_token_ms=2663.5 generation_ms=18747.9 generated=64 generation_tps=3.414
MEMORY mem_available_drop_mib=13689
END_CASE failed=0 timed_out=0
CASE placement=cross mode=copy children=8 paragraphs=320 context=32768
PARENT exit=0 text=c646470e58f73411 prefix_tokens=16321 prefix_ms=19801.9 publish_ms=561.08 state_bytes=936173269 model_ms=630.9 context_ms=59.5 suffix_ms=64.1 generation_ms=7331.7 generated=64 generation_tps=8.729 total_ms=42817.6
CHILD index=0 own_instance=1 exit=0 text=d42c4c07975a6446 role=child prefix_tokens=16321 suffix_tokens=16 model_ms=1278.6 context_ms=185.8 state_ms=362.36 prefix_ms=0.0 suffix_ms=409.4 first_token_ms=2517.3 generation_ms=13559.7 generated=64 generation_tps=4.720
CHILD index=1 own_instance=0 exit=0 text=3fd8649867d4bb41 role=child prefix_tokens=16321 suffix_tokens=16 model_ms=1170.7 context_ms=258.1 state_ms=387.47 prefix_ms=0.0 suffix_ms=433.8 first_token_ms=2539.1 generation_ms=18653.5 generated=64 generation_tps=3.431
CHILD index=2 own_instance=1 exit=0 text=3fd8649867d4bb41 role=child prefix_tokens=16321 suffix_tokens=16 model_ms=1177.1 context_ms=256.6 state_ms=385.92 prefix_ms=0.0 suffix_ms=419.1 first_token_ms=2525.7 generation_ms=13544.1 generated=64 generation_tps=4.725
CHILD index=3 own_instance=0 exit=0 text=3fd8649867d4bb41 role=child prefix_tokens=16321 suffix_tokens=16 model_ms=1162.1 context_ms=179.9 state_ms=282.98 prefix_ms=0.0 suffix_ms=182.8 first_token_ms=2105.8 generation_ms=18620.2 generated=64 generation_tps=3.437
CHILD index=4 own_instance=1 exit=0 text=3e0fd62f5aa50665 role=child prefix_tokens=16321 suffix_tokens=16 model_ms=1276.4 context_ms=185.0 state_ms=363.57 prefix_ms=0.0 suffix_ms=426.8 first_token_ms=2535.2 generation_ms=13537.4 generated=64 generation_tps=4.728
CHILD index=5 own_instance=0 exit=0 text=3fd8649867d4bb41 role=child prefix_tokens=16321 suffix_tokens=16 model_ms=1186.0 context_ms=241.9 state_ms=403.61 prefix_ms=0.0 suffix_ms=445.7 first_token_ms=2554.8 generation_ms=18621.0 generated=64 generation_tps=3.437
CHILD index=6 own_instance=1 exit=0 text=4a8f18b77dbe0332 role=child prefix_tokens=16321 suffix_tokens=16 model_ms=1249.0 context_ms=171.9 state_ms=386.30 prefix_ms=0.0 suffix_ms=354.6 first_token_ms=2460.5 generation_ms=13530.8 generated=64 generation_tps=4.730
CHILD index=7 own_instance=0 exit=0 text=4a8f18b77dbe0332 role=child prefix_tokens=16321 suffix_tokens=16 model_ms=1170.2 context_ms=234.1 state_ms=408.61 prefix_ms=0.0 suffix_ms=444.3 first_token_ms=2550.5 generation_ms=18630.8 generated=64 generation_tps=3.435
MEMORY mem_available_drop_mib=20246
END_CASE failed=0 timed_out=0
CASE placement=same mode=extent children=4 paragraphs=320 context=32768
PARENT exit=0 text=c646470e58f73411 prefix_tokens=16321 prefix_ms=19875.2 publish_ms=8.14 state_bytes=261845 model_ms=630.3 context_ms=37.3 suffix_ms=123.5 generation_ms=10410.7 generated=64 generation_tps=6.148 total_ms=35613.7
CHILD index=0 own_instance=1 exit=0 text=d42c4c07975a6446 role=child prefix_tokens=16321 suffix_tokens=16 model_ms=971.3 context_ms=36.7 state_ms=7.39 prefix_ms=0.0 suffix_ms=411.8 first_token_ms=1567.3 generation_ms=12965.9 generated=64 generation_tps=4.936
CHILD index=1 own_instance=1 exit=0 text=3fd8649867d4bb41 role=child prefix_tokens=16321 suffix_tokens=16 model_ms=917.9 context_ms=40.4 state_ms=7.58 prefix_ms=0.0 suffix_ms=330.3 first_token_ms=1438.4 generation_ms=13066.5 generated=64 generation_tps=4.898
CHILD index=2 own_instance=1 exit=0 text=3fd8649867d4bb41 role=child prefix_tokens=16321 suffix_tokens=16 model_ms=913.9 context_ms=40.8 state_ms=7.33 prefix_ms=0.0 suffix_ms=329.4 first_token_ms=1434.9 generation_ms=13065.5 generated=64 generation_tps=4.898
CHILD index=3 own_instance=1 exit=0 text=3fd8649867d4bb41 role=child prefix_tokens=16321 suffix_tokens=16 model_ms=766.3 context_ms=35.7 state_ms=7.35 prefix_ms=0.0 suffix_ms=179.3 first_token_ms=1110.3 generation_ms=13129.6 generated=64 generation_tps=4.874
MEMORY mem_available_drop_mib=3109
END_CASE failed=0 timed_out=0
CASE placement=same mode=cow children=4 paragraphs=320 context=32768
PARENT exit=0 text=c646470e58f73411 prefix_tokens=16321 prefix_ms=19869.1 publish_ms=9.05 state_bytes=261845 model_ms=634.0 context_ms=37.3 suffix_ms=132.2 generation_ms=9945.6 generated=64 generation_tps=6.435 total_ms=36063.8
CHILD index=0 own_instance=1 exit=0 text=d42c4c07975a6446 role=child prefix_tokens=16321 suffix_tokens=16 model_ms=930.3 context_ms=43.3 state_ms=7.54 prefix_ms=0.0 suffix_ms=720.5 first_token_ms=1840.3 generation_ms=13082.8 generated=64 generation_tps=4.892
CHILD index=1 own_instance=1 exit=0 text=3fd8649867d4bb41 role=child prefix_tokens=16321 suffix_tokens=16 model_ms=933.7 context_ms=47.7 state_ms=7.27 prefix_ms=0.0 suffix_ms=741.6 first_token_ms=1866.9 generation_ms=13069.2 generated=64 generation_tps=4.897
CHILD index=2 own_instance=1 exit=0 text=3fd8649867d4bb41 role=child prefix_tokens=16321 suffix_tokens=16 model_ms=925.4 context_ms=46.8 state_ms=7.47 prefix_ms=0.0 suffix_ms=732.8 first_token_ms=1856.8 generation_ms=13089.0 generated=64 generation_tps=4.890
CHILD index=3 own_instance=1 exit=0 text=3fd8649867d4bb41 role=child prefix_tokens=16321 suffix_tokens=16 model_ms=931.7 context_ms=44.8 state_ms=7.27 prefix_ms=0.0 suffix_ms=741.8 first_token_ms=1867.6 generation_ms=13070.1 generated=64 generation_tps=4.897
MEMORY mem_available_drop_mib=3520
END_CASE failed=0 timed_out=0
CASE placement=same mode=device_merged children=4 paragraphs=320 context=32768
PARENT exit=0 text=c646470e58f73411 prefix_tokens=16321 prefix_ms=19821.8 publish_ms=117.25 state_bytes=261845 model_ms=634.2 context_ms=36.2 suffix_ms=62.9 generation_ms=9595.6 generated=64 generation_tps=6.670 total_ms=35793.7
CHILD index=0 own_instance=1 exit=0 text=d42c4c07975a6446 role=child prefix_tokens=16321 suffix_tokens=16 model_ms=922.1 context_ms=102.8 state_ms=9.36 prefix_ms=0.0 suffix_ms=364.2 first_token_ms=1547.8 generation_ms=13089.8 generated=64 generation_tps=4.889
CHILD index=1 own_instance=1 exit=0 text=3fd8649867d4bb41 role=child prefix_tokens=16321 suffix_tokens=16 model_ms=932.0 context_ms=102.2 state_ms=9.41 prefix_ms=0.0 suffix_ms=354.7 first_token_ms=1537.7 generation_ms=13074.8 generated=64 generation_tps=4.895
CHILD index=2 own_instance=1 exit=0 text=3fd8649867d4bb41 role=child prefix_tokens=16321 suffix_tokens=16 model_ms=963.7 context_ms=78.6 state_ms=9.72 prefix_ms=0.0 suffix_ms=365.3 first_token_ms=1558.5 generation_ms=13077.4 generated=64 generation_tps=4.894
CHILD index=3 own_instance=1 exit=0 text=3fd8649867d4bb41 role=child prefix_tokens=16321 suffix_tokens=16 model_ms=924.5 context_ms=92.2 state_ms=7.90 prefix_ms=0.0 suffix_ms=354.2 first_token_ms=1525.4 generation_ms=13042.3 generated=64 generation_tps=4.907
MEMORY mem_available_drop_mib=3951
END_CASE failed=0 timed_out=0
CASE placement=same mode=device_tuned children=4 paragraphs=320 context=32768
PARENT exit=0 text=c646470e58f73411 prefix_tokens=16321 prefix_ms=19822.9 publish_ms=41.43 state_bytes=261845 model_ms=631.1 context_ms=36.3 suffix_ms=62.9 generation_ms=9746.4 generated=64 generation_tps=6.567 total_ms=35734.2
CHILD index=0 own_instance=1 exit=0 text=d42c4c07975a6446 role=child prefix_tokens=16321 suffix_tokens=16 model_ms=921.2 context_ms=176.7 state_ms=7.70 prefix_ms=0.0 suffix_ms=383.2 first_token_ms=1636.2 generation_ms=13001.7 generated=64 generation_tps=4.922
CHILD index=1 own_instance=1 exit=0 text=3fd8649867d4bb41 role=child prefix_tokens=16321 suffix_tokens=16 model_ms=916.5 context_ms=179.9 state_ms=9.54 prefix_ms=0.0 suffix_ms=379.8 first_token_ms=1635.4 generation_ms=12994.9 generated=64 generation_tps=4.925
CHILD index=2 own_instance=1 exit=0 text=3fd8649867d4bb41 role=child prefix_tokens=16321 suffix_tokens=16 model_ms=861.7 context_ms=68.8 state_ms=7.96 prefix_ms=0.0 suffix_ms=195.2 first_token_ms=1271.7 generation_ms=13103.0 generated=64 generation_tps=4.884
CHILD index=3 own_instance=1 exit=0 text=3fd8649867d4bb41 role=child prefix_tokens=16321 suffix_tokens=16 model_ms=923.3 context_ms=162.4 state_ms=7.89 prefix_ms=0.0 suffix_ms=356.2 first_token_ms=1597.2 generation_ms=12997.4 generated=64 generation_tps=4.924
MEMORY mem_available_drop_mib=3959
END_CASE failed=0 timed_out=0
CASE placement=same mode=device children=4 paragraphs=320 context=32768
PARENT exit=0 text=c646470e58f73411 prefix_tokens=16321 prefix_ms=19823.6 publish_ms=42.96 state_bytes=261845 model_ms=632.0 context_ms=36.3 suffix_ms=61.7 generation_ms=8729.8 generated=64 generation_tps=7.331 total_ms=35705.3
CHILD index=0 own_instance=1 exit=0 text=d42c4c07975a6446 role=child prefix_tokens=16321 suffix_tokens=16 model_ms=971.6 context_ms=295.7 state_ms=274.21 prefix_ms=0.0 suffix_ms=422.6 first_token_ms=2110.7 generation_ms=12540.7 generated=64 generation_tps=5.103
CHILD index=1 own_instance=1 exit=0 text=3fd8649867d4bb41 role=child prefix_tokens=16321 suffix_tokens=16 model_ms=893.1 context_ms=222.7 state_ms=68.11 prefix_ms=0.0 suffix_ms=246.1 first_token_ms=1567.3 generation_ms=12770.4 generated=64 generation_tps=5.012
CHILD index=2 own_instance=1 exit=0 text=3fd8649867d4bb41 role=child prefix_tokens=16321 suffix_tokens=16 model_ms=956.9 context_ms=275.6 state_ms=254.89 prefix_ms=0.0 suffix_ms=401.9 first_token_ms=2029.3 generation_ms=12591.2 generated=64 generation_tps=5.083
CHILD index=3 own_instance=1 exit=0 text=3fd8649867d4bb41 role=child prefix_tokens=16321 suffix_tokens=16 model_ms=884.7 context_ms=275.6 state_ms=65.44 prefix_ms=0.0 suffix_ms=273.9 first_token_ms=1644.0 generation_ms=12786.6 generated=64 generation_tps=5.005
MEMORY mem_available_drop_mib=3970
END_CASE failed=0 timed_out=0
CASE placement=same mode=demand children=4 paragraphs=320 context=32768
PARENT exit=0 text=c646470e58f73411 prefix_tokens=16321 prefix_ms=19819.8 publish_ms=543.14 state_bytes=936173269 model_ms=651.5 context_ms=36.4 suffix_ms=61.9 generation_ms=8965.3 generated=64 generation_tps=7.139 total_ms=36333.0
CHILD index=0 own_instance=1 exit=0 text=d42c4c07975a6446 role=child prefix_tokens=16321 suffix_tokens=16 model_ms=858.9 context_ms=33.1 state_ms=294.56 prefix_ms=0.0 suffix_ms=235.2 first_token_ms=1558.8 generation_ms=12898.2 generated=64 generation_tps=4.962
CHILD index=1 own_instance=1 exit=0 text=3fd8649867d4bb41 role=child prefix_tokens=16321 suffix_tokens=16 model_ms=906.5 context_ms=38.4 state_ms=388.94 prefix_ms=0.0 suffix_ms=393.2 first_token_ms=1875.5 generation_ms=12829.0 generated=64 generation_tps=4.989
CHILD index=2 own_instance=1 exit=0 text=3fd8649867d4bb41 role=child prefix_tokens=16321 suffix_tokens=16 model_ms=913.5 context_ms=37.0 state_ms=387.96 prefix_ms=0.0 suffix_ms=387.5 first_token_ms=1868.0 generation_ms=12839.5 generated=64 generation_tps=4.985
CHILD index=3 own_instance=1 exit=0 text=3fd8649867d4bb41 role=child prefix_tokens=16321 suffix_tokens=16 model_ms=948.6 context_ms=34.5 state_ms=356.61 prefix_ms=0.0 suffix_ms=392.9 first_token_ms=1874.6 generation_ms=12839.9 generated=64 generation_tps=4.984
MEMORY mem_available_drop_mib=7178
END_CASE failed=0 timed_out=0
CASE placement=same mode=copy children=4 paragraphs=320 context=32768
PARENT exit=0 text=c646470e58f73411 prefix_tokens=16321 prefix_ms=19802.2 publish_ms=558.27 state_bytes=936173269 model_ms=630.9 context_ms=60.1 suffix_ms=61.8 generation_ms=8729.3 generated=64 generation_tps=7.332 total_ms=36401.4
CHILD index=0 own_instance=1 exit=0 text=d42c4c07975a6446 role=child prefix_tokens=16321 suffix_tokens=16 model_ms=952.8 context_ms=103.0 state_ms=308.98 prefix_ms=0.0 suffix_ms=368.8 first_token_ms=1876.8 generation_ms=12837.9 generated=64 generation_tps=4.985
CHILD index=1 own_instance=1 exit=0 text=3fd8649867d4bb41 role=child prefix_tokens=16321 suffix_tokens=16 model_ms=945.5 context_ms=77.6 state_ms=335.33 prefix_ms=0.0 suffix_ms=372.0 first_token_ms=1882.3 generation_ms=12845.6 generated=64 generation_tps=4.982
CHILD index=2 own_instance=1 exit=0 text=3fd8649867d4bb41 role=child prefix_tokens=16321 suffix_tokens=16 model_ms=882.4 context_ms=107.9 state_ms=329.88 prefix_ms=0.0 suffix_ms=384.3 first_token_ms=1853.3 generation_ms=12852.5 generated=64 generation_tps=4.980
CHILD index=3 own_instance=1 exit=0 text=3fd8649867d4bb41 role=child prefix_tokens=16321 suffix_tokens=16 model_ms=891.7 context_ms=126.8 state_ms=352.03 prefix_ms=0.0 suffix_ms=368.4 first_token_ms=1878.0 generation_ms=12841.7 generated=64 generation_tps=4.984
MEMORY mem_available_drop_mib=10156
END_CASE failed=0 timed_out=0
CASE placement=same mode=extent children=1 paragraphs=320 context=32768
PARENT exit=0 text=c646470e58f73411 prefix_tokens=16321 prefix_ms=19895.5 publish_ms=9.09 state_bytes=261845 model_ms=634.9 context_ms=36.5 suffix_ms=141.6 generation_ms=4970.9 generated=64 generation_tps=12.875 total_ms=26791.2
CHILD index=0 own_instance=1 exit=0 text=d42c4c07975a6446 role=child prefix_tokens=16321 suffix_tokens=16 model_ms=604.9 context_ms=36.5 state_ms=7.62 prefix_ms=0.0 suffix_ms=164.3 first_token_ms=848.3 generation_ms=4902.9 generated=64 generation_tps=13.054
MEMORY mem_available_drop_mib=838
END_CASE failed=0 timed_out=0
CASE placement=same mode=cow children=1 paragraphs=320 context=32768
PARENT exit=0 text=c646470e58f73411 prefix_tokens=16321 prefix_ms=19871.6 publish_ms=9.07 state_bytes=261845 model_ms=632.7 context_ms=37.0 suffix_ms=126.5 generation_ms=4985.1 generated=64 generation_tps=12.838 total_ms=26870.6
CHILD index=0 own_instance=1 exit=0 text=d42c4c07975a6446 role=child prefix_tokens=16321 suffix_tokens=16 model_ms=602.8 context_ms=36.0 state_ms=7.64 prefix_ms=0.0 suffix_ms=287.4 first_token_ms=970.2 generation_ms=4878.6 generated=64 generation_tps=13.118
MEMORY mem_available_drop_mib=962
END_CASE failed=0 timed_out=0
CASE placement=same mode=device_merged children=1 paragraphs=320 context=32768
PARENT exit=0 text=c646470e58f73411 prefix_tokens=16321 prefix_ms=19822.5 publish_ms=118.23 state_bytes=261845 model_ms=634.6 context_ms=36.0 suffix_ms=61.4 generation_ms=4979.2 generated=64 generation_tps=12.853 total_ms=26848.4
CHILD index=0 own_instance=1 exit=0 text=d42c4c07975a6446 role=child prefix_tokens=16321 suffix_tokens=16 model_ms=602.5 context_ms=51.7 state_ms=8.45 prefix_ms=0.0 suffix_ms=166.4 first_token_ms=863.0 generation_ms=4898.3 generated=64 generation_tps=13.066
MEMORY mem_available_drop_mib=1068
END_CASE failed=0 timed_out=0
CASE placement=same mode=device_tuned children=1 paragraphs=320 context=32768
PARENT exit=0 text=c646470e58f73411 prefix_tokens=16321 prefix_ms=19824.9 publish_ms=36.90 state_bytes=261845 model_ms=633.4 context_ms=36.1 suffix_ms=61.0 generation_ms=4979.6 generated=64 generation_tps=12.852 total_ms=26781.0
CHILD index=0 own_instance=1 exit=0 text=d42c4c07975a6446 role=child prefix_tokens=16321 suffix_tokens=16 model_ms=602.4 context_ms=68.6 state_ms=9.60 prefix_ms=0.0 suffix_ms=177.2 first_token_ms=894.2 generation_ms=4861.9 generated=64 generation_tps=13.164
MEMORY mem_available_drop_mib=1065
END_CASE failed=0 timed_out=0
CASE placement=same mode=device children=1 paragraphs=320 context=32768
PARENT exit=0 text=c646470e58f73411 prefix_tokens=16321 prefix_ms=19810.7 publish_ms=41.19 state_bytes=261845 model_ms=634.7 context_ms=35.9 suffix_ms=60.9 generation_ms=4746.5 generated=64 generation_tps=13.484 total_ms=26755.9
CHILD index=0 own_instance=1 exit=0 text=d42c4c07975a6446 role=child prefix_tokens=16321 suffix_tokens=16 model_ms=596.1 context_ms=175.6 state_ms=44.88 prefix_ms=0.0 suffix_ms=207.3 first_token_ms=1059.1 generation_ms=4677.3 generated=64 generation_tps=13.683
MEMORY mem_available_drop_mib=1072
END_CASE failed=0 timed_out=0
CASE placement=same mode=demand children=1 paragraphs=320 context=32768
PARENT exit=0 text=c646470e58f73411 prefix_tokens=16321 prefix_ms=19823.1 publish_ms=558.43 state_bytes=936173269 model_ms=628.7 context_ms=35.3 suffix_ms=60.7 generation_ms=4682.8 generated=64 generation_tps=13.667 total_ms=27270.1
CHILD index=0 own_instance=1 exit=0 text=d42c4c07975a6446 role=child prefix_tokens=16321 suffix_tokens=16 model_ms=597.1 context_ms=33.3 state_ms=282.06 prefix_ms=0.0 suffix_ms=216.8 first_token_ms=1164.9 generation_ms=4590.8 generated=64 generation_tps=13.941
MEMORY mem_available_drop_mib=1863
END_CASE failed=0 timed_out=0
CASE placement=same mode=copy children=1 paragraphs=320 context=32768
PARENT exit=0 text=c646470e58f73411 prefix_tokens=16321 prefix_ms=19794.8 publish_ms=563.64 state_bytes=936173269 model_ms=635.6 context_ms=59.6 suffix_ms=60.4 generation_ms=4686.6 generated=64 generation_tps=13.656 total_ms=27280.3
CHILD index=0 own_instance=1 exit=0 text=d42c4c07975a6446 role=child prefix_tokens=16321 suffix_tokens=16 model_ms=596.0 context_ms=66.1 state_ms=266.21 prefix_ms=0.0 suffix_ms=210.2 first_token_ms=1172.8 generation_ms=4583.1 generated=64 generation_tps=13.964
MEMORY mem_available_drop_mib=2539
END_CASE failed=0 timed_out=0
CASE placement=same mode=extent children=8 paragraphs=80 context=8192
PARENT exit=0 text=8e42d861853d43f0 prefix_tokens=4081 prefix_ms=4388.9 publish_ms=3.18 state_bytes=66005 model_ms=632.1 context_ms=22.9 suffix_ms=113.1 generation_ms=14064.3 generated=64 generation_tps=4.551 total_ms=30689.5
CHILD index=0 own_instance=1 exit=0 text=c762b6e82f144cca role=child prefix_tokens=4081 suffix_tokens=16 model_ms=1176.3 context_ms=34.2 state_ms=1.96 prefix_ms=0.0 suffix_ms=515.4 first_token_ms=2007.8 generation_ms=22968.1 generated=64 generation_tps=2.786
CHILD index=1 own_instance=1 exit=0 text=5f0f74be36dfb05d role=child prefix_tokens=4081 suffix_tokens=16 model_ms=1184.6 context_ms=34.4 state_ms=1.78 prefix_ms=0.0 suffix_ms=491.4 first_token_ms=1987.8 generation_ms=22942.8 generated=64 generation_tps=2.790
CHILD index=2 own_instance=1 exit=0 text=45d93d75d8c246b5 role=child prefix_tokens=4081 suffix_tokens=16 model_ms=973.1 context_ms=22.4 state_ms=1.93 prefix_ms=0.0 suffix_ms=160.1 first_token_ms=1406.1 generation_ms=22704.6 generated=64 generation_tps=2.819
CHILD index=3 own_instance=1 exit=0 text=4a8f18b77dbe0332 role=child prefix_tokens=4081 suffix_tokens=16 model_ms=1230.1 context_ms=25.6 state_ms=1.92 prefix_ms=0.0 suffix_ms=598.2 first_token_ms=2147.7 generation_ms=22922.7 generated=64 generation_tps=2.792
CHILD index=4 own_instance=1 exit=0 text=46404abc10d87546 role=child prefix_tokens=4081 suffix_tokens=16 model_ms=1168.0 context_ms=33.2 state_ms=1.80 prefix_ms=0.0 suffix_ms=523.8 first_token_ms=2017.0 generation_ms=22978.2 generated=64 generation_tps=2.785
CHILD index=5 own_instance=1 exit=0 text=46404abc10d87546 role=child prefix_tokens=4081 suffix_tokens=16 model_ms=1235.9 context_ms=26.4 state_ms=1.77 prefix_ms=0.0 suffix_ms=598.4 first_token_ms=2147.9 generation_ms=22920.8 generated=64 generation_tps=2.792
CHILD index=6 own_instance=1 exit=0 text=46404abc10d87546 role=child prefix_tokens=4081 suffix_tokens=16 model_ms=1215.7 context_ms=22.8 state_ms=1.84 prefix_ms=0.0 suffix_ms=575.7 first_token_ms=2101.1 generation_ms=22959.1 generated=64 generation_tps=2.788
CHILD index=7 own_instance=1 exit=0 text=46404abc10d87546 role=child prefix_tokens=4081 suffix_tokens=16 model_ms=1181.1 context_ms=33.9 state_ms=1.74 prefix_ms=0.0 suffix_ms=524.6 first_token_ms=2012.0 generation_ms=22979.3 generated=64 generation_tps=2.785
MEMORY mem_available_drop_mib=5750
END_CASE failed=0 timed_out=0
CASE placement=same mode=cow children=8 paragraphs=80 context=8192
PARENT exit=0 text=8e42d861853d43f0 prefix_tokens=4081 prefix_ms=4394.3 publish_ms=2.53 state_bytes=66005 model_ms=650.5 context_ms=22.5 suffix_ms=100.0 generation_ms=14070.3 generated=64 generation_tps=4.549 total_ms=31595.1
CHILD index=0 own_instance=1 exit=0 text=c762b6e82f144cca role=child prefix_tokens=4081 suffix_tokens=16 model_ms=1138.6 context_ms=22.3 state_ms=1.71 prefix_ms=0.0 suffix_ms=1298.7 first_token_ms=2731.3 generation_ms=22971.1 generated=64 generation_tps=2.786
CHILD index=1 own_instance=1 exit=0 text=5f0f74be36dfb05d role=child prefix_tokens=4081 suffix_tokens=16 model_ms=1193.5 context_ms=25.4 state_ms=1.90 prefix_ms=0.0 suffix_ms=1448.9 first_token_ms=2964.2 generation_ms=22951.1 generated=64 generation_tps=2.789
CHILD index=2 own_instance=1 exit=0 text=45d93d75d8c246b5 role=child prefix_tokens=4081 suffix_tokens=16 model_ms=1196.7 context_ms=24.8 state_ms=1.86 prefix_ms=0.0 suffix_ms=1450.3 first_token_ms=2964.2 generation_ms=22951.3 generated=64 generation_tps=2.789
CHILD index=3 own_instance=1 exit=0 text=4a8f18b77dbe0332 role=child prefix_tokens=4081 suffix_tokens=16 model_ms=1171.7 context_ms=27.9 state_ms=1.77 prefix_ms=0.0 suffix_ms=1463.2 first_token_ms=2954.1 generation_ms=22956.2 generated=64 generation_tps=2.788
CHILD index=4 own_instance=1 exit=0 text=46404abc10d87546 role=child prefix_tokens=4081 suffix_tokens=16 model_ms=1213.4 context_ms=21.8 state_ms=1.71 prefix_ms=0.0 suffix_ms=1476.9 first_token_ms=3008.8 generation_ms=22917.1 generated=64 generation_tps=2.793
CHILD index=5 own_instance=1 exit=0 text=46404abc10d87546 role=child prefix_tokens=4081 suffix_tokens=16 model_ms=1099.5 context_ms=21.3 state_ms=1.75 prefix_ms=0.0 suffix_ms=795.0 first_token_ms=2149.9 generation_ms=23263.3 generated=64 generation_tps=2.751
CHILD index=6 own_instance=1 exit=0 text=46404abc10d87546 role=child prefix_tokens=4081 suffix_tokens=16 model_ms=1178.8 context_ms=28.3 state_ms=1.74 prefix_ms=0.0 suffix_ms=1419.6 first_token_ms=2902.3 generation_ms=22970.6 generated=64 generation_tps=2.786
CHILD index=7 own_instance=1 exit=0 text=46404abc10d87546 role=child prefix_tokens=4081 suffix_tokens=16 model_ms=1187.7 context_ms=29.2 state_ms=1.75 prefix_ms=0.0 suffix_ms=1467.3 first_token_ms=2960.1 generation_ms=22957.4 generated=64 generation_tps=2.788
MEMORY mem_available_drop_mib=6721
END_CASE failed=0 timed_out=0
CASE placement=same mode=device_merged children=8 paragraphs=80 context=8192
PARENT exit=0 text=8e42d861853d43f0 prefix_tokens=4081 prefix_ms=4413.8 publish_ms=26.15 state_bytes=66005 model_ms=628.3 context_ms=22.4 suffix_ms=58.1 generation_ms=15513.9 generated=64 generation_tps=4.125 total_ms=30798.5
CHILD index=0 own_instance=1 exit=0 text=c762b6e82f144cca role=child prefix_tokens=4081 suffix_tokens=16 model_ms=1209.0 context_ms=105.3 state_ms=7.77 prefix_ms=0.0 suffix_ms=643.5 first_token_ms=2268.1 generation_ms=22870.5 generated=64 generation_tps=2.798
CHILD index=1 own_instance=1 exit=0 text=5f0f74be36dfb05d role=child prefix_tokens=4081 suffix_tokens=16 model_ms=884.6 context_ms=38.1 state_ms=3.08 prefix_ms=0.0 suffix_ms=172.5 first_token_ms=1326.4 generation_ms=22448.0 generated=64 generation_tps=2.851
CHILD index=2 own_instance=1 exit=0 text=45d93d75d8c246b5 role=child prefix_tokens=4081 suffix_tokens=16 model_ms=1207.0 context_ms=114.9 state_ms=5.85 prefix_ms=0.0 suffix_ms=629.8 first_token_ms=2244.8 generation_ms=22891.5 generated=64 generation_tps=2.796
CHILD index=3 own_instance=1 exit=0 text=4a8f18b77dbe0332 role=child prefix_tokens=4081 suffix_tokens=16 model_ms=1155.2 context_ms=64.9 state_ms=4.09 prefix_ms=0.0 suffix_ms=494.4 first_token_ms=1995.2 generation_ms=22969.4 generated=64 generation_tps=2.786
CHILD index=4 own_instance=1 exit=0 text=46404abc10d87546 role=child prefix_tokens=4081 suffix_tokens=16 model_ms=1151.7 context_ms=85.6 state_ms=3.02 prefix_ms=0.0 suffix_ms=544.6 first_token_ms=2084.9 generation_ms=22967.8 generated=64 generation_tps=2.787
CHILD index=5 own_instance=1 exit=0 text=46404abc10d87546 role=child prefix_tokens=4081 suffix_tokens=16 model_ms=1161.8 context_ms=94.4 state_ms=3.68 prefix_ms=0.0 suffix_ms=567.9 first_token_ms=2122.1 generation_ms=22951.4 generated=64 generation_tps=2.788
CHILD index=6 own_instance=1 exit=0 text=46404abc10d87546 role=child prefix_tokens=4081 suffix_tokens=16 model_ms=1133.4 context_ms=65.9 state_ms=2.86 prefix_ms=0.0 suffix_ms=462.6 first_token_ms=1961.1 generation_ms=23002.8 generated=64 generation_tps=2.782
CHILD index=7 own_instance=1 exit=0 text=46404abc10d87546 role=child prefix_tokens=4081 suffix_tokens=16 model_ms=1196.4 context_ms=110.4 state_ms=8.94 prefix_ms=0.0 suffix_ms=644.3 first_token_ms=2266.9 generation_ms=22872.5 generated=64 generation_tps=2.798
MEMORY mem_available_drop_mib=7567
END_CASE failed=0 timed_out=0
CASE placement=same mode=device_tuned children=8 paragraphs=80 context=8192
PARENT exit=0 text=8e42d861853d43f0 prefix_tokens=4081 prefix_ms=4419.9 publish_ms=7.13 state_bytes=66005 model_ms=631.4 context_ms=22.4 suffix_ms=57.9 generation_ms=14043.1 generated=64 generation_tps=4.557 total_ms=30817.0
CHILD index=0 own_instance=1 exit=0 text=c762b6e82f144cca role=child prefix_tokens=4081 suffix_tokens=16 model_ms=1190.2 context_ms=105.8 state_ms=5.06 prefix_ms=0.0 suffix_ms=580.3 first_token_ms=2189.5 generation_ms=22874.8 generated=64 generation_tps=2.798
CHILD index=1 own_instance=1 exit=0 text=5f0f74be36dfb05d role=child prefix_tokens=4081 suffix_tokens=16 model_ms=1198.4 context_ms=142.4 state_ms=3.94 prefix_ms=0.0 suffix_ms=600.3 first_token_ms=2243.8 generation_ms=22862.4 generated=64 generation_tps=2.799
CHILD index=2 own_instance=1 exit=0 text=45d93d75d8c246b5 role=child prefix_tokens=4081 suffix_tokens=16 model_ms=1108.2 context_ms=36.3 state_ms=2.55 prefix_ms=0.0 suffix_ms=206.7 first_token_ms=1643.8 generation_ms=22902.8 generated=64 generation_tps=2.794
CHILD index=3 own_instance=1 exit=0 text=4a8f18b77dbe0332 role=child prefix_tokens=4081 suffix_tokens=16 model_ms=1251.0 context_ms=113.3 state_ms=3.29 prefix_ms=0.0 suffix_ms=608.9 first_token_ms=2277.3 generation_ms=22840.7 generated=64 generation_tps=2.802
CHILD index=4 own_instance=1 exit=0 text=46404abc10d87546 role=child prefix_tokens=4081 suffix_tokens=16 model_ms=1178.7 context_ms=38.6 state_ms=6.25 prefix_ms=0.0 suffix_ms=315.2 first_token_ms=1822.8 generation_ms=22995.4 generated=64 generation_tps=2.783
CHILD index=5 own_instance=1 exit=0 text=46404abc10d87546 role=child prefix_tokens=4081 suffix_tokens=16 model_ms=1206.0 context_ms=133.6 state_ms=4.82 prefix_ms=0.0 suffix_ms=601.2 first_token_ms=2258.5 generation_ms=22853.7 generated=64 generation_tps=2.800
CHILD index=6 own_instance=1 exit=0 text=46404abc10d87546 role=child prefix_tokens=4081 suffix_tokens=16 model_ms=1187.5 context_ms=127.9 state_ms=8.31 prefix_ms=0.0 suffix_ms=585.0 first_token_ms=2218.9 generation_ms=22877.4 generated=64 generation_tps=2.798
CHILD index=7 own_instance=1 exit=0 text=46404abc10d87546 role=child prefix_tokens=4081 suffix_tokens=16 model_ms=1227.8 context_ms=126.1 state_ms=6.09 prefix_ms=0.0 suffix_ms=599.2 first_token_ms=2252.2 generation_ms=22829.6 generated=64 generation_tps=2.803
MEMORY mem_available_drop_mib=7556
END_CASE failed=0 timed_out=0
CASE placement=same mode=device children=8 paragraphs=80 context=8192
PARENT exit=0 text=8e42d861853d43f0 prefix_tokens=4081 prefix_ms=4416.3 publish_ms=7.57 state_bytes=66005 model_ms=632.5 context_ms=22.0 suffix_ms=58.1 generation_ms=12498.1 generated=64 generation_tps=5.121 total_ms=30883.6
CHILD index=0 own_instance=1 exit=0 text=c762b6e82f144cca role=child prefix_tokens=4081 suffix_tokens=16 model_ms=1192.0 context_ms=299.4 state_ms=234.26 prefix_ms=0.0 suffix_ms=613.1 first_token_ms=2636.9 generation_ms=22573.8 generated=64 generation_tps=2.835
CHILD index=1 own_instance=1 exit=0 text=5f0f74be36dfb05d role=child prefix_tokens=4081 suffix_tokens=16 model_ms=1178.7 context_ms=280.1 state_ms=227.86 prefix_ms=0.0 suffix_ms=601.2 first_token_ms=2587.4 generation_ms=22591.7 generated=64 generation_tps=2.833
CHILD index=2 own_instance=1 exit=0 text=45d93d75d8c246b5 role=child prefix_tokens=4081 suffix_tokens=16 model_ms=1143.1 context_ms=212.0 state_ms=172.90 prefix_ms=0.0 suffix_ms=309.5 first_token_ms=2119.4 generation_ms=22675.0 generated=64 generation_tps=2.822
CHILD index=3 own_instance=1 exit=0 text=4a8f18b77dbe0332 role=child prefix_tokens=4081 suffix_tokens=16 model_ms=1182.5 context_ms=256.8 state_ms=216.29 prefix_ms=0.0 suffix_ms=480.0 first_token_ms=2414.7 generation_ms=22602.1 generated=64 generation_tps=2.832
CHILD index=4 own_instance=1 exit=0 text=46404abc10d87546 role=child prefix_tokens=4081 suffix_tokens=16 model_ms=1119.9 context_ms=148.8 state_ms=80.95 prefix_ms=0.0 suffix_ms=242.2 first_token_ms=1842.3 generation_ms=22374.6 generated=64 generation_tps=2.860
CHILD index=5 own_instance=1 exit=0 text=46404abc10d87546 role=child prefix_tokens=4081 suffix_tokens=16 model_ms=1198.5 context_ms=298.9 state_ms=235.27 prefix_ms=0.0 suffix_ms=622.4 first_token_ms=2645.9 generation_ms=22560.5 generated=64 generation_tps=2.837
CHILD index=6 own_instance=1 exit=0 text=46404abc10d87546 role=child prefix_tokens=4081 suffix_tokens=16 model_ms=1196.2 context_ms=295.6 state_ms=235.62 prefix_ms=0.0 suffix_ms=622.1 first_token_ms=2645.7 generation_ms=22559.9 generated=64 generation_tps=2.837
CHILD index=7 own_instance=1 exit=0 text=46404abc10d87546 role=child prefix_tokens=4081 suffix_tokens=16 model_ms=1210.7 context_ms=296.8 state_ms=254.00 prefix_ms=0.0 suffix_ms=604.1 first_token_ms=2670.0 generation_ms=22544.4 generated=64 generation_tps=2.839
MEMORY mem_available_drop_mib=7542
END_CASE failed=0 timed_out=0
CASE placement=same mode=demand children=8 paragraphs=80 context=8192
PARENT exit=0 text=8e42d861853d43f0 prefix_tokens=4081 prefix_ms=4408.7 publish_ms=230.81 state_bytes=234086869 model_ms=651.8 context_ms=22.6 suffix_ms=58.0 generation_ms=14597.9 generated=64 generation_tps=4.384 total_ms=31189.4
CHILD index=0 own_instance=1 exit=0 text=c762b6e82f144cca role=child prefix_tokens=4081 suffix_tokens=16 model_ms=1132.1 context_ms=30.7 state_ms=306.93 prefix_ms=0.0 suffix_ms=659.5 first_token_ms=2423.1 generation_ms=22739.6 generated=64 generation_tps=2.814
CHILD index=1 own_instance=1 exit=0 text=5f0f74be36dfb05d role=child prefix_tokens=4081 suffix_tokens=16 model_ms=1209.6 context_ms=21.6 state_ms=285.56 prefix_ms=0.0 suffix_ms=644.8 first_token_ms=2417.0 generation_ms=22713.6 generated=64 generation_tps=2.818
CHILD index=2 own_instance=1 exit=0 text=45d93d75d8c246b5 role=child prefix_tokens=4081 suffix_tokens=16 model_ms=1122.0 context_ms=30.7 state_ms=306.27 prefix_ms=0.0 suffix_ms=648.6 first_token_ms=2411.1 generation_ms=22752.2 generated=64 generation_tps=2.813
CHILD index=3 own_instance=1 exit=0 text=4a8f18b77dbe0332 role=child prefix_tokens=4081 suffix_tokens=16 model_ms=1131.7 context_ms=33.7 state_ms=305.69 prefix_ms=0.0 suffix_ms=673.5 first_token_ms=2438.4 generation_ms=22736.8 generated=64 generation_tps=2.815
CHILD index=4 own_instance=1 exit=0 text=46404abc10d87546 role=child prefix_tokens=4081 suffix_tokens=16 model_ms=1122.1 context_ms=32.3 state_ms=303.47 prefix_ms=0.0 suffix_ms=622.4 first_token_ms=2380.6 generation_ms=22752.7 generated=64 generation_tps=2.813
CHILD index=5 own_instance=1 exit=0 text=46404abc10d87546 role=child prefix_tokens=4081 suffix_tokens=16 model_ms=1143.4 context_ms=37.5 state_ms=301.27 prefix_ms=0.0 suffix_ms=655.6 first_token_ms=2420.7 generation_ms=22738.1 generated=64 generation_tps=2.815
CHILD index=6 own_instance=1 exit=0 text=46404abc10d87546 role=child prefix_tokens=4081 suffix_tokens=16 model_ms=825.2 context_ms=21.5 state_ms=136.27 prefix_ms=0.0 suffix_ms=150.0 first_token_ms=1354.4 generation_ms=21762.4 generated=64 generation_tps=2.941
CHILD index=7 own_instance=1 exit=0 text=46404abc10d87546 role=child prefix_tokens=4081 suffix_tokens=16 model_ms=1130.4 context_ms=37.0 state_ms=304.67 prefix_ms=0.0 suffix_ms=658.7 first_token_ms=2427.2 generation_ms=22728.2 generated=64 generation_tps=2.816
MEMORY mem_available_drop_mib=8460
END_CASE failed=0 timed_out=0
CASE placement=same mode=copy children=8 paragraphs=80 context=8192
PARENT exit=0 text=8e42d861853d43f0 prefix_tokens=4081 prefix_ms=4394.7 publish_ms=215.23 state_bytes=234086869 model_ms=632.1 context_ms=29.0 suffix_ms=57.9 generation_ms=11011.8 generated=64 generation_tps=5.812 total_ms=30958.5
CHILD index=0 own_instance=1 exit=0 text=c762b6e82f144cca role=child prefix_tokens=4081 suffix_tokens=16 model_ms=1218.0 context_ms=80.8 state_ms=193.71 prefix_ms=0.0 suffix_ms=588.3 first_token_ms=2349.7 generation_ms=22624.5 generated=64 generation_tps=2.829
CHILD index=1 own_instance=1 exit=0 text=5f0f74be36dfb05d role=child prefix_tokens=4081 suffix_tokens=16 model_ms=1214.8 context_ms=82.5 state_ms=190.36 prefix_ms=0.0 suffix_ms=584.3 first_token_ms=2345.2 generation_ms=22620.7 generated=64 generation_tps=2.829
CHILD index=2 own_instance=1 exit=0 text=45d93d75d8c246b5 role=child prefix_tokens=4081 suffix_tokens=16 model_ms=1244.5 context_ms=52.8 state_ms=179.46 prefix_ms=0.0 suffix_ms=586.9 first_token_ms=2356.5 generation_ms=22631.2 generated=64 generation_tps=2.828
CHILD index=3 own_instance=1 exit=0 text=4a8f18b77dbe0332 role=child prefix_tokens=4081 suffix_tokens=16 model_ms=1208.2 context_ms=79.7 state_ms=196.03 prefix_ms=0.0 suffix_ms=589.2 first_token_ms=2347.5 generation_ms=22614.4 generated=64 generation_tps=2.830
CHILD index=4 own_instance=1 exit=0 text=46404abc10d87546 role=child prefix_tokens=4081 suffix_tokens=16 model_ms=1191.8 context_ms=68.9 state_ms=200.12 prefix_ms=0.0 suffix_ms=563.7 first_token_ms=2314.1 generation_ms=22656.9 generated=64 generation_tps=2.825
CHILD index=5 own_instance=1 exit=0 text=46404abc10d87546 role=child prefix_tokens=4081 suffix_tokens=16 model_ms=1201.6 context_ms=75.7 state_ms=203.29 prefix_ms=0.0 suffix_ms=589.7 first_token_ms=2350.3 generation_ms=22616.6 generated=64 generation_tps=2.830
CHILD index=6 own_instance=1 exit=0 text=46404abc10d87546 role=child prefix_tokens=4081 suffix_tokens=16 model_ms=1200.0 context_ms=74.8 state_ms=203.58 prefix_ms=0.0 suffix_ms=568.8 first_token_ms=2329.2 generation_ms=22633.1 generated=64 generation_tps=2.828
CHILD index=7 own_instance=1 exit=0 text=46404abc10d87546 role=child prefix_tokens=4081 suffix_tokens=16 model_ms=1195.1 context_ms=75.4 state_ms=202.84 prefix_ms=0.0 suffix_ms=588.8 first_token_ms=2349.0 generation_ms=22626.1 generated=64 generation_tps=2.829
MEMORY mem_available_drop_mib=9182
END_CASE failed=0 timed_out=0
END_KVMECH
BEGIN_KVMECH run=5
CASE placement=same mode=copy children=8 paragraphs=320 context=32768
PARENT exit=0 text=c646470e58f73411 prefix_tokens=16321 prefix_ms=19797.4 publish_ms=564.84 state_bytes=936173269 model_ms=634.0 context_ms=60.5 suffix_ms=63.6 generation_ms=10901.6 generated=64 generation_tps=5.871 total_ms=48500.2
CHILD index=0 own_instance=1 exit=0 text=d42c4c07975a6446 role=child prefix_tokens=16321 suffix_tokens=16 model_ms=1220.8 context_ms=206.7 state_ms=569.88 prefix_ms=0.0 suffix_ms=664.9 first_token_ms=2964.9 generation_ms=23685.0 generated=64 generation_tps=2.702
CHILD index=1 own_instance=1 exit=0 text=3fd8649867d4bb41 role=child prefix_tokens=16321 suffix_tokens=16 model_ms=1163.4 context_ms=65.6 state_ms=367.47 prefix_ms=0.0 suffix_ms=251.2 first_token_ms=2126.3 generation_ms=23248.7 generated=64 generation_tps=2.753
CHILD index=2 own_instance=1 exit=0 text=3fd8649867d4bb41 role=child prefix_tokens=16321 suffix_tokens=16 model_ms=1233.6 context_ms=231.2 state_ms=537.47 prefix_ms=0.0 suffix_ms=671.7 first_token_ms=2974.0 generation_ms=23652.8 generated=64 generation_tps=2.706
CHILD index=3 own_instance=1 exit=0 text=3fd8649867d4bb41 role=child prefix_tokens=16321 suffix_tokens=16 model_ms=1233.3 context_ms=208.3 state_ms=567.69 prefix_ms=0.0 suffix_ms=638.6 first_token_ms=2938.3 generation_ms=23682.1 generated=64 generation_tps=2.702
CHILD index=4 own_instance=1 exit=0 text=3e0fd62f5aa50665 role=child prefix_tokens=16321 suffix_tokens=16 model_ms=1229.0 context_ms=210.7 state_ms=559.14 prefix_ms=0.0 suffix_ms=653.0 first_token_ms=2955.5 generation_ms=23684.3 generated=64 generation_tps=2.702
CHILD index=5 own_instance=1 exit=0 text=3e0fd62f5aa50665 role=child prefix_tokens=16321 suffix_tokens=16 model_ms=1236.1 context_ms=219.6 state_ms=550.94 prefix_ms=0.0 suffix_ms=665.4 first_token_ms=2966.5 generation_ms=23664.7 generated=64 generation_tps=2.704
CHILD index=6 own_instance=1 exit=0 text=4a8f18b77dbe0332 role=child prefix_tokens=16321 suffix_tokens=16 model_ms=1216.5 context_ms=190.2 state_ms=587.22 prefix_ms=0.0 suffix_ms=671.7 first_token_ms=2971.6 generation_ms=23685.5 generated=64 generation_tps=2.702
CHILD index=7 own_instance=1 exit=0 text=4a8f18b77dbe0332 role=child prefix_tokens=16321 suffix_tokens=16 model_ms=1246.5 context_ms=229.6 state_ms=536.64 prefix_ms=0.0 suffix_ms=650.6 first_token_ms=2952.4 generation_ms=23699.4 generated=64 generation_tps=2.700
MEMORY mem_available_drop_mib=20279
END_CASE failed=0 timed_out=0
CASE placement=same mode=demand children=8 paragraphs=320 context=32768
PARENT exit=0 text=c646470e58f73411 prefix_tokens=16321 prefix_ms=19801.9 publish_ms=556.96 state_bytes=936173269 model_ms=640.3 context_ms=36.3 suffix_ms=63.8 generation_ms=8910.8 generated=64 generation_tps=7.182 total_ms=48484.5
CHILD index=0 own_instance=1 exit=0 text=d42c4c07975a6446 role=child prefix_tokens=16321 suffix_tokens=16 model_ms=1281.1 context_ms=38.5 state_ms=824.09 prefix_ms=0.0 suffix_ms=618.8 first_token_ms=3053.3 generation_ms=23513.2 generated=64 generation_tps=2.722
CHILD index=1 own_instance=1 exit=0 text=3fd8649867d4bb41 role=child prefix_tokens=16321 suffix_tokens=16 model_ms=1221.6 context_ms=57.5 state_ms=843.43 prefix_ms=0.0 suffix_ms=657.0 first_token_ms=3088.1 generation_ms=23574.0 generated=64 generation_tps=2.715
CHILD index=2 own_instance=1 exit=0 text=3fd8649867d4bb41 role=child prefix_tokens=16321 suffix_tokens=16 model_ms=1235.8 context_ms=62.2 state_ms=841.44 prefix_ms=0.0 suffix_ms=658.9 first_token_ms=3092.3 generation_ms=23566.1 generated=64 generation_tps=2.716
CHILD index=3 own_instance=1 exit=0 text=3fd8649867d4bb41 role=child prefix_tokens=16321 suffix_tokens=16 model_ms=1231.1 context_ms=52.8 state_ms=657.55 prefix_ms=0.0 suffix_ms=261.6 first_token_ms=2502.4 generation_ms=23507.5 generated=64 generation_tps=2.723
CHILD index=4 own_instance=1 exit=0 text=3e0fd62f5aa50665 role=child prefix_tokens=16321 suffix_tokens=16 model_ms=1287.2 context_ms=36.0 state_ms=810.09 prefix_ms=0.0 suffix_ms=659.3 first_token_ms=3094.2 generation_ms=23541.9 generated=64 generation_tps=2.719
CHILD index=5 own_instance=1 exit=0 text=3e0fd62f5aa50665 role=child prefix_tokens=16321 suffix_tokens=16 model_ms=1228.7 context_ms=57.0 state_ms=843.18 prefix_ms=0.0 suffix_ms=659.7 first_token_ms=3093.5 generation_ms=23557.8 generated=64 generation_tps=2.717
CHILD index=6 own_instance=1 exit=0 text=4a8f18b77dbe0332 role=child prefix_tokens=16321 suffix_tokens=16 model_ms=1253.0 context_ms=53.1 state_ms=849.70 prefix_ms=0.0 suffix_ms=642.5 first_token_ms=3079.0 generation_ms=23574.3 generated=64 generation_tps=2.715
CHILD index=7 own_instance=1 exit=0 text=4a8f18b77dbe0332 role=child prefix_tokens=16321 suffix_tokens=16 model_ms=1244.5 context_ms=58.2 state_ms=845.97 prefix_ms=0.0 suffix_ms=666.0 first_token_ms=3102.2 generation_ms=23520.6 generated=64 generation_tps=2.721
MEMORY mem_available_drop_mib=14201
END_CASE failed=0 timed_out=0
CASE placement=same mode=device children=8 paragraphs=320 context=32768
PARENT exit=0 text=c646470e58f73411 prefix_tokens=16321 prefix_ms=19821.0 publish_ms=42.75 state_bytes=261845 model_ms=629.2 context_ms=36.1 suffix_ms=63.7 generation_ms=8166.7 generated=64 generation_tps=7.837 total_ms=47816.5
CHILD index=0 own_instance=1 exit=0 text=d42c4c07975a6446 role=child prefix_tokens=16321 suffix_tokens=16 model_ms=1288.2 context_ms=684.2 state_ms=207.49 prefix_ms=0.0 suffix_ms=701.3 first_token_ms=3181.9 generation_ms=23344.9 generated=64 generation_tps=2.741
CHILD index=1 own_instance=1 exit=0 text=3fd8649867d4bb41 role=child prefix_tokens=16321 suffix_tokens=16 model_ms=1276.6 context_ms=687.3 state_ms=161.18 prefix_ms=0.0 suffix_ms=597.1 first_token_ms=3005.1 generation_ms=23488.4 generated=64 generation_tps=2.725
CHILD index=2 own_instance=1 exit=0 text=3fd8649867d4bb41 role=child prefix_tokens=16321 suffix_tokens=16 model_ms=1247.1 context_ms=665.1 state_ms=142.10 prefix_ms=0.0 suffix_ms=581.7 first_token_ms=2930.2 generation_ms=23505.8 generated=64 generation_tps=2.723
CHILD index=3 own_instance=1 exit=0 text=3fd8649867d4bb41 role=child prefix_tokens=16321 suffix_tokens=16 model_ms=1303.7 context_ms=597.3 state_ms=77.73 prefix_ms=0.0 suffix_ms=290.7 first_token_ms=2549.1 generation_ms=23519.3 generated=64 generation_tps=2.721
CHILD index=4 own_instance=1 exit=0 text=3e0fd62f5aa50665 role=child prefix_tokens=16321 suffix_tokens=16 model_ms=1243.4 context_ms=675.3 state_ms=144.43 prefix_ms=0.0 suffix_ms=535.6 first_token_ms=2896.8 generation_ms=23526.3 generated=64 generation_tps=2.720
CHILD index=5 own_instance=1 exit=0 text=3e0fd62f5aa50665 role=child prefix_tokens=16321 suffix_tokens=16 model_ms=1264.1 context_ms=708.6 state_ms=202.88 prefix_ms=0.0 suffix_ms=691.8 first_token_ms=3155.6 generation_ms=23368.1 generated=64 generation_tps=2.739
CHILD index=6 own_instance=1 exit=0 text=4a8f18b77dbe0332 role=child prefix_tokens=16321 suffix_tokens=16 model_ms=1236.0 context_ms=690.0 state_ms=143.78 prefix_ms=0.0 suffix_ms=554.4 first_token_ms=2927.6 generation_ms=23514.8 generated=64 generation_tps=2.722
CHILD index=7 own_instance=1 exit=0 text=4a8f18b77dbe0332 role=child prefix_tokens=16321 suffix_tokens=16 model_ms=1272.2 context_ms=649.0 state_ms=143.40 prefix_ms=0.0 suffix_ms=571.2 first_token_ms=2919.0 generation_ms=23479.8 generated=64 generation_tps=2.726
MEMORY mem_available_drop_mib=7804
END_CASE failed=0 timed_out=0
CASE placement=same mode=device_tuned children=8 paragraphs=320 context=32768
PARENT exit=0 text=c646470e58f73411 prefix_tokens=16321 prefix_ms=19817.3 publish_ms=29.65 state_bytes=261845 model_ms=628.2 context_ms=36.2 suffix_ms=64.1 generation_ms=12675.9 generated=64 generation_tps=5.049 total_ms=47657.7
CHILD index=0 own_instance=1 exit=0 text=d42c4c07975a6446 role=child prefix_tokens=16321 suffix_tokens=16 model_ms=1256.9 context_ms=533.7 state_ms=16.48 prefix_ms=0.0 suffix_ms=642.1 first_token_ms=2752.1 generation_ms=23705.6 generated=64 generation_tps=2.700
CHILD index=1 own_instance=1 exit=0 text=3fd8649867d4bb41 role=child prefix_tokens=16321 suffix_tokens=16 model_ms=1048.3 context_ms=69.8 state_ms=8.94 prefix_ms=0.0 suffix_ms=178.6 first_token_ms=1539.7 generation_ms=22481.0 generated=64 generation_tps=2.847
CHILD index=2 own_instance=1 exit=0 text=3fd8649867d4bb41 role=child prefix_tokens=16321 suffix_tokens=16 model_ms=1202.2 context_ms=548.5 state_ms=12.83 prefix_ms=0.0 suffix_ms=624.5 first_token_ms=2680.0 generation_ms=23728.0 generated=64 generation_tps=2.697
CHILD index=3 own_instance=1 exit=0 text=3fd8649867d4bb41 role=child prefix_tokens=16321 suffix_tokens=16 model_ms=1218.9 context_ms=560.8 state_ms=16.01 prefix_ms=0.0 suffix_ms=628.9 first_token_ms=2722.6 generation_ms=23734.2 generated=64 generation_tps=2.697
CHILD index=4 own_instance=1 exit=0 text=3e0fd62f5aa50665 role=child prefix_tokens=16321 suffix_tokens=16 model_ms=1189.4 context_ms=510.1 state_ms=14.84 prefix_ms=0.0 suffix_ms=559.1 first_token_ms=2578.4 generation_ms=23741.2 generated=64 generation_tps=2.696
CHILD index=5 own_instance=1 exit=0 text=3e0fd62f5aa50665 role=child prefix_tokens=16321 suffix_tokens=16 model_ms=1207.6 context_ms=552.5 state_ms=13.89 prefix_ms=0.0 suffix_ms=605.7 first_token_ms=2669.7 generation_ms=23686.1 generated=64 generation_tps=2.702
CHILD index=6 own_instance=1 exit=0 text=4a8f18b77dbe0332 role=child prefix_tokens=16321 suffix_tokens=16 model_ms=1245.9 context_ms=552.0 state_ms=13.82 prefix_ms=0.0 suffix_ms=650.7 first_token_ms=2746.3 generation_ms=23709.2 generated=64 generation_tps=2.699
CHILD index=7 own_instance=1 exit=0 text=4a8f18b77dbe0332 role=child prefix_tokens=16321 suffix_tokens=16 model_ms=1193.8 context_ms=538.5 state_ms=16.27 prefix_ms=0.0 suffix_ms=611.1 first_token_ms=2666.6 generation_ms=23761.1 generated=64 generation_tps=2.693
MEMORY mem_available_drop_mib=7814
END_CASE failed=0 timed_out=0
CASE placement=same mode=device_merged children=8 paragraphs=320 context=32768
PARENT exit=0 text=c646470e58f73411 prefix_tokens=16321 prefix_ms=19827.9 publish_ms=110.46 state_bytes=261845 model_ms=653.4 context_ms=35.8 suffix_ms=63.7 generation_ms=11756.9 generated=64 generation_tps=5.444 total_ms=47685.1
CHILD index=0 own_instance=1 exit=0 text=d42c4c07975a6446 role=child prefix_tokens=16321 suffix_tokens=16 model_ms=1233.6 context_ms=253.4 state_ms=12.76 prefix_ms=0.0 suffix_ms=619.6 first_token_ms=2420.2 generation_ms=23942.0 generated=64 generation_tps=2.673
CHILD index=1 own_instance=1 exit=0 text=3fd8649867d4bb41 role=child prefix_tokens=16321 suffix_tokens=16 model_ms=1246.5 context_ms=227.5 state_ms=11.67 prefix_ms=0.0 suffix_ms=468.9 first_token_ms=2239.0 generation_ms=23971.6 generated=64 generation_tps=2.670
CHILD index=2 own_instance=1 exit=0 text=3fd8649867d4bb41 role=child prefix_tokens=16321 suffix_tokens=16 model_ms=1254.2 context_ms=257.9 state_ms=12.83 prefix_ms=0.0 suffix_ms=623.4 first_token_ms=2439.1 generation_ms=23953.6 generated=64 generation_tps=2.672
CHILD index=3 own_instance=1 exit=0 text=3fd8649867d4bb41 role=child prefix_tokens=16321 suffix_tokens=16 model_ms=1294.0 context_ms=241.5 state_ms=11.50 prefix_ms=0.0 suffix_ms=656.0 first_token_ms=2485.2 generation_ms=23929.0 generated=64 generation_tps=2.675
CHILD index=4 own_instance=1 exit=0 text=3e0fd62f5aa50665 role=child prefix_tokens=16321 suffix_tokens=16 model_ms=1219.4 context_ms=247.4 state_ms=13.78 prefix_ms=0.0 suffix_ms=600.1 first_token_ms=2391.8 generation_ms=23972.7 generated=64 generation_tps=2.670
CHILD index=5 own_instance=1 exit=0 text=3e0fd62f5aa50665 role=child prefix_tokens=16321 suffix_tokens=16 model_ms=1282.6 context_ms=238.0 state_ms=10.61 prefix_ms=0.0 suffix_ms=634.6 first_token_ms=2461.2 generation_ms=23954.9 generated=64 generation_tps=2.672
CHILD index=6 own_instance=1 exit=0 text=4a8f18b77dbe0332 role=child prefix_tokens=16321 suffix_tokens=16 model_ms=1236.2 context_ms=256.6 state_ms=14.18 prefix_ms=0.0 suffix_ms=627.4 first_token_ms=2433.2 generation_ms=23947.1 generated=64 generation_tps=2.673
CHILD index=7 own_instance=1 exit=0 text=4a8f18b77dbe0332 role=child prefix_tokens=16321 suffix_tokens=16 model_ms=1224.5 context_ms=199.3 state_ms=13.45 prefix_ms=0.0 suffix_ms=461.1 first_token_ms=2206.3 generation_ms=23981.1 generated=64 generation_tps=2.669
MEMORY mem_available_drop_mib=7738
END_CASE failed=0 timed_out=0
CASE placement=same mode=cow children=8 paragraphs=320 context=32768
PARENT exit=0 text=c646470e58f73411 prefix_tokens=16321 prefix_ms=19869.4 publish_ms=9.24 state_bytes=261845 model_ms=628.7 context_ms=37.1 suffix_ms=109.6 generation_ms=15023.2 generated=64 generation_tps=4.260 total_ms=48257.2
CHILD index=0 own_instance=1 exit=0 text=d42c4c07975a6446 role=child prefix_tokens=16321 suffix_tokens=16 model_ms=1019.4 context_ms=35.7 state_ms=7.33 prefix_ms=0.0 suffix_ms=271.6 first_token_ms=1586.5 generation_ms=24622.7 generated=64 generation_tps=2.599
CHILD index=1 own_instance=1 exit=0 text=3fd8649867d4bb41 role=child prefix_tokens=16321 suffix_tokens=16 model_ms=1207.6 context_ms=39.3 state_ms=7.43 prefix_ms=0.0 suffix_ms=1161.7 first_token_ms=2695.8 generation_ms=24261.3 generated=64 generation_tps=2.638
CHILD index=2 own_instance=1 exit=0 text=3fd8649867d4bb41 role=child prefix_tokens=16321 suffix_tokens=16 model_ms=1218.1 context_ms=35.7 state_ms=7.10 prefix_ms=0.0 suffix_ms=1183.3 first_token_ms=2736.9 generation_ms=24280.4 generated=64 generation_tps=2.636
CHILD index=3 own_instance=1 exit=0 text=3fd8649867d4bb41 role=child prefix_tokens=16321 suffix_tokens=16 model_ms=1165.2 context_ms=35.9 state_ms=7.50 prefix_ms=0.0 suffix_ms=1176.1 first_token_ms=2679.4 generation_ms=24306.1 generated=64 generation_tps=2.633
CHILD index=4 own_instance=1 exit=0 text=3e0fd62f5aa50665 role=child prefix_tokens=16321 suffix_tokens=16 model_ms=1261.0 context_ms=37.7 state_ms=7.24 prefix_ms=0.0 suffix_ms=1332.1 first_token_ms=2934.5 generation_ms=24149.0 generated=64 generation_tps=2.650
CHILD index=5 own_instance=1 exit=0 text=3e0fd62f5aa50665 role=child prefix_tokens=16321 suffix_tokens=16 model_ms=1239.3 context_ms=35.7 state_ms=7.48 prefix_ms=0.0 suffix_ms=1251.2 first_token_ms=2824.4 generation_ms=24232.7 generated=64 generation_tps=2.641
CHILD index=6 own_instance=1 exit=0 text=4a8f18b77dbe0332 role=child prefix_tokens=16321 suffix_tokens=16 model_ms=1193.3 context_ms=34.9 state_ms=7.13 prefix_ms=0.0 suffix_ms=1174.1 first_token_ms=2697.2 generation_ms=24288.8 generated=64 generation_tps=2.635
CHILD index=7 own_instance=1 exit=0 text=4a8f18b77dbe0332 role=child prefix_tokens=16321 suffix_tokens=16 model_ms=1262.2 context_ms=37.0 state_ms=7.33 prefix_ms=0.0 suffix_ms=1296.2 first_token_ms=2888.0 generation_ms=24185.9 generated=64 generation_tps=2.646
MEMORY mem_available_drop_mib=6887
END_CASE failed=0 timed_out=0
CASE placement=same mode=extent children=8 paragraphs=320 context=32768
PARENT exit=0 text=c646470e58f73411 prefix_tokens=16321 prefix_ms=19895.5 publish_ms=9.31 state_bytes=261845 model_ms=632.3 context_ms=36.9 suffix_ms=101.4 generation_ms=13773.6 generated=64 generation_tps=4.647 total_ms=47499.0
CHILD index=0 own_instance=1 exit=0 text=d42c4c07975a6446 role=child prefix_tokens=16321 suffix_tokens=16 model_ms=1216.2 context_ms=55.8 state_ms=7.38 prefix_ms=0.0 suffix_ms=631.8 first_token_ms=2212.8 generation_ms=24007.1 generated=64 generation_tps=2.666
CHILD index=1 own_instance=1 exit=0 text=3fd8649867d4bb41 role=child prefix_tokens=16321 suffix_tokens=16 model_ms=1230.2 context_ms=54.4 state_ms=7.77 prefix_ms=0.0 suffix_ms=619.4 first_token_ms=2200.7 generation_ms=24017.9 generated=64 generation_tps=2.665
CHILD index=2 own_instance=1 exit=0 text=3fd8649867d4bb41 role=child prefix_tokens=16321 suffix_tokens=16 model_ms=1274.1 context_ms=39.9 state_ms=7.46 prefix_ms=0.0 suffix_ms=631.1 first_token_ms=2235.8 generation_ms=23969.9 generated=64 generation_tps=2.670
CHILD index=3 own_instance=1 exit=0 text=3fd8649867d4bb41 role=child prefix_tokens=16321 suffix_tokens=16 model_ms=1231.9 context_ms=50.5 state_ms=7.49 prefix_ms=0.0 suffix_ms=628.4 first_token_ms=2204.0 generation_ms=23968.5 generated=64 generation_tps=2.670
CHILD index=4 own_instance=1 exit=0 text=3e0fd62f5aa50665 role=child prefix_tokens=16321 suffix_tokens=16 model_ms=1261.1 context_ms=38.1 state_ms=7.33 prefix_ms=0.0 suffix_ms=631.0 first_token_ms=2233.0 generation_ms=23987.6 generated=64 generation_tps=2.668
CHILD index=5 own_instance=1 exit=0 text=3e0fd62f5aa50665 role=child prefix_tokens=16321 suffix_tokens=16 model_ms=1161.3 context_ms=35.1 state_ms=7.37 prefix_ms=0.0 suffix_ms=187.7 first_token_ms=1656.2 generation_ms=24001.8 generated=64 generation_tps=2.666
CHILD index=6 own_instance=1 exit=0 text=4a8f18b77dbe0332 role=child prefix_tokens=16321 suffix_tokens=16 model_ms=1220.8 context_ms=47.9 state_ms=7.61 prefix_ms=0.0 suffix_ms=630.8 first_token_ms=2204.1 generation_ms=24017.7 generated=64 generation_tps=2.665
CHILD index=7 own_instance=1 exit=0 text=4a8f18b77dbe0332 role=child prefix_tokens=16321 suffix_tokens=16 model_ms=1218.7 context_ms=56.5 state_ms=7.43 prefix_ms=0.0 suffix_ms=639.2 first_token_ms=2216.1 generation_ms=24002.5 generated=64 generation_tps=2.666
MEMORY mem_available_drop_mib=6084
END_CASE failed=0 timed_out=0
CASE placement=cross mode=copy children=8 paragraphs=320 context=32768
PARENT exit=0 text=c646470e58f73411 prefix_tokens=16321 prefix_ms=19807.4 publish_ms=546.00 state_bytes=936173269 model_ms=656.5 context_ms=60.0 suffix_ms=63.9 generation_ms=7408.3 generated=64 generation_tps=8.639 total_ms=42445.4
CHILD index=0 own_instance=1 exit=0 text=d42c4c07975a6446 role=child prefix_tokens=16321 suffix_tokens=16 model_ms=1215.9 context_ms=204.5 state_ms=430.11 prefix_ms=0.0 suffix_ms=399.3 first_token_ms=2542.1 generation_ms=13547.6 generated=64 generation_tps=4.724
CHILD index=1 own_instance=0 exit=0 text=3fd8649867d4bb41 role=child prefix_tokens=16321 suffix_tokens=16 model_ms=806.7 context_ms=65.0 state_ms=174.95 prefix_ms=0.0 suffix_ms=136.7 first_token_ms=1429.5 generation_ms=17483.7 generated=64 generation_tps=3.661
CHILD index=2 own_instance=1 exit=0 text=3fd8649867d4bb41 role=child prefix_tokens=16321 suffix_tokens=16 model_ms=1197.5 context_ms=184.3 state_ms=464.23 prefix_ms=0.0 suffix_ms=383.8 first_token_ms=2527.2 generation_ms=13545.3 generated=64 generation_tps=4.725
CHILD index=3 own_instance=0 exit=0 text=3fd8649867d4bb41 role=child prefix_tokens=16321 suffix_tokens=16 model_ms=1180.4 context_ms=206.2 state_ms=474.04 prefix_ms=0.0 suffix_ms=480.5 first_token_ms=2621.5 generation_ms=18130.1 generated=64 generation_tps=3.530
CHILD index=4 own_instance=1 exit=0 text=3e0fd62f5aa50665 role=child prefix_tokens=16321 suffix_tokens=16 model_ms=1205.4 context_ms=202.8 state_ms=430.68 prefix_ms=0.0 suffix_ms=374.1 first_token_ms=2515.5 generation_ms=13554.1 generated=64 generation_tps=4.722
CHILD index=5 own_instance=0 exit=0 text=3fd8649867d4bb41 role=child prefix_tokens=16321 suffix_tokens=16 model_ms=1198.7 context_ms=168.8 state_ms=485.60 prefix_ms=0.0 suffix_ms=468.6 first_token_ms=2612.1 generation_ms=18145.4 generated=64 generation_tps=3.527
CHILD index=6 own_instance=1 exit=0 text=4a8f18b77dbe0332 role=child prefix_tokens=16321 suffix_tokens=16 model_ms=1249.6 context_ms=162.6 state_ms=430.23 prefix_ms=0.0 suffix_ms=398.4 first_token_ms=2536.8 generation_ms=13536.8 generated=64 generation_tps=4.728
CHILD index=7 own_instance=0 exit=0 text=4a8f18b77dbe0332 role=child prefix_tokens=16321 suffix_tokens=16 model_ms=1177.2 context_ms=229.7 state_ms=450.27 prefix_ms=0.0 suffix_ms=480.1 first_token_ms=2624.4 generation_ms=18147.2 generated=64 generation_tps=3.527
MEMORY mem_available_drop_mib=20269
END_CASE failed=0 timed_out=0
CASE placement=cross mode=demand children=8 paragraphs=320 context=32768
PARENT exit=0 text=c646470e58f73411 prefix_tokens=16321 prefix_ms=19807.5 publish_ms=547.99 state_bytes=936173269 model_ms=627.6 context_ms=35.9 suffix_ms=63.4 generation_ms=7909.1 generated=64 generation_tps=8.092 total_ms=42700.0
CHILD index=0 own_instance=1 exit=0 text=d42c4c07975a6446 role=child prefix_tokens=16321 suffix_tokens=16 model_ms=1138.3 context_ms=34.1 state_ms=294.43 prefix_ms=0.0 suffix_ms=235.3 first_token_ms=1951.2 generation_ms=13561.0 generated=64 generation_tps=4.719
CHILD index=1 own_instance=0 exit=0 text=3fd8649867d4bb41 role=child prefix_tokens=16321 suffix_tokens=16 model_ms=1163.9 context_ms=44.3 state_ms=561.53 prefix_ms=0.0 suffix_ms=427.1 first_token_ms=2495.7 generation_ms=18538.4 generated=64 generation_tps=3.452
CHILD index=2 own_instance=1 exit=0 text=3fd8649867d4bb41 role=child prefix_tokens=16321 suffix_tokens=16 model_ms=1248.5 context_ms=38.2 state_ms=556.90 prefix_ms=0.0 suffix_ms=426.0 first_token_ms=2558.1 generation_ms=13488.9 generated=64 generation_tps=4.745
CHILD index=3 own_instance=0 exit=0 text=3fd8649867d4bb41 role=child prefix_tokens=16321 suffix_tokens=16 model_ms=1180.1 context_ms=43.4 state_ms=573.45 prefix_ms=0.0 suffix_ms=471.8 first_token_ms=2565.3 generation_ms=18542.2 generated=64 generation_tps=3.452
CHILD index=4 own_instance=1 exit=0 text=3e0fd62f5aa50665 role=child prefix_tokens=16321 suffix_tokens=16 model_ms=1160.0 context_ms=44.6 state_ms=572.60 prefix_ms=0.0 suffix_ms=389.1 first_token_ms=2468.9 generation_ms=13513.3 generated=64 generation_tps=4.736
CHILD index=5 own_instance=0 exit=0 text=3fd8649867d4bb41 role=child prefix_tokens=16321 suffix_tokens=16 model_ms=1116.1 context_ms=33.7 state_ms=317.97 prefix_ms=0.0 suffix_ms=186.9 first_token_ms=1946.7 generation_ms=18468.4 generated=64 generation_tps=3.465
CHILD index=6 own_instance=1 exit=0 text=4a8f18b77dbe0332 role=child prefix_tokens=16321 suffix_tokens=16 model_ms=1170.1 context_ms=43.2 state_ms=586.25 prefix_ms=0.0 suffix_ms=421.8 first_token_ms=2523.4 generation_ms=13502.3 generated=64 generation_tps=4.740
CHILD index=7 own_instance=0 exit=0 text=4a8f18b77dbe0332 role=child prefix_tokens=16321 suffix_tokens=16 model_ms=1187.3 context_ms=37.8 state_ms=567.22 prefix_ms=0.0 suffix_ms=479.0 first_token_ms=2576.0 generation_ms=18528.8 generated=64 generation_tps=3.454
MEMORY mem_available_drop_mib=13734
END_CASE failed=0 timed_out=0
CASE placement=cross mode=device children=8 paragraphs=320 context=32768
PARENT exit=0 text=c646470e58f73411 prefix_tokens=16321 prefix_ms=19822.5 publish_ms=42.13 state_bytes=261845 model_ms=633.8 context_ms=36.4 suffix_ms=64.0 generation_ms=5873.9 generated=64 generation_tps=10.896 total_ms=35765.1
CHILD index=0 own_instance=1 exit=0 text=d42c4c07975a6446 role=child prefix_tokens=16321 suffix_tokens=16 model_ms=1211.9 context_ms=559.9 state_ms=154.43 prefix_ms=0.0 suffix_ms=403.8 first_token_ms=2632.8 generation_ms=12037.9 generated=64 generation_tps=5.317
STDERR llama_init_from_model: failed to initialize the context: kv cache: cannot map a published allocation
STDERR kv_fork: cannot create the context
CHILD index=1 own_instance=0 exit=1 text=e3b0c44298fc1c14 
CHILD index=2 own_instance=1 exit=0 text=3fd8649867d4bb41 role=child prefix_tokens=16321 suffix_tokens=16 model_ms=1187.6 context_ms=577.1 state_ms=150.79 prefix_ms=0.0 suffix_ms=415.7 first_token_ms=2631.1 generation_ms=12031.6 generated=64 generation_tps=5.319
STDERR llama_init_from_model: failed to initialize the context: kv cache: cannot map a published allocation
STDERR kv_fork: cannot create the context
CHILD index=3 own_instance=0 exit=1 text=e3b0c44298fc1c14 
CHILD index=4 own_instance=1 exit=0 text=3e0fd62f5aa50665 role=child prefix_tokens=16321 suffix_tokens=16 model_ms=1255.9 context_ms=491.1 state_ms=30.11 prefix_ms=0.0 suffix_ms=231.4 first_token_ms=2293.3 generation_ms=12110.6 generated=64 generation_tps=5.285
STDERR llama_init_from_model: failed to initialize the context: kv cache: cannot map a published allocation
STDERR kv_fork: cannot create the context
CHILD index=5 own_instance=0 exit=1 text=e3b0c44298fc1c14 
CHILD index=6 own_instance=1 exit=0 text=4a8f18b77dbe0332 role=child prefix_tokens=16321 suffix_tokens=16 model_ms=1229.5 context_ms=548.6 state_ms=158.54 prefix_ms=0.0 suffix_ms=388.3 first_token_ms=2622.0 generation_ms=12016.1 generated=64 generation_tps=5.326
STDERR llama_init_from_model: failed to initialize the context: kv cache: cannot map a published allocation
STDERR kv_fork: cannot create the context
CHILD index=7 own_instance=0 exit=1 text=e3b0c44298fc1c14 
MEMORY mem_available_drop_mib=3940
END_CASE failed=4 timed_out=0
CASE placement=cross mode=device_tuned children=8 paragraphs=320 context=32768
PARENT exit=0 text=c646470e58f73411 prefix_tokens=16321 prefix_ms=19821.8 publish_ms=37.66 state_bytes=261845 model_ms=699.2 context_ms=37.4 suffix_ms=64.4 generation_ms=6476.8 generated=64 generation_tps=9.881 total_ms=35815.6
CHILD index=0 own_instance=1 exit=0 text=d42c4c07975a6446 role=child prefix_tokens=16321 suffix_tokens=16 model_ms=1238.0 context_ms=440.8 state_ms=10.45 prefix_ms=0.0 suffix_ms=378.0 first_token_ms=2367.2 generation_ms=12282.8 generated=64 generation_tps=5.211
STDERR llama_init_from_model: failed to initialize the context: kv cache: cannot map a published allocation
STDERR kv_fork: cannot create the context
CHILD index=1 own_instance=0 exit=1 text=e3b0c44298fc1c14 
CHILD index=2 own_instance=1 exit=0 text=3fd8649867d4bb41 role=child prefix_tokens=16321 suffix_tokens=16 model_ms=1220.5 context_ms=470.8 state_ms=10.98 prefix_ms=0.0 suffix_ms=359.9 first_token_ms=2357.3 generation_ms=12267.8 generated=64 generation_tps=5.217
STDERR llama_init_from_model: failed to initialize the context: kv cache: cannot map a published allocation
STDERR kv_fork: cannot create the context
CHILD index=3 own_instance=0 exit=1 text=e3b0c44298fc1c14 
CHILD index=4 own_instance=1 exit=0 text=3e0fd62f5aa50665 role=child prefix_tokens=16321 suffix_tokens=16 model_ms=1193.7 context_ms=472.4 state_ms=12.39 prefix_ms=0.0 suffix_ms=398.5 first_token_ms=2374.2 generation_ms=12280.3 generated=64 generation_tps=5.212
STDERR llama_init_from_model: failed to initialize the context: kv cache: cannot map a published allocation
STDERR kv_fork: cannot create the context
CHILD index=5 own_instance=0 exit=1 text=e3b0c44298fc1c14 
CHILD index=6 own_instance=1 exit=0 text=4a8f18b77dbe0332 role=child prefix_tokens=16321 suffix_tokens=16 model_ms=1207.3 context_ms=466.8 state_ms=10.89 prefix_ms=0.0 suffix_ms=357.1 first_token_ms=2331.1 generation_ms=12247.4 generated=64 generation_tps=5.226
STDERR llama_init_from_model: failed to initialize the context: kv cache: cannot map a published allocation
STDERR kv_fork: cannot create the context
CHILD index=7 own_instance=0 exit=1 text=e3b0c44298fc1c14 
MEMORY mem_available_drop_mib=3970
END_CASE failed=4 timed_out=0
CASE placement=cross mode=device_merged children=8 paragraphs=320 context=32768
PARENT exit=0 text=c646470e58f73411 prefix_tokens=16321 prefix_ms=19825.4 publish_ms=119.71 state_bytes=261845 model_ms=631.8 context_ms=35.3 suffix_ms=64.1 generation_ms=7235.0 generated=64 generation_tps=8.846 total_ms=35848.2
CHILD index=0 own_instance=1 exit=0 text=d42c4c07975a6446 role=child prefix_tokens=16321 suffix_tokens=16 model_ms=1218.5 context_ms=323.1 state_ms=14.23 prefix_ms=0.0 suffix_ms=395.4 first_token_ms=2233.4 generation_ms=12439.6 generated=64 generation_tps=5.145
STDERR llama_init_from_model: failed to initialize the context: kv cache: cannot map a published allocation
STDERR kv_fork: cannot create the context
CHILD index=1 own_instance=0 exit=1 text=e3b0c44298fc1c14 
CHILD index=2 own_instance=1 exit=0 text=3fd8649867d4bb41 role=child prefix_tokens=16321 suffix_tokens=16 model_ms=1206.8 context_ms=199.8 state_ms=11.60 prefix_ms=0.0 suffix_ms=434.7 first_token_ms=2127.9 generation_ms=12468.2 generated=64 generation_tps=5.133
STDERR llama_init_from_model: failed to initialize the context: kv cache: cannot map a published allocation
STDERR kv_fork: cannot create the context
CHILD index=3 own_instance=0 exit=1 text=e3b0c44298fc1c14 
CHILD index=4 own_instance=1 exit=0 text=3e0fd62f5aa50665 role=child prefix_tokens=16321 suffix_tokens=16 model_ms=1232.2 context_ms=277.7 state_ms=14.87 prefix_ms=0.0 suffix_ms=390.3 first_token_ms=2215.8 generation_ms=12455.9 generated=64 generation_tps=5.138
STDERR llama_init_from_model: failed to initialize the context: kv cache: cannot map a published allocation
STDERR kv_fork: cannot create the context
CHILD index=5 own_instance=0 exit=1 text=e3b0c44298fc1c14 
CHILD index=6 own_instance=1 exit=0 text=4a8f18b77dbe0332 role=child prefix_tokens=16321 suffix_tokens=16 model_ms=1248.5 context_ms=255.0 state_ms=10.15 prefix_ms=0.0 suffix_ms=346.6 first_token_ms=2162.1 generation_ms=12466.2 generated=64 generation_tps=5.134
STDERR llama_init_from_model: failed to initialize the context: kv cache: cannot map a published allocation
STDERR kv_fork: cannot create the context
CHILD index=7 own_instance=0 exit=1 text=e3b0c44298fc1c14 
MEMORY mem_available_drop_mib=3914
END_CASE failed=4 timed_out=0
CASE placement=cross mode=cow children=8 paragraphs=320 context=32768
PARENT exit=0 text=c646470e58f73411 prefix_tokens=16321 prefix_ms=19862.6 publish_ms=9.10 state_bytes=261845 model_ms=629.8 context_ms=37.1 suffix_ms=112.8 generation_ms=9187.3 generated=64 generation_tps=6.966 total_ms=42858.6
CHILD index=0 own_instance=1 exit=0 text=d42c4c07975a6446 role=child prefix_tokens=16321 suffix_tokens=16 model_ms=1201.4 context_ms=41.3 state_ms=7.41 prefix_ms=0.0 suffix_ms=797.6 first_token_ms=2338.5 generation_ms=14032.5 generated=64 generation_tps=4.561
CHILD index=1 own_instance=0 exit=0 text=3fd8649867d4bb41 role=child prefix_tokens=16321 suffix_tokens=16 model_ms=1157.5 context_ms=41.8 state_ms=7.41 prefix_ms=0.0 suffix_ms=692.7 first_token_ms=2191.6 generation_ms=19478.6 generated=64 generation_tps=3.286
CHILD index=2 own_instance=1 exit=0 text=3fd8649867d4bb41 role=child prefix_tokens=16321 suffix_tokens=16 model_ms=1253.7 context_ms=36.6 state_ms=7.32 prefix_ms=0.0 suffix_ms=793.3 first_token_ms=2375.2 generation_ms=14018.4 generated=64 generation_tps=4.565
CHILD index=3 own_instance=0 exit=0 text=3fd8649867d4bb41 role=child prefix_tokens=16321 suffix_tokens=16 model_ms=1222.9 context_ms=38.5 state_ms=7.43 prefix_ms=0.0 suffix_ms=832.1 first_token_ms=2399.6 generation_ms=19364.4 generated=64 generation_tps=3.305
CHILD index=4 own_instance=1 exit=0 text=3e0fd62f5aa50665 role=child prefix_tokens=16321 suffix_tokens=16 model_ms=1210.1 context_ms=43.7 state_ms=7.75 prefix_ms=0.0 suffix_ms=801.5 first_token_ms=2350.1 generation_ms=14036.2 generated=64 generation_tps=4.560
CHILD index=5 own_instance=0 exit=0 text=3fd8649867d4bb41 role=child prefix_tokens=16321 suffix_tokens=16 model_ms=1190.7 context_ms=36.8 state_ms=7.34 prefix_ms=0.0 suffix_ms=774.9 first_token_ms=2300.6 generation_ms=19439.7 generated=64 generation_tps=3.292
CHILD index=6 own_instance=1 exit=0 text=4a8f18b77dbe0332 role=child prefix_tokens=16321 suffix_tokens=16 model_ms=1161.3 context_ms=36.9 state_ms=7.21 prefix_ms=0.0 suffix_ms=525.3 first_token_ms=1998.2 generation_ms=14191.0 generated=64 generation_tps=4.510
CHILD index=7 own_instance=0 exit=0 text=4a8f18b77dbe0332 role=child prefix_tokens=16321 suffix_tokens=16 model_ms=1162.7 context_ms=38.0 state_ms=7.41 prefix_ms=0.0 suffix_ms=673.5 first_token_ms=2180.0 generation_ms=19481.0 generated=64 generation_tps=3.285
MEMORY mem_available_drop_mib=6754
END_CASE failed=0 timed_out=0
CASE placement=cross mode=extent children=8 paragraphs=320 context=32768
PARENT exit=0 text=c646470e58f73411 prefix_tokens=16321 prefix_ms=19901.0 publish_ms=8.98 state_bytes=261845 model_ms=705.1 context_ms=38.4 suffix_ms=105.4 generation_ms=8941.8 generated=64 generation_tps=7.157 total_ms=42456.6
CHILD index=0 own_instance=1 exit=0 text=d42c4c07975a6446 role=child prefix_tokens=16321 suffix_tokens=16 model_ms=1199.0 context_ms=53.9 state_ms=7.33 prefix_ms=0.0 suffix_ms=372.9 first_token_ms=1918.3 generation_ms=14014.8 generated=64 generation_tps=4.567
CHILD index=1 own_instance=0 exit=0 text=3fd8649867d4bb41 role=child prefix_tokens=16321 suffix_tokens=16 model_ms=1142.6 context_ms=37.7 state_ms=7.40 prefix_ms=0.0 suffix_ms=346.9 first_token_ms=1814.6 generation_ms=19357.1 generated=64 generation_tps=3.306
CHILD index=2 own_instance=1 exit=0 text=3fd8649867d4bb41 role=child prefix_tokens=16321 suffix_tokens=16 model_ms=1203.5 context_ms=46.6 state_ms=7.36 prefix_ms=0.0 suffix_ms=385.1 first_token_ms=1939.2 generation_ms=13990.6 generated=64 generation_tps=4.574
CHILD index=3 own_instance=0 exit=0 text=3fd8649867d4bb41 role=child prefix_tokens=16321 suffix_tokens=16 model_ms=1133.9 context_ms=41.6 state_ms=9.20 prefix_ms=0.0 suffix_ms=401.7 first_token_ms=1889.5 generation_ms=19361.1 generated=64 generation_tps=3.306
CHILD index=4 own_instance=1 exit=0 text=3e0fd62f5aa50665 role=child prefix_tokens=16321 suffix_tokens=16 model_ms=1194.1 context_ms=50.0 state_ms=7.15 prefix_ms=0.0 suffix_ms=365.9 first_token_ms=1914.4 generation_ms=14027.5 generated=64 generation_tps=4.562
CHILD index=5 own_instance=0 exit=0 text=3fd8649867d4bb41 role=child prefix_tokens=16321 suffix_tokens=16 model_ms=1164.7 context_ms=40.4 state_ms=9.23 prefix_ms=0.0 suffix_ms=386.0 first_token_ms=1874.8 generation_ms=19365.5 generated=64 generation_tps=3.305
CHILD index=6 own_instance=1 exit=0 text=4a8f18b77dbe0332 role=child prefix_tokens=16321 suffix_tokens=16 model_ms=1207.3 context_ms=51.4 state_ms=7.46 prefix_ms=0.0 suffix_ms=385.3 first_token_ms=1940.8 generation_ms=14016.0 generated=64 generation_tps=4.566
CHILD index=7 own_instance=0 exit=0 text=4a8f18b77dbe0332 role=child prefix_tokens=16321 suffix_tokens=16 model_ms=1170.2 context_ms=43.4 state_ms=7.76 prefix_ms=0.0 suffix_ms=445.5 first_token_ms=1969.9 generation_ms=19298.9 generated=64 generation_tps=3.316
MEMORY mem_available_drop_mib=5921
END_CASE failed=0 timed_out=0
CASE placement=same mode=copy children=4 paragraphs=320 context=32768
PARENT exit=0 text=c646470e58f73411 prefix_tokens=16321 prefix_ms=19805.8 publish_ms=536.90 state_bytes=936173269 model_ms=632.9 context_ms=60.8 suffix_ms=61.8 generation_ms=8542.2 generated=64 generation_tps=7.492 total_ms=36345.4
CHILD index=0 own_instance=1 exit=0 text=d42c4c07975a6446 role=child prefix_tokens=16321 suffix_tokens=16 model_ms=922.3 context_ms=136.6 state_ms=436.27 prefix_ms=0.0 suffix_ms=408.3 first_token_ms=2045.8 generation_ms=12700.6 generated=64 generation_tps=5.039
CHILD index=1 own_instance=1 exit=0 text=3fd8649867d4bb41 role=child prefix_tokens=16321 suffix_tokens=16 model_ms=917.7 context_ms=114.5 state_ms=288.49 prefix_ms=0.0 suffix_ms=224.6 first_token_ms=1688.9 generation_ms=12784.3 generated=64 generation_tps=5.006
CHILD index=2 own_instance=1 exit=0 text=3fd8649867d4bb41 role=child prefix_tokens=16321 suffix_tokens=16 model_ms=923.1 context_ms=123.8 state_ms=451.51 prefix_ms=0.0 suffix_ms=384.8 first_token_ms=2025.0 generation_ms=12718.9 generated=64 generation_tps=5.032
CHILD index=3 own_instance=1 exit=0 text=3fd8649867d4bb41 role=child prefix_tokens=16321 suffix_tokens=16 model_ms=915.7 context_ms=154.4 state_ms=419.95 prefix_ms=0.0 suffix_ms=406.0 first_token_ms=2043.0 generation_ms=12675.8 generated=64 generation_tps=5.049
MEMORY mem_available_drop_mib=10175
END_CASE failed=0 timed_out=0
CASE placement=same mode=demand children=4 paragraphs=320 context=32768
PARENT exit=0 text=c646470e58f73411 prefix_tokens=16321 prefix_ms=19810.5 publish_ms=557.86 state_bytes=936173269 model_ms=635.6 context_ms=36.3 suffix_ms=61.6 generation_ms=9195.3 generated=64 generation_tps=6.960 total_ms=36310.1
CHILD index=0 own_instance=1 exit=0 text=d42c4c07975a6446 role=child prefix_tokens=16321 suffix_tokens=16 model_ms=980.9 context_ms=35.5 state_ms=336.01 prefix_ms=0.0 suffix_ms=374.1 first_token_ms=1874.6 generation_ms=12820.7 generated=64 generation_tps=4.992
CHILD index=1 own_instance=1 exit=0 text=3fd8649867d4bb41 role=child prefix_tokens=16321 suffix_tokens=16 model_ms=921.6 context_ms=38.4 state_ms=386.16 prefix_ms=0.0 suffix_ms=382.1 first_token_ms=1880.3 generation_ms=12838.1 generated=64 generation_tps=4.985
CHILD index=2 own_instance=1 exit=0 text=3fd8649867d4bb41 role=child prefix_tokens=16321 suffix_tokens=16 model_ms=924.3 context_ms=39.2 state_ms=385.26 prefix_ms=0.0 suffix_ms=381.4 first_token_ms=1880.2 generation_ms=12832.7 generated=64 generation_tps=4.987
CHILD index=3 own_instance=1 exit=0 text=3fd8649867d4bb41 role=child prefix_tokens=16321 suffix_tokens=16 model_ms=787.2 context_ms=32.7 state_ms=257.85 prefix_ms=0.0 suffix_ms=220.8 first_token_ms=1433.9 generation_ms=12879.3 generated=64 generation_tps=4.969
MEMORY mem_available_drop_mib=7173
END_CASE failed=0 timed_out=0
CASE placement=same mode=device children=4 paragraphs=320 context=32768
PARENT exit=0 text=c646470e58f73411 prefix_tokens=16321 prefix_ms=19814.6 publish_ms=41.21 state_bytes=261845 model_ms=636.0 context_ms=36.4 suffix_ms=61.4 generation_ms=8392.7 generated=64 generation_tps=7.626 total_ms=35764.4
CHILD index=0 own_instance=1 exit=0 text=d42c4c07975a6446 role=child prefix_tokens=16321 suffix_tokens=16 model_ms=907.4 context_ms=332.9 state_ms=114.60 prefix_ms=0.0 suffix_ms=352.2 first_token_ms=1845.9 generation_ms=12734.2 generated=64 generation_tps=5.026
CHILD index=1 own_instance=1 exit=0 text=3fd8649867d4bb41 role=child prefix_tokens=16321 suffix_tokens=16 model_ms=895.4 context_ms=329.3 state_ms=115.62 prefix_ms=0.0 suffix_ms=390.0 first_token_ms=1880.8 generation_ms=12764.4 generated=64 generation_tps=5.014
CHILD index=2 own_instance=1 exit=0 text=3fd8649867d4bb41 role=child prefix_tokens=16321 suffix_tokens=16 model_ms=956.3 context_ms=321.4 state_ms=98.86 prefix_ms=0.0 suffix_ms=387.2 first_token_ms=1916.9 generation_ms=12739.8 generated=64 generation_tps=5.024
CHILD index=3 own_instance=1 exit=0 text=3fd8649867d4bb41 role=child prefix_tokens=16321 suffix_tokens=16 model_ms=900.0 context_ms=331.7 state_ms=120.20 prefix_ms=0.0 suffix_ms=375.5 first_token_ms=1873.9 generation_ms=12757.6 generated=64 generation_tps=5.017
MEMORY mem_available_drop_mib=3983
END_CASE failed=0 timed_out=0
CASE placement=same mode=device_tuned children=4 paragraphs=320 context=32768
PARENT exit=0 text=c646470e58f73411 prefix_tokens=16321 prefix_ms=19808.5 publish_ms=41.18 state_bytes=261845 model_ms=640.8 context_ms=36.6 suffix_ms=62.7 generation_ms=9724.8 generated=64 generation_tps=6.581 total_ms=35740.4
CHILD index=0 own_instance=1 exit=0 text=d42c4c07975a6446 role=child prefix_tokens=16321 suffix_tokens=16 model_ms=916.5 context_ms=177.4 state_ms=8.52 prefix_ms=0.0 suffix_ms=379.9 first_token_ms=1635.6 generation_ms=12986.4 generated=64 generation_tps=4.928
CHILD index=1 own_instance=1 exit=0 text=3fd8649867d4bb41 role=child prefix_tokens=16321 suffix_tokens=16 model_ms=924.3 context_ms=167.4 state_ms=10.00 prefix_ms=0.0 suffix_ms=374.9 first_token_ms=1624.7 generation_ms=13000.0 generated=64 generation_tps=4.923
CHILD index=2 own_instance=1 exit=0 text=3fd8649867d4bb41 role=child prefix_tokens=16321 suffix_tokens=16 model_ms=863.6 context_ms=69.1 state_ms=7.65 prefix_ms=0.0 suffix_ms=193.1 first_token_ms=1267.0 generation_ms=13054.0 generated=64 generation_tps=4.903
CHILD index=3 own_instance=1 exit=0 text=3fd8649867d4bb41 role=child prefix_tokens=16321 suffix_tokens=16 model_ms=920.9 context_ms=174.3 state_ms=7.87 prefix_ms=0.0 suffix_ms=387.2 first_token_ms=1640.9 generation_ms=12996.3 generated=64 generation_tps=4.924
MEMORY mem_available_drop_mib=3996
END_CASE failed=0 timed_out=0
CASE placement=same mode=device_merged children=4 paragraphs=320 context=32768
PARENT exit=0 text=c646470e58f73411 prefix_tokens=16321 prefix_ms=19824.6 publish_ms=126.48 state_bytes=261845 model_ms=631.7 context_ms=36.1 suffix_ms=62.1 generation_ms=9682.9 generated=64 generation_tps=6.610 total_ms=35805.3
CHILD index=0 own_instance=1 exit=0 text=d42c4c07975a6446 role=child prefix_tokens=16321 suffix_tokens=16 model_ms=909.7 context_ms=106.6 state_ms=9.74 prefix_ms=0.0 suffix_ms=334.4 first_token_ms=1495.2 generation_ms=13084.6 generated=64 generation_tps=4.891
CHILD index=1 own_instance=1 exit=0 text=3fd8649867d4bb41 role=child prefix_tokens=16321 suffix_tokens=16 model_ms=898.6 context_ms=113.7 state_ms=8.27 prefix_ms=0.0 suffix_ms=350.2 first_token_ms=1516.9 generation_ms=13105.0 generated=64 generation_tps=4.884
CHILD index=2 own_instance=1 exit=0 text=3fd8649867d4bb41 role=child prefix_tokens=16321 suffix_tokens=16 model_ms=900.6 context_ms=109.2 state_ms=8.53 prefix_ms=0.0 suffix_ms=332.7 first_token_ms=1495.3 generation_ms=13097.4 generated=64 generation_tps=4.886
CHILD index=3 own_instance=1 exit=0 text=3fd8649867d4bb41 role=child prefix_tokens=16321 suffix_tokens=16 model_ms=897.7 context_ms=123.1 state_ms=9.47 prefix_ms=0.0 suffix_ms=374.8 first_token_ms=1553.8 generation_ms=13077.1 generated=64 generation_tps=4.894
MEMORY mem_available_drop_mib=3955
END_CASE failed=0 timed_out=0
CASE placement=same mode=cow children=4 paragraphs=320 context=32768
PARENT exit=0 text=c646470e58f73411 prefix_tokens=16321 prefix_ms=19881.6 publish_ms=8.94 state_bytes=261845 model_ms=629.4 context_ms=36.8 suffix_ms=111.1 generation_ms=10042.5 generated=64 generation_tps=6.373 total_ms=35981.1
CHILD index=0 own_instance=1 exit=0 text=d42c4c07975a6446 role=child prefix_tokens=16321 suffix_tokens=16 model_ms=968.6 context_ms=39.7 state_ms=7.58 prefix_ms=0.0 suffix_ms=724.9 first_token_ms=1889.7 generation_ms=13023.1 generated=64 generation_tps=4.914
CHILD index=1 own_instance=1 exit=0 text=3fd8649867d4bb41 role=child prefix_tokens=16321 suffix_tokens=16 model_ms=886.8 context_ms=36.9 state_ms=7.33 prefix_ms=0.0 suffix_ms=576.5 first_token_ms=1652.7 generation_ms=13168.4 generated=64 generation_tps=4.860
CHILD index=2 own_instance=1 exit=0 text=3fd8649867d4bb41 role=child prefix_tokens=16321 suffix_tokens=16 model_ms=976.0 context_ms=39.4 state_ms=7.30 prefix_ms=0.0 suffix_ms=741.0 first_token_ms=1905.7 generation_ms=13019.3 generated=64 generation_tps=4.916
CHILD index=3 own_instance=1 exit=0 text=3fd8649867d4bb41 role=child prefix_tokens=16321 suffix_tokens=16 model_ms=887.3 context_ms=38.4 state_ms=7.40 prefix_ms=0.0 suffix_ms=554.3 first_token_ms=1627.4 generation_ms=13187.4 generated=64 generation_tps=4.853
MEMORY mem_available_drop_mib=3482
END_CASE failed=0 timed_out=0
CASE placement=same mode=extent children=4 paragraphs=320 context=32768
PARENT exit=0 text=c646470e58f73411 prefix_tokens=16321 prefix_ms=19896.2 publish_ms=8.97 state_bytes=261845 model_ms=628.5 context_ms=37.1 suffix_ms=123.0 generation_ms=10065.8 generated=64 generation_tps=6.358 total_ms=35586.7
CHILD index=0 own_instance=1 exit=0 text=d42c4c07975a6446 role=child prefix_tokens=16321 suffix_tokens=16 model_ms=862.9 context_ms=36.7 state_ms=7.17 prefix_ms=0.0 suffix_ms=192.7 first_token_ms=1221.9 generation_ms=13095.4 generated=64 generation_tps=4.887
CHILD index=1 own_instance=1 exit=0 text=3fd8649867d4bb41 role=child prefix_tokens=16321 suffix_tokens=16 model_ms=928.7 context_ms=40.5 state_ms=7.39 prefix_ms=0.0 suffix_ms=388.1 first_token_ms=1509.2 generation_ms=12991.0 generated=64 generation_tps=4.926
CHILD index=2 own_instance=1 exit=0 text=3fd8649867d4bb41 role=child prefix_tokens=16321 suffix_tokens=16 model_ms=909.0 context_ms=38.9 state_ms=7.38 prefix_ms=0.0 suffix_ms=364.3 first_token_ms=1458.6 generation_ms=13006.5 generated=64 generation_tps=4.921
CHILD index=3 own_instance=1 exit=0 text=3fd8649867d4bb41 role=child prefix_tokens=16321 suffix_tokens=16 model_ms=925.4 context_ms=40.1 state_ms=7.46 prefix_ms=0.0 suffix_ms=388.2 first_token_ms=1505.0 generation_ms=12994.5 generated=64 generation_tps=4.925
MEMORY mem_available_drop_mib=3109
END_CASE failed=0 timed_out=0
CASE placement=same mode=copy children=1 paragraphs=320 context=32768
PARENT exit=0 text=c646470e58f73411 prefix_tokens=16321 prefix_ms=19798.3 publish_ms=556.23 state_bytes=936173269 model_ms=633.5 context_ms=60.0 suffix_ms=60.3 generation_ms=4641.1 generated=64 generation_tps=13.790 total_ms=27276.4
CHILD index=0 own_instance=1 exit=0 text=d42c4c07975a6446 role=child prefix_tokens=16321 suffix_tokens=16 model_ms=628.1 context_ms=58.9 state_ms=267.71 prefix_ms=0.0 suffix_ms=222.7 first_token_ms=1213.1 generation_ms=4537.7 generated=64 generation_tps=14.104
MEMORY mem_available_drop_mib=2544
END_CASE failed=0 timed_out=0
CASE placement=same mode=demand children=1 paragraphs=320 context=32768
PARENT exit=0 text=c646470e58f73411 prefix_tokens=16321 prefix_ms=19813.0 publish_ms=557.96 state_bytes=936173269 model_ms=638.3 context_ms=35.3 suffix_ms=60.0 generation_ms=4685.9 generated=64 generation_tps=13.658 total_ms=27272.8
CHILD index=0 own_instance=1 exit=0 text=d42c4c07975a6446 role=child prefix_tokens=16321 suffix_tokens=16 model_ms=604.6 context_ms=32.8 state_ms=283.57 prefix_ms=0.0 suffix_ms=209.8 first_token_ms=1166.6 generation_ms=4589.3 generated=64 generation_tps=13.945
MEMORY mem_available_drop_mib=1862
END_CASE failed=0 timed_out=0
CASE placement=same mode=device children=1 paragraphs=320 context=32768
PARENT exit=0 text=c646470e58f73411 prefix_tokens=16321 prefix_ms=19825.4 publish_ms=38.25 state_bytes=261845 model_ms=632.0 context_ms=35.4 suffix_ms=60.8 generation_ms=4825.2 generated=64 generation_tps=13.264 total_ms=26719.0
CHILD index=0 own_instance=1 exit=0 text=d42c4c07975a6446 role=child prefix_tokens=16321 suffix_tokens=16 model_ms=607.5 context_ms=180.7 state_ms=17.47 prefix_ms=0.0 suffix_ms=197.6 first_token_ms=1040.1 generation_ms=4706.8 generated=64 generation_tps=13.597
MEMORY mem_available_drop_mib=1090
END_CASE failed=0 timed_out=0
CASE placement=same mode=device_tuned children=1 paragraphs=320 context=32768
PARENT exit=0 text=c646470e58f73411 prefix_tokens=16321 prefix_ms=19810.6 publish_ms=41.82 state_bytes=261845 model_ms=636.5 context_ms=36.2 suffix_ms=60.5 generation_ms=4952.0 generated=64 generation_tps=12.924 total_ms=26760.2
CHILD index=0 own_instance=1 exit=0 text=d42c4c07975a6446 role=child prefix_tokens=16321 suffix_tokens=16 model_ms=600.4 context_ms=69.8 state_ms=9.07 prefix_ms=0.0 suffix_ms=175.9 first_token_ms=889.9 generation_ms=4855.6 generated=64 generation_tps=13.181
MEMORY mem_available_drop_mib=1080
END_CASE failed=0 timed_out=0
CASE placement=same mode=device_merged children=1 paragraphs=320 context=32768
PARENT exit=0 text=c646470e58f73411 prefix_tokens=16321 prefix_ms=19815.4 publish_ms=107.42 state_bytes=261845 model_ms=638.4 context_ms=36.5 suffix_ms=60.9 generation_ms=4913.5 generated=64 generation_tps=13.025 total_ms=26793.2
CHILD index=0 own_instance=1 exit=0 text=d42c4c07975a6446 role=child prefix_tokens=16321 suffix_tokens=16 model_ms=595.6 context_ms=51.4 state_ms=9.00 prefix_ms=0.0 suffix_ms=173.5 first_token_ms=863.8 generation_ms=4870.5 generated=64 generation_tps=13.140
MEMORY mem_available_drop_mib=1081
END_CASE failed=0 timed_out=0
CASE placement=same mode=cow children=1 paragraphs=320 context=32768
PARENT exit=0 text=c646470e58f73411 prefix_tokens=16321 prefix_ms=19898.1 publish_ms=7.19 state_bytes=261845 model_ms=630.1 context_ms=37.2 suffix_ms=141.1 generation_ms=5002.3 generated=64 generation_tps=12.794 total_ms=26936.7
CHILD index=0 own_instance=1 exit=0 text=d42c4c07975a6446 role=child prefix_tokens=16321 suffix_tokens=16 model_ms=597.5 context_ms=34.8 state_ms=7.25 prefix_ms=0.0 suffix_ms=311.0 first_token_ms=986.4 generation_ms=4905.6 generated=64 generation_tps=13.046
MEMORY mem_available_drop_mib=959
END_CASE failed=0 timed_out=0
CASE placement=same mode=extent children=1 paragraphs=320 context=32768
PARENT exit=0 text=c646470e58f73411 prefix_tokens=16321 prefix_ms=19856.0 publish_ms=9.07 state_bytes=261845 model_ms=635.3 context_ms=36.5 suffix_ms=94.5 generation_ms=4922.1 generated=64 generation_tps=13.003 total_ms=26713.3
CHILD index=0 own_instance=1 exit=0 text=d42c4c07975a6446 role=child prefix_tokens=16321 suffix_tokens=16 model_ms=595.4 context_ms=35.3 state_ms=7.53 prefix_ms=0.0 suffix_ms=173.9 first_token_ms=847.7 generation_ms=4861.1 generated=64 generation_tps=13.166
MEMORY mem_available_drop_mib=848
END_CASE failed=0 timed_out=0
CASE placement=same mode=copy children=8 paragraphs=80 context=8192
PARENT exit=0 text=8e42d861853d43f0 prefix_tokens=4081 prefix_ms=4391.3 publish_ms=208.53 state_bytes=234086869 model_ms=640.2 context_ms=28.4 suffix_ms=58.1 generation_ms=11988.1 generated=64 generation_tps=5.339 total_ms=30863.4
CHILD index=0 own_instance=1 exit=0 text=c762b6e82f144cca role=child prefix_tokens=4081 suffix_tokens=16 model_ms=1198.3 context_ms=46.9 state_ms=215.19 prefix_ms=0.0 suffix_ms=563.7 first_token_ms=2306.7 generation_ms=22686.9 generated=64 generation_tps=2.821
CHILD index=1 own_instance=1 exit=0 text=5f0f74be36dfb05d role=child prefix_tokens=4081 suffix_tokens=16 model_ms=1192.5 context_ms=60.5 state_ms=229.42 prefix_ms=0.0 suffix_ms=594.5 first_token_ms=2362.0 generation_ms=22662.4 generated=64 generation_tps=2.824
CHILD index=2 own_instance=1 exit=0 text=45d93d75d8c246b5 role=child prefix_tokens=4081 suffix_tokens=16 model_ms=1220.2 context_ms=42.1 state_ms=236.60 prefix_ms=0.0 suffix_ms=613.0 first_token_ms=2399.9 generation_ms=22634.8 generated=64 generation_tps=2.828
CHILD index=3 own_instance=1 exit=0 text=4a8f18b77dbe0332 role=child prefix_tokens=4081 suffix_tokens=16 model_ms=1154.3 context_ms=30.9 state_ms=207.94 prefix_ms=0.0 suffix_ms=425.3 first_token_ms=2095.9 generation_ms=22723.3 generated=64 generation_tps=2.816
CHILD index=4 own_instance=1 exit=0 text=46404abc10d87546 role=child prefix_tokens=4081 suffix_tokens=16 model_ms=1206.9 context_ms=47.4 state_ms=204.95 prefix_ms=0.0 suffix_ms=556.8 first_token_ms=2289.0 generation_ms=22703.6 generated=64 generation_tps=2.819
CHILD index=5 own_instance=1 exit=0 text=46404abc10d87546 role=child prefix_tokens=4081 suffix_tokens=16 model_ms=1228.4 context_ms=39.8 state_ms=254.75 prefix_ms=0.0 suffix_ms=598.5 first_token_ms=2414.6 generation_ms=22624.1 generated=64 generation_tps=2.829
CHILD index=6 own_instance=1 exit=0 text=46404abc10d87546 role=child prefix_tokens=4081 suffix_tokens=16 model_ms=1168.1 context_ms=35.4 state_ms=198.84 prefix_ms=0.0 suffix_ms=471.7 first_token_ms=2164.2 generation_ms=22716.7 generated=64 generation_tps=2.817
CHILD index=7 own_instance=1 exit=0 text=46404abc10d87546 role=child prefix_tokens=4081 suffix_tokens=16 model_ms=1140.4 context_ms=29.4 state_ms=172.01 prefix_ms=0.0 suffix_ms=234.3 first_token_ms=1821.6 generation_ms=22749.9 generated=64 generation_tps=2.813
MEMORY mem_available_drop_mib=9104
END_CASE failed=0 timed_out=0
CASE placement=same mode=demand children=8 paragraphs=80 context=8192
PARENT exit=0 text=8e42d861853d43f0 prefix_tokens=4081 prefix_ms=4407.6 publish_ms=198.22 state_bytes=234086869 model_ms=627.0 context_ms=22.2 suffix_ms=58.2 generation_ms=12884.0 generated=64 generation_tps=4.967 total_ms=31053.2
CHILD index=0 own_instance=1 exit=0 text=c762b6e82f144cca role=child prefix_tokens=4081 suffix_tokens=16 model_ms=1175.6 context_ms=37.5 state_ms=312.54 prefix_ms=0.0 suffix_ms=659.3 first_token_ms=2484.2 generation_ms=22679.3 generated=64 generation_tps=2.822
CHILD index=1 own_instance=1 exit=0 text=5f0f74be36dfb05d role=child prefix_tokens=4081 suffix_tokens=16 model_ms=1076.6 context_ms=20.2 state_ms=138.83 prefix_ms=0.0 suffix_ms=231.2 first_token_ms=1713.7 generation_ms=22364.2 generated=64 generation_tps=2.862
CHILD index=2 own_instance=1 exit=0 text=45d93d75d8c246b5 role=child prefix_tokens=4081 suffix_tokens=16 model_ms=1190.6 context_ms=37.8 state_ms=317.32 prefix_ms=0.0 suffix_ms=622.8 first_token_ms=2453.1 generation_ms=22692.0 generated=64 generation_tps=2.820
CHILD index=3 own_instance=1 exit=0 text=4a8f18b77dbe0332 role=child prefix_tokens=4081 suffix_tokens=16 model_ms=1204.4 context_ms=24.9 state_ms=306.07 prefix_ms=0.0 suffix_ms=654.7 first_token_ms=2484.9 generation_ms=22686.2 generated=64 generation_tps=2.821
CHILD index=4 own_instance=1 exit=0 text=46404abc10d87546 role=child prefix_tokens=4081 suffix_tokens=16 model_ms=1212.4 context_ms=24.1 state_ms=304.59 prefix_ms=0.0 suffix_ms=653.4 first_token_ms=2482.9 generation_ms=22669.8 generated=64 generation_tps=2.823
CHILD index=5 own_instance=1 exit=0 text=46404abc10d87546 role=child prefix_tokens=4081 suffix_tokens=16 model_ms=1172.9 context_ms=37.0 state_ms=307.70 prefix_ms=0.0 suffix_ms=532.2 first_token_ms=2351.6 generation_ms=22692.8 generated=64 generation_tps=2.820
CHILD index=6 own_instance=1 exit=0 text=46404abc10d87546 role=child prefix_tokens=4081 suffix_tokens=16 model_ms=1214.8 context_ms=24.8 state_ms=298.28 prefix_ms=0.0 suffix_ms=639.1 first_token_ms=2468.2 generation_ms=22685.9 generated=64 generation_tps=2.821
CHILD index=7 own_instance=1 exit=0 text=46404abc10d87546 role=child prefix_tokens=4081 suffix_tokens=16 model_ms=1172.6 context_ms=37.0 state_ms=312.83 prefix_ms=0.0 suffix_ms=659.6 first_token_ms=2475.2 generation_ms=22680.9 generated=64 generation_tps=2.822
MEMORY mem_available_drop_mib=8454
END_CASE failed=0 timed_out=0
CASE placement=same mode=device children=8 paragraphs=80 context=8192
PARENT exit=0 text=8e42d861853d43f0 prefix_tokens=4081 prefix_ms=4416.0 publish_ms=7.38 state_bytes=66005 model_ms=636.4 context_ms=22.0 suffix_ms=58.2 generation_ms=12245.9 generated=64 generation_tps=5.226 total_ms=30843.8
CHILD index=0 own_instance=1 exit=0 text=c762b6e82f144cca role=child prefix_tokens=4081 suffix_tokens=16 model_ms=1137.1 context_ms=162.6 state_ms=89.43 prefix_ms=0.0 suffix_ms=260.6 first_token_ms=1911.3 generation_ms=22532.6 generated=64 generation_tps=2.840
CHILD index=1 own_instance=1 exit=0 text=5f0f74be36dfb05d role=child prefix_tokens=4081 suffix_tokens=16 model_ms=1183.8 context_ms=286.1 state_ms=208.16 prefix_ms=0.0 suffix_ms=619.8 first_token_ms=2582.4 generation_ms=22611.5 generated=64 generation_tps=2.830
CHILD index=2 own_instance=1 exit=0 text=45d93d75d8c246b5 role=child prefix_tokens=4081 suffix_tokens=16 model_ms=1165.7 context_ms=230.4 state_ms=168.10 prefix_ms=0.0 suffix_ms=414.8 first_token_ms=2282.2 generation_ms=22688.0 generated=64 generation_tps=2.821
CHILD index=3 own_instance=1 exit=0 text=4a8f18b77dbe0332 role=child prefix_tokens=4081 suffix_tokens=16 model_ms=1228.9 context_ms=247.6 state_ms=217.47 prefix_ms=0.0 suffix_ms=607.1 first_token_ms=2595.0 generation_ms=22588.2 generated=64 generation_tps=2.833
CHILD index=4 own_instance=1 exit=0 text=46404abc10d87546 role=child prefix_tokens=4081 suffix_tokens=16 model_ms=1182.0 context_ms=258.0 state_ms=180.79 prefix_ms=0.0 suffix_ms=537.9 first_token_ms=2450.2 generation_ms=22658.2 generated=64 generation_tps=2.825
CHILD index=5 own_instance=1 exit=0 text=46404abc10d87546 role=child prefix_tokens=4081 suffix_tokens=16 model_ms=1204.7 context_ms=271.6 state_ms=206.27 prefix_ms=0.0 suffix_ms=601.5 first_token_ms=2564.4 generation_ms=22625.2 generated=64 generation_tps=2.829
CHILD index=6 own_instance=1 exit=0 text=46404abc10d87546 role=child prefix_tokens=4081 suffix_tokens=16 model_ms=1238.4 context_ms=265.7 state_ms=239.33 prefix_ms=0.0 suffix_ms=619.6 first_token_ms=2658.9 generation_ms=22547.5 generated=64 generation_tps=2.838
CHILD index=7 own_instance=1 exit=0 text=46404abc10d87546 role=child prefix_tokens=4081 suffix_tokens=16 model_ms=1168.3 context_ms=262.8 state_ms=179.41 prefix_ms=0.0 suffix_ms=558.0 first_token_ms=2468.7 generation_ms=22656.9 generated=64 generation_tps=2.825
MEMORY mem_available_drop_mib=7576
END_CASE failed=0 timed_out=0
CASE placement=same mode=device_tuned children=8 paragraphs=80 context=8192
PARENT exit=0 text=8e42d861853d43f0 prefix_tokens=4081 prefix_ms=4411.4 publish_ms=6.18 state_bytes=66005 model_ms=630.1 context_ms=22.3 suffix_ms=58.5 generation_ms=13820.7 generated=64 generation_tps=4.631 total_ms=30712.9
CHILD index=0 own_instance=1 exit=0 text=c762b6e82f144cca role=child prefix_tokens=4081 suffix_tokens=16 model_ms=1191.0 context_ms=60.3 state_ms=4.33 prefix_ms=0.0 suffix_ms=401.6 first_token_ms=1943.1 generation_ms=22963.2 generated=64 generation_tps=2.787
CHILD index=1 own_instance=1 exit=0 text=5f0f74be36dfb05d role=child prefix_tokens=4081 suffix_tokens=16 model_ms=1195.3 context_ms=113.6 state_ms=4.57 prefix_ms=0.0 suffix_ms=493.1 first_token_ms=2096.8 generation_ms=22863.3 generated=64 generation_tps=2.799
CHILD index=2 own_instance=1 exit=0 text=45d93d75d8c246b5 role=child prefix_tokens=4081 suffix_tokens=16 model_ms=1201.1 context_ms=168.2 state_ms=10.04 prefix_ms=0.0 suffix_ms=622.2 first_token_ms=2299.2 generation_ms=22795.7 generated=64 generation_tps=2.808
CHILD index=3 own_instance=1 exit=0 text=4a8f18b77dbe0332 role=child prefix_tokens=4081 suffix_tokens=16 model_ms=1260.6 context_ms=136.1 state_ms=5.60 prefix_ms=0.0 suffix_ms=656.5 first_token_ms=2339.4 generation_ms=22774.0 generated=64 generation_tps=2.810
CHILD index=4 own_instance=1 exit=0 text=46404abc10d87546 role=child prefix_tokens=4081 suffix_tokens=16 model_ms=1194.4 context_ms=160.7 state_ms=9.95 prefix_ms=0.0 suffix_ms=662.1 first_token_ms=2329.5 generation_ms=22783.4 generated=64 generation_tps=2.809
CHILD index=5 own_instance=1 exit=0 text=46404abc10d87546 role=child prefix_tokens=4081 suffix_tokens=16 model_ms=1191.4 context_ms=127.9 state_ms=3.98 prefix_ms=0.0 suffix_ms=475.2 first_token_ms=2091.0 generation_ms=22855.4 generated=64 generation_tps=2.800
CHILD index=6 own_instance=1 exit=0 text=46404abc10d87546 role=child prefix_tokens=4081 suffix_tokens=16 model_ms=1196.7 context_ms=163.4 state_ms=7.70 prefix_ms=0.0 suffix_ms=647.9 first_token_ms=2315.0 generation_ms=22798.0 generated=64 generation_tps=2.807
CHILD index=7 own_instance=1 exit=0 text=46404abc10d87546 role=child prefix_tokens=4081 suffix_tokens=16 model_ms=1131.4 context_ms=37.0 state_ms=2.79 prefix_ms=0.0 suffix_ms=188.8 first_token_ms=1632.4 generation_ms=22807.5 generated=64 generation_tps=2.806
MEMORY mem_available_drop_mib=7549
END_CASE failed=0 timed_out=0
CASE placement=same mode=device_merged children=8 paragraphs=80 context=8192
PARENT exit=0 text=8e42d861853d43f0 prefix_tokens=4081 prefix_ms=4417.3 publish_ms=26.40 state_bytes=66005 model_ms=634.2 context_ms=22.3 suffix_ms=58.5 generation_ms=13618.5 generated=64 generation_tps=4.699 total_ms=30876.9
CHILD index=0 own_instance=1 exit=0 text=c762b6e82f144cca role=child prefix_tokens=4081 suffix_tokens=16 model_ms=1226.1 context_ms=190.0 state_ms=5.19 prefix_ms=0.0 suffix_ms=636.2 first_token_ms=2356.1 generation_ms=22762.3 generated=64 generation_tps=2.812
CHILD index=1 own_instance=1 exit=0 text=5f0f74be36dfb05d role=child prefix_tokens=4081 suffix_tokens=16 model_ms=1180.7 context_ms=161.0 state_ms=4.46 prefix_ms=0.0 suffix_ms=588.9 first_token_ms=2239.4 generation_ms=22824.7 generated=64 generation_tps=2.804
CHILD index=2 own_instance=1 exit=0 text=45d93d75d8c246b5 role=child prefix_tokens=4081 suffix_tokens=16 model_ms=1229.2 context_ms=170.5 state_ms=3.01 prefix_ms=0.0 suffix_ms=612.9 first_token_ms=2327.8 generation_ms=22790.1 generated=64 generation_tps=2.808
CHILD index=3 own_instance=1 exit=0 text=4a8f18b77dbe0332 role=child prefix_tokens=4081 suffix_tokens=16 model_ms=1197.8 context_ms=130.2 state_ms=2.55 prefix_ms=0.0 suffix_ms=626.9 first_token_ms=2244.4 generation_ms=22789.5 generated=64 generation_tps=2.808
CHILD index=4 own_instance=1 exit=0 text=46404abc10d87546 role=child prefix_tokens=4081 suffix_tokens=16 model_ms=1202.6 context_ms=160.7 state_ms=9.46 prefix_ms=0.0 suffix_ms=605.4 first_token_ms=2274.2 generation_ms=22812.6 generated=64 generation_tps=2.805
CHILD index=5 own_instance=1 exit=0 text=46404abc10d87546 role=child prefix_tokens=4081 suffix_tokens=16 model_ms=1105.3 context_ms=37.3 state_ms=3.08 prefix_ms=0.0 suffix_ms=194.6 first_token_ms=1621.3 generation_ms=22632.0 generated=64 generation_tps=2.828
CHILD index=6 own_instance=1 exit=0 text=46404abc10d87546 role=child prefix_tokens=4081 suffix_tokens=16 model_ms=1204.3 context_ms=168.7 state_ms=3.58 prefix_ms=0.0 suffix_ms=588.6 first_token_ms=2256.7 generation_ms=22778.9 generated=64 generation_tps=2.810
CHILD index=7 own_instance=1 exit=0 text=46404abc10d87546 role=child prefix_tokens=4081 suffix_tokens=16 model_ms=1176.9 context_ms=154.4 state_ms=3.12 prefix_ms=0.0 suffix_ms=576.7 first_token_ms=2217.8 generation_ms=22820.2 generated=64 generation_tps=2.805
MEMORY mem_available_drop_mib=7563
END_CASE failed=0 timed_out=0
CASE placement=same mode=cow children=8 paragraphs=80 context=8192
PARENT exit=0 text=8e42d861853d43f0 prefix_tokens=4081 prefix_ms=4402.1 publish_ms=3.39 state_bytes=66005 model_ms=647.4 context_ms=23.3 suffix_ms=100.7 generation_ms=13130.5 generated=64 generation_tps=4.874 total_ms=31646.2
CHILD index=0 own_instance=1 exit=0 text=c762b6e82f144cca role=child prefix_tokens=4081 suffix_tokens=16 model_ms=1200.5 context_ms=40.9 state_ms=1.63 prefix_ms=0.0 suffix_ms=1449.9 first_token_ms=2971.4 generation_ms=22902.3 generated=64 generation_tps=2.794
CHILD index=1 own_instance=1 exit=0 text=5f0f74be36dfb05d role=child prefix_tokens=4081 suffix_tokens=16 model_ms=1203.0 context_ms=39.5 state_ms=1.79 prefix_ms=0.0 suffix_ms=1456.9 first_token_ms=2975.6 generation_ms=22908.4 generated=64 generation_tps=2.794
CHILD index=2 own_instance=1 exit=0 text=45d93d75d8c246b5 role=child prefix_tokens=4081 suffix_tokens=16 model_ms=1231.5 context_ms=22.9 state_ms=1.82 prefix_ms=0.0 suffix_ms=1513.0 first_token_ms=3062.0 generation_ms=22842.6 generated=64 generation_tps=2.802
CHILD index=3 own_instance=1 exit=0 text=4a8f18b77dbe0332 role=child prefix_tokens=4081 suffix_tokens=16 model_ms=1196.4 context_ms=35.7 state_ms=1.75 prefix_ms=0.0 suffix_ms=1437.1 first_token_ms=2955.3 generation_ms=22907.6 generated=64 generation_tps=2.794
CHILD index=4 own_instance=1 exit=0 text=46404abc10d87546 role=child prefix_tokens=4081 suffix_tokens=16 model_ms=1205.8 context_ms=34.3 state_ms=1.81 prefix_ms=0.0 suffix_ms=1439.2 first_token_ms=2954.8 generation_ms=22906.2 generated=64 generation_tps=2.794
CHILD index=5 own_instance=1 exit=0 text=46404abc10d87546 role=child prefix_tokens=4081 suffix_tokens=16 model_ms=1220.1 context_ms=23.5 state_ms=1.69 prefix_ms=0.0 suffix_ms=1455.7 first_token_ms=2988.4 generation_ms=22901.2 generated=64 generation_tps=2.795
CHILD index=6 own_instance=1 exit=0 text=46404abc10d87546 role=child prefix_tokens=4081 suffix_tokens=16 model_ms=1185.3 context_ms=25.1 state_ms=1.64 prefix_ms=0.0 suffix_ms=1413.9 first_token_ms=2916.3 generation_ms=22872.8 generated=64 generation_tps=2.798
CHILD index=7 own_instance=1 exit=0 text=46404abc10d87546 role=child prefix_tokens=4081 suffix_tokens=16 model_ms=1213.1 context_ms=40.1 state_ms=1.77 prefix_ms=0.0 suffix_ms=1431.8 first_token_ms=2953.8 generation_ms=22889.3 generated=64 generation_tps=2.796
MEMORY mem_available_drop_mib=6716
END_CASE failed=0 timed_out=0
CASE placement=same mode=extent children=8 paragraphs=80 context=8192
PARENT exit=0 text=8e42d861853d43f0 prefix_tokens=4081 prefix_ms=4404.9 publish_ms=3.04 state_bytes=66005 model_ms=653.6 context_ms=22.6 suffix_ms=103.6 generation_ms=12609.6 generated=64 generation_tps=5.075 total_ms=30750.7
CHILD index=0 own_instance=1 exit=0 text=c762b6e82f144cca role=child prefix_tokens=4081 suffix_tokens=16 model_ms=1196.7 context_ms=36.0 state_ms=2.00 prefix_ms=0.0 suffix_ms=543.3 first_token_ms=2053.3 generation_ms=22903.6 generated=64 generation_tps=2.794
CHILD index=1 own_instance=1 exit=0 text=5f0f74be36dfb05d role=child prefix_tokens=4081 suffix_tokens=16 model_ms=1190.8 context_ms=31.6 state_ms=2.00 prefix_ms=0.0 suffix_ms=524.5 first_token_ms=2032.5 generation_ms=22900.5 generated=64 generation_tps=2.795
CHILD index=2 own_instance=1 exit=0 text=45d93d75d8c246b5 role=child prefix_tokens=4081 suffix_tokens=16 model_ms=1200.7 context_ms=36.4 state_ms=1.80 prefix_ms=0.0 suffix_ms=529.7 first_token_ms=2040.5 generation_ms=22902.7 generated=64 generation_tps=2.794
CHILD index=3 own_instance=1 exit=0 text=4a8f18b77dbe0332 role=child prefix_tokens=4081 suffix_tokens=16 model_ms=1233.0 context_ms=31.2 state_ms=1.82 prefix_ms=0.0 suffix_ms=580.5 first_token_ms=2137.2 generation_ms=22889.7 generated=64 generation_tps=2.796
CHILD index=4 own_instance=1 exit=0 text=46404abc10d87546 role=child prefix_tokens=4081 suffix_tokens=16 model_ms=1239.8 context_ms=30.8 state_ms=2.21 prefix_ms=0.0 suffix_ms=613.3 first_token_ms=2173.5 generation_ms=22862.1 generated=64 generation_tps=2.799
CHILD index=5 own_instance=1 exit=0 text=46404abc10d87546 role=child prefix_tokens=4081 suffix_tokens=16 model_ms=1234.9 context_ms=25.6 state_ms=1.92 prefix_ms=0.0 suffix_ms=603.5 first_token_ms=2156.5 generation_ms=22875.9 generated=64 generation_tps=2.798
CHILD index=6 own_instance=1 exit=0 text=46404abc10d87546 role=child prefix_tokens=4081 suffix_tokens=16 model_ms=1178.9 context_ms=35.3 state_ms=1.77 prefix_ms=0.0 suffix_ms=528.8 first_token_ms=2036.7 generation_ms=22901.6 generated=64 generation_tps=2.795
CHILD index=7 own_instance=1 exit=0 text=46404abc10d87546 role=child prefix_tokens=4081 suffix_tokens=16 model_ms=1207.7 context_ms=29.2 state_ms=1.84 prefix_ms=0.0 suffix_ms=543.8 first_token_ms=2062.8 generation_ms=22904.7 generated=64 generation_tps=2.794
MEMORY mem_available_drop_mib=5787
END_CASE failed=0 timed_out=0
END_KVMECH
BEGIN_KVMECH run=6
CASE placement=same mode=extent children=8 paragraphs=320 context=32768
PARENT exit=0 text=c646470e58f73411 prefix_tokens=16321 prefix_ms=19849.8 publish_ms=8.60 state_bytes=261845 model_ms=631.4 context_ms=37.3 suffix_ms=111.6 generation_ms=14069.1 generated=64 generation_tps=4.549 total_ms=47410.5
CHILD index=0 own_instance=1 exit=0 text=d42c4c07975a6446 role=child prefix_tokens=16321 suffix_tokens=16 model_ms=1275.4 context_ms=39.6 state_ms=7.43 prefix_ms=0.0 suffix_ms=674.1 first_token_ms=2283.4 generation_ms=23966.5 generated=64 generation_tps=2.670
CHILD index=1 own_instance=1 exit=0 text=3fd8649867d4bb41 role=child prefix_tokens=16321 suffix_tokens=16 model_ms=1267.4 context_ms=42.0 state_ms=7.43 prefix_ms=0.0 suffix_ms=677.2 first_token_ms=2281.7 generation_ms=23960.9 generated=64 generation_tps=2.671
CHILD index=2 own_instance=1 exit=0 text=3fd8649867d4bb41 role=child prefix_tokens=16321 suffix_tokens=16 model_ms=1128.1 context_ms=35.9 state_ms=7.32 prefix_ms=0.0 suffix_ms=189.1 first_token_ms=1616.8 generation_ms=24071.5 generated=64 generation_tps=2.659
CHILD index=3 own_instance=1 exit=0 text=3fd8649867d4bb41 role=child prefix_tokens=16321 suffix_tokens=16 model_ms=1216.3 context_ms=41.5 state_ms=7.84 prefix_ms=0.0 suffix_ms=567.0 first_token_ms=2113.5 generation_ms=23996.0 generated=64 generation_tps=2.667
CHILD index=4 own_instance=1 exit=0 text=3e0fd62f5aa50665 role=child prefix_tokens=16321 suffix_tokens=16 model_ms=1246.4 context_ms=40.1 state_ms=7.72 prefix_ms=0.0 suffix_ms=576.8 first_token_ms=2157.1 generation_ms=24023.6 generated=64 generation_tps=2.664
CHILD index=5 own_instance=1 exit=0 text=3e0fd62f5aa50665 role=child prefix_tokens=16321 suffix_tokens=16 model_ms=1219.7 context_ms=44.0 state_ms=7.45 prefix_ms=0.0 suffix_ms=607.2 first_token_ms=2171.6 generation_ms=24019.0 generated=64 generation_tps=2.665
CHILD index=6 own_instance=1 exit=0 text=4a8f18b77dbe0332 role=child prefix_tokens=16321 suffix_tokens=16 model_ms=1207.5 context_ms=46.4 state_ms=7.31 prefix_ms=0.0 suffix_ms=611.7 first_token_ms=2167.7 generation_ms=24035.4 generated=64 generation_tps=2.663
CHILD index=7 own_instance=1 exit=0 text=4a8f18b77dbe0332 role=child prefix_tokens=16321 suffix_tokens=16 model_ms=1210.5 context_ms=44.3 state_ms=7.78 prefix_ms=0.0 suffix_ms=620.6 first_token_ms=2178.7 generation_ms=24025.2 generated=64 generation_tps=2.664
MEMORY mem_available_drop_mib=6026
END_CASE failed=0 timed_out=0
CASE placement=same mode=cow children=8 paragraphs=320 context=32768
PARENT exit=0 text=c646470e58f73411 prefix_tokens=16321 prefix_ms=19853.0 publish_ms=9.07 state_bytes=261845 model_ms=630.1 context_ms=36.8 suffix_ms=107.2 generation_ms=13656.9 generated=64 generation_tps=4.686 total_ms=48258.9
CHILD index=0 own_instance=1 exit=0 text=d42c4c07975a6446 role=child prefix_tokens=16321 suffix_tokens=16 model_ms=1226.7 context_ms=64.4 state_ms=7.75 prefix_ms=0.0 suffix_ms=1313.3 first_token_ms=2909.5 generation_ms=24175.8 generated=64 generation_tps=2.647
CHILD index=1 own_instance=1 exit=0 text=3fd8649867d4bb41 role=child prefix_tokens=16321 suffix_tokens=16 model_ms=1256.5 context_ms=47.3 state_ms=7.44 prefix_ms=0.0 suffix_ms=1316.6 first_token_ms=2929.4 generation_ms=24153.1 generated=64 generation_tps=2.650
CHILD index=2 own_instance=1 exit=0 text=3fd8649867d4bb41 role=child prefix_tokens=16321 suffix_tokens=16 model_ms=1237.1 context_ms=69.6 state_ms=7.30 prefix_ms=0.0 suffix_ms=1295.8 first_token_ms=2897.4 generation_ms=24156.4 generated=64 generation_tps=2.649
CHILD index=3 own_instance=1 exit=0 text=3fd8649867d4bb41 role=child prefix_tokens=16321 suffix_tokens=16 model_ms=1221.6 context_ms=55.3 state_ms=7.81 prefix_ms=0.0 suffix_ms=1257.9 first_token_ms=2844.3 generation_ms=24130.3 generated=64 generation_tps=2.652
CHILD index=4 own_instance=1 exit=0 text=3e0fd62f5aa50665 role=child prefix_tokens=16321 suffix_tokens=16 model_ms=1233.9 context_ms=66.5 state_ms=7.73 prefix_ms=0.0 suffix_ms=1308.6 first_token_ms=2911.6 generation_ms=24176.7 generated=64 generation_tps=2.647
CHILD index=5 own_instance=1 exit=0 text=3e0fd62f5aa50665 role=child prefix_tokens=16321 suffix_tokens=16 model_ms=1224.7 context_ms=54.7 state_ms=7.41 prefix_ms=0.0 suffix_ms=1019.9 first_token_ms=2580.2 generation_ms=24221.6 generated=64 generation_tps=2.642
CHILD index=6 own_instance=1 exit=0 text=4a8f18b77dbe0332 role=child prefix_tokens=16321 suffix_tokens=16 model_ms=1228.2 context_ms=68.9 state_ms=7.31 prefix_ms=0.0 suffix_ms=1309.9 first_token_ms=2894.7 generation_ms=24166.2 generated=64 generation_tps=2.648
CHILD index=7 own_instance=1 exit=0 text=4a8f18b77dbe0332 role=child prefix_tokens=16321 suffix_tokens=16 model_ms=1215.5 context_ms=67.2 state_ms=7.36 prefix_ms=0.0 suffix_ms=1325.5 first_token_ms=2926.2 generation_ms=24157.5 generated=64 generation_tps=2.649
MEMORY mem_available_drop_mib=6884
END_CASE failed=0 timed_out=0
CASE placement=same mode=device_merged children=8 paragraphs=320 context=32768
PARENT exit=0 text=c646470e58f73411 prefix_tokens=16321 prefix_ms=19824.5 publish_ms=99.73 state_bytes=261845 model_ms=642.6 context_ms=36.0 suffix_ms=64.2 generation_ms=12976.2 generated=64 generation_tps=4.932 total_ms=47625.4
CHILD index=0 own_instance=1 exit=0 text=d42c4c07975a6446 role=child prefix_tokens=16321 suffix_tokens=16 model_ms=1182.8 context_ms=132.0 state_ms=12.43 prefix_ms=0.0 suffix_ms=404.4 first_token_ms=2020.1 generation_ms=24147.0 generated=64 generation_tps=2.650
CHILD index=1 own_instance=1 exit=0 text=3fd8649867d4bb41 role=child prefix_tokens=16321 suffix_tokens=16 model_ms=1209.3 context_ms=82.0 state_ms=8.55 prefix_ms=0.0 suffix_ms=231.7 first_token_ms=1791.3 generation_ms=24120.6 generated=64 generation_tps=2.653
CHILD index=2 own_instance=1 exit=0 text=3fd8649867d4bb41 role=child prefix_tokens=16321 suffix_tokens=16 model_ms=1241.7 context_ms=200.8 state_ms=18.23 prefix_ms=0.0 suffix_ms=667.7 first_token_ms=2413.1 generation_ms=23997.9 generated=64 generation_tps=2.667
CHILD index=3 own_instance=1 exit=0 text=3fd8649867d4bb41 role=child prefix_tokens=16321 suffix_tokens=16 model_ms=1225.3 context_ms=220.5 state_ms=16.36 prefix_ms=0.0 suffix_ms=676.0 first_token_ms=2437.3 generation_ms=23998.7 generated=64 generation_tps=2.667
CHILD index=4 own_instance=1 exit=0 text=3e0fd62f5aa50665 role=child prefix_tokens=16321 suffix_tokens=16 model_ms=1212.9 context_ms=191.1 state_ms=14.23 prefix_ms=0.0 suffix_ms=664.2 first_token_ms=2385.3 generation_ms=24006.9 generated=64 generation_tps=2.666
CHILD index=5 own_instance=1 exit=0 text=3e0fd62f5aa50665 role=child prefix_tokens=16321 suffix_tokens=16 model_ms=1190.7 context_ms=139.5 state_ms=10.31 prefix_ms=0.0 suffix_ms=449.1 first_token_ms=2081.6 generation_ms=24157.0 generated=64 generation_tps=2.649
CHILD index=6 own_instance=1 exit=0 text=4a8f18b77dbe0332 role=child prefix_tokens=16321 suffix_tokens=16 model_ms=1229.5 context_ms=181.4 state_ms=11.67 prefix_ms=0.0 suffix_ms=643.6 first_token_ms=2359.9 generation_ms=24006.1 generated=64 generation_tps=2.666
CHILD index=7 own_instance=1 exit=0 text=4a8f18b77dbe0332 role=child prefix_tokens=16321 suffix_tokens=16 model_ms=1222.4 context_ms=222.6 state_ms=10.81 prefix_ms=0.0 suffix_ms=686.9 first_token_ms=2438.7 generation_ms=23999.6 generated=64 generation_tps=2.667
MEMORY mem_available_drop_mib=7730
END_CASE failed=0 timed_out=0
CASE placement=same mode=device_tuned children=8 paragraphs=320 context=32768
PARENT exit=0 text=c646470e58f73411 prefix_tokens=16321 prefix_ms=19824.2 publish_ms=41.15 state_bytes=261845 model_ms=633.2 context_ms=36.3 suffix_ms=64.6 generation_ms=12047.9 generated=64 generation_tps=5.312 total_ms=47648.8
CHILD index=0 own_instance=1 exit=0 text=d42c4c07975a6446 role=child prefix_tokens=16321 suffix_tokens=16 model_ms=1223.6 context_ms=401.4 state_ms=15.61 prefix_ms=0.0 suffix_ms=354.9 first_token_ms=2289.1 generation_ms=23860.9 generated=64 generation_tps=2.682
CHILD index=1 own_instance=1 exit=0 text=3fd8649867d4bb41 role=child prefix_tokens=16321 suffix_tokens=16 model_ms=1238.1 context_ms=552.3 state_ms=16.14 prefix_ms=0.0 suffix_ms=668.9 first_token_ms=2776.7 generation_ms=23706.4 generated=64 generation_tps=2.700
CHILD index=2 own_instance=1 exit=0 text=3fd8649867d4bb41 role=child prefix_tokens=16321 suffix_tokens=16 model_ms=1216.9 context_ms=451.2 state_ms=15.14 prefix_ms=0.0 suffix_ms=518.2 first_token_ms=2504.2 generation_ms=23781.6 generated=64 generation_tps=2.691
CHILD index=3 own_instance=1 exit=0 text=3fd8649867d4bb41 role=child prefix_tokens=16321 suffix_tokens=16 model_ms=1275.8 context_ms=542.7 state_ms=11.84 prefix_ms=0.0 suffix_ms=682.4 first_token_ms=2801.4 generation_ms=23656.9 generated=64 generation_tps=2.705
CHILD index=4 own_instance=1 exit=0 text=3e0fd62f5aa50665 role=child prefix_tokens=16321 suffix_tokens=16 model_ms=1247.8 context_ms=539.5 state_ms=12.52 prefix_ms=0.0 suffix_ms=645.3 first_token_ms=2740.1 generation_ms=23690.3 generated=64 generation_tps=2.702
CHILD index=5 own_instance=1 exit=0 text=3e0fd62f5aa50665 role=child prefix_tokens=16321 suffix_tokens=16 model_ms=1265.3 context_ms=535.1 state_ms=15.85 prefix_ms=0.0 suffix_ms=670.3 first_token_ms=2782.3 generation_ms=23698.8 generated=64 generation_tps=2.701
CHILD index=6 own_instance=1 exit=0 text=4a8f18b77dbe0332 role=child prefix_tokens=16321 suffix_tokens=16 model_ms=1235.8 context_ms=515.0 state_ms=15.20 prefix_ms=0.0 suffix_ms=653.6 first_token_ms=2726.0 generation_ms=23734.5 generated=64 generation_tps=2.697
CHILD index=7 own_instance=1 exit=0 text=4a8f18b77dbe0332 role=child prefix_tokens=16321 suffix_tokens=16 model_ms=1162.8 context_ms=72.9 state_ms=9.30 prefix_ms=0.0 suffix_ms=194.1 first_token_ms=1710.8 generation_ms=22989.2 generated=64 generation_tps=2.784
MEMORY mem_available_drop_mib=7809
END_CASE failed=0 timed_out=0
CASE placement=same mode=device children=8 paragraphs=320 context=32768
PARENT exit=0 text=c646470e58f73411 prefix_tokens=16321 prefix_ms=19822.3 publish_ms=34.56 state_bytes=261845 model_ms=706.7 context_ms=37.0 suffix_ms=63.8 generation_ms=8490.6 generated=64 generation_tps=7.538 total_ms=47763.8
CHILD index=0 own_instance=1 exit=0 text=d42c4c07975a6446 role=child prefix_tokens=16321 suffix_tokens=16 model_ms=1246.7 context_ms=681.6 state_ms=208.90 prefix_ms=0.0 suffix_ms=676.3 first_token_ms=3115.3 generation_ms=23416.1 generated=64 generation_tps=2.733
CHILD index=1 own_instance=1 exit=0 text=3fd8649867d4bb41 role=child prefix_tokens=16321 suffix_tokens=16 model_ms=1226.6 context_ms=633.8 state_ms=138.87 prefix_ms=0.0 suffix_ms=527.9 first_token_ms=2829.3 generation_ms=23511.7 generated=64 generation_tps=2.722
CHILD index=2 own_instance=1 exit=0 text=3fd8649867d4bb41 role=child prefix_tokens=16321 suffix_tokens=16 model_ms=1251.7 context_ms=645.0 state_ms=146.09 prefix_ms=0.0 suffix_ms=590.2 first_token_ms=2923.4 generation_ms=23542.4 generated=64 generation_tps=2.719
CHILD index=3 own_instance=1 exit=0 text=3fd8649867d4bb41 role=child prefix_tokens=16321 suffix_tokens=16 model_ms=1258.9 context_ms=642.1 state_ms=144.61 prefix_ms=0.0 suffix_ms=593.3 first_token_ms=2922.5 generation_ms=23523.6 generated=64 generation_tps=2.721
CHILD index=4 own_instance=1 exit=0 text=3e0fd62f5aa50665 role=child prefix_tokens=16321 suffix_tokens=16 model_ms=1262.4 context_ms=643.6 state_ms=194.54 prefix_ms=0.0 suffix_ms=644.0 first_token_ms=3053.2 generation_ms=23469.7 generated=64 generation_tps=2.727
CHILD index=5 own_instance=1 exit=0 text=3e0fd62f5aa50665 role=child prefix_tokens=16321 suffix_tokens=16 model_ms=1215.8 context_ms=591.4 state_ms=108.89 prefix_ms=0.0 suffix_ms=275.9 first_token_ms=2488.2 generation_ms=23590.8 generated=64 generation_tps=2.713
CHILD index=6 own_instance=1 exit=0 text=4a8f18b77dbe0332 role=child prefix_tokens=16321 suffix_tokens=16 model_ms=1217.6 context_ms=678.2 state_ms=189.81 prefix_ms=0.0 suffix_ms=625.2 first_token_ms=3017.7 generation_ms=23488.1 generated=64 generation_tps=2.725
CHILD index=7 own_instance=1 exit=0 text=4a8f18b77dbe0332 role=child prefix_tokens=16321 suffix_tokens=16 model_ms=1253.9 context_ms=642.4 state_ms=139.90 prefix_ms=0.0 suffix_ms=546.2 first_token_ms=2866.8 generation_ms=23488.8 generated=64 generation_tps=2.725
MEMORY mem_available_drop_mib=7810
END_CASE failed=0 timed_out=0
CASE placement=same mode=demand children=8 paragraphs=320 context=32768
PARENT exit=0 text=c646470e58f73411 prefix_tokens=16321 prefix_ms=19813.0 publish_ms=556.21 state_bytes=936173269 model_ms=632.9 context_ms=35.9 suffix_ms=63.8 generation_ms=10925.0 generated=64 generation_tps=5.858 total_ms=48419.2
CHILD index=0 own_instance=1 exit=0 text=d42c4c07975a6446 role=child prefix_tokens=16321 suffix_tokens=16 model_ms=1185.5 context_ms=32.8 state_ms=267.39 prefix_ms=0.0 suffix_ms=256.1 first_token_ms=2023.5 generation_ms=23042.3 generated=64 generation_tps=2.777
CHILD index=1 own_instance=1 exit=0 text=3fd8649867d4bb41 role=child prefix_tokens=16321 suffix_tokens=16 model_ms=1229.3 context_ms=41.0 state_ms=755.61 prefix_ms=0.0 suffix_ms=633.3 first_token_ms=2948.5 generation_ms=23631.9 generated=64 generation_tps=2.708
CHILD index=2 own_instance=1 exit=0 text=3fd8649867d4bb41 role=child prefix_tokens=16321 suffix_tokens=16 model_ms=1260.5 context_ms=43.3 state_ms=708.91 prefix_ms=0.0 suffix_ms=653.8 first_token_ms=2969.2 generation_ms=23666.3 generated=64 generation_tps=2.704
CHILD index=3 own_instance=1 exit=0 text=3fd8649867d4bb41 role=child prefix_tokens=16321 suffix_tokens=16 model_ms=1240.2 context_ms=49.9 state_ms=731.55 prefix_ms=0.0 suffix_ms=623.0 first_token_ms=2939.5 generation_ms=23679.5 generated=64 generation_tps=2.703
CHILD index=4 own_instance=1 exit=0 text=3e0fd62f5aa50665 role=child prefix_tokens=16321 suffix_tokens=16 model_ms=1221.6 context_ms=49.5 state_ms=732.70 prefix_ms=0.0 suffix_ms=647.4 first_token_ms=2958.9 generation_ms=23673.1 generated=64 generation_tps=2.703
CHILD index=5 own_instance=1 exit=0 text=3e0fd62f5aa50665 role=child prefix_tokens=16321 suffix_tokens=16 model_ms=1255.1 context_ms=44.3 state_ms=709.05 prefix_ms=0.0 suffix_ms=650.4 first_token_ms=2965.8 generation_ms=23672.2 generated=64 generation_tps=2.704
CHILD index=6 own_instance=1 exit=0 text=4a8f18b77dbe0332 role=child prefix_tokens=16321 suffix_tokens=16 model_ms=1233.0 context_ms=51.0 state_ms=731.87 prefix_ms=0.0 suffix_ms=647.6 first_token_ms=2964.4 generation_ms=23671.9 generated=64 generation_tps=2.704
CHILD index=7 own_instance=1 exit=0 text=4a8f18b77dbe0332 role=child prefix_tokens=16321 suffix_tokens=16 model_ms=1297.9 context_ms=35.1 state_ms=685.77 prefix_ms=0.0 suffix_ms=647.6 first_token_ms=2951.7 generation_ms=23554.5 generated=64 generation_tps=2.717
MEMORY mem_available_drop_mib=14208
END_CASE failed=0 timed_out=0
CASE placement=same mode=copy children=8 paragraphs=320 context=32768
PARENT exit=0 text=c646470e58f73411 prefix_tokens=16321 prefix_ms=19804.3 publish_ms=550.49 state_bytes=936173269 model_ms=633.0 context_ms=60.3 suffix_ms=63.7 generation_ms=12472.3 generated=64 generation_tps=5.131 total_ms=48435.5
CHILD index=0 own_instance=1 exit=0 text=d42c4c07975a6446 role=child prefix_tokens=16321 suffix_tokens=16 model_ms=1093.3 context_ms=65.8 state_ms=325.95 prefix_ms=0.0 suffix_ms=287.6 first_token_ms=2031.1 generation_ms=23810.7 generated=64 generation_tps=2.688
CHILD index=1 own_instance=1 exit=0 text=3fd8649867d4bb41 role=child prefix_tokens=16321 suffix_tokens=16 model_ms=1235.9 context_ms=240.9 state_ms=401.61 prefix_ms=0.0 suffix_ms=665.6 first_token_ms=2851.4 generation_ms=23870.4 generated=64 generation_tps=2.681
CHILD index=2 own_instance=1 exit=0 text=3fd8649867d4bb41 role=child prefix_tokens=16321 suffix_tokens=16 model_ms=1162.9 context_ms=71.5 state_ms=431.81 prefix_ms=0.0 suffix_ms=386.0 first_token_ms=2338.3 generation_ms=24069.2 generated=64 generation_tps=2.659
CHILD index=3 own_instance=1 exit=0 text=3fd8649867d4bb41 role=child prefix_tokens=16321 suffix_tokens=16 model_ms=1250.3 context_ms=237.0 state_ms=396.53 prefix_ms=0.0 suffix_ms=670.9 first_token_ms=2849.3 generation_ms=23859.3 generated=64 generation_tps=2.682
CHILD index=4 own_instance=1 exit=0 text=3e0fd62f5aa50665 role=child prefix_tokens=16321 suffix_tokens=16 model_ms=1244.0 context_ms=215.8 state_ms=383.79 prefix_ms=0.0 suffix_ms=644.6 first_token_ms=2786.0 generation_ms=23890.8 generated=64 generation_tps=2.679
CHILD index=5 own_instance=1 exit=0 text=3e0fd62f5aa50665 role=child prefix_tokens=16321 suffix_tokens=16 model_ms=1251.5 context_ms=232.9 state_ms=408.23 prefix_ms=0.0 suffix_ms=652.7 first_token_ms=2837.3 generation_ms=23867.8 generated=64 generation_tps=2.681
CHILD index=6 own_instance=1 exit=0 text=4a8f18b77dbe0332 role=child prefix_tokens=16321 suffix_tokens=16 model_ms=1236.7 context_ms=186.6 state_ms=368.45 prefix_ms=0.0 suffix_ms=631.8 first_token_ms=2724.4 generation_ms=23904.6 generated=64 generation_tps=2.677
CHILD index=7 own_instance=1 exit=0 text=4a8f18b77dbe0332 role=child prefix_tokens=16321 suffix_tokens=16 model_ms=1238.3 context_ms=146.4 state_ms=362.42 prefix_ms=0.0 suffix_ms=546.5 first_token_ms=2595.7 generation_ms=23934.6 generated=64 generation_tps=2.674
MEMORY mem_available_drop_mib=20324
END_CASE failed=0 timed_out=0
CASE placement=cross mode=extent children=8 paragraphs=320 context=32768
PARENT exit=0 text=c646470e58f73411 prefix_tokens=16321 prefix_ms=19876.9 publish_ms=9.16 state_bytes=261845 model_ms=638.1 context_ms=37.4 suffix_ms=108.7 generation_ms=9064.2 generated=64 generation_tps=7.061 total_ms=42401.1
CHILD index=0 own_instance=1 exit=0 text=d42c4c07975a6446 role=child prefix_tokens=16321 suffix_tokens=16 model_ms=1183.0 context_ms=53.6 state_ms=7.08 prefix_ms=0.0 suffix_ms=410.6 first_token_ms=1957.0 generation_ms=13982.8 generated=64 generation_tps=4.577
CHILD index=1 own_instance=0 exit=0 text=3fd8649867d4bb41 role=child prefix_tokens=16321 suffix_tokens=16 model_ms=1149.7 context_ms=48.2 state_ms=7.32 prefix_ms=0.0 suffix_ms=376.2 first_token_ms=1874.8 generation_ms=19355.1 generated=64 generation_tps=3.307
CHILD index=2 own_instance=1 exit=0 text=3fd8649867d4bb41 role=child prefix_tokens=16321 suffix_tokens=16 model_ms=1206.6 context_ms=57.5 state_ms=7.25 prefix_ms=0.0 suffix_ms=406.3 first_token_ms=1955.8 generation_ms=13983.3 generated=64 generation_tps=4.577
CHILD index=3 own_instance=0 exit=0 text=3fd8649867d4bb41 role=child prefix_tokens=16321 suffix_tokens=16 model_ms=1155.2 context_ms=46.3 state_ms=7.68 prefix_ms=0.0 suffix_ms=387.7 first_token_ms=1875.0 generation_ms=19348.6 generated=64 generation_tps=3.308
CHILD index=4 own_instance=1 exit=0 text=3e0fd62f5aa50665 role=child prefix_tokens=16321 suffix_tokens=16 model_ms=1156.8 context_ms=41.2 state_ms=7.29 prefix_ms=0.0 suffix_ms=185.5 first_token_ms=1652.1 generation_ms=14103.9 generated=64 generation_tps=4.538
CHILD index=5 own_instance=0 exit=0 text=3fd8649867d4bb41 role=child prefix_tokens=16321 suffix_tokens=16 model_ms=1200.0 context_ms=56.7 state_ms=7.40 prefix_ms=0.0 suffix_ms=466.8 first_token_ms=2016.2 generation_ms=19283.7 generated=64 generation_tps=3.319
CHILD index=6 own_instance=1 exit=0 text=4a8f18b77dbe0332 role=child prefix_tokens=16321 suffix_tokens=16 model_ms=1186.5 context_ms=55.4 state_ms=7.35 prefix_ms=0.0 suffix_ms=393.6 first_token_ms=1940.5 generation_ms=13962.3 generated=64 generation_tps=4.584
CHILD index=7 own_instance=0 exit=0 text=4a8f18b77dbe0332 role=child prefix_tokens=16321 suffix_tokens=16 model_ms=1184.3 context_ms=39.4 state_ms=7.51 prefix_ms=0.0 suffix_ms=404.0 first_token_ms=1932.5 generation_ms=19345.4 generated=64 generation_tps=3.308
MEMORY mem_available_drop_mib=5913
END_CASE failed=0 timed_out=0
CASE placement=cross mode=cow children=8 paragraphs=320 context=32768
PARENT exit=0 text=c646470e58f73411 prefix_tokens=16321 prefix_ms=19888.3 publish_ms=9.27 state_bytes=261845 model_ms=629.5 context_ms=37.3 suffix_ms=112.7 generation_ms=9057.4 generated=64 generation_tps=7.066 total_ms=42808.1
CHILD index=0 own_instance=1 exit=0 text=d42c4c07975a6446 role=child prefix_tokens=16321 suffix_tokens=16 model_ms=1228.7 context_ms=41.2 state_ms=7.59 prefix_ms=0.0 suffix_ms=779.1 first_token_ms=2353.5 generation_ms=14063.1 generated=64 generation_tps=4.551
CHILD index=1 own_instance=0 exit=0 text=3fd8649867d4bb41 role=child prefix_tokens=16321 suffix_tokens=16 model_ms=1201.5 context_ms=42.9 state_ms=7.41 prefix_ms=0.0 suffix_ms=775.8 first_token_ms=2311.0 generation_ms=19389.7 generated=64 generation_tps=3.301
CHILD index=2 own_instance=1 exit=0 text=3fd8649867d4bb41 role=child prefix_tokens=16321 suffix_tokens=16 model_ms=1205.4 context_ms=37.2 state_ms=7.55 prefix_ms=0.0 suffix_ms=733.8 first_token_ms=2276.1 generation_ms=14103.0 generated=64 generation_tps=4.538
CHILD index=3 own_instance=0 exit=0 text=3fd8649867d4bb41 role=child prefix_tokens=16321 suffix_tokens=16 model_ms=1143.4 context_ms=34.2 state_ms=7.31 prefix_ms=0.0 suffix_ms=471.1 first_token_ms=1920.5 generation_ms=19503.5 generated=64 generation_tps=3.281
CHILD index=4 own_instance=1 exit=0 text=3e0fd62f5aa50665 role=child prefix_tokens=16321 suffix_tokens=16 model_ms=1259.1 context_ms=36.2 state_ms=7.21 prefix_ms=0.0 suffix_ms=803.7 first_token_ms=2393.4 generation_ms=14034.6 generated=64 generation_tps=4.560
CHILD index=5 own_instance=0 exit=0 text=3fd8649867d4bb41 role=child prefix_tokens=16321 suffix_tokens=16 model_ms=1187.8 context_ms=39.5 state_ms=7.48 prefix_ms=0.0 suffix_ms=797.5 first_token_ms=2324.5 generation_ms=19391.7 generated=64 generation_tps=3.300
CHILD index=6 own_instance=1 exit=0 text=4a8f18b77dbe0332 role=child prefix_tokens=16321 suffix_tokens=16 model_ms=1193.1 context_ms=43.3 state_ms=7.38 prefix_ms=0.0 suffix_ms=715.4 first_token_ms=2246.4 generation_ms=14111.8 generated=64 generation_tps=4.535
CHILD index=7 own_instance=0 exit=0 text=4a8f18b77dbe0332 role=child prefix_tokens=16321 suffix_tokens=16 model_ms=1143.3 context_ms=37.3 state_ms=7.64 prefix_ms=0.0 suffix_ms=743.8 first_token_ms=2233.9 generation_ms=19413.3 generated=64 generation_tps=3.297
MEMORY mem_available_drop_mib=6783
END_CASE failed=0 timed_out=0
CASE placement=cross mode=device_merged children=8 paragraphs=320 context=32768
PARENT exit=0 text=c646470e58f73411 prefix_tokens=16321 prefix_ms=19820.3 publish_ms=115.20 state_bytes=261845 model_ms=637.2 context_ms=36.7 suffix_ms=63.9 generation_ms=7002.4 generated=64 generation_tps=9.140 total_ms=35846.1
CHILD index=0 own_instance=1 exit=0 text=d42c4c07975a6446 role=child prefix_tokens=16321 suffix_tokens=16 model_ms=1218.1 context_ms=265.9 state_ms=14.41 prefix_ms=0.0 suffix_ms=425.2 first_token_ms=2211.5 generation_ms=12445.3 generated=64 generation_tps=5.143
STDERR llama_init_from_model: failed to initialize the context: kv cache: cannot map a published allocation
STDERR kv_fork: cannot create the context
CHILD index=1 own_instance=0 exit=1 text=e3b0c44298fc1c14 
CHILD index=2 own_instance=1 exit=0 text=3fd8649867d4bb41 role=child prefix_tokens=16321 suffix_tokens=16 model_ms=1192.9 context_ms=273.1 state_ms=14.90 prefix_ms=0.0 suffix_ms=408.3 first_token_ms=2190.9 generation_ms=12428.3 generated=64 generation_tps=5.150
STDERR llama_init_from_model: failed to initialize the context: kv cache: cannot map a published allocation
STDERR kv_fork: cannot create the context
CHILD index=3 own_instance=0 exit=1 text=e3b0c44298fc1c14 
CHILD index=4 own_instance=1 exit=0 text=3e0fd62f5aa50665 role=child prefix_tokens=16321 suffix_tokens=16 model_ms=1197.2 context_ms=272.8 state_ms=17.12 prefix_ms=0.0 suffix_ms=423.8 first_token_ms=2209.0 generation_ms=12449.5 generated=64 generation_tps=5.141
STDERR llama_init_from_model: failed to initialize the context: kv cache: cannot map a published allocation
STDERR kv_fork: cannot create the context
CHILD index=5 own_instance=0 exit=1 text=e3b0c44298fc1c14 
CHILD index=6 own_instance=1 exit=0 text=4a8f18b77dbe0332 role=child prefix_tokens=16321 suffix_tokens=16 model_ms=1209.9 context_ms=264.8 state_ms=14.54 prefix_ms=0.0 suffix_ms=409.4 first_token_ms=2182.7 generation_ms=12447.3 generated=64 generation_tps=5.142
STDERR llama_init_from_model: failed to initialize the context: kv cache: cannot map a published allocation
STDERR kv_fork: cannot create the context
CHILD index=7 own_instance=0 exit=1 text=e3b0c44298fc1c14 
MEMORY mem_available_drop_mib=3943
END_CASE failed=4 timed_out=0
CASE placement=cross mode=device_tuned children=8 paragraphs=320 context=32768
PARENT exit=0 text=c646470e58f73411 prefix_tokens=16321 prefix_ms=19824.7 publish_ms=43.89 state_bytes=261845 model_ms=636.9 context_ms=36.4 suffix_ms=63.3 generation_ms=7525.0 generated=64 generation_tps=8.505 total_ms=35748.3
CHILD index=0 own_instance=1 exit=0 text=d42c4c07975a6446 role=child prefix_tokens=16321 suffix_tokens=16 model_ms=1194.9 context_ms=402.6 state_ms=11.14 prefix_ms=0.0 suffix_ms=383.9 first_token_ms=2295.4 generation_ms=12363.2 generated=64 generation_tps=5.177
STDERR llama_init_from_model: failed to initialize the context: kv cache: cannot map a published allocation
STDERR kv_fork: cannot create the context
CHILD index=1 own_instance=0 exit=1 text=e3b0c44298fc1c14 
CHILD index=2 own_instance=1 exit=0 text=3fd8649867d4bb41 role=child prefix_tokens=16321 suffix_tokens=16 model_ms=1158.4 context_ms=157.0 state_ms=9.11 prefix_ms=0.0 suffix_ms=216.6 first_token_ms=1810.4 generation_ms=12379.1 generated=64 generation_tps=5.170
STDERR llama_init_from_model: failed to initialize the context: kv cache: cannot map a published allocation
STDERR kv_fork: cannot create the context
CHILD index=3 own_instance=0 exit=1 text=e3b0c44298fc1c14 
CHILD index=4 own_instance=1 exit=0 text=3e0fd62f5aa50665 role=child prefix_tokens=16321 suffix_tokens=16 model_ms=1217.2 context_ms=419.2 state_ms=14.32 prefix_ms=0.0 suffix_ms=388.1 first_token_ms=2335.8 generation_ms=12352.4 generated=64 generation_tps=5.181
STDERR llama_init_from_model: failed to initialize the context: kv cache: cannot map a published allocation
STDERR kv_fork: cannot create the context
CHILD index=5 own_instance=0 exit=1 text=e3b0c44298fc1c14 
CHILD index=6 own_instance=1 exit=0 text=4a8f18b77dbe0332 role=child prefix_tokens=16321 suffix_tokens=16 model_ms=1239.6 context_ms=361.8 state_ms=15.66 prefix_ms=0.0 suffix_ms=394.0 first_token_ms=2311.8 generation_ms=12372.1 generated=64 generation_tps=5.173
STDERR llama_init_from_model: failed to initialize the context: kv cache: cannot map a published allocation
STDERR kv_fork: cannot create the context
CHILD index=7 own_instance=0 exit=1 text=e3b0c44298fc1c14 
MEMORY mem_available_drop_mib=3979
END_CASE failed=4 timed_out=0
CASE placement=cross mode=device children=8 paragraphs=320 context=32768
PARENT exit=0 text=c646470e58f73411 prefix_tokens=16321 prefix_ms=19823.5 publish_ms=42.23 state_bytes=261845 model_ms=633.4 context_ms=36.8 suffix_ms=63.8 generation_ms=6075.3 generated=64 generation_tps=10.534 total_ms=35770.3
CHILD index=0 own_instance=1 exit=0 text=d42c4c07975a6446 role=child prefix_tokens=16321 suffix_tokens=16 model_ms=1198.4 context_ms=526.4 state_ms=22.62 prefix_ms=0.0 suffix_ms=223.0 first_token_ms=2264.9 generation_ms=12179.5 generated=64 generation_tps=5.255
STDERR llama_init_from_model: failed to initialize the context: kv cache: cannot map a published allocation
STDERR kv_fork: cannot create the context
CHILD index=1 own_instance=0 exit=1 text=e3b0c44298fc1c14 
CHILD index=2 own_instance=1 exit=0 text=3fd8649867d4bb41 role=child prefix_tokens=16321 suffix_tokens=16 model_ms=1220.0 context_ms=540.6 state_ms=177.75 prefix_ms=0.0 suffix_ms=387.7 first_token_ms=2629.8 generation_ms=12075.9 generated=64 generation_tps=5.300
STDERR llama_init_from_model: failed to initialize the context: kv cache: cannot map a published allocation
STDERR kv_fork: cannot create the context
CHILD index=3 own_instance=0 exit=1 text=e3b0c44298fc1c14 
CHILD index=4 own_instance=1 exit=0 text=3e0fd62f5aa50665 role=child prefix_tokens=16321 suffix_tokens=16 model_ms=1210.2 context_ms=536.7 state_ms=172.86 prefix_ms=0.0 suffix_ms=356.0 first_token_ms=2584.8 generation_ms=12081.5 generated=64 generation_tps=5.297
STDERR llama_init_from_model: failed to initialize the context: kv cache: cannot map a published allocation
STDERR kv_fork: cannot create the context
CHILD index=5 own_instance=0 exit=1 text=e3b0c44298fc1c14 
CHILD index=6 own_instance=1 exit=0 text=4a8f18b77dbe0332 role=child prefix_tokens=16321 suffix_tokens=16 model_ms=1203.0 context_ms=553.1 state_ms=160.46 prefix_ms=0.0 suffix_ms=399.4 first_token_ms=2608.7 generation_ms=12087.8 generated=64 generation_tps=5.295
STDERR llama_init_from_model: failed to initialize the context: kv cache: cannot map a published allocation
STDERR kv_fork: cannot create the context
CHILD index=7 own_instance=0 exit=1 text=e3b0c44298fc1c14 
MEMORY mem_available_drop_mib=3963
END_CASE failed=4 timed_out=0
CASE placement=cross mode=demand children=8 paragraphs=320 context=32768
PARENT exit=0 text=c646470e58f73411 prefix_tokens=16321 prefix_ms=19825.4 publish_ms=556.38 state_bytes=936173269 model_ms=630.3 context_ms=36.0 suffix_ms=63.1 generation_ms=7175.7 generated=64 generation_tps=8.919 total_ms=42664.0
CHILD index=0 own_instance=1 exit=0 text=d42c4c07975a6446 role=child prefix_tokens=16321 suffix_tokens=16 model_ms=1216.5 context_ms=42.8 state_ms=570.25 prefix_ms=0.0 suffix_ms=390.3 first_token_ms=2510.2 generation_ms=13510.2 generated=64 generation_tps=4.737
CHILD index=1 own_instance=0 exit=0 text=3fd8649867d4bb41 role=child prefix_tokens=16321 suffix_tokens=16 model_ms=1234.3 context_ms=39.8 state_ms=546.35 prefix_ms=0.0 suffix_ms=476.3 first_token_ms=2604.3 generation_ms=18451.5 generated=64 generation_tps=3.469
CHILD index=2 own_instance=1 exit=0 text=3fd8649867d4bb41 role=child prefix_tokens=16321 suffix_tokens=16 model_ms=1207.4 context_ms=36.6 state_ms=576.38 prefix_ms=0.0 suffix_ms=363.7 first_token_ms=2452.8 generation_ms=13485.5 generated=64 generation_tps=4.746
CHILD index=3 own_instance=0 exit=0 text=3fd8649867d4bb41 role=child prefix_tokens=16321 suffix_tokens=16 model_ms=1124.6 context_ms=35.0 state_ms=229.31 prefix_ms=0.0 suffix_ms=184.0 first_token_ms=1875.8 generation_ms=18246.8 generated=64 generation_tps=3.507
CHILD index=4 own_instance=1 exit=0 text=3e0fd62f5aa50665 role=child prefix_tokens=16321 suffix_tokens=16 model_ms=1198.9 context_ms=42.5 state_ms=578.56 prefix_ms=0.0 suffix_ms=401.7 first_token_ms=2529.4 generation_ms=13506.0 generated=64 generation_tps=4.739
CHILD index=5 own_instance=0 exit=0 text=3fd8649867d4bb41 role=child prefix_tokens=16321 suffix_tokens=16 model_ms=1244.4 context_ms=37.8 state_ms=556.03 prefix_ms=0.0 suffix_ms=489.6 first_token_ms=2621.0 generation_ms=18441.6 generated=64 generation_tps=3.470
CHILD index=6 own_instance=1 exit=0 text=4a8f18b77dbe0332 role=child prefix_tokens=16321 suffix_tokens=16 model_ms=1266.6 context_ms=38.9 state_ms=542.73 prefix_ms=0.0 suffix_ms=403.3 first_token_ms=2548.5 generation_ms=13494.9 generated=64 generation_tps=4.743
CHILD index=7 own_instance=0 exit=0 text=4a8f18b77dbe0332 role=child prefix_tokens=16321 suffix_tokens=16 model_ms=1167.6 context_ms=36.1 state_ms=583.65 prefix_ms=0.0 suffix_ms=440.5 first_token_ms=2527.8 generation_ms=18486.0 generated=64 generation_tps=3.462
MEMORY mem_available_drop_mib=13812
END_CASE failed=0 timed_out=0
CASE placement=cross mode=copy children=8 paragraphs=320 context=32768
PARENT exit=0 text=c646470e58f73411 prefix_tokens=16321 prefix_ms=19798.7 publish_ms=550.64 state_bytes=936173269 model_ms=635.6 context_ms=60.0 suffix_ms=63.4 generation_ms=8048.2 generated=64 generation_tps=7.952 total_ms=42913.5
CHILD index=0 own_instance=1 exit=0 text=d42c4c07975a6446 role=child prefix_tokens=16321 suffix_tokens=16 model_ms=1130.8 context_ms=68.5 state_ms=321.30 prefix_ms=0.0 suffix_ms=258.7 first_token_ms=2039.0 generation_ms=13624.6 generated=64 generation_tps=4.697
CHILD index=1 own_instance=0 exit=0 text=3fd8649867d4bb41 role=child prefix_tokens=16321 suffix_tokens=16 model_ms=1183.3 context_ms=226.3 state_ms=357.25 prefix_ms=0.0 suffix_ms=414.7 first_token_ms=2482.5 generation_ms=18745.3 generated=64 generation_tps=3.414
CHILD index=2 own_instance=1 exit=0 text=3fd8649867d4bb41 role=child prefix_tokens=16321 suffix_tokens=16 model_ms=1199.7 context_ms=226.8 state_ms=359.40 prefix_ms=0.0 suffix_ms=383.1 first_token_ms=2452.3 generation_ms=13601.5 generated=64 generation_tps=4.705
CHILD index=3 own_instance=0 exit=0 text=3fd8649867d4bb41 role=child prefix_tokens=16321 suffix_tokens=16 model_ms=1196.6 context_ms=247.7 state_ms=336.99 prefix_ms=0.0 suffix_ms=461.9 first_token_ms=2526.9 generation_ms=18738.3 generated=64 generation_tps=3.415
CHILD index=4 own_instance=1 exit=0 text=3e0fd62f5aa50665 role=child prefix_tokens=16321 suffix_tokens=16 model_ms=1186.4 context_ms=180.5 state_ms=407.85 prefix_ms=0.0 suffix_ms=406.4 first_token_ms=2475.4 generation_ms=13603.6 generated=64 generation_tps=4.705
CHILD index=5 own_instance=0 exit=0 text=3fd8649867d4bb41 role=child prefix_tokens=16321 suffix_tokens=16 model_ms=1308.9 context_ms=119.7 state_ms=342.15 prefix_ms=0.0 suffix_ms=404.2 first_token_ms=2472.8 generation_ms=18753.9 generated=64 generation_tps=3.413
CHILD index=6 own_instance=1 exit=0 text=4a8f18b77dbe0332 role=child prefix_tokens=16321 suffix_tokens=16 model_ms=1180.9 context_ms=169.9 state_ms=414.83 prefix_ms=0.0 suffix_ms=393.0 first_token_ms=2462.9 generation_ms=13608.2 generated=64 generation_tps=4.703
CHILD index=7 own_instance=0 exit=0 text=4a8f18b77dbe0332 role=child prefix_tokens=16321 suffix_tokens=16 model_ms=1194.0 context_ms=246.8 state_ms=336.59 prefix_ms=0.0 suffix_ms=427.8 first_token_ms=2491.7 generation_ms=18757.2 generated=64 generation_tps=3.412
MEMORY mem_available_drop_mib=20278
END_CASE failed=0 timed_out=0
CASE placement=same mode=extent children=4 paragraphs=320 context=32768
PARENT exit=0 text=c646470e58f73411 prefix_tokens=16321 prefix_ms=19917.4 publish_ms=9.02 state_bytes=261845 model_ms=630.6 context_ms=37.4 suffix_ms=121.6 generation_ms=9910.5 generated=64 generation_tps=6.458 total_ms=35610.7
CHILD index=0 own_instance=1 exit=0 text=d42c4c07975a6446 role=child prefix_tokens=16321 suffix_tokens=16 model_ms=960.8 context_ms=42.6 state_ms=7.42 prefix_ms=0.0 suffix_ms=417.4 first_token_ms=1574.7 generation_ms=12930.2 generated=64 generation_tps=4.950
CHILD index=1 own_instance=1 exit=0 text=3fd8649867d4bb41 role=child prefix_tokens=16321 suffix_tokens=16 model_ms=876.3 context_ms=39.4 state_ms=7.31 prefix_ms=0.0 suffix_ms=267.6 first_token_ms=1336.8 generation_ms=13044.7 generated=64 generation_tps=4.906
CHILD index=2 own_instance=1 exit=0 text=3fd8649867d4bb41 role=child prefix_tokens=16321 suffix_tokens=16 model_ms=892.0 context_ms=38.4 state_ms=7.38 prefix_ms=0.0 suffix_ms=269.6 first_token_ms=1343.4 generation_ms=13043.2 generated=64 generation_tps=4.907
CHILD index=3 own_instance=1 exit=0 text=3fd8649867d4bb41 role=child prefix_tokens=16321 suffix_tokens=16 model_ms=964.2 context_ms=42.4 state_ms=7.43 prefix_ms=0.0 suffix_ms=417.6 first_token_ms=1575.4 generation_ms=12918.2 generated=64 generation_tps=4.954
MEMORY mem_available_drop_mib=3071
END_CASE failed=0 timed_out=0
CASE placement=same mode=cow children=4 paragraphs=320 context=32768
PARENT exit=0 text=c646470e58f73411 prefix_tokens=16321 prefix_ms=19838.9 publish_ms=7.77 state_bytes=261845 model_ms=639.9 context_ms=37.5 suffix_ms=118.9 generation_ms=9878.2 generated=64 generation_tps=6.479 total_ms=36011.6
CHILD index=0 own_instance=1 exit=0 text=d42c4c07975a6446 role=child prefix_tokens=16321 suffix_tokens=16 model_ms=925.8 context_ms=50.0 state_ms=7.37 prefix_ms=0.0 suffix_ms=714.0 first_token_ms=1842.8 generation_ms=13072.9 generated=64 generation_tps=4.896
CHILD index=1 own_instance=1 exit=0 text=3fd8649867d4bb41 role=child prefix_tokens=16321 suffix_tokens=16 model_ms=931.2 context_ms=42.2 state_ms=7.51 prefix_ms=0.0 suffix_ms=702.5 first_token_ms=1822.5 generation_ms=13072.2 generated=64 generation_tps=4.896
CHILD index=2 own_instance=1 exit=0 text=3fd8649867d4bb41 role=child prefix_tokens=16321 suffix_tokens=16 model_ms=929.1 context_ms=49.2 state_ms=7.28 prefix_ms=0.0 suffix_ms=706.0 first_token_ms=1834.3 generation_ms=13061.7 generated=64 generation_tps=4.900
CHILD index=3 own_instance=1 exit=0 text=3fd8649867d4bb41 role=child prefix_tokens=16321 suffix_tokens=16 model_ms=922.6 context_ms=49.2 state_ms=7.53 prefix_ms=0.0 suffix_ms=714.6 first_token_ms=1842.0 generation_ms=13067.3 generated=64 generation_tps=4.898
MEMORY mem_available_drop_mib=3516
END_CASE failed=0 timed_out=0
CASE placement=same mode=device_merged children=4 paragraphs=320 context=32768
PARENT exit=0 text=c646470e58f73411 prefix_tokens=16321 prefix_ms=19830.1 publish_ms=113.31 state_bytes=261845 model_ms=636.9 context_ms=36.1 suffix_ms=61.9 generation_ms=9462.4 generated=64 generation_tps=6.764 total_ms=35793.7
CHILD index=0 own_instance=1 exit=0 text=d42c4c07975a6446 role=child prefix_tokens=16321 suffix_tokens=16 model_ms=904.2 context_ms=120.4 state_ms=9.95 prefix_ms=0.0 suffix_ms=351.9 first_token_ms=1525.0 generation_ms=12998.9 generated=64 generation_tps=4.924
CHILD index=1 own_instance=1 exit=0 text=3fd8649867d4bb41 role=child prefix_tokens=16321 suffix_tokens=16 model_ms=902.1 context_ms=134.6 state_ms=10.19 prefix_ms=0.0 suffix_ms=362.8 first_token_ms=1554.6 generation_ms=13061.4 generated=64 generation_tps=4.900
CHILD index=2 own_instance=1 exit=0 text=3fd8649867d4bb41 role=child prefix_tokens=16321 suffix_tokens=16 model_ms=899.5 context_ms=134.8 state_ms=10.67 prefix_ms=0.0 suffix_ms=362.8 first_token_ms=1554.8 generation_ms=13065.3 generated=64 generation_tps=4.898
CHILD index=3 own_instance=1 exit=0 text=3fd8649867d4bb41 role=child prefix_tokens=16321 suffix_tokens=16 model_ms=916.8 context_ms=132.2 state_ms=9.07 prefix_ms=0.0 suffix_ms=374.0 first_token_ms=1562.8 generation_ms=13057.6 generated=64 generation_tps=4.901
MEMORY mem_available_drop_mib=3953
END_CASE failed=0 timed_out=0
CASE placement=same mode=device_tuned children=4 paragraphs=320 context=32768
PARENT exit=0 text=c646470e58f73411 prefix_tokens=16321 prefix_ms=19831.6 publish_ms=31.57 state_bytes=261845 model_ms=643.4 context_ms=37.9 suffix_ms=61.6 generation_ms=9471.2 generated=64 generation_tps=6.757 total_ms=35676.7
CHILD index=0 own_instance=1 exit=0 text=d42c4c07975a6446 role=child prefix_tokens=16321 suffix_tokens=16 model_ms=906.6 context_ms=176.2 state_ms=8.40 prefix_ms=0.0 suffix_ms=370.9 first_token_ms=1601.3 generation_ms=12972.2 generated=64 generation_tps=4.934
CHILD index=1 own_instance=1 exit=0 text=3fd8649867d4bb41 role=child prefix_tokens=16321 suffix_tokens=16 model_ms=898.5 context_ms=178.4 state_ms=9.05 prefix_ms=0.0 suffix_ms=384.6 first_token_ms=1618.0 generation_ms=12987.3 generated=64 generation_tps=4.928
CHILD index=2 own_instance=1 exit=0 text=3fd8649867d4bb41 role=child prefix_tokens=16321 suffix_tokens=16 model_ms=959.7 context_ms=134.3 state_ms=11.90 prefix_ms=0.0 suffix_ms=374.2 first_token_ms=1629.5 generation_ms=12980.0 generated=64 generation_tps=4.931
CHILD index=3 own_instance=1 exit=0 text=3fd8649867d4bb41 role=child prefix_tokens=16321 suffix_tokens=16 model_ms=879.3 context_ms=124.7 state_ms=8.76 prefix_ms=0.0 suffix_ms=244.1 first_token_ms=1403.8 generation_ms=13038.4 generated=64 generation_tps=4.909
MEMORY mem_available_drop_mib=3977
END_CASE failed=0 timed_out=0
CASE placement=same mode=device children=4 paragraphs=320 context=32768
PARENT exit=0 text=c646470e58f73411 prefix_tokens=16321 prefix_ms=19801.8 publish_ms=41.74 state_bytes=261845 model_ms=633.0 context_ms=36.2 suffix_ms=62.8 generation_ms=8789.9 generated=64 generation_tps=7.281 total_ms=35718.4
CHILD index=0 own_instance=1 exit=0 text=d42c4c07975a6446 role=child prefix_tokens=16321 suffix_tokens=16 model_ms=922.6 context_ms=285.5 state_ms=132.42 prefix_ms=0.0 suffix_ms=337.0 first_token_ms=1830.4 generation_ms=12767.4 generated=64 generation_tps=5.013
CHILD index=1 own_instance=1 exit=0 text=3fd8649867d4bb41 role=child prefix_tokens=16321 suffix_tokens=16 model_ms=970.0 context_ms=304.1 state_ms=146.60 prefix_ms=0.0 suffix_ms=425.2 first_token_ms=1994.7 generation_ms=12672.6 generated=64 generation_tps=5.050
CHILD index=2 own_instance=1 exit=0 text=3fd8649867d4bb41 role=child prefix_tokens=16321 suffix_tokens=16 model_ms=903.7 context_ms=188.6 state_ms=60.69 prefix_ms=0.0 suffix_ms=224.6 first_token_ms=1518.8 generation_ms=12804.7 generated=64 generation_tps=4.998
CHILD index=3 own_instance=1 exit=0 text=3fd8649867d4bb41 role=child prefix_tokens=16321 suffix_tokens=16 model_ms=930.0 context_ms=308.2 state_ms=173.08 prefix_ms=0.0 suffix_ms=391.6 first_token_ms=1949.3 generation_ms=12694.5 generated=64 generation_tps=5.042
MEMORY mem_available_drop_mib=3950
END_CASE failed=0 timed_out=0
CASE placement=same mode=demand children=4 paragraphs=320 context=32768
PARENT exit=0 text=c646470e58f73411 prefix_tokens=16321 prefix_ms=19812.1 publish_ms=543.80 state_bytes=936173269 model_ms=636.9 context_ms=36.2 suffix_ms=61.6 generation_ms=8971.4 generated=64 generation_tps=7.134 total_ms=36325.4
CHILD index=0 own_instance=1 exit=0 text=d42c4c07975a6446 role=child prefix_tokens=16321 suffix_tokens=16 model_ms=854.0 context_ms=32.6 state_ms=286.85 prefix_ms=0.0 suffix_ms=217.8 first_token_ms=1528.6 generation_ms=12904.5 generated=64 generation_tps=4.959
CHILD index=1 own_instance=1 exit=0 text=3fd8649867d4bb41 role=child prefix_tokens=16321 suffix_tokens=16 model_ms=928.9 context_ms=36.5 state_ms=364.56 prefix_ms=0.0 suffix_ms=395.0 first_token_ms=1873.1 generation_ms=12815.2 generated=64 generation_tps=4.994
CHILD index=2 own_instance=1 exit=0 text=3fd8649867d4bb41 role=child prefix_tokens=16321 suffix_tokens=16 model_ms=910.8 context_ms=34.8 state_ms=372.51 prefix_ms=0.0 suffix_ms=391.1 first_token_ms=1856.4 generation_ms=12796.3 generated=64 generation_tps=5.001
CHILD index=3 own_instance=1 exit=0 text=3fd8649867d4bb41 role=child prefix_tokens=16321 suffix_tokens=16 model_ms=949.7 context_ms=34.3 state_ms=353.15 prefix_ms=0.0 suffix_ms=397.8 first_token_ms=1886.4 generation_ms=12812.3 generated=64 generation_tps=4.995
MEMORY mem_available_drop_mib=7193
END_CASE failed=0 timed_out=0
CASE placement=same mode=copy children=4 paragraphs=320 context=32768
PARENT exit=0 text=c646470e58f73411 prefix_tokens=16321 prefix_ms=19805.3 publish_ms=556.17 state_bytes=936173269 model_ms=631.6 context_ms=59.7 suffix_ms=63.1 generation_ms=8595.3 generated=64 generation_tps=7.446 total_ms=36344.5
CHILD index=0 own_instance=1 exit=0 text=d42c4c07975a6446 role=child prefix_tokens=16321 suffix_tokens=16 model_ms=902.7 context_ms=147.8 state_ms=408.08 prefix_ms=0.0 suffix_ms=393.0 first_token_ms=1998.7 generation_ms=12715.8 generated=64 generation_tps=5.033
CHILD index=1 own_instance=1 exit=0 text=3fd8649867d4bb41 role=child prefix_tokens=16321 suffix_tokens=16 model_ms=912.6 context_ms=170.3 state_ms=376.48 prefix_ms=0.0 suffix_ms=378.8 first_token_ms=1984.0 generation_ms=12725.6 generated=64 generation_tps=5.029
CHILD index=2 own_instance=1 exit=0 text=3fd8649867d4bb41 role=child prefix_tokens=16321 suffix_tokens=16 model_ms=914.7 context_ms=154.1 state_ms=401.22 prefix_ms=0.0 suffix_ms=405.2 first_token_ms=2013.8 generation_ms=12708.6 generated=64 generation_tps=5.036
CHILD index=3 own_instance=1 exit=0 text=3fd8649867d4bb41 role=child prefix_tokens=16321 suffix_tokens=16 model_ms=900.3 context_ms=110.6 state_ms=275.55 prefix_ms=0.0 suffix_ms=203.1 first_token_ms=1637.8 generation_ms=12800.1 generated=64 generation_tps=5.000
MEMORY mem_available_drop_mib=10134
END_CASE failed=0 timed_out=0
CASE placement=same mode=extent children=1 paragraphs=320 context=32768
PARENT exit=0 text=c646470e58f73411 prefix_tokens=16321 prefix_ms=19866.3 publish_ms=8.94 state_bytes=261845 model_ms=630.5 context_ms=36.9 suffix_ms=126.0 generation_ms=4951.3 generated=64 generation_tps=12.926 total_ms=26740.2
CHILD index=0 own_instance=1 exit=0 text=d42c4c07975a6446 role=child prefix_tokens=16321 suffix_tokens=16 model_ms=605.4 context_ms=36.1 state_ms=7.38 prefix_ms=0.0 suffix_ms=176.9 first_token_ms=861.0 generation_ms=4890.1 generated=64 generation_tps=13.088
MEMORY mem_available_drop_mib=834
END_CASE failed=0 timed_out=0
CASE placement=same mode=cow children=1 paragraphs=320 context=32768
PARENT exit=0 text=c646470e58f73411 prefix_tokens=16321 prefix_ms=19863.7 publish_ms=9.19 state_bytes=261845 model_ms=635.7 context_ms=37.1 suffix_ms=114.6 generation_ms=4944.0 generated=64 generation_tps=12.945 total_ms=26858.4
CHILD index=0 own_instance=1 exit=0 text=d42c4c07975a6446 role=child prefix_tokens=16321 suffix_tokens=16 model_ms=611.5 context_ms=35.2 state_ms=7.44 prefix_ms=0.0 suffix_ms=314.1 first_token_ms=1004.1 generation_ms=4833.8 generated=64 generation_tps=13.240
MEMORY mem_available_drop_mib=962
END_CASE failed=0 timed_out=0
CASE placement=same mode=device_merged children=1 paragraphs=320 context=32768
PARENT exit=0 text=c646470e58f73411 prefix_tokens=16321 prefix_ms=19828.5 publish_ms=105.38 state_bytes=261845 model_ms=632.6 context_ms=35.5 suffix_ms=61.3 generation_ms=4961.6 generated=64 generation_tps=12.899 total_ms=26836.6
CHILD index=0 own_instance=1 exit=0 text=d42c4c07975a6446 role=child prefix_tokens=16321 suffix_tokens=16 model_ms=596.1 context_ms=50.0 state_ms=8.73 prefix_ms=0.0 suffix_ms=166.0 first_token_ms=856.9 generation_ms=4896.4 generated=64 generation_tps=13.071
MEMORY mem_available_drop_mib=1075
END_CASE failed=0 timed_out=0
CASE placement=same mode=device_tuned children=1 paragraphs=320 context=32768
PARENT exit=0 text=c646470e58f73411 prefix_tokens=16321 prefix_ms=19829.3 publish_ms=40.61 state_bytes=261845 model_ms=633.9 context_ms=36.3 suffix_ms=61.0 generation_ms=4980.7 generated=64 generation_tps=12.850 total_ms=26779.6
CHILD index=0 own_instance=1 exit=0 text=d42c4c07975a6446 role=child prefix_tokens=16321 suffix_tokens=16 model_ms=603.9 context_ms=70.0 state_ms=7.92 prefix_ms=0.0 suffix_ms=175.8 first_token_ms=893.6 generation_ms=4862.5 generated=64 generation_tps=13.162
MEMORY mem_available_drop_mib=1074
END_CASE failed=0 timed_out=0
CASE placement=same mode=device children=1 paragraphs=320 context=32768
PARENT exit=0 text=c646470e58f73411 prefix_tokens=16321 prefix_ms=19820.4 publish_ms=42.95 state_bytes=261845 model_ms=627.1 context_ms=36.1 suffix_ms=61.0 generation_ms=4814.6 generated=64 generation_tps=13.293 total_ms=26781.2
CHILD index=0 own_instance=1 exit=0 text=d42c4c07975a6446 role=child prefix_tokens=16321 suffix_tokens=16 model_ms=604.9 context_ms=170.9 state_ms=44.71 prefix_ms=0.0 suffix_ms=220.2 first_token_ms=1076.7 generation_ms=4683.5 generated=64 generation_tps=13.665
MEMORY mem_available_drop_mib=1076
END_CASE failed=0 timed_out=0
CASE placement=same mode=demand children=1 paragraphs=320 context=32768
PARENT exit=0 text=c646470e58f73411 prefix_tokens=16321 prefix_ms=19824.1 publish_ms=551.45 state_bytes=936173269 model_ms=634.3 context_ms=36.1 suffix_ms=60.3 generation_ms=4678.2 generated=64 generation_tps=13.681 total_ms=27282.5
CHILD index=0 own_instance=1 exit=0 text=d42c4c07975a6446 role=child prefix_tokens=16321 suffix_tokens=16 model_ms=590.6 context_ms=32.8 state_ms=285.25 prefix_ms=0.0 suffix_ms=211.7 first_token_ms=1156.9 generation_ms=4586.0 generated=64 generation_tps=13.956
MEMORY mem_available_drop_mib=1868
END_CASE failed=0 timed_out=0
CASE placement=same mode=copy children=1 paragraphs=320 context=32768
PARENT exit=0 text=c646470e58f73411 prefix_tokens=16321 prefix_ms=19806.0 publish_ms=540.19 state_bytes=936173269 model_ms=632.2 context_ms=59.5 suffix_ms=60.8 generation_ms=4688.7 generated=64 generation_tps=13.650 total_ms=27303.8
CHILD index=0 own_instance=1 exit=0 text=d42c4c07975a6446 role=child prefix_tokens=16321 suffix_tokens=16 model_ms=596.2 context_ms=65.4 state_ms=268.98 prefix_ms=0.0 suffix_ms=213.3 first_token_ms=1178.5 generation_ms=4572.7 generated=64 generation_tps=13.996
MEMORY mem_available_drop_mib=2539
END_CASE failed=0 timed_out=0
CASE placement=same mode=extent children=8 paragraphs=80 context=8192
PARENT exit=0 text=8e42d861853d43f0 prefix_tokens=4081 prefix_ms=4400.4 publish_ms=3.06 state_bytes=66005 model_ms=634.7 context_ms=22.6 suffix_ms=95.5 generation_ms=13281.7 generated=64 generation_tps=4.819 total_ms=30701.2
CHILD index=0 own_instance=1 exit=0 text=c762b6e82f144cca role=child prefix_tokens=4081 suffix_tokens=16 model_ms=1090.5 context_ms=23.1 state_ms=2.00 prefix_ms=0.0 suffix_ms=174.3 first_token_ms=1539.6 generation_ms=22930.2 generated=64 generation_tps=2.791
CHILD index=1 own_instance=1 exit=0 text=5f0f74be36dfb05d role=child prefix_tokens=4081 suffix_tokens=16 model_ms=1199.8 context_ms=26.5 state_ms=1.83 prefix_ms=0.0 suffix_ms=556.9 first_token_ms=2072.7 generation_ms=22946.7 generated=64 generation_tps=2.789
CHILD index=2 own_instance=1 exit=0 text=45d93d75d8c246b5 role=child prefix_tokens=4081 suffix_tokens=16 model_ms=1174.6 context_ms=26.5 state_ms=1.95 prefix_ms=0.0 suffix_ms=525.8 first_token_ms=2031.5 generation_ms=22952.2 generated=64 generation_tps=2.788
CHILD index=3 own_instance=1 exit=0 text=4a8f18b77dbe0332 role=child prefix_tokens=4081 suffix_tokens=16 model_ms=1224.8 context_ms=26.2 state_ms=1.86 prefix_ms=0.0 suffix_ms=574.1 first_token_ms=2112.4 generation_ms=22917.7 generated=64 generation_tps=2.793
CHILD index=4 own_instance=1 exit=0 text=46404abc10d87546 role=child prefix_tokens=4081 suffix_tokens=16 model_ms=1191.3 context_ms=28.1 state_ms=1.70 prefix_ms=0.0 suffix_ms=551.0 first_token_ms=2067.2 generation_ms=22946.1 generated=64 generation_tps=2.789
CHILD index=5 own_instance=1 exit=0 text=46404abc10d87546 role=child prefix_tokens=4081 suffix_tokens=16 model_ms=1213.7 context_ms=26.7 state_ms=2.00 prefix_ms=0.0 suffix_ms=585.7 first_token_ms=2127.1 generation_ms=22917.3 generated=64 generation_tps=2.793
CHILD index=6 own_instance=1 exit=0 text=46404abc10d87546 role=child prefix_tokens=4081 suffix_tokens=16 model_ms=1234.0 context_ms=28.3 state_ms=1.94 prefix_ms=0.0 suffix_ms=574.4 first_token_ms=2113.0 generation_ms=22931.1 generated=64 generation_tps=2.791
CHILD index=7 own_instance=1 exit=0 text=46404abc10d87546 role=child prefix_tokens=4081 suffix_tokens=16 model_ms=1168.3 context_ms=23.4 state_ms=1.87 prefix_ms=0.0 suffix_ms=503.1 first_token_ms=1989.2 generation_ms=22949.3 generated=64 generation_tps=2.789
MEMORY mem_available_drop_mib=5699
END_CASE failed=0 timed_out=0
CASE placement=same mode=cow children=8 paragraphs=80 context=8192
PARENT exit=0 text=8e42d861853d43f0 prefix_tokens=4081 prefix_ms=4400.6 publish_ms=2.56 state_bytes=66005 model_ms=647.7 context_ms=23.6 suffix_ms=100.6 generation_ms=13370.8 generated=64 generation_tps=4.787 total_ms=31520.9
CHILD index=0 own_instance=1 exit=0 text=c762b6e82f144cca role=child prefix_tokens=4081 suffix_tokens=16 model_ms=1197.2 context_ms=37.0 state_ms=1.55 prefix_ms=0.0 suffix_ms=1455.5 first_token_ms=2987.4 generation_ms=22874.6 generated=64 generation_tps=2.798
CHILD index=1 own_instance=1 exit=0 text=5f0f74be36dfb05d role=child prefix_tokens=4081 suffix_tokens=16 model_ms=1137.7 context_ms=21.4 state_ms=1.80 prefix_ms=0.0 suffix_ms=906.5 first_token_ms=2340.5 generation_ms=23102.0 generated=64 generation_tps=2.770
CHILD index=2 own_instance=1 exit=0 text=45d93d75d8c246b5 role=child prefix_tokens=4081 suffix_tokens=16 model_ms=1205.3 context_ms=35.9 state_ms=1.75 prefix_ms=0.0 suffix_ms=1442.4 first_token_ms=2975.3 generation_ms=22883.1 generated=64 generation_tps=2.797
CHILD index=3 own_instance=1 exit=0 text=4a8f18b77dbe0332 role=child prefix_tokens=4081 suffix_tokens=16 model_ms=1199.7 context_ms=38.0 state_ms=1.78 prefix_ms=0.0 suffix_ms=1454.6 first_token_ms=2988.5 generation_ms=22875.2 generated=64 generation_tps=2.798
CHILD index=4 own_instance=1 exit=0 text=46404abc10d87546 role=child prefix_tokens=4081 suffix_tokens=16 model_ms=1174.8 context_ms=31.9 state_ms=1.86 prefix_ms=0.0 suffix_ms=1418.0 first_token_ms=2919.7 generation_ms=22803.5 generated=64 generation_tps=2.807
CHILD index=5 own_instance=1 exit=0 text=46404abc10d87546 role=child prefix_tokens=4081 suffix_tokens=16 model_ms=1212.7 context_ms=39.3 state_ms=2.13 prefix_ms=0.0 suffix_ms=1403.9 first_token_ms=2940.2 generation_ms=22893.6 generated=64 generation_tps=2.796
CHILD index=6 own_instance=1 exit=0 text=46404abc10d87546 role=child prefix_tokens=4081 suffix_tokens=16 model_ms=1182.6 context_ms=31.0 state_ms=1.64 prefix_ms=0.0 suffix_ms=1424.1 first_token_ms=2925.4 generation_ms=22857.3 generated=64 generation_tps=2.800
CHILD index=7 own_instance=1 exit=0 text=46404abc10d87546 role=child prefix_tokens=4081 suffix_tokens=16 model_ms=1216.8 context_ms=38.8 state_ms=1.90 prefix_ms=0.0 suffix_ms=1424.1 first_token_ms=2960.6 generation_ms=22883.5 generated=64 generation_tps=2.797
MEMORY mem_available_drop_mib=6700
END_CASE failed=0 timed_out=0
CASE placement=same mode=device_merged children=8 paragraphs=80 context=8192
PARENT exit=0 text=8e42d861853d43f0 prefix_tokens=4081 prefix_ms=4414.1 publish_ms=24.62 state_bytes=66005 model_ms=632.7 context_ms=22.4 suffix_ms=58.2 generation_ms=12182.1 generated=64 generation_tps=5.254 total_ms=30906.8
CHILD index=0 own_instance=1 exit=0 text=c762b6e82f144cca role=child prefix_tokens=4081 suffix_tokens=16 model_ms=1209.8 context_ms=246.1 state_ms=5.34 prefix_ms=0.0 suffix_ms=584.5 first_token_ms=2329.7 generation_ms=22721.8 generated=64 generation_tps=2.817
CHILD index=1 own_instance=1 exit=0 text=5f0f74be36dfb05d role=child prefix_tokens=4081 suffix_tokens=16 model_ms=1206.8 context_ms=242.7 state_ms=3.44 prefix_ms=0.0 suffix_ms=578.5 first_token_ms=2323.1 generation_ms=22719.1 generated=64 generation_tps=2.817
CHILD index=2 own_instance=1 exit=0 text=45d93d75d8c246b5 role=child prefix_tokens=4081 suffix_tokens=16 model_ms=1250.5 context_ms=217.3 state_ms=4.94 prefix_ms=0.0 suffix_ms=600.2 first_token_ms=2377.1 generation_ms=22747.0 generated=64 generation_tps=2.814
CHILD index=3 own_instance=1 exit=0 text=4a8f18b77dbe0332 role=child prefix_tokens=4081 suffix_tokens=16 model_ms=1193.3 context_ms=243.3 state_ms=6.20 prefix_ms=0.0 suffix_ms=618.7 first_token_ms=2364.8 generation_ms=22755.0 generated=64 generation_tps=2.813
CHILD index=4 own_instance=1 exit=0 text=46404abc10d87546 role=child prefix_tokens=4081 suffix_tokens=16 model_ms=1217.0 context_ms=220.8 state_ms=4.76 prefix_ms=0.0 suffix_ms=501.3 first_token_ms=2225.6 generation_ms=22719.4 generated=64 generation_tps=2.817
CHILD index=5 own_instance=1 exit=0 text=46404abc10d87546 role=child prefix_tokens=4081 suffix_tokens=16 model_ms=1203.4 context_ms=250.9 state_ms=5.69 prefix_ms=0.0 suffix_ms=600.6 first_token_ms=2355.2 generation_ms=22746.2 generated=64 generation_tps=2.814
CHILD index=6 own_instance=1 exit=0 text=46404abc10d87546 role=child prefix_tokens=4081 suffix_tokens=16 model_ms=1204.7 context_ms=246.7 state_ms=6.77 prefix_ms=0.0 suffix_ms=617.8 first_token_ms=2376.2 generation_ms=22745.7 generated=64 generation_tps=2.814
CHILD index=7 own_instance=1 exit=0 text=46404abc10d87546 role=child prefix_tokens=4081 suffix_tokens=16 model_ms=1201.3 context_ms=237.1 state_ms=4.57 prefix_ms=0.0 suffix_ms=630.0 first_token_ms=2381.6 generation_ms=22743.3 generated=64 generation_tps=2.814
MEMORY mem_available_drop_mib=7551
END_CASE failed=0 timed_out=0
CASE placement=same mode=device_tuned children=8 paragraphs=80 context=8192
PARENT exit=0 text=8e42d861853d43f0 prefix_tokens=4081 prefix_ms=4412.1 publish_ms=7.02 state_bytes=66005 model_ms=628.7 context_ms=21.6 suffix_ms=57.7 generation_ms=13494.3 generated=64 generation_tps=4.743 total_ms=30809.5
CHILD index=0 own_instance=1 exit=0 text=c762b6e82f144cca role=child prefix_tokens=4081 suffix_tokens=16 model_ms=1183.6 context_ms=189.4 state_ms=5.70 prefix_ms=0.0 suffix_ms=599.4 first_token_ms=2289.5 generation_ms=22825.8 generated=64 generation_tps=2.804
CHILD index=1 own_instance=1 exit=0 text=5f0f74be36dfb05d role=child prefix_tokens=4081 suffix_tokens=16 model_ms=1200.7 context_ms=178.3 state_ms=9.04 prefix_ms=0.0 suffix_ms=606.4 first_token_ms=2288.4 generation_ms=22819.0 generated=64 generation_tps=2.805
CHILD index=2 own_instance=1 exit=0 text=45d93d75d8c246b5 role=child prefix_tokens=4081 suffix_tokens=16 model_ms=1196.4 context_ms=194.0 state_ms=8.12 prefix_ms=0.0 suffix_ms=605.3 first_token_ms=2310.3 generation_ms=22809.3 generated=64 generation_tps=2.806
CHILD index=3 own_instance=1 exit=0 text=4a8f18b77dbe0332 role=child prefix_tokens=4081 suffix_tokens=16 model_ms=1166.2 context_ms=40.1 state_ms=2.95 prefix_ms=0.0 suffix_ms=260.6 first_token_ms=1747.7 generation_ms=22841.5 generated=64 generation_tps=2.802
CHILD index=4 own_instance=1 exit=0 text=46404abc10d87546 role=child prefix_tokens=4081 suffix_tokens=16 model_ms=1207.6 context_ms=205.5 state_ms=9.92 prefix_ms=0.0 suffix_ms=606.2 first_token_ms=2320.1 generation_ms=22793.0 generated=64 generation_tps=2.808
CHILD index=5 own_instance=1 exit=0 text=46404abc10d87546 role=child prefix_tokens=4081 suffix_tokens=16 model_ms=1181.8 context_ms=164.2 state_ms=4.58 prefix_ms=0.0 suffix_ms=562.9 first_token_ms=2211.0 generation_ms=22794.1 generated=64 generation_tps=2.808
CHILD index=6 own_instance=1 exit=0 text=46404abc10d87546 role=child prefix_tokens=4081 suffix_tokens=16 model_ms=1184.7 context_ms=64.3 state_ms=4.49 prefix_ms=0.0 suffix_ms=283.3 first_token_ms=1820.5 generation_ms=22969.7 generated=64 generation_tps=2.786
CHILD index=7 own_instance=1 exit=0 text=46404abc10d87546 role=child prefix_tokens=4081 suffix_tokens=16 model_ms=1175.1 context_ms=194.1 state_ms=3.97 prefix_ms=0.0 suffix_ms=603.1 first_token_ms=2280.7 generation_ms=22821.3 generated=64 generation_tps=2.804
MEMORY mem_available_drop_mib=7545
END_CASE failed=0 timed_out=0
CASE placement=same mode=device children=8 paragraphs=80 context=8192
PARENT exit=0 text=8e42d861853d43f0 prefix_tokens=4081 prefix_ms=4406.8 publish_ms=7.09 state_bytes=66005 model_ms=633.9 context_ms=22.2 suffix_ms=57.8 generation_ms=12321.9 generated=64 generation_tps=5.194 total_ms=30810.4
CHILD index=0 own_instance=1 exit=0 text=c762b6e82f144cca role=child prefix_tokens=4081 suffix_tokens=16 model_ms=1164.5 context_ms=312.2 state_ms=258.81 prefix_ms=0.0 suffix_ms=660.9 first_token_ms=2698.4 generation_ms=22518.4 generated=64 generation_tps=2.842
CHILD index=1 own_instance=1 exit=0 text=5f0f74be36dfb05d role=child prefix_tokens=4081 suffix_tokens=16 model_ms=1176.7 context_ms=314.2 state_ms=256.27 prefix_ms=0.0 suffix_ms=660.4 first_token_ms=2698.0 generation_ms=22516.8 generated=64 generation_tps=2.842
CHILD index=2 own_instance=1 exit=0 text=45d93d75d8c246b5 role=child prefix_tokens=4081 suffix_tokens=16 model_ms=1166.2 context_ms=259.7 state_ms=125.07 prefix_ms=0.0 suffix_ms=400.3 first_token_ms=2245.5 generation_ms=22752.7 generated=64 generation_tps=2.813
CHILD index=3 own_instance=1 exit=0 text=4a8f18b77dbe0332 role=child prefix_tokens=4081 suffix_tokens=16 model_ms=1165.8 context_ms=291.4 state_ms=187.99 prefix_ms=0.0 suffix_ms=526.7 first_token_ms=2470.7 generation_ms=22658.7 generated=64 generation_tps=2.825
CHILD index=4 own_instance=1 exit=0 text=46404abc10d87546 role=child prefix_tokens=4081 suffix_tokens=16 model_ms=1186.7 context_ms=233.6 state_ms=54.16 prefix_ms=0.0 suffix_ms=308.9 first_token_ms=2064.0 generation_ms=22740.5 generated=64 generation_tps=2.814
CHILD index=5 own_instance=1 exit=0 text=46404abc10d87546 role=child prefix_tokens=4081 suffix_tokens=16 model_ms=1189.6 context_ms=306.3 state_ms=258.29 prefix_ms=0.0 suffix_ms=657.2 first_token_ms=2697.4 generation_ms=22499.5 generated=64 generation_tps=2.845
CHILD index=6 own_instance=1 exit=0 text=46404abc10d87546 role=child prefix_tokens=4081 suffix_tokens=16 model_ms=1164.8 context_ms=196.9 state_ms=97.67 prefix_ms=0.0 suffix_ms=314.6 first_token_ms=2029.0 generation_ms=22719.8 generated=64 generation_tps=2.817
CHILD index=7 own_instance=1 exit=0 text=46404abc10d87546 role=child prefix_tokens=4081 suffix_tokens=16 model_ms=1156.4 context_ms=287.3 state_ms=178.90 prefix_ms=0.0 suffix_ms=495.8 first_token_ms=2422.4 generation_ms=22679.1 generated=64 generation_tps=2.822
MEMORY mem_available_drop_mib=7550
END_CASE failed=0 timed_out=0
CASE placement=same mode=demand children=8 paragraphs=80 context=8192
PARENT exit=0 text=8e42d861853d43f0 prefix_tokens=4081 prefix_ms=4403.8 publish_ms=228.00 state_bytes=234086869 model_ms=660.8 context_ms=21.9 suffix_ms=57.5 generation_ms=12692.6 generated=64 generation_tps=5.042 total_ms=31049.2
CHILD index=0 own_instance=1 exit=0 text=c762b6e82f144cca role=child prefix_tokens=4081 suffix_tokens=16 model_ms=1195.9 context_ms=32.3 state_ms=262.82 prefix_ms=0.0 suffix_ms=598.8 first_token_ms=2382.8 generation_ms=22715.5 generated=64 generation_tps=2.817
CHILD index=1 own_instance=1 exit=0 text=5f0f74be36dfb05d role=child prefix_tokens=4081 suffix_tokens=16 model_ms=1122.7 context_ms=20.8 state_ms=160.15 prefix_ms=0.0 suffix_ms=227.1 first_token_ms=1815.0 generation_ms=22692.6 generated=64 generation_tps=2.820
CHILD index=2 own_instance=1 exit=0 text=45d93d75d8c246b5 role=child prefix_tokens=4081 suffix_tokens=16 model_ms=1231.4 context_ms=27.6 state_ms=246.49 prefix_ms=0.0 suffix_ms=607.2 first_token_ms=2408.0 generation_ms=22722.4 generated=64 generation_tps=2.817
CHILD index=3 own_instance=1 exit=0 text=4a8f18b77dbe0332 role=child prefix_tokens=4081 suffix_tokens=16 model_ms=1249.9 context_ms=22.7 state_ms=235.77 prefix_ms=0.0 suffix_ms=601.8 first_token_ms=2414.0 generation_ms=22721.2 generated=64 generation_tps=2.817
CHILD index=4 own_instance=1 exit=0 text=46404abc10d87546 role=child prefix_tokens=4081 suffix_tokens=16 model_ms=1227.6 context_ms=27.3 state_ms=251.91 prefix_ms=0.0 suffix_ms=607.4 first_token_ms=2413.5 generation_ms=22719.3 generated=64 generation_tps=2.817
CHILD index=5 own_instance=1 exit=0 text=46404abc10d87546 role=child prefix_tokens=4081 suffix_tokens=16 model_ms=1185.6 context_ms=36.3 state_ms=265.75 prefix_ms=0.0 suffix_ms=594.2 first_token_ms=2385.0 generation_ms=22739.1 generated=64 generation_tps=2.815
CHILD index=6 own_instance=1 exit=0 text=46404abc10d87546 role=child prefix_tokens=4081 suffix_tokens=16 model_ms=1198.9 context_ms=30.4 state_ms=239.58 prefix_ms=0.0 suffix_ms=536.0 first_token_ms=2293.7 generation_ms=22713.9 generated=64 generation_tps=2.818
CHILD index=7 own_instance=1 exit=0 text=46404abc10d87546 role=child prefix_tokens=4081 suffix_tokens=16 model_ms=1206.9 context_ms=33.7 state_ms=256.81 prefix_ms=0.0 suffix_ms=584.1 first_token_ms=2363.0 generation_ms=22711.3 generated=64 generation_tps=2.818
MEMORY mem_available_drop_mib=8444
END_CASE failed=0 timed_out=0
CASE placement=same mode=copy children=8 paragraphs=80 context=8192
PARENT exit=0 text=8e42d861853d43f0 prefix_tokens=4081 prefix_ms=4395.1 publish_ms=202.01 state_bytes=234086869 model_ms=630.8 context_ms=27.8 suffix_ms=57.9 generation_ms=11694.3 generated=64 generation_tps=5.473 total_ms=30875.5
CHILD index=0 own_instance=1 exit=0 text=c762b6e82f144cca role=child prefix_tokens=4081 suffix_tokens=16 model_ms=1217.8 context_ms=57.2 state_ms=218.93 prefix_ms=0.0 suffix_ms=568.4 first_token_ms=2339.7 generation_ms=22626.9 generated=64 generation_tps=2.828
CHILD index=1 own_instance=1 exit=0 text=5f0f74be36dfb05d role=child prefix_tokens=4081 suffix_tokens=16 model_ms=1185.0 context_ms=54.3 state_ms=244.39 prefix_ms=0.0 suffix_ms=519.4 first_token_ms=2287.7 generation_ms=22613.8 generated=64 generation_tps=2.830
CHILD index=2 own_instance=1 exit=0 text=45d93d75d8c246b5 role=child prefix_tokens=4081 suffix_tokens=16 model_ms=1207.8 context_ms=62.7 state_ms=218.59 prefix_ms=0.0 suffix_ms=593.8 first_token_ms=2371.0 generation_ms=22655.2 generated=64 generation_tps=2.825
CHILD index=3 own_instance=1 exit=0 text=4a8f18b77dbe0332 role=child prefix_tokens=4081 suffix_tokens=16 model_ms=1201.6 context_ms=60.0 state_ms=221.47 prefix_ms=0.0 suffix_ms=595.5 first_token_ms=2373.0 generation_ms=22655.4 generated=64 generation_tps=2.825
CHILD index=4 own_instance=1 exit=0 text=46404abc10d87546 role=child prefix_tokens=4081 suffix_tokens=16 model_ms=1203.9 context_ms=71.1 state_ms=215.83 prefix_ms=0.0 suffix_ms=597.2 first_token_ms=2382.4 generation_ms=22647.1 generated=64 generation_tps=2.826
CHILD index=5 own_instance=1 exit=0 text=46404abc10d87546 role=child prefix_tokens=4081 suffix_tokens=16 model_ms=1122.6 context_ms=31.7 state_ms=168.92 prefix_ms=0.0 suffix_ms=232.3 first_token_ms=1813.1 generation_ms=22653.0 generated=64 generation_tps=2.825
CHILD index=6 own_instance=1 exit=0 text=46404abc10d87546 role=child prefix_tokens=4081 suffix_tokens=16 model_ms=1216.7 context_ms=65.0 state_ms=217.95 prefix_ms=0.0 suffix_ms=569.6 first_token_ms=2349.2 generation_ms=22667.3 generated=64 generation_tps=2.823
CHILD index=7 own_instance=1 exit=0 text=46404abc10d87546 role=child prefix_tokens=4081 suffix_tokens=16 model_ms=1208.2 context_ms=69.5 state_ms=212.58 prefix_ms=0.0 suffix_ms=541.7 first_token_ms=2319.2 generation_ms=22665.6 generated=64 generation_tps=2.824
MEMORY mem_available_drop_mib=9202
END_CASE failed=0 timed_out=0
END_KVMECH
