BEGIN_KVTREE run=1 paragraphs=320 group_paragraphs=40 context=32768
REFERENCE index=0 own_instance_path=1 text=9e14e9e05c98f3f0
REFERENCE index=1 own_instance_path=0 text=df60c6dfd2bbef82
REFERENCE index=2 own_instance_path=1 text=a4a8a897200a1a72
REFERENCE index=3 own_instance_path=0 text=132bff72234434ae
REFERENCE index=4 own_instance_path=0 text=fcebe86c03ff34d3
REFERENCE index=5 own_instance_path=0 text=8d28223f6de3b123
REFERENCE index=6 own_instance_path=0 text=7a05fb1ed84f6258
REFERENCE index=7 own_instance_path=0 text=32946f2da09152f6
CASE mode=copy groups=2 leaves=4
ROOT exit=0 text=18e44990b9a3ac26 tokens=16321 publish_ms=556.35 state_bytes=936173269 generation_tps=4.266
LEADER group=0 mig=fafc828a exit=0 text=acd613c4a2e08cd5 tokens=17794 context_ms=65.0 load_ms=137.48 publish_ms=600.85 state_bytes=1020664549 generation_tps=4.243
LEADER group=1 mig=31ffbfe4 exit=0 text=1cb5a4c4e389dcfb tokens=17794 context_ms=74.5 load_ms=205.74 publish_ms=612.31 state_bytes=1020664549 generation_tps=3.881
LEAF index=0 group=0 mig=fafc828a exit=0 text=9e14e9e05c98f3f0 context_ms=77.2 load_ms=339.95 decode_ms=401.2 first_token_ms=2337.1 generation_tps=3.855 token_ids=576:1467:16555:279:7525:315:279:28809:323:279:10001:304:2033:311:264:2150:14527:13:576:28809:31995:264:1598:7177:369:1817:17654:323:10797:9079:1948:48094:3118:389:2795:43363:11:1393:279:10001:5574:973:264:4034:11:40587:432:11:323:8837:279:2150:1965:1573:592:29489:279:3383:13:220:16:13:576:1467
LEAF index=1 group=0 mig=31ffbfe4 exit=0 text=df60c6dfd2bbef82 context_ms=83.9 load_ms=442.37 decode_ms=345.1 first_token_ms=2529.7 generation_tps=2.951 token_ids=576:1467:16555:279:7525:315:279:28809:323:279:10001:304:2033:311:264:2150:14527:13:576:28809:31995:264:1598:7177:369:1817:17654:323:10797:9079:1948:48094:3118:389:2795:43363:13:3197:264:2150:14527:13666:11:279:10001:1329:973:279:12731:11:5574:973:264:4034:11:40587:432:11:323:8837:279:2150:1965:1573
LEAF index=2 group=0 mig=fafc828a exit=0 text=a4a8a897200a1a72 context_ms=167.1 load_ms=430.60 decode_ms=514.4 first_token_ms=2963.1 generation_tps=3.895 token_ids=576:1467:16555:279:7525:315:279:28809:323:279:10001:304:2033:311:264:2150:14527:13:576:28809:31995:264:1598:7177:369:1817:17654:323:10797:9079:1948:48094:3118:389:2795:43363:13:3197:264:2150:14527:13666:11:279:10001:1329:973:279:2150:12731:11:5574:973:264:4034:11:40587:432:448:821:11:323:8837:279
LEAF index=3 group=0 mig=31ffbfe4 exit=0 text=a4a8a897200a1a72 context_ms=210.9 load_ms=402.30 decode_ms=561.1 first_token_ms=2964.8 generation_tps=2.972 token_ids=576:1467:16555:279:7525:315:279:28809:323:279:10001:304:2033:311:264:2150:14527:13:576:28809:31995:264:1598:7177:369:1817:17654:323:10797:9079:1948:48094:3118:389:2795:43363:13:3197:264:2150:14527:13666:11:279:10001:1329:973:279:2150:12731:11:5574:973:264:4034:11:40587:432:448:821:11:323:8837:279
LEAF index=4 group=1 mig=31ffbfe4 exit=0 text=6fcd5b33e219e31a context_ms=183.7 load_ms=434.06 decode_ms=591.4 first_token_ms=3016.1 generation_tps=2.978 token_ids=576:1467:34334:279:28809:323:10001:7525:11:7945:21080:389:1246:279:28809:28872:9079:3941:5248:36586:323:1246:264:2150:14527:374:17608:13:3197:264:2150:14527:13666:11:279:10001:1329:973:279:12731:11:5574:973:264:4034:11:40587:432:11:323:8837:279:2150:1965:1573:592:29489:279:3383:13:576:28809:31995:264
LEAF index=5 group=1 mig=fafc828a exit=0 text=e4766354bc4d1795 context_ms=154.6 load_ms=449.66 decode_ms=514.8 first_token_ms=2968.6 generation_tps=3.898 token_ids=576:1467:34334:279:28809:323:10001:7525:11:7945:21080:389:1246:279:28809:28872:9079:3941:5248:36586:323:1246:264:2150:14527:374:17608:13:576:28809:31995:264:1598:7177:369:1817:17654:323:8702:2095:9079:3118:389:2795:43363:13:3197:264:2150:14527:13666:11:279:10001:1329:973:279:8311:4938:12731:11:5574:973:264
LEAF index=6 group=1 mig=31ffbfe4 exit=0 text=7a05fb1ed84f6258 context_ms=196.1 load_ms=396.31 decode_ms=570.9 first_token_ms=2936.5 generation_tps=2.971 token_ids=576:1467:34334:279:28809:323:10001:7525:11:7945:21080:389:1246:279:28809:28872:9079:323:279:10001:13469:2150:56690:13:576:28809:31995:264:1598:7177:369:1817:17654:323:8702:2095:9079:311:8172:279:2795:13:3197:264:2150:14527:13666:11:279:10001:1329:973:279:2150:11:5574:973:264:4034:11:40587:432:11:323
LEAF index=7 group=1 mig=fafc828a exit=0 text=32946f2da09152f6 context_ms=166.4 load_ms=486.90 decode_ms=483.7 first_token_ms=2906.7 generation_tps=3.896 token_ids=576:1467:34334:279:28809:323:10001:7525:11:7945:21080:389:1246:279:28809:28872:9079:323:279:10001:13469:2150:56690:13:576:28809:31995:264:1598:7177:369:1817:17654:323:8702:2095:9079:311:8172:279:2795:13:3197:264:2150:14527:13666:11:279:10001:1329:973:279:2150:12731:11:5574:973:264:4034:11:40587:432:11
MEMORY tree_drop_mib=27953 files_attached_mib=0 files_removed=0 files_end_mib=0
END_CASE failed=0 timed_out=0 wall_ms=51480
CASE mode=flat groups=2 leaves=4
ROOT exit=0 text=18e44990b9a3ac26 tokens=16321 publish_ms=8.94 state_bytes=261845 generation_tps=3.440
LEADER group=0 mig=fafc828a exit=0 text=acd613c4a2e08cd5 tokens=16321 context_ms=34.2 load_ms=7.39 publish_ms= state_bytes= generation_tps=3.684
LEADER group=1 mig=31ffbfe4 exit=0 text=1cb5a4c4e389dcfb tokens=16321 context_ms=33.4 load_ms=7.18 publish_ms= state_bytes= generation_tps=2.563
LEAF index=0 group=0 mig=fafc828a exit=0 text=9e14e9e05c98f3f0 context_ms=38.5 load_ms=7.80 decode_ms=14185.0 first_token_ms=15240.2 generation_tps=4.026 token_ids=576:1467:16555:279:7525:315:279:28809:323:279:10001:304:2033:311:264:2150:14527:13:576:28809:31995:264:1598:7177:369:1817:17654:323:10797:9079:1948:48094:3118:389:2795:43363:11:1393:279:10001:5574:973:264:4034:11:40587:432:11:323:8837:279:2150:1965:1573:592:29489:279:3383:13:220:16:13:576:1467
LEAF index=1 group=0 mig=31ffbfe4 exit=0 text=df60c6dfd2bbef82 context_ms=36.1 load_ms=7.46 decode_ms=20152.2 first_token_ms=21603.6 generation_tps=2.855 token_ids=576:1467:16555:279:7525:315:279:28809:323:279:10001:304:2033:311:264:2150:14527:13:576:28809:31995:264:1598:7177:369:1817:17654:323:10797:9079:1948:48094:3118:389:2795:43363:13:3197:264:2150:14527:13666:11:279:10001:1329:973:279:12731:11:5574:973:264:4034:11:40587:432:11:323:8837:279:2150:1965:1573
LEAF index=2 group=0 mig=fafc828a exit=0 text=a4a8a897200a1a72 context_ms=40.1 load_ms=7.54 decode_ms=14679.6 first_token_ms=16171.0 generation_tps=4.142 token_ids=576:1467:16555:279:7525:315:279:28809:323:279:10001:304:2033:311:264:2150:14527:13:576:28809:31995:264:1598:7177:369:1817:17654:323:10797:9079:1948:48094:3118:389:2795:43363:13:3197:264:2150:14527:13666:11:279:10001:1329:973:279:2150:12731:11:5574:973:264:4034:11:40587:432:448:821:11:323:8837:279
LEAF index=3 group=0 mig=31ffbfe4 exit=0 text=a4a8a897200a1a72 context_ms=39.6 load_ms=7.43 decode_ms=20217.0 first_token_ms=21713.4 generation_tps=2.858 token_ids=576:1467:16555:279:7525:315:279:28809:323:279:10001:304:2033:311:264:2150:14527:13:576:28809:31995:264:1598:7177:369:1817:17654:323:10797:9079:1948:48094:3118:389:2795:43363:13:3197:264:2150:14527:13666:11:279:10001:1329:973:279:2150:12731:11:5574:973:264:4034:11:40587:432:448:821:11:323:8837:279
LEAF index=4 group=1 mig=31ffbfe4 exit=0 text=6fcd5b33e219e31a context_ms=36.7 load_ms=7.45 decode_ms=20223.2 first_token_ms=21703.1 generation_tps=2.856 token_ids=576:1467:34334:279:28809:323:10001:7525:11:7945:21080:389:1246:279:28809:28872:9079:3941:5248:36586:323:1246:264:2150:14527:374:17608:13:3197:264:2150:14527:13666:11:279:10001:1329:973:279:12731:11:5574:973:264:4034:11:40587:432:11:323:8837:279:2150:1965:1573:592:29489:279:3383:13:576:28809:31995:264
LEAF index=5 group=1 mig=fafc828a exit=0 text=8d28223f6de3b123 context_ms=37.5 load_ms=7.50 decode_ms=14724.5 first_token_ms=16257.9 generation_tps=4.159 token_ids=576:1467:34334:279:28809:323:10001:7525:11:7945:21080:389:1246:279:28809:28872:9079:3941:5248:36586:323:1246:264:2150:14527:374:17608:13:576:28809:31995:264:1598:7177:369:1817:17654:323:8702:2095:9079:311:8172:279:2795:13:3197:264:2150:14527:13666:11:279:10001:1329:973:279:2150:11:5574:973:264:4034:11
LEAF index=6 group=1 mig=31ffbfe4 exit=0 text=7a05fb1ed84f6258 context_ms=37.5 load_ms=7.66 decode_ms=20271.0 first_token_ms=21790.6 generation_tps=2.867 token_ids=576:1467:34334:279:28809:323:10001:7525:11:7945:21080:389:1246:279:28809:28872:9079:323:279:10001:13469:2150:56690:13:576:28809:31995:264:1598:7177:369:1817:17654:323:8702:2095:9079:311:8172:279:2795:13:3197:264:2150:14527:13666:11:279:10001:1329:973:279:2150:11:5574:973:264:4034:11:40587:432:11:323
LEAF index=7 group=1 mig=fafc828a exit=0 text=32946f2da09152f6 context_ms=40.0 load_ms=7.47 decode_ms=14788.9 first_token_ms=16315.3 generation_tps=4.172 token_ids=576:1467:34334:279:28809:323:10001:7525:11:7945:21080:389:1246:279:28809:28872:9079:323:279:10001:13469:2150:56690:13:576:28809:31995:264:1598:7177:369:1817:17654:323:8702:2095:9079:311:8172:279:2795:13:3197:264:2150:14527:13666:11:279:10001:1329:973:279:2150:12731:11:5574:973:264:4034:11:40587:432:11
MEMORY tree_drop_mib=9852 files_attached_mib=896 files_removed=1 files_end_mib=0
END_CASE failed=0 timed_out=0 wall_ms=66421
CASE mode=chain groups=2 leaves=4
ROOT exit=0 text=18e44990b9a3ac26 tokens=16321 publish_ms=9.09 state_bytes=261845 generation_tps=4.088
LEADER group=0 mig=fafc828a exit=0 text=acd613c4a2e08cd5 tokens=17794 context_ms=37.0 load_ms=7.45 publish_ms=7.36 state_bytes=285413 generation_tps=4.053
LEADER group=1 mig=31ffbfe4 exit=0 text=1cb5a4c4e389dcfb tokens=17794 context_ms=36.5 load_ms=7.36 publish_ms=5.09 state_bytes=285413 generation_tps=3.558
LEAF index=0 group=0 mig=fafc828a exit=0 text=9e14e9e05c98f3f0 context_ms=40.0 load_ms=8.30 decode_ms=284.5 first_token_ms=1927.6 generation_tps=3.730 token_ids=576:1467:16555:279:7525:315:279:28809:323:279:10001:304:2033:311:264:2150:14527:13:576:28809:31995:264:1598:7177:369:1817:17654:323:10797:9079:1948:48094:3118:389:2795:43363:11:1393:279:10001:5574:973:264:4034:11:40587:432:11:323:8837:279:2150:1965:1573:592:29489:279:3383:13:220:16:13:576:1467
LEAF index=1 group=0 mig=31ffbfe4 exit=0 text=df60c6dfd2bbef82 context_ms=45.8 load_ms=8.38 decode_ms=552.7 first_token_ms=2317.3 generation_tps=2.823 token_ids=576:1467:16555:279:7525:315:279:28809:323:279:10001:304:2033:311:264:2150:14527:13:576:28809:31995:264:1598:7177:369:1817:17654:323:10797:9079:1948:48094:3118:389:2795:43363:13:3197:264:2150:14527:13666:11:279:10001:1329:973:279:12731:11:5574:973:264:4034:11:40587:432:11:323:8837:279:2150:1965:1573
LEAF index=2 group=0 mig=fafc828a exit=0 text=a4a8a897200a1a72 context_ms=43.3 load_ms=8.41 decode_ms=457.6 first_token_ms=2251.4 generation_tps=3.757 token_ids=576:1467:16555:279:7525:315:279:28809:323:279:10001:304:2033:311:264:2150:14527:13:576:28809:31995:264:1598:7177:369:1817:17654:323:10797:9079:1948:48094:3118:389:2795:43363:13:3197:264:2150:14527:13666:11:279:10001:1329:973:279:2150:12731:11:5574:973:264:4034:11:40587:432:448:821:11:323:8837:279
LEAF index=3 group=0 mig=31ffbfe4 exit=0 text=a4a8a897200a1a72 context_ms=44.3 load_ms=8.28 decode_ms=553.0 first_token_ms=2342.3 generation_tps=2.826 token_ids=576:1467:16555:279:7525:315:279:28809:323:279:10001:304:2033:311:264:2150:14527:13:576:28809:31995:264:1598:7177:369:1817:17654:323:10797:9079:1948:48094:3118:389:2795:43363:13:3197:264:2150:14527:13666:11:279:10001:1329:973:279:2150:12731:11:5574:973:264:4034:11:40587:432:448:821:11:323:8837:279
LEAF index=4 group=1 mig=31ffbfe4 exit=0 text=6fcd5b33e219e31a context_ms=45.7 load_ms=8.36 decode_ms=549.7 first_token_ms=2317.7 generation_tps=2.824 token_ids=576:1467:34334:279:28809:323:10001:7525:11:7945:21080:389:1246:279:28809:28872:9079:3941:5248:36586:323:1246:264:2150:14527:374:17608:13:3197:264:2150:14527:13666:11:279:10001:1329:973:279:12731:11:5574:973:264:4034:11:40587:432:11:323:8837:279:2150:1965:1573:592:29489:279:3383:13:576:28809:31995:264
LEAF index=5 group=1 mig=fafc828a exit=0 text=e4766354bc4d1795 context_ms=40.1 load_ms=8.34 decode_ms=493.9 first_token_ms=2341.9 generation_tps=3.768 token_ids=576:1467:34334:279:28809:323:10001:7525:11:7945:21080:389:1246:279:28809:28872:9079:3941:5248:36586:323:1246:264:2150:14527:374:17608:13:576:28809:31995:264:1598:7177:369:1817:17654:323:8702:2095:9079:3118:389:2795:43363:13:3197:264:2150:14527:13666:11:279:10001:1329:973:279:8311:4938:12731:11:5574:973:264
LEAF index=6 group=1 mig=31ffbfe4 exit=0 text=7a05fb1ed84f6258 context_ms=45.7 load_ms=8.16 decode_ms=536.3 first_token_ms=2292.4 generation_tps=2.825 token_ids=576:1467:34334:279:28809:323:10001:7525:11:7945:21080:389:1246:279:28809:28872:9079:323:279:10001:13469:2150:56690:13:576:28809:31995:264:1598:7177:369:1817:17654:323:8702:2095:9079:311:8172:279:2795:13:3197:264:2150:14527:13666:11:279:10001:1329:973:279:2150:11:5574:973:264:4034:11:40587:432:11:323
LEAF index=7 group=1 mig=fafc828a exit=0 text=32946f2da09152f6 context_ms=41.1 load_ms=8.26 decode_ms=460.5 first_token_ms=2279.5 generation_tps=3.759 token_ids=576:1467:34334:279:28809:323:10001:7525:11:7945:21080:389:1246:279:28809:28872:9079:323:279:10001:13469:2150:56690:13:576:28809:31995:264:1598:7177:369:1817:17654:323:8702:2095:9079:311:8172:279:2795:13:3197:264:2150:14527:13666:11:279:10001:1329:973:279:2150:12731:11:5574:973:264:4034:11:40587:432:11
MEMORY tree_drop_mib=9471 files_attached_mib=1344 files_removed=1 files_end_mib=0
END_CASE failed=0 timed_out=0 wall_ms=50763
CASE mode=chain_small groups=2 leaves=4
ROOT exit=0 text=18e44990b9a3ac26 tokens=16321 publish_ms=9.06 state_bytes=261845 generation_tps=4.121
LEADER group=0 mig=fafc828a exit=0 text=acd613c4a2e08cd5 tokens=17794 context_ms=34.2 load_ms=7.32 publish_ms=10.72 state_bytes=285413 generation_tps=4.141
LEADER group=1 mig=31ffbfe4 exit=0 text=1cb5a4c4e389dcfb tokens=17794 context_ms=33.0 load_ms=7.69 publish_ms=10.62 state_bytes=285413 generation_tps=3.730
LEAF index=0 group=0 mig=fafc828a exit=0 text=9e14e9e05c98f3f0 context_ms=51.2 load_ms=8.56 decode_ms=473.6 first_token_ms=2388.4 generation_tps=3.789 token_ids=576:1467:16555:279:7525:315:279:28809:323:279:10001:304:2033:311:264:2150:14527:13:576:28809:31995:264:1598:7177:369:1817:17654:323:10797:9079:1948:48094:3118:389:2795:43363:11:1393:279:10001:5574:973:264:4034:11:40587:432:11:323:8837:279:2150:1965:1573:592:29489:279:3383:13:220:16:13:576:1467
LEAF index=1 group=0 mig=31ffbfe4 exit=0 text=df60c6dfd2bbef82 context_ms=46.9 load_ms=8.55 decode_ms=561.5 first_token_ms=2501.0 generation_tps=2.857 token_ids=576:1467:16555:279:7525:315:279:28809:323:279:10001:304:2033:311:264:2150:14527:13:576:28809:31995:264:1598:7177:369:1817:17654:323:10797:9079:1948:48094:3118:389:2795:43363:13:3197:264:2150:14527:13666:11:279:10001:1329:973:279:12731:11:5574:973:264:4034:11:40587:432:11:323:8837:279:2150:1965:1573
LEAF index=2 group=0 mig=fafc828a exit=0 text=a4a8a897200a1a72 context_ms=41.0 load_ms=8.21 decode_ms=288.2 first_token_ms=2017.8 generation_tps=3.756 token_ids=576:1467:16555:279:7525:315:279:28809:323:279:10001:304:2033:311:264:2150:14527:13:576:28809:31995:264:1598:7177:369:1817:17654:323:10797:9079:1948:48094:3118:389:2795:43363:13:3197:264:2150:14527:13666:11:279:10001:1329:973:279:2150:12731:11:5574:973:264:4034:11:40587:432:448:821:11:323:8837:279
LEAF index=3 group=0 mig=31ffbfe4 exit=0 text=a4a8a897200a1a72 context_ms=47.6 load_ms=8.13 decode_ms=502.5 first_token_ms=2394.6 generation_tps=2.849 token_ids=576:1467:16555:279:7525:315:279:28809:323:279:10001:304:2033:311:264:2150:14527:13:576:28809:31995:264:1598:7177:369:1817:17654:323:10797:9079:1948:48094:3118:389:2795:43363:13:3197:264:2150:14527:13666:11:279:10001:1329:973:279:2150:12731:11:5574:973:264:4034:11:40587:432:448:821:11:323:8837:279
LEAF index=4 group=1 mig=31ffbfe4 exit=0 text=6fcd5b33e219e31a context_ms=54.2 load_ms=8.65 decode_ms=509.6 first_token_ms=2416.9 generation_tps=2.851 token_ids=576:1467:34334:279:28809:323:10001:7525:11:7945:21080:389:1246:279:28809:28872:9079:3941:5248:36586:323:1246:264:2150:14527:374:17608:13:3197:264:2150:14527:13666:11:279:10001:1329:973:279:12731:11:5574:973:264:4034:11:40587:432:11:323:8837:279:2150:1965:1573:592:29489:279:3383:13:576:28809:31995:264
LEAF index=5 group=1 mig=fafc828a exit=0 text=e4766354bc4d1795 context_ms=52.3 load_ms=8.27 decode_ms=486.8 first_token_ms=2395.0 generation_tps=3.783 token_ids=576:1467:34334:279:28809:323:10001:7525:11:7945:21080:389:1246:279:28809:28872:9079:3941:5248:36586:323:1246:264:2150:14527:374:17608:13:576:28809:31995:264:1598:7177:369:1817:17654:323:8702:2095:9079:3118:389:2795:43363:13:3197:264:2150:14527:13666:11:279:10001:1329:973:279:8311:4938:12731:11:5574:973:264
LEAF index=6 group=1 mig=31ffbfe4 exit=0 text=7a05fb1ed84f6258 context_ms=48.5 load_ms=8.39 decode_ms=590.0 first_token_ms=2529.7 generation_tps=2.860 token_ids=576:1467:34334:279:28809:323:10001:7525:11:7945:21080:389:1246:279:28809:28872:9079:323:279:10001:13469:2150:56690:13:576:28809:31995:264:1598:7177:369:1817:17654:323:8702:2095:9079:311:8172:279:2795:13:3197:264:2150:14527:13666:11:279:10001:1329:973:279:2150:11:5574:973:264:4034:11:40587:432:11:323
LEAF index=7 group=1 mig=fafc828a exit=0 text=32946f2da09152f6 context_ms=52.8 load_ms=8.28 decode_ms=485.9 first_token_ms=2390.9 generation_tps=3.784 token_ids=576:1467:34334:279:28809:323:10001:7525:11:7945:21080:389:1246:279:28809:28872:9079:323:279:10001:13469:2150:56690:13:576:28809:31995:264:1598:7177:369:1817:17654:323:8702:2095:9079:311:8172:279:2795:13:3197:264:2150:14527:13666:11:279:10001:1329:973:279:2150:12731:11:5574:973:264:4034:11:40587:432:11
MEMORY tree_drop_mib=9202 files_attached_mib=1071 files_removed=1 files_end_mib=0
END_CASE failed=0 timed_out=0 wall_ms=50802
END_KVTREE
BEGIN_KVTREE run=2 paragraphs=320 group_paragraphs=40 context=32768
REFERENCE index=0 own_instance_path=1 text=9e14e9e05c98f3f0
REFERENCE index=1 own_instance_path=0 text=df60c6dfd2bbef82
REFERENCE index=2 own_instance_path=1 text=a4a8a897200a1a72
REFERENCE index=3 own_instance_path=0 text=132bff72234434ae
REFERENCE index=4 own_instance_path=0 text=fcebe86c03ff34d3
REFERENCE index=5 own_instance_path=0 text=8d28223f6de3b123
REFERENCE index=6 own_instance_path=0 text=7a05fb1ed84f6258
REFERENCE index=7 own_instance_path=0 text=32946f2da09152f6
CASE mode=chain_small groups=2 leaves=4
ROOT exit=0 text=18e44990b9a3ac26 tokens=16321 publish_ms=8.90 state_bytes=261845 generation_tps=4.154
LEADER group=0 mig=fafc828a exit=0 text=acd613c4a2e08cd5 tokens=17794 context_ms=39.6 load_ms=7.57 publish_ms=11.24 state_bytes=285413 generation_tps=4.160
LEADER group=1 mig=31ffbfe4 exit=0 text=1cb5a4c4e389dcfb tokens=17794 context_ms=38.2 load_ms=7.46 publish_ms=11.14 state_bytes=285413 generation_tps=3.691
LEAF index=0 group=0 mig=fafc828a exit=0 text=9e14e9e05c98f3f0 context_ms=49.0 load_ms=8.23 decode_ms=477.3 first_token_ms=2365.2 generation_tps=3.788 token_ids=576:1467:16555:279:7525:315:279:28809:323:279:10001:304:2033:311:264:2150:14527:13:576:28809:31995:264:1598:7177:369:1817:17654:323:10797:9079:1948:48094:3118:389:2795:43363:11:1393:279:10001:5574:973:264:4034:11:40587:432:11:323:8837:279:2150:1965:1573:592:29489:279:3383:13:220:16:13:576:1467
LEAF index=1 group=0 mig=31ffbfe4 exit=0 text=df60c6dfd2bbef82 context_ms=49.8 load_ms=8.31 decode_ms=553.0 first_token_ms=2438.3 generation_tps=2.849 token_ids=576:1467:16555:279:7525:315:279:28809:323:279:10001:304:2033:311:264:2150:14527:13:576:28809:31995:264:1598:7177:369:1817:17654:323:10797:9079:1948:48094:3118:389:2795:43363:13:3197:264:2150:14527:13666:11:279:10001:1329:973:279:12731:11:5574:973:264:4034:11:40587:432:11:323:8837:279:2150:1965:1573
LEAF index=2 group=0 mig=fafc828a exit=0 text=a4a8a897200a1a72 context_ms=41.6 load_ms=8.28 decode_ms=394.0 first_token_ms=2203.6 generation_tps=3.776 token_ids=576:1467:16555:279:7525:315:279:28809:323:279:10001:304:2033:311:264:2150:14527:13:576:28809:31995:264:1598:7177:369:1817:17654:323:10797:9079:1948:48094:3118:389:2795:43363:13:3197:264:2150:14527:13666:11:279:10001:1329:973:279:2150:12731:11:5574:973:264:4034:11:40587:432:448:821:11:323:8837:279
LEAF index=3 group=0 mig=31ffbfe4 exit=0 text=a4a8a897200a1a72 context_ms=53.2 load_ms=8.24 decode_ms=554.3 first_token_ms=2456.6 generation_tps=2.850 token_ids=576:1467:16555:279:7525:315:279:28809:323:279:10001:304:2033:311:264:2150:14527:13:576:28809:31995:264:1598:7177:369:1817:17654:323:10797:9079:1948:48094:3118:389:2795:43363:13:3197:264:2150:14527:13666:11:279:10001:1329:973:279:2150:12731:11:5574:973:264:4034:11:40587:432:448:821:11:323:8837:279
LEAF index=4 group=1 mig=31ffbfe4 exit=0 text=6fcd5b33e219e31a context_ms=46.8 load_ms=8.16 decode_ms=558.9 first_token_ms=2486.1 generation_tps=2.853 token_ids=576:1467:34334:279:28809:323:10001:7525:11:7945:21080:389:1246:279:28809:28872:9079:3941:5248:36586:323:1246:264:2150:14527:374:17608:13:3197:264:2150:14527:13666:11:279:10001:1329:973:279:12731:11:5574:973:264:4034:11:40587:432:11:323:8837:279:2150:1965:1573:592:29489:279:3383:13:576:28809:31995:264
LEAF index=5 group=1 mig=fafc828a exit=0 text=e4766354bc4d1795 context_ms=44.4 load_ms=8.43 decode_ms=436.7 first_token_ms=2310.0 generation_tps=3.782 token_ids=576:1467:34334:279:28809:323:10001:7525:11:7945:21080:389:1246:279:28809:28872:9079:3941:5248:36586:323:1246:264:2150:14527:374:17608:13:576:28809:31995:264:1598:7177:369:1817:17654:323:8702:2095:9079:3118:389:2795:43363:13:3197:264:2150:14527:13666:11:279:10001:1329:973:279:8311:4938:12731:11:5574:973:264
LEAF index=6 group=1 mig=31ffbfe4 exit=0 text=7a05fb1ed84f6258 context_ms=50.7 load_ms=8.16 decode_ms=467.8 first_token_ms=2316.2 generation_tps=2.847 token_ids=576:1467:34334:279:28809:323:10001:7525:11:7945:21080:389:1246:279:28809:28872:9079:323:279:10001:13469:2150:56690:13:576:28809:31995:264:1598:7177:369:1817:17654:323:8702:2095:9079:311:8172:279:2795:13:3197:264:2150:14527:13666:11:279:10001:1329:973:279:2150:11:5574:973:264:4034:11:40587:432:11:323
LEAF index=7 group=1 mig=fafc828a exit=0 text=32946f2da09152f6 context_ms=43.6 load_ms=8.25 decode_ms=480.5 first_token_ms=2413.9 generation_tps=3.795 token_ids=576:1467:34334:279:28809:323:10001:7525:11:7945:21080:389:1246:279:28809:28872:9079:323:279:10001:13469:2150:56690:13:576:28809:31995:264:1598:7177:369:1817:17654:323:8702:2095:9079:311:8172:279:2795:13:3197:264:2150:14527:13666:11:279:10001:1329:973:279:2150:12731:11:5574:973:264:4034:11:40587:432:11
MEMORY tree_drop_mib=9218 files_attached_mib=1071 files_removed=1 files_end_mib=0
END_CASE failed=0 timed_out=0 wall_ms=50742
CASE mode=chain groups=2 leaves=4
ROOT exit=0 text=18e44990b9a3ac26 tokens=16321 publish_ms=8.96 state_bytes=261845 generation_tps=4.148
LEADER group=0 mig=fafc828a exit=0 text=acd613c4a2e08cd5 tokens=17794 context_ms=38.8 load_ms=7.34 publish_ms=5.14 state_bytes=285413 generation_tps=4.097
LEADER group=1 mig=31ffbfe4 exit=0 text=1cb5a4c4e389dcfb tokens=17794 context_ms=38.1 load_ms=7.22 publish_ms=6.60 state_bytes=285413 generation_tps=3.452
LEAF index=0 group=0 mig=fafc828a exit=0 text=9e14e9e05c98f3f0 context_ms=49.0 load_ms=8.40 decode_ms=443.7 first_token_ms=2255.3 generation_tps=3.765 token_ids=576:1467:16555:279:7525:315:279:28809:323:279:10001:304:2033:311:264:2150:14527:13:576:28809:31995:264:1598:7177:369:1817:17654:323:10797:9079:1948:48094:3118:389:2795:43363:11:1393:279:10001:5574:973:264:4034:11:40587:432:11:323:8837:279:2150:1965:1573:592:29489:279:3383:13:220:16:13:576:1467
LEAF index=1 group=0 mig=31ffbfe4 exit=0 text=df60c6dfd2bbef82 context_ms=39.0 load_ms=8.08 decode_ms=272.0 first_token_ms=1843.5 generation_tps=2.805 token_ids=576:1467:16555:279:7525:315:279:28809:323:279:10001:304:2033:311:264:2150:14527:13:576:28809:31995:264:1598:7177:369:1817:17654:323:10797:9079:1948:48094:3118:389:2795:43363:13:3197:264:2150:14527:13666:11:279:10001:1329:973:279:12731:11:5574:973:264:4034:11:40587:432:11:323:8837:279:2150:1965:1573
LEAF index=2 group=0 mig=fafc828a exit=0 text=a4a8a897200a1a72 context_ms=51.3 load_ms=7.97 decode_ms=422.2 first_token_ms=2218.0 generation_tps=3.755 token_ids=576:1467:16555:279:7525:315:279:28809:323:279:10001:304:2033:311:264:2150:14527:13:576:28809:31995:264:1598:7177:369:1817:17654:323:10797:9079:1948:48094:3118:389:2795:43363:13:3197:264:2150:14527:13666:11:279:10001:1329:973:279:2150:12731:11:5574:973:264:4034:11:40587:432:448:821:11:323:8837:279
LEAF index=3 group=0 mig=31ffbfe4 exit=0 text=a4a8a897200a1a72 context_ms=41.8 load_ms=8.29 decode_ms=573.4 first_token_ms=2331.1 generation_tps=2.828 token_ids=576:1467:16555:279:7525:315:279:28809:323:279:10001:304:2033:311:264:2150:14527:13:576:28809:31995:264:1598:7177:369:1817:17654:323:10797:9079:1948:48094:3118:389:2795:43363:13:3197:264:2150:14527:13666:11:279:10001:1329:973:279:2150:12731:11:5574:973:264:4034:11:40587:432:448:821:11:323:8837:279
LEAF index=4 group=1 mig=31ffbfe4 exit=0 text=6fcd5b33e219e31a context_ms=40.4 load_ms=8.35 decode_ms=549.3 first_token_ms=2290.9 generation_tps=2.823 token_ids=576:1467:34334:279:28809:323:10001:7525:11:7945:21080:389:1246:279:28809:28872:9079:3941:5248:36586:323:1246:264:2150:14527:374:17608:13:3197:264:2150:14527:13666:11:279:10001:1329:973:279:12731:11:5574:973:264:4034:11:40587:432:11:323:8837:279:2150:1965:1573:592:29489:279:3383:13:576:28809:31995:264
LEAF index=5 group=1 mig=fafc828a exit=0 text=e4766354bc4d1795 context_ms=47.0 load_ms=8.38 decode_ms=463.2 first_token_ms=2274.4 generation_tps=3.759 token_ids=576:1467:34334:279:28809:323:10001:7525:11:7945:21080:389:1246:279:28809:28872:9079:3941:5248:36586:323:1246:264:2150:14527:374:17608:13:576:28809:31995:264:1598:7177:369:1817:17654:323:8702:2095:9079:3118:389:2795:43363:13:3197:264:2150:14527:13666:11:279:10001:1329:973:279:8311:4938:12731:11:5574:973:264
LEAF index=6 group=1 mig=31ffbfe4 exit=0 text=7a05fb1ed84f6258 context_ms=49.2 load_ms=8.34 decode_ms=553.5 first_token_ms=2340.8 generation_tps=2.827 token_ids=576:1467:34334:279:28809:323:10001:7525:11:7945:21080:389:1246:279:28809:28872:9079:323:279:10001:13469:2150:56690:13:576:28809:31995:264:1598:7177:369:1817:17654:323:8702:2095:9079:311:8172:279:2795:13:3197:264:2150:14527:13666:11:279:10001:1329:973:279:2150:11:5574:973:264:4034:11:40587:432:11:323
LEAF index=7 group=1 mig=fafc828a exit=0 text=32946f2da09152f6 context_ms=41.4 load_ms=8.29 decode_ms=482.5 first_token_ms=2317.5 generation_tps=3.768 token_ids=576:1467:34334:279:28809:323:10001:7525:11:7945:21080:389:1246:279:28809:28872:9079:323:279:10001:13469:2150:56690:13:576:28809:31995:264:1598:7177:369:1817:17654:323:8702:2095:9079:311:8172:279:2795:13:3197:264:2150:14527:13666:11:279:10001:1329:973:279:2150:12731:11:5574:973:264:4034:11:40587:432:11
MEMORY tree_drop_mib=9443 files_attached_mib=1344 files_removed=1 files_end_mib=0
END_CASE failed=0 timed_out=0 wall_ms=50694
CASE mode=flat groups=2 leaves=4
ROOT exit=0 text=18e44990b9a3ac26 tokens=16321 publish_ms=8.75 state_bytes=261845 generation_tps=3.495
LEADER group=0 mig=fafc828a exit=0 text=acd613c4a2e08cd5 tokens=16321 context_ms=33.1 load_ms=7.11 publish_ms= state_bytes= generation_tps=3.648
LEADER group=1 mig=31ffbfe4 exit=0 text=1cb5a4c4e389dcfb tokens=16321 context_ms=34.8 load_ms=7.35 publish_ms= state_bytes= generation_tps=2.562
LEAF index=0 group=0 mig=fafc828a exit=0 text=9e14e9e05c98f3f0 context_ms=35.3 load_ms=7.56 decode_ms=14369.5 first_token_ms=15589.0 generation_tps=4.117 token_ids=576:1467:16555:279:7525:315:279:28809:323:279:10001:304:2033:311:264:2150:14527:13:576:28809:31995:264:1598:7177:369:1817:17654:323:10797:9079:1948:48094:3118:389:2795:43363:11:1393:279:10001:5574:973:264:4034:11:40587:432:11:323:8837:279:2150:1965:1573:592:29489:279:3383:13:220:16:13:576:1467
LEAF index=1 group=0 mig=31ffbfe4 exit=0 text=df60c6dfd2bbef82 context_ms=40.5 load_ms=7.39 decode_ms=20316.0 first_token_ms=21892.5 generation_tps=2.875 token_ids=576:1467:16555:279:7525:315:279:28809:323:279:10001:304:2033:311:264:2150:14527:13:576:28809:31995:264:1598:7177:369:1817:17654:323:10797:9079:1948:48094:3118:389:2795:43363:13:3197:264:2150:14527:13666:11:279:10001:1329:973:279:12731:11:5574:973:264:4034:11:40587:432:11:323:8837:279:2150:1965:1573
LEAF index=2 group=0 mig=fafc828a exit=0 text=a4a8a897200a1a72 context_ms=48.5 load_ms=7.62 decode_ms=14778.9 first_token_ms=16335.2 generation_tps=4.206 token_ids=576:1467:16555:279:7525:315:279:28809:323:279:10001:304:2033:311:264:2150:14527:13:576:28809:31995:264:1598:7177:369:1817:17654:323:10797:9079:1948:48094:3118:389:2795:43363:13:3197:264:2150:14527:13666:11:279:10001:1329:973:279:2150:12731:11:5574:973:264:4034:11:40587:432:448:821:11:323:8837:279
LEAF index=3 group=0 mig=31ffbfe4 exit=0 text=a4a8a897200a1a72 context_ms=35.2 load_ms=7.53 decode_ms=20105.0 first_token_ms=21554.2 generation_tps=2.857 token_ids=576:1467:16555:279:7525:315:279:28809:323:279:10001:304:2033:311:264:2150:14527:13:576:28809:31995:264:1598:7177:369:1817:17654:323:10797:9079:1948:48094:3118:389:2795:43363:13:3197:264:2150:14527:13666:11:279:10001:1329:973:279:2150:12731:11:5574:973:264:4034:11:40587:432:448:821:11:323:8837:279
LEAF index=4 group=1 mig=31ffbfe4 exit=0 text=6fcd5b33e219e31a context_ms=39.3 load_ms=7.69 decode_ms=20262.9 first_token_ms=21776.8 generation_tps=2.864 token_ids=576:1467:34334:279:28809:323:10001:7525:11:7945:21080:389:1246:279:28809:28872:9079:3941:5248:36586:323:1246:264:2150:14527:374:17608:13:3197:264:2150:14527:13666:11:279:10001:1329:973:279:12731:11:5574:973:264:4034:11:40587:432:11:323:8837:279:2150:1965:1573:592:29489:279:3383:13:576:28809:31995:264
LEAF index=5 group=1 mig=fafc828a exit=0 text=8d28223f6de3b123 context_ms=48.6 load_ms=7.36 decode_ms=14752.2 first_token_ms=16292.2 generation_tps=4.195 token_ids=576:1467:34334:279:28809:323:10001:7525:11:7945:21080:389:1246:279:28809:28872:9079:3941:5248:36586:323:1246:264:2150:14527:374:17608:13:576:28809:31995:264:1598:7177:369:1817:17654:323:8702:2095:9079:311:8172:279:2795:13:3197:264:2150:14527:13666:11:279:10001:1329:973:279:2150:11:5574:973:264:4034:11
LEAF index=6 group=1 mig=31ffbfe4 exit=0 text=7a05fb1ed84f6258 context_ms=37.7 load_ms=7.89 decode_ms=20274.6 first_token_ms=21756.0 generation_tps=2.865 token_ids=576:1467:34334:279:28809:323:10001:7525:11:7945:21080:389:1246:279:28809:28872:9079:323:279:10001:13469:2150:56690:13:576:28809:31995:264:1598:7177:369:1817:17654:323:8702:2095:9079:311:8172:279:2795:13:3197:264:2150:14527:13666:11:279:10001:1329:973:279:2150:11:5574:973:264:4034:11:40587:432:11:323
LEAF index=7 group=1 mig=fafc828a exit=0 text=32946f2da09152f6 context_ms=40.3 load_ms=7.32 decode_ms=14773.8 first_token_ms=16322.2 generation_tps=4.209 token_ids=576:1467:34334:279:28809:323:10001:7525:11:7945:21080:389:1246:279:28809:28872:9079:323:279:10001:13469:2150:56690:13:576:28809:31995:264:1598:7177:369:1817:17654:323:8702:2095:9079:311:8172:279:2795:13:3197:264:2150:14527:13666:11:279:10001:1329:973:279:2150:12731:11:5574:973:264:4034:11:40587:432:11
MEMORY tree_drop_mib=9869 files_attached_mib=896 files_removed=1 files_end_mib=0
END_CASE failed=0 timed_out=0 wall_ms=66453
CASE mode=copy groups=2 leaves=4
ROOT exit=0 text=18e44990b9a3ac26 tokens=16321 publish_ms=526.03 state_bytes=936173269 generation_tps=4.227
LEADER group=0 mig=fafc828a exit=0 text=acd613c4a2e08cd5 tokens=17794 context_ms=73.8 load_ms=141.22 publish_ms=572.95 state_bytes=1020664549 generation_tps=4.237
LEADER group=1 mig=31ffbfe4 exit=0 text=1cb5a4c4e389dcfb tokens=17794 context_ms=59.0 load_ms=206.56 publish_ms=595.74 state_bytes=1020664549 generation_tps=4.054
LEAF index=0 group=0 mig=fafc828a exit=0 text=9e14e9e05c98f3f0 context_ms=82.7 load_ms=365.65 decode_ms=364.2 first_token_ms=2325.9 generation_tps=3.841 token_ids=576:1467:16555:279:7525:315:279:28809:323:279:10001:304:2033:311:264:2150:14527:13:576:28809:31995:264:1598:7177:369:1817:17654:323:10797:9079:1948:48094:3118:389:2795:43363:11:1393:279:10001:5574:973:264:4034:11:40587:432:11:323:8837:279:2150:1965:1573:592:29489:279:3383:13:220:16:13:576:1467
LEAF index=1 group=0 mig=31ffbfe4 exit=0 text=df60c6dfd2bbef82 context_ms=148.5 load_ms=488.27 decode_ms=547.1 first_token_ms=3002.1 generation_tps=2.984 token_ids=576:1467:16555:279:7525:315:279:28809:323:279:10001:304:2033:311:264:2150:14527:13:576:28809:31995:264:1598:7177:369:1817:17654:323:10797:9079:1948:48094:3118:389:2795:43363:13:3197:264:2150:14527:13666:11:279:10001:1329:973:279:12731:11:5574:973:264:4034:11:40587:432:11:323:8837:279:2150:1965:1573
LEAF index=2 group=0 mig=fafc828a exit=0 text=a4a8a897200a1a72 context_ms=202.1 load_ms=490.43 decode_ms=511.9 first_token_ms=2968.2 generation_tps=3.900 token_ids=576:1467:16555:279:7525:315:279:28809:323:279:10001:304:2033:311:264:2150:14527:13:576:28809:31995:264:1598:7177:369:1817:17654:323:10797:9079:1948:48094:3118:389:2795:43363:13:3197:264:2150:14527:13666:11:279:10001:1329:973:279:2150:12731:11:5574:973:264:4034:11:40587:432:448:821:11:323:8837:279
LEAF index=3 group=0 mig=31ffbfe4 exit=0 text=a4a8a897200a1a72 context_ms=162.6 load_ms=499.98 decode_ms=538.3 first_token_ms=2985.4 generation_tps=2.986 token_ids=576:1467:16555:279:7525:315:279:28809:323:279:10001:304:2033:311:264:2150:14527:13:576:28809:31995:264:1598:7177:369:1817:17654:323:10797:9079:1948:48094:3118:389:2795:43363:13:3197:264:2150:14527:13666:11:279:10001:1329:973:279:2150:12731:11:5574:973:264:4034:11:40587:432:448:821:11:323:8837:279
LEAF index=4 group=1 mig=31ffbfe4 exit=0 text=6fcd5b33e219e31a context_ms=168.7 load_ms=450.92 decode_ms=577.6 first_token_ms=3036.2 generation_tps=2.985 token_ids=576:1467:34334:279:28809:323:10001:7525:11:7945:21080:389:1246:279:28809:28872:9079:3941:5248:36586:323:1246:264:2150:14527:374:17608:13:3197:264:2150:14527:13666:11:279:10001:1329:973:279:12731:11:5574:973:264:4034:11:40587:432:11:323:8837:279:2150:1965:1573:592:29489:279:3383:13:576:28809:31995:264
LEAF index=5 group=1 mig=fafc828a exit=0 text=e4766354bc4d1795 context_ms=156.2 load_ms=503.62 decode_ms=506.0 first_token_ms=2974.3 generation_tps=3.899 token_ids=576:1467:34334:279:28809:323:10001:7525:11:7945:21080:389:1246:279:28809:28872:9079:3941:5248:36586:323:1246:264:2150:14527:374:17608:13:576:28809:31995:264:1598:7177:369:1817:17654:323:8702:2095:9079:3118:389:2795:43363:13:3197:264:2150:14527:13666:11:279:10001:1329:973:279:8311:4938:12731:11:5574:973:264
LEAF index=6 group=1 mig=31ffbfe4 exit=0 text=7a05fb1ed84f6258 context_ms=168.0 load_ms=536.57 decode_ms=568.7 first_token_ms=3024.7 generation_tps=2.984 token_ids=576:1467:34334:279:28809:323:10001:7525:11:7945:21080:389:1246:279:28809:28872:9079:323:279:10001:13469:2150:56690:13:576:28809:31995:264:1598:7177:369:1817:17654:323:8702:2095:9079:311:8172:279:2795:13:3197:264:2150:14527:13666:11:279:10001:1329:973:279:2150:11:5574:973:264:4034:11:40587:432:11:323
LEAF index=7 group=1 mig=fafc828a exit=0 text=32946f2da09152f6 context_ms=192.5 load_ms=415.94 decode_ms=417.8 first_token_ms=2735.8 generation_tps=3.865 token_ids=576:1467:34334:279:28809:323:10001:7525:11:7945:21080:389:1246:279:28809:28872:9079:323:279:10001:13469:2150:56690:13:576:28809:31995:264:1598:7177:369:1817:17654:323:8702:2095:9079:311:8172:279:2795:13:3197:264:2150:14527:13666:11:279:10001:1329:973:279:2150:12731:11:5574:973:264:4034:11:40587:432:11
MEMORY tree_drop_mib=27956 files_attached_mib=0 files_removed=0 files_end_mib=0
END_CASE failed=0 timed_out=0 wall_ms=51362
END_KVTREE
BEGIN_KVTREE run=3 paragraphs=320 group_paragraphs=40 context=32768
REFERENCE index=0 own_instance_path=1 text=9e14e9e05c98f3f0
REFERENCE index=1 own_instance_path=0 text=df60c6dfd2bbef82
REFERENCE index=2 own_instance_path=1 text=a4a8a897200a1a72
REFERENCE index=3 own_instance_path=0 text=132bff72234434ae
REFERENCE index=4 own_instance_path=0 text=fcebe86c03ff34d3
REFERENCE index=5 own_instance_path=0 text=8d28223f6de3b123
REFERENCE index=6 own_instance_path=0 text=7a05fb1ed84f6258
REFERENCE index=7 own_instance_path=0 text=32946f2da09152f6
CASE mode=copy groups=2 leaves=4
ROOT exit=0 text=18e44990b9a3ac26 tokens=16321 publish_ms=538.10 state_bytes=936173269 generation_tps=4.314
LEADER group=0 mig=fafc828a exit=0 text=acd613c4a2e08cd5 tokens=17794 context_ms=58.9 load_ms=200.98 publish_ms=627.77 state_bytes=1020664549 generation_tps=4.262
LEADER group=1 mig=31ffbfe4 exit=0 text=1cb5a4c4e389dcfb tokens=17794 context_ms=62.3 load_ms=147.23 publish_ms=614.31 state_bytes=1020664549 generation_tps=4.110
LEAF index=0 group=0 mig=fafc828a exit=0 text=9e14e9e05c98f3f0 context_ms=189.8 load_ms=383.21 decode_ms=406.9 first_token_ms=2708.1 generation_tps=3.866 token_ids=576:1467:16555:279:7525:315:279:28809:323:279:10001:304:2033:311:264:2150:14527:13:576:28809:31995:264:1598:7177:369:1817:17654:323:10797:9079:1948:48094:3118:389:2795:43363:11:1393:279:10001:5574:973:264:4034:11:40587:432:11:323:8837:279:2150:1965:1573:592:29489:279:3383:13:220:16:13:576:1467
LEAF index=1 group=0 mig=31ffbfe4 exit=0 text=df60c6dfd2bbef82 context_ms=151.4 load_ms=473.67 decode_ms=526.5 first_token_ms=3005.8 generation_tps=2.992 token_ids=576:1467:16555:279:7525:315:279:28809:323:279:10001:304:2033:311:264:2150:14527:13:576:28809:31995:264:1598:7177:369:1817:17654:323:10797:9079:1948:48094:3118:389:2795:43363:13:3197:264:2150:14527:13666:11:279:10001:1329:973:279:12731:11:5574:973:264:4034:11:40587:432:11:323:8837:279:2150:1965:1573
LEAF index=2 group=0 mig=fafc828a exit=0 text=a4a8a897200a1a72 context_ms=169.2 load_ms=460.93 decode_ms=506.4 first_token_ms=2987.5 generation_tps=3.903 token_ids=576:1467:16555:279:7525:315:279:28809:323:279:10001:304:2033:311:264:2150:14527:13:576:28809:31995:264:1598:7177:369:1817:17654:323:10797:9079:1948:48094:3118:389:2795:43363:13:3197:264:2150:14527:13666:11:279:10001:1329:973:279:2150:12731:11:5574:973:264:4034:11:40587:432:448:821:11:323:8837:279
LEAF index=3 group=0 mig=31ffbfe4 exit=0 text=a4a8a897200a1a72 context_ms=174.9 load_ms=514.92 decode_ms=515.9 first_token_ms=2991.3 generation_tps=2.992 token_ids=576:1467:16555:279:7525:315:279:28809:323:279:10001:304:2033:311:264:2150:14527:13:576:28809:31995:264:1598:7177:369:1817:17654:323:10797:9079:1948:48094:3118:389:2795:43363:13:3197:264:2150:14527:13666:11:279:10001:1329:973:279:2150:12731:11:5574:973:264:4034:11:40587:432:448:821:11:323:8837:279
LEAF index=4 group=1 mig=31ffbfe4 exit=0 text=6fcd5b33e219e31a context_ms=181.7 load_ms=517.52 decode_ms=588.5 first_token_ms=3118.8 generation_tps=2.998 token_ids=576:1467:34334:279:28809:323:10001:7525:11:7945:21080:389:1246:279:28809:28872:9079:3941:5248:36586:323:1246:264:2150:14527:374:17608:13:3197:264:2150:14527:13666:11:279:10001:1329:973:279:12731:11:5574:973:264:4034:11:40587:432:11:323:8837:279:2150:1965:1573:592:29489:279:3383:13:576:28809:31995:264
LEAF index=5 group=1 mig=fafc828a exit=0 text=e4766354bc4d1795 context_ms=93.1 load_ms=388.38 decode_ms=363.0 first_token_ms=2554.8 generation_tps=3.850 token_ids=576:1467:34334:279:28809:323:10001:7525:11:7945:21080:389:1246:279:28809:28872:9079:3941:5248:36586:323:1246:264:2150:14527:374:17608:13:576:28809:31995:264:1598:7177:369:1817:17654:323:8702:2095:9079:3118:389:2795:43363:13:3197:264:2150:14527:13666:11:279:10001:1329:973:279:8311:4938:12731:11:5574:973:264
LEAF index=6 group=1 mig=31ffbfe4 exit=0 text=7a05fb1ed84f6258 context_ms=183.4 load_ms=526.68 decode_ms=597.9 first_token_ms=3124.6 generation_tps=2.999 token_ids=576:1467:34334:279:28809:323:10001:7525:11:7945:21080:389:1246:279:28809:28872:9079:323:279:10001:13469:2150:56690:13:576:28809:31995:264:1598:7177:369:1817:17654:323:8702:2095:9079:311:8172:279:2795:13:3197:264:2150:14527:13666:11:279:10001:1329:973:279:2150:11:5574:973:264:4034:11:40587:432:11:323
LEAF index=7 group=1 mig=fafc828a exit=0 text=32946f2da09152f6 context_ms=155.2 load_ms=506.72 decode_ms=493.4 first_token_ms=3018.2 generation_tps=3.910 token_ids=576:1467:34334:279:28809:323:10001:7525:11:7945:21080:389:1246:279:28809:28872:9079:323:279:10001:13469:2150:56690:13:576:28809:31995:264:1598:7177:369:1817:17654:323:8702:2095:9079:311:8172:279:2795:13:3197:264:2150:14527:13666:11:279:10001:1329:973:279:2150:12731:11:5574:973:264:4034:11:40587:432:11
MEMORY tree_drop_mib=27952 files_attached_mib=0 files_removed=0 files_end_mib=0
END_CASE failed=0 timed_out=0 wall_ms=51171
CASE mode=flat groups=2 leaves=4
ROOT exit=0 text=18e44990b9a3ac26 tokens=16321 publish_ms=8.90 state_bytes=261845 generation_tps=3.459
LEADER group=0 mig=fafc828a exit=0 text=acd613c4a2e08cd5 tokens=16321 context_ms=33.2 load_ms=7.39 publish_ms= state_bytes= generation_tps=3.655
LEADER group=1 mig=31ffbfe4 exit=0 text=1cb5a4c4e389dcfb tokens=16321 context_ms=33.9 load_ms=7.40 publish_ms= state_bytes= generation_tps=2.563
LEAF index=0 group=0 mig=fafc828a exit=0 text=9e14e9e05c98f3f0 context_ms=36.6 load_ms=7.27 decode_ms=14261.9 first_token_ms=15334.7 generation_tps=4.032 token_ids=576:1467:16555:279:7525:315:279:28809:323:279:10001:304:2033:311:264:2150:14527:13:576:28809:31995:264:1598:7177:369:1817:17654:323:10797:9079:1948:48094:3118:389:2795:43363:11:1393:279:10001:5574:973:264:4034:11:40587:432:11:323:8837:279:2150:1965:1573:592:29489:279:3383:13:220:16:13:576:1467
LEAF index=1 group=0 mig=31ffbfe4 exit=0 text=df60c6dfd2bbef82 context_ms=40.4 load_ms=7.48 decode_ms=20193.0 first_token_ms=21617.3 generation_tps=2.853 token_ids=576:1467:16555:279:7525:315:279:28809:323:279:10001:304:2033:311:264:2150:14527:13:576:28809:31995:264:1598:7177:369:1817:17654:323:10797:9079:1948:48094:3118:389:2795:43363:13:3197:264:2150:14527:13666:11:279:10001:1329:973:279:12731:11:5574:973:264:4034:11:40587:432:11:323:8837:279:2150:1965:1573
LEAF index=2 group=0 mig=fafc828a exit=0 text=a4a8a897200a1a72 context_ms=42.7 load_ms=7.45 decode_ms=14686.7 first_token_ms=16193.2 generation_tps=4.148 token_ids=576:1467:16555:279:7525:315:279:28809:323:279:10001:304:2033:311:264:2150:14527:13:576:28809:31995:264:1598:7177:369:1817:17654:323:10797:9079:1948:48094:3118:389:2795:43363:13:3197:264:2150:14527:13666:11:279:10001:1329:973:279:2150:12731:11:5574:973:264:4034:11:40587:432:448:821:11:323:8837:279
LEAF index=3 group=0 mig=31ffbfe4 exit=0 text=a4a8a897200a1a72 context_ms=41.0 load_ms=7.24 decode_ms=20184.0 first_token_ms=21595.3 generation_tps=2.849 token_ids=576:1467:16555:279:7525:315:279:28809:323:279:10001:304:2033:311:264:2150:14527:13:576:28809:31995:264:1598:7177:369:1817:17654:323:10797:9079:1948:48094:3118:389:2795:43363:13:3197:264:2150:14527:13666:11:279:10001:1329:973:279:2150:12731:11:5574:973:264:4034:11:40587:432:448:821:11:323:8837:279
LEAF index=4 group=1 mig=31ffbfe4 exit=0 text=6fcd5b33e219e31a context_ms=42.3 load_ms=7.62 decode_ms=20278.2 first_token_ms=21768.6 generation_tps=2.863 token_ids=576:1467:34334:279:28809:323:10001:7525:11:7945:21080:389:1246:279:28809:28872:9079:3941:5248:36586:323:1246:264:2150:14527:374:17608:13:3197:264:2150:14527:13666:11:279:10001:1329:973:279:12731:11:5574:973:264:4034:11:40587:432:11:323:8837:279:2150:1965:1573:592:29489:279:3383:13:576:28809:31995:264
LEAF index=5 group=1 mig=fafc828a exit=0 text=8d28223f6de3b123 context_ms=38.3 load_ms=7.50 decode_ms=14712.7 first_token_ms=16223.2 generation_tps=4.163 token_ids=576:1467:34334:279:28809:323:10001:7525:11:7945:21080:389:1246:279:28809:28872:9079:3941:5248:36586:323:1246:264:2150:14527:374:17608:13:576:28809:31995:264:1598:7177:369:1817:17654:323:8702:2095:9079:311:8172:279:2795:13:3197:264:2150:14527:13666:11:279:10001:1329:973:279:2150:11:5574:973:264:4034:11
LEAF index=6 group=1 mig=31ffbfe4 exit=0 text=7a05fb1ed84f6258 context_ms=45.5 load_ms=7.63 decode_ms=20241.9 first_token_ms=21761.3 generation_tps=2.862 token_ids=576:1467:34334:279:28809:323:10001:7525:11:7945:21080:389:1246:279:28809:28872:9079:323:279:10001:13469:2150:56690:13:576:28809:31995:264:1598:7177:369:1817:17654:323:8702:2095:9079:311:8172:279:2795:13:3197:264:2150:14527:13666:11:279:10001:1329:973:279:2150:11:5574:973:264:4034:11:40587:432:11:323
LEAF index=7 group=1 mig=fafc828a exit=0 text=32946f2da09152f6 context_ms=42.4 load_ms=7.31 decode_ms=14725.7 first_token_ms=16231.1 generation_tps=4.162 token_ids=576:1467:34334:279:28809:323:10001:7525:11:7945:21080:389:1246:279:28809:28872:9079:323:279:10001:13469:2150:56690:13:576:28809:31995:264:1598:7177:369:1817:17654:323:8702:2095:9079:311:8172:279:2795:13:3197:264:2150:14527:13666:11:279:10001:1329:973:279:2150:12731:11:5574:973:264:4034:11:40587:432:11
MEMORY tree_drop_mib=9806 files_attached_mib=896 files_removed=1 files_end_mib=0
END_CASE failed=0 timed_out=0 wall_ms=66370
CASE mode=chain groups=2 leaves=4
ROOT exit=0 text=18e44990b9a3ac26 tokens=16321 publish_ms=8.96 state_bytes=261845 generation_tps=4.063
LEADER group=0 mig=fafc828a exit=0 text=acd613c4a2e08cd5 tokens=17794 context_ms=35.5 load_ms=7.53 publish_ms=6.85 state_bytes=285413 generation_tps=4.027
LEADER group=1 mig=31ffbfe4 exit=0 text=1cb5a4c4e389dcfb tokens=17794 context_ms=34.9 load_ms=7.34 publish_ms=6.76 state_bytes=285413 generation_tps=3.525
LEAF index=0 group=0 mig=fafc828a exit=0 text=9e14e9e05c98f3f0 context_ms=38.8 load_ms=8.30 decode_ms=275.3 first_token_ms=1837.6 generation_tps=3.724 token_ids=576:1467:16555:279:7525:315:279:28809:323:279:10001:304:2033:311:264:2150:14527:13:576:28809:31995:264:1598:7177:369:1817:17654:323:10797:9079:1948:48094:3118:389:2795:43363:11:1393:279:10001:5574:973:264:4034:11:40587:432:11:323:8837:279:2150:1965:1573:592:29489:279:3383:13:220:16:13:576:1467
LEAF index=1 group=0 mig=31ffbfe4 exit=0 text=df60c6dfd2bbef82 context_ms=39.3 load_ms=8.39 decode_ms=347.2 first_token_ms=2027.3 generation_tps=2.815 token_ids=576:1467:16555:279:7525:315:279:28809:323:279:10001:304:2033:311:264:2150:14527:13:576:28809:31995:264:1598:7177:369:1817:17654:323:10797:9079:1948:48094:3118:389:2795:43363:13:3197:264:2150:14527:13666:11:279:10001:1329:973:279:12731:11:5574:973:264:4034:11:40587:432:11:323:8837:279:2150:1965:1573
LEAF index=2 group=0 mig=fafc828a exit=0 text=a4a8a897200a1a72 context_ms=45.1 load_ms=8.18 decode_ms=450.4 first_token_ms=2244.3 generation_tps=3.752 token_ids=576:1467:16555:279:7525:315:279:28809:323:279:10001:304:2033:311:264:2150:14527:13:576:28809:31995:264:1598:7177:369:1817:17654:323:10797:9079:1948:48094:3118:389:2795:43363:13:3197:264:2150:14527:13666:11:279:10001:1329:973:279:2150:12731:11:5574:973:264:4034:11:40587:432:448:821:11:323:8837:279
LEAF index=3 group=0 mig=31ffbfe4 exit=0 text=a4a8a897200a1a72 context_ms=40.3 load_ms=8.29 decode_ms=523.5 first_token_ms=2283.4 generation_tps=2.827 token_ids=576:1467:16555:279:7525:315:279:28809:323:279:10001:304:2033:311:264:2150:14527:13:576:28809:31995:264:1598:7177:369:1817:17654:323:10797:9079:1948:48094:3118:389:2795:43363:13:3197:264:2150:14527:13666:11:279:10001:1329:973:279:2150:12731:11:5574:973:264:4034:11:40587:432:448:821:11:323:8837:279
LEAF index=4 group=1 mig=31ffbfe4 exit=0 text=6fcd5b33e219e31a context_ms=39.3 load_ms=8.55 decode_ms=557.1 first_token_ms=2364.4 generation_tps=2.834 token_ids=576:1467:34334:279:28809:323:10001:7525:11:7945:21080:389:1246:279:28809:28872:9079:3941:5248:36586:323:1246:264:2150:14527:374:17608:13:3197:264:2150:14527:13666:11:279:10001:1329:973:279:12731:11:5574:973:264:4034:11:40587:432:11:323:8837:279:2150:1965:1573:592:29489:279:3383:13:576:28809:31995:264
LEAF index=5 group=1 mig=fafc828a exit=0 text=e4766354bc4d1795 context_ms=44.5 load_ms=8.24 decode_ms=474.7 first_token_ms=2255.3 generation_tps=3.753 token_ids=576:1467:34334:279:28809:323:10001:7525:11:7945:21080:389:1246:279:28809:28872:9079:3941:5248:36586:323:1246:264:2150:14527:374:17608:13:576:28809:31995:264:1598:7177:369:1817:17654:323:8702:2095:9079:3118:389:2795:43363:13:3197:264:2150:14527:13666:11:279:10001:1329:973:279:8311:4938:12731:11:5574:973:264
LEAF index=6 group=1 mig=31ffbfe4 exit=0 text=7a05fb1ed84f6258 context_ms=41.2 load_ms=8.61 decode_ms=604.7 first_token_ms=2436.4 generation_tps=2.841 token_ids=576:1467:34334:279:28809:323:10001:7525:11:7945:21080:389:1246:279:28809:28872:9079:323:279:10001:13469:2150:56690:13:576:28809:31995:264:1598:7177:369:1817:17654:323:8702:2095:9079:311:8172:279:2795:13:3197:264:2150:14527:13666:11:279:10001:1329:973:279:2150:11:5574:973:264:4034:11:40587:432:11:323
LEAF index=7 group=1 mig=fafc828a exit=0 text=32946f2da09152f6 context_ms=41.2 load_ms=8.44 decode_ms=507.1 first_token_ms=2355.7 generation_tps=3.773 token_ids=576:1467:34334:279:28809:323:10001:7525:11:7945:21080:389:1246:279:28809:28872:9079:323:279:10001:13469:2150:56690:13:576:28809:31995:264:1598:7177:369:1817:17654:323:8702:2095:9079:311:8172:279:2795:13:3197:264:2150:14527:13666:11:279:10001:1329:973:279:2150:12731:11:5574:973:264:4034:11:40587:432:11
MEMORY tree_drop_mib=9485 files_attached_mib=1344 files_removed=1 files_end_mib=0
END_CASE failed=0 timed_out=0 wall_ms=50838
CASE mode=chain_small groups=2 leaves=4
ROOT exit=0 text=18e44990b9a3ac26 tokens=16321 publish_ms=8.85 state_bytes=261845 generation_tps=4.160
LEADER group=0 mig=fafc828a exit=0 text=acd613c4a2e08cd5 tokens=17794 context_ms=40.4 load_ms=7.20 publish_ms=11.21 state_bytes=285413 generation_tps=4.177
LEADER group=1 mig=31ffbfe4 exit=0 text=1cb5a4c4e389dcfb tokens=17794 context_ms=39.4 load_ms=7.19 publish_ms=10.93 state_bytes=285413 generation_tps=3.742
LEAF index=0 group=0 mig=fafc828a exit=0 text=9e14e9e05c98f3f0 context_ms=42.5 load_ms=8.68 decode_ms=377.6 first_token_ms=2212.1 generation_tps=3.779 token_ids=576:1467:16555:279:7525:315:279:28809:323:279:10001:304:2033:311:264:2150:14527:13:576:28809:31995:264:1598:7177:369:1817:17654:323:10797:9079:1948:48094:3118:389:2795:43363:11:1393:279:10001:5574:973:264:4034:11:40587:432:11:323:8837:279:2150:1965:1573:592:29489:279:3383:13:220:16:13:576:1467
LEAF index=1 group=0 mig=31ffbfe4 exit=0 text=df60c6dfd2bbef82 context_ms=46.5 load_ms=8.32 decode_ms=612.8 first_token_ms=2574.2 generation_tps=2.864 token_ids=576:1467:16555:279:7525:315:279:28809:323:279:10001:304:2033:311:264:2150:14527:13:576:28809:31995:264:1598:7177:369:1817:17654:323:10797:9079:1948:48094:3118:389:2795:43363:13:3197:264:2150:14527:13666:11:279:10001:1329:973:279:12731:11:5574:973:264:4034:11:40587:432:11:323:8837:279:2150:1965:1573
LEAF index=2 group=0 mig=fafc828a exit=0 text=a4a8a897200a1a72 context_ms=57.3 load_ms=8.14 decode_ms=492.5 first_token_ms=2420.5 generation_tps=3.791 token_ids=576:1467:16555:279:7525:315:279:28809:323:279:10001:304:2033:311:264:2150:14527:13:576:28809:31995:264:1598:7177:369:1817:17654:323:10797:9079:1948:48094:3118:389:2795:43363:13:3197:264:2150:14527:13666:11:279:10001:1329:973:279:2150:12731:11:5574:973:264:4034:11:40587:432:448:821:11:323:8837:279
LEAF index=3 group=0 mig=31ffbfe4 exit=0 text=a4a8a897200a1a72 context_ms=52.8 load_ms=8.09 decode_ms=491.9 first_token_ms=2394.7 generation_tps=2.850 token_ids=576:1467:16555:279:7525:315:279:28809:323:279:10001:304:2033:311:264:2150:14527:13:576:28809:31995:264:1598:7177:369:1817:17654:323:10797:9079:1948:48094:3118:389:2795:43363:13:3197:264:2150:14527:13666:11:279:10001:1329:973:279:2150:12731:11:5574:973:264:4034:11:40587:432:448:821:11:323:8837:279
LEAF index=4 group=1 mig=31ffbfe4 exit=0 text=6fcd5b33e219e31a context_ms=49.6 load_ms=8.40 decode_ms=603.6 first_token_ms=2557.5 generation_tps=2.862 token_ids=576:1467:34334:279:28809:323:10001:7525:11:7945:21080:389:1246:279:28809:28872:9079:3941:5248:36586:323:1246:264:2150:14527:374:17608:13:3197:264:2150:14527:13666:11:279:10001:1329:973:279:12731:11:5574:973:264:4034:11:40587:432:11:323:8837:279:2150:1965:1573:592:29489:279:3383:13:576:28809:31995:264
LEAF index=5 group=1 mig=fafc828a exit=0 text=e4766354bc4d1795 context_ms=62.2 load_ms=8.72 decode_ms=478.2 first_token_ms=2401.0 generation_tps=3.792 token_ids=576:1467:34334:279:28809:323:10001:7525:11:7945:21080:389:1246:279:28809:28872:9079:3941:5248:36586:323:1246:264:2150:14527:374:17608:13:576:28809:31995:264:1598:7177:369:1817:17654:323:8702:2095:9079:3118:389:2795:43363:13:3197:264:2150:14527:13666:11:279:10001:1329:973:279:8311:4938:12731:11:5574:973:264
LEAF index=6 group=1 mig=31ffbfe4 exit=0 text=7a05fb1ed84f6258 context_ms=48.9 load_ms=8.65 decode_ms=472.3 first_token_ms=2366.4 generation_tps=2.853 token_ids=576:1467:34334:279:28809:323:10001:7525:11:7945:21080:389:1246:279:28809:28872:9079:323:279:10001:13469:2150:56690:13:576:28809:31995:264:1598:7177:369:1817:17654:323:8702:2095:9079:311:8172:279:2795:13:3197:264:2150:14527:13666:11:279:10001:1329:973:279:2150:11:5574:973:264:4034:11:40587:432:11:323
LEAF index=7 group=1 mig=fafc828a exit=0 text=32946f2da09152f6 context_ms=48.2 load_ms=8.21 decode_ms=471.1 first_token_ms=2363.5 generation_tps=3.784 token_ids=576:1467:34334:279:28809:323:10001:7525:11:7945:21080:389:1246:279:28809:28872:9079:323:279:10001:13469:2150:56690:13:576:28809:31995:264:1598:7177:369:1817:17654:323:8702:2095:9079:311:8172:279:2795:13:3197:264:2150:14527:13666:11:279:10001:1329:973:279:2150:12731:11:5574:973:264:4034:11:40587:432:11
MEMORY tree_drop_mib=9190 files_attached_mib=1071 files_removed=1 files_end_mib=0
END_CASE failed=0 timed_out=0 wall_ms=50731
END_KVTREE
BEGIN_KVTREE run=4 paragraphs=320 group_paragraphs=40 context=32768
REFERENCE index=0 own_instance_path=1 text=9e14e9e05c98f3f0
REFERENCE index=1 own_instance_path=0 text=df60c6dfd2bbef82
REFERENCE index=2 own_instance_path=1 text=a4a8a897200a1a72
REFERENCE index=3 own_instance_path=0 text=132bff72234434ae
REFERENCE index=4 own_instance_path=0 text=fcebe86c03ff34d3
REFERENCE index=5 own_instance_path=0 text=8d28223f6de3b123
REFERENCE index=6 own_instance_path=0 text=7a05fb1ed84f6258
REFERENCE index=7 own_instance_path=0 text=32946f2da09152f6
CASE mode=chain_small groups=2 leaves=4
ROOT exit=0 text=18e44990b9a3ac26 tokens=16321 publish_ms=8.83 state_bytes=261845 generation_tps=4.061
LEADER group=0 mig=fafc828a exit=0 text=acd613c4a2e08cd5 tokens=17794 context_ms=32.8 load_ms=7.28 publish_ms=11.34 state_bytes=285413 generation_tps=4.092
LEADER group=1 mig=31ffbfe4 exit=0 text=1cb5a4c4e389dcfb tokens=17794 context_ms=34.5 load_ms=7.71 publish_ms=11.11 state_bytes=285413 generation_tps=3.666
LEAF index=0 group=0 mig=fafc828a exit=0 text=9e14e9e05c98f3f0 context_ms=42.5 load_ms=8.41 decode_ms=293.1 first_token_ms=1802.1 generation_tps=3.744 token_ids=576:1467:16555:279:7525:315:279:28809:323:279:10001:304:2033:311:264:2150:14527:13:576:28809:31995:264:1598:7177:369:1817:17654:323:10797:9079:1948:48094:3118:389:2795:43363:11:1393:279:10001:5574:973:264:4034:11:40587:432:11:323:8837:279:2150:1965:1573:592:29489:279:3383:13:220:16:13:576:1467
LEAF index=1 group=0 mig=31ffbfe4 exit=0 text=df60c6dfd2bbef82 context_ms=50.0 load_ms=8.14 decode_ms=569.8 first_token_ms=2457.9 generation_tps=2.848 token_ids=576:1467:16555:279:7525:315:279:28809:323:279:10001:304:2033:311:264:2150:14527:13:576:28809:31995:264:1598:7177:369:1817:17654:323:10797:9079:1948:48094:3118:389:2795:43363:13:3197:264:2150:14527:13666:11:279:10001:1329:973:279:12731:11:5574:973:264:4034:11:40587:432:11:323:8837:279:2150:1965:1573
LEAF index=2 group=0 mig=fafc828a exit=0 text=a4a8a897200a1a72 context_ms=63.7 load_ms=8.30 decode_ms=492.6 first_token_ms=2359.4 generation_tps=3.782 token_ids=576:1467:16555:279:7525:315:279:28809:323:279:10001:304:2033:311:264:2150:14527:13:576:28809:31995:264:1598:7177:369:1817:17654:323:10797:9079:1948:48094:3118:389:2795:43363:13:3197:264:2150:14527:13666:11:279:10001:1329:973:279:2150:12731:11:5574:973:264:4034:11:40587:432:448:821:11:323:8837:279
LEAF index=3 group=0 mig=31ffbfe4 exit=0 text=a4a8a897200a1a72 context_ms=65.2 load_ms=8.13 decode_ms=563.9 first_token_ms=2428.3 generation_tps=2.845 token_ids=576:1467:16555:279:7525:315:279:28809:323:279:10001:304:2033:311:264:2150:14527:13:576:28809:31995:264:1598:7177:369:1817:17654:323:10797:9079:1948:48094:3118:389:2795:43363:13:3197:264:2150:14527:13666:11:279:10001:1329:973:279:2150:12731:11:5574:973:264:4034:11:40587:432:448:821:11:323:8837:279
LEAF index=4 group=1 mig=31ffbfe4 exit=0 text=6fcd5b33e219e31a context_ms=52.1 load_ms=8.41 decode_ms=477.7 first_token_ms=2299.5 generation_tps=2.842 token_ids=576:1467:34334:279:28809:323:10001:7525:11:7945:21080:389:1246:279:28809:28872:9079:3941:5248:36586:323:1246:264:2150:14527:374:17608:13:3197:264:2150:14527:13666:11:279:10001:1329:973:279:12731:11:5574:973:264:4034:11:40587:432:11:323:8837:279:2150:1965:1573:592:29489:279:3383:13:576:28809:31995:264
LEAF index=5 group=1 mig=fafc828a exit=0 text=e4766354bc4d1795 context_ms=63.8 load_ms=8.31 decode_ms=468.8 first_token_ms=2321.9 generation_tps=3.774 token_ids=576:1467:34334:279:28809:323:10001:7525:11:7945:21080:389:1246:279:28809:28872:9079:3941:5248:36586:323:1246:264:2150:14527:374:17608:13:576:28809:31995:264:1598:7177:369:1817:17654:323:8702:2095:9079:3118:389:2795:43363:13:3197:264:2150:14527:13666:11:279:10001:1329:973:279:8311:4938:12731:11:5574:973:264
LEAF index=6 group=1 mig=31ffbfe4 exit=0 text=7a05fb1ed84f6258 context_ms=62.2 load_ms=8.01 decode_ms=560.6 first_token_ms=2410.5 generation_tps=2.848 token_ids=576:1467:34334:279:28809:323:10001:7525:11:7945:21080:389:1246:279:28809:28872:9079:323:279:10001:13469:2150:56690:13:576:28809:31995:264:1598:7177:369:1817:17654:323:8702:2095:9079:311:8172:279:2795:13:3197:264:2150:14527:13666:11:279:10001:1329:973:279:2150:11:5574:973:264:4034:11:40587:432:11:323
LEAF index=7 group=1 mig=fafc828a exit=0 text=32946f2da09152f6 context_ms=44.8 load_ms=8.55 decode_ms=489.4 first_token_ms=2377.6 generation_tps=3.783 token_ids=576:1467:34334:279:28809:323:10001:7525:11:7945:21080:389:1246:279:28809:28872:9079:323:279:10001:13469:2150:56690:13:576:28809:31995:264:1598:7177:369:1817:17654:323:8702:2095:9079:311:8172:279:2795:13:3197:264:2150:14527:13666:11:279:10001:1329:973:279:2150:12731:11:5574:973:264:4034:11:40587:432:11
MEMORY tree_drop_mib=9210 files_attached_mib=1071 files_removed=1 files_end_mib=0
END_CASE failed=0 timed_out=0 wall_ms=50883
CASE mode=chain groups=2 leaves=4
ROOT exit=0 text=18e44990b9a3ac26 tokens=16321 publish_ms=8.96 state_bytes=261845 generation_tps=4.136
LEADER group=0 mig=fafc828a exit=0 text=acd613c4a2e08cd5 tokens=17794 context_ms=35.9 load_ms=7.49 publish_ms=7.17 state_bytes=285413 generation_tps=4.092
LEADER group=1 mig=31ffbfe4 exit=0 text=1cb5a4c4e389dcfb tokens=17794 context_ms=35.7 load_ms=7.30 publish_ms=4.58 state_bytes=285413 generation_tps=3.351
LEAF index=0 group=0 mig=fafc828a exit=0 text=9e14e9e05c98f3f0 context_ms=51.7 load_ms=8.61 decode_ms=407.5 first_token_ms=2206.8 generation_tps=3.764 token_ids=576:1467:16555:279:7525:315:279:28809:323:279:10001:304:2033:311:264:2150:14527:13:576:28809:31995:264:1598:7177:369:1817:17654:323:10797:9079:1948:48094:3118:389:2795:43363:11:1393:279:10001:5574:973:264:4034:11:40587:432:11:323:8837:279:2150:1965:1573:592:29489:279:3383:13:220:16:13:576:1467
LEAF index=1 group=0 mig=31ffbfe4 exit=0 text=df60c6dfd2bbef82 context_ms=41.7 load_ms=8.52 decode_ms=263.8 first_token_ms=1605.0 generation_tps=2.820 token_ids=576:1467:16555:279:7525:315:279:28809:323:279:10001:304:2033:311:264:2150:14527:13:576:28809:31995:264:1598:7177:369:1817:17654:323:10797:9079:1948:48094:3118:389:2795:43363:13:3197:264:2150:14527:13666:11:279:10001:1329:973:279:12731:11:5574:973:264:4034:11:40587:432:11:323:8837:279:2150:1965:1573
LEAF index=2 group=0 mig=fafc828a exit=0 text=a4a8a897200a1a72 context_ms=57.7 load_ms=8.22 decode_ms=435.5 first_token_ms=2231.4 generation_tps=3.760 token_ids=576:1467:16555:279:7525:315:279:28809:323:279:10001:304:2033:311:264:2150:14527:13:576:28809:31995:264:1598:7177:369:1817:17654:323:10797:9079:1948:48094:3118:389:2795:43363:13:3197:264:2150:14527:13666:11:279:10001:1329:973:279:2150:12731:11:5574:973:264:4034:11:40587:432:448:821:11:323:8837:279
LEAF index=3 group=0 mig=31ffbfe4 exit=0 text=a4a8a897200a1a72 context_ms=60.8 load_ms=8.34 decode_ms=587.5 first_token_ms=2391.1 generation_tps=2.829 token_ids=576:1467:16555:279:7525:315:279:28809:323:279:10001:304:2033:311:264:2150:14527:13:576:28809:31995:264:1598:7177:369:1817:17654:323:10797:9079:1948:48094:3118:389:2795:43363:13:3197:264:2150:14527:13666:11:279:10001:1329:973:279:2150:12731:11:5574:973:264:4034:11:40587:432:448:821:11:323:8837:279
LEAF index=4 group=1 mig=31ffbfe4 exit=0 text=6fcd5b33e219e31a context_ms=48.5 load_ms=8.37 decode_ms=586.8 first_token_ms=2409.6 generation_tps=2.830 token_ids=576:1467:34334:279:28809:323:10001:7525:11:7945:21080:389:1246:279:28809:28872:9079:3941:5248:36586:323:1246:264:2150:14527:374:17608:13:3197:264:2150:14527:13666:11:279:10001:1329:973:279:12731:11:5574:973:264:4034:11:40587:432:11:323:8837:279:2150:1965:1573:592:29489:279:3383:13:576:28809:31995:264
LEAF index=5 group=1 mig=fafc828a exit=0 text=e4766354bc4d1795 context_ms=45.8 load_ms=8.01 decode_ms=491.3 first_token_ms=2334.5 generation_tps=3.770 token_ids=576:1467:34334:279:28809:323:10001:7525:11:7945:21080:389:1246:279:28809:28872:9079:3941:5248:36586:323:1246:264:2150:14527:374:17608:13:576:28809:31995:264:1598:7177:369:1817:17654:323:8702:2095:9079:3118:389:2795:43363:13:3197:264:2150:14527:13666:11:279:10001:1329:973:279:8311:4938:12731:11:5574:973:264
LEAF index=6 group=1 mig=31ffbfe4 exit=0 text=7a05fb1ed84f6258 context_ms=50.1 load_ms=8.56 decode_ms=586.5 first_token_ms=2382.0 generation_tps=2.830 token_ids=576:1467:34334:279:28809:323:10001:7525:11:7945:21080:389:1246:279:28809:28872:9079:323:279:10001:13469:2150:56690:13:576:28809:31995:264:1598:7177:369:1817:17654:323:8702:2095:9079:311:8172:279:2795:13:3197:264:2150:14527:13666:11:279:10001:1329:973:279:2150:11:5574:973:264:4034:11:40587:432:11:323
LEAF index=7 group=1 mig=fafc828a exit=0 text=32946f2da09152f6 context_ms=45.9 load_ms=8.08 decode_ms=498.0 first_token_ms=2340.9 generation_tps=3.773 token_ids=576:1467:34334:279:28809:323:10001:7525:11:7945:21080:389:1246:279:28809:28872:9079:323:279:10001:13469:2150:56690:13:576:28809:31995:264:1598:7177:369:1817:17654:323:8702:2095:9079:311:8172:279:2795:13:3197:264:2150:14527:13666:11:279:10001:1329:973:279:2150:12731:11:5574:973:264:4034:11:40587:432:11
MEMORY tree_drop_mib=9434 files_attached_mib=1344 files_removed=1 files_end_mib=0
END_CASE failed=0 timed_out=0 wall_ms=50798
CASE mode=flat groups=2 leaves=4
ROOT exit=0 text=18e44990b9a3ac26 tokens=16321 publish_ms=9.05 state_bytes=261845 generation_tps=3.515
LEADER group=0 mig=fafc828a exit=0 text=acd613c4a2e08cd5 tokens=16321 context_ms=33.9 load_ms=7.23 publish_ms= state_bytes= generation_tps=3.683
LEADER group=1 mig=31ffbfe4 exit=0 text=1cb5a4c4e389dcfb tokens=16321 context_ms=34.0 load_ms=7.29 publish_ms= state_bytes= generation_tps=2.563
LEAF index=0 group=0 mig=fafc828a exit=0 text=9e14e9e05c98f3f0 context_ms=36.1 load_ms=7.55 decode_ms=14429.0 first_token_ms=15704.1 generation_tps=4.096 token_ids=576:1467:16555:279:7525:315:279:28809:323:279:10001:304:2033:311:264:2150:14527:13:576:28809:31995:264:1598:7177:369:1817:17654:323:10797:9079:1948:48094:3118:389:2795:43363:11:1393:279:10001:5574:973:264:4034:11:40587:432:11:323:8837:279:2150:1965:1573:592:29489:279:3383:13:220:16:13:576:1467
LEAF index=1 group=0 mig=31ffbfe4 exit=0 text=df60c6dfd2bbef82 context_ms=35.1 load_ms=7.54 decode_ms=20025.3 first_token_ms=21419.3 generation_tps=2.842 token_ids=576:1467:16555:279:7525:315:279:28809:323:279:10001:304:2033:311:264:2150:14527:13:576:28809:31995:264:1598:7177:369:1817:17654:323:10797:9079:1948:48094:3118:389:2795:43363:13:3197:264:2150:14527:13666:11:279:10001:1329:973:279:12731:11:5574:973:264:4034:11:40587:432:11:323:8837:279:2150:1965:1573
LEAF index=2 group=0 mig=fafc828a exit=0 text=a4a8a897200a1a72 context_ms=37.6 load_ms=7.65 decode_ms=14758.3 first_token_ms=16294.6 generation_tps=4.182 token_ids=576:1467:16555:279:7525:315:279:28809:323:279:10001:304:2033:311:264:2150:14527:13:576:28809:31995:264:1598:7177:369:1817:17654:323:10797:9079:1948:48094:3118:389:2795:43363:13:3197:264:2150:14527:13666:11:279:10001:1329:973:279:2150:12731:11:5574:973:264:4034:11:40587:432:448:821:11:323:8837:279
LEAF index=3 group=0 mig=31ffbfe4 exit=0 text=a4a8a897200a1a72 context_ms=45.2 load_ms=7.55 decode_ms=20276.7 first_token_ms=21842.3 generation_tps=2.869 token_ids=576:1467:16555:279:7525:315:279:28809:323:279:10001:304:2033:311:264:2150:14527:13:576:28809:31995:264:1598:7177:369:1817:17654:323:10797:9079:1948:48094:3118:389:2795:43363:13:3197:264:2150:14527:13666:11:279:10001:1329:973:279:2150:12731:11:5574:973:264:4034:11:40587:432:448:821:11:323:8837:279
LEAF index=4 group=1 mig=31ffbfe4 exit=0 text=6fcd5b33e219e31a context_ms=46.2 load_ms=7.58 decode_ms=20284.1 first_token_ms=21850.8 generation_tps=2.869 token_ids=576:1467:34334:279:28809:323:10001:7525:11:7945:21080:389:1246:279:28809:28872:9079:3941:5248:36586:323:1246:264:2150:14527:374:17608:13:3197:264:2150:14527:13666:11:279:10001:1329:973:279:12731:11:5574:973:264:4034:11:40587:432:11:323:8837:279:2150:1965:1573:592:29489:279:3383:13:576:28809:31995:264
LEAF index=5 group=1 mig=fafc828a exit=0 text=8d28223f6de3b123 context_ms=37.0 load_ms=7.35 decode_ms=14786.7 first_token_ms=16311.5 generation_tps=4.178 token_ids=576:1467:34334:279:28809:323:10001:7525:11:7945:21080:389:1246:279:28809:28872:9079:3941:5248:36586:323:1246:264:2150:14527:374:17608:13:576:28809:31995:264:1598:7177:369:1817:17654:323:8702:2095:9079:311:8172:279:2795:13:3197:264:2150:14527:13666:11:279:10001:1329:973:279:2150:11:5574:973:264:4034:11
LEAF index=6 group=1 mig=31ffbfe4 exit=0 text=7a05fb1ed84f6258 context_ms=35.9 load_ms=7.47 decode_ms=20230.4 first_token_ms=21716.0 generation_tps=2.860 token_ids=576:1467:34334:279:28809:323:10001:7525:11:7945:21080:389:1246:279:28809:28872:9079:323:279:10001:13469:2150:56690:13:576:28809:31995:264:1598:7177:369:1817:17654:323:8702:2095:9079:311:8172:279:2795:13:3197:264:2150:14527:13666:11:279:10001:1329:973:279:2150:11:5574:973:264:4034:11:40587:432:11:323
LEAF index=7 group=1 mig=fafc828a exit=0 text=32946f2da09152f6 context_ms=45.6 load_ms=7.55 decode_ms=14782.2 first_token_ms=16298.7 generation_tps=4.182 token_ids=576:1467:34334:279:28809:323:10001:7525:11:7945:21080:389:1246:279:28809:28872:9079:323:279:10001:13469:2150:56690:13:576:28809:31995:264:1598:7177:369:1817:17654:323:8702:2095:9079:311:8172:279:2795:13:3197:264:2150:14527:13666:11:279:10001:1329:973:279:2150:12731:11:5574:973:264:4034:11:40587:432:11
MEMORY tree_drop_mib=9869 files_attached_mib=896 files_removed=1 files_end_mib=0
END_CASE failed=0 timed_out=0 wall_ms=66437
CASE mode=copy groups=2 leaves=4
ROOT exit=0 text=18e44990b9a3ac26 tokens=16321 publish_ms=536.52 state_bytes=936173269 generation_tps=4.417
LEADER group=0 mig=fafc828a exit=0 text=acd613c4a2e08cd5 tokens=17794 context_ms=56.5 load_ms=145.02 publish_ms=611.36 state_bytes=1020664549 generation_tps=4.377
LEADER group=1 mig=31ffbfe4 exit=0 text=1cb5a4c4e389dcfb tokens=17794 context_ms=62.4 load_ms=209.52 publish_ms=591.65 state_bytes=1020664549 generation_tps=3.936
LEAF index=0 group=0 mig=fafc828a exit=0 text=9e14e9e05c98f3f0 context_ms=155.7 load_ms=550.78 decode_ms=489.5 first_token_ms=3054.3 generation_tps=3.913 token_ids=576:1467:16555:279:7525:315:279:28809:323:279:10001:304:2033:311:264:2150:14527:13:576:28809:31995:264:1598:7177:369:1817:17654:323:10797:9079:1948:48094:3118:389:2795:43363:11:1393:279:10001:5574:973:264:4034:11:40587:432:11:323:8837:279:2150:1965:1573:592:29489:279:3383:13:220:16:13:576:1467
LEAF index=1 group=0 mig=31ffbfe4 exit=0 text=df60c6dfd2bbef82 context_ms=130.3 load_ms=378.00 decode_ms=397.1 first_token_ms=2631.5 generation_tps=2.967 token_ids=576:1467:16555:279:7525:315:279:28809:323:279:10001:304:2033:311:264:2150:14527:13:576:28809:31995:264:1598:7177:369:1817:17654:323:10797:9079:1948:48094:3118:389:2795:43363:13:3197:264:2150:14527:13666:11:279:10001:1329:973:279:12731:11:5574:973:264:4034:11:40587:432:11:323:8837:279:2150:1965:1573
LEAF index=2 group=0 mig=fafc828a exit=0 text=a4a8a897200a1a72 context_ms=174.4 load_ms=520.91 decode_ms=489.2 first_token_ms=3052.8 generation_tps=3.918 token_ids=576:1467:16555:279:7525:315:279:28809:323:279:10001:304:2033:311:264:2150:14527:13:576:28809:31995:264:1598:7177:369:1817:17654:323:10797:9079:1948:48094:3118:389:2795:43363:13:3197:264:2150:14527:13666:11:279:10001:1329:973:279:2150:12731:11:5574:973:264:4034:11:40587:432:448:821:11:323:8837:279
LEAF index=3 group=0 mig=31ffbfe4 exit=0 text=a4a8a897200a1a72 context_ms=155.5 load_ms=551.29 decode_ms=601.2 first_token_ms=3158.3 generation_tps=3.003 token_ids=576:1467:16555:279:7525:315:279:28809:323:279:10001:304:2033:311:264:2150:14527:13:576:28809:31995:264:1598:7177:369:1817:17654:323:10797:9079:1948:48094:3118:389:2795:43363:13:3197:264:2150:14527:13666:11:279:10001:1329:973:279:2150:12731:11:5574:973:264:4034:11:40587:432:448:821:11:323:8837:279
LEAF index=4 group=1 mig=31ffbfe4 exit=0 text=6fcd5b33e219e31a context_ms=175.8 load_ms=371.05 decode_ms=466.4 first_token_ms=2777.5 generation_tps=2.969 token_ids=576:1467:34334:279:28809:323:10001:7525:11:7945:21080:389:1246:279:28809:28872:9079:3941:5248:36586:323:1246:264:2150:14527:374:17608:13:3197:264:2150:14527:13666:11:279:10001:1329:973:279:12731:11:5574:973:264:4034:11:40587:432:11:323:8837:279:2150:1965:1573:592:29489:279:3383:13:576:28809:31995:264
LEAF index=5 group=1 mig=fafc828a exit=0 text=e4766354bc4d1795 context_ms=148.6 load_ms=557.83 decode_ms=437.0 first_token_ms=2933.4 generation_tps=3.899 token_ids=576:1467:34334:279:28809:323:10001:7525:11:7945:21080:389:1246:279:28809:28872:9079:3941:5248:36586:323:1246:264:2150:14527:374:17608:13:576:28809:31995:264:1598:7177:369:1817:17654:323:8702:2095:9079:3118:389:2795:43363:13:3197:264:2150:14527:13666:11:279:10001:1329:973:279:8311:4938:12731:11:5574:973:264
LEAF index=6 group=1 mig=31ffbfe4 exit=0 text=7a05fb1ed84f6258 context_ms=198.7 load_ms=457.46 decode_ms=587.2 first_token_ms=3088.9 generation_tps=2.996 token_ids=576:1467:34334:279:28809:323:10001:7525:11:7945:21080:389:1246:279:28809:28872:9079:323:279:10001:13469:2150:56690:13:576:28809:31995:264:1598:7177:369:1817:17654:323:8702:2095:9079:311:8172:279:2795:13:3197:264:2150:14527:13666:11:279:10001:1329:973:279:2150:11:5574:973:264:4034:11:40587:432:11:323
LEAF index=7 group=1 mig=fafc828a exit=0 text=32946f2da09152f6 context_ms=187.4 load_ms=513.05 decode_ms=460.0 first_token_ms=2954.4 generation_tps=3.905 token_ids=576:1467:34334:279:28809:323:10001:7525:11:7945:21080:389:1246:279:28809:28872:9079:323:279:10001:13469:2150:56690:13:576:28809:31995:264:1598:7177:369:1817:17654:323:8702:2095:9079:311:8172:279:2795:13:3197:264:2150:14527:13666:11:279:10001:1329:973:279:2150:12731:11:5574:973:264:4034:11:40587:432:11
MEMORY tree_drop_mib=27972 files_attached_mib=0 files_removed=0 files_end_mib=0
END_CASE failed=0 timed_out=0 wall_ms=51332
END_KVTREE
BEGIN_KVTREE run=5 paragraphs=320 group_paragraphs=40 context=32768
REFERENCE index=0 own_instance_path=1 text=9e14e9e05c98f3f0
REFERENCE index=1 own_instance_path=0 text=df60c6dfd2bbef82
REFERENCE index=2 own_instance_path=1 text=a4a8a897200a1a72
REFERENCE index=3 own_instance_path=0 text=132bff72234434ae
REFERENCE index=4 own_instance_path=0 text=fcebe86c03ff34d3
REFERENCE index=5 own_instance_path=0 text=8d28223f6de3b123
REFERENCE index=6 own_instance_path=0 text=7a05fb1ed84f6258
REFERENCE index=7 own_instance_path=0 text=32946f2da09152f6
CASE mode=copy groups=2 leaves=4
ROOT exit=0 text=18e44990b9a3ac26 tokens=16321 publish_ms=554.21 state_bytes=936173269 generation_tps=4.225
LEADER group=0 mig=fafc828a exit=0 text=acd613c4a2e08cd5 tokens=17794 context_ms=55.8 load_ms=205.79 publish_ms=607.86 state_bytes=1020664549 generation_tps=4.201
LEADER group=1 mig=31ffbfe4 exit=0 text=1cb5a4c4e389dcfb tokens=17794 context_ms=57.8 load_ms=146.82 publish_ms=605.04 state_bytes=1020664549 generation_tps=3.848
LEAF index=0 group=0 mig=fafc828a exit=0 text=9e14e9e05c98f3f0 context_ms=83.3 load_ms=321.10 decode_ms=402.6 first_token_ms=2249.7 generation_tps=3.837 token_ids=576:1467:16555:279:7525:315:279:28809:323:279:10001:304:2033:311:264:2150:14527:13:576:28809:31995:264:1598:7177:369:1817:17654:323:10797:9079:1948:48094:3118:389:2795:43363:11:1393:279:10001:5574:973:264:4034:11:40587:432:11:323:8837:279:2150:1965:1573:592:29489:279:3383:13:220:16:13:576:1467
LEAF index=1 group=0 mig=31ffbfe4 exit=0 text=df60c6dfd2bbef82 context_ms=104.3 load_ms=451.17 decode_ms=447.6 first_token_ms=2681.8 generation_tps=2.956 token_ids=576:1467:16555:279:7525:315:279:28809:323:279:10001:304:2033:311:264:2150:14527:13:576:28809:31995:264:1598:7177:369:1817:17654:323:10797:9079:1948:48094:3118:389:2795:43363:13:3197:264:2150:14527:13666:11:279:10001:1329:973:279:12731:11:5574:973:264:4034:11:40587:432:11:323:8837:279:2150:1965:1573
LEAF index=2 group=0 mig=fafc828a exit=0 text=a4a8a897200a1a72 context_ms=126.1 load_ms=451.10 decode_ms=479.3 first_token_ms=2866.0 generation_tps=3.882 token_ids=576:1467:16555:279:7525:315:279:28809:323:279:10001:304:2033:311:264:2150:14527:13:576:28809:31995:264:1598:7177:369:1817:17654:323:10797:9079:1948:48094:3118:389:2795:43363:13:3197:264:2150:14527:13666:11:279:10001:1329:973:279:2150:12731:11:5574:973:264:4034:11:40587:432:448:821:11:323:8837:279
LEAF index=3 group=0 mig=31ffbfe4 exit=0 text=a4a8a897200a1a72 context_ms=151.4 load_ms=401.18 decode_ms=596.6 first_token_ms=2957.9 generation_tps=2.971 token_ids=576:1467:16555:279:7525:315:279:28809:323:279:10001:304:2033:311:264:2150:14527:13:576:28809:31995:264:1598:7177:369:1817:17654:323:10797:9079:1948:48094:3118:389:2795:43363:13:3197:264:2150:14527:13666:11:279:10001:1329:973:279:2150:12731:11:5574:973:264:4034:11:40587:432:448:821:11:323:8837:279
LEAF index=4 group=1 mig=31ffbfe4 exit=0 text=6fcd5b33e219e31a context_ms=207.0 load_ms=406.04 decode_ms=565.2 first_token_ms=2909.9 generation_tps=2.967 token_ids=576:1467:34334:279:28809:323:10001:7525:11:7945:21080:389:1246:279:28809:28872:9079:3941:5248:36586:323:1246:264:2150:14527:374:17608:13:3197:264:2150:14527:13666:11:279:10001:1329:973:279:12731:11:5574:973:264:4034:11:40587:432:11:323:8837:279:2150:1965:1573:592:29489:279:3383:13:576:28809:31995:264
LEAF index=5 group=1 mig=fafc828a exit=0 text=e4766354bc4d1795 context_ms=156.5 load_ms=445.12 decode_ms=491.7 first_token_ms=2900.9 generation_tps=3.880 token_ids=576:1467:34334:279:28809:323:10001:7525:11:7945:21080:389:1246:279:28809:28872:9079:3941:5248:36586:323:1246:264:2150:14527:374:17608:13:576:28809:31995:264:1598:7177:369:1817:17654:323:8702:2095:9079:3118:389:2795:43363:13:3197:264:2150:14527:13666:11:279:10001:1329:973:279:8311:4938:12731:11:5574:973:264
LEAF index=6 group=1 mig=31ffbfe4 exit=0 text=7a05fb1ed84f6258 context_ms=143.8 load_ms=395.11 decode_ms=540.6 first_token_ms=2799.5 generation_tps=2.957 token_ids=576:1467:34334:279:28809:323:10001:7525:11:7945:21080:389:1246:279:28809:28872:9079:323:279:10001:13469:2150:56690:13:576:28809:31995:264:1598:7177:369:1817:17654:323:8702:2095:9079:311:8172:279:2795:13:3197:264:2150:14527:13666:11:279:10001:1329:973:279:2150:11:5574:973:264:4034:11:40587:432:11:323
LEAF index=7 group=1 mig=fafc828a exit=0 text=32946f2da09152f6 context_ms=162.8 load_ms=478.18 decode_ms=486.2 first_token_ms=2875.6 generation_tps=3.878 token_ids=576:1467:34334:279:28809:323:10001:7525:11:7945:21080:389:1246:279:28809:28872:9079:323:279:10001:13469:2150:56690:13:576:28809:31995:264:1598:7177:369:1817:17654:323:8702:2095:9079:311:8172:279:2795:13:3197:264:2150:14527:13666:11:279:10001:1329:973:279:2150:12731:11:5574:973:264:4034:11:40587:432:11
MEMORY tree_drop_mib=27932 files_attached_mib=0 files_removed=0 files_end_mib=0
END_CASE failed=0 timed_out=0 wall_ms=51328
CASE mode=flat groups=2 leaves=4
ROOT exit=0 text=18e44990b9a3ac26 tokens=16321 publish_ms=7.23 state_bytes=261845 generation_tps=3.483
LEADER group=0 mig=fafc828a exit=0 text=acd613c4a2e08cd5 tokens=16321 context_ms=33.7 load_ms=7.42 publish_ms= state_bytes= generation_tps=3.650
LEADER group=1 mig=31ffbfe4 exit=0 text=1cb5a4c4e389dcfb tokens=16321 context_ms=33.8 load_ms=7.70 publish_ms= state_bytes= generation_tps=2.564
LEAF index=0 group=0 mig=fafc828a exit=0 text=9e14e9e05c98f3f0 context_ms=36.9 load_ms=7.33 decode_ms=14386.9 first_token_ms=15619.8 generation_tps=4.087 token_ids=576:1467:16555:279:7525:315:279:28809:323:279:10001:304:2033:311:264:2150:14527:13:576:28809:31995:264:1598:7177:369:1817:17654:323:10797:9079:1948:48094:3118:389:2795:43363:11:1393:279:10001:5574:973:264:4034:11:40587:432:11:323:8837:279:2150:1965:1573:592:29489:279:3383:13:220:16:13:576:1467
LEAF index=1 group=0 mig=31ffbfe4 exit=0 text=df60c6dfd2bbef82 context_ms=42.1 load_ms=7.68 decode_ms=20207.4 first_token_ms=21713.0 generation_tps=2.863 token_ids=576:1467:16555:279:7525:315:279:28809:323:279:10001:304:2033:311:264:2150:14527:13:576:28809:31995:264:1598:7177:369:1817:17654:323:10797:9079:1948:48094:3118:389:2795:43363:13:3197:264:2150:14527:13666:11:279:10001:1329:973:279:12731:11:5574:973:264:4034:11:40587:432:11:323:8837:279:2150:1965:1573
LEAF index=2 group=0 mig=fafc828a exit=0 text=a4a8a897200a1a72 context_ms=46.0 load_ms=7.85 decode_ms=14724.7 first_token_ms=16256.5 generation_tps=4.175 token_ids=576:1467:16555:279:7525:315:279:28809:323:279:10001:304:2033:311:264:2150:14527:13:576:28809:31995:264:1598:7177:369:1817:17654:323:10797:9079:1948:48094:3118:389:2795:43363:13:3197:264:2150:14527:13666:11:279:10001:1329:973:279:2150:12731:11:5574:973:264:4034:11:40587:432:448:821:11:323:8837:279
LEAF index=3 group=0 mig=31ffbfe4 exit=0 text=a4a8a897200a1a72 context_ms=47.7 load_ms=7.56 decode_ms=20237.7 first_token_ms=21745.7 generation_tps=2.864 token_ids=576:1467:16555:279:7525:315:279:28809:323:279:10001:304:2033:311:264:2150:14527:13:576:28809:31995:264:1598:7177:369:1817:17654:323:10797:9079:1948:48094:3118:389:2795:43363:13:3197:264:2150:14527:13666:11:279:10001:1329:973:279:2150:12731:11:5574:973:264:4034:11:40587:432:448:821:11:323:8837:279
LEAF index=4 group=1 mig=31ffbfe4 exit=0 text=6fcd5b33e219e31a context_ms=43.0 load_ms=7.55 decode_ms=20200.6 first_token_ms=21672.7 generation_tps=2.858 token_ids=576:1467:34334:279:28809:323:10001:7525:11:7945:21080:389:1246:279:28809:28872:9079:3941:5248:36586:323:1246:264:2150:14527:374:17608:13:3197:264:2150:14527:13666:11:279:10001:1329:973:279:12731:11:5574:973:264:4034:11:40587:432:11:323:8837:279:2150:1965:1573:592:29489:279:3383:13:576:28809:31995:264
LEAF index=5 group=1 mig=fafc828a exit=0 text=8d28223f6de3b123 context_ms=39.5 load_ms=7.53 decode_ms=14749.2 first_token_ms=16284.7 generation_tps=4.176 token_ids=576:1467:34334:279:28809:323:10001:7525:11:7945:21080:389:1246:279:28809:28872:9079:3941:5248:36586:323:1246:264:2150:14527:374:17608:13:576:28809:31995:264:1598:7177:369:1817:17654:323:8702:2095:9079:311:8172:279:2795:13:3197:264:2150:14527:13666:11:279:10001:1329:973:279:2150:11:5574:973:264:4034:11
LEAF index=6 group=1 mig=31ffbfe4 exit=0 text=7a05fb1ed84f6258 context_ms=48.1 load_ms=7.65 decode_ms=20230.5 first_token_ms=21717.8 generation_tps=2.862 token_ids=576:1467:34334:279:28809:323:10001:7525:11:7945:21080:389:1246:279:28809:28872:9079:323:279:10001:13469:2150:56690:13:576:28809:31995:264:1598:7177:369:1817:17654:323:8702:2095:9079:311:8172:279:2795:13:3197:264:2150:14527:13666:11:279:10001:1329:973:279:2150:11:5574:973:264:4034:11:40587:432:11:323
LEAF index=7 group=1 mig=fafc828a exit=0 text=32946f2da09152f6 context_ms=47.6 load_ms=7.24 decode_ms=14660.1 first_token_ms=16144.4 generation_tps=4.151 token_ids=576:1467:34334:279:28809:323:10001:7525:11:7945:21080:389:1246:279:28809:28872:9079:323:279:10001:13469:2150:56690:13:576:28809:31995:264:1598:7177:369:1817:17654:323:8702:2095:9079:311:8172:279:2795:13:3197:264:2150:14527:13666:11:279:10001:1329:973:279:2150:12731:11:5574:973:264:4034:11:40587:432:11
MEMORY tree_drop_mib=9837 files_attached_mib=896 files_removed=1 files_end_mib=0
END_CASE failed=0 timed_out=0 wall_ms=66293
CASE mode=chain groups=2 leaves=4
ROOT exit=0 text=18e44990b9a3ac26 tokens=16321 publish_ms=9.12 state_bytes=261845 generation_tps=4.066
LEADER group=0 mig=fafc828a exit=0 text=acd613c4a2e08cd5 tokens=17794 context_ms=36.0 load_ms=7.28 publish_ms=6.78 state_bytes=285413 generation_tps=4.032
LEADER group=1 mig=31ffbfe4 exit=0 text=1cb5a4c4e389dcfb tokens=17794 context_ms=37.2 load_ms=7.33 publish_ms=6.62 state_bytes=285413 generation_tps=3.582
LEAF index=0 group=0 mig=fafc828a exit=0 text=9e14e9e05c98f3f0 context_ms=39.5 load_ms=8.14 decode_ms=291.1 first_token_ms=1835.9 generation_tps=3.731 token_ids=576:1467:16555:279:7525:315:279:28809:323:279:10001:304:2033:311:264:2150:14527:13:576:28809:31995:264:1598:7177:369:1817:17654:323:10797:9079:1948:48094:3118:389:2795:43363:11:1393:279:10001:5574:973:264:4034:11:40587:432:11:323:8837:279:2150:1965:1573:592:29489:279:3383:13:220:16:13:576:1467
LEAF index=1 group=0 mig=31ffbfe4 exit=0 text=df60c6dfd2bbef82 context_ms=43.0 load_ms=8.28 decode_ms=487.0 first_token_ms=2266.7 generation_tps=2.828 token_ids=576:1467:16555:279:7525:315:279:28809:323:279:10001:304:2033:311:264:2150:14527:13:576:28809:31995:264:1598:7177:369:1817:17654:323:10797:9079:1948:48094:3118:389:2795:43363:13:3197:264:2150:14527:13666:11:279:10001:1329:973:279:12731:11:5574:973:264:4034:11:40587:432:11:323:8837:279:2150:1965:1573
LEAF index=2 group=0 mig=fafc828a exit=0 text=a4a8a897200a1a72 context_ms=46.1 load_ms=8.18 decode_ms=498.7 first_token_ms=2364.1 generation_tps=3.770 token_ids=576:1467:16555:279:7525:315:279:28809:323:279:10001:304:2033:311:264:2150:14527:13:576:28809:31995:264:1598:7177:369:1817:17654:323:10797:9079:1948:48094:3118:389:2795:43363:13:3197:264:2150:14527:13666:11:279:10001:1329:973:279:2150:12731:11:5574:973:264:4034:11:40587:432:448:821:11:323:8837:279
LEAF index=3 group=0 mig=31ffbfe4 exit=0 text=a4a8a897200a1a72 context_ms=47.5 load_ms=8.30 decode_ms=603.3 first_token_ms=2454.9 generation_tps=2.842 token_ids=576:1467:16555:279:7525:315:279:28809:323:279:10001:304:2033:311:264:2150:14527:13:576:28809:31995:264:1598:7177:369:1817:17654:323:10797:9079:1948:48094:3118:389:2795:43363:13:3197:264:2150:14527:13666:11:279:10001:1329:973:279:2150:12731:11:5574:973:264:4034:11:40587:432:448:821:11:323:8837:279
LEAF index=4 group=1 mig=31ffbfe4 exit=0 text=6fcd5b33e219e31a context_ms=44.6 load_ms=8.21 decode_ms=505.5 first_token_ms=2290.2 generation_tps=2.829 token_ids=576:1467:34334:279:28809:323:10001:7525:11:7945:21080:389:1246:279:28809:28872:9079:3941:5248:36586:323:1246:264:2150:14527:374:17608:13:3197:264:2150:14527:13666:11:279:10001:1329:973:279:12731:11:5574:973:264:4034:11:40587:432:11:323:8837:279:2150:1965:1573:592:29489:279:3383:13:576:28809:31995:264
LEAF index=5 group=1 mig=fafc828a exit=0 text=e4766354bc4d1795 context_ms=41.8 load_ms=8.18 decode_ms=506.1 first_token_ms=2365.1 generation_tps=3.770 token_ids=576:1467:34334:279:28809:323:10001:7525:11:7945:21080:389:1246:279:28809:28872:9079:3941:5248:36586:323:1246:264:2150:14527:374:17608:13:576:28809:31995:264:1598:7177:369:1817:17654:323:8702:2095:9079:3118:389:2795:43363:13:3197:264:2150:14527:13666:11:279:10001:1329:973:279:8311:4938:12731:11:5574:973:264
LEAF index=6 group=1 mig=31ffbfe4 exit=0 text=7a05fb1ed84f6258 context_ms=42.7 load_ms=7.96 decode_ms=582.6 first_token_ms=2416.0 generation_tps=2.837 token_ids=576:1467:34334:279:28809:323:10001:7525:11:7945:21080:389:1246:279:28809:28872:9079:323:279:10001:13469:2150:56690:13:576:28809:31995:264:1598:7177:369:1817:17654:323:8702:2095:9079:311:8172:279:2795:13:3197:264:2150:14527:13666:11:279:10001:1329:973:279:2150:11:5574:973:264:4034:11:40587:432:11:323
LEAF index=7 group=1 mig=fafc828a exit=0 text=32946f2da09152f6 context_ms=39.9 load_ms=8.45 decode_ms=436.4 first_token_ms=2228.1 generation_tps=3.754 token_ids=576:1467:34334:279:28809:323:10001:7525:11:7945:21080:389:1246:279:28809:28872:9079:323:279:10001:13469:2150:56690:13:576:28809:31995:264:1598:7177:369:1817:17654:323:8702:2095:9079:311:8172:279:2795:13:3197:264:2150:14527:13666:11:279:10001:1329:973:279:2150:12731:11:5574:973:264:4034:11:40587:432:11
MEMORY tree_drop_mib=9516 files_attached_mib=1344 files_removed=1 files_end_mib=0
END_CASE failed=0 timed_out=0 wall_ms=50915
CASE mode=chain_small groups=2 leaves=4
ROOT exit=0 text=18e44990b9a3ac26 tokens=16321 publish_ms=7.77 state_bytes=261845 generation_tps=4.090
LEADER group=0 mig=fafc828a exit=0 text=acd613c4a2e08cd5 tokens=17794 context_ms=39.4 load_ms=7.33 publish_ms=11.11 state_bytes=285413 generation_tps=4.099
LEADER group=1 mig=31ffbfe4 exit=0 text=1cb5a4c4e389dcfb tokens=17794 context_ms=38.3 load_ms=7.33 publish_ms=10.91 state_bytes=285413 generation_tps=3.665
LEAF index=0 group=0 mig=fafc828a exit=0 text=9e14e9e05c98f3f0 context_ms=40.4 load_ms=8.22 decode_ms=262.7 first_token_ms=1831.2 generation_tps=3.753 token_ids=576:1467:16555:279:7525:315:279:28809:323:279:10001:304:2033:311:264:2150:14527:13:576:28809:31995:264:1598:7177:369:1817:17654:323:10797:9079:1948:48094:3118:389:2795:43363:11:1393:279:10001:5574:973:264:4034:11:40587:432:11:323:8837:279:2150:1965:1573:592:29489:279:3383:13:220:16:13:576:1467
LEAF index=1 group=0 mig=31ffbfe4 exit=0 text=df60c6dfd2bbef82 context_ms=46.4 load_ms=8.39 decode_ms=538.7 first_token_ms=2396.3 generation_tps=2.843 token_ids=576:1467:16555:279:7525:315:279:28809:323:279:10001:304:2033:311:264:2150:14527:13:576:28809:31995:264:1598:7177:369:1817:17654:323:10797:9079:1948:48094:3118:389:2795:43363:13:3197:264:2150:14527:13666:11:279:10001:1329:973:279:12731:11:5574:973:264:4034:11:40587:432:11:323:8837:279:2150:1965:1573
LEAF index=2 group=0 mig=fafc828a exit=0 text=a4a8a897200a1a72 context_ms=43.5 load_ms=8.46 decode_ms=396.6 first_token_ms=2238.9 generation_tps=3.771 token_ids=576:1467:16555:279:7525:315:279:28809:323:279:10001:304:2033:311:264:2150:14527:13:576:28809:31995:264:1598:7177:369:1817:17654:323:10797:9079:1948:48094:3118:389:2795:43363:13:3197:264:2150:14527:13666:11:279:10001:1329:973:279:2150:12731:11:5574:973:264:4034:11:40587:432:448:821:11:323:8837:279
LEAF index=3 group=0 mig=31ffbfe4 exit=0 text=a4a8a897200a1a72 context_ms=49.1 load_ms=9.10 decode_ms=582.0 first_token_ms=2490.8 generation_tps=2.851 token_ids=576:1467:16555:279:7525:315:279:28809:323:279:10001:304:2033:311:264:2150:14527:13:576:28809:31995:264:1598:7177:369:1817:17654:323:10797:9079:1948:48094:3118:389:2795:43363:13:3197:264:2150:14527:13666:11:279:10001:1329:973:279:2150:12731:11:5574:973:264:4034:11:40587:432:448:821:11:323:8837:279
LEAF index=4 group=1 mig=31ffbfe4 exit=0 text=6fcd5b33e219e31a context_ms=41.5 load_ms=7.95 decode_ms=486.3 first_token_ms=2298.3 generation_tps=2.841 token_ids=576:1467:34334:279:28809:323:10001:7525:11:7945:21080:389:1246:279:28809:28872:9079:3941:5248:36586:323:1246:264:2150:14527:374:17608:13:3197:264:2150:14527:13666:11:279:10001:1329:973:279:12731:11:5574:973:264:4034:11:40587:432:11:323:8837:279:2150:1965:1573:592:29489:279:3383:13:576:28809:31995:264
LEAF index=5 group=1 mig=fafc828a exit=0 text=e4766354bc4d1795 context_ms=47.3 load_ms=8.39 decode_ms=524.9 first_token_ms=2450.1 generation_tps=3.803 token_ids=576:1467:34334:279:28809:323:10001:7525:11:7945:21080:389:1246:279:28809:28872:9079:3941:5248:36586:323:1246:264:2150:14527:374:17608:13:576:28809:31995:264:1598:7177:369:1817:17654:323:8702:2095:9079:3118:389:2795:43363:13:3197:264:2150:14527:13666:11:279:10001:1329:973:279:8311:4938:12731:11:5574:973:264
LEAF index=6 group=1 mig=31ffbfe4 exit=0 text=7a05fb1ed84f6258 context_ms=43.0 load_ms=8.36 decode_ms=546.3 first_token_ms=2417.4 generation_tps=2.844 token_ids=576:1467:34334:279:28809:323:10001:7525:11:7945:21080:389:1246:279:28809:28872:9079:323:279:10001:13469:2150:56690:13:576:28809:31995:264:1598:7177:369:1817:17654:323:8702:2095:9079:311:8172:279:2795:13:3197:264:2150:14527:13666:11:279:10001:1329:973:279:2150:11:5574:973:264:4034:11:40587:432:11:323
LEAF index=7 group=1 mig=fafc828a exit=0 text=32946f2da09152f6 context_ms=43.7 load_ms=8.25 decode_ms=509.2 first_token_ms=2439.5 generation_tps=3.803 token_ids=576:1467:34334:279:28809:323:10001:7525:11:7945:21080:389:1246:279:28809:28872:9079:323:279:10001:13469:2150:56690:13:576:28809:31995:264:1598:7177:369:1817:17654:323:8702:2095:9079:311:8172:279:2795:13:3197:264:2150:14527:13666:11:279:10001:1329:973:279:2150:12731:11:5574:973:264:4034:11:40587:432:11
MEMORY tree_drop_mib=9204 files_attached_mib=1071 files_removed=1 files_end_mib=0
END_CASE failed=0 timed_out=0 wall_ms=50804
END_KVTREE
BEGIN_KVTREE run=6 paragraphs=320 group_paragraphs=40 context=32768
REFERENCE index=0 own_instance_path=1 text=9e14e9e05c98f3f0
REFERENCE index=1 own_instance_path=0 text=df60c6dfd2bbef82
REFERENCE index=2 own_instance_path=1 text=a4a8a897200a1a72
REFERENCE index=3 own_instance_path=0 text=132bff72234434ae
REFERENCE index=4 own_instance_path=0 text=fcebe86c03ff34d3
REFERENCE index=5 own_instance_path=0 text=8d28223f6de3b123
REFERENCE index=6 own_instance_path=0 text=7a05fb1ed84f6258
REFERENCE index=7 own_instance_path=0 text=32946f2da09152f6
CASE mode=chain_small groups=2 leaves=4
ROOT exit=0 text=18e44990b9a3ac26 tokens=16321 publish_ms=9.52 state_bytes=261845 generation_tps=4.084
LEADER group=0 mig=fafc828a exit=0 text=acd613c4a2e08cd5 tokens=17794 context_ms=38.9 load_ms=7.28 publish_ms=11.20 state_bytes=285413 generation_tps=4.077
LEADER group=1 mig=31ffbfe4 exit=0 text=1cb5a4c4e389dcfb tokens=17794 context_ms=39.4 load_ms=7.34 publish_ms=11.04 state_bytes=285413 generation_tps=3.636
LEAF index=0 group=0 mig=fafc828a exit=0 text=9e14e9e05c98f3f0 context_ms=42.5 load_ms=8.22 decode_ms=281.0 first_token_ms=1811.3 generation_tps=3.752 token_ids=576:1467:16555:279:7525:315:279:28809:323:279:10001:304:2033:311:264:2150:14527:13:576:28809:31995:264:1598:7177:369:1817:17654:323:10797:9079:1948:48094:3118:389:2795:43363:11:1393:279:10001:5574:973:264:4034:11:40587:432:11:323:8837:279:2150:1965:1573:592:29489:279:3383:13:220:16:13:576:1467
LEAF index=1 group=0 mig=31ffbfe4 exit=0 text=df60c6dfd2bbef82 context_ms=46.0 load_ms=8.27 decode_ms=441.3 first_token_ms=2248.0 generation_tps=2.836 token_ids=576:1467:16555:279:7525:315:279:28809:323:279:10001:304:2033:311:264:2150:14527:13:576:28809:31995:264:1598:7177:369:1817:17654:323:10797:9079:1948:48094:3118:389:2795:43363:13:3197:264:2150:14527:13666:11:279:10001:1329:973:279:12731:11:5574:973:264:4034:11:40587:432:11:323:8837:279:2150:1965:1573
LEAF index=2 group=0 mig=fafc828a exit=0 text=a4a8a897200a1a72 context_ms=51.7 load_ms=8.38 decode_ms=489.3 first_token_ms=2383.0 generation_tps=3.792 token_ids=576:1467:16555:279:7525:315:279:28809:323:279:10001:304:2033:311:264:2150:14527:13:576:28809:31995:264:1598:7177:369:1817:17654:323:10797:9079:1948:48094:3118:389:2795:43363:13:3197:264:2150:14527:13666:11:279:10001:1329:973:279:2150:12731:11:5574:973:264:4034:11:40587:432:448:821:11:323:8837:279
LEAF index=3 group=0 mig=31ffbfe4 exit=0 text=a4a8a897200a1a72 context_ms=45.9 load_ms=8.18 decode_ms=618.7 first_token_ms=2508.8 generation_tps=2.854 token_ids=576:1467:16555:279:7525:315:279:28809:323:279:10001:304:2033:311:264:2150:14527:13:576:28809:31995:264:1598:7177:369:1817:17654:323:10797:9079:1948:48094:3118:389:2795:43363:13:3197:264:2150:14527:13666:11:279:10001:1329:973:279:2150:12731:11:5574:973:264:4034:11:40587:432:448:821:11:323:8837:279
LEAF index=4 group=1 mig=31ffbfe4 exit=0 text=6fcd5b33e219e31a context_ms=41.1 load_ms=8.06 decode_ms=461.7 first_token_ms=2272.6 generation_tps=2.839 token_ids=576:1467:34334:279:28809:323:10001:7525:11:7945:21080:389:1246:279:28809:28872:9079:3941:5248:36586:323:1246:264:2150:14527:374:17608:13:3197:264:2150:14527:13666:11:279:10001:1329:973:279:12731:11:5574:973:264:4034:11:40587:432:11:323:8837:279:2150:1965:1573:592:29489:279:3383:13:576:28809:31995:264
LEAF index=5 group=1 mig=fafc828a exit=0 text=e4766354bc4d1795 context_ms=41.2 load_ms=8.55 decode_ms=497.7 first_token_ms=2331.0 generation_tps=3.776 token_ids=576:1467:34334:279:28809:323:10001:7525:11:7945:21080:389:1246:279:28809:28872:9079:3941:5248:36586:323:1246:264:2150:14527:374:17608:13:576:28809:31995:264:1598:7177:369:1817:17654:323:8702:2095:9079:3118:389:2795:43363:13:3197:264:2150:14527:13666:11:279:10001:1329:973:279:8311:4938:12731:11:5574:973:264
LEAF index=6 group=1 mig=31ffbfe4 exit=0 text=7a05fb1ed84f6258 context_ms=49.8 load_ms=8.13 decode_ms=601.9 first_token_ms=2478.9 generation_tps=2.852 token_ids=576:1467:34334:279:28809:323:10001:7525:11:7945:21080:389:1246:279:28809:28872:9079:323:279:10001:13469:2150:56690:13:576:28809:31995:264:1598:7177:369:1817:17654:323:8702:2095:9079:311:8172:279:2795:13:3197:264:2150:14527:13666:11:279:10001:1329:973:279:2150:11:5574:973:264:4034:11:40587:432:11:323
LEAF index=7 group=1 mig=fafc828a exit=0 text=32946f2da09152f6 context_ms=49.1 load_ms=8.54 decode_ms=496.0 first_token_ms=2385.3 generation_tps=3.788 token_ids=576:1467:34334:279:28809:323:10001:7525:11:7945:21080:389:1246:279:28809:28872:9079:323:279:10001:13469:2150:56690:13:576:28809:31995:264:1598:7177:369:1817:17654:323:8702:2095:9079:311:8172:279:2795:13:3197:264:2150:14527:13666:11:279:10001:1329:973:279:2150:12731:11:5574:973:264:4034:11:40587:432:11
MEMORY tree_drop_mib=9202 files_attached_mib=1071 files_removed=1 files_end_mib=0
END_CASE failed=0 timed_out=0 wall_ms=50715
CASE mode=chain groups=2 leaves=4
ROOT exit=0 text=18e44990b9a3ac26 tokens=16321 publish_ms=8.99 state_bytes=261845 generation_tps=4.015
LEADER group=0 mig=fafc828a exit=0 text=acd613c4a2e08cd5 tokens=17794 context_ms=40.9 load_ms=7.50 publish_ms=6.64 state_bytes=285413 generation_tps=3.967
LEADER group=1 mig=31ffbfe4 exit=0 text=1cb5a4c4e389dcfb tokens=17794 context_ms=35.8 load_ms=7.34 publish_ms=4.72 state_bytes=285413 generation_tps=3.547
LEAF index=0 group=0 mig=fafc828a exit=0 text=9e14e9e05c98f3f0 context_ms=40.7 load_ms=8.13 decode_ms=278.8 first_token_ms=1581.4 generation_tps=3.726 token_ids=576:1467:16555:279:7525:315:279:28809:323:279:10001:304:2033:311:264:2150:14527:13:576:28809:31995:264:1598:7177:369:1817:17654:323:10797:9079:1948:48094:3118:389:2795:43363:11:1393:279:10001:5574:973:264:4034:11:40587:432:11:323:8837:279:2150:1965:1573:592:29489:279:3383:13:220:16:13:576:1467
LEAF index=1 group=0 mig=31ffbfe4 exit=0 text=df60c6dfd2bbef82 context_ms=52.6 load_ms=8.50 decode_ms=574.1 first_token_ms=2437.8 generation_tps=2.836 token_ids=576:1467:16555:279:7525:315:279:28809:323:279:10001:304:2033:311:264:2150:14527:13:576:28809:31995:264:1598:7177:369:1817:17654:323:10797:9079:1948:48094:3118:389:2795:43363:13:3197:264:2150:14527:13666:11:279:10001:1329:973:279:12731:11:5574:973:264:4034:11:40587:432:11:323:8837:279:2150:1965:1573
LEAF index=2 group=0 mig=fafc828a exit=0 text=a4a8a897200a1a72 context_ms=51.4 load_ms=8.49 decode_ms=483.3 first_token_ms=2357.7 generation_tps=3.762 token_ids=576:1467:16555:279:7525:315:279:28809:323:279:10001:304:2033:311:264:2150:14527:13:576:28809:31995:264:1598:7177:369:1817:17654:323:10797:9079:1948:48094:3118:389:2795:43363:13:3197:264:2150:14527:13666:11:279:10001:1329:973:279:2150:12731:11:5574:973:264:4034:11:40587:432:448:821:11:323:8837:279
LEAF index=3 group=0 mig=31ffbfe4 exit=0 text=a4a8a897200a1a72 context_ms=38.5 load_ms=8.24 decode_ms=373.9 first_token_ms=2099.8 generation_tps=2.819 token_ids=576:1467:16555:279:7525:315:279:28809:323:279:10001:304:2033:311:264:2150:14527:13:576:28809:31995:264:1598:7177:369:1817:17654:323:10797:9079:1948:48094:3118:389:2795:43363:13:3197:264:2150:14527:13666:11:279:10001:1329:973:279:2150:12731:11:5574:973:264:4034:11:40587:432:448:821:11:323:8837:279
LEAF index=4 group=1 mig=31ffbfe4 exit=0 text=6fcd5b33e219e31a context_ms=42.5 load_ms=8.30 decode_ms=564.3 first_token_ms=2383.6 generation_tps=2.831 token_ids=576:1467:34334:279:28809:323:10001:7525:11:7945:21080:389:1246:279:28809:28872:9079:3941:5248:36586:323:1246:264:2150:14527:374:17608:13:3197:264:2150:14527:13666:11:279:10001:1329:973:279:12731:11:5574:973:264:4034:11:40587:432:11:323:8837:279:2150:1965:1573:592:29489:279:3383:13:576:28809:31995:264
LEAF index=5 group=1 mig=fafc828a exit=0 text=e4766354bc4d1795 context_ms=49.8 load_ms=8.36 decode_ms=487.3 first_token_ms=2343.7 generation_tps=3.762 token_ids=576:1467:34334:279:28809:323:10001:7525:11:7945:21080:389:1246:279:28809:28872:9079:3941:5248:36586:323:1246:264:2150:14527:374:17608:13:576:28809:31995:264:1598:7177:369:1817:17654:323:8702:2095:9079:3118:389:2795:43363:13:3197:264:2150:14527:13666:11:279:10001:1329:973:279:8311:4938:12731:11:5574:973:264
LEAF index=6 group=1 mig=31ffbfe4 exit=0 text=7a05fb1ed84f6258 context_ms=49.7 load_ms=8.26 decode_ms=567.7 first_token_ms=2409.0 generation_tps=2.832 token_ids=576:1467:34334:279:28809:323:10001:7525:11:7945:21080:389:1246:279:28809:28872:9079:323:279:10001:13469:2150:56690:13:576:28809:31995:264:1598:7177:369:1817:17654:323:8702:2095:9079:311:8172:279:2795:13:3197:264:2150:14527:13666:11:279:10001:1329:973:279:2150:11:5574:973:264:4034:11:40587:432:11:323
LEAF index=7 group=1 mig=fafc828a exit=0 text=32946f2da09152f6 context_ms=60.6 load_ms=8.17 decode_ms=462.6 first_token_ms=2322.8 generation_tps=3.761 token_ids=576:1467:34334:279:28809:323:10001:7525:11:7945:21080:389:1246:279:28809:28872:9079:323:279:10001:13469:2150:56690:13:576:28809:31995:264:1598:7177:369:1817:17654:323:8702:2095:9079:311:8172:279:2795:13:3197:264:2150:14527:13666:11:279:10001:1329:973:279:2150:12731:11:5574:973:264:4034:11:40587:432:11
MEMORY tree_drop_mib=9464 files_attached_mib=1344 files_removed=1 files_end_mib=0
END_CASE failed=0 timed_out=0 wall_ms=50863
CASE mode=flat groups=2 leaves=4
ROOT exit=0 text=18e44990b9a3ac26 tokens=16321 publish_ms=9.32 state_bytes=261845 generation_tps=3.444
LEADER group=0 mig=fafc828a exit=0 text=acd613c4a2e08cd5 tokens=16321 context_ms=37.3 load_ms=7.58 publish_ms= state_bytes= generation_tps=3.686
LEADER group=1 mig=31ffbfe4 exit=0 text=1cb5a4c4e389dcfb tokens=16321 context_ms=37.1 load_ms=7.13 publish_ms= state_bytes= generation_tps=2.565
LEAF index=0 group=0 mig=fafc828a exit=0 text=9e14e9e05c98f3f0 context_ms=47.7 load_ms=7.84 decode_ms=14170.1 first_token_ms=15203.1 generation_tps=4.021 token_ids=576:1467:16555:279:7525:315:279:28809:323:279:10001:304:2033:311:264:2150:14527:13:576:28809:31995:264:1598:7177:369:1817:17654:323:10797:9079:1948:48094:3118:389:2795:43363:11:1393:279:10001:5574:973:264:4034:11:40587:432:11:323:8837:279:2150:1965:1573:592:29489:279:3383:13:220:16:13:576:1467
LEAF index=1 group=0 mig=31ffbfe4 exit=0 text=df60c6dfd2bbef82 context_ms=35.8 load_ms=7.78 decode_ms=20055.9 first_token_ms=21419.3 generation_tps=2.842 token_ids=576:1467:16555:279:7525:315:279:28809:323:279:10001:304:2033:311:264:2150:14527:13:576:28809:31995:264:1598:7177:369:1817:17654:323:10797:9079:1948:48094:3118:389:2795:43363:13:3197:264:2150:14527:13666:11:279:10001:1329:973:279:12731:11:5574:973:264:4034:11:40587:432:11:323:8837:279:2150:1965:1573
LEAF index=2 group=0 mig=fafc828a exit=0 text=a4a8a897200a1a72 context_ms=39.6 load_ms=7.58 decode_ms=14751.4 first_token_ms=16308.3 generation_tps=4.161 token_ids=576:1467:16555:279:7525:315:279:28809:323:279:10001:304:2033:311:264:2150:14527:13:576:28809:31995:264:1598:7177:369:1817:17654:323:10797:9079:1948:48094:3118:389:2795:43363:13:3197:264:2150:14527:13666:11:279:10001:1329:973:279:2150:12731:11:5574:973:264:4034:11:40587:432:448:821:11:323:8837:279
LEAF index=3 group=0 mig=31ffbfe4 exit=0 text=a4a8a897200a1a72 context_ms=38.0 load_ms=7.60 decode_ms=20272.4 first_token_ms=21787.0 generation_tps=2.864 token_ids=576:1467:16555:279:7525:315:279:28809:323:279:10001:304:2033:311:264:2150:14527:13:576:28809:31995:264:1598:7177:369:1817:17654:323:10797:9079:1948:48094:3118:389:2795:43363:13:3197:264:2150:14527:13666:11:279:10001:1329:973:279:2150:12731:11:5574:973:264:4034:11:40587:432:448:821:11:323:8837:279
LEAF index=4 group=1 mig=31ffbfe4 exit=0 text=6fcd5b33e219e31a context_ms=37.2 load_ms=7.61 decode_ms=20274.3 first_token_ms=21762.7 generation_tps=2.863 token_ids=576:1467:34334:279:28809:323:10001:7525:11:7945:21080:389:1246:279:28809:28872:9079:3941:5248:36586:323:1246:264:2150:14527:374:17608:13:3197:264:2150:14527:13666:11:279:10001:1329:973:279:12731:11:5574:973:264:4034:11:40587:432:11:323:8837:279:2150:1965:1573:592:29489:279:3383:13:576:28809:31995:264
LEAF index=5 group=1 mig=fafc828a exit=0 text=8d28223f6de3b123 context_ms=38.9 load_ms=7.48 decode_ms=14746.1 first_token_ms=16263.8 generation_tps=4.159 token_ids=576:1467:34334:279:28809:323:10001:7525:11:7945:21080:389:1246:279:28809:28872:9079:3941:5248:36586:323:1246:264:2150:14527:374:17608:13:576:28809:31995:264:1598:7177:369:1817:17654:323:8702:2095:9079:311:8172:279:2795:13:3197:264:2150:14527:13666:11:279:10001:1329:973:279:2150:11:5574:973:264:4034:11
LEAF index=6 group=1 mig=31ffbfe4 exit=0 text=7a05fb1ed84f6258 context_ms=34.6 load_ms=7.67 decode_ms=20188.5 first_token_ms=21596.1 generation_tps=2.852 token_ids=576:1467:34334:279:28809:323:10001:7525:11:7945:21080:389:1246:279:28809:28872:9079:323:279:10001:13469:2150:56690:13:576:28809:31995:264:1598:7177:369:1817:17654:323:8702:2095:9079:311:8172:279:2795:13:3197:264:2150:14527:13666:11:279:10001:1329:973:279:2150:11:5574:973:264:4034:11:40587:432:11:323
LEAF index=7 group=1 mig=fafc828a exit=0 text=32946f2da09152f6 context_ms=37.9 load_ms=7.35 decode_ms=14719.5 first_token_ms=16247.3 generation_tps=4.153 token_ids=576:1467:34334:279:28809:323:10001:7525:11:7945:21080:389:1246:279:28809:28872:9079:323:279:10001:13469:2150:56690:13:576:28809:31995:264:1598:7177:369:1817:17654:323:8702:2095:9079:311:8172:279:2795:13:3197:264:2150:14527:13666:11:279:10001:1329:973:279:2150:12731:11:5574:973:264:4034:11:40587:432:11
MEMORY tree_drop_mib=9826 files_attached_mib=896 files_removed=1 files_end_mib=0
END_CASE failed=0 timed_out=0 wall_ms=66339
CASE mode=copy groups=2 leaves=4
ROOT exit=0 text=18e44990b9a3ac26 tokens=16321 publish_ms=533.24 state_bytes=936173269 generation_tps=4.262
LEADER group=0 mig=fafc828a exit=0 text=acd613c4a2e08cd5 tokens=17794 context_ms=64.7 load_ms=143.53 publish_ms=641.82 state_bytes=1020664549 generation_tps=4.281
LEADER group=1 mig=31ffbfe4 exit=0 text=1cb5a4c4e389dcfb tokens=17794 context_ms=75.9 load_ms=210.39 publish_ms=563.54 state_bytes=1020664549 generation_tps=4.129
LEAF index=0 group=0 mig=fafc828a exit=0 text=9e14e9e05c98f3f0 context_ms=76.8 load_ms=397.63 decode_ms=347.4 first_token_ms=2445.6 generation_tps=3.860 token_ids=576:1467:16555:279:7525:315:279:28809:323:279:10001:304:2033:311:264:2150:14527:13:576:28809:31995:264:1598:7177:369:1817:17654:323:10797:9079:1948:48094:3118:389:2795:43363:11:1393:279:10001:5574:973:264:4034:11:40587:432:11:323:8837:279:2150:1965:1573:592:29489:279:3383:13:220:16:13:576:1467
LEAF index=1 group=0 mig=31ffbfe4 exit=0 text=df60c6dfd2bbef82 context_ms=129.4 load_ms=514.41 decode_ms=568.2 first_token_ms=3092.0 generation_tps=2.998 token_ids=576:1467:16555:279:7525:315:279:28809:323:279:10001:304:2033:311:264:2150:14527:13:576:28809:31995:264:1598:7177:369:1817:17654:323:10797:9079:1948:48094:3118:389:2795:43363:13:3197:264:2150:14527:13666:11:279:10001:1329:973:279:12731:11:5574:973:264:4034:11:40587:432:11:323:8837:279:2150:1965:1573
LEAF index=2 group=0 mig=fafc828a exit=0 text=a4a8a897200a1a72 context_ms=194.0 load_ms=531.31 decode_ms=526.5 first_token_ms=3058.4 generation_tps=3.911 token_ids=576:1467:16555:279:7525:315:279:28809:323:279:10001:304:2033:311:264:2150:14527:13:576:28809:31995:264:1598:7177:369:1817:17654:323:10797:9079:1948:48094:3118:389:2795:43363:13:3197:264:2150:14527:13666:11:279:10001:1329:973:279:2150:12731:11:5574:973:264:4034:11:40587:432:448:821:11:323:8837:279
LEAF index=3 group=0 mig=31ffbfe4 exit=0 text=a4a8a897200a1a72 context_ms=130.7 load_ms=513.33 decode_ms=566.6 first_token_ms=3091.2 generation_tps=3.002 token_ids=576:1467:16555:279:7525:315:279:28809:323:279:10001:304:2033:311:264:2150:14527:13:576:28809:31995:264:1598:7177:369:1817:17654:323:10797:9079:1948:48094:3118:389:2795:43363:13:3197:264:2150:14527:13666:11:279:10001:1329:973:279:2150:12731:11:5574:973:264:4034:11:40587:432:448:821:11:323:8837:279
LEAF index=4 group=1 mig=31ffbfe4 exit=0 text=6fcd5b33e219e31a context_ms=191.6 load_ms=533.02 decode_ms=560.8 first_token_ms=3079.7 generation_tps=2.998 token_ids=576:1467:34334:279:28809:323:10001:7525:11:7945:21080:389:1246:279:28809:28872:9079:3941:5248:36586:323:1246:264:2150:14527:374:17608:13:3197:264:2150:14527:13666:11:279:10001:1329:973:279:12731:11:5574:973:264:4034:11:40587:432:11:323:8837:279:2150:1965:1573:592:29489:279:3383:13:576:28809:31995:264
LEAF index=5 group=1 mig=fafc828a exit=0 text=e4766354bc4d1795 context_ms=163.2 load_ms=485.92 decode_ms=505.3 first_token_ms=3027.7 generation_tps=3.910 token_ids=576:1467:34334:279:28809:323:10001:7525:11:7945:21080:389:1246:279:28809:28872:9079:3941:5248:36586:323:1246:264:2150:14527:374:17608:13:576:28809:31995:264:1598:7177:369:1817:17654:323:8702:2095:9079:3118:389:2795:43363:13:3197:264:2150:14527:13666:11:279:10001:1329:973:279:8311:4938:12731:11:5574:973:264
LEAF index=6 group=1 mig=31ffbfe4 exit=0 text=7a05fb1ed84f6258 context_ms=207.4 load_ms=515.51 decode_ms=527.7 first_token_ms=3043.4 generation_tps=2.995 token_ids=576:1467:34334:279:28809:323:10001:7525:11:7945:21080:389:1246:279:28809:28872:9079:323:279:10001:13469:2150:56690:13:576:28809:31995:264:1598:7177:369:1817:17654:323:8702:2095:9079:311:8172:279:2795:13:3197:264:2150:14527:13666:11:279:10001:1329:973:279:2150:11:5574:973:264:4034:11:40587:432:11:323
LEAF index=7 group=1 mig=fafc828a exit=0 text=32946f2da09152f6 context_ms=176.5 load_ms=414.82 decode_ms=397.6 first_token_ms=2754.2 generation_tps=3.867 token_ids=576:1467:34334:279:28809:323:10001:7525:11:7945:21080:389:1246:279:28809:28872:9079:323:279:10001:13469:2150:56690:13:576:28809:31995:264:1598:7177:369:1817:17654:323:8702:2095:9079:311:8172:279:2795:13:3197:264:2150:14527:13666:11:279:10001:1329:973:279:2150:12731:11:5574:973:264:4034:11:40587:432:11
MEMORY tree_drop_mib=27960 files_attached_mib=0 files_removed=0 files_end_mib=0
END_CASE failed=0 timed_out=0 wall_ms=51317
END_KVTREE
