BEGIN_KVMECH run=1
CASE placement=same mode=copy children=8 paragraphs=320 context=32768
PARENT exit=0 text=c646470e58f73411 prefix_tokens=16321 prefix_ms=19772.2 publish_ms=564.18 state_bytes=936173269 model_ms=595.8 context_ms=59.3 suffix_ms=62.8 generation_ms=10160.4 generated=64 generation_tps=6.299 total_ms=48277.8
CHILD index=0 own_instance=1 exit=0 text=d42c4c07975a6446 role=child prefix_tokens=16321 suffix_tokens=16 model_ms=1261.3 context_ms=208.2 state_ms=529.75 prefix_ms=0.0 suffix_ms=658.1 first_token_ms=2941.4 generation_ms=23568.7 generated=64 generation_tps=2.715
CHILD index=1 own_instance=1 exit=0 text=3fd8649867d4bb41 role=child prefix_tokens=16321 suffix_tokens=16 model_ms=1241.0 context_ms=236.9 state_ms=500.22 prefix_ms=0.0 suffix_ms=666.2 first_token_ms=2947.4 generation_ms=23572.6 generated=64 generation_tps=2.715
CHILD index=2 own_instance=1 exit=0 text=3fd8649867d4bb41 role=child prefix_tokens=16321 suffix_tokens=16 model_ms=1257.0 context_ms=215.4 state_ms=528.93 prefix_ms=0.0 suffix_ms=657.7 first_token_ms=2938.7 generation_ms=23567.6 generated=64 generation_tps=2.716
CHILD index=3 own_instance=1 exit=0 text=3fd8649867d4bb41 role=child prefix_tokens=16321 suffix_tokens=16 model_ms=1248.7 context_ms=201.2 state_ms=537.65 prefix_ms=0.0 suffix_ms=633.1 first_token_ms=2916.8 generation_ms=23585.4 generated=64 generation_tps=2.714
CHILD index=4 own_instance=1 exit=0 text=3e0fd62f5aa50665 role=child prefix_tokens=16321 suffix_tokens=16 model_ms=1222.9 context_ms=229.2 state_ms=542.99 prefix_ms=0.0 suffix_ms=641.3 first_token_ms=2924.0 generation_ms=23569.2 generated=64 generation_tps=2.715
CHILD index=5 own_instance=1 exit=0 text=3e0fd62f5aa50665 role=child prefix_tokens=16321 suffix_tokens=16 model_ms=1210.8 context_ms=195.1 state_ms=358.93 prefix_ms=0.0 suffix_ms=245.5 first_token_ms=2311.6 generation_ms=23539.8 generated=64 generation_tps=2.719
CHILD index=6 own_instance=1 exit=0 text=4a8f18b77dbe0332 role=child prefix_tokens=16321 suffix_tokens=16 model_ms=1212.8 context_ms=253.4 state_ms=518.34 prefix_ms=0.0 suffix_ms=658.4 first_token_ms=2939.8 generation_ms=23561.2 generated=64 generation_tps=2.716
CHILD index=7 own_instance=1 exit=0 text=4a8f18b77dbe0332 role=child prefix_tokens=16321 suffix_tokens=16 model_ms=1248.1 context_ms=244.3 state_ms=498.76 prefix_ms=0.0 suffix_ms=658.4 first_token_ms=2941.9 generation_ms=23570.1 generated=64 generation_tps=2.715
MEMORY mem_available_drop_mib=20294
END_CASE failed=0 timed_out=0
CASE placement=same mode=demand children=8 paragraphs=320 context=32768
PARENT exit=0 text=c646470e58f73411 prefix_tokens=16321 prefix_ms=19794.3 publish_ms=559.28 state_bytes=936173269 model_ms=598.6 context_ms=35.9 suffix_ms=62.9 generation_ms=11570.7 generated=64 generation_tps=5.531 total_ms=48134.9
CHILD index=0 own_instance=1 exit=0 text=d42c4c07975a6446 role=child prefix_tokens=16321 suffix_tokens=16 model_ms=1249.6 context_ms=39.8 state_ms=659.99 prefix_ms=0.0 suffix_ms=661.5 first_token_ms=2908.7 generation_ms=23605.6 generated=64 generation_tps=2.711
CHILD index=1 own_instance=1 exit=0 text=3fd8649867d4bb41 role=child prefix_tokens=16321 suffix_tokens=16 model_ms=1236.9 context_ms=36.6 state_ms=603.56 prefix_ms=0.0 suffix_ms=534.3 first_token_ms=2690.8 generation_ms=23647.7 generated=64 generation_tps=2.706
CHILD index=2 own_instance=1 exit=0 text=3fd8649867d4bb41 role=child prefix_tokens=16321 suffix_tokens=16 model_ms=1168.5 context_ms=33.2 state_ms=286.86 prefix_ms=0.0 suffix_ms=262.0 first_token_ms=2004.4 generation_ms=23446.1 generated=64 generation_tps=2.730
CHILD index=3 own_instance=1 exit=0 text=3fd8649867d4bb41 role=child prefix_tokens=16321 suffix_tokens=16 model_ms=1250.2 context_ms=45.9 state_ms=665.25 prefix_ms=0.0 suffix_ms=660.7 first_token_ms=2905.5 generation_ms=23604.3 generated=64 generation_tps=2.711
CHILD index=4 own_instance=1 exit=0 text=3e0fd62f5aa50665 role=child prefix_tokens=16321 suffix_tokens=16 model_ms=1232.4 context_ms=47.0 state_ms=655.08 prefix_ms=0.0 suffix_ms=650.1 first_token_ms=2877.8 generation_ms=23617.2 generated=64 generation_tps=2.710
CHILD index=5 own_instance=1 exit=0 text=3e0fd62f5aa50665 role=child prefix_tokens=16321 suffix_tokens=16 model_ms=1222.8 context_ms=43.8 state_ms=651.52 prefix_ms=0.0 suffix_ms=635.9 first_token_ms=2854.7 generation_ms=23634.7 generated=64 generation_tps=2.708
CHILD index=6 own_instance=1 exit=0 text=4a8f18b77dbe0332 role=child prefix_tokens=16321 suffix_tokens=16 model_ms=1181.3 context_ms=33.5 state_ms=475.36 prefix_ms=0.0 suffix_ms=340.9 first_token_ms=2317.8 generation_ms=23832.3 generated=64 generation_tps=2.685
CHILD index=7 own_instance=1 exit=0 text=4a8f18b77dbe0332 role=child prefix_tokens=16321 suffix_tokens=16 model_ms=1236.6 context_ms=47.2 state_ms=669.94 prefix_ms=0.0 suffix_ms=646.7 first_token_ms=2890.7 generation_ms=23609.6 generated=64 generation_tps=2.711
MEMORY mem_available_drop_mib=14169
END_CASE failed=0 timed_out=0
CASE placement=same mode=device children=8 paragraphs=320 context=32768
PARENT exit=0 text=c646470e58f73411 prefix_tokens=16321 prefix_ms=19790.3 publish_ms=42.34 state_bytes=261845 model_ms=590.0 context_ms=35.5 suffix_ms=63.0 generation_ms=10156.1 generated=64 generation_tps=6.302 total_ms=47434.1
CHILD index=0 own_instance=1 exit=0 text=d42c4c07975a6446 role=child prefix_tokens=16321 suffix_tokens=16 model_ms=1239.6 context_ms=654.9 state_ms=414.25 prefix_ms=0.0 suffix_ms=688.0 first_token_ms=3297.1 generation_ms=23094.5 generated=64 generation_tps=2.771
CHILD index=1 own_instance=1 exit=0 text=3fd8649867d4bb41 role=child prefix_tokens=16321 suffix_tokens=16 model_ms=1192.2 context_ms=602.7 state_ms=334.69 prefix_ms=0.0 suffix_ms=556.3 first_token_ms=2986.0 generation_ms=23276.9 generated=64 generation_tps=2.750
CHILD index=2 own_instance=1 exit=0 text=3fd8649867d4bb41 role=child prefix_tokens=16321 suffix_tokens=16 model_ms=1238.9 context_ms=646.7 state_ms=410.07 prefix_ms=0.0 suffix_ms=712.6 first_token_ms=3313.7 generation_ms=23081.0 generated=64 generation_tps=2.773
CHILD index=3 own_instance=1 exit=0 text=3fd8649867d4bb41 role=child prefix_tokens=16321 suffix_tokens=16 model_ms=1205.4 context_ms=598.2 state_ms=330.39 prefix_ms=0.0 suffix_ms=553.4 first_token_ms=2994.7 generation_ms=23249.0 generated=64 generation_tps=2.753
CHILD index=4 own_instance=1 exit=0 text=3e0fd62f5aa50665 role=child prefix_tokens=16321 suffix_tokens=16 model_ms=1128.4 context_ms=242.1 state_ms=112.84 prefix_ms=0.0 suffix_ms=242.2 first_token_ms=1999.5 generation_ms=22830.4 generated=64 generation_tps=2.803
CHILD index=5 own_instance=1 exit=0 text=3e0fd62f5aa50665 role=child prefix_tokens=16321 suffix_tokens=16 model_ms=1249.7 context_ms=629.3 state_ms=406.60 prefix_ms=0.0 suffix_ms=698.8 first_token_ms=3280.8 generation_ms=23098.8 generated=64 generation_tps=2.771
CHILD index=6 own_instance=1 exit=0 text=4a8f18b77dbe0332 role=child prefix_tokens=16321 suffix_tokens=16 model_ms=1137.8 context_ms=433.8 state_ms=180.47 prefix_ms=0.0 suffix_ms=345.1 first_token_ms=2389.6 generation_ms=23313.1 generated=64 generation_tps=2.745
CHILD index=7 own_instance=1 exit=0 text=4a8f18b77dbe0332 role=child prefix_tokens=16321 suffix_tokens=16 model_ms=1180.9 context_ms=493.5 state_ms=178.73 prefix_ms=0.0 suffix_ms=376.5 first_token_ms=2518.7 generation_ms=23354.0 generated=64 generation_tps=2.740
MEMORY mem_available_drop_mib=7825
END_CASE failed=0 timed_out=0
CASE placement=same mode=device_tuned children=8 paragraphs=320 context=32768
PARENT exit=0 text=c646470e58f73411 prefix_tokens=16321 prefix_ms=19787.2 publish_ms=40.48 state_bytes=261845 model_ms=603.0 context_ms=35.4 suffix_ms=62.9 generation_ms=11485.6 generated=64 generation_tps=5.572 total_ms=47371.6
CHILD index=0 own_instance=1 exit=0 text=d42c4c07975a6446 role=child prefix_tokens=16321 suffix_tokens=16 model_ms=1250.3 context_ms=542.4 state_ms=13.43 prefix_ms=0.0 suffix_ms=683.7 first_token_ms=2784.0 generation_ms=23543.9 generated=64 generation_tps=2.718
CHILD index=1 own_instance=1 exit=0 text=3fd8649867d4bb41 role=child prefix_tokens=16321 suffix_tokens=16 model_ms=1217.2 context_ms=522.3 state_ms=15.40 prefix_ms=0.0 suffix_ms=628.9 first_token_ms=2680.5 generation_ms=23563.5 generated=64 generation_tps=2.716
CHILD index=2 own_instance=1 exit=0 text=3fd8649867d4bb41 role=child prefix_tokens=16321 suffix_tokens=16 model_ms=1161.1 context_ms=414.2 state_ms=15.43 prefix_ms=0.0 suffix_ms=412.4 first_token_ms=2305.5 generation_ms=23744.8 generated=64 generation_tps=2.695
CHILD index=3 own_instance=1 exit=0 text=3fd8649867d4bb41 role=child prefix_tokens=16321 suffix_tokens=16 model_ms=1223.5 context_ms=556.3 state_ms=11.97 prefix_ms=0.0 suffix_ms=670.1 first_token_ms=2760.2 generation_ms=23552.1 generated=64 generation_tps=2.717
CHILD index=4 own_instance=1 exit=0 text=3e0fd62f5aa50665 role=child prefix_tokens=16321 suffix_tokens=16 model_ms=1162.5 context_ms=345.3 state_ms=14.83 prefix_ms=0.0 suffix_ms=306.8 first_token_ms=2113.0 generation_ms=23701.7 generated=64 generation_tps=2.700
CHILD index=5 own_instance=1 exit=0 text=3e0fd62f5aa50665 role=child prefix_tokens=16321 suffix_tokens=16 model_ms=1150.4 context_ms=213.1 state_ms=9.71 prefix_ms=0.0 suffix_ms=210.4 first_token_ms=1867.2 generation_ms=23412.1 generated=64 generation_tps=2.734
CHILD index=6 own_instance=1 exit=0 text=4a8f18b77dbe0332 role=child prefix_tokens=16321 suffix_tokens=16 model_ms=1231.5 context_ms=557.7 state_ms=15.80 prefix_ms=0.0 suffix_ms=674.5 first_token_ms=2769.4 generation_ms=23499.2 generated=64 generation_tps=2.723
CHILD index=7 own_instance=1 exit=0 text=4a8f18b77dbe0332 role=child prefix_tokens=16321 suffix_tokens=16 model_ms=1225.0 context_ms=545.2 state_ms=14.77 prefix_ms=0.0 suffix_ms=694.6 first_token_ms=2779.9 generation_ms=23530.6 generated=64 generation_tps=2.720
MEMORY mem_available_drop_mib=7814
END_CASE failed=0 timed_out=0
CASE placement=same mode=device_merged children=8 paragraphs=320 context=32768
PARENT exit=0 text=c646470e58f73411 prefix_tokens=16321 prefix_ms=19785.1 publish_ms=118.49 state_bytes=261845 model_ms=587.5 context_ms=36.0 suffix_ms=63.0 generation_ms=13382.0 generated=64 generation_tps=4.783 total_ms=47408.8
CHILD index=0 own_instance=1 exit=0 text=d42c4c07975a6446 role=child prefix_tokens=16321 suffix_tokens=16 model_ms=1197.8 context_ms=55.5 state_ms=8.15 prefix_ms=0.0 suffix_ms=501.7 first_token_ms=2055.8 generation_ms=24026.2 generated=64 generation_tps=2.664
CHILD index=1 own_instance=1 exit=0 text=3fd8649867d4bb41 role=child prefix_tokens=16321 suffix_tokens=16 model_ms=1167.8 context_ms=53.0 state_ms=7.64 prefix_ms=0.0 suffix_ms=333.3 first_token_ms=1860.7 generation_ms=24104.9 generated=64 generation_tps=2.655
CHILD index=2 own_instance=1 exit=0 text=3fd8649867d4bb41 role=child prefix_tokens=16321 suffix_tokens=16 model_ms=1131.0 context_ms=52.0 state_ms=8.84 prefix_ms=0.0 suffix_ms=263.4 first_token_ms=1744.3 generation_ms=24054.3 generated=64 generation_tps=2.661
CHILD index=3 own_instance=1 exit=0 text=3fd8649867d4bb41 role=child prefix_tokens=16321 suffix_tokens=16 model_ms=1225.9 context_ms=95.1 state_ms=10.77 prefix_ms=0.0 suffix_ms=582.4 first_token_ms=2199.0 generation_ms=23956.8 generated=64 generation_tps=2.671
CHILD index=4 own_instance=1 exit=0 text=3e0fd62f5aa50665 role=child prefix_tokens=16321 suffix_tokens=16 model_ms=1238.4 context_ms=115.4 state_ms=14.97 prefix_ms=0.0 suffix_ms=665.6 first_token_ms=2339.9 generation_ms=23932.4 generated=64 generation_tps=2.674
CHILD index=5 own_instance=1 exit=0 text=3e0fd62f5aa50665 role=child prefix_tokens=16321 suffix_tokens=16 model_ms=1226.4 context_ms=121.3 state_ms=12.52 prefix_ms=0.0 suffix_ms=652.1 first_token_ms=2309.0 generation_ms=23952.2 generated=64 generation_tps=2.672
CHILD index=6 own_instance=1 exit=0 text=4a8f18b77dbe0332 role=child prefix_tokens=16321 suffix_tokens=16 model_ms=1240.7 context_ms=122.1 state_ms=9.13 prefix_ms=0.0 suffix_ms=666.0 first_token_ms=2340.8 generation_ms=23937.0 generated=64 generation_tps=2.674
CHILD index=7 own_instance=1 exit=0 text=4a8f18b77dbe0332 role=child prefix_tokens=16321 suffix_tokens=16 model_ms=1218.9 context_ms=126.7 state_ms=12.77 prefix_ms=0.0 suffix_ms=659.3 first_token_ms=2309.5 generation_ms=23967.2 generated=64 generation_tps=2.670
MEMORY mem_available_drop_mib=7773
END_CASE failed=0 timed_out=0
CASE placement=same mode=cow children=8 paragraphs=320 context=32768
PARENT exit=0 text=c646470e58f73411 prefix_tokens=16321 prefix_ms=19841.2 publish_ms=11.47 state_bytes=261845 model_ms=586.4 context_ms=37.0 suffix_ms=63.6 generation_ms=13802.0 generated=64 generation_tps=4.637 total_ms=48031.1
CHILD index=0 own_instance=1 exit=0 text=d42c4c07975a6446 role=child prefix_tokens=16321 suffix_tokens=16 model_ms=1230.3 context_ms=40.1 state_ms=7.54 prefix_ms=0.0 suffix_ms=1314.2 first_token_ms=2888.2 generation_ms=24025.2 generated=64 generation_tps=2.664
CHILD index=1 own_instance=1 exit=0 text=3fd8649867d4bb41 role=child prefix_tokens=16321 suffix_tokens=16 model_ms=1237.8 context_ms=45.5 state_ms=8.35 prefix_ms=0.0 suffix_ms=1302.3 first_token_ms=2884.8 generation_ms=24019.3 generated=64 generation_tps=2.665
CHILD index=2 own_instance=1 exit=0 text=3fd8649867d4bb41 role=child prefix_tokens=16321 suffix_tokens=16 model_ms=1157.1 context_ms=36.1 state_ms=7.46 prefix_ms=0.0 suffix_ms=809.1 first_token_ms=2275.1 generation_ms=24249.7 generated=64 generation_tps=2.639
CHILD index=3 own_instance=1 exit=0 text=3fd8649867d4bb41 role=child prefix_tokens=16321 suffix_tokens=16 model_ms=1180.5 context_ms=36.0 state_ms=7.33 prefix_ms=0.0 suffix_ms=1236.6 first_token_ms=2754.2 generation_ms=24051.6 generated=64 generation_tps=2.661
CHILD index=4 own_instance=1 exit=0 text=3e0fd62f5aa50665 role=child prefix_tokens=16321 suffix_tokens=16 model_ms=1220.5 context_ms=42.7 state_ms=7.46 prefix_ms=0.0 suffix_ms=1267.7 first_token_ms=2824.3 generation_ms=24041.1 generated=64 generation_tps=2.662
CHILD index=5 own_instance=1 exit=0 text=3e0fd62f5aa50665 role=child prefix_tokens=16321 suffix_tokens=16 model_ms=1229.0 context_ms=42.0 state_ms=7.38 prefix_ms=0.0 suffix_ms=1307.4 first_token_ms=2888.8 generation_ms=24024.4 generated=64 generation_tps=2.664
CHILD index=6 own_instance=1 exit=0 text=4a8f18b77dbe0332 role=child prefix_tokens=16321 suffix_tokens=16 model_ms=1207.2 context_ms=42.9 state_ms=7.54 prefix_ms=0.0 suffix_ms=1259.7 first_token_ms=2806.7 generation_ms=24048.0 generated=64 generation_tps=2.661
CHILD index=7 own_instance=1 exit=0 text=4a8f18b77dbe0332 role=child prefix_tokens=16321 suffix_tokens=16 model_ms=1205.2 context_ms=45.9 state_ms=7.33 prefix_ms=0.0 suffix_ms=1272.3 first_token_ms=2835.8 generation_ms=24056.7 generated=64 generation_tps=2.660
MEMORY mem_available_drop_mib=6881
END_CASE failed=0 timed_out=0
CASE placement=same mode=extent children=8 paragraphs=320 context=32768
PARENT exit=0 text=c646470e58f73411 prefix_tokens=16321 prefix_ms=19840.5 publish_ms=11.68 state_bytes=261845 model_ms=607.8 context_ms=36.1 suffix_ms=62.6 generation_ms=13610.6 generated=64 generation_tps=4.702 total_ms=47162.8
CHILD index=0 own_instance=1 exit=0 text=d42c4c07975a6446 role=child prefix_tokens=16321 suffix_tokens=16 model_ms=1217.1 context_ms=48.3 state_ms=7.44 prefix_ms=0.0 suffix_ms=628.9 first_token_ms=2191.4 generation_ms=23848.7 generated=64 generation_tps=2.684
CHILD index=1 own_instance=1 exit=0 text=3fd8649867d4bb41 role=child prefix_tokens=16321 suffix_tokens=16 model_ms=1220.7 context_ms=47.4 state_ms=7.38 prefix_ms=0.0 suffix_ms=603.8 first_token_ms=2168.2 generation_ms=23851.8 generated=64 generation_tps=2.683
CHILD index=2 own_instance=1 exit=0 text=3fd8649867d4bb41 role=child prefix_tokens=16321 suffix_tokens=16 model_ms=1142.5 context_ms=35.5 state_ms=7.40 prefix_ms=0.0 suffix_ms=231.6 first_token_ms=1692.6 generation_ms=23952.0 generated=64 generation_tps=2.672
CHILD index=3 own_instance=1 exit=0 text=3fd8649867d4bb41 role=child prefix_tokens=16321 suffix_tokens=16 model_ms=1199.8 context_ms=44.6 state_ms=7.58 prefix_ms=0.0 suffix_ms=576.4 first_token_ms=2113.9 generation_ms=23862.8 generated=64 generation_tps=2.682
CHILD index=4 own_instance=1 exit=0 text=3e0fd62f5aa50665 role=child prefix_tokens=16321 suffix_tokens=16 model_ms=1220.0 context_ms=46.4 state_ms=7.49 prefix_ms=0.0 suffix_ms=650.5 first_token_ms=2225.1 generation_ms=23826.5 generated=64 generation_tps=2.686
CHILD index=5 own_instance=1 exit=0 text=3e0fd62f5aa50665 role=child prefix_tokens=16321 suffix_tokens=16 model_ms=1240.1 context_ms=41.6 state_ms=7.69 prefix_ms=0.0 suffix_ms=653.6 first_token_ms=2237.0 generation_ms=23815.6 generated=64 generation_tps=2.687
CHILD index=6 own_instance=1 exit=0 text=4a8f18b77dbe0332 role=child prefix_tokens=16321 suffix_tokens=16 model_ms=1201.4 context_ms=48.1 state_ms=7.56 prefix_ms=0.0 suffix_ms=569.7 first_token_ms=2108.7 generation_ms=23830.9 generated=64 generation_tps=2.686
CHILD index=7 own_instance=1 exit=0 text=4a8f18b77dbe0332 role=child prefix_tokens=16321 suffix_tokens=16 model_ms=1181.8 context_ms=41.9 state_ms=7.44 prefix_ms=0.0 suffix_ms=539.5 first_token_ms=2067.8 generation_ms=23880.6 generated=64 generation_tps=2.680
MEMORY mem_available_drop_mib=6027
END_CASE failed=0 timed_out=0
CASE placement=cross mode=copy children=8 paragraphs=320 context=32768
PARENT exit=0 text=c646470e58f73411 prefix_tokens=16321 prefix_ms=19778.6 publish_ms=556.22 state_bytes=936173269 model_ms=587.8 context_ms=60.3 suffix_ms=62.6 generation_ms=7278.2 generated=64 generation_tps=8.793 total_ms=42552.8
CHILD index=0 own_instance=1 exit=0 text=d42c4c07975a6446 role=child prefix_tokens=16321 suffix_tokens=16 model_ms=1205.8 context_ms=217.8 state_ms=398.97 prefix_ms=0.0 suffix_ms=414.8 first_token_ms=2540.4 generation_ms=13456.3 generated=64 generation_tps=4.756
CHILD index=1 own_instance=0 exit=0 text=3fd8649867d4bb41 role=child prefix_tokens=16321 suffix_tokens=16 model_ms=1184.0 context_ms=160.7 state_ms=485.99 prefix_ms=0.0 suffix_ms=458.7 first_token_ms=2585.4 generation_ms=18415.5 generated=64 generation_tps=3.475
CHILD index=2 own_instance=1 exit=0 text=3fd8649867d4bb41 role=child prefix_tokens=16321 suffix_tokens=16 model_ms=1202.2 context_ms=208.2 state_ms=409.01 prefix_ms=0.0 suffix_ms=384.0 first_token_ms=2509.6 generation_ms=13470.1 generated=64 generation_tps=4.751
CHILD index=3 own_instance=0 exit=0 text=3fd8649867d4bb41 role=child prefix_tokens=16321 suffix_tokens=16 model_ms=1163.2 context_ms=184.8 state_ms=493.07 prefix_ms=0.0 suffix_ms=438.7 first_token_ms=2565.0 generation_ms=18404.5 generated=64 generation_tps=3.477
CHILD index=4 own_instance=1 exit=0 text=3e0fd62f5aa50665 role=child prefix_tokens=16321 suffix_tokens=16 model_ms=1192.5 context_ms=200.9 state_ms=432.52 prefix_ms=0.0 suffix_ms=414.0 first_token_ms=2538.1 generation_ms=13455.4 generated=64 generation_tps=4.756
CHILD index=5 own_instance=0 exit=0 text=3fd8649867d4bb41 role=child prefix_tokens=16321 suffix_tokens=16 model_ms=1190.2 context_ms=207.6 state_ms=436.59 prefix_ms=0.0 suffix_ms=471.0 first_token_ms=2596.5 generation_ms=18408.5 generated=64 generation_tps=3.477
CHILD index=6 own_instance=1 exit=0 text=4a8f18b77dbe0332 role=child prefix_tokens=16321 suffix_tokens=16 model_ms=1227.7 context_ms=184.8 state_ms=423.87 prefix_ms=0.0 suffix_ms=377.1 first_token_ms=2501.9 generation_ms=13437.9 generated=64 generation_tps=4.763
CHILD index=7 own_instance=0 exit=0 text=4a8f18b77dbe0332 role=child prefix_tokens=16321 suffix_tokens=16 model_ms=1067.0 context_ms=63.5 state_ms=260.41 prefix_ms=0.0 suffix_ms=207.7 first_token_ms=1879.2 generation_ms=18134.3 generated=64 generation_tps=3.529
MEMORY mem_available_drop_mib=20242
END_CASE failed=0 timed_out=0
CASE placement=cross mode=demand children=8 paragraphs=320 context=32768
PARENT exit=0 text=c646470e58f73411 prefix_tokens=16321 prefix_ms=19794.3 publish_ms=556.37 state_bytes=936173269 model_ms=583.6 context_ms=35.4 suffix_ms=62.7 generation_ms=8149.3 generated=64 generation_tps=7.853 total_ms=42654.4
CHILD index=0 own_instance=1 exit=0 text=d42c4c07975a6446 role=child prefix_tokens=16321 suffix_tokens=16 model_ms=1111.6 context_ms=33.7 state_ms=410.93 prefix_ms=0.0 suffix_ms=328.7 first_token_ms=2172.1 generation_ms=13602.0 generated=64 generation_tps=4.705
CHILD index=1 own_instance=0 exit=0 text=3fd8649867d4bb41 role=child prefix_tokens=16321 suffix_tokens=16 model_ms=1167.7 context_ms=37.5 state_ms=480.93 prefix_ms=0.0 suffix_ms=339.8 first_token_ms=2321.1 generation_ms=18699.6 generated=64 generation_tps=3.423
CHILD index=2 own_instance=1 exit=0 text=3fd8649867d4bb41 role=child prefix_tokens=16321 suffix_tokens=16 model_ms=1043.8 context_ms=34.0 state_ms=334.87 prefix_ms=0.0 suffix_ms=246.6 first_token_ms=1907.0 generation_ms=13654.5 generated=64 generation_tps=4.687
CHILD index=3 own_instance=0 exit=0 text=3fd8649867d4bb41 role=child prefix_tokens=16321 suffix_tokens=16 model_ms=1183.9 context_ms=35.4 state_ms=496.33 prefix_ms=0.0 suffix_ms=462.3 first_token_ms=2481.6 generation_ms=18682.6 generated=64 generation_tps=3.426
CHILD index=4 own_instance=1 exit=0 text=3e0fd62f5aa50665 role=child prefix_tokens=16321 suffix_tokens=16 model_ms=1211.0 context_ms=39.9 state_ms=637.80 prefix_ms=0.0 suffix_ms=436.0 first_token_ms=2612.3 generation_ms=13295.9 generated=64 generation_tps=4.813
CHILD index=5 own_instance=0 exit=0 text=3fd8649867d4bb41 role=child prefix_tokens=16321 suffix_tokens=16 model_ms=1192.1 context_ms=35.6 state_ms=487.81 prefix_ms=0.0 suffix_ms=449.8 first_token_ms=2469.9 generation_ms=18689.2 generated=64 generation_tps=3.424
CHILD index=6 own_instance=1 exit=0 text=4a8f18b77dbe0332 role=child prefix_tokens=16321 suffix_tokens=16 model_ms=1107.6 context_ms=33.7 state_ms=442.56 prefix_ms=0.0 suffix_ms=357.8 first_token_ms=2241.0 generation_ms=13575.2 generated=64 generation_tps=4.714
CHILD index=7 own_instance=0 exit=0 text=4a8f18b77dbe0332 role=child prefix_tokens=16321 suffix_tokens=16 model_ms=1181.0 context_ms=40.0 state_ms=494.15 prefix_ms=0.0 suffix_ms=422.9 first_token_ms=2435.8 generation_ms=18679.1 generated=64 generation_tps=3.426
MEMORY mem_available_drop_mib=13710
END_CASE failed=0 timed_out=0
CASE placement=cross mode=device children=8 paragraphs=320 context=32768
PARENT exit=0 text=c646470e58f73411 prefix_tokens=16321 prefix_ms=19792.6 publish_ms=43.16 state_bytes=261845 model_ms=598.9 context_ms=35.4 suffix_ms=62.6 generation_ms=6253.5 generated=64 generation_tps=10.234 total_ms=35626.9
CHILD index=0 own_instance=1 exit=0 text=d42c4c07975a6446 role=child prefix_tokens=16321 suffix_tokens=16 model_ms=1213.8 context_ms=493.4 state_ms=82.51 prefix_ms=0.0 suffix_ms=358.8 first_token_ms=2442.9 generation_ms=12107.3 generated=64 generation_tps=5.286
STDERR llama_init_from_model: failed to initialize the context: kv cache: cannot map a published allocation
STDERR kv_fork: cannot create the context
CHILD index=1 own_instance=0 exit=1 text=e3b0c44298fc1c14 
CHILD index=2 own_instance=1 exit=0 text=3fd8649867d4bb41 role=child prefix_tokens=16321 suffix_tokens=16 model_ms=1219.5 context_ms=509.6 state_ms=172.38 prefix_ms=0.0 suffix_ms=421.4 first_token_ms=2622.8 generation_ms=11978.1 generated=64 generation_tps=5.343
STDERR llama_init_from_model: failed to initialize the context: kv cache: cannot map a published allocation
STDERR kv_fork: cannot create the context
CHILD index=3 own_instance=0 exit=1 text=e3b0c44298fc1c14 
CHILD index=4 own_instance=1 exit=0 text=3e0fd62f5aa50665 role=child prefix_tokens=16321 suffix_tokens=16 model_ms=1123.7 context_ms=563.5 state_ms=113.77 prefix_ms=0.0 suffix_ms=358.9 first_token_ms=2456.6 generation_ms=12103.9 generated=64 generation_tps=5.288
STDERR llama_init_from_model: failed to initialize the context: kv cache: cannot map a published allocation
STDERR kv_fork: cannot create the context
CHILD index=5 own_instance=0 exit=1 text=e3b0c44298fc1c14 
CHILD index=6 own_instance=1 exit=0 text=4a8f18b77dbe0332 role=child prefix_tokens=16321 suffix_tokens=16 model_ms=1124.6 context_ms=528.4 state_ms=39.76 prefix_ms=0.0 suffix_ms=255.1 first_token_ms=2227.5 generation_ms=12162.2 generated=64 generation_tps=5.262
STDERR llama_init_from_model: failed to initialize the context: kv cache: cannot map a published allocation
STDERR kv_fork: cannot create the context
CHILD index=7 own_instance=0 exit=1 text=e3b0c44298fc1c14 
MEMORY mem_available_drop_mib=3963
END_CASE failed=4 timed_out=0
CASE placement=cross mode=device_tuned children=8 paragraphs=320 context=32768
PARENT exit=0 text=c646470e58f73411 prefix_tokens=16321 prefix_ms=19799.5 publish_ms=35.93 state_bytes=261845 model_ms=587.2 context_ms=35.8 suffix_ms=63.1 generation_ms=7902.5 generated=64 generation_tps=8.099 total_ms=35596.0
CHILD index=0 own_instance=1 exit=0 text=d42c4c07975a6446 role=child prefix_tokens=16321 suffix_tokens=16 model_ms=1102.9 context_ms=71.2 state_ms=11.23 prefix_ms=0.0 suffix_ms=198.7 first_token_ms=1648.8 generation_ms=12330.0 generated=64 generation_tps=5.191
STDERR llama_init_from_model: failed to initialize the context: kv cache: cannot map a published allocation
STDERR kv_fork: cannot create the context
CHILD index=1 own_instance=0 exit=1 text=e3b0c44298fc1c14 
CHILD index=2 own_instance=1 exit=0 text=3fd8649867d4bb41 role=child prefix_tokens=16321 suffix_tokens=16 model_ms=1206.3 context_ms=406.9 state_ms=11.89 prefix_ms=0.0 suffix_ms=385.3 first_token_ms=2307.4 generation_ms=12301.7 generated=64 generation_tps=5.203
STDERR llama_init_from_model: failed to initialize the context: kv cache: cannot map a published allocation
STDERR kv_fork: cannot create the context
CHILD index=3 own_instance=0 exit=1 text=e3b0c44298fc1c14 
CHILD index=4 own_instance=1 exit=0 text=3e0fd62f5aa50665 role=child prefix_tokens=16321 suffix_tokens=16 model_ms=1145.2 context_ms=369.2 state_ms=12.44 prefix_ms=0.0 suffix_ms=367.9 first_token_ms=2182.5 generation_ms=12366.7 generated=64 generation_tps=5.175
STDERR llama_init_from_model: failed to initialize the context: kv cache: cannot map a published allocation
STDERR kv_fork: cannot create the context
CHILD index=5 own_instance=0 exit=1 text=e3b0c44298fc1c14 
CHILD index=6 own_instance=1 exit=0 text=4a8f18b77dbe0332 role=child prefix_tokens=16321 suffix_tokens=16 model_ms=1194.7 context_ms=388.8 state_ms=13.13 prefix_ms=0.0 suffix_ms=378.7 first_token_ms=2280.3 generation_ms=12328.5 generated=64 generation_tps=5.191
STDERR llama_init_from_model: failed to initialize the context: kv cache: cannot map a published allocation
STDERR kv_fork: cannot create the context
CHILD index=7 own_instance=0 exit=1 text=e3b0c44298fc1c14 
MEMORY mem_available_drop_mib=3981
END_CASE failed=4 timed_out=0
CASE placement=cross mode=device_merged children=8 paragraphs=320 context=32768
PARENT exit=0 text=c646470e58f73411 prefix_tokens=16321 prefix_ms=19795.3 publish_ms=105.62 state_bytes=261845 model_ms=590.6 context_ms=36.3 suffix_ms=63.2 generation_ms=8147.0 generated=64 generation_tps=7.856 total_ms=35590.1
CHILD index=0 own_instance=1 exit=0 text=d42c4c07975a6446 role=child prefix_tokens=16321 suffix_tokens=16 model_ms=1169.0 context_ms=135.6 state_ms=10.38 prefix_ms=0.0 suffix_ms=377.5 first_token_ms=1948.6 generation_ms=12596.1 generated=64 generation_tps=5.081
STDERR llama_init_from_model: failed to initialize the context: kv cache: cannot map a published allocation
STDERR kv_fork: cannot create the context
CHILD index=1 own_instance=0 exit=1 text=e3b0c44298fc1c14 
CHILD index=2 own_instance=1 exit=0 text=3fd8649867d4bb41 role=child prefix_tokens=16321 suffix_tokens=16 model_ms=1092.8 context_ms=71.7 state_ms=10.25 prefix_ms=0.0 suffix_ms=320.0 first_token_ms=1793.5 generation_ms=12652.1 generated=64 generation_tps=5.058
STDERR llama_init_from_model: failed to initialize the context: kv cache: cannot map a published allocation
STDERR kv_fork: cannot create the context
CHILD index=3 own_instance=0 exit=1 text=e3b0c44298fc1c14 
CHILD index=4 own_instance=1 exit=0 text=3e0fd62f5aa50665 role=child prefix_tokens=16321 suffix_tokens=16 model_ms=1105.9 context_ms=72.0 state_ms=10.54 prefix_ms=0.0 suffix_ms=349.1 first_token_ms=1822.0 generation_ms=12667.9 generated=64 generation_tps=5.052
STDERR llama_init_from_model: failed to initialize the context: kv cache: cannot map a published allocation
STDERR kv_fork: cannot create the context
CHILD index=5 own_instance=0 exit=1 text=e3b0c44298fc1c14 
CHILD index=6 own_instance=1 exit=0 text=4a8f18b77dbe0332 role=child prefix_tokens=16321 suffix_tokens=16 model_ms=1181.3 context_ms=135.0 state_ms=13.97 prefix_ms=0.0 suffix_ms=476.9 first_token_ms=2113.7 generation_ms=12468.9 generated=64 generation_tps=5.133
STDERR llama_init_from_model: failed to initialize the context: kv cache: cannot map a published allocation
STDERR kv_fork: cannot create the context
CHILD index=7 own_instance=0 exit=1 text=e3b0c44298fc1c14 
MEMORY mem_available_drop_mib=3927
END_CASE failed=4 timed_out=0
CASE placement=cross mode=cow children=8 paragraphs=320 context=32768
PARENT exit=0 text=c646470e58f73411 prefix_tokens=16321 prefix_ms=19843.7 publish_ms=12.02 state_bytes=261845 model_ms=613.0 context_ms=37.3 suffix_ms=63.0 generation_ms=8679.6 generated=64 generation_tps=7.374 total_ms=42573.4
CHILD index=0 own_instance=1 exit=0 text=d42c4c07975a6446 role=child prefix_tokens=16321 suffix_tokens=16 model_ms=1221.1 context_ms=42.2 state_ms=7.49 prefix_ms=0.0 suffix_ms=756.3 first_token_ms=2319.8 generation_ms=13910.8 generated=64 generation_tps=4.601
CHILD index=1 own_instance=0 exit=0 text=3fd8649867d4bb41 role=child prefix_tokens=16321 suffix_tokens=16 model_ms=1073.7 context_ms=35.7 state_ms=7.39 prefix_ms=0.0 suffix_ms=610.8 first_token_ms=2032.1 generation_ms=19452.0 generated=64 generation_tps=3.290
CHILD index=2 own_instance=1 exit=0 text=3fd8649867d4bb41 role=child prefix_tokens=16321 suffix_tokens=16 model_ms=1213.6 context_ms=44.1 state_ms=7.56 prefix_ms=0.0 suffix_ms=747.9 first_token_ms=2299.0 generation_ms=13908.4 generated=64 generation_tps=4.602
CHILD index=3 own_instance=0 exit=0 text=3fd8649867d4bb41 role=child prefix_tokens=16321 suffix_tokens=16 model_ms=1086.6 context_ms=35.8 state_ms=7.53 prefix_ms=0.0 suffix_ms=549.5 first_token_ms=1953.9 generation_ms=19455.8 generated=64 generation_tps=3.290
CHILD index=4 own_instance=1 exit=0 text=3e0fd62f5aa50665 role=child prefix_tokens=16321 suffix_tokens=16 model_ms=1202.0 context_ms=44.9 state_ms=7.76 prefix_ms=0.0 suffix_ms=748.2 first_token_ms=2295.7 generation_ms=13908.4 generated=64 generation_tps=4.602
CHILD index=5 own_instance=0 exit=0 text=3fd8649867d4bb41 role=child prefix_tokens=16321 suffix_tokens=16 model_ms=1093.8 context_ms=35.2 state_ms=7.51 prefix_ms=0.0 suffix_ms=695.3 first_token_ms=2133.0 generation_ms=19397.4 generated=64 generation_tps=3.299
CHILD index=6 own_instance=1 exit=0 text=4a8f18b77dbe0332 role=child prefix_tokens=16321 suffix_tokens=16 model_ms=1224.2 context_ms=42.4 state_ms=7.26 prefix_ms=0.0 suffix_ms=760.3 first_token_ms=2318.5 generation_ms=13900.2 generated=64 generation_tps=4.604
CHILD index=7 own_instance=0 exit=0 text=4a8f18b77dbe0332 role=child prefix_tokens=16321 suffix_tokens=16 model_ms=1174.3 context_ms=38.6 state_ms=7.51 prefix_ms=0.0 suffix_ms=819.0 first_token_ms=2342.0 generation_ms=19240.2 generated=64 generation_tps=3.326
MEMORY mem_available_drop_mib=6789
END_CASE failed=0 timed_out=0
CASE placement=cross mode=extent children=8 paragraphs=320 context=32768
PARENT exit=0 text=c646470e58f73411 prefix_tokens=16321 prefix_ms=19854.4 publish_ms=11.56 state_bytes=261845 model_ms=622.7 context_ms=36.5 suffix_ms=62.9 generation_ms=9285.8 generated=64 generation_tps=6.892 total_ms=42264.0
CHILD index=0 own_instance=1 exit=0 text=d42c4c07975a6446 role=child prefix_tokens=16321 suffix_tokens=16 model_ms=1011.6 context_ms=35.4 state_ms=7.35 prefix_ms=0.0 suffix_ms=179.9 first_token_ms=1491.7 generation_ms=13925.2 generated=64 generation_tps=4.596
CHILD index=1 own_instance=0 exit=0 text=3fd8649867d4bb41 role=child prefix_tokens=16321 suffix_tokens=16 model_ms=1151.3 context_ms=47.9 state_ms=7.60 prefix_ms=0.0 suffix_ms=391.5 first_token_ms=1885.6 generation_ms=19295.2 generated=64 generation_tps=3.317
CHILD index=2 own_instance=1 exit=0 text=3fd8649867d4bb41 role=child prefix_tokens=16321 suffix_tokens=16 model_ms=1151.0 context_ms=48.0 state_ms=7.55 prefix_ms=0.0 suffix_ms=383.9 first_token_ms=1899.2 generation_ms=13896.9 generated=64 generation_tps=4.605
CHILD index=3 own_instance=0 exit=0 text=3fd8649867d4bb41 role=child prefix_tokens=16321 suffix_tokens=16 model_ms=1158.3 context_ms=49.5 state_ms=7.55 prefix_ms=0.0 suffix_ms=434.4 first_token_ms=1951.4 generation_ms=19273.6 generated=64 generation_tps=3.321
CHILD index=4 own_instance=1 exit=0 text=3e0fd62f5aa50665 role=child prefix_tokens=16321 suffix_tokens=16 model_ms=1171.8 context_ms=48.9 state_ms=7.42 prefix_ms=0.0 suffix_ms=402.8 first_token_ms=1930.3 generation_ms=13889.9 generated=64 generation_tps=4.608
CHILD index=5 own_instance=0 exit=0 text=3fd8649867d4bb41 role=child prefix_tokens=16321 suffix_tokens=16 model_ms=1178.9 context_ms=42.5 state_ms=7.51 prefix_ms=0.0 suffix_ms=449.8 first_token_ms=1986.9 generation_ms=19252.4 generated=64 generation_tps=3.324
CHILD index=6 own_instance=1 exit=0 text=4a8f18b77dbe0332 role=child prefix_tokens=16321 suffix_tokens=16 model_ms=1197.1 context_ms=40.3 state_ms=7.64 prefix_ms=0.0 suffix_ms=409.5 first_token_ms=1949.2 generation_ms=13875.6 generated=64 generation_tps=4.612
CHILD index=7 own_instance=0 exit=0 text=4a8f18b77dbe0332 role=child prefix_tokens=16321 suffix_tokens=16 model_ms=1113.1 context_ms=37.1 state_ms=7.50 prefix_ms=0.0 suffix_ms=306.8 first_token_ms=1770.2 generation_ms=19303.8 generated=64 generation_tps=3.315
MEMORY mem_available_drop_mib=5931
END_CASE failed=0 timed_out=0
CASE placement=same mode=copy children=8 paragraphs=80 context=8192
PARENT exit=0 text=8e42d861853d43f0 prefix_tokens=4081 prefix_ms=4379.1 publish_ms=209.53 state_bytes=234086869 model_ms=611.3 context_ms=28.1 suffix_ms=57.0 generation_ms=11827.2 generated=64 generation_tps=5.411 total_ms=30667.3
CHILD index=0 own_instance=1 exit=0 text=c762b6e82f144cca role=child prefix_tokens=4081 suffix_tokens=16 model_ms=1219.5 context_ms=54.9 state_ms=257.83 prefix_ms=0.0 suffix_ms=595.9 first_token_ms=2410.5 generation_ms=22470.4 generated=64 generation_tps=2.848
CHILD index=1 own_instance=1 exit=0 text=5f0f74be36dfb05d role=child prefix_tokens=4081 suffix_tokens=16 model_ms=1208.4 context_ms=50.8 state_ms=249.78 prefix_ms=0.0 suffix_ms=608.3 first_token_ms=2408.0 generation_ms=22468.8 generated=64 generation_tps=2.848
CHILD index=2 own_instance=1 exit=0 text=45d93d75d8c246b5 role=child prefix_tokens=4081 suffix_tokens=16 model_ms=1061.2 context_ms=31.3 state_ms=159.87 prefix_ms=0.0 suffix_ms=238.5 first_token_ms=1755.3 generation_ms=22489.5 generated=64 generation_tps=2.846
CHILD index=3 own_instance=1 exit=0 text=4a8f18b77dbe0332 role=child prefix_tokens=4081 suffix_tokens=16 model_ms=1197.4 context_ms=68.6 state_ms=250.28 prefix_ms=0.0 suffix_ms=583.0 first_token_ms=2374.9 generation_ms=22488.4 generated=64 generation_tps=2.846
CHILD index=4 own_instance=1 exit=0 text=46404abc10d87546 role=child prefix_tokens=4081 suffix_tokens=16 model_ms=1161.6 context_ms=41.7 state_ms=238.47 prefix_ms=0.0 suffix_ms=515.5 first_token_ms=2248.5 generation_ms=22479.3 generated=64 generation_tps=2.847
CHILD index=5 own_instance=1 exit=0 text=46404abc10d87546 role=child prefix_tokens=4081 suffix_tokens=16 model_ms=1187.3 context_ms=69.2 state_ms=249.43 prefix_ms=0.0 suffix_ms=593.0 first_token_ms=2384.8 generation_ms=22477.5 generated=64 generation_tps=2.847
CHILD index=6 own_instance=1 exit=0 text=46404abc10d87546 role=child prefix_tokens=4081 suffix_tokens=16 model_ms=1193.0 context_ms=75.9 state_ms=254.30 prefix_ms=0.0 suffix_ms=602.6 first_token_ms=2401.2 generation_ms=22455.5 generated=64 generation_tps=2.850
CHILD index=7 own_instance=1 exit=0 text=46404abc10d87546 role=child prefix_tokens=4081 suffix_tokens=16 model_ms=1107.7 context_ms=31.6 state_ms=219.03 prefix_ms=0.0 suffix_ms=331.4 first_token_ms=1977.3 generation_ms=22635.4 generated=64 generation_tps=2.827
MEMORY mem_available_drop_mib=9180
END_CASE failed=0 timed_out=0
CASE placement=same mode=demand children=8 paragraphs=80 context=8192
PARENT exit=0 text=8e42d861853d43f0 prefix_tokens=4081 prefix_ms=4401.9 publish_ms=228.62 state_bytes=234086869 model_ms=587.5 context_ms=21.9 suffix_ms=57.0 generation_ms=12672.9 generated=64 generation_tps=5.050 total_ms=30827.6
CHILD index=0 own_instance=1 exit=0 text=c762b6e82f144cca role=child prefix_tokens=4081 suffix_tokens=16 model_ms=1223.2 context_ms=24.6 state_ms=187.99 prefix_ms=0.0 suffix_ms=591.2 first_token_ms=2313.6 generation_ms=22628.2 generated=64 generation_tps=2.828
CHILD index=1 own_instance=1 exit=0 text=5f0f74be36dfb05d role=child prefix_tokens=4081 suffix_tokens=16 model_ms=1215.7 context_ms=34.3 state_ms=212.70 prefix_ms=0.0 suffix_ms=644.8 first_token_ms=2401.9 generation_ms=22581.5 generated=64 generation_tps=2.834
CHILD index=2 own_instance=1 exit=0 text=45d93d75d8c246b5 role=child prefix_tokens=4081 suffix_tokens=16 model_ms=1194.9 context_ms=22.7 state_ms=197.35 prefix_ms=0.0 suffix_ms=561.7 first_token_ms=2278.7 generation_ms=22633.9 generated=64 generation_tps=2.828
CHILD index=3 own_instance=1 exit=0 text=4a8f18b77dbe0332 role=child prefix_tokens=4081 suffix_tokens=16 model_ms=1150.6 context_ms=24.0 state_ms=187.77 prefix_ms=0.0 suffix_ms=445.5 first_token_ms=2083.8 generation_ms=22703.3 generated=64 generation_tps=2.819
CHILD index=4 own_instance=1 exit=0 text=46404abc10d87546 role=child prefix_tokens=4081 suffix_tokens=16 model_ms=1215.7 context_ms=29.0 state_ms=215.45 prefix_ms=0.0 suffix_ms=634.6 first_token_ms=2391.7 generation_ms=22589.0 generated=64 generation_tps=2.833
CHILD index=5 own_instance=1 exit=0 text=46404abc10d87546 role=child prefix_tokens=4081 suffix_tokens=16 model_ms=1208.6 context_ms=30.4 state_ms=213.44 prefix_ms=0.0 suffix_ms=634.1 first_token_ms=2390.8 generation_ms=22587.9 generated=64 generation_tps=2.833
CHILD index=6 own_instance=1 exit=0 text=46404abc10d87546 role=child prefix_tokens=4081 suffix_tokens=16 model_ms=1142.4 context_ms=22.2 state_ms=182.88 prefix_ms=0.0 suffix_ms=458.8 first_token_ms=2099.3 generation_ms=22696.0 generated=64 generation_tps=2.820
CHILD index=7 own_instance=1 exit=0 text=46404abc10d87546 role=child prefix_tokens=4081 suffix_tokens=16 model_ms=1136.1 context_ms=24.7 state_ms=190.64 prefix_ms=0.0 suffix_ms=442.5 first_token_ms=2080.5 generation_ms=22704.0 generated=64 generation_tps=2.819
MEMORY mem_available_drop_mib=8422
END_CASE failed=0 timed_out=0
CASE placement=same mode=device children=8 paragraphs=80 context=8192
PARENT exit=0 text=8e42d861853d43f0 prefix_tokens=4081 prefix_ms=4403.4 publish_ms=7.48 state_bytes=66005 model_ms=584.7 context_ms=21.6 suffix_ms=57.0 generation_ms=12199.1 generated=64 generation_tps=5.246 total_ms=30549.9
CHILD index=0 own_instance=1 exit=0 text=c762b6e82f144cca role=child prefix_tokens=4081 suffix_tokens=16 model_ms=1178.6 context_ms=257.4 state_ms=149.36 prefix_ms=0.0 suffix_ms=480.1 first_token_ms=2366.5 generation_ms=22545.8 generated=64 generation_tps=2.839
CHILD index=1 own_instance=1 exit=0 text=5f0f74be36dfb05d role=child prefix_tokens=4081 suffix_tokens=16 model_ms=1150.4 context_ms=237.3 state_ms=67.82 prefix_ms=0.0 suffix_ms=374.4 first_token_ms=2116.4 generation_ms=22545.6 generated=64 generation_tps=2.839
CHILD index=2 own_instance=1 exit=0 text=45d93d75d8c246b5 role=child prefix_tokens=4081 suffix_tokens=16 model_ms=1149.5 context_ms=184.3 state_ms=86.50 prefix_ms=0.0 suffix_ms=304.7 first_token_ms=1989.5 generation_ms=22532.5 generated=64 generation_tps=2.840
CHILD index=3 own_instance=1 exit=0 text=4a8f18b77dbe0332 role=child prefix_tokens=4081 suffix_tokens=16 model_ms=1142.9 context_ms=263.8 state_ms=125.66 prefix_ms=0.0 suffix_ms=438.7 first_token_ms=2264.1 generation_ms=22557.8 generated=64 generation_tps=2.837
CHILD index=4 own_instance=1 exit=0 text=46404abc10d87546 role=child prefix_tokens=4081 suffix_tokens=16 model_ms=1212.3 context_ms=295.8 state_ms=338.88 prefix_ms=0.0 suffix_ms=645.3 first_token_ms=2778.5 generation_ms=22246.0 generated=64 generation_tps=2.877
CHILD index=5 own_instance=1 exit=0 text=46404abc10d87546 role=child prefix_tokens=4081 suffix_tokens=16 model_ms=1210.5 context_ms=299.0 state_ms=445.97 prefix_ms=0.0 suffix_ms=626.1 first_token_ms=2885.2 generation_ms=22178.9 generated=64 generation_tps=2.886
CHILD index=6 own_instance=1 exit=0 text=46404abc10d87546 role=child prefix_tokens=4081 suffix_tokens=16 model_ms=1193.8 context_ms=288.4 state_ms=336.07 prefix_ms=0.0 suffix_ms=644.3 first_token_ms=2770.2 generation_ms=22272.5 generated=64 generation_tps=2.874
CHILD index=7 own_instance=1 exit=0 text=46404abc10d87546 role=child prefix_tokens=4081 suffix_tokens=16 model_ms=1157.1 context_ms=250.9 state_ms=121.57 prefix_ms=0.0 suffix_ms=432.3 first_token_ms=2252.0 generation_ms=22551.5 generated=64 generation_tps=2.838
MEMORY mem_available_drop_mib=7551
END_CASE failed=0 timed_out=0
CASE placement=same mode=device_tuned children=8 paragraphs=80 context=8192
PARENT exit=0 text=8e42d861853d43f0 prefix_tokens=4081 prefix_ms=4401.3 publish_ms=7.40 state_bytes=66005 model_ms=612.6 context_ms=21.8 suffix_ms=57.2 generation_ms=14244.5 generated=64 generation_tps=4.493 total_ms=30585.5
CHILD index=0 own_instance=1 exit=0 text=c762b6e82f144cca role=child prefix_tokens=4081 suffix_tokens=16 model_ms=1034.3 context_ms=38.8 state_ms=4.07 prefix_ms=0.0 suffix_ms=183.6 first_token_ms=1526.7 generation_ms=22526.9 generated=64 generation_tps=2.841
CHILD index=1 own_instance=1 exit=0 text=5f0f74be36dfb05d role=child prefix_tokens=4081 suffix_tokens=16 model_ms=1178.9 context_ms=179.2 state_ms=6.65 prefix_ms=0.0 suffix_ms=636.8 first_token_ms=2293.5 generation_ms=22680.3 generated=64 generation_tps=2.822
CHILD index=2 own_instance=1 exit=0 text=45d93d75d8c246b5 role=child prefix_tokens=4081 suffix_tokens=16 model_ms=1172.6 context_ms=139.4 state_ms=2.86 prefix_ms=0.0 suffix_ms=549.7 first_token_ms=2153.4 generation_ms=22737.2 generated=64 generation_tps=2.815
CHILD index=3 own_instance=1 exit=0 text=4a8f18b77dbe0332 role=child prefix_tokens=4081 suffix_tokens=16 model_ms=1185.4 context_ms=160.9 state_ms=4.62 prefix_ms=0.0 suffix_ms=621.7 first_token_ms=2258.9 generation_ms=22706.6 generated=64 generation_tps=2.819
CHILD index=4 own_instance=1 exit=0 text=46404abc10d87546 role=child prefix_tokens=4081 suffix_tokens=16 model_ms=1139.5 context_ms=74.7 state_ms=3.18 prefix_ms=0.0 suffix_ms=455.8 first_token_ms=1974.4 generation_ms=22800.2 generated=64 generation_tps=2.807
CHILD index=5 own_instance=1 exit=0 text=46404abc10d87546 role=child prefix_tokens=4081 suffix_tokens=16 model_ms=1130.4 context_ms=84.8 state_ms=3.39 prefix_ms=0.0 suffix_ms=498.9 first_token_ms=2026.0 generation_ms=22776.7 generated=64 generation_tps=2.810
CHILD index=6 own_instance=1 exit=0 text=46404abc10d87546 role=child prefix_tokens=4081 suffix_tokens=16 model_ms=1188.4 context_ms=148.5 state_ms=3.15 prefix_ms=0.0 suffix_ms=620.2 first_token_ms=2257.8 generation_ms=22693.9 generated=64 generation_tps=2.820
CHILD index=7 own_instance=1 exit=0 text=46404abc10d87546 role=child prefix_tokens=4081 suffix_tokens=16 model_ms=1174.9 context_ms=157.8 state_ms=5.29 prefix_ms=0.0 suffix_ms=634.0 first_token_ms=2276.6 generation_ms=22697.0 generated=64 generation_tps=2.820
MEMORY mem_available_drop_mib=7546
END_CASE failed=0 timed_out=0
CASE placement=same mode=device_merged children=8 paragraphs=80 context=8192
PARENT exit=0 text=8e42d861853d43f0 prefix_tokens=4081 prefix_ms=4406.0 publish_ms=26.67 state_bytes=66005 model_ms=589.1 context_ms=22.6 suffix_ms=57.4 generation_ms=14522.1 generated=64 generation_tps=4.407 total_ms=30550.3
CHILD index=0 own_instance=1 exit=0 text=c762b6e82f144cca role=child prefix_tokens=4081 suffix_tokens=16 model_ms=1181.9 context_ms=137.5 state_ms=5.68 prefix_ms=0.0 suffix_ms=649.9 first_token_ms=2279.9 generation_ms=22712.0 generated=64 generation_tps=2.818
CHILD index=1 own_instance=1 exit=0 text=5f0f74be36dfb05d role=child prefix_tokens=4081 suffix_tokens=16 model_ms=1184.2 context_ms=140.4 state_ms=4.62 prefix_ms=0.0 suffix_ms=637.3 first_token_ms=2257.0 generation_ms=22734.6 generated=64 generation_tps=2.815
CHILD index=2 own_instance=1 exit=0 text=45d93d75d8c246b5 role=child prefix_tokens=4081 suffix_tokens=16 model_ms=1165.3 context_ms=75.6 state_ms=2.32 prefix_ms=0.0 suffix_ms=537.0 first_token_ms=2074.5 generation_ms=22814.2 generated=64 generation_tps=2.805
CHILD index=3 own_instance=1 exit=0 text=4a8f18b77dbe0332 role=child prefix_tokens=4081 suffix_tokens=16 model_ms=1042.3 context_ms=38.0 state_ms=2.17 prefix_ms=0.0 suffix_ms=191.0 first_token_ms=1527.5 generation_ms=22703.0 generated=64 generation_tps=2.819
CHILD index=4 own_instance=1 exit=0 text=46404abc10d87546 role=child prefix_tokens=4081 suffix_tokens=16 model_ms=1123.5 context_ms=55.4 state_ms=3.90 prefix_ms=0.0 suffix_ms=444.3 first_token_ms=1929.6 generation_ms=22871.9 generated=64 generation_tps=2.798
CHILD index=5 own_instance=1 exit=0 text=46404abc10d87546 role=child prefix_tokens=4081 suffix_tokens=16 model_ms=1136.4 context_ms=48.6 state_ms=2.97 prefix_ms=0.0 suffix_ms=388.0 first_token_ms=1863.2 generation_ms=22902.5 generated=64 generation_tps=2.794
CHILD index=6 own_instance=1 exit=0 text=46404abc10d87546 role=child prefix_tokens=4081 suffix_tokens=16 model_ms=1189.3 context_ms=112.7 state_ms=8.12 prefix_ms=0.0 suffix_ms=617.1 first_token_ms=2226.4 generation_ms=22746.7 generated=64 generation_tps=2.814
CHILD index=7 own_instance=1 exit=0 text=46404abc10d87546 role=child prefix_tokens=4081 suffix_tokens=16 model_ms=1203.2 context_ms=123.4 state_ms=5.75 prefix_ms=0.0 suffix_ms=619.4 first_token_ms=2236.0 generation_ms=22735.1 generated=64 generation_tps=2.815
MEMORY mem_available_drop_mib=7562
END_CASE failed=0 timed_out=0
CASE placement=same mode=cow children=8 paragraphs=80 context=8192
PARENT exit=0 text=8e42d861853d43f0 prefix_tokens=4081 prefix_ms=4393.1 publish_ms=4.85 state_bytes=66005 model_ms=599.6 context_ms=22.7 suffix_ms=57.5 generation_ms=13339.1 generated=64 generation_tps=4.798 total_ms=31294.2
CHILD index=0 own_instance=1 exit=0 text=c762b6e82f144cca role=child prefix_tokens=4081 suffix_tokens=16 model_ms=1185.0 context_ms=23.3 state_ms=1.70 prefix_ms=0.0 suffix_ms=1448.2 first_token_ms=2943.8 generation_ms=22741.3 generated=64 generation_tps=2.814
CHILD index=1 own_instance=1 exit=0 text=5f0f74be36dfb05d role=child prefix_tokens=4081 suffix_tokens=16 model_ms=1159.5 context_ms=26.0 state_ms=1.75 prefix_ms=0.0 suffix_ms=1457.8 first_token_ms=2934.5 generation_ms=22746.9 generated=64 generation_tps=2.814
CHILD index=2 own_instance=1 exit=0 text=45d93d75d8c246b5 role=child prefix_tokens=4081 suffix_tokens=16 model_ms=1157.1 context_ms=25.7 state_ms=1.74 prefix_ms=0.0 suffix_ms=1442.1 first_token_ms=2920.4 generation_ms=22753.6 generated=64 generation_tps=2.813
CHILD index=3 own_instance=1 exit=0 text=4a8f18b77dbe0332 role=child prefix_tokens=4081 suffix_tokens=16 model_ms=1133.3 context_ms=23.2 state_ms=1.91 prefix_ms=0.0 suffix_ms=1355.6 first_token_ms=2788.4 generation_ms=22757.5 generated=64 generation_tps=2.812
CHILD index=4 own_instance=1 exit=0 text=46404abc10d87546 role=child prefix_tokens=4081 suffix_tokens=16 model_ms=1145.8 context_ms=26.9 state_ms=1.80 prefix_ms=0.0 suffix_ms=1399.0 first_token_ms=2855.1 generation_ms=22743.7 generated=64 generation_tps=2.814
CHILD index=5 own_instance=1 exit=0 text=46404abc10d87546 role=child prefix_tokens=4081 suffix_tokens=16 model_ms=1103.4 context_ms=22.5 state_ms=1.78 prefix_ms=0.0 suffix_ms=1082.1 first_token_ms=2474.3 generation_ms=22897.3 generated=64 generation_tps=2.795
CHILD index=6 own_instance=1 exit=0 text=46404abc10d87546 role=child prefix_tokens=4081 suffix_tokens=16 model_ms=1154.6 context_ms=25.7 state_ms=1.98 prefix_ms=0.0 suffix_ms=1399.1 first_token_ms=2856.1 generation_ms=22732.8 generated=64 generation_tps=2.815
CHILD index=7 own_instance=1 exit=0 text=46404abc10d87546 role=child prefix_tokens=4081 suffix_tokens=16 model_ms=1173.9 context_ms=29.7 state_ms=1.72 prefix_ms=0.0 suffix_ms=1437.2 first_token_ms=2925.2 generation_ms=22760.0 generated=64 generation_tps=2.812
MEMORY mem_available_drop_mib=6672
END_CASE failed=0 timed_out=0
CASE placement=same mode=extent children=8 paragraphs=80 context=8192
PARENT exit=0 text=8e42d861853d43f0 prefix_tokens=4081 prefix_ms=4395.9 publish_ms=4.90 state_bytes=66005 model_ms=587.2 context_ms=23.0 suffix_ms=57.5 generation_ms=13552.9 generated=64 generation_tps=4.722 total_ms=30418.5
CHILD index=0 own_instance=1 exit=0 text=c762b6e82f144cca role=child prefix_tokens=4081 suffix_tokens=16 model_ms=1158.5 context_ms=30.7 state_ms=1.67 prefix_ms=0.0 suffix_ms=579.1 first_token_ms=2063.8 generation_ms=22801.0 generated=64 generation_tps=2.807
CHILD index=1 own_instance=1 exit=0 text=5f0f74be36dfb05d role=child prefix_tokens=4081 suffix_tokens=16 model_ms=1171.0 context_ms=29.5 state_ms=1.79 prefix_ms=0.0 suffix_ms=576.5 first_token_ms=2060.8 generation_ms=22800.9 generated=64 generation_tps=2.807
CHILD index=2 own_instance=1 exit=0 text=45d93d75d8c246b5 role=child prefix_tokens=4081 suffix_tokens=16 model_ms=1004.3 context_ms=21.9 state_ms=2.05 prefix_ms=0.0 suffix_ms=164.6 first_token_ms=1418.2 generation_ms=22649.2 generated=64 generation_tps=2.826
CHILD index=3 own_instance=1 exit=0 text=4a8f18b77dbe0332 role=child prefix_tokens=4081 suffix_tokens=16 model_ms=1143.7 context_ms=24.6 state_ms=2.09 prefix_ms=0.0 suffix_ms=545.5 first_token_ms=1988.2 generation_ms=22798.7 generated=64 generation_tps=2.807
CHILD index=4 own_instance=1 exit=0 text=46404abc10d87546 role=child prefix_tokens=4081 suffix_tokens=16 model_ms=1138.0 context_ms=26.0 state_ms=1.81 prefix_ms=0.0 suffix_ms=556.1 first_token_ms=2008.5 generation_ms=22807.7 generated=64 generation_tps=2.806
CHILD index=5 own_instance=1 exit=0 text=46404abc10d87546 role=child prefix_tokens=4081 suffix_tokens=16 model_ms=1152.6 context_ms=26.7 state_ms=1.97 prefix_ms=0.0 suffix_ms=566.4 first_token_ms=2038.9 generation_ms=22802.8 generated=64 generation_tps=2.807
CHILD index=6 own_instance=1 exit=0 text=46404abc10d87546 role=child prefix_tokens=4081 suffix_tokens=16 model_ms=1115.1 context_ms=22.2 state_ms=1.96 prefix_ms=0.0 suffix_ms=454.8 first_token_ms=1872.8 generation_ms=22830.7 generated=64 generation_tps=2.803
CHILD index=7 own_instance=1 exit=0 text=46404abc10d87546 role=child prefix_tokens=4081 suffix_tokens=16 model_ms=1153.3 context_ms=22.9 state_ms=1.79 prefix_ms=0.0 suffix_ms=598.0 first_token_ms=2068.3 generation_ms=22794.7 generated=64 generation_tps=2.808
MEMORY mem_available_drop_mib=5796
END_CASE failed=0 timed_out=0
END_KVMECH
BEGIN_KVMECH run=2
CASE placement=same mode=extent children=8 paragraphs=320 context=32768
PARENT exit=0 text=c646470e58f73411 prefix_tokens=16321 prefix_ms=19859.0 publish_ms=11.32 state_bytes=261845 model_ms=593.1 context_ms=37.1 suffix_ms=62.9 generation_ms=13385.5 generated=64 generation_tps=4.781 total_ms=47140.9
CHILD index=0 own_instance=1 exit=0 text=d42c4c07975a6446 role=child prefix_tokens=16321 suffix_tokens=16 model_ms=1145.5 context_ms=38.5 state_ms=7.24 prefix_ms=0.0 suffix_ms=428.9 first_token_ms=1912.0 generation_ms=23882.1 generated=64 generation_tps=2.680
CHILD index=1 own_instance=1 exit=0 text=3fd8649867d4bb41 role=child prefix_tokens=16321 suffix_tokens=16 model_ms=1217.0 context_ms=45.9 state_ms=7.48 prefix_ms=0.0 suffix_ms=645.2 first_token_ms=2207.6 generation_ms=23820.5 generated=64 generation_tps=2.687
CHILD index=2 own_instance=1 exit=0 text=3fd8649867d4bb41 role=child prefix_tokens=16321 suffix_tokens=16 model_ms=1191.3 context_ms=41.8 state_ms=9.32 prefix_ms=0.0 suffix_ms=507.2 first_token_ms=2015.4 generation_ms=23883.4 generated=64 generation_tps=2.680
CHILD index=3 own_instance=1 exit=0 text=3fd8649867d4bb41 role=child prefix_tokens=16321 suffix_tokens=16 model_ms=1174.1 context_ms=45.5 state_ms=8.13 prefix_ms=0.0 suffix_ms=509.7 first_token_ms=2020.4 generation_ms=23882.2 generated=64 generation_tps=2.680
CHILD index=4 own_instance=1 exit=0 text=3e0fd62f5aa50665 role=child prefix_tokens=16321 suffix_tokens=16 model_ms=1182.6 context_ms=45.8 state_ms=7.53 prefix_ms=0.0 suffix_ms=606.7 first_token_ms=2143.1 generation_ms=23863.8 generated=64 generation_tps=2.682
CHILD index=5 own_instance=1 exit=0 text=3e0fd62f5aa50665 role=child prefix_tokens=16321 suffix_tokens=16 model_ms=1194.3 context_ms=39.3 state_ms=7.44 prefix_ms=0.0 suffix_ms=616.5 first_token_ms=2155.5 generation_ms=23854.6 generated=64 generation_tps=2.683
CHILD index=6 own_instance=1 exit=0 text=4a8f18b77dbe0332 role=child prefix_tokens=16321 suffix_tokens=16 model_ms=1211.7 context_ms=44.7 state_ms=7.37 prefix_ms=0.0 suffix_ms=627.9 first_token_ms=2176.5 generation_ms=23845.4 generated=64 generation_tps=2.684
CHILD index=7 own_instance=1 exit=0 text=4a8f18b77dbe0332 role=child prefix_tokens=16321 suffix_tokens=16 model_ms=1213.0 context_ms=44.5 state_ms=7.58 prefix_ms=0.0 suffix_ms=646.8 first_token_ms=2203.3 generation_ms=23825.4 generated=64 generation_tps=2.686
MEMORY mem_available_drop_mib=6042
END_CASE failed=0 timed_out=0
CASE placement=same mode=cow children=8 paragraphs=320 context=32768
PARENT exit=0 text=c646470e58f73411 prefix_tokens=16321 prefix_ms=19861.7 publish_ms=11.48 state_bytes=261845 model_ms=603.4 context_ms=36.6 suffix_ms=62.8 generation_ms=14533.3 generated=64 generation_tps=4.404 total_ms=47956.2
CHILD index=0 own_instance=1 exit=0 text=d42c4c07975a6446 role=child prefix_tokens=16321 suffix_tokens=16 model_ms=1089.2 context_ms=35.9 state_ms=7.39 prefix_ms=0.0 suffix_ms=950.4 first_token_ms=2371.7 generation_ms=24205.0 generated=64 generation_tps=2.644
CHILD index=1 own_instance=1 exit=0 text=3fd8649867d4bb41 role=child prefix_tokens=16321 suffix_tokens=16 model_ms=1189.2 context_ms=35.1 state_ms=7.48 prefix_ms=0.0 suffix_ms=1276.9 first_token_ms=2803.4 generation_ms=24057.4 generated=64 generation_tps=2.660
CHILD index=2 own_instance=1 exit=0 text=3fd8649867d4bb41 role=child prefix_tokens=16321 suffix_tokens=16 model_ms=1026.1 context_ms=36.1 state_ms=7.56 prefix_ms=0.0 suffix_ms=306.9 first_token_ms=1631.4 generation_ms=24466.6 generated=64 generation_tps=2.616
CHILD index=3 own_instance=1 exit=0 text=3fd8649867d4bb41 role=child prefix_tokens=16321 suffix_tokens=16 model_ms=1199.3 context_ms=41.5 state_ms=7.41 prefix_ms=0.0 suffix_ms=1276.2 first_token_ms=2822.1 generation_ms=24035.4 generated=64 generation_tps=2.663
CHILD index=4 own_instance=1 exit=0 text=3e0fd62f5aa50665 role=child prefix_tokens=16321 suffix_tokens=16 model_ms=1204.8 context_ms=43.1 state_ms=7.51 prefix_ms=0.0 suffix_ms=1295.8 first_token_ms=2843.2 generation_ms=23973.6 generated=64 generation_tps=2.670
CHILD index=5 own_instance=1 exit=0 text=3e0fd62f5aa50665 role=child prefix_tokens=16321 suffix_tokens=16 model_ms=1208.4 context_ms=37.8 state_ms=7.52 prefix_ms=0.0 suffix_ms=1290.0 first_token_ms=2846.2 generation_ms=24028.9 generated=64 generation_tps=2.663
CHILD index=6 own_instance=1 exit=0 text=4a8f18b77dbe0332 role=child prefix_tokens=16321 suffix_tokens=16 model_ms=1128.9 context_ms=33.6 state_ms=7.39 prefix_ms=0.0 suffix_ms=1108.3 first_token_ms=2567.0 generation_ms=24115.2 generated=64 generation_tps=2.654
CHILD index=7 own_instance=1 exit=0 text=4a8f18b77dbe0332 role=child prefix_tokens=16321 suffix_tokens=16 model_ms=1213.4 context_ms=38.7 state_ms=7.39 prefix_ms=0.0 suffix_ms=1292.5 first_token_ms=2846.4 generation_ms=24023.1 generated=64 generation_tps=2.664
MEMORY mem_available_drop_mib=6896
END_CASE failed=0 timed_out=0
CASE placement=same mode=device_merged children=8 paragraphs=320 context=32768
PARENT exit=0 text=c646470e58f73411 prefix_tokens=16321 prefix_ms=19799.1 publish_ms=121.43 state_bytes=261845 model_ms=588.2 context_ms=35.9 suffix_ms=62.7 generation_ms=13710.7 generated=64 generation_tps=4.668 total_ms=47450.8
CHILD index=0 own_instance=1 exit=0 text=d42c4c07975a6446 role=child prefix_tokens=16321 suffix_tokens=16 model_ms=1210.5 context_ms=155.7 state_ms=14.51 prefix_ms=0.0 suffix_ms=673.4 first_token_ms=2352.6 generation_ms=23913.9 generated=64 generation_tps=2.676
CHILD index=1 own_instance=1 exit=0 text=3fd8649867d4bb41 role=child prefix_tokens=16321 suffix_tokens=16 model_ms=1213.2 context_ms=156.4 state_ms=14.22 prefix_ms=0.0 suffix_ms=677.6 first_token_ms=2360.9 generation_ms=23940.7 generated=64 generation_tps=2.673
CHILD index=2 own_instance=1 exit=0 text=3fd8649867d4bb41 role=child prefix_tokens=16321 suffix_tokens=16 model_ms=1207.5 context_ms=172.6 state_ms=14.94 prefix_ms=0.0 suffix_ms=670.0 first_token_ms=2369.2 generation_ms=23943.7 generated=64 generation_tps=2.673
CHILD index=3 own_instance=1 exit=0 text=3fd8649867d4bb41 role=child prefix_tokens=16321 suffix_tokens=16 model_ms=1185.8 context_ms=75.3 state_ms=10.10 prefix_ms=0.0 suffix_ms=398.0 first_token_ms=1974.0 generation_ms=24099.2 generated=64 generation_tps=2.656
CHILD index=4 own_instance=1 exit=0 text=3e0fd62f5aa50665 role=child prefix_tokens=16321 suffix_tokens=16 model_ms=1216.8 context_ms=148.9 state_ms=10.00 prefix_ms=0.0 suffix_ms=663.9 first_token_ms=2327.9 generation_ms=23946.1 generated=64 generation_tps=2.673
CHILD index=5 own_instance=1 exit=0 text=3e0fd62f5aa50665 role=child prefix_tokens=16321 suffix_tokens=16 model_ms=1178.1 context_ms=55.2 state_ms=9.75 prefix_ms=0.0 suffix_ms=323.9 first_token_ms=1856.2 generation_ms=24086.8 generated=64 generation_tps=2.657
CHILD index=6 own_instance=1 exit=0 text=4a8f18b77dbe0332 role=child prefix_tokens=16321 suffix_tokens=16 model_ms=1074.3 context_ms=50.4 state_ms=8.18 prefix_ms=0.0 suffix_ms=196.2 first_token_ms=1593.9 generation_ms=23896.9 generated=64 generation_tps=2.678
CHILD index=7 own_instance=1 exit=0 text=4a8f18b77dbe0332 role=child prefix_tokens=16321 suffix_tokens=16 model_ms=1221.2 context_ms=179.6 state_ms=16.41 prefix_ms=0.0 suffix_ms=669.9 first_token_ms=2383.2 generation_ms=23922.8 generated=64 generation_tps=2.675
MEMORY mem_available_drop_mib=7780
END_CASE failed=0 timed_out=0
CASE placement=same mode=device_tuned children=8 paragraphs=320 context=32768
PARENT exit=0 text=c646470e58f73411 prefix_tokens=16321 prefix_ms=19799.7 publish_ms=40.96 state_bytes=261845 model_ms=590.1 context_ms=35.5 suffix_ms=63.7 generation_ms=11694.1 generated=64 generation_tps=5.473 total_ms=47429.8
CHILD index=0 own_instance=1 exit=0 text=d42c4c07975a6446 role=child prefix_tokens=16321 suffix_tokens=16 model_ms=1148.4 context_ms=70.3 state_ms=8.58 prefix_ms=0.0 suffix_ms=198.7 first_token_ms=1712.1 generation_ms=22717.2 generated=64 generation_tps=2.817
CHILD index=1 own_instance=1 exit=0 text=3fd8649867d4bb41 role=child prefix_tokens=16321 suffix_tokens=16 model_ms=1244.9 context_ms=580.0 state_ms=15.25 prefix_ms=0.0 suffix_ms=660.5 first_token_ms=2803.3 generation_ms=23529.7 generated=64 generation_tps=2.720
CHILD index=2 own_instance=1 exit=0 text=3fd8649867d4bb41 role=child prefix_tokens=16321 suffix_tokens=16 model_ms=1249.1 context_ms=552.1 state_ms=17.42 prefix_ms=0.0 suffix_ms=615.9 first_token_ms=2718.4 generation_ms=23551.8 generated=64 generation_tps=2.717
CHILD index=3 own_instance=1 exit=0 text=3fd8649867d4bb41 role=child prefix_tokens=16321 suffix_tokens=16 model_ms=1258.4 context_ms=584.1 state_ms=12.83 prefix_ms=0.0 suffix_ms=651.8 first_token_ms=2797.5 generation_ms=23531.2 generated=64 generation_tps=2.720
CHILD index=4 own_instance=1 exit=0 text=3e0fd62f5aa50665 role=child prefix_tokens=16321 suffix_tokens=16 model_ms=1251.1 context_ms=560.2 state_ms=18.53 prefix_ms=0.0 suffix_ms=641.2 first_token_ms=2765.6 generation_ms=23511.0 generated=64 generation_tps=2.722
CHILD index=5 own_instance=1 exit=0 text=3e0fd62f5aa50665 role=child prefix_tokens=16321 suffix_tokens=16 model_ms=1230.9 context_ms=521.9 state_ms=15.26 prefix_ms=0.0 suffix_ms=603.9 first_token_ms=2670.7 generation_ms=23558.7 generated=64 generation_tps=2.717
CHILD index=6 own_instance=1 exit=0 text=4a8f18b77dbe0332 role=child prefix_tokens=16321 suffix_tokens=16 model_ms=1249.0 context_ms=581.0 state_ms=15.18 prefix_ms=0.0 suffix_ms=654.1 first_token_ms=2802.5 generation_ms=23523.7 generated=64 generation_tps=2.721
CHILD index=7 own_instance=1 exit=0 text=4a8f18b77dbe0332 role=child prefix_tokens=16321 suffix_tokens=16 model_ms=1227.6 context_ms=451.0 state_ms=15.94 prefix_ms=0.0 suffix_ms=394.6 first_token_ms=2380.8 generation_ms=23682.7 generated=64 generation_tps=2.702
MEMORY mem_available_drop_mib=7806
END_CASE failed=0 timed_out=0
CASE placement=same mode=device children=8 paragraphs=320 context=32768
PARENT exit=0 text=c646470e58f73411 prefix_tokens=16321 prefix_ms=19789.1 publish_ms=37.19 state_bytes=261845 model_ms=591.6 context_ms=35.4 suffix_ms=63.0 generation_ms=9308.8 generated=64 generation_tps=6.875 total_ms=47483.3
CHILD index=0 own_instance=1 exit=0 text=d42c4c07975a6446 role=child prefix_tokens=16321 suffix_tokens=16 model_ms=1237.8 context_ms=648.6 state_ms=263.46 prefix_ms=0.0 suffix_ms=683.7 first_token_ms=3132.6 generation_ms=23265.4 generated=64 generation_tps=2.751
CHILD index=1 own_instance=1 exit=0 text=3fd8649867d4bb41 role=child prefix_tokens=16321 suffix_tokens=16 model_ms=1219.1 context_ms=558.1 state_ms=200.11 prefix_ms=0.0 suffix_ms=461.3 first_token_ms=2714.7 generation_ms=23436.1 generated=64 generation_tps=2.731
CHILD index=2 own_instance=1 exit=0 text=3fd8649867d4bb41 role=child prefix_tokens=16321 suffix_tokens=16 model_ms=1233.5 context_ms=624.1 state_ms=199.00 prefix_ms=0.0 suffix_ms=628.8 first_token_ms=2989.6 generation_ms=23370.6 generated=64 generation_tps=2.738
CHILD index=3 own_instance=1 exit=0 text=3fd8649867d4bb41 role=child prefix_tokens=16321 suffix_tokens=16 model_ms=1240.3 context_ms=626.7 state_ms=200.57 prefix_ms=0.0 suffix_ms=595.8 first_token_ms=2942.4 generation_ms=23392.1 generated=64 generation_tps=2.736
CHILD index=4 own_instance=1 exit=0 text=3e0fd62f5aa50665 role=child prefix_tokens=16321 suffix_tokens=16 model_ms=1220.6 context_ms=611.8 state_ms=206.51 prefix_ms=0.0 suffix_ms=545.2 first_token_ms=2879.1 generation_ms=23408.5 generated=64 generation_tps=2.734
CHILD index=5 own_instance=1 exit=0 text=3e0fd62f5aa50665 role=child prefix_tokens=16321 suffix_tokens=16 model_ms=1205.6 context_ms=616.4 state_ms=210.59 prefix_ms=0.0 suffix_ms=549.9 first_token_ms=2872.4 generation_ms=23412.7 generated=64 generation_tps=2.734
CHILD index=6 own_instance=1 exit=0 text=4a8f18b77dbe0332 role=child prefix_tokens=16321 suffix_tokens=16 model_ms=1247.4 context_ms=640.6 state_ms=272.91 prefix_ms=0.0 suffix_ms=701.3 first_token_ms=3169.6 generation_ms=23238.4 generated=64 generation_tps=2.754
CHILD index=7 own_instance=1 exit=0 text=4a8f18b77dbe0332 role=child prefix_tokens=16321 suffix_tokens=16 model_ms=1161.1 context_ms=410.2 state_ms=85.64 prefix_ms=0.0 suffix_ms=245.3 first_token_ms=2191.3 generation_ms=23098.8 generated=64 generation_tps=2.771
MEMORY mem_available_drop_mib=7795
END_CASE failed=0 timed_out=0
CASE placement=same mode=demand children=8 paragraphs=320 context=32768
PARENT exit=0 text=c646470e58f73411 prefix_tokens=16321 prefix_ms=19794.7 publish_ms=546.51 state_bytes=936173269 model_ms=584.0 context_ms=35.6 suffix_ms=62.7 generation_ms=9694.8 generated=64 generation_tps=6.601 total_ms=48253.3
CHILD index=0 own_instance=1 exit=0 text=d42c4c07975a6446 role=child prefix_tokens=16321 suffix_tokens=16 model_ms=1142.1 context_ms=47.9 state_ms=835.66 prefix_ms=0.0 suffix_ms=633.7 first_token_ms=2963.6 generation_ms=23536.4 generated=64 generation_tps=2.719
CHILD index=1 own_instance=1 exit=0 text=3fd8649867d4bb41 role=child prefix_tokens=16321 suffix_tokens=16 model_ms=1217.8 context_ms=41.7 state_ms=763.35 prefix_ms=0.0 suffix_ms=611.9 first_token_ms=2940.4 generation_ms=23529.0 generated=64 generation_tps=2.720
CHILD index=2 own_instance=1 exit=0 text=3fd8649867d4bb41 role=child prefix_tokens=16321 suffix_tokens=16 model_ms=1233.6 context_ms=37.4 state_ms=762.18 prefix_ms=0.0 suffix_ms=633.3 first_token_ms=2963.7 generation_ms=23547.5 generated=64 generation_tps=2.718
CHILD index=3 own_instance=1 exit=0 text=3fd8649867d4bb41 role=child prefix_tokens=16321 suffix_tokens=16 model_ms=1206.6 context_ms=36.5 state_ms=793.19 prefix_ms=0.0 suffix_ms=650.1 first_token_ms=2978.6 generation_ms=23562.4 generated=64 generation_tps=2.716
CHILD index=4 own_instance=1 exit=0 text=3e0fd62f5aa50665 role=child prefix_tokens=16321 suffix_tokens=16 model_ms=1181.3 context_ms=47.8 state_ms=831.11 prefix_ms=0.0 suffix_ms=649.7 first_token_ms=2978.3 generation_ms=23544.4 generated=64 generation_tps=2.718
CHILD index=5 own_instance=1 exit=0 text=3e0fd62f5aa50665 role=child prefix_tokens=16321 suffix_tokens=16 model_ms=1231.4 context_ms=47.7 state_ms=749.18 prefix_ms=0.0 suffix_ms=656.3 first_token_ms=2984.3 generation_ms=23545.7 generated=64 generation_tps=2.718
CHILD index=6 own_instance=1 exit=0 text=4a8f18b77dbe0332 role=child prefix_tokens=16321 suffix_tokens=16 model_ms=1159.4 context_ms=46.8 state_ms=698.07 prefix_ms=0.0 suffix_ms=255.8 first_token_ms=2448.2 generation_ms=23564.8 generated=64 generation_tps=2.716
CHILD index=7 own_instance=1 exit=0 text=4a8f18b77dbe0332 role=child prefix_tokens=16321 suffix_tokens=16 model_ms=1153.2 context_ms=47.1 state_ms=835.39 prefix_ms=0.0 suffix_ms=652.3 first_token_ms=2980.9 generation_ms=23551.4 generated=64 generation_tps=2.717
MEMORY mem_available_drop_mib=14195
END_CASE failed=0 timed_out=0
CASE placement=same mode=copy children=8 paragraphs=320 context=32768
PARENT exit=0 text=c646470e58f73411 prefix_tokens=16321 prefix_ms=19778.2 publish_ms=565.71 state_bytes=936173269 model_ms=587.3 context_ms=60.0 suffix_ms=62.8 generation_ms=12251.8 generated=64 generation_tps=5.224 total_ms=48246.4
CHILD index=0 own_instance=1 exit=0 text=d42c4c07975a6446 role=child prefix_tokens=16321 suffix_tokens=16 model_ms=1170.2 context_ms=184.0 state_ms=404.83 prefix_ms=0.0 suffix_ms=613.5 first_token_ms=2677.7 generation_ms=23854.0 generated=64 generation_tps=2.683
CHILD index=1 own_instance=1 exit=0 text=3fd8649867d4bb41 role=child prefix_tokens=16321 suffix_tokens=16 model_ms=1231.3 context_ms=171.7 state_ms=380.26 prefix_ms=0.0 suffix_ms=646.0 first_token_ms=2726.2 generation_ms=23844.4 generated=64 generation_tps=2.684
CHILD index=2 own_instance=1 exit=0 text=3fd8649867d4bb41 role=child prefix_tokens=16321 suffix_tokens=16 model_ms=1254.0 context_ms=132.4 state_ms=393.15 prefix_ms=0.0 suffix_ms=643.4 first_token_ms=2723.2 generation_ms=23844.1 generated=64 generation_tps=2.684
CHILD index=3 own_instance=1 exit=0 text=3fd8649867d4bb41 role=child prefix_tokens=16321 suffix_tokens=16 model_ms=1118.3 context_ms=80.4 state_ms=404.32 prefix_ms=0.0 suffix_ms=296.7 first_token_ms=2177.0 generation_ms=23961.0 generated=64 generation_tps=2.671
CHILD index=4 own_instance=1 exit=0 text=3e0fd62f5aa50665 role=child prefix_tokens=16321 suffix_tokens=16 model_ms=1239.2 context_ms=143.2 state_ms=400.91 prefix_ms=0.0 suffix_ms=625.9 first_token_ms=2698.7 generation_ms=23858.0 generated=64 generation_tps=2.683
CHILD index=5 own_instance=1 exit=0 text=3e0fd62f5aa50665 role=child prefix_tokens=16321 suffix_tokens=16 model_ms=1171.5 context_ms=111.8 state_ms=396.25 prefix_ms=0.0 suffix_ms=565.5 first_token_ms=2546.5 generation_ms=23880.4 generated=64 generation_tps=2.680
CHILD index=6 own_instance=1 exit=0 text=4a8f18b77dbe0332 role=child prefix_tokens=16321 suffix_tokens=16 model_ms=1241.4 context_ms=144.9 state_ms=400.42 prefix_ms=0.0 suffix_ms=636.3 first_token_ms=2706.2 generation_ms=23827.0 generated=64 generation_tps=2.686
CHILD index=7 own_instance=1 exit=0 text=4a8f18b77dbe0332 role=child prefix_tokens=16321 suffix_tokens=16 model_ms=1133.7 context_ms=90.9 state_ms=460.90 prefix_ms=0.0 suffix_ms=529.8 first_token_ms=2503.8 generation_ms=23902.8 generated=64 generation_tps=2.678
MEMORY mem_available_drop_mib=20299
END_CASE failed=0 timed_out=0
CASE placement=cross mode=extent children=8 paragraphs=320 context=32768
PARENT exit=0 text=c646470e58f73411 prefix_tokens=16321 prefix_ms=19855.2 publish_ms=10.15 state_bytes=261845 model_ms=590.1 context_ms=36.4 suffix_ms=63.9 generation_ms=8643.8 generated=64 generation_tps=7.404 total_ms=42232.1
CHILD index=0 own_instance=1 exit=0 text=d42c4c07975a6446 role=child prefix_tokens=16321 suffix_tokens=16 model_ms=1184.9 context_ms=56.1 state_ms=7.36 prefix_ms=0.0 suffix_ms=363.1 first_token_ms=1907.9 generation_ms=13852.0 generated=64 generation_tps=4.620
CHILD index=1 own_instance=0 exit=0 text=3fd8649867d4bb41 role=child prefix_tokens=16321 suffix_tokens=16 model_ms=1162.6 context_ms=54.8 state_ms=7.42 prefix_ms=0.0 suffix_ms=440.6 first_token_ms=1957.6 generation_ms=19264.2 generated=64 generation_tps=3.322
CHILD index=2 own_instance=1 exit=0 text=3fd8649867d4bb41 role=child prefix_tokens=16321 suffix_tokens=16 model_ms=1199.1 context_ms=56.6 state_ms=7.41 prefix_ms=0.0 suffix_ms=355.7 first_token_ms=1901.2 generation_ms=13858.2 generated=64 generation_tps=4.618
CHILD index=3 own_instance=0 exit=0 text=3fd8649867d4bb41 role=child prefix_tokens=16321 suffix_tokens=16 model_ms=1125.4 context_ms=37.4 state_ms=7.48 prefix_ms=0.0 suffix_ms=301.0 first_token_ms=1760.8 generation_ms=19270.5 generated=64 generation_tps=3.321
CHILD index=4 own_instance=1 exit=0 text=3e0fd62f5aa50665 role=child prefix_tokens=16321 suffix_tokens=16 model_ms=1181.0 context_ms=56.8 state_ms=7.48 prefix_ms=0.0 suffix_ms=369.2 first_token_ms=1912.0 generation_ms=13873.4 generated=64 generation_tps=4.613
CHILD index=5 own_instance=0 exit=0 text=3fd8649867d4bb41 role=child prefix_tokens=16321 suffix_tokens=16 model_ms=1181.4 context_ms=53.3 state_ms=7.45 prefix_ms=0.0 suffix_ms=444.8 first_token_ms=1962.1 generation_ms=19266.5 generated=64 generation_tps=3.322
CHILD index=6 own_instance=1 exit=0 text=4a8f18b77dbe0332 role=child prefix_tokens=16321 suffix_tokens=16 model_ms=1177.9 context_ms=49.5 state_ms=7.95 prefix_ms=0.0 suffix_ms=376.4 first_token_ms=1913.4 generation_ms=13875.0 generated=64 generation_tps=4.613
CHILD index=7 own_instance=0 exit=0 text=4a8f18b77dbe0332 role=child prefix_tokens=16321 suffix_tokens=16 model_ms=1164.9 context_ms=51.5 state_ms=7.71 prefix_ms=0.0 suffix_ms=424.0 first_token_ms=1924.5 generation_ms=19278.2 generated=64 generation_tps=3.320
MEMORY mem_available_drop_mib=5927
END_CASE failed=0 timed_out=0
CASE placement=cross mode=cow children=8 paragraphs=320 context=32768
PARENT exit=0 text=c646470e58f73411 prefix_tokens=16321 prefix_ms=19870.4 publish_ms=8.68 state_bytes=261845 model_ms=592.2 context_ms=36.1 suffix_ms=63.1 generation_ms=8939.7 generated=64 generation_tps=7.159 total_ms=42675.0
CHILD index=0 own_instance=1 exit=0 text=d42c4c07975a6446 role=child prefix_tokens=16321 suffix_tokens=16 model_ms=1224.3 context_ms=41.3 state_ms=7.61 prefix_ms=0.0 suffix_ms=799.6 first_token_ms=2359.3 generation_ms=13926.9 generated=64 generation_tps=4.595
CHILD index=1 own_instance=0 exit=0 text=3fd8649867d4bb41 role=child prefix_tokens=16321 suffix_tokens=16 model_ms=1191.6 context_ms=42.4 state_ms=7.31 prefix_ms=0.0 suffix_ms=788.5 first_token_ms=2337.9 generation_ms=19338.1 generated=64 generation_tps=3.310
CHILD index=2 own_instance=1 exit=0 text=3fd8649867d4bb41 role=child prefix_tokens=16321 suffix_tokens=16 model_ms=1143.4 context_ms=39.7 state_ms=7.46 prefix_ms=0.0 suffix_ms=732.9 first_token_ms=2236.1 generation_ms=13995.0 generated=64 generation_tps=4.573
CHILD index=3 own_instance=0 exit=0 text=3fd8649867d4bb41 role=child prefix_tokens=16321 suffix_tokens=16 model_ms=1194.4 context_ms=43.9 state_ms=7.53 prefix_ms=0.0 suffix_ms=807.3 first_token_ms=2351.0 generation_ms=19323.9 generated=64 generation_tps=3.312
CHILD index=4 own_instance=1 exit=0 text=3e0fd62f5aa50665 role=child prefix_tokens=16321 suffix_tokens=16 model_ms=1204.2 context_ms=43.8 state_ms=7.57 prefix_ms=0.0 suffix_ms=783.9 first_token_ms=2333.3 generation_ms=13950.5 generated=64 generation_tps=4.588
CHILD index=5 own_instance=0 exit=0 text=3fd8649867d4bb41 role=child prefix_tokens=16321 suffix_tokens=16 model_ms=1127.8 context_ms=38.9 state_ms=7.47 prefix_ms=0.0 suffix_ms=680.6 first_token_ms=2139.7 generation_ms=19418.1 generated=64 generation_tps=3.296
CHILD index=6 own_instance=1 exit=0 text=4a8f18b77dbe0332 role=child prefix_tokens=16321 suffix_tokens=16 model_ms=1151.7 context_ms=41.5 state_ms=7.61 prefix_ms=0.0 suffix_ms=740.5 first_token_ms=2245.3 generation_ms=13993.6 generated=64 generation_tps=4.574
CHILD index=7 own_instance=0 exit=0 text=4a8f18b77dbe0332 role=child prefix_tokens=16321 suffix_tokens=16 model_ms=1108.4 context_ms=36.7 state_ms=9.24 prefix_ms=0.0 suffix_ms=579.2 first_token_ms=2031.8 generation_ms=19469.8 generated=64 generation_tps=3.287
MEMORY mem_available_drop_mib=6782
END_CASE failed=0 timed_out=0
CASE placement=cross mode=device_merged children=8 paragraphs=320 context=32768
PARENT exit=0 text=c646470e58f73411 prefix_tokens=16321 prefix_ms=19798.0 publish_ms=127.29 state_bytes=261845 model_ms=587.4 context_ms=36.1 suffix_ms=63.6 generation_ms=7593.2 generated=64 generation_tps=8.429 total_ms=35629.5
CHILD index=0 own_instance=1 exit=0 text=d42c4c07975a6446 role=child prefix_tokens=16321 suffix_tokens=16 model_ms=1165.7 context_ms=57.7 state_ms=8.17 prefix_ms=0.0 suffix_ms=231.3 first_token_ms=1728.5 generation_ms=12334.2 generated=64 generation_tps=5.189
STDERR llama_init_from_model: failed to initialize the context: kv cache: cannot map a published allocation
STDERR kv_fork: cannot create the context
CHILD index=1 own_instance=0 exit=1 text=e3b0c44298fc1c14 
CHILD index=2 own_instance=1 exit=0 text=3fd8649867d4bb41 role=child prefix_tokens=16321 suffix_tokens=16 model_ms=1180.1 context_ms=337.5 state_ms=16.57 prefix_ms=0.0 suffix_ms=408.6 first_token_ms=2237.4 generation_ms=12344.8 generated=64 generation_tps=5.184
STDERR llama_init_from_model: failed to initialize the context: kv cache: cannot map a published allocation
STDERR kv_fork: cannot create the context
CHILD index=3 own_instance=0 exit=1 text=e3b0c44298fc1c14 
CHILD index=4 own_instance=1 exit=0 text=3e0fd62f5aa50665 role=child prefix_tokens=16321 suffix_tokens=16 model_ms=1207.0 context_ms=332.2 state_ms=19.50 prefix_ms=0.0 suffix_ms=386.0 first_token_ms=2217.9 generation_ms=12332.6 generated=64 generation_tps=5.189
STDERR llama_init_from_model: failed to initialize the context: kv cache: cannot map a published allocation
STDERR kv_fork: cannot create the context
CHILD index=5 own_instance=0 exit=1 text=e3b0c44298fc1c14 
CHILD index=6 own_instance=1 exit=0 text=4a8f18b77dbe0332 role=child prefix_tokens=16321 suffix_tokens=16 model_ms=1185.0 context_ms=329.7 state_ms=13.60 prefix_ms=0.0 suffix_ms=411.3 first_token_ms=2235.2 generation_ms=12339.8 generated=64 generation_tps=5.186
STDERR llama_init_from_model: failed to initialize the context: kv cache: cannot map a published allocation
STDERR kv_fork: cannot create the context
CHILD index=7 own_instance=0 exit=1 text=e3b0c44298fc1c14 
MEMORY mem_available_drop_mib=3925
END_CASE failed=4 timed_out=0
CASE placement=cross mode=device_tuned children=8 paragraphs=320 context=32768
PARENT exit=0 text=c646470e58f73411 prefix_tokens=16321 prefix_ms=19800.8 publish_ms=40.99 state_bytes=261845 model_ms=591.6 context_ms=35.7 suffix_ms=62.5 generation_ms=6253.4 generated=64 generation_tps=10.234 total_ms=35609.8
CHILD index=0 own_instance=1 exit=0 text=d42c4c07975a6446 role=child prefix_tokens=16321 suffix_tokens=16 model_ms=1161.6 context_ms=536.0 state_ms=11.30 prefix_ms=0.0 suffix_ms=368.1 first_token_ms=2378.6 generation_ms=12181.8 generated=64 generation_tps=5.254
STDERR llama_init_from_model: failed to initialize the context: kv cache: cannot map a published allocation
STDERR kv_fork: cannot create the context
CHILD index=1 own_instance=0 exit=1 text=e3b0c44298fc1c14 
CHILD index=2 own_instance=1 exit=0 text=3fd8649867d4bb41 role=child prefix_tokens=16321 suffix_tokens=16 model_ms=1205.0 context_ms=527.3 state_ms=12.11 prefix_ms=0.0 suffix_ms=361.3 first_token_ms=2395.7 generation_ms=12175.2 generated=64 generation_tps=5.257
STDERR llama_init_from_model: failed to initialize the context: kv cache: cannot map a published allocation
STDERR kv_fork: cannot create the context
CHILD index=3 own_instance=0 exit=1 text=e3b0c44298fc1c14 
CHILD index=4 own_instance=1 exit=0 text=3e0fd62f5aa50665 role=child prefix_tokens=16321 suffix_tokens=16 model_ms=1164.8 context_ms=532.5 state_ms=11.88 prefix_ms=0.0 suffix_ms=366.3 first_token_ms=2370.6 generation_ms=12131.9 generated=64 generation_tps=5.275
STDERR llama_init_from_model: failed to initialize the context: kv cache: cannot map a published allocation
STDERR kv_fork: cannot create the context
CHILD index=5 own_instance=0 exit=1 text=e3b0c44298fc1c14 
CHILD index=6 own_instance=1 exit=0 text=4a8f18b77dbe0332 role=child prefix_tokens=16321 suffix_tokens=16 model_ms=1188.0 context_ms=531.4 state_ms=13.15 prefix_ms=0.0 suffix_ms=358.1 first_token_ms=2387.6 generation_ms=12176.2 generated=64 generation_tps=5.256
STDERR llama_init_from_model: failed to initialize the context: kv cache: cannot map a published allocation
STDERR kv_fork: cannot create the context
CHILD index=7 own_instance=0 exit=1 text=e3b0c44298fc1c14 
MEMORY mem_available_drop_mib=3988
END_CASE failed=4 timed_out=0
CASE placement=cross mode=device children=8 paragraphs=320 context=32768
PARENT exit=0 text=c646470e58f73411 prefix_tokens=16321 prefix_ms=19805.4 publish_ms=38.26 state_bytes=261845 model_ms=610.0 context_ms=35.2 suffix_ms=65.8 generation_ms=5874.9 generated=64 generation_tps=10.894 total_ms=35639.6
CHILD index=0 own_instance=1 exit=0 text=d42c4c07975a6446 role=child prefix_tokens=16321 suffix_tokens=16 model_ms=1218.4 context_ms=550.1 state_ms=172.99 prefix_ms=0.0 suffix_ms=402.3 first_token_ms=2637.6 generation_ms=11953.6 generated=64 generation_tps=5.354
STDERR llama_init_from_model: failed to initialize the context: kv cache: cannot map a published allocation
STDERR kv_fork: cannot create the context
CHILD index=1 own_instance=0 exit=1 text=e3b0c44298fc1c14 
CHILD index=2 own_instance=1 exit=0 text=3fd8649867d4bb41 role=child prefix_tokens=16321 suffix_tokens=16 model_ms=1197.2 context_ms=593.5 state_ms=178.53 prefix_ms=0.0 suffix_ms=402.1 first_token_ms=2657.1 generation_ms=11954.6 generated=64 generation_tps=5.354
STDERR llama_init_from_model: failed to initialize the context: kv cache: cannot map a published allocation
STDERR kv_fork: cannot create the context
CHILD index=3 own_instance=0 exit=1 text=e3b0c44298fc1c14 
CHILD index=4 own_instance=1 exit=0 text=3e0fd62f5aa50665 role=child prefix_tokens=16321 suffix_tokens=16 model_ms=1134.1 context_ms=547.6 state_ms=61.58 prefix_ms=0.0 suffix_ms=232.4 first_token_ms=2253.1 generation_ms=11999.3 generated=64 generation_tps=5.334
STDERR llama_init_from_model: failed to initialize the context: kv cache: cannot map a published allocation
STDERR kv_fork: cannot create the context
CHILD index=5 own_instance=0 exit=1 text=e3b0c44298fc1c14 
CHILD index=6 own_instance=1 exit=0 text=4a8f18b77dbe0332 role=child prefix_tokens=16321 suffix_tokens=16 model_ms=1182.2 context_ms=584.2 state_ms=176.49 prefix_ms=0.0 suffix_ms=413.8 first_token_ms=2654.6 generation_ms=11962.1 generated=64 generation_tps=5.350
STDERR llama_init_from_model: failed to initialize the context: kv cache: cannot map a published allocation
STDERR kv_fork: cannot create the context
CHILD index=7 own_instance=0 exit=1 text=e3b0c44298fc1c14 
MEMORY mem_available_drop_mib=3972
END_CASE failed=4 timed_out=0
CASE placement=cross mode=demand children=8 paragraphs=320 context=32768
PARENT exit=0 text=c646470e58f73411 prefix_tokens=16321 prefix_ms=19798.5 publish_ms=548.57 state_bytes=936173269 model_ms=592.5 context_ms=36.0 suffix_ms=62.9 generation_ms=7271.3 generated=64 generation_tps=8.802 total_ms=42442.0
CHILD index=0 own_instance=1 exit=0 text=d42c4c07975a6446 role=child prefix_tokens=16321 suffix_tokens=16 model_ms=1206.9 context_ms=41.6 state_ms=569.03 prefix_ms=0.0 suffix_ms=404.5 first_token_ms=2506.9 generation_ms=13437.3 generated=64 generation_tps=4.763
CHILD index=1 own_instance=0 exit=0 text=3fd8649867d4bb41 role=child prefix_tokens=16321 suffix_tokens=16 model_ms=1166.0 context_ms=39.3 state_ms=546.09 prefix_ms=0.0 suffix_ms=482.9 first_token_ms=2539.6 generation_ms=18404.6 generated=64 generation_tps=3.477
CHILD index=2 own_instance=1 exit=0 text=3fd8649867d4bb41 role=child prefix_tokens=16321 suffix_tokens=16 model_ms=1212.4 context_ms=36.4 state_ms=553.10 prefix_ms=0.0 suffix_ms=419.2 first_token_ms=2520.8 generation_ms=13426.5 generated=64 generation_tps=4.767
CHILD index=3 own_instance=0 exit=0 text=3fd8649867d4bb41 role=child prefix_tokens=16321 suffix_tokens=16 model_ms=1038.2 context_ms=32.6 state_ms=241.48 prefix_ms=0.0 suffix_ms=175.5 first_token_ms=1794.7 generation_ms=18156.6 generated=64 generation_tps=3.525
CHILD index=4 own_instance=1 exit=0 text=3e0fd62f5aa50665 role=child prefix_tokens=16321 suffix_tokens=16 model_ms=1157.4 context_ms=37.7 state_ms=600.16 prefix_ms=0.0 suffix_ms=333.9 first_token_ms=2390.2 generation_ms=13447.1 generated=64 generation_tps=4.759
CHILD index=5 own_instance=0 exit=0 text=3fd8649867d4bb41 role=child prefix_tokens=16321 suffix_tokens=16 model_ms=1173.8 context_ms=40.6 state_ms=558.83 prefix_ms=0.0 suffix_ms=478.6 first_token_ms=2544.6 generation_ms=18406.0 generated=64 generation_tps=3.477
CHILD index=6 own_instance=1 exit=0 text=4a8f18b77dbe0332 role=child prefix_tokens=16321 suffix_tokens=16 model_ms=1197.2 context_ms=40.4 state_ms=570.35 prefix_ms=0.0 suffix_ms=379.9 first_token_ms=2478.8 generation_ms=13432.1 generated=64 generation_tps=4.765
CHILD index=7 own_instance=0 exit=0 text=4a8f18b77dbe0332 role=child prefix_tokens=16321 suffix_tokens=16 model_ms=1131.8 context_ms=37.1 state_ms=601.46 prefix_ms=0.0 suffix_ms=459.9 first_token_ms=2513.9 generation_ms=18414.3 generated=64 generation_tps=3.476
MEMORY mem_available_drop_mib=13835
END_CASE failed=0 timed_out=0
CASE placement=cross mode=copy children=8 paragraphs=320 context=32768
PARENT exit=0 text=c646470e58f73411 prefix_tokens=16321 prefix_ms=19774.2 publish_ms=568.73 state_bytes=936173269 model_ms=588.4 context_ms=60.0 suffix_ms=62.9 generation_ms=7485.3 generated=64 generation_tps=8.550 total_ms=42617.0
CHILD index=0 own_instance=1 exit=0 text=d42c4c07975a6446 role=child prefix_tokens=16321 suffix_tokens=16 model_ms=1222.8 context_ms=153.3 state_ms=407.00 prefix_ms=0.0 suffix_ms=388.8 first_token_ms=2453.1 generation_ms=13501.1 generated=64 generation_tps=4.740
CHILD index=1 own_instance=0 exit=0 text=3fd8649867d4bb41 role=child prefix_tokens=16321 suffix_tokens=16 model_ms=1149.7 context_ms=186.9 state_ms=447.07 prefix_ms=0.0 suffix_ms=426.3 first_token_ms=2488.1 generation_ms=18558.8 generated=64 generation_tps=3.449
CHILD index=2 own_instance=1 exit=0 text=3fd8649867d4bb41 role=child prefix_tokens=16321 suffix_tokens=16 model_ms=1217.3 context_ms=156.9 state_ms=403.26 prefix_ms=0.0 suffix_ms=404.7 first_token_ms=2469.5 generation_ms=13500.7 generated=64 generation_tps=4.740
CHILD index=3 own_instance=0 exit=0 text=3fd8649867d4bb41 role=child prefix_tokens=16321 suffix_tokens=16 model_ms=1142.6 context_ms=186.7 state_ms=447.89 prefix_ms=0.0 suffix_ms=448.9 first_token_ms=2513.3 generation_ms=18564.0 generated=64 generation_tps=3.448
CHILD index=4 own_instance=1 exit=0 text=3e0fd62f5aa50665 role=child prefix_tokens=16321 suffix_tokens=16 model_ms=1219.2 context_ms=143.0 state_ms=400.25 prefix_ms=0.0 suffix_ms=384.3 first_token_ms=2446.4 generation_ms=13508.7 generated=64 generation_tps=4.738
CHILD index=5 own_instance=0 exit=0 text=3fd8649867d4bb41 role=child prefix_tokens=16321 suffix_tokens=16 model_ms=1099.5 context_ms=168.1 state_ms=290.58 prefix_ms=0.0 suffix_ms=168.0 first_token_ms=2020.1 generation_ms=18521.3 generated=64 generation_tps=3.455
CHILD index=6 own_instance=1 exit=0 text=4a8f18b77dbe0332 role=child prefix_tokens=16321 suffix_tokens=16 model_ms=1138.5 context_ms=216.5 state_ms=415.06 prefix_ms=0.0 suffix_ms=383.7 first_token_ms=2448.4 generation_ms=13488.6 generated=64 generation_tps=4.745
CHILD index=7 own_instance=0 exit=0 text=4a8f18b77dbe0332 role=child prefix_tokens=16321 suffix_tokens=16 model_ms=1175.4 context_ms=140.9 state_ms=448.12 prefix_ms=0.0 suffix_ms=455.2 first_token_ms=2517.5 generation_ms=18561.5 generated=64 generation_tps=3.448
MEMORY mem_available_drop_mib=20212
END_CASE failed=0 timed_out=0
CASE placement=same mode=extent children=8 paragraphs=80 context=8192
PARENT exit=0 text=8e42d861853d43f0 prefix_tokens=4081 prefix_ms=4381.7 publish_ms=5.06 state_bytes=66005 model_ms=585.8 context_ms=22.5 suffix_ms=57.4 generation_ms=12808.0 generated=64 generation_tps=4.997 total_ms=30405.8
CHILD index=0 own_instance=1 exit=0 text=c762b6e82f144cca role=child prefix_tokens=4081 suffix_tokens=16 model_ms=1136.5 context_ms=22.4 state_ms=1.93 prefix_ms=0.0 suffix_ms=456.7 first_token_ms=1904.3 generation_ms=22819.7 generated=64 generation_tps=2.805
CHILD index=1 own_instance=1 exit=0 text=5f0f74be36dfb05d role=child prefix_tokens=4081 suffix_tokens=16 model_ms=1172.8 context_ms=26.9 state_ms=1.95 prefix_ms=0.0 suffix_ms=570.1 first_token_ms=2062.0 generation_ms=22774.8 generated=64 generation_tps=2.810
CHILD index=2 own_instance=1 exit=0 text=45d93d75d8c246b5 role=child prefix_tokens=4081 suffix_tokens=16 model_ms=1147.4 context_ms=25.0 state_ms=1.81 prefix_ms=0.0 suffix_ms=377.6 first_token_ms=1815.2 generation_ms=22829.6 generated=64 generation_tps=2.803
CHILD index=3 own_instance=1 exit=0 text=4a8f18b77dbe0332 role=child prefix_tokens=4081 suffix_tokens=16 model_ms=1213.3 context_ms=23.1 state_ms=1.91 prefix_ms=0.0 suffix_ms=596.3 first_token_ms=2113.6 generation_ms=22749.9 generated=64 generation_tps=2.813
CHILD index=4 own_instance=1 exit=0 text=46404abc10d87546 role=child prefix_tokens=4081 suffix_tokens=16 model_ms=1187.8 context_ms=24.5 state_ms=2.03 prefix_ms=0.0 suffix_ms=593.6 first_token_ms=2094.8 generation_ms=22752.4 generated=64 generation_tps=2.813
CHILD index=5 own_instance=1 exit=0 text=46404abc10d87546 role=child prefix_tokens=4081 suffix_tokens=16 model_ms=1122.1 context_ms=24.8 state_ms=1.92 prefix_ms=0.0 suffix_ms=353.3 first_token_ms=1781.7 generation_ms=22848.1 generated=64 generation_tps=2.801
CHILD index=6 own_instance=1 exit=0 text=46404abc10d87546 role=child prefix_tokens=4081 suffix_tokens=16 model_ms=1186.3 context_ms=31.6 state_ms=1.92 prefix_ms=0.0 suffix_ms=599.5 first_token_ms=2102.0 generation_ms=22756.5 generated=64 generation_tps=2.812
CHILD index=7 own_instance=1 exit=0 text=46404abc10d87546 role=child prefix_tokens=4081 suffix_tokens=16 model_ms=1165.9 context_ms=30.7 state_ms=2.02 prefix_ms=0.0 suffix_ms=583.4 first_token_ms=2073.1 generation_ms=22769.6 generated=64 generation_tps=2.811
MEMORY mem_available_drop_mib=5813
END_CASE failed=0 timed_out=0
CASE placement=same mode=cow children=8 paragraphs=80 context=8192
PARENT exit=0 text=8e42d861853d43f0 prefix_tokens=4081 prefix_ms=4396.4 publish_ms=4.99 state_bytes=66005 model_ms=587.5 context_ms=22.8 suffix_ms=56.9 generation_ms=13120.6 generated=64 generation_tps=4.878 total_ms=31219.0
CHILD index=0 own_instance=1 exit=0 text=c762b6e82f144cca role=child prefix_tokens=4081 suffix_tokens=16 model_ms=1140.8 context_ms=22.0 state_ms=1.84 prefix_ms=0.0 suffix_ms=1274.5 first_token_ms=2694.5 generation_ms=22797.7 generated=64 generation_tps=2.807
CHILD index=1 own_instance=1 exit=0 text=5f0f74be36dfb05d role=child prefix_tokens=4081 suffix_tokens=16 model_ms=1114.7 context_ms=25.7 state_ms=1.75 prefix_ms=0.0 suffix_ms=1298.7 first_token_ms=2731.3 generation_ms=22779.4 generated=64 generation_tps=2.810
CHILD index=2 own_instance=1 exit=0 text=45d93d75d8c246b5 role=child prefix_tokens=4081 suffix_tokens=16 model_ms=1202.5 context_ms=26.0 state_ms=1.72 prefix_ms=0.0 suffix_ms=1495.7 first_token_ms=3011.8 generation_ms=22676.7 generated=64 generation_tps=2.822
CHILD index=3 own_instance=1 exit=0 text=4a8f18b77dbe0332 role=child prefix_tokens=4081 suffix_tokens=16 model_ms=1186.8 context_ms=21.8 state_ms=1.84 prefix_ms=0.0 suffix_ms=1425.7 first_token_ms=2913.7 generation_ms=22711.8 generated=64 generation_tps=2.818
CHILD index=4 own_instance=1 exit=0 text=46404abc10d87546 role=child prefix_tokens=4081 suffix_tokens=16 model_ms=1191.9 context_ms=26.2 state_ms=1.97 prefix_ms=0.0 suffix_ms=1464.2 first_token_ms=2964.5 generation_ms=22705.6 generated=64 generation_tps=2.819
CHILD index=5 own_instance=1 exit=0 text=46404abc10d87546 role=child prefix_tokens=4081 suffix_tokens=16 model_ms=1116.6 context_ms=26.0 state_ms=1.85 prefix_ms=0.0 suffix_ms=1262.3 first_token_ms=2697.4 generation_ms=22797.3 generated=64 generation_tps=2.807
CHILD index=6 own_instance=1 exit=0 text=46404abc10d87546 role=child prefix_tokens=4081 suffix_tokens=16 model_ms=1204.7 context_ms=27.7 state_ms=2.01 prefix_ms=0.0 suffix_ms=1501.1 first_token_ms=3013.6 generation_ms=22677.1 generated=64 generation_tps=2.822
CHILD index=7 own_instance=1 exit=0 text=46404abc10d87546 role=child prefix_tokens=4081 suffix_tokens=16 model_ms=1197.5 context_ms=21.5 state_ms=1.88 prefix_ms=0.0 suffix_ms=1474.5 first_token_ms=2978.6 generation_ms=22702.4 generated=64 generation_tps=2.819
MEMORY mem_available_drop_mib=6713
END_CASE failed=0 timed_out=0
CASE placement=same mode=device_merged children=8 paragraphs=80 context=8192
PARENT exit=0 text=8e42d861853d43f0 prefix_tokens=4081 prefix_ms=4403.5 publish_ms=25.94 state_bytes=66005 model_ms=611.8 context_ms=21.7 suffix_ms=57.4 generation_ms=13411.8 generated=64 generation_tps=4.772 total_ms=30620.5
CHILD index=0 own_instance=1 exit=0 text=c762b6e82f144cca role=child prefix_tokens=4081 suffix_tokens=16 model_ms=1177.2 context_ms=112.7 state_ms=4.46 prefix_ms=0.0 suffix_ms=537.5 first_token_ms=2127.1 generation_ms=22730.2 generated=64 generation_tps=2.816
CHILD index=1 own_instance=1 exit=0 text=5f0f74be36dfb05d role=child prefix_tokens=4081 suffix_tokens=16 model_ms=1195.1 context_ms=193.5 state_ms=6.30 prefix_ms=0.0 suffix_ms=592.9 first_token_ms=2290.3 generation_ms=22693.9 generated=64 generation_tps=2.820
CHILD index=2 own_instance=1 exit=0 text=45d93d75d8c246b5 role=child prefix_tokens=4081 suffix_tokens=16 model_ms=1172.9 context_ms=144.1 state_ms=5.86 prefix_ms=0.0 suffix_ms=500.1 first_token_ms=2107.4 generation_ms=22693.5 generated=64 generation_tps=2.820
CHILD index=3 own_instance=1 exit=0 text=4a8f18b77dbe0332 role=child prefix_tokens=4081 suffix_tokens=16 model_ms=1183.2 context_ms=198.2 state_ms=4.98 prefix_ms=0.0 suffix_ms=575.8 first_token_ms=2251.6 generation_ms=22710.0 generated=64 generation_tps=2.818
CHILD index=4 own_instance=1 exit=0 text=46404abc10d87546 role=child prefix_tokens=4081 suffix_tokens=16 model_ms=1146.0 context_ms=42.6 state_ms=2.49 prefix_ms=0.0 suffix_ms=256.6 first_token_ms=1746.8 generation_ms=22803.2 generated=64 generation_tps=2.807
CHILD index=5 own_instance=1 exit=0 text=46404abc10d87546 role=child prefix_tokens=4081 suffix_tokens=16 model_ms=1144.6 context_ms=161.7 state_ms=5.38 prefix_ms=0.0 suffix_ms=576.0 first_token_ms=2198.4 generation_ms=22736.6 generated=64 generation_tps=2.815
CHILD index=6 own_instance=1 exit=0 text=46404abc10d87546 role=child prefix_tokens=4081 suffix_tokens=16 model_ms=1187.8 context_ms=190.2 state_ms=8.30 prefix_ms=0.0 suffix_ms=576.9 first_token_ms=2267.4 generation_ms=22712.1 generated=64 generation_tps=2.818
CHILD index=7 own_instance=1 exit=0 text=46404abc10d87546 role=child prefix_tokens=4081 suffix_tokens=16 model_ms=1183.5 context_ms=176.6 state_ms=7.24 prefix_ms=0.0 suffix_ms=564.5 first_token_ms=2245.9 generation_ms=22726.6 generated=64 generation_tps=2.816
MEMORY mem_available_drop_mib=7575
END_CASE failed=0 timed_out=0
CASE placement=same mode=device_tuned children=8 paragraphs=80 context=8192
PARENT exit=0 text=8e42d861853d43f0 prefix_tokens=4081 prefix_ms=4411.6 publish_ms=7.24 state_bytes=66005 model_ms=623.0 context_ms=22.0 suffix_ms=57.3 generation_ms=15094.5 generated=64 generation_tps=4.240 total_ms=30630.8
CHILD index=0 own_instance=1 exit=0 text=c762b6e82f144cca role=child prefix_tokens=4081 suffix_tokens=16 model_ms=942.2 context_ms=37.8 state_ms=2.57 prefix_ms=0.0 suffix_ms=162.1 first_token_ms=1370.5 generation_ms=22371.5 generated=64 generation_tps=2.861
CHILD index=1 own_instance=1 exit=0 text=5f0f74be36dfb05d role=child prefix_tokens=4081 suffix_tokens=16 model_ms=1128.1 context_ms=52.2 state_ms=3.53 prefix_ms=0.0 suffix_ms=307.8 first_token_ms=1785.8 generation_ms=22912.0 generated=64 generation_tps=2.793
CHILD index=2 own_instance=1 exit=0 text=45d93d75d8c246b5 role=child prefix_tokens=4081 suffix_tokens=16 model_ms=1124.1 context_ms=101.5 state_ms=3.47 prefix_ms=0.0 suffix_ms=554.8 first_token_ms=2090.5 generation_ms=22791.6 generated=64 generation_tps=2.808
CHILD index=3 own_instance=1 exit=0 text=4a8f18b77dbe0332 role=child prefix_tokens=4081 suffix_tokens=16 model_ms=1167.2 context_ms=162.6 state_ms=6.88 prefix_ms=0.0 suffix_ms=626.5 first_token_ms=2249.7 generation_ms=22748.4 generated=64 generation_tps=2.813
CHILD index=4 own_instance=1 exit=0 text=46404abc10d87546 role=child prefix_tokens=4081 suffix_tokens=16 model_ms=1156.1 context_ms=159.7 state_ms=8.35 prefix_ms=0.0 suffix_ms=608.0 first_token_ms=2232.1 generation_ms=22759.9 generated=64 generation_tps=2.812
CHILD index=5 own_instance=1 exit=0 text=46404abc10d87546 role=child prefix_tokens=4081 suffix_tokens=16 model_ms=1155.6 context_ms=133.1 state_ms=6.24 prefix_ms=0.0 suffix_ms=607.2 first_token_ms=2184.2 generation_ms=22733.0 generated=64 generation_tps=2.815
CHILD index=6 own_instance=1 exit=0 text=46404abc10d87546 role=child prefix_tokens=4081 suffix_tokens=16 model_ms=1172.3 context_ms=142.4 state_ms=3.27 prefix_ms=0.0 suffix_ms=592.9 first_token_ms=2199.7 generation_ms=22769.1 generated=64 generation_tps=2.811
CHILD index=7 own_instance=1 exit=0 text=46404abc10d87546 role=child prefix_tokens=4081 suffix_tokens=16 model_ms=1176.4 context_ms=145.4 state_ms=4.61 prefix_ms=0.0 suffix_ms=608.6 first_token_ms=2233.0 generation_ms=22760.1 generated=64 generation_tps=2.812
MEMORY mem_available_drop_mib=7558
END_CASE failed=0 timed_out=0
CASE placement=same mode=device children=8 paragraphs=80 context=8192
PARENT exit=0 text=8e42d861853d43f0 prefix_tokens=4081 prefix_ms=4409.4 publish_ms=7.41 state_bytes=66005 model_ms=595.6 context_ms=21.6 suffix_ms=57.0 generation_ms=12209.7 generated=64 generation_tps=5.242 total_ms=30571.3
CHILD index=0 own_instance=1 exit=0 text=c762b6e82f144cca role=child prefix_tokens=4081 suffix_tokens=16 model_ms=1174.7 context_ms=219.2 state_ms=110.04 prefix_ms=0.0 suffix_ms=339.4 first_token_ms=2114.9 generation_ms=22581.2 generated=64 generation_tps=2.834
CHILD index=1 own_instance=1 exit=0 text=5f0f74be36dfb05d role=child prefix_tokens=4081 suffix_tokens=16 model_ms=1182.3 context_ms=307.4 state_ms=359.23 prefix_ms=0.0 suffix_ms=640.3 first_token_ms=2794.5 generation_ms=22269.5 generated=64 generation_tps=2.874
CHILD index=2 own_instance=1 exit=0 text=45d93d75d8c246b5 role=child prefix_tokens=4081 suffix_tokens=16 model_ms=1189.3 context_ms=285.4 state_ms=279.52 prefix_ms=0.0 suffix_ms=603.9 first_token_ms=2656.0 generation_ms=22384.2 generated=64 generation_tps=2.859
CHILD index=3 own_instance=1 exit=0 text=4a8f18b77dbe0332 role=child prefix_tokens=4081 suffix_tokens=16 model_ms=1153.4 context_ms=255.7 state_ms=140.65 prefix_ms=0.0 suffix_ms=449.7 first_token_ms=2302.6 generation_ms=22609.3 generated=64 generation_tps=2.831
CHILD index=4 own_instance=1 exit=0 text=46404abc10d87546 role=child prefix_tokens=4081 suffix_tokens=16 model_ms=1186.4 context_ms=256.2 state_ms=153.48 prefix_ms=0.0 suffix_ms=483.6 first_token_ms=2366.3 generation_ms=22544.3 generated=64 generation_tps=2.839
CHILD index=5 own_instance=1 exit=0 text=46404abc10d87546 role=child prefix_tokens=4081 suffix_tokens=16 model_ms=1127.9 context_ms=193.4 state_ms=76.35 prefix_ms=0.0 suffix_ms=293.4 first_token_ms=1981.4 generation_ms=22573.7 generated=64 generation_tps=2.835
CHILD index=6 own_instance=1 exit=0 text=46404abc10d87546 role=child prefix_tokens=4081 suffix_tokens=16 model_ms=1143.7 context_ms=246.0 state_ms=135.33 prefix_ms=0.0 suffix_ms=428.6 first_token_ms=2262.2 generation_ms=22597.4 generated=64 generation_tps=2.832
CHILD index=7 own_instance=1 exit=0 text=46404abc10d87546 role=child prefix_tokens=4081 suffix_tokens=16 model_ms=1200.8 context_ms=289.5 state_ms=314.70 prefix_ms=0.0 suffix_ms=607.3 first_token_ms=2707.5 generation_ms=22340.9 generated=64 generation_tps=2.865
MEMORY mem_available_drop_mib=7551
END_CASE failed=0 timed_out=0
CASE placement=same mode=demand children=8 paragraphs=80 context=8192
PARENT exit=0 text=8e42d861853d43f0 prefix_tokens=4081 prefix_ms=4399.4 publish_ms=221.70 state_bytes=234086869 model_ms=606.6 context_ms=21.8 suffix_ms=56.8 generation_ms=12253.3 generated=64 generation_tps=5.223 total_ms=30771.8
CHILD index=0 own_instance=1 exit=0 text=c762b6e82f144cca role=child prefix_tokens=4081 suffix_tokens=16 model_ms=1107.5 context_ms=21.9 state_ms=183.02 prefix_ms=0.0 suffix_ms=282.5 first_token_ms=1897.8 generation_ms=22646.3 generated=64 generation_tps=2.826
CHILD index=1 own_instance=1 exit=0 text=5f0f74be36dfb05d role=child prefix_tokens=4081 suffix_tokens=16 model_ms=1202.1 context_ms=28.8 state_ms=235.21 prefix_ms=0.0 suffix_ms=652.0 first_token_ms=2401.6 generation_ms=22530.6 generated=64 generation_tps=2.841
CHILD index=2 own_instance=1 exit=0 text=45d93d75d8c246b5 role=child prefix_tokens=4081 suffix_tokens=16 model_ms=1189.3 context_ms=32.0 state_ms=237.51 prefix_ms=0.0 suffix_ms=635.6 first_token_ms=2385.5 generation_ms=22526.6 generated=64 generation_tps=2.841
CHILD index=3 own_instance=1 exit=0 text=4a8f18b77dbe0332 role=child prefix_tokens=4081 suffix_tokens=16 model_ms=1122.3 context_ms=23.7 state_ms=203.78 prefix_ms=0.0 suffix_ms=454.1 first_token_ms=2113.2 generation_ms=22606.1 generated=64 generation_tps=2.831
CHILD index=4 own_instance=1 exit=0 text=46404abc10d87546 role=child prefix_tokens=4081 suffix_tokens=16 model_ms=1193.5 context_ms=31.4 state_ms=238.14 prefix_ms=0.0 suffix_ms=652.4 first_token_ms=2402.4 generation_ms=22531.0 generated=64 generation_tps=2.841
CHILD index=5 own_instance=1 exit=0 text=46404abc10d87546 role=child prefix_tokens=4081 suffix_tokens=16 model_ms=1135.7 context_ms=23.0 state_ms=203.06 prefix_ms=0.0 suffix_ms=435.7 first_token_ms=2092.2 generation_ms=22620.6 generated=64 generation_tps=2.829
CHILD index=6 own_instance=1 exit=0 text=46404abc10d87546 role=child prefix_tokens=4081 suffix_tokens=16 model_ms=1185.8 context_ms=31.8 state_ms=238.30 prefix_ms=0.0 suffix_ms=655.0 first_token_ms=2405.3 generation_ms=22529.8 generated=64 generation_tps=2.841
CHILD index=7 own_instance=1 exit=0 text=46404abc10d87546 role=child prefix_tokens=4081 suffix_tokens=16 model_ms=1202.0 context_ms=23.4 state_ms=231.05 prefix_ms=0.0 suffix_ms=624.3 first_token_ms=2380.3 generation_ms=22558.9 generated=64 generation_tps=2.837
MEMORY mem_available_drop_mib=8438
END_CASE failed=0 timed_out=0
CASE placement=same mode=copy children=8 paragraphs=80 context=8192
PARENT exit=0 text=8e42d861853d43f0 prefix_tokens=4081 prefix_ms=4389.2 publish_ms=211.08 state_bytes=234086869 model_ms=594.5 context_ms=28.5 suffix_ms=57.5 generation_ms=11855.8 generated=64 generation_tps=5.398 total_ms=30632.0
CHILD index=0 own_instance=1 exit=0 text=c762b6e82f144cca role=child prefix_tokens=4081 suffix_tokens=16 model_ms=1197.0 context_ms=48.5 state_ms=230.03 prefix_ms=0.0 suffix_ms=587.8 first_token_ms=2355.8 generation_ms=22530.0 generated=64 generation_tps=2.841
CHILD index=1 own_instance=1 exit=0 text=5f0f74be36dfb05d role=child prefix_tokens=4081 suffix_tokens=16 model_ms=1197.3 context_ms=47.9 state_ms=248.39 prefix_ms=0.0 suffix_ms=604.1 first_token_ms=2393.4 generation_ms=22490.8 generated=64 generation_tps=2.846
CHILD index=2 own_instance=1 exit=0 text=45d93d75d8c246b5 role=child prefix_tokens=4081 suffix_tokens=16 model_ms=1208.1 context_ms=48.3 state_ms=228.68 prefix_ms=0.0 suffix_ms=605.3 first_token_ms=2370.9 generation_ms=22506.7 generated=64 generation_tps=2.844
CHILD index=3 own_instance=1 exit=0 text=4a8f18b77dbe0332 role=child prefix_tokens=4081 suffix_tokens=16 model_ms=1172.7 context_ms=38.8 state_ms=203.20 prefix_ms=0.0 suffix_ms=569.1 first_token_ms=2277.9 generation_ms=22547.0 generated=64 generation_tps=2.839
CHILD index=4 own_instance=1 exit=0 text=46404abc10d87546 role=child prefix_tokens=4081 suffix_tokens=16 model_ms=1150.4 context_ms=35.0 state_ms=192.39 prefix_ms=0.0 suffix_ms=391.3 first_token_ms=2045.1 generation_ms=22628.3 generated=64 generation_tps=2.828
CHILD index=5 own_instance=1 exit=0 text=46404abc10d87546 role=child prefix_tokens=4081 suffix_tokens=16 model_ms=1098.1 context_ms=33.5 state_ms=195.80 prefix_ms=0.0 suffix_ms=374.8 first_token_ms=1983.8 generation_ms=22663.8 generated=64 generation_tps=2.824
CHILD index=6 own_instance=1 exit=0 text=46404abc10d87546 role=child prefix_tokens=4081 suffix_tokens=16 model_ms=1111.0 context_ms=30.8 state_ms=182.14 prefix_ms=0.0 suffix_ms=311.1 first_token_ms=1906.4 generation_ms=22658.0 generated=64 generation_tps=2.825
CHILD index=7 own_instance=1 exit=0 text=46404abc10d87546 role=child prefix_tokens=4081 suffix_tokens=16 model_ms=1180.6 context_ms=56.9 state_ms=230.41 prefix_ms=0.0 suffix_ms=594.5 first_token_ms=2346.9 generation_ms=22506.3 generated=64 generation_tps=2.844
MEMORY mem_available_drop_mib=9182
END_CASE failed=0 timed_out=0
END_KVMECH
BEGIN_KVMECH run=3
CASE placement=same mode=copy children=8 paragraphs=320 context=32768
PARENT exit=0 text=c646470e58f73411 prefix_tokens=16321 prefix_ms=19780.2 publish_ms=552.24 state_bytes=936173269 model_ms=587.2 context_ms=60.0 suffix_ms=62.6 generation_ms=12378.4 generated=64 generation_tps=5.170 total_ms=48216.7
CHILD index=0 own_instance=1 exit=0 text=d42c4c07975a6446 role=child prefix_tokens=16321 suffix_tokens=16 model_ms=1248.7 context_ms=204.8 state_ms=413.31 prefix_ms=0.0 suffix_ms=643.9 first_token_ms=2808.3 generation_ms=23758.2 generated=64 generation_tps=2.694
CHILD index=1 own_instance=1 exit=0 text=3fd8649867d4bb41 role=child prefix_tokens=16321 suffix_tokens=16 model_ms=1261.2 context_ms=190.4 state_ms=408.53 prefix_ms=0.0 suffix_ms=622.2 first_token_ms=2769.3 generation_ms=23711.4 generated=64 generation_tps=2.699
CHILD index=2 own_instance=1 exit=0 text=3fd8649867d4bb41 role=child prefix_tokens=16321 suffix_tokens=16 model_ms=1246.9 context_ms=178.4 state_ms=416.84 prefix_ms=0.0 suffix_ms=647.0 first_token_ms=2788.0 generation_ms=23774.0 generated=64 generation_tps=2.692
CHILD index=3 own_instance=1 exit=0 text=3fd8649867d4bb41 role=child prefix_tokens=16321 suffix_tokens=16 model_ms=1266.8 context_ms=185.2 state_ms=396.18 prefix_ms=0.0 suffix_ms=656.4 first_token_ms=2789.0 generation_ms=23754.4 generated=64 generation_tps=2.694
CHILD index=4 own_instance=1 exit=0 text=3e0fd62f5aa50665 role=child prefix_tokens=16321 suffix_tokens=16 model_ms=1075.4 context_ms=65.2 state_ms=329.96 prefix_ms=0.0 suffix_ms=294.0 first_token_ms=2021.3 generation_ms=23675.9 generated=64 generation_tps=2.703
CHILD index=5 own_instance=1 exit=0 text=3e0fd62f5aa50665 role=child prefix_tokens=16321 suffix_tokens=16 model_ms=1213.8 context_ms=165.9 state_ms=405.30 prefix_ms=0.0 suffix_ms=657.5 first_token_ms=2744.9 generation_ms=23797.6 generated=64 generation_tps=2.689
CHILD index=6 own_instance=1 exit=0 text=4a8f18b77dbe0332 role=child prefix_tokens=16321 suffix_tokens=16 model_ms=1226.9 context_ms=174.2 state_ms=383.88 prefix_ms=0.0 suffix_ms=645.7 first_token_ms=2719.5 generation_ms=23806.4 generated=64 generation_tps=2.688
CHILD index=7 own_instance=1 exit=0 text=4a8f18b77dbe0332 role=child prefix_tokens=16321 suffix_tokens=16 model_ms=1145.6 context_ms=72.9 state_ms=446.63 prefix_ms=0.0 suffix_ms=355.8 first_token_ms=2313.5 generation_ms=23937.6 generated=64 generation_tps=2.674
MEMORY mem_available_drop_mib=20338
END_CASE failed=0 timed_out=0
CASE placement=same mode=demand children=8 paragraphs=320 context=32768
PARENT exit=0 text=c646470e58f73411 prefix_tokens=16321 prefix_ms=19791.3 publish_ms=567.50 state_bytes=936173269 model_ms=596.1 context_ms=36.3 suffix_ms=63.1 generation_ms=10492.4 generated=64 generation_tps=6.100 total_ms=48226.9
CHILD index=0 own_instance=1 exit=0 text=d42c4c07975a6446 role=child prefix_tokens=16321 suffix_tokens=16 model_ms=1176.8 context_ms=44.5 state_ms=860.16 prefix_ms=0.0 suffix_ms=653.0 first_token_ms=3033.5 generation_ms=23434.4 generated=64 generation_tps=2.731
CHILD index=1 own_instance=1 exit=0 text=3fd8649867d4bb41 role=child prefix_tokens=16321 suffix_tokens=16 model_ms=1124.8 context_ms=32.1 state_ms=306.15 prefix_ms=0.0 suffix_ms=261.1 first_token_ms=2002.7 generation_ms=22604.9 generated=64 generation_tps=2.831
CHILD index=2 own_instance=1 exit=0 text=3fd8649867d4bb41 role=child prefix_tokens=16321 suffix_tokens=16 model_ms=1252.7 context_ms=36.1 state_ms=801.51 prefix_ms=0.0 suffix_ms=634.4 first_token_ms=3015.9 generation_ms=23431.9 generated=64 generation_tps=2.731
CHILD index=3 own_instance=1 exit=0 text=3fd8649867d4bb41 role=child prefix_tokens=16321 suffix_tokens=16 model_ms=1188.3 context_ms=43.5 state_ms=861.87 prefix_ms=0.0 suffix_ms=655.7 first_token_ms=3034.9 generation_ms=23451.6 generated=64 generation_tps=2.729
CHILD index=4 own_instance=1 exit=0 text=3e0fd62f5aa50665 role=child prefix_tokens=16321 suffix_tokens=16 model_ms=1194.6 context_ms=44.5 state_ms=859.65 prefix_ms=0.0 suffix_ms=638.8 first_token_ms=3020.8 generation_ms=23418.2 generated=64 generation_tps=2.733
CHILD index=5 own_instance=1 exit=0 text=3e0fd62f5aa50665 role=child prefix_tokens=16321 suffix_tokens=16 model_ms=1234.7 context_ms=40.1 state_ms=809.78 prefix_ms=0.0 suffix_ms=619.0 first_token_ms=2997.2 generation_ms=23382.7 generated=64 generation_tps=2.737
CHILD index=6 own_instance=1 exit=0 text=4a8f18b77dbe0332 role=child prefix_tokens=16321 suffix_tokens=16 model_ms=1253.2 context_ms=39.6 state_ms=803.79 prefix_ms=0.0 suffix_ms=661.6 first_token_ms=3043.9 generation_ms=23443.7 generated=64 generation_tps=2.730
CHILD index=7 own_instance=1 exit=0 text=4a8f18b77dbe0332 role=child prefix_tokens=16321 suffix_tokens=16 model_ms=1223.1 context_ms=36.0 state_ms=819.85 prefix_ms=0.0 suffix_ms=653.4 first_token_ms=3034.0 generation_ms=23447.2 generated=64 generation_tps=2.730
MEMORY mem_available_drop_mib=14207
END_CASE failed=0 timed_out=0
CASE placement=same mode=device children=8 paragraphs=320 context=32768
PARENT exit=0 text=c646470e58f73411 prefix_tokens=16321 prefix_ms=19805.9 publish_ms=42.15 state_bytes=261845 model_ms=600.2 context_ms=35.7 suffix_ms=62.8 generation_ms=10359.8 generated=64 generation_tps=6.178 total_ms=47482.6
CHILD index=0 own_instance=1 exit=0 text=d42c4c07975a6446 role=child prefix_tokens=16321 suffix_tokens=16 model_ms=1223.6 context_ms=641.3 state_ms=379.98 prefix_ms=0.0 suffix_ms=683.7 first_token_ms=3219.6 generation_ms=23184.3 generated=64 generation_tps=2.760
CHILD index=1 own_instance=1 exit=0 text=3fd8649867d4bb41 role=child prefix_tokens=16321 suffix_tokens=16 model_ms=1238.6 context_ms=631.5 state_ms=384.98 prefix_ms=0.0 suffix_ms=703.4 first_token_ms=3244.9 generation_ms=23172.9 generated=64 generation_tps=2.762
CHILD index=2 own_instance=1 exit=0 text=3fd8649867d4bb41 role=child prefix_tokens=16321 suffix_tokens=16 model_ms=1156.3 context_ms=451.9 state_ms=190.55 prefix_ms=0.0 suffix_ms=360.5 first_token_ms=2443.7 generation_ms=23353.4 generated=64 generation_tps=2.740
CHILD index=3 own_instance=1 exit=0 text=3fd8649867d4bb41 role=child prefix_tokens=16321 suffix_tokens=16 model_ms=1222.2 context_ms=629.3 state_ms=379.80 prefix_ms=0.0 suffix_ms=716.1 first_token_ms=3244.7 generation_ms=23162.1 generated=64 generation_tps=2.763
CHILD index=4 own_instance=1 exit=0 text=3e0fd62f5aa50665 role=child prefix_tokens=16321 suffix_tokens=16 model_ms=1153.8 context_ms=467.4 state_ms=185.93 prefix_ms=0.0 suffix_ms=363.6 first_token_ms=2472.7 generation_ms=23373.9 generated=64 generation_tps=2.738
CHILD index=5 own_instance=1 exit=0 text=3e0fd62f5aa50665 role=child prefix_tokens=16321 suffix_tokens=16 model_ms=1222.7 context_ms=631.0 state_ms=378.56 prefix_ms=0.0 suffix_ms=692.8 first_token_ms=3219.6 generation_ms=23177.4 generated=64 generation_tps=2.761
CHILD index=6 own_instance=1 exit=0 text=4a8f18b77dbe0332 role=child prefix_tokens=16321 suffix_tokens=16 model_ms=1207.0 context_ms=570.6 state_ms=313.79 prefix_ms=0.0 suffix_ms=511.0 first_token_ms=2902.6 generation_ms=23293.4 generated=64 generation_tps=2.748
CHILD index=7 own_instance=1 exit=0 text=4a8f18b77dbe0332 role=child prefix_tokens=16321 suffix_tokens=16 model_ms=1142.4 context_ms=216.0 state_ms=122.44 prefix_ms=0.0 suffix_ms=247.4 first_token_ms=1974.3 generation_ms=22797.3 generated=64 generation_tps=2.807
MEMORY mem_available_drop_mib=7798
END_CASE failed=0 timed_out=0
CASE placement=same mode=device_tuned children=8 paragraphs=320 context=32768
PARENT exit=0 text=c646470e58f73411 prefix_tokens=16321 prefix_ms=19798.9 publish_ms=43.13 state_bytes=261845 model_ms=592.4 context_ms=35.9 suffix_ms=62.8 generation_ms=12140.4 generated=64 generation_tps=5.272 total_ms=47477.9
CHILD index=0 own_instance=1 exit=0 text=d42c4c07975a6446 role=child prefix_tokens=16321 suffix_tokens=16 model_ms=1190.2 context_ms=283.8 state_ms=17.00 prefix_ms=0.0 suffix_ms=305.7 first_token_ms=2079.1 generation_ms=23727.7 generated=64 generation_tps=2.697
CHILD index=1 own_instance=1 exit=0 text=3fd8649867d4bb41 role=child prefix_tokens=16321 suffix_tokens=16 model_ms=1211.2 context_ms=515.1 state_ms=13.78 prefix_ms=0.0 suffix_ms=640.6 first_token_ms=2670.5 generation_ms=23607.0 generated=64 generation_tps=2.711
CHILD index=2 own_instance=1 exit=0 text=3fd8649867d4bb41 role=child prefix_tokens=16321 suffix_tokens=16 model_ms=1172.7 context_ms=74.0 state_ms=9.81 prefix_ms=0.0 suffix_ms=190.5 first_token_ms=1716.5 generation_ms=23149.5 generated=64 generation_tps=2.765
CHILD index=3 own_instance=1 exit=0 text=3fd8649867d4bb41 role=child prefix_tokens=16321 suffix_tokens=16 model_ms=1199.3 context_ms=477.9 state_ms=15.12 prefix_ms=0.0 suffix_ms=600.3 first_token_ms=2591.2 generation_ms=23678.0 generated=64 generation_tps=2.703
CHILD index=4 own_instance=1 exit=0 text=3e0fd62f5aa50665 role=child prefix_tokens=16321 suffix_tokens=16 model_ms=1213.2 context_ms=522.2 state_ms=13.23 prefix_ms=0.0 suffix_ms=643.3 first_token_ms=2678.9 generation_ms=23615.5 generated=64 generation_tps=2.710
CHILD index=5 own_instance=1 exit=0 text=3e0fd62f5aa50665 role=child prefix_tokens=16321 suffix_tokens=16 model_ms=1210.7 context_ms=519.3 state_ms=15.22 prefix_ms=0.0 suffix_ms=664.6 first_token_ms=2711.6 generation_ms=23625.1 generated=64 generation_tps=2.709
CHILD index=6 own_instance=1 exit=0 text=4a8f18b77dbe0332 role=child prefix_tokens=16321 suffix_tokens=16 model_ms=1236.6 context_ms=522.5 state_ms=13.63 prefix_ms=0.0 suffix_ms=641.8 first_token_ms=2711.4 generation_ms=23617.2 generated=64 generation_tps=2.710
CHILD index=7 own_instance=1 exit=0 text=4a8f18b77dbe0332 role=child prefix_tokens=16321 suffix_tokens=16 model_ms=1246.3 context_ms=517.3 state_ms=12.27 prefix_ms=0.0 suffix_ms=642.4 first_token_ms=2710.9 generation_ms=23629.1 generated=64 generation_tps=2.709
MEMORY mem_available_drop_mib=7822
END_CASE failed=0 timed_out=0
CASE placement=same mode=device_merged children=8 paragraphs=320 context=32768
PARENT exit=0 text=c646470e58f73411 prefix_tokens=16321 prefix_ms=19804.2 publish_ms=124.24 state_bytes=261845 model_ms=607.8 context_ms=36.8 suffix_ms=63.6 generation_ms=14586.8 generated=64 generation_tps=4.388 total_ms=47539.1
CHILD index=0 own_instance=1 exit=0 text=d42c4c07975a6446 role=child prefix_tokens=16321 suffix_tokens=16 model_ms=1194.9 context_ms=93.6 state_ms=13.49 prefix_ms=0.0 suffix_ms=640.9 first_token_ms=2243.9 generation_ms=23996.1 generated=64 generation_tps=2.667
CHILD index=1 own_instance=1 exit=0 text=3fd8649867d4bb41 role=child prefix_tokens=16321 suffix_tokens=16 model_ms=1206.3 context_ms=125.1 state_ms=11.35 prefix_ms=0.0 suffix_ms=647.3 first_token_ms=2292.0 generation_ms=23988.1 generated=64 generation_tps=2.668
CHILD index=2 own_instance=1 exit=0 text=3fd8649867d4bb41 role=child prefix_tokens=16321 suffix_tokens=16 model_ms=1193.2 context_ms=134.9 state_ms=11.75 prefix_ms=0.0 suffix_ms=661.0 first_token_ms=2309.7 generation_ms=23988.6 generated=64 generation_tps=2.668
CHILD index=3 own_instance=1 exit=0 text=3fd8649867d4bb41 role=child prefix_tokens=16321 suffix_tokens=16 model_ms=1246.2 context_ms=113.6 state_ms=14.35 prefix_ms=0.0 suffix_ms=668.5 first_token_ms=2333.5 generation_ms=23976.8 generated=64 generation_tps=2.669
CHILD index=4 own_instance=1 exit=0 text=3e0fd62f5aa50665 role=child prefix_tokens=16321 suffix_tokens=16 model_ms=960.0 context_ms=52.0 state_ms=8.98 prefix_ms=0.0 suffix_ms=169.0 first_token_ms=1441.3 generation_ms=23725.1 generated=64 generation_tps=2.698
CHILD index=5 own_instance=1 exit=0 text=3e0fd62f5aa50665 role=child prefix_tokens=16321 suffix_tokens=16 model_ms=1237.1 context_ms=119.9 state_ms=12.76 prefix_ms=0.0 suffix_ms=667.9 first_token_ms=2334.3 generation_ms=23973.6 generated=64 generation_tps=2.670
CHILD index=6 own_instance=1 exit=0 text=4a8f18b77dbe0332 role=child prefix_tokens=16321 suffix_tokens=16 model_ms=1163.0 context_ms=59.5 state_ms=9.11 prefix_ms=0.0 suffix_ms=394.6 first_token_ms=1916.7 generation_ms=24146.6 generated=64 generation_tps=2.650
CHILD index=7 own_instance=1 exit=0 text=4a8f18b77dbe0332 role=child prefix_tokens=16321 suffix_tokens=16 model_ms=1195.4 context_ms=63.0 state_ms=11.32 prefix_ms=0.0 suffix_ms=448.9 first_token_ms=1996.9 generation_ms=24089.7 generated=64 generation_tps=2.657
MEMORY mem_available_drop_mib=7722
END_CASE failed=0 timed_out=0
CASE placement=same mode=cow children=8 paragraphs=320 context=32768
PARENT exit=0 text=c646470e58f73411 prefix_tokens=16321 prefix_ms=19848.3 publish_ms=11.42 state_bytes=261845 model_ms=589.8 context_ms=36.9 suffix_ms=62.8 generation_ms=13690.0 generated=64 generation_tps=4.675 total_ms=47989.6
CHILD index=0 own_instance=1 exit=0 text=d42c4c07975a6446 role=child prefix_tokens=16321 suffix_tokens=16 model_ms=1240.4 context_ms=54.2 state_ms=7.33 prefix_ms=0.0 suffix_ms=1268.3 first_token_ms=2863.7 generation_ms=23982.0 generated=64 generation_tps=2.669
CHILD index=1 own_instance=1 exit=0 text=3fd8649867d4bb41 role=child prefix_tokens=16321 suffix_tokens=16 model_ms=1227.4 context_ms=48.3 state_ms=7.56 prefix_ms=0.0 suffix_ms=1255.4 first_token_ms=2834.0 generation_ms=24027.1 generated=64 generation_tps=2.664
CHILD index=2 own_instance=1 exit=0 text=3fd8649867d4bb41 role=child prefix_tokens=16321 suffix_tokens=16 model_ms=1137.5 context_ms=34.1 state_ms=7.45 prefix_ms=0.0 suffix_ms=463.4 first_token_ms=1924.9 generation_ms=24319.6 generated=64 generation_tps=2.632
CHILD index=3 own_instance=1 exit=0 text=3fd8649867d4bb41 role=child prefix_tokens=16321 suffix_tokens=16 model_ms=1234.6 context_ms=48.9 state_ms=7.46 prefix_ms=0.0 suffix_ms=1219.3 first_token_ms=2789.6 generation_ms=23947.4 generated=64 generation_tps=2.673
CHILD index=4 own_instance=1 exit=0 text=3e0fd62f5aa50665 role=child prefix_tokens=16321 suffix_tokens=16 model_ms=1243.1 context_ms=49.1 state_ms=7.64 prefix_ms=0.0 suffix_ms=1244.6 first_token_ms=2832.6 generation_ms=24002.6 generated=64 generation_tps=2.666
CHILD index=5 own_instance=1 exit=0 text=3e0fd62f5aa50665 role=child prefix_tokens=16321 suffix_tokens=16 model_ms=1239.8 context_ms=57.2 state_ms=7.51 prefix_ms=0.0 suffix_ms=1272.7 first_token_ms=2863.3 generation_ms=23992.2 generated=64 generation_tps=2.668
CHILD index=6 own_instance=1 exit=0 text=4a8f18b77dbe0332 role=child prefix_tokens=16321 suffix_tokens=16 model_ms=1228.6 context_ms=53.5 state_ms=7.38 prefix_ms=0.0 suffix_ms=1281.4 first_token_ms=2877.3 generation_ms=23988.0 generated=64 generation_tps=2.668
CHILD index=7 own_instance=1 exit=0 text=4a8f18b77dbe0332 role=child prefix_tokens=16321 suffix_tokens=16 model_ms=1234.5 context_ms=54.2 state_ms=7.35 prefix_ms=0.0 suffix_ms=1280.7 first_token_ms=2869.0 generation_ms=23982.3 generated=64 generation_tps=2.669
MEMORY mem_available_drop_mib=6875
END_CASE failed=0 timed_out=0
CASE placement=same mode=extent children=8 paragraphs=320 context=32768
PARENT exit=0 text=c646470e58f73411 prefix_tokens=16321 prefix_ms=19847.6 publish_ms=11.31 state_bytes=261845 model_ms=591.8 context_ms=36.4 suffix_ms=63.4 generation_ms=13634.7 generated=64 generation_tps=4.694 total_ms=47118.3
CHILD index=0 own_instance=1 exit=0 text=d42c4c07975a6446 role=child prefix_tokens=16321 suffix_tokens=16 model_ms=1225.4 context_ms=40.2 state_ms=7.61 prefix_ms=0.0 suffix_ms=668.3 first_token_ms=2244.3 generation_ms=23798.6 generated=64 generation_tps=2.689
CHILD index=1 own_instance=1 exit=0 text=3fd8649867d4bb41 role=child prefix_tokens=16321 suffix_tokens=16 model_ms=1215.5 context_ms=36.3 state_ms=7.41 prefix_ms=0.0 suffix_ms=661.9 first_token_ms=2226.2 generation_ms=23810.7 generated=64 generation_tps=2.688
CHILD index=2 own_instance=1 exit=0 text=3fd8649867d4bb41 role=child prefix_tokens=16321 suffix_tokens=16 model_ms=1195.9 context_ms=38.1 state_ms=7.62 prefix_ms=0.0 suffix_ms=613.9 first_token_ms=2148.6 generation_ms=23841.4 generated=64 generation_tps=2.684
CHILD index=3 own_instance=1 exit=0 text=3fd8649867d4bb41 role=child prefix_tokens=16321 suffix_tokens=16 model_ms=1118.4 context_ms=36.3 state_ms=7.59 prefix_ms=0.0 suffix_ms=295.1 first_token_ms=1740.3 generation_ms=23954.0 generated=64 generation_tps=2.672
CHILD index=4 own_instance=1 exit=0 text=3e0fd62f5aa50665 role=child prefix_tokens=16321 suffix_tokens=16 model_ms=1142.4 context_ms=37.6 state_ms=7.49 prefix_ms=0.0 suffix_ms=445.5 first_token_ms=1911.5 generation_ms=23917.5 generated=64 generation_tps=2.676
CHILD index=5 own_instance=1 exit=0 text=3e0fd62f5aa50665 role=child prefix_tokens=16321 suffix_tokens=16 model_ms=1211.8 context_ms=37.5 state_ms=7.45 prefix_ms=0.0 suffix_ms=660.0 first_token_ms=2216.1 generation_ms=23825.4 generated=64 generation_tps=2.686
CHILD index=6 own_instance=1 exit=0 text=4a8f18b77dbe0332 role=child prefix_tokens=16321 suffix_tokens=16 model_ms=1166.0 context_ms=39.4 state_ms=7.33 prefix_ms=0.0 suffix_ms=566.0 first_token_ms=2075.2 generation_ms=23862.4 generated=64 generation_tps=2.682
CHILD index=7 own_instance=1 exit=0 text=4a8f18b77dbe0332 role=child prefix_tokens=16321 suffix_tokens=16 model_ms=1176.6 context_ms=39.6 state_ms=7.40 prefix_ms=0.0 suffix_ms=560.4 first_token_ms=2072.7 generation_ms=23849.3 generated=64 generation_tps=2.684
MEMORY mem_available_drop_mib=6034
END_CASE failed=0 timed_out=0
CASE placement=cross mode=copy children=8 paragraphs=320 context=32768
PARENT exit=0 text=c646470e58f73411 prefix_tokens=16321 prefix_ms=19777.7 publish_ms=565.24 state_bytes=936173269 model_ms=589.4 context_ms=60.5 suffix_ms=63.3 generation_ms=8241.6 generated=64 generation_tps=7.766 total_ms=42745.0
CHILD index=0 own_instance=1 exit=0 text=d42c4c07975a6446 role=child prefix_tokens=16321 suffix_tokens=16 model_ms=1151.2 context_ms=145.5 state_ms=435.43 prefix_ms=0.0 suffix_ms=420.1 first_token_ms=2435.4 generation_ms=13537.1 generated=64 generation_tps=4.728
CHILD index=1 own_instance=0 exit=0 text=3fd8649867d4bb41 role=child prefix_tokens=16321 suffix_tokens=16 model_ms=1189.8 context_ms=177.9 state_ms=353.04 prefix_ms=0.0 suffix_ms=422.2 first_token_ms=2436.7 generation_ms=18744.4 generated=64 generation_tps=3.414
CHILD index=2 own_instance=1 exit=0 text=3fd8649867d4bb41 role=child prefix_tokens=16321 suffix_tokens=16 model_ms=1066.0 context_ms=69.2 state_ms=351.22 prefix_ms=0.0 suffix_ms=220.7 first_token_ms=1967.9 generation_ms=13571.6 generated=64 generation_tps=4.716
CHILD index=3 own_instance=0 exit=0 text=3fd8649867d4bb41 role=child prefix_tokens=16321 suffix_tokens=16 model_ms=1213.3 context_ms=155.8 state_ms=348.94 prefix_ms=0.0 suffix_ms=432.4 first_token_ms=2445.7 generation_ms=18731.3 generated=64 generation_tps=3.417
CHILD index=4 own_instance=1 exit=0 text=3e0fd62f5aa50665 role=child prefix_tokens=16321 suffix_tokens=16 model_ms=1175.4 context_ms=148.9 state_ms=386.62 prefix_ms=0.0 suffix_ms=414.3 first_token_ms=2428.1 generation_ms=13549.5 generated=64 generation_tps=4.723
CHILD index=5 own_instance=0 exit=0 text=3fd8649867d4bb41 role=child prefix_tokens=16321 suffix_tokens=16 model_ms=1184.5 context_ms=191.3 state_ms=337.02 prefix_ms=0.0 suffix_ms=441.4 first_token_ms=2450.8 generation_ms=18720.8 generated=64 generation_tps=3.419
CHILD index=6 own_instance=1 exit=0 text=4a8f18b77dbe0332 role=child prefix_tokens=16321 suffix_tokens=16 model_ms=1295.6 context_ms=94.4 state_ms=345.71 prefix_ms=0.0 suffix_ms=422.1 first_token_ms=2443.1 generation_ms=13546.7 generated=64 generation_tps=4.724
CHILD index=7 own_instance=0 exit=0 text=4a8f18b77dbe0332 role=child prefix_tokens=16321 suffix_tokens=16 model_ms=1199.0 context_ms=194.0 state_ms=334.05 prefix_ms=0.0 suffix_ms=400.8 first_token_ms=2411.2 generation_ms=18684.4 generated=64 generation_tps=3.425
MEMORY mem_available_drop_mib=20253
END_CASE failed=0 timed_out=0
CASE placement=cross mode=demand children=8 paragraphs=320 context=32768
PARENT exit=0 text=c646470e58f73411 prefix_tokens=16321 prefix_ms=19786.6 publish_ms=541.17 state_bytes=936173269 model_ms=586.5 context_ms=35.6 suffix_ms=62.8 generation_ms=7022.2 generated=64 generation_tps=9.114 total_ms=42183.8
CHILD index=0 own_instance=1 exit=0 text=d42c4c07975a6446 role=child prefix_tokens=16321 suffix_tokens=16 model_ms=1214.4 context_ms=45.9 state_ms=578.79 prefix_ms=0.0 suffix_ms=384.8 first_token_ms=2519.3 generation_ms=13364.6 generated=64 generation_tps=4.789
CHILD index=1 own_instance=0 exit=0 text=3fd8649867d4bb41 role=child prefix_tokens=16321 suffix_tokens=16 model_ms=1213.2 context_ms=48.7 state_ms=500.28 prefix_ms=0.0 suffix_ms=492.4 first_token_ms=2533.7 generation_ms=18191.0 generated=64 generation_tps=3.518
CHILD index=2 own_instance=1 exit=0 text=3fd8649867d4bb41 role=child prefix_tokens=16321 suffix_tokens=16 model_ms=1224.0 context_ms=49.3 state_ms=569.88 prefix_ms=0.0 suffix_ms=429.0 first_token_ms=2566.1 generation_ms=13397.8 generated=64 generation_tps=4.777
CHILD index=3 own_instance=0 exit=0 text=3fd8649867d4bb41 role=child prefix_tokens=16321 suffix_tokens=16 model_ms=856.8 context_ms=32.9 state_ms=227.43 prefix_ms=0.0 suffix_ms=145.2 first_token_ms=1499.7 generation_ms=17970.4 generated=64 generation_tps=3.561
CHILD index=4 own_instance=1 exit=0 text=3e0fd62f5aa50665 role=child prefix_tokens=16321 suffix_tokens=16 model_ms=1219.5 context_ms=46.5 state_ms=575.26 prefix_ms=0.0 suffix_ms=417.7 first_token_ms=2560.8 generation_ms=13401.0 generated=64 generation_tps=4.776
CHILD index=5 own_instance=0 exit=0 text=3fd8649867d4bb41 role=child prefix_tokens=16321 suffix_tokens=16 model_ms=1201.1 context_ms=46.6 state_ms=507.80 prefix_ms=0.0 suffix_ms=480.8 first_token_ms=2522.8 generation_ms=18207.3 generated=64 generation_tps=3.515
CHILD index=6 own_instance=1 exit=0 text=4a8f18b77dbe0332 role=child prefix_tokens=16321 suffix_tokens=16 model_ms=1210.7 context_ms=46.5 state_ms=580.47 prefix_ms=0.0 suffix_ms=408.1 first_token_ms=2548.2 generation_ms=13391.3 generated=64 generation_tps=4.779
CHILD index=7 own_instance=0 exit=0 text=4a8f18b77dbe0332 role=child prefix_tokens=16321 suffix_tokens=16 model_ms=1087.7 context_ms=32.9 state_ms=371.88 prefix_ms=0.0 suffix_ms=343.0 first_token_ms=2125.1 generation_ms=18435.0 generated=64 generation_tps=3.472
MEMORY mem_available_drop_mib=13776
END_CASE failed=0 timed_out=0
CASE placement=cross mode=device children=8 paragraphs=320 context=32768
PARENT exit=0 text=c646470e58f73411 prefix_tokens=16321 prefix_ms=19799.8 publish_ms=41.72 state_bytes=261845 model_ms=609.2 context_ms=35.8 suffix_ms=62.7 generation_ms=6008.3 generated=64 generation_tps=10.652 total_ms=35657.5
CHILD index=0 own_instance=1 exit=0 text=d42c4c07975a6446 role=child prefix_tokens=16321 suffix_tokens=16 model_ms=1205.6 context_ms=532.5 state_ms=169.11 prefix_ms=0.0 suffix_ms=405.7 first_token_ms=2622.4 generation_ms=11995.5 generated=64 generation_tps=5.335
STDERR llama_init_from_model: failed to initialize the context: kv cache: cannot map a published allocation
STDERR kv_fork: cannot create the context
CHILD index=1 own_instance=0 exit=1 text=e3b0c44298fc1c14 
CHILD index=2 own_instance=1 exit=0 text=3fd8649867d4bb41 role=child prefix_tokens=16321 suffix_tokens=16 model_ms=1187.2 context_ms=568.0 state_ms=173.41 prefix_ms=0.0 suffix_ms=406.5 first_token_ms=2641.6 generation_ms=11987.0 generated=64 generation_tps=5.339
STDERR llama_init_from_model: failed to initialize the context: kv cache: cannot map a published allocation
STDERR kv_fork: cannot create the context
CHILD index=3 own_instance=0 exit=1 text=e3b0c44298fc1c14 
CHILD index=4 own_instance=1 exit=0 text=3e0fd62f5aa50665 role=child prefix_tokens=16321 suffix_tokens=16 model_ms=1125.5 context_ms=519.5 state_ms=45.99 prefix_ms=0.0 suffix_ms=251.4 first_token_ms=2234.6 generation_ms=12052.0 generated=64 generation_tps=5.310
STDERR llama_init_from_model: failed to initialize the context: kv cache: cannot map a published allocation
STDERR kv_fork: cannot create the context
CHILD index=5 own_instance=0 exit=1 text=e3b0c44298fc1c14 
CHILD index=6 own_instance=1 exit=0 text=4a8f18b77dbe0332 role=child prefix_tokens=16321 suffix_tokens=16 model_ms=1228.0 context_ms=538.1 state_ms=171.52 prefix_ms=0.0 suffix_ms=395.6 first_token_ms=2615.0 generation_ms=11990.7 generated=64 generation_tps=5.337
STDERR llama_init_from_model: failed to initialize the context: kv cache: cannot map a published allocation
STDERR kv_fork: cannot create the context
CHILD index=7 own_instance=0 exit=1 text=e3b0c44298fc1c14 
MEMORY mem_available_drop_mib=3996
END_CASE failed=4 timed_out=0
CASE placement=cross mode=device_tuned children=8 paragraphs=320 context=32768
PARENT exit=0 text=c646470e58f73411 prefix_tokens=16321 prefix_ms=19790.6 publish_ms=32.28 state_bytes=261845 model_ms=591.0 context_ms=36.0 suffix_ms=63.1 generation_ms=7490.8 generated=64 generation_tps=8.544 total_ms=35556.9
CHILD index=0 own_instance=1 exit=0 text=d42c4c07975a6446 role=child prefix_tokens=16321 suffix_tokens=16 model_ms=1155.7 context_ms=306.2 state_ms=12.37 prefix_ms=0.0 suffix_ms=350.5 first_token_ms=2115.5 generation_ms=12366.1 generated=64 generation_tps=5.175
STDERR llama_init_from_model: failed to initialize the context: kv cache: cannot map a published allocation
STDERR kv_fork: cannot create the context
CHILD index=1 own_instance=0 exit=1 text=e3b0c44298fc1c14 
CHILD index=2 own_instance=1 exit=0 text=3fd8649867d4bb41 role=child prefix_tokens=16321 suffix_tokens=16 model_ms=1209.3 context_ms=429.8 state_ms=11.12 prefix_ms=0.0 suffix_ms=398.4 first_token_ms=2348.8 generation_ms=12234.9 generated=64 generation_tps=5.231
STDERR llama_init_from_model: failed to initialize the context: kv cache: cannot map a published allocation
STDERR kv_fork: cannot create the context
CHILD index=3 own_instance=0 exit=1 text=e3b0c44298fc1c14 
CHILD index=4 own_instance=1 exit=0 text=3e0fd62f5aa50665 role=child prefix_tokens=16321 suffix_tokens=16 model_ms=1139.5 context_ms=95.9 state_ms=7.96 prefix_ms=0.0 suffix_ms=241.5 first_token_ms=1773.5 generation_ms=12331.7 generated=64 generation_tps=5.190
STDERR llama_init_from_model: failed to initialize the context: kv cache: cannot map a published allocation
STDERR kv_fork: cannot create the context
CHILD index=5 own_instance=0 exit=1 text=e3b0c44298fc1c14 
CHILD index=6 own_instance=1 exit=0 text=4a8f18b77dbe0332 role=child prefix_tokens=16321 suffix_tokens=16 model_ms=1208.0 context_ms=436.5 state_ms=11.99 prefix_ms=0.0 suffix_ms=409.2 first_token_ms=2372.4 generation_ms=12222.6 generated=64 generation_tps=5.236
STDERR llama_init_from_model: failed to initialize the context: kv cache: cannot map a published allocation
STDERR kv_fork: cannot create the context
CHILD index=7 own_instance=0 exit=1 text=e3b0c44298fc1c14 
MEMORY mem_available_drop_mib=3973
END_CASE failed=4 timed_out=0
CASE placement=cross mode=device_merged children=8 paragraphs=320 context=32768
PARENT exit=0 text=c646470e58f73411 prefix_tokens=16321 prefix_ms=19808.0 publish_ms=111.11 state_bytes=261845 model_ms=593.9 context_ms=35.6 suffix_ms=62.9 generation_ms=6779.5 generated=64 generation_tps=9.440 total_ms=35620.7
CHILD index=0 own_instance=1 exit=0 text=d42c4c07975a6446 role=child prefix_tokens=16321 suffix_tokens=16 model_ms=1191.7 context_ms=370.3 state_ms=10.81 prefix_ms=0.0 suffix_ms=329.1 first_token_ms=2179.3 generation_ms=12273.7 generated=64 generation_tps=5.214
STDERR llama_init_from_model: failed to initialize the context: kv cache: cannot map a published allocation
STDERR kv_fork: cannot create the context
CHILD index=1 own_instance=0 exit=1 text=e3b0c44298fc1c14 
CHILD index=2 own_instance=1 exit=0 text=3fd8649867d4bb41 role=child prefix_tokens=16321 suffix_tokens=16 model_ms=1224.2 context_ms=357.2 state_ms=12.74 prefix_ms=0.0 suffix_ms=397.5 first_token_ms=2278.4 generation_ms=12297.8 generated=64 generation_tps=5.204
STDERR llama_init_from_model: failed to initialize the context: kv cache: cannot map a published allocation
STDERR kv_fork: cannot create the context
CHILD index=3 own_instance=0 exit=1 text=e3b0c44298fc1c14 
CHILD index=4 own_instance=1 exit=0 text=3e0fd62f5aa50665 role=child prefix_tokens=16321 suffix_tokens=16 model_ms=1181.2 context_ms=387.2 state_ms=12.43 prefix_ms=0.0 suffix_ms=395.3 first_token_ms=2276.8 generation_ms=12297.8 generated=64 generation_tps=5.204
STDERR llama_init_from_model: failed to initialize the context: kv cache: cannot map a published allocation
STDERR kv_fork: cannot create the context
CHILD index=5 own_instance=0 exit=1 text=e3b0c44298fc1c14 
CHILD index=6 own_instance=1 exit=0 text=4a8f18b77dbe0332 role=child prefix_tokens=16321 suffix_tokens=16 model_ms=1189.3 context_ms=402.5 state_ms=17.03 prefix_ms=0.0 suffix_ms=369.9 first_token_ms=2259.5 generation_ms=12278.9 generated=64 generation_tps=5.212
STDERR llama_init_from_model: failed to initialize the context: kv cache: cannot map a published allocation
STDERR kv_fork: cannot create the context
CHILD index=7 own_instance=0 exit=1 text=e3b0c44298fc1c14 
MEMORY mem_available_drop_mib=3950
END_CASE failed=4 timed_out=0
CASE placement=cross mode=cow children=8 paragraphs=320 context=32768
PARENT exit=0 text=c646470e58f73411 prefix_tokens=16321 prefix_ms=19839.0 publish_ms=11.88 state_bytes=261845 model_ms=595.5 context_ms=37.1 suffix_ms=62.8 generation_ms=8695.8 generated=64 generation_tps=7.360 total_ms=42598.9
CHILD index=0 own_instance=1 exit=0 text=d42c4c07975a6446 role=child prefix_tokens=16321 suffix_tokens=16 model_ms=1216.5 context_ms=43.8 state_ms=7.34 prefix_ms=0.0 suffix_ms=753.6 first_token_ms=2309.6 generation_ms=13929.3 generated=64 generation_tps=4.595
CHILD index=1 own_instance=0 exit=0 text=3fd8649867d4bb41 role=child prefix_tokens=16321 suffix_tokens=16 model_ms=1093.1 context_ms=38.8 state_ms=8.20 prefix_ms=0.0 suffix_ms=595.5 first_token_ms=2005.0 generation_ms=19467.4 generated=64 generation_tps=3.288
CHILD index=2 own_instance=1 exit=0 text=3fd8649867d4bb41 role=child prefix_tokens=16321 suffix_tokens=16 model_ms=1194.2 context_ms=41.4 state_ms=7.53 prefix_ms=0.0 suffix_ms=778.6 first_token_ms=2328.8 generation_ms=13919.9 generated=64 generation_tps=4.598
CHILD index=3 own_instance=0 exit=0 text=3fd8649867d4bb41 role=child prefix_tokens=16321 suffix_tokens=16 model_ms=1138.0 context_ms=36.3 state_ms=7.57 prefix_ms=0.0 suffix_ms=798.1 first_token_ms=2282.8 generation_ms=19351.6 generated=64 generation_tps=3.307
CHILD index=4 own_instance=1 exit=0 text=3e0fd62f5aa50665 role=child prefix_tokens=16321 suffix_tokens=16 model_ms=1217.6 context_ms=46.4 state_ms=7.80 prefix_ms=0.0 suffix_ms=758.2 first_token_ms=2318.8 generation_ms=13939.7 generated=64 generation_tps=4.591
CHILD index=5 own_instance=0 exit=0 text=3fd8649867d4bb41 role=child prefix_tokens=16321 suffix_tokens=16 model_ms=1085.8 context_ms=35.9 state_ms=7.60 prefix_ms=0.0 suffix_ms=662.6 first_token_ms=2091.4 generation_ms=19432.1 generated=64 generation_tps=3.294
CHILD index=6 own_instance=1 exit=0 text=4a8f18b77dbe0332 role=child prefix_tokens=16321 suffix_tokens=16 model_ms=1211.6 context_ms=41.6 state_ms=7.59 prefix_ms=0.0 suffix_ms=773.2 first_token_ms=2330.6 generation_ms=13909.8 generated=64 generation_tps=4.601
CHILD index=7 own_instance=0 exit=0 text=4a8f18b77dbe0332 role=child prefix_tokens=16321 suffix_tokens=16 model_ms=1158.7 context_ms=36.3 state_ms=7.37 prefix_ms=0.0 suffix_ms=805.9 first_token_ms=2306.9 generation_ms=19330.6 generated=64 generation_tps=3.311
MEMORY mem_available_drop_mib=6807
END_CASE failed=0 timed_out=0
CASE placement=cross mode=extent children=8 paragraphs=320 context=32768
PARENT exit=0 text=c646470e58f73411 prefix_tokens=16321 prefix_ms=19858.4 publish_ms=10.87 state_bytes=261845 model_ms=590.2 context_ms=37.7 suffix_ms=63.2 generation_ms=8648.3 generated=64 generation_tps=7.400 total_ms=42141.9
CHILD index=0 own_instance=1 exit=0 text=d42c4c07975a6446 role=child prefix_tokens=16321 suffix_tokens=16 model_ms=1200.9 context_ms=46.0 state_ms=7.38 prefix_ms=0.0 suffix_ms=394.7 first_token_ms=1950.9 generation_ms=13843.3 generated=64 generation_tps=4.623
CHILD index=1 own_instance=0 exit=0 text=3fd8649867d4bb41 role=child prefix_tokens=16321 suffix_tokens=16 model_ms=1171.1 context_ms=38.3 state_ms=10.21 prefix_ms=0.0 suffix_ms=431.9 first_token_ms=1945.3 generation_ms=19145.0 generated=64 generation_tps=3.343
CHILD index=2 own_instance=1 exit=0 text=3fd8649867d4bb41 role=child prefix_tokens=16321 suffix_tokens=16 model_ms=1196.8 context_ms=46.3 state_ms=7.40 prefix_ms=0.0 suffix_ms=347.0 first_token_ms=1899.0 generation_ms=13843.7 generated=64 generation_tps=4.623
CHILD index=3 own_instance=0 exit=0 text=3fd8649867d4bb41 role=child prefix_tokens=16321 suffix_tokens=16 model_ms=1170.6 context_ms=44.5 state_ms=7.50 prefix_ms=0.0 suffix_ms=458.3 first_token_ms=1989.4 generation_ms=19156.3 generated=64 generation_tps=3.341
CHILD index=4 own_instance=1 exit=0 text=3e0fd62f5aa50665 role=child prefix_tokens=16321 suffix_tokens=16 model_ms=1209.0 context_ms=43.2 state_ms=7.65 prefix_ms=0.0 suffix_ms=365.4 first_token_ms=1911.0 generation_ms=13843.1 generated=64 generation_tps=4.623
CHILD index=5 own_instance=0 exit=0 text=3fd8649867d4bb41 role=child prefix_tokens=16321 suffix_tokens=16 model_ms=1051.4 context_ms=36.4 state_ms=7.64 prefix_ms=0.0 suffix_ms=132.9 first_token_ms=1496.6 generation_ms=19113.7 generated=64 generation_tps=3.348
CHILD index=6 own_instance=1 exit=0 text=4a8f18b77dbe0332 role=child prefix_tokens=16321 suffix_tokens=16 model_ms=1220.5 context_ms=43.8 state_ms=7.62 prefix_ms=0.0 suffix_ms=411.4 first_token_ms=1968.1 generation_ms=13829.2 generated=64 generation_tps=4.628
CHILD index=7 own_instance=0 exit=0 text=4a8f18b77dbe0332 role=child prefix_tokens=16321 suffix_tokens=16 model_ms=1185.0 context_ms=46.6 state_ms=7.68 prefix_ms=0.0 suffix_ms=460.9 first_token_ms=1987.2 generation_ms=19151.3 generated=64 generation_tps=3.342
MEMORY mem_available_drop_mib=5933
END_CASE failed=0 timed_out=0
CASE placement=same mode=copy children=8 paragraphs=80 context=8192
PARENT exit=0 text=8e42d861853d43f0 prefix_tokens=4081 prefix_ms=4383.9 publish_ms=222.94 state_bytes=234086869 model_ms=588.2 context_ms=28.2 suffix_ms=56.8 generation_ms=11644.9 generated=64 generation_tps=5.496 total_ms=30662.6
CHILD index=0 own_instance=1 exit=0 text=c762b6e82f144cca role=child prefix_tokens=4081 suffix_tokens=16 model_ms=1196.2 context_ms=44.3 state_ms=233.58 prefix_ms=0.0 suffix_ms=584.6 first_token_ms=2348.0 generation_ms=22523.5 generated=64 generation_tps=2.841
CHILD index=1 own_instance=1 exit=0 text=5f0f74be36dfb05d role=child prefix_tokens=4081 suffix_tokens=16 model_ms=1084.7 context_ms=31.8 state_ms=170.88 prefix_ms=0.0 suffix_ms=229.6 first_token_ms=1780.6 generation_ms=22501.0 generated=64 generation_tps=2.844
CHILD index=2 own_instance=1 exit=0 text=45d93d75d8c246b5 role=child prefix_tokens=4081 suffix_tokens=16 model_ms=1178.0 context_ms=54.8 state_ms=236.53 prefix_ms=0.0 suffix_ms=557.9 first_token_ms=2316.2 generation_ms=22517.4 generated=64 generation_tps=2.842
CHILD index=3 own_instance=1 exit=0 text=4a8f18b77dbe0332 role=child prefix_tokens=4081 suffix_tokens=16 model_ms=1176.4 context_ms=53.4 state_ms=237.00 prefix_ms=0.0 suffix_ms=563.6 first_token_ms=2315.1 generation_ms=22516.6 generated=64 generation_tps=2.842
CHILD index=4 own_instance=1 exit=0 text=46404abc10d87546 role=child prefix_tokens=4081 suffix_tokens=16 model_ms=1212.8 context_ms=48.6 state_ms=238.34 prefix_ms=0.0 suffix_ms=588.2 first_token_ms=2369.1 generation_ms=22508.3 generated=64 generation_tps=2.843
CHILD index=5 own_instance=1 exit=0 text=46404abc10d87546 role=child prefix_tokens=4081 suffix_tokens=16 model_ms=1174.7 context_ms=44.7 state_ms=238.69 prefix_ms=0.0 suffix_ms=557.4 first_token_ms=2288.5 generation_ms=22456.0 generated=64 generation_tps=2.850
CHILD index=6 own_instance=1 exit=0 text=46404abc10d87546 role=child prefix_tokens=4081 suffix_tokens=16 model_ms=1179.1 context_ms=56.9 state_ms=235.29 prefix_ms=0.0 suffix_ms=585.3 first_token_ms=2348.4 generation_ms=22515.0 generated=64 generation_tps=2.843
CHILD index=7 own_instance=1 exit=0 text=46404abc10d87546 role=child prefix_tokens=4081 suffix_tokens=16 model_ms=1185.8 context_ms=52.1 state_ms=239.39 prefix_ms=0.0 suffix_ms=572.5 first_token_ms=2323.1 generation_ms=22506.3 generated=64 generation_tps=2.844
MEMORY mem_available_drop_mib=9161
END_CASE failed=0 timed_out=0
CASE placement=same mode=demand children=8 paragraphs=80 context=8192
PARENT exit=0 text=8e42d861853d43f0 prefix_tokens=4081 prefix_ms=4400.6 publish_ms=227.54 state_bytes=234086869 model_ms=585.7 context_ms=21.9 suffix_ms=57.2 generation_ms=12949.8 generated=64 generation_tps=4.942 total_ms=30762.7
CHILD index=0 own_instance=1 exit=0 text=c762b6e82f144cca role=child prefix_tokens=4081 suffix_tokens=16 model_ms=1168.6 context_ms=23.8 state_ms=224.23 prefix_ms=0.0 suffix_ms=574.0 first_token_ms=2299.6 generation_ms=22656.7 generated=64 generation_tps=2.825
CHILD index=1 own_instance=1 exit=0 text=5f0f74be36dfb05d role=child prefix_tokens=4081 suffix_tokens=16 model_ms=1145.6 context_ms=21.7 state_ms=195.11 prefix_ms=0.0 suffix_ms=395.5 first_token_ms=2036.5 generation_ms=22742.9 generated=64 generation_tps=2.814
CHILD index=2 own_instance=1 exit=0 text=45d93d75d8c246b5 role=child prefix_tokens=4081 suffix_tokens=16 model_ms=1201.9 context_ms=23.1 state_ms=227.23 prefix_ms=0.0 suffix_ms=639.5 first_token_ms=2398.2 generation_ms=22596.1 generated=64 generation_tps=2.832
CHILD index=3 own_instance=1 exit=0 text=4a8f18b77dbe0332 role=child prefix_tokens=4081 suffix_tokens=16 model_ms=1209.1 context_ms=25.8 state_ms=226.81 prefix_ms=0.0 suffix_ms=610.1 first_token_ms=2371.2 generation_ms=22618.9 generated=64 generation_tps=2.829
CHILD index=4 own_instance=1 exit=0 text=46404abc10d87546 role=child prefix_tokens=4081 suffix_tokens=16 model_ms=1137.9 context_ms=22.8 state_ms=194.03 prefix_ms=0.0 suffix_ms=544.5 first_token_ms=2201.4 generation_ms=22689.0 generated=64 generation_tps=2.821
CHILD index=5 own_instance=1 exit=0 text=46404abc10d87546 role=child prefix_tokens=4081 suffix_tokens=16 model_ms=1184.1 context_ms=24.7 state_ms=218.47 prefix_ms=0.0 suffix_ms=563.1 first_token_ms=2284.9 generation_ms=22642.8 generated=64 generation_tps=2.827
CHILD index=6 own_instance=1 exit=0 text=46404abc10d87546 role=child prefix_tokens=4081 suffix_tokens=16 model_ms=1136.8 context_ms=24.2 state_ms=194.63 prefix_ms=0.0 suffix_ms=547.3 first_token_ms=2206.2 generation_ms=22690.3 generated=64 generation_tps=2.821
CHILD index=7 own_instance=1 exit=0 text=46404abc10d87546 role=child prefix_tokens=4081 suffix_tokens=16 model_ms=1102.4 context_ms=20.8 state_ms=174.65 prefix_ms=0.0 suffix_ms=342.6 first_token_ms=1933.7 generation_ms=22763.9 generated=64 generation_tps=2.811
MEMORY mem_available_drop_mib=8432
END_CASE failed=0 timed_out=0
CASE placement=same mode=device children=8 paragraphs=80 context=8192
PARENT exit=0 text=8e42d861853d43f0 prefix_tokens=4081 prefix_ms=4410.4 publish_ms=21.28 state_bytes=66005 model_ms=589.0 context_ms=21.6 suffix_ms=57.1 generation_ms=12210.0 generated=64 generation_tps=5.242 total_ms=30627.4
CHILD index=0 own_instance=1 exit=0 text=c762b6e82f144cca role=child prefix_tokens=4081 suffix_tokens=16 model_ms=1214.3 context_ms=275.6 state_ms=278.32 prefix_ms=0.0 suffix_ms=635.3 first_token_ms=2695.6 generation_ms=22357.7 generated=64 generation_tps=2.863
CHILD index=1 own_instance=1 exit=0 text=5f0f74be36dfb05d role=child prefix_tokens=4081 suffix_tokens=16 model_ms=1214.0 context_ms=282.3 state_ms=279.99 prefix_ms=0.0 suffix_ms=622.7 first_token_ms=2691.7 generation_ms=22365.5 generated=64 generation_tps=2.862
CHILD index=2 own_instance=1 exit=0 text=45d93d75d8c246b5 role=child prefix_tokens=4081 suffix_tokens=16 model_ms=1157.0 context_ms=253.0 state_ms=182.33 prefix_ms=0.0 suffix_ms=426.3 first_token_ms=2316.5 generation_ms=22549.7 generated=64 generation_tps=2.838
CHILD index=3 own_instance=1 exit=0 text=4a8f18b77dbe0332 role=child prefix_tokens=4081 suffix_tokens=16 model_ms=1149.9 context_ms=219.2 state_ms=108.05 prefix_ms=0.0 suffix_ms=319.8 first_token_ms=2081.1 generation_ms=22537.0 generated=64 generation_tps=2.840
CHILD index=4 own_instance=1 exit=0 text=46404abc10d87546 role=child prefix_tokens=4081 suffix_tokens=16 model_ms=1231.6 context_ms=262.1 state_ms=281.37 prefix_ms=0.0 suffix_ms=634.0 first_token_ms=2694.1 generation_ms=22361.6 generated=64 generation_tps=2.862
CHILD index=5 own_instance=1 exit=0 text=46404abc10d87546 role=child prefix_tokens=4081 suffix_tokens=16 model_ms=1110.5 context_ms=163.8 state_ms=86.96 prefix_ms=0.0 suffix_ms=249.8 first_token_ms=1883.1 generation_ms=22369.0 generated=64 generation_tps=2.861
CHILD index=6 own_instance=1 exit=0 text=46404abc10d87546 role=child prefix_tokens=4081 suffix_tokens=16 model_ms=1157.4 context_ms=269.0 state_ms=202.89 prefix_ms=0.0 suffix_ms=478.3 first_token_ms=2409.0 generation_ms=22499.1 generated=64 generation_tps=2.845
CHILD index=7 own_instance=1 exit=0 text=46404abc10d87546 role=child prefix_tokens=4081 suffix_tokens=16 model_ms=1211.6 context_ms=282.1 state_ms=289.42 prefix_ms=0.0 suffix_ms=614.6 first_token_ms=2703.2 generation_ms=22355.0 generated=64 generation_tps=2.863
MEMORY mem_available_drop_mib=7542
END_CASE failed=0 timed_out=0
CASE placement=same mode=device_tuned children=8 paragraphs=80 context=8192
PARENT exit=0 text=8e42d861853d43f0 prefix_tokens=4081 prefix_ms=4409.8 publish_ms=7.41 state_bytes=66005 model_ms=591.0 context_ms=21.8 suffix_ms=56.8 generation_ms=13443.6 generated=64 generation_tps=4.761 total_ms=30589.5
CHILD index=0 own_instance=1 exit=0 text=c762b6e82f144cca role=child prefix_tokens=4081 suffix_tokens=16 model_ms=1224.0 context_ms=181.9 state_ms=4.94 prefix_ms=0.0 suffix_ms=592.0 first_token_ms=2295.9 generation_ms=22658.6 generated=64 generation_tps=2.825
CHILD index=1 own_instance=1 exit=0 text=5f0f74be36dfb05d role=child prefix_tokens=4081 suffix_tokens=16 model_ms=1219.8 context_ms=194.0 state_ms=4.68 prefix_ms=0.0 suffix_ms=598.6 first_token_ms=2319.7 generation_ms=22647.6 generated=64 generation_tps=2.826
CHILD index=2 own_instance=1 exit=0 text=45d93d75d8c246b5 role=child prefix_tokens=4081 suffix_tokens=16 model_ms=1225.9 context_ms=205.3 state_ms=6.34 prefix_ms=0.0 suffix_ms=591.2 first_token_ms=2325.8 generation_ms=22642.3 generated=64 generation_tps=2.827
CHILD index=3 own_instance=1 exit=0 text=4a8f18b77dbe0332 role=child prefix_tokens=4081 suffix_tokens=16 model_ms=1098.0 context_ms=36.4 state_ms=3.18 prefix_ms=0.0 suffix_ms=171.1 first_token_ms=1603.4 generation_ms=22421.2 generated=64 generation_tps=2.854
CHILD index=4 own_instance=1 exit=0 text=46404abc10d87546 role=child prefix_tokens=4081 suffix_tokens=16 model_ms=1235.6 context_ms=169.7 state_ms=3.41 prefix_ms=0.0 suffix_ms=574.4 first_token_ms=2263.3 generation_ms=22656.9 generated=64 generation_tps=2.825
CHILD index=5 own_instance=1 exit=0 text=46404abc10d87546 role=child prefix_tokens=4081 suffix_tokens=16 model_ms=1241.2 context_ms=181.5 state_ms=5.08 prefix_ms=0.0 suffix_ms=591.0 first_token_ms=2304.5 generation_ms=22642.6 generated=64 generation_tps=2.827
CHILD index=6 own_instance=1 exit=0 text=46404abc10d87546 role=child prefix_tokens=4081 suffix_tokens=16 model_ms=1200.7 context_ms=151.8 state_ms=5.56 prefix_ms=0.0 suffix_ms=570.1 first_token_ms=2230.5 generation_ms=22656.1 generated=64 generation_tps=2.825
CHILD index=7 own_instance=1 exit=0 text=46404abc10d87546 role=child prefix_tokens=4081 suffix_tokens=16 model_ms=1218.5 context_ms=148.4 state_ms=7.67 prefix_ms=0.0 suffix_ms=539.4 first_token_ms=2198.2 generation_ms=22644.8 generated=64 generation_tps=2.826
MEMORY mem_available_drop_mib=7523
END_CASE failed=0 timed_out=0
CASE placement=same mode=device_merged children=8 paragraphs=80 context=8192
PARENT exit=0 text=8e42d861853d43f0 prefix_tokens=4081 prefix_ms=4410.2 publish_ms=26.30 state_bytes=66005 model_ms=610.9 context_ms=22.0 suffix_ms=57.1 generation_ms=13184.7 generated=64 generation_tps=4.854 total_ms=30685.6
CHILD index=0 own_instance=1 exit=0 text=c762b6e82f144cca role=child prefix_tokens=4081 suffix_tokens=16 model_ms=1172.2 context_ms=49.6 state_ms=3.94 prefix_ms=0.0 suffix_ms=227.6 first_token_ms=1731.8 generation_ms=22672.0 generated=64 generation_tps=2.823
CHILD index=1 own_instance=1 exit=0 text=5f0f74be36dfb05d role=child prefix_tokens=4081 suffix_tokens=16 model_ms=1165.2 context_ms=212.9 state_ms=6.31 prefix_ms=0.0 suffix_ms=611.1 first_token_ms=2301.1 generation_ms=22690.5 generated=64 generation_tps=2.821
CHILD index=2 own_instance=1 exit=0 text=45d93d75d8c246b5 role=child prefix_tokens=4081 suffix_tokens=16 model_ms=1180.4 context_ms=207.0 state_ms=6.75 prefix_ms=0.0 suffix_ms=592.9 first_token_ms=2287.6 generation_ms=22692.8 generated=64 generation_tps=2.820
CHILD index=3 own_instance=1 exit=0 text=4a8f18b77dbe0332 role=child prefix_tokens=4081 suffix_tokens=16 model_ms=1176.0 context_ms=186.6 state_ms=5.60 prefix_ms=0.0 suffix_ms=592.1 first_token_ms=2248.4 generation_ms=22631.7 generated=64 generation_tps=2.828
CHILD index=4 own_instance=1 exit=0 text=46404abc10d87546 role=child prefix_tokens=4081 suffix_tokens=16 model_ms=1199.8 context_ms=215.7 state_ms=6.99 prefix_ms=0.0 suffix_ms=586.7 first_token_ms=2304.1 generation_ms=22691.7 generated=64 generation_tps=2.820
CHILD index=5 own_instance=1 exit=0 text=46404abc10d87546 role=child prefix_tokens=4081 suffix_tokens=16 model_ms=1193.5 context_ms=205.6 state_ms=6.14 prefix_ms=0.0 suffix_ms=583.7 first_token_ms=2274.2 generation_ms=22675.1 generated=64 generation_tps=2.822
CHILD index=6 own_instance=1 exit=0 text=46404abc10d87546 role=child prefix_tokens=4081 suffix_tokens=16 model_ms=1181.6 context_ms=222.6 state_ms=4.20 prefix_ms=0.0 suffix_ms=612.3 first_token_ms=2319.1 generation_ms=22672.5 generated=64 generation_tps=2.823
CHILD index=7 own_instance=1 exit=0 text=46404abc10d87546 role=child prefix_tokens=4081 suffix_tokens=16 model_ms=1155.6 context_ms=196.3 state_ms=5.53 prefix_ms=0.0 suffix_ms=597.6 first_token_ms=2266.0 generation_ms=22669.3 generated=64 generation_tps=2.823
MEMORY mem_available_drop_mib=7559
END_CASE failed=0 timed_out=0
CASE placement=same mode=cow children=8 paragraphs=80 context=8192
PARENT exit=0 text=8e42d861853d43f0 prefix_tokens=4081 prefix_ms=4397.1 publish_ms=4.96 state_bytes=66005 model_ms=586.4 context_ms=22.5 suffix_ms=57.9 generation_ms=12978.6 generated=64 generation_tps=4.931 total_ms=31322.4
CHILD index=0 own_instance=1 exit=0 text=c762b6e82f144cca role=child prefix_tokens=4081 suffix_tokens=16 model_ms=1182.7 context_ms=31.6 state_ms=1.79 prefix_ms=0.0 suffix_ms=1422.2 first_token_ms=2912.3 generation_ms=22742.5 generated=64 generation_tps=2.814
CHILD index=1 own_instance=1 exit=0 text=5f0f74be36dfb05d role=child prefix_tokens=4081 suffix_tokens=16 model_ms=1193.8 context_ms=31.0 state_ms=1.86 prefix_ms=0.0 suffix_ms=1447.9 first_token_ms=2957.2 generation_ms=22725.1 generated=64 generation_tps=2.816
CHILD index=2 own_instance=1 exit=0 text=45d93d75d8c246b5 role=child prefix_tokens=4081 suffix_tokens=16 model_ms=1182.5 context_ms=23.9 state_ms=1.60 prefix_ms=0.0 suffix_ms=1426.9 first_token_ms=2927.4 generation_ms=22734.2 generated=64 generation_tps=2.815
CHILD index=3 own_instance=1 exit=0 text=4a8f18b77dbe0332 role=child prefix_tokens=4081 suffix_tokens=16 model_ms=1196.5 context_ms=32.3 state_ms=1.84 prefix_ms=0.0 suffix_ms=1439.7 first_token_ms=2952.0 generation_ms=22720.3 generated=64 generation_tps=2.817
CHILD index=4 own_instance=1 exit=0 text=46404abc10d87546 role=child prefix_tokens=4081 suffix_tokens=16 model_ms=1146.4 context_ms=21.8 state_ms=1.79 prefix_ms=0.0 suffix_ms=1043.3 first_token_ms=2471.7 generation_ms=22898.6 generated=64 generation_tps=2.795
CHILD index=5 own_instance=1 exit=0 text=46404abc10d87546 role=child prefix_tokens=4081 suffix_tokens=16 model_ms=1165.3 context_ms=31.6 state_ms=1.92 prefix_ms=0.0 suffix_ms=1444.0 first_token_ms=2928.2 generation_ms=22693.2 generated=64 generation_tps=2.820
CHILD index=6 own_instance=1 exit=0 text=46404abc10d87546 role=child prefix_tokens=4081 suffix_tokens=16 model_ms=1171.3 context_ms=30.7 state_ms=1.77 prefix_ms=0.0 suffix_ms=1418.1 first_token_ms=2910.1 generation_ms=22735.2 generated=64 generation_tps=2.815
CHILD index=7 own_instance=1 exit=0 text=46404abc10d87546 role=child prefix_tokens=4081 suffix_tokens=16 model_ms=1204.8 context_ms=26.9 state_ms=1.97 prefix_ms=0.0 suffix_ms=1458.5 first_token_ms=2976.3 generation_ms=22711.4 generated=64 generation_tps=2.818
MEMORY mem_available_drop_mib=6654
END_CASE failed=0 timed_out=0
CASE placement=same mode=extent children=8 paragraphs=80 context=8192
PARENT exit=0 text=8e42d861853d43f0 prefix_tokens=4081 prefix_ms=4394.0 publish_ms=4.91 state_bytes=66005 model_ms=587.0 context_ms=22.8 suffix_ms=56.7 generation_ms=13157.2 generated=64 generation_tps=4.864 total_ms=30456.1
CHILD index=0 own_instance=1 exit=0 text=c762b6e82f144cca role=child prefix_tokens=4081 suffix_tokens=16 model_ms=1186.7 context_ms=32.6 state_ms=1.96 prefix_ms=0.0 suffix_ms=609.2 first_token_ms=2118.7 generation_ms=22743.1 generated=64 generation_tps=2.814
CHILD index=1 own_instance=1 exit=0 text=5f0f74be36dfb05d role=child prefix_tokens=4081 suffix_tokens=16 model_ms=1194.6 context_ms=28.1 state_ms=1.92 prefix_ms=0.0 suffix_ms=584.5 first_token_ms=2082.5 generation_ms=22755.4 generated=64 generation_tps=2.813
CHILD index=2 own_instance=1 exit=0 text=45d93d75d8c246b5 role=child prefix_tokens=4081 suffix_tokens=16 model_ms=1209.3 context_ms=28.3 state_ms=1.73 prefix_ms=0.0 suffix_ms=594.9 first_token_ms=2129.7 generation_ms=22741.8 generated=64 generation_tps=2.814
CHILD index=3 own_instance=1 exit=0 text=4a8f18b77dbe0332 role=child prefix_tokens=4081 suffix_tokens=16 model_ms=1207.3 context_ms=30.0 state_ms=1.85 prefix_ms=0.0 suffix_ms=571.4 first_token_ms=2095.0 generation_ms=22756.2 generated=64 generation_tps=2.812
CHILD index=4 own_instance=1 exit=0 text=46404abc10d87546 role=child prefix_tokens=4081 suffix_tokens=16 model_ms=1175.3 context_ms=28.6 state_ms=1.68 prefix_ms=0.0 suffix_ms=570.9 first_token_ms=2069.2 generation_ms=22768.5 generated=64 generation_tps=2.811
CHILD index=5 own_instance=1 exit=0 text=46404abc10d87546 role=child prefix_tokens=4081 suffix_tokens=16 model_ms=1042.3 context_ms=22.3 state_ms=1.91 prefix_ms=0.0 suffix_ms=160.9 first_token_ms=1470.8 generation_ms=22684.4 generated=64 generation_tps=2.821
CHILD index=6 own_instance=1 exit=0 text=46404abc10d87546 role=child prefix_tokens=4081 suffix_tokens=16 model_ms=1122.1 context_ms=21.7 state_ms=1.77 prefix_ms=0.0 suffix_ms=335.1 first_token_ms=1755.5 generation_ms=22855.0 generated=64 generation_tps=2.800
CHILD index=7 own_instance=1 exit=0 text=46404abc10d87546 role=child prefix_tokens=4081 suffix_tokens=16 model_ms=1220.7 context_ms=31.0 state_ms=1.74 prefix_ms=0.0 suffix_ms=584.9 first_token_ms=2119.0 generation_ms=22739.1 generated=64 generation_tps=2.815
MEMORY mem_available_drop_mib=5803
END_CASE failed=0 timed_out=0
END_KVMECH
BEGIN_KVMECH run=4
CASE placement=same mode=extent children=8 paragraphs=320 context=32768
PARENT exit=0 text=c646470e58f73411 prefix_tokens=16321 prefix_ms=19862.5 publish_ms=10.89 state_bytes=261845 model_ms=588.5 context_ms=36.6 suffix_ms=62.6 generation_ms=13494.9 generated=64 generation_tps=4.743 total_ms=47160.4
CHILD index=0 own_instance=1 exit=0 text=d42c4c07975a6446 role=child prefix_tokens=16321 suffix_tokens=16 model_ms=1239.5 context_ms=52.6 state_ms=7.75 prefix_ms=0.0 suffix_ms=637.2 first_token_ms=2228.6 generation_ms=23804.5 generated=64 generation_tps=2.689
CHILD index=1 own_instance=1 exit=0 text=3fd8649867d4bb41 role=child prefix_tokens=16321 suffix_tokens=16 model_ms=1228.6 context_ms=51.5 state_ms=7.43 prefix_ms=0.0 suffix_ms=662.3 first_token_ms=2255.0 generation_ms=23794.8 generated=64 generation_tps=2.690
CHILD index=2 own_instance=1 exit=0 text=3fd8649867d4bb41 role=child prefix_tokens=16321 suffix_tokens=16 model_ms=1176.7 context_ms=41.9 state_ms=8.45 prefix_ms=0.0 suffix_ms=482.4 first_token_ms=1997.5 generation_ms=23831.7 generated=64 generation_tps=2.685
CHILD index=3 own_instance=1 exit=0 text=3fd8649867d4bb41 role=child prefix_tokens=16321 suffix_tokens=16 model_ms=1237.8 context_ms=56.6 state_ms=7.36 prefix_ms=0.0 suffix_ms=645.9 first_token_ms=2243.1 generation_ms=23796.0 generated=64 generation_tps=2.690
CHILD index=4 own_instance=1 exit=0 text=3e0fd62f5aa50665 role=child prefix_tokens=16321 suffix_tokens=16 model_ms=1234.7 context_ms=54.8 state_ms=7.41 prefix_ms=0.0 suffix_ms=648.7 first_token_ms=2244.4 generation_ms=23804.0 generated=64 generation_tps=2.689
CHILD index=5 own_instance=1 exit=0 text=3e0fd62f5aa50665 role=child prefix_tokens=16321 suffix_tokens=16 model_ms=1141.6 context_ms=35.0 state_ms=9.32 prefix_ms=0.0 suffix_ms=213.9 first_token_ms=1678.5 generation_ms=23919.7 generated=64 generation_tps=2.676
CHILD index=6 own_instance=1 exit=0 text=4a8f18b77dbe0332 role=child prefix_tokens=16321 suffix_tokens=16 model_ms=1223.0 context_ms=60.2 state_ms=7.28 prefix_ms=0.0 suffix_ms=632.1 first_token_ms=2225.8 generation_ms=23814.9 generated=64 generation_tps=2.687
CHILD index=7 own_instance=1 exit=0 text=4a8f18b77dbe0332 role=child prefix_tokens=16321 suffix_tokens=16 model_ms=1166.0 context_ms=41.5 state_ms=7.54 prefix_ms=0.0 suffix_ms=527.0 first_token_ms=2039.4 generation_ms=23849.1 generated=64 generation_tps=2.684
MEMORY mem_available_drop_mib=6008
END_CASE failed=0 timed_out=0
CASE placement=same mode=cow children=8 paragraphs=320 context=32768
PARENT exit=0 text=c646470e58f73411 prefix_tokens=16321 prefix_ms=19836.7 publish_ms=9.91 state_bytes=261845 model_ms=586.3 context_ms=36.7 suffix_ms=63.9 generation_ms=13534.7 generated=64 generation_tps=4.729 total_ms=47950.3
CHILD index=0 own_instance=1 exit=0 text=d42c4c07975a6446 role=child prefix_tokens=16321 suffix_tokens=16 model_ms=1236.9 context_ms=43.9 state_ms=7.57 prefix_ms=0.0 suffix_ms=1308.1 first_token_ms=2889.2 generation_ms=23977.5 generated=64 generation_tps=2.669
CHILD index=1 own_instance=1 exit=0 text=3fd8649867d4bb41 role=child prefix_tokens=16321 suffix_tokens=16 model_ms=1187.4 context_ms=48.5 state_ms=7.39 prefix_ms=0.0 suffix_ms=1239.3 first_token_ms=2777.0 generation_ms=24025.1 generated=64 generation_tps=2.664
CHILD index=2 own_instance=1 exit=0 text=3fd8649867d4bb41 role=child prefix_tokens=16321 suffix_tokens=16 model_ms=1170.6 context_ms=37.2 state_ms=7.38 prefix_ms=0.0 suffix_ms=928.2 first_token_ms=2425.7 generation_ms=24118.1 generated=64 generation_tps=2.654
CHILD index=3 own_instance=1 exit=0 text=3fd8649867d4bb41 role=child prefix_tokens=16321 suffix_tokens=16 model_ms=1210.2 context_ms=40.6 state_ms=7.52 prefix_ms=0.0 suffix_ms=1241.8 first_token_ms=2786.9 generation_ms=24009.1 generated=64 generation_tps=2.666
CHILD index=4 own_instance=1 exit=0 text=3e0fd62f5aa50665 role=child prefix_tokens=16321 suffix_tokens=16 model_ms=1180.3 context_ms=47.0 state_ms=7.49 prefix_ms=0.0 suffix_ms=1221.2 first_token_ms=2756.1 generation_ms=24005.5 generated=64 generation_tps=2.666
CHILD index=5 own_instance=1 exit=0 text=3e0fd62f5aa50665 role=child prefix_tokens=16321 suffix_tokens=16 model_ms=1184.9 context_ms=45.6 state_ms=7.52 prefix_ms=0.0 suffix_ms=1270.2 first_token_ms=2805.9 generation_ms=24006.2 generated=64 generation_tps=2.666
CHILD index=6 own_instance=1 exit=0 text=4a8f18b77dbe0332 role=child prefix_tokens=16321 suffix_tokens=16 model_ms=1239.3 context_ms=42.1 state_ms=7.81 prefix_ms=0.0 suffix_ms=1288.1 first_token_ms=2859.5 generation_ms=23993.1 generated=64 generation_tps=2.667
CHILD index=7 own_instance=1 exit=0 text=4a8f18b77dbe0332 role=child prefix_tokens=16321 suffix_tokens=16 model_ms=1246.0 context_ms=43.8 state_ms=7.29 prefix_ms=0.0 suffix_ms=1298.6 first_token_ms=2872.3 generation_ms=23978.0 generated=64 generation_tps=2.669
MEMORY mem_available_drop_mib=6900
END_CASE failed=0 timed_out=0
CASE placement=same mode=device_merged children=8 paragraphs=320 context=32768
PARENT exit=0 text=c646470e58f73411 prefix_tokens=16321 prefix_ms=19798.0 publish_ms=108.91 state_bytes=261845 model_ms=585.3 context_ms=36.1 suffix_ms=62.9 generation_ms=13387.2 generated=64 generation_tps=4.781 total_ms=47399.6
CHILD index=0 own_instance=1 exit=0 text=d42c4c07975a6446 role=child prefix_tokens=16321 suffix_tokens=16 model_ms=1192.0 context_ms=53.3 state_ms=9.10 prefix_ms=0.0 suffix_ms=301.3 first_token_ms=1846.1 generation_ms=24072.6 generated=64 generation_tps=2.659
CHILD index=1 own_instance=1 exit=0 text=3fd8649867d4bb41 role=child prefix_tokens=16321 suffix_tokens=16 model_ms=1230.8 context_ms=145.7 state_ms=12.95 prefix_ms=0.0 suffix_ms=684.6 first_token_ms=2375.7 generation_ms=23909.4 generated=64 generation_tps=2.677
CHILD index=2 own_instance=1 exit=0 text=3fd8649867d4bb41 role=child prefix_tokens=16321 suffix_tokens=16 model_ms=1233.6 context_ms=174.1 state_ms=13.95 prefix_ms=0.0 suffix_ms=678.7 first_token_ms=2398.9 generation_ms=23889.7 generated=64 generation_tps=2.679
CHILD index=3 own_instance=1 exit=0 text=3fd8649867d4bb41 role=child prefix_tokens=16321 suffix_tokens=16 model_ms=1239.6 context_ms=146.9 state_ms=9.47 prefix_ms=0.0 suffix_ms=664.8 first_token_ms=2357.2 generation_ms=23863.6 generated=64 generation_tps=2.682
CHILD index=4 own_instance=1 exit=0 text=3e0fd62f5aa50665 role=child prefix_tokens=16321 suffix_tokens=16 model_ms=1246.7 context_ms=164.0 state_ms=10.26 prefix_ms=0.0 suffix_ms=666.2 first_token_ms=2372.5 generation_ms=23900.1 generated=64 generation_tps=2.678
CHILD index=5 own_instance=1 exit=0 text=3e0fd62f5aa50665 role=child prefix_tokens=16321 suffix_tokens=16 model_ms=1129.7 context_ms=50.9 state_ms=8.60 prefix_ms=0.0 suffix_ms=209.2 first_token_ms=1657.2 generation_ms=23910.7 generated=64 generation_tps=2.677
CHILD index=6 own_instance=1 exit=0 text=4a8f18b77dbe0332 role=child prefix_tokens=16321 suffix_tokens=16 model_ms=1237.5 context_ms=178.1 state_ms=19.04 prefix_ms=0.0 suffix_ms=689.8 first_token_ms=2421.3 generation_ms=23874.9 generated=64 generation_tps=2.681
CHILD index=7 own_instance=1 exit=0 text=4a8f18b77dbe0332 role=child prefix_tokens=16321 suffix_tokens=16 model_ms=1233.2 context_ms=78.9 state_ms=11.30 prefix_ms=0.0 suffix_ms=465.0 first_token_ms=2073.7 generation_ms=24001.9 generated=64 generation_tps=2.666
MEMORY mem_available_drop_mib=7736
END_CASE failed=0 timed_out=0
CASE placement=same mode=device_tuned children=8 paragraphs=320 context=32768
PARENT exit=0 text=c646470e58f73411 prefix_tokens=16321 prefix_ms=19794.8 publish_ms=38.28 state_bytes=261845 model_ms=622.9 context_ms=36.0 suffix_ms=63.9 generation_ms=13805.3 generated=64 generation_tps=4.636 total_ms=47480.6
CHILD index=0 own_instance=1 exit=0 text=d42c4c07975a6446 role=child prefix_tokens=16321 suffix_tokens=16 model_ms=1129.7 context_ms=69.1 state_ms=8.10 prefix_ms=0.0 suffix_ms=270.1 first_token_ms=1765.0 generation_ms=23580.1 generated=64 generation_tps=2.714
CHILD index=1 own_instance=1 exit=0 text=3fd8649867d4bb41 role=child prefix_tokens=16321 suffix_tokens=16 model_ms=961.3 context_ms=70.0 state_ms=8.66 prefix_ms=0.0 suffix_ms=177.0 first_token_ms=1470.2 generation_ms=23170.6 generated=64 generation_tps=2.762
CHILD index=2 own_instance=1 exit=0 text=3fd8649867d4bb41 role=child prefix_tokens=16321 suffix_tokens=16 model_ms=1208.4 context_ms=373.0 state_ms=17.11 prefix_ms=0.0 suffix_ms=605.4 first_token_ms=2495.1 generation_ms=23735.7 generated=64 generation_tps=2.696
CHILD index=3 own_instance=1 exit=0 text=3fd8649867d4bb41 role=child prefix_tokens=16321 suffix_tokens=16 model_ms=1206.5 context_ms=416.8 state_ms=14.05 prefix_ms=0.0 suffix_ms=628.0 first_token_ms=2561.6 generation_ms=23709.7 generated=64 generation_tps=2.699
CHILD index=4 own_instance=1 exit=0 text=3e0fd62f5aa50665 role=child prefix_tokens=16321 suffix_tokens=16 model_ms=1219.1 context_ms=439.6 state_ms=15.26 prefix_ms=0.0 suffix_ms=652.1 first_token_ms=2611.5 generation_ms=23709.1 generated=64 generation_tps=2.699
CHILD index=5 own_instance=1 exit=0 text=3e0fd62f5aa50665 role=child prefix_tokens=16321 suffix_tokens=16 model_ms=1224.6 context_ms=466.0 state_ms=11.99 prefix_ms=0.0 suffix_ms=665.6 first_token_ms=2670.3 generation_ms=23658.8 generated=64 generation_tps=2.705
CHILD index=6 own_instance=1 exit=0 text=4a8f18b77dbe0332 role=child prefix_tokens=16321 suffix_tokens=16 model_ms=1231.8 context_ms=457.1 state_ms=16.75 prefix_ms=0.0 suffix_ms=671.1 first_token_ms=2672.5 generation_ms=23667.3 generated=64 generation_tps=2.704
CHILD index=7 own_instance=1 exit=0 text=4a8f18b77dbe0332 role=child prefix_tokens=16321 suffix_tokens=16 model_ms=1215.4 context_ms=446.0 state_ms=12.84 prefix_ms=0.0 suffix_ms=654.3 first_token_ms=2630.7 generation_ms=23693.5 generated=64 generation_tps=2.701
MEMORY mem_available_drop_mib=7818
END_CASE failed=0 timed_out=0
CASE placement=same mode=device children=8 paragraphs=320 context=32768
PARENT exit=0 text=c646470e58f73411 prefix_tokens=16321 prefix_ms=19795.2 publish_ms=42.65 state_bytes=261845 model_ms=611.4 context_ms=36.2 suffix_ms=62.7 generation_ms=9015.9 generated=64 generation_tps=7.099 total_ms=47495.1
CHILD index=0 own_instance=1 exit=0 text=d42c4c07975a6446 role=child prefix_tokens=16321 suffix_tokens=16 model_ms=1186.7 context_ms=482.8 state_ms=38.40 prefix_ms=0.0 suffix_ms=286.2 first_token_ms=2288.0 generation_ms=23095.6 generated=64 generation_tps=2.771
CHILD index=1 own_instance=1 exit=0 text=3fd8649867d4bb41 role=child prefix_tokens=16321 suffix_tokens=16 model_ms=1260.3 context_ms=642.9 state_ms=294.04 prefix_ms=0.0 suffix_ms=650.7 first_token_ms=3130.6 generation_ms=23224.5 generated=64 generation_tps=2.756
CHILD index=2 own_instance=1 exit=0 text=3fd8649867d4bb41 role=child prefix_tokens=16321 suffix_tokens=16 model_ms=1243.2 context_ms=648.3 state_ms=296.77 prefix_ms=0.0 suffix_ms=675.0 first_token_ms=3161.7 generation_ms=23164.2 generated=64 generation_tps=2.763
CHILD index=3 own_instance=1 exit=0 text=3fd8649867d4bb41 role=child prefix_tokens=16321 suffix_tokens=16 model_ms=1246.0 context_ms=644.9 state_ms=297.20 prefix_ms=0.0 suffix_ms=682.0 first_token_ms=3174.8 generation_ms=23212.8 generated=64 generation_tps=2.757
CHILD index=4 own_instance=1 exit=0 text=3e0fd62f5aa50665 role=child prefix_tokens=16321 suffix_tokens=16 model_ms=1258.6 context_ms=683.8 state_ms=292.91 prefix_ms=0.0 suffix_ms=710.3 first_token_ms=3235.8 generation_ms=23166.7 generated=64 generation_tps=2.763
CHILD index=5 own_instance=1 exit=0 text=3e0fd62f5aa50665 role=child prefix_tokens=16321 suffix_tokens=16 model_ms=1241.8 context_ms=665.7 state_ms=297.45 prefix_ms=0.0 suffix_ms=659.8 first_token_ms=3167.1 generation_ms=23218.3 generated=64 generation_tps=2.756
CHILD index=6 own_instance=1 exit=0 text=4a8f18b77dbe0332 role=child prefix_tokens=16321 suffix_tokens=16 model_ms=1215.6 context_ms=531.5 state_ms=21.85 prefix_ms=0.0 suffix_ms=289.5 first_token_ms=2341.0 generation_ms=23211.9 generated=64 generation_tps=2.757
CHILD index=7 own_instance=1 exit=0 text=4a8f18b77dbe0332 role=child prefix_tokens=16321 suffix_tokens=16 model_ms=1222.3 context_ms=604.0 state_ms=297.95 prefix_ms=0.0 suffix_ms=537.9 first_token_ms=2955.7 generation_ms=23289.6 generated=64 generation_tps=2.748
MEMORY mem_available_drop_mib=7822
END_CASE failed=0 timed_out=0
CASE placement=same mode=demand children=8 paragraphs=320 context=32768
PARENT exit=0 text=c646470e58f73411 prefix_tokens=16321 prefix_ms=19784.0 publish_ms=540.54 state_bytes=936173269 model_ms=586.8 context_ms=36.4 suffix_ms=62.6 generation_ms=11450.8 generated=64 generation_tps=5.589 total_ms=48145.3
CHILD index=0 own_instance=1 exit=0 text=d42c4c07975a6446 role=child prefix_tokens=16321 suffix_tokens=16 model_ms=1238.5 context_ms=37.4 state_ms=629.16 prefix_ms=0.0 suffix_ms=662.0 first_token_ms=2875.7 generation_ms=23633.9 generated=64 generation_tps=2.708
CHILD index=1 own_instance=1 exit=0 text=3fd8649867d4bb41 role=child prefix_tokens=16321 suffix_tokens=16 model_ms=1206.3 context_ms=35.6 state_ms=615.97 prefix_ms=0.0 suffix_ms=612.9 first_token_ms=2780.6 generation_ms=23653.3 generated=64 generation_tps=2.706
CHILD index=2 own_instance=1 exit=0 text=3fd8649867d4bb41 role=child prefix_tokens=16321 suffix_tokens=16 model_ms=1224.9 context_ms=40.6 state_ms=625.19 prefix_ms=0.0 suffix_ms=634.6 first_token_ms=2829.5 generation_ms=23659.0 generated=64 generation_tps=2.705
CHILD index=3 own_instance=1 exit=0 text=3fd8649867d4bb41 role=child prefix_tokens=16321 suffix_tokens=16 model_ms=1205.6 context_ms=32.4 state_ms=526.09 prefix_ms=0.0 suffix_ms=403.1 first_token_ms=2460.2 generation_ms=23749.7 generated=64 generation_tps=2.695
CHILD index=4 own_instance=1 exit=0 text=3e0fd62f5aa50665 role=child prefix_tokens=16321 suffix_tokens=16 model_ms=1255.0 context_ms=37.1 state_ms=624.83 prefix_ms=0.0 suffix_ms=652.1 first_token_ms=2869.0 generation_ms=23636.0 generated=64 generation_tps=2.708
CHILD index=5 own_instance=1 exit=0 text=3e0fd62f5aa50665 role=child prefix_tokens=16321 suffix_tokens=16 model_ms=1157.5 context_ms=33.4 state_ms=298.10 prefix_ms=0.0 suffix_ms=272.9 first_token_ms=2032.7 generation_ms=23473.2 generated=64 generation_tps=2.727
CHILD index=6 own_instance=1 exit=0 text=4a8f18b77dbe0332 role=child prefix_tokens=16321 suffix_tokens=16 model_ms=1248.1 context_ms=39.2 state_ms=616.27 prefix_ms=0.0 suffix_ms=657.3 first_token_ms=2865.8 generation_ms=23635.5 generated=64 generation_tps=2.708
CHILD index=7 own_instance=1 exit=0 text=4a8f18b77dbe0332 role=child prefix_tokens=16321 suffix_tokens=16 model_ms=1240.1 context_ms=37.5 state_ms=617.40 prefix_ms=0.0 suffix_ms=641.2 first_token_ms=2829.6 generation_ms=23590.0 generated=64 generation_tps=2.713
MEMORY mem_available_drop_mib=14199
END_CASE failed=0 timed_out=0
CASE placement=same mode=copy children=8 paragraphs=320 context=32768
PARENT exit=0 text=c646470e58f73411 prefix_tokens=16321 prefix_ms=19774.0 publish_ms=549.09 state_bytes=936173269 model_ms=604.2 context_ms=59.9 suffix_ms=62.8 generation_ms=11919.5 generated=64 generation_tps=5.369 total_ms=48263.7
CHILD index=0 own_instance=1 exit=0 text=d42c4c07975a6446 role=child prefix_tokens=16321 suffix_tokens=16 model_ms=1096.8 context_ms=69.7 state_ms=367.98 prefix_ms=0.0 suffix_ms=237.7 first_token_ms=2052.7 generation_ms=23543.9 generated=64 generation_tps=2.718
CHILD index=1 own_instance=1 exit=0 text=3fd8649867d4bb41 role=child prefix_tokens=16321 suffix_tokens=16 model_ms=1242.3 context_ms=232.2 state_ms=396.40 prefix_ms=0.0 suffix_ms=654.7 first_token_ms=2827.6 generation_ms=23724.6 generated=64 generation_tps=2.698
CHILD index=2 own_instance=1 exit=0 text=3fd8649867d4bb41 role=child prefix_tokens=16321 suffix_tokens=16 model_ms=1252.8 context_ms=223.3 state_ms=401.24 prefix_ms=0.0 suffix_ms=642.6 first_token_ms=2812.7 generation_ms=23734.0 generated=64 generation_tps=2.697
CHILD index=3 own_instance=1 exit=0 text=3fd8649867d4bb41 role=child prefix_tokens=16321 suffix_tokens=16 model_ms=1225.3 context_ms=149.8 state_ms=465.57 prefix_ms=0.0 suffix_ms=619.4 first_token_ms=2747.7 generation_ms=23748.3 generated=64 generation_tps=2.695
CHILD index=4 own_instance=1 exit=0 text=3e0fd62f5aa50665 role=child prefix_tokens=16321 suffix_tokens=16 model_ms=1260.0 context_ms=193.4 state_ms=396.84 prefix_ms=0.0 suffix_ms=638.4 first_token_ms=2770.3 generation_ms=23743.1 generated=64 generation_tps=2.696
CHILD index=5 own_instance=1 exit=0 text=3e0fd62f5aa50665 role=child prefix_tokens=16321 suffix_tokens=16 model_ms=1250.5 context_ms=195.6 state_ms=420.50 prefix_ms=0.0 suffix_ms=620.0 first_token_ms=2782.9 generation_ms=23747.6 generated=64 generation_tps=2.695
CHILD index=6 own_instance=1 exit=0 text=4a8f18b77dbe0332 role=child prefix_tokens=16321 suffix_tokens=16 model_ms=1253.7 context_ms=208.1 state_ms=381.99 prefix_ms=0.0 suffix_ms=629.3 first_token_ms=2764.1 generation_ms=23751.5 generated=64 generation_tps=2.695
CHILD index=7 own_instance=1 exit=0 text=4a8f18b77dbe0332 role=child prefix_tokens=16321 suffix_tokens=16 model_ms=1224.2 context_ms=173.7 state_ms=429.65 prefix_ms=0.0 suffix_ms=644.3 first_token_ms=2770.5 generation_ms=23689.7 generated=64 generation_tps=2.702
MEMORY mem_available_drop_mib=20306
END_CASE failed=0 timed_out=0
CASE placement=cross mode=extent children=8 paragraphs=320 context=32768
PARENT exit=0 text=c646470e58f73411 prefix_tokens=16321 prefix_ms=19863.3 publish_ms=11.66 state_bytes=261845 model_ms=584.6 context_ms=39.4 suffix_ms=63.0 generation_ms=8845.6 generated=64 generation_tps=7.235 total_ms=42121.0
CHILD index=0 own_instance=1 exit=0 text=d42c4c07975a6446 role=child prefix_tokens=16321 suffix_tokens=16 model_ms=1183.0 context_ms=41.0 state_ms=7.59 prefix_ms=0.0 suffix_ms=412.6 first_token_ms=1942.1 generation_ms=13846.4 generated=64 generation_tps=4.622
CHILD index=1 own_instance=0 exit=0 text=3fd8649867d4bb41 role=child prefix_tokens=16321 suffix_tokens=16 model_ms=1178.8 context_ms=43.0 state_ms=7.85 prefix_ms=0.0 suffix_ms=463.4 first_token_ms=1979.5 generation_ms=19171.3 generated=64 generation_tps=3.338
CHILD index=2 own_instance=1 exit=0 text=3fd8649867d4bb41 role=child prefix_tokens=16321 suffix_tokens=16 model_ms=1130.5 context_ms=37.0 state_ms=7.24 prefix_ms=0.0 suffix_ms=301.7 first_token_ms=1780.6 generation_ms=13924.4 generated=64 generation_tps=4.596
CHILD index=3 own_instance=0 exit=0 text=3fd8649867d4bb41 role=child prefix_tokens=16321 suffix_tokens=16 model_ms=1159.0 context_ms=45.5 state_ms=7.55 prefix_ms=0.0 suffix_ms=442.5 first_token_ms=1949.0 generation_ms=19197.1 generated=64 generation_tps=3.334
CHILD index=4 own_instance=1 exit=0 text=3e0fd62f5aa50665 role=child prefix_tokens=16321 suffix_tokens=16 model_ms=1207.6 context_ms=39.2 state_ms=7.50 prefix_ms=0.0 suffix_ms=427.7 first_token_ms=1972.5 generation_ms=13825.0 generated=64 generation_tps=4.629
CHILD index=5 own_instance=0 exit=0 text=3fd8649867d4bb41 role=child prefix_tokens=16321 suffix_tokens=16 model_ms=1071.5 context_ms=35.2 state_ms=7.37 prefix_ms=0.0 suffix_ms=133.1 first_token_ms=1509.6 generation_ms=19237.4 generated=64 generation_tps=3.327
CHILD index=6 own_instance=1 exit=0 text=4a8f18b77dbe0332 role=child prefix_tokens=16321 suffix_tokens=16 model_ms=1119.8 context_ms=36.7 state_ms=7.66 prefix_ms=0.0 suffix_ms=278.0 first_token_ms=1737.3 generation_ms=13944.7 generated=64 generation_tps=4.590
CHILD index=7 own_instance=0 exit=0 text=4a8f18b77dbe0332 role=child prefix_tokens=16321 suffix_tokens=16 model_ms=1140.2 context_ms=41.5 state_ms=7.57 prefix_ms=0.0 suffix_ms=413.3 first_token_ms=1885.5 generation_ms=19177.2 generated=64 generation_tps=3.337
MEMORY mem_available_drop_mib=5914
END_CASE failed=0 timed_out=0
CASE placement=cross mode=cow children=8 paragraphs=320 context=32768
PARENT exit=0 text=c646470e58f73411 prefix_tokens=16321 prefix_ms=19863.7 publish_ms=11.72 state_bytes=261845 model_ms=586.3 context_ms=36.5 suffix_ms=62.4 generation_ms=8887.8 generated=64 generation_tps=7.201 total_ms=42651.3
CHILD index=0 own_instance=1 exit=0 text=d42c4c07975a6446 role=child prefix_tokens=16321 suffix_tokens=16 model_ms=1208.4 context_ms=40.3 state_ms=7.57 prefix_ms=0.0 suffix_ms=737.2 first_token_ms=2282.3 generation_ms=13937.4 generated=64 generation_tps=4.592
CHILD index=1 own_instance=0 exit=0 text=3fd8649867d4bb41 role=child prefix_tokens=16321 suffix_tokens=16 model_ms=1157.5 context_ms=38.8 state_ms=7.54 prefix_ms=0.0 suffix_ms=741.8 first_token_ms=2232.2 generation_ms=19383.5 generated=64 generation_tps=3.302
CHILD index=2 own_instance=1 exit=0 text=3fd8649867d4bb41 role=child prefix_tokens=16321 suffix_tokens=16 model_ms=1145.9 context_ms=42.3 state_ms=7.57 prefix_ms=0.0 suffix_ms=639.2 first_token_ms=2133.1 generation_ms=13983.0 generated=64 generation_tps=4.577
CHILD index=3 own_instance=0 exit=0 text=3fd8649867d4bb41 role=child prefix_tokens=16321 suffix_tokens=16 model_ms=1149.9 context_ms=42.5 state_ms=7.64 prefix_ms=0.0 suffix_ms=751.3 first_token_ms=2245.6 generation_ms=19382.8 generated=64 generation_tps=3.302
CHILD index=4 own_instance=1 exit=0 text=3e0fd62f5aa50665 role=child prefix_tokens=16321 suffix_tokens=16 model_ms=1200.5 context_ms=42.2 state_ms=7.45 prefix_ms=0.0 suffix_ms=730.7 first_token_ms=2272.6 generation_ms=13944.6 generated=64 generation_tps=4.590
CHILD index=5 own_instance=0 exit=0 text=3fd8649867d4bb41 role=child prefix_tokens=16321 suffix_tokens=16 model_ms=1124.8 context_ms=37.9 state_ms=7.65 prefix_ms=0.0 suffix_ms=526.7 first_token_ms=1973.8 generation_ms=19460.4 generated=64 generation_tps=3.289
CHILD index=6 own_instance=1 exit=0 text=4a8f18b77dbe0332 role=child prefix_tokens=16321 suffix_tokens=16 model_ms=1207.9 context_ms=37.1 state_ms=7.54 prefix_ms=0.0 suffix_ms=759.6 first_token_ms=2312.7 generation_ms=13918.8 generated=64 generation_tps=4.598
CHILD index=7 own_instance=0 exit=0 text=4a8f18b77dbe0332 role=child prefix_tokens=16321 suffix_tokens=16 model_ms=1164.5 context_ms=46.0 state_ms=7.77 prefix_ms=0.0 suffix_ms=770.9 first_token_ms=2286.2 generation_ms=19359.2 generated=64 generation_tps=3.306
MEMORY mem_available_drop_mib=6798
END_CASE failed=0 timed_out=0
CASE placement=cross mode=device_merged children=8 paragraphs=320 context=32768
PARENT exit=0 text=c646470e58f73411 prefix_tokens=16321 prefix_ms=19804.6 publish_ms=117.27 state_bytes=261845 model_ms=595.3 context_ms=35.6 suffix_ms=62.7 generation_ms=7140.9 generated=64 generation_tps=8.962 total_ms=35648.0
CHILD index=0 own_instance=1 exit=0 text=d42c4c07975a6446 role=child prefix_tokens=16321 suffix_tokens=16 model_ms=1158.0 context_ms=229.1 state_ms=8.30 prefix_ms=0.0 suffix_ms=413.0 first_token_ms=2097.6 generation_ms=12359.9 generated=64 generation_tps=5.178
STDERR llama_init_from_model: failed to initialize the context: kv cache: cannot map a published allocation
STDERR kv_fork: cannot create the context
CHILD index=1 own_instance=0 exit=1 text=e3b0c44298fc1c14 
CHILD index=2 own_instance=1 exit=0 text=3fd8649867d4bb41 role=child prefix_tokens=16321 suffix_tokens=16 model_ms=1188.0 context_ms=334.3 state_ms=18.86 prefix_ms=0.0 suffix_ms=377.2 first_token_ms=2195.3 generation_ms=12382.1 generated=64 generation_tps=5.169
STDERR llama_init_from_model: failed to initialize the context: kv cache: cannot map a published allocation
STDERR kv_fork: cannot create the context
CHILD index=3 own_instance=0 exit=1 text=e3b0c44298fc1c14 
CHILD index=4 own_instance=1 exit=0 text=3e0fd62f5aa50665 role=child prefix_tokens=16321 suffix_tokens=16 model_ms=1180.0 context_ms=334.9 state_ms=21.74 prefix_ms=0.0 suffix_ms=390.4 first_token_ms=2212.9 generation_ms=12377.1 generated=64 generation_tps=5.171
STDERR llama_init_from_model: failed to initialize the context: kv cache: cannot map a published allocation
STDERR kv_fork: cannot create the context
CHILD index=5 own_instance=0 exit=1 text=e3b0c44298fc1c14 
CHILD index=6 own_instance=1 exit=0 text=4a8f18b77dbe0332 role=child prefix_tokens=16321 suffix_tokens=16 model_ms=1178.4 context_ms=314.1 state_ms=16.37 prefix_ms=0.0 suffix_ms=384.1 first_token_ms=2195.1 generation_ms=12388.8 generated=64 generation_tps=5.166
STDERR llama_init_from_model: failed to initialize the context: kv cache: cannot map a published allocation
STDERR kv_fork: cannot create the context
CHILD index=7 own_instance=0 exit=1 text=e3b0c44298fc1c14 
MEMORY mem_available_drop_mib=3966
END_CASE failed=4 timed_out=0
CASE placement=cross mode=device_tuned children=8 paragraphs=320 context=32768
PARENT exit=0 text=c646470e58f73411 prefix_tokens=16321 prefix_ms=19796.6 publish_ms=33.04 state_bytes=261845 model_ms=585.7 context_ms=35.8 suffix_ms=63.1 generation_ms=6417.7 generated=64 generation_tps=9.972 total_ms=35582.6
CHILD index=0 own_instance=1 exit=0 text=d42c4c07975a6446 role=child prefix_tokens=16321 suffix_tokens=16 model_ms=1166.0 context_ms=546.0 state_ms=11.37 prefix_ms=0.0 suffix_ms=364.8 first_token_ms=2385.0 generation_ms=12181.0 generated=64 generation_tps=5.254
STDERR llama_init_from_model: failed to initialize the context: kv cache: cannot map a published allocation
STDERR kv_fork: cannot create the context
CHILD index=1 own_instance=0 exit=1 text=e3b0c44298fc1c14 
CHILD index=2 own_instance=1 exit=0 text=3fd8649867d4bb41 role=child prefix_tokens=16321 suffix_tokens=16 model_ms=1184.5 context_ms=548.4 state_ms=12.10 prefix_ms=0.0 suffix_ms=376.0 first_token_ms=2413.7 generation_ms=12178.8 generated=64 generation_tps=5.255
STDERR llama_init_from_model: failed to initialize the context: kv cache: cannot map a published allocation
STDERR kv_fork: cannot create the context
CHILD index=3 own_instance=0 exit=1 text=e3b0c44298fc1c14 
CHILD index=4 own_instance=1 exit=0 text=3e0fd62f5aa50665 role=child prefix_tokens=16321 suffix_tokens=16 model_ms=1199.5 context_ms=484.9 state_ms=11.53 prefix_ms=0.0 suffix_ms=300.8 first_token_ms=2296.8 generation_ms=12193.7 generated=64 generation_tps=5.249
STDERR llama_init_from_model: failed to initialize the context: kv cache: cannot map a published allocation
STDERR kv_fork: cannot create the context
CHILD index=5 own_instance=0 exit=1 text=e3b0c44298fc1c14 
CHILD index=6 own_instance=1 exit=0 text=4a8f18b77dbe0332 role=child prefix_tokens=16321 suffix_tokens=16 model_ms=1224.9 context_ms=501.7 state_ms=12.72 prefix_ms=0.0 suffix_ms=367.0 first_token_ms=2391.4 generation_ms=12182.5 generated=64 generation_tps=5.253
STDERR llama_init_from_model: failed to initialize the context: kv cache: cannot map a published allocation
STDERR kv_fork: cannot create the context
CHILD index=7 own_instance=0 exit=1 text=e3b0c44298fc1c14 
MEMORY mem_available_drop_mib=3999
END_CASE failed=4 timed_out=0
CASE placement=cross mode=device children=8 paragraphs=320 context=32768
PARENT exit=0 text=c646470e58f73411 prefix_tokens=16321 prefix_ms=19800.3 publish_ms=38.51 state_bytes=261845 model_ms=612.7 context_ms=35.8 suffix_ms=62.9 generation_ms=6295.8 generated=64 generation_tps=10.165 total_ms=35608.2
CHILD index=0 own_instance=1 exit=0 text=d42c4c07975a6446 role=child prefix_tokens=16321 suffix_tokens=16 model_ms=1185.7 context_ms=525.0 state_ms=188.65 prefix_ms=0.0 suffix_ms=392.8 first_token_ms=2575.5 generation_ms=11993.4 generated=64 generation_tps=5.336
STDERR llama_init_from_model: failed to initialize the context: kv cache: cannot map a published allocation
STDERR kv_fork: cannot create the context
CHILD index=1 own_instance=0 exit=1 text=e3b0c44298fc1c14 
CHILD index=2 own_instance=1 exit=0 text=3fd8649867d4bb41 role=child prefix_tokens=16321 suffix_tokens=16 model_ms=1118.0 context_ms=477.5 state_ms=42.20 prefix_ms=0.0 suffix_ms=238.8 first_token_ms=2130.0 generation_ms=12042.0 generated=64 generation_tps=5.315
STDERR llama_init_from_model: failed to initialize the context: kv cache: cannot map a published allocation
STDERR kv_fork: cannot create the context
CHILD index=3 own_instance=0 exit=1 text=e3b0c44298fc1c14 
CHILD index=4 own_instance=1 exit=0 text=3e0fd62f5aa50665 role=child prefix_tokens=16321 suffix_tokens=16 model_ms=1209.6 context_ms=523.2 state_ms=190.75 prefix_ms=0.0 suffix_ms=396.2 first_token_ms=2610.1 generation_ms=12004.2 generated=64 generation_tps=5.331
STDERR llama_init_from_model: failed to initialize the context: kv cache: cannot map a published allocation
STDERR kv_fork: cannot create the context
CHILD index=5 own_instance=0 exit=1 text=e3b0c44298fc1c14 
CHILD index=6 own_instance=1 exit=0 text=4a8f18b77dbe0332 role=child prefix_tokens=16321 suffix_tokens=16 model_ms=1201.5 context_ms=521.2 state_ms=190.50 prefix_ms=0.0 suffix_ms=387.3 first_token_ms=2602.0 generation_ms=12016.6 generated=64 generation_tps=5.326
STDERR llama_init_from_model: failed to initialize the context: kv cache: cannot map a published allocation
STDERR kv_fork: cannot create the context
CHILD index=7 own_instance=0 exit=1 text=e3b0c44298fc1c14 
MEMORY mem_available_drop_mib=3999
END_CASE failed=4 timed_out=0
CASE placement=cross mode=demand children=8 paragraphs=320 context=32768
PARENT exit=0 text=c646470e58f73411 prefix_tokens=16321 prefix_ms=19793.6 publish_ms=572.92 state_bytes=936173269 model_ms=614.5 context_ms=35.4 suffix_ms=62.8 generation_ms=6767.0 generated=64 generation_tps=9.458 total_ms=42786.7
CHILD index=0 own_instance=1 exit=0 text=d42c4c07975a6446 role=child prefix_tokens=16321 suffix_tokens=16 model_ms=1125.3 context_ms=41.9 state_ms=671.08 prefix_ms=0.0 suffix_ms=264.1 first_token_ms=2410.9 generation_ms=13354.9 generated=64 generation_tps=4.792
CHILD index=1 own_instance=0 exit=0 text=3fd8649867d4bb41 role=child prefix_tokens=16321 suffix_tokens=16 model_ms=1145.7 context_ms=43.5 state_ms=671.56 prefix_ms=0.0 suffix_ms=424.4 first_token_ms=2573.4 generation_ms=18605.8 generated=64 generation_tps=3.440
CHILD index=2 own_instance=1 exit=0 text=3fd8649867d4bb41 role=child prefix_tokens=16321 suffix_tokens=16 model_ms=1222.7 context_ms=43.5 state_ms=642.23 prefix_ms=0.0 suffix_ms=414.1 first_token_ms=2617.6 generation_ms=13293.8 generated=64 generation_tps=4.814
CHILD index=3 own_instance=0 exit=0 text=3fd8649867d4bb41 role=child prefix_tokens=16321 suffix_tokens=16 model_ms=1136.7 context_ms=39.9 state_ms=506.01 prefix_ms=0.0 suffix_ms=198.4 first_token_ms=2178.5 generation_ms=18703.2 generated=64 generation_tps=3.422
CHILD index=4 own_instance=1 exit=0 text=3e0fd62f5aa50665 role=child prefix_tokens=16321 suffix_tokens=16 model_ms=1225.5 context_ms=35.8 state_ms=643.66 prefix_ms=0.0 suffix_ms=420.3 first_token_ms=2629.3 generation_ms=13280.5 generated=64 generation_tps=4.819
CHILD index=5 own_instance=0 exit=0 text=3fd8649867d4bb41 role=child prefix_tokens=16321 suffix_tokens=16 model_ms=1185.6 context_ms=40.4 state_ms=616.58 prefix_ms=0.0 suffix_ms=438.3 first_token_ms=2592.3 generation_ms=18604.8 generated=64 generation_tps=3.440
CHILD index=6 own_instance=1 exit=0 text=4a8f18b77dbe0332 role=child prefix_tokens=16321 suffix_tokens=16 model_ms=1224.7 context_ms=36.9 state_ms=650.05 prefix_ms=0.0 suffix_ms=399.5 first_token_ms=2598.8 generation_ms=13325.7 generated=64 generation_tps=4.803
CHILD index=7 own_instance=0 exit=0 text=4a8f18b77dbe0332 role=child prefix_tokens=16321 suffix_tokens=16 model_ms=1209.8 context_ms=36.3 state_ms=619.32 prefix_ms=0.0 suffix_ms=441.5 first_token_ms=2606.3 generation_ms=18600.6 generated=64 generation_tps=3.441
MEMORY mem_available_drop_mib=13717
END_CASE failed=0 timed_out=0
CASE placement=cross mode=copy children=8 paragraphs=320 context=32768
PARENT exit=0 text=c646470e58f73411 prefix_tokens=16321 prefix_ms=19784.6 publish_ms=569.61 state_bytes=936173269 model_ms=590.0 context_ms=60.3 suffix_ms=62.7 generation_ms=7870.7 generated=64 generation_tps=8.131 total_ms=42508.0
CHILD index=0 own_instance=1 exit=0 text=d42c4c07975a6446 role=child prefix_tokens=16321 suffix_tokens=16 model_ms=1244.5 context_ms=149.1 state_ms=369.34 prefix_ms=0.0 suffix_ms=424.1 first_token_ms=2476.9 generation_ms=13547.2 generated=64 generation_tps=4.724
CHILD index=1 own_instance=0 exit=0 text=3fd8649867d4bb41 role=child prefix_tokens=16321 suffix_tokens=16 model_ms=1156.7 context_ms=149.5 state_ms=350.53 prefix_ms=0.0 suffix_ms=452.5 first_token_ms=2390.6 generation_ms=18601.8 generated=64 generation_tps=3.441
CHILD index=2 own_instance=1 exit=0 text=3fd8649867d4bb41 role=child prefix_tokens=16321 suffix_tokens=16 model_ms=1168.3 context_ms=176.8 state_ms=361.09 prefix_ms=0.0 suffix_ms=379.9 first_token_ms=2389.2 generation_ms=13577.7 generated=64 generation_tps=4.714
CHILD index=3 own_instance=0 exit=0 text=3fd8649867d4bb41 role=child prefix_tokens=16321 suffix_tokens=16 model_ms=1101.5 context_ms=136.0 state_ms=382.10 prefix_ms=0.0 suffix_ms=381.5 first_token_ms=2297.1 generation_ms=18638.0 generated=64 generation_tps=3.434
CHILD index=4 own_instance=1 exit=0 text=3e0fd62f5aa50665 role=child prefix_tokens=16321 suffix_tokens=16 model_ms=1140.6 context_ms=148.0 state_ms=385.24 prefix_ms=0.0 suffix_ms=316.8 first_token_ms=2286.8 generation_ms=13612.6 generated=64 generation_tps=4.702
CHILD index=5 own_instance=0 exit=0 text=3fd8649867d4bb41 role=child prefix_tokens=16321 suffix_tokens=16 model_ms=1071.1 context_ms=67.1 state_ms=306.21 prefix_ms=0.0 suffix_ms=198.4 first_token_ms=1930.3 generation_ms=18684.5 generated=64 generation_tps=3.425
CHILD index=6 own_instance=1 exit=0 text=4a8f18b77dbe0332 role=child prefix_tokens=16321 suffix_tokens=16 model_ms=1226.7 context_ms=148.3 state_ms=362.49 prefix_ms=0.0 suffix_ms=394.8 first_token_ms=2438.6 generation_ms=13578.4 generated=64 generation_tps=4.713
CHILD index=7 own_instance=0 exit=0 text=4a8f18b77dbe0332 role=child prefix_tokens=16321 suffix_tokens=16 model_ms=1170.5 context_ms=159.6 state_ms=331.60 prefix_ms=0.0 suffix_ms=483.9 first_token_ms=2445.1 generation_ms=18568.0 generated=64 generation_tps=3.447
MEMORY mem_available_drop_mib=20243
END_CASE failed=0 timed_out=0
CASE placement=same mode=extent children=8 paragraphs=80 context=8192
PARENT exit=0 text=8e42d861853d43f0 prefix_tokens=4081 prefix_ms=4394.1 publish_ms=4.83 state_bytes=66005 model_ms=589.7 context_ms=22.8 suffix_ms=57.4 generation_ms=12534.7 generated=64 generation_tps=5.106 total_ms=30433.1
CHILD index=0 own_instance=1 exit=0 text=c762b6e82f144cca role=child prefix_tokens=4081 suffix_tokens=16 model_ms=1193.8 context_ms=27.3 state_ms=1.77 prefix_ms=0.0 suffix_ms=622.3 first_token_ms=2132.8 generation_ms=22722.3 generated=64 generation_tps=2.817
CHILD index=1 own_instance=1 exit=0 text=5f0f74be36dfb05d role=child prefix_tokens=4081 suffix_tokens=16 model_ms=1154.0 context_ms=30.8 state_ms=1.97 prefix_ms=0.0 suffix_ms=391.1 first_token_ms=1836.9 generation_ms=22814.8 generated=64 generation_tps=2.805
CHILD index=2 own_instance=1 exit=0 text=45d93d75d8c246b5 role=child prefix_tokens=4081 suffix_tokens=16 model_ms=1137.8 context_ms=28.8 state_ms=1.87 prefix_ms=0.0 suffix_ms=361.2 first_token_ms=1805.7 generation_ms=22835.1 generated=64 generation_tps=2.803
CHILD index=3 own_instance=1 exit=0 text=4a8f18b77dbe0332 role=child prefix_tokens=4081 suffix_tokens=16 model_ms=1202.0 context_ms=34.1 state_ms=2.19 prefix_ms=0.0 suffix_ms=626.4 first_token_ms=2147.9 generation_ms=22712.4 generated=64 generation_tps=2.818
CHILD index=4 own_instance=1 exit=0 text=46404abc10d87546 role=child prefix_tokens=4081 suffix_tokens=16 model_ms=1176.9 context_ms=29.1 state_ms=1.89 prefix_ms=0.0 suffix_ms=589.8 first_token_ms=2089.8 generation_ms=22730.5 generated=64 generation_tps=2.816
CHILD index=5 own_instance=1 exit=0 text=46404abc10d87546 role=child prefix_tokens=4081 suffix_tokens=16 model_ms=1197.4 context_ms=34.5 state_ms=1.83 prefix_ms=0.0 suffix_ms=617.8 first_token_ms=2137.2 generation_ms=22717.0 generated=64 generation_tps=2.817
CHILD index=6 own_instance=1 exit=0 text=46404abc10d87546 role=child prefix_tokens=4081 suffix_tokens=16 model_ms=1134.9 context_ms=30.7 state_ms=1.64 prefix_ms=0.0 suffix_ms=392.6 first_token_ms=1832.7 generation_ms=22815.7 generated=64 generation_tps=2.805
CHILD index=7 own_instance=1 exit=0 text=46404abc10d87546 role=child prefix_tokens=4081 suffix_tokens=16 model_ms=1210.0 context_ms=25.2 state_ms=1.86 prefix_ms=0.0 suffix_ms=630.1 first_token_ms=2156.4 generation_ms=22704.2 generated=64 generation_tps=2.819
MEMORY mem_available_drop_mib=5817
END_CASE failed=0 timed_out=0
CASE placement=same mode=cow children=8 paragraphs=80 context=8192
PARENT exit=0 text=8e42d861853d43f0 prefix_tokens=4081 prefix_ms=4396.0 publish_ms=4.83 state_bytes=66005 model_ms=586.8 context_ms=22.7 suffix_ms=57.7 generation_ms=13550.4 generated=64 generation_tps=4.723 total_ms=31270.4
CHILD index=0 own_instance=1 exit=0 text=c762b6e82f144cca role=child prefix_tokens=4081 suffix_tokens=16 model_ms=1197.5 context_ms=30.1 state_ms=2.00 prefix_ms=0.0 suffix_ms=1460.9 first_token_ms=2961.6 generation_ms=22724.9 generated=64 generation_tps=2.816
CHILD index=1 own_instance=1 exit=0 text=5f0f74be36dfb05d role=child prefix_tokens=4081 suffix_tokens=16 model_ms=1177.8 context_ms=28.3 state_ms=1.73 prefix_ms=0.0 suffix_ms=1465.0 first_token_ms=2966.8 generation_ms=22723.4 generated=64 generation_tps=2.816
CHILD index=2 own_instance=1 exit=0 text=45d93d75d8c246b5 role=child prefix_tokens=4081 suffix_tokens=16 model_ms=1090.2 context_ms=23.0 state_ms=1.96 prefix_ms=0.0 suffix_ms=735.8 first_token_ms=2094.5 generation_ms=23056.5 generated=64 generation_tps=2.776
CHILD index=3 own_instance=1 exit=0 text=4a8f18b77dbe0332 role=child prefix_tokens=4081 suffix_tokens=16 model_ms=1104.7 context_ms=21.2 state_ms=1.68 prefix_ms=0.0 suffix_ms=1301.1 first_token_ms=2720.3 generation_ms=22787.1 generated=64 generation_tps=2.809
CHILD index=4 own_instance=1 exit=0 text=46404abc10d87546 role=child prefix_tokens=4081 suffix_tokens=16 model_ms=1159.6 context_ms=27.4 state_ms=1.86 prefix_ms=0.0 suffix_ms=1446.5 first_token_ms=2919.7 generation_ms=22722.0 generated=64 generation_tps=2.817
CHILD index=5 own_instance=1 exit=0 text=46404abc10d87546 role=child prefix_tokens=4081 suffix_tokens=16 model_ms=1163.9 context_ms=25.8 state_ms=1.75 prefix_ms=0.0 suffix_ms=1442.3 first_token_ms=2903.1 generation_ms=22707.9 generated=64 generation_tps=2.818
CHILD index=6 own_instance=1 exit=0 text=46404abc10d87546 role=child prefix_tokens=4081 suffix_tokens=16 model_ms=1181.8 context_ms=27.6 state_ms=1.66 prefix_ms=0.0 suffix_ms=1446.9 first_token_ms=2936.3 generation_ms=22728.9 generated=64 generation_tps=2.816
CHILD index=7 own_instance=1 exit=0 text=46404abc10d87546 role=child prefix_tokens=4081 suffix_tokens=16 model_ms=1171.1 context_ms=30.5 state_ms=1.93 prefix_ms=0.0 suffix_ms=1446.0 first_token_ms=2937.8 generation_ms=22742.8 generated=64 generation_tps=2.814
MEMORY mem_available_drop_mib=6694
END_CASE failed=0 timed_out=0
CASE placement=same mode=device_merged children=8 paragraphs=80 context=8192
PARENT exit=0 text=8e42d861853d43f0 prefix_tokens=4081 prefix_ms=4394.0 publish_ms=25.51 state_bytes=66005 model_ms=599.5 context_ms=22.0 suffix_ms=56.9 generation_ms=14116.4 generated=64 generation_tps=4.534 total_ms=30540.3
CHILD index=0 own_instance=1 exit=0 text=c762b6e82f144cca role=child prefix_tokens=4081 suffix_tokens=16 model_ms=1203.8 context_ms=106.2 state_ms=10.07 prefix_ms=0.0 suffix_ms=646.2 first_token_ms=2257.4 generation_ms=22678.2 generated=64 generation_tps=2.822
CHILD index=1 own_instance=1 exit=0 text=5f0f74be36dfb05d role=child prefix_tokens=4081 suffix_tokens=16 model_ms=1192.5 context_ms=114.8 state_ms=11.03 prefix_ms=0.0 suffix_ms=627.7 first_token_ms=2250.6 generation_ms=22731.2 generated=64 generation_tps=2.816
CHILD index=2 own_instance=1 exit=0 text=45d93d75d8c246b5 role=child prefix_tokens=4081 suffix_tokens=16 model_ms=1201.4 context_ms=111.4 state_ms=2.64 prefix_ms=0.0 suffix_ms=637.7 first_token_ms=2250.1 generation_ms=22731.1 generated=64 generation_tps=2.816
CHILD index=3 own_instance=1 exit=0 text=4a8f18b77dbe0332 role=child prefix_tokens=4081 suffix_tokens=16 model_ms=1124.2 context_ms=59.4 state_ms=5.54 prefix_ms=0.0 suffix_ms=309.5 first_token_ms=1762.3 generation_ms=22884.1 generated=64 generation_tps=2.797
CHILD index=4 own_instance=1 exit=0 text=46404abc10d87546 role=child prefix_tokens=4081 suffix_tokens=16 model_ms=1139.5 context_ms=42.9 state_ms=2.80 prefix_ms=0.0 suffix_ms=339.8 first_token_ms=1812.3 generation_ms=22918.9 generated=64 generation_tps=2.792
CHILD index=5 own_instance=1 exit=0 text=46404abc10d87546 role=child prefix_tokens=4081 suffix_tokens=16 model_ms=1198.6 context_ms=115.5 state_ms=7.32 prefix_ms=0.0 suffix_ms=636.8 first_token_ms=2258.4 generation_ms=22717.6 generated=64 generation_tps=2.817
CHILD index=6 own_instance=1 exit=0 text=46404abc10d87546 role=child prefix_tokens=4081 suffix_tokens=16 model_ms=1166.7 context_ms=41.8 state_ms=4.12 prefix_ms=0.0 suffix_ms=574.0 first_token_ms=2095.0 generation_ms=22751.6 generated=64 generation_tps=2.813
CHILD index=7 own_instance=1 exit=0 text=46404abc10d87546 role=child prefix_tokens=4081 suffix_tokens=16 model_ms=1104.3 context_ms=58.0 state_ms=2.67 prefix_ms=0.0 suffix_ms=293.5 first_token_ms=1741.0 generation_ms=22862.9 generated=64 generation_tps=2.799
MEMORY mem_available_drop_mib=7576
END_CASE failed=0 timed_out=0
CASE placement=same mode=device_tuned children=8 paragraphs=80 context=8192
PARENT exit=0 text=8e42d861853d43f0 prefix_tokens=4081 prefix_ms=4410.3 publish_ms=7.25 state_bytes=66005 model_ms=591.7 context_ms=21.8 suffix_ms=57.8 generation_ms=13940.9 generated=64 generation_tps=4.591 total_ms=30592.5
CHILD index=0 own_instance=1 exit=0 text=c762b6e82f144cca role=child prefix_tokens=4081 suffix_tokens=16 model_ms=1188.5 context_ms=158.8 state_ms=7.72 prefix_ms=0.0 suffix_ms=598.8 first_token_ms=2262.3 generation_ms=22718.5 generated=64 generation_tps=2.817
CHILD index=1 own_instance=1 exit=0 text=5f0f74be36dfb05d role=child prefix_tokens=4081 suffix_tokens=16 model_ms=1115.6 context_ms=62.3 state_ms=4.01 prefix_ms=0.0 suffix_ms=253.9 first_token_ms=1710.7 generation_ms=22805.5 generated=64 generation_tps=2.806
CHILD index=2 own_instance=1 exit=0 text=45d93d75d8c246b5 role=child prefix_tokens=4081 suffix_tokens=16 model_ms=1204.0 context_ms=149.6 state_ms=5.91 prefix_ms=0.0 suffix_ms=576.1 first_token_ms=2224.8 generation_ms=22693.4 generated=64 generation_tps=2.820
CHILD index=3 own_instance=1 exit=0 text=4a8f18b77dbe0332 role=child prefix_tokens=4081 suffix_tokens=16 model_ms=1106.1 context_ms=54.9 state_ms=3.74 prefix_ms=0.0 suffix_ms=240.6 first_token_ms=1689.8 generation_ms=22762.3 generated=64 generation_tps=2.812
CHILD index=4 own_instance=1 exit=0 text=46404abc10d87546 role=child prefix_tokens=4081 suffix_tokens=16 model_ms=1192.8 context_ms=150.2 state_ms=4.14 prefix_ms=0.0 suffix_ms=576.4 first_token_ms=2226.0 generation_ms=22737.9 generated=64 generation_tps=2.815
CHILD index=5 own_instance=1 exit=0 text=46404abc10d87546 role=child prefix_tokens=4081 suffix_tokens=16 model_ms=1197.7 context_ms=146.1 state_ms=4.45 prefix_ms=0.0 suffix_ms=611.0 first_token_ms=2253.4 generation_ms=22721.3 generated=64 generation_tps=2.817
CHILD index=6 own_instance=1 exit=0 text=46404abc10d87546 role=child prefix_tokens=4081 suffix_tokens=16 model_ms=1203.4 context_ms=155.2 state_ms=8.52 prefix_ms=0.0 suffix_ms=598.5 first_token_ms=2263.5 generation_ms=22716.6 generated=64 generation_tps=2.817
CHILD index=7 own_instance=1 exit=0 text=46404abc10d87546 role=child prefix_tokens=4081 suffix_tokens=16 model_ms=1194.2 context_ms=157.9 state_ms=7.10 prefix_ms=0.0 suffix_ms=590.4 first_token_ms=2255.4 generation_ms=22721.0 generated=64 generation_tps=2.817
MEMORY mem_available_drop_mib=7548
END_CASE failed=0 timed_out=0
CASE placement=same mode=device children=8 paragraphs=80 context=8192
PARENT exit=0 text=8e42d861853d43f0 prefix_tokens=4081 prefix_ms=4410.1 publish_ms=7.01 state_bytes=66005 model_ms=599.0 context_ms=21.6 suffix_ms=57.6 generation_ms=13137.5 generated=64 generation_tps=4.872 total_ms=30690.4
CHILD index=0 own_instance=1 exit=0 text=c762b6e82f144cca role=child prefix_tokens=4081 suffix_tokens=16 model_ms=1163.8 context_ms=327.8 state_ms=243.36 prefix_ms=0.0 suffix_ms=602.4 first_token_ms=2645.3 generation_ms=22418.9 generated=64 generation_tps=2.855
CHILD index=1 own_instance=1 exit=0 text=5f0f74be36dfb05d role=child prefix_tokens=4081 suffix_tokens=16 model_ms=1173.4 context_ms=311.0 state_ms=238.90 prefix_ms=0.0 suffix_ms=598.4 first_token_ms=2620.7 generation_ms=22405.9 generated=64 generation_tps=2.856
CHILD index=2 own_instance=1 exit=0 text=45d93d75d8c246b5 role=child prefix_tokens=4081 suffix_tokens=16 model_ms=1159.5 context_ms=305.3 state_ms=230.51 prefix_ms=0.0 suffix_ms=582.9 first_token_ms=2571.4 generation_ms=22405.5 generated=64 generation_tps=2.856
CHILD index=3 own_instance=1 exit=0 text=4a8f18b77dbe0332 role=child prefix_tokens=4081 suffix_tokens=16 model_ms=1187.0 context_ms=311.7 state_ms=237.13 prefix_ms=0.0 suffix_ms=614.8 first_token_ms=2636.2 generation_ms=22410.3 generated=64 generation_tps=2.856
CHILD index=4 own_instance=1 exit=0 text=46404abc10d87546 role=child prefix_tokens=4081 suffix_tokens=16 model_ms=1122.3 context_ms=244.0 state_ms=212.26 prefix_ms=0.0 suffix_ms=321.3 first_token_ms=2199.5 generation_ms=22553.3 generated=64 generation_tps=2.838
CHILD index=5 own_instance=1 exit=0 text=46404abc10d87546 role=child prefix_tokens=4081 suffix_tokens=16 model_ms=1011.1 context_ms=119.5 state_ms=26.57 prefix_ms=0.0 suffix_ms=202.9 first_token_ms=1597.3 generation_ms=21745.4 generated=64 generation_tps=2.943
CHILD index=6 own_instance=1 exit=0 text=46404abc10d87546 role=child prefix_tokens=4081 suffix_tokens=16 model_ms=1146.9 context_ms=298.7 state_ms=224.29 prefix_ms=0.0 suffix_ms=527.9 first_token_ms=2488.8 generation_ms=22454.8 generated=64 generation_tps=2.850
CHILD index=7 own_instance=1 exit=0 text=46404abc10d87546 role=child prefix_tokens=4081 suffix_tokens=16 model_ms=1166.4 context_ms=333.1 state_ms=256.74 prefix_ms=0.0 suffix_ms=615.1 first_token_ms=2681.7 generation_ms=22388.9 generated=64 generation_tps=2.859
MEMORY mem_available_drop_mib=7539
END_CASE failed=0 timed_out=0
CASE placement=same mode=demand children=8 paragraphs=80 context=8192
PARENT exit=0 text=8e42d861853d43f0 prefix_tokens=4081 prefix_ms=4397.2 publish_ms=226.59 state_bytes=234086869 model_ms=587.1 context_ms=22.3 suffix_ms=57.4 generation_ms=13043.9 generated=64 generation_tps=4.907 total_ms=30791.8
CHILD index=0 own_instance=1 exit=0 text=c762b6e82f144cca role=child prefix_tokens=4081 suffix_tokens=16 model_ms=1134.4 context_ms=21.2 state_ms=181.11 prefix_ms=0.0 suffix_ms=265.9 first_token_ms=1863.8 generation_ms=22730.9 generated=64 generation_tps=2.816
CHILD index=1 own_instance=1 exit=0 text=5f0f74be36dfb05d role=child prefix_tokens=4081 suffix_tokens=16 model_ms=1170.6 context_ms=21.7 state_ms=213.86 prefix_ms=0.0 suffix_ms=536.4 first_token_ms=2246.3 generation_ms=22645.6 generated=64 generation_tps=2.826
CHILD index=2 own_instance=1 exit=0 text=45d93d75d8c246b5 role=child prefix_tokens=4081 suffix_tokens=16 model_ms=1209.3 context_ms=30.4 state_ms=273.58 prefix_ms=0.0 suffix_ms=610.7 first_token_ms=2418.4 generation_ms=22586.6 generated=64 generation_tps=2.834
CHILD index=3 own_instance=1 exit=0 text=4a8f18b77dbe0332 role=child prefix_tokens=4081 suffix_tokens=16 model_ms=1138.1 context_ms=21.2 state_ms=180.86 prefix_ms=0.0 suffix_ms=403.0 first_token_ms=2043.9 generation_ms=22758.4 generated=64 generation_tps=2.812
CHILD index=4 own_instance=1 exit=0 text=46404abc10d87546 role=child prefix_tokens=4081 suffix_tokens=16 model_ms=1208.3 context_ms=26.1 state_ms=234.68 prefix_ms=0.0 suffix_ms=598.1 first_token_ms=2355.5 generation_ms=22632.9 generated=64 generation_tps=2.828
CHILD index=5 own_instance=1 exit=0 text=46404abc10d87546 role=child prefix_tokens=4081 suffix_tokens=16 model_ms=1215.3 context_ms=30.6 state_ms=263.20 prefix_ms=0.0 suffix_ms=603.3 first_token_ms=2402.0 generation_ms=22589.2 generated=64 generation_tps=2.833
CHILD index=6 own_instance=1 exit=0 text=46404abc10d87546 role=child prefix_tokens=4081 suffix_tokens=16 model_ms=1210.9 context_ms=30.0 state_ms=274.03 prefix_ms=0.0 suffix_ms=620.7 first_token_ms=2428.5 generation_ms=22577.9 generated=64 generation_tps=2.835
CHILD index=7 own_instance=1 exit=0 text=46404abc10d87546 role=child prefix_tokens=4081 suffix_tokens=16 model_ms=1113.1 context_ms=20.3 state_ms=186.34 prefix_ms=0.0 suffix_ms=368.9 first_token_ms=1996.0 generation_ms=22778.1 generated=64 generation_tps=2.810
MEMORY mem_available_drop_mib=8458
END_CASE failed=0 timed_out=0
CASE placement=same mode=copy children=8 paragraphs=80 context=8192
PARENT exit=0 text=8e42d861853d43f0 prefix_tokens=4081 prefix_ms=4388.5 publish_ms=232.13 state_bytes=234086869 model_ms=603.2 context_ms=27.8 suffix_ms=57.1 generation_ms=11895.0 generated=64 generation_tps=5.380 total_ms=30654.7
CHILD index=0 own_instance=1 exit=0 text=c762b6e82f144cca role=child prefix_tokens=4081 suffix_tokens=16 model_ms=1145.6 context_ms=36.1 state_ms=202.90 prefix_ms=0.0 suffix_ms=452.3 first_token_ms=2111.1 generation_ms=22612.9 generated=64 generation_tps=2.830
CHILD index=1 own_instance=1 exit=0 text=5f0f74be36dfb05d role=child prefix_tokens=4081 suffix_tokens=16 model_ms=1204.2 context_ms=42.3 state_ms=250.07 prefix_ms=0.0 suffix_ms=597.9 first_token_ms=2381.0 generation_ms=22504.5 generated=64 generation_tps=2.844
CHILD index=2 own_instance=1 exit=0 text=45d93d75d8c246b5 role=child prefix_tokens=4081 suffix_tokens=16 model_ms=1188.2 context_ms=53.4 state_ms=234.92 prefix_ms=0.0 suffix_ms=605.7 first_token_ms=2363.4 generation_ms=22504.6 generated=64 generation_tps=2.844
CHILD index=3 own_instance=1 exit=0 text=4a8f18b77dbe0332 role=child prefix_tokens=4081 suffix_tokens=16 model_ms=1099.9 context_ms=32.2 state_ms=200.03 prefix_ms=0.0 suffix_ms=315.4 first_token_ms=1910.7 generation_ms=22662.9 generated=64 generation_tps=2.824
CHILD index=4 own_instance=1 exit=0 text=46404abc10d87546 role=child prefix_tokens=4081 suffix_tokens=16 model_ms=1134.9 context_ms=31.6 state_ms=199.39 prefix_ms=0.0 suffix_ms=456.9 first_token_ms=2116.1 generation_ms=22614.3 generated=64 generation_tps=2.830
CHILD index=5 own_instance=1 exit=0 text=46404abc10d87546 role=child prefix_tokens=4081 suffix_tokens=16 model_ms=1197.8 context_ms=46.8 state_ms=254.63 prefix_ms=0.0 suffix_ms=612.1 first_token_ms=2406.6 generation_ms=22483.8 generated=64 generation_tps=2.846
CHILD index=6 own_instance=1 exit=0 text=46404abc10d87546 role=child prefix_tokens=4081 suffix_tokens=16 model_ms=1114.9 context_ms=33.3 state_ms=203.25 prefix_ms=0.0 suffix_ms=433.8 first_token_ms=2065.6 generation_ms=22637.8 generated=64 generation_tps=2.827
CHILD index=7 own_instance=1 exit=0 text=46404abc10d87546 role=child prefix_tokens=4081 suffix_tokens=16 model_ms=1193.7 context_ms=39.3 state_ms=209.38 prefix_ms=0.0 suffix_ms=593.0 first_token_ms=2309.5 generation_ms=22517.0 generated=64 generation_tps=2.842
MEMORY mem_available_drop_mib=9165
END_CASE failed=0 timed_out=0
END_KVMECH
BEGIN_KVMECH run=5
CASE placement=same mode=copy children=8 paragraphs=320 context=32768
PARENT exit=0 text=c646470e58f73411 prefix_tokens=16321 prefix_ms=19775.2 publish_ms=558.25 state_bytes=936173269 model_ms=587.3 context_ms=60.2 suffix_ms=62.8 generation_ms=11579.9 generated=64 generation_tps=5.527 total_ms=48284.8
CHILD index=0 own_instance=1 exit=0 text=d42c4c07975a6446 role=child prefix_tokens=16321 suffix_tokens=16 model_ms=1213.4 context_ms=162.4 state_ms=464.27 prefix_ms=0.0 suffix_ms=622.3 first_token_ms=2762.3 generation_ms=23763.2 generated=64 generation_tps=2.693
CHILD index=1 own_instance=1 exit=0 text=3fd8649867d4bb41 role=child prefix_tokens=16321 suffix_tokens=16 model_ms=1155.6 context_ms=203.1 state_ms=494.27 prefix_ms=0.0 suffix_ms=657.3 first_token_ms=2796.9 generation_ms=23748.6 generated=64 generation_tps=2.695
CHILD index=2 own_instance=1 exit=0 text=3fd8649867d4bb41 role=child prefix_tokens=16321 suffix_tokens=16 model_ms=1236.2 context_ms=189.5 state_ms=432.78 prefix_ms=0.0 suffix_ms=621.7 first_token_ms=2758.8 generation_ms=23747.7 generated=64 generation_tps=2.695
CHILD index=3 own_instance=1 exit=0 text=3fd8649867d4bb41 role=child prefix_tokens=16321 suffix_tokens=16 model_ms=1261.4 context_ms=193.6 state_ms=383.74 prefix_ms=0.0 suffix_ms=650.7 first_token_ms=2791.5 generation_ms=23756.4 generated=64 generation_tps=2.694
CHILD index=4 own_instance=1 exit=0 text=3e0fd62f5aa50665 role=child prefix_tokens=16321 suffix_tokens=16 model_ms=1149.6 context_ms=116.2 state_ms=361.51 prefix_ms=0.0 suffix_ms=260.1 first_token_ms=2177.7 generation_ms=23732.7 generated=64 generation_tps=2.697
CHILD index=5 own_instance=1 exit=0 text=3e0fd62f5aa50665 role=child prefix_tokens=16321 suffix_tokens=16 model_ms=1226.7 context_ms=182.4 state_ms=435.69 prefix_ms=0.0 suffix_ms=650.1 first_token_ms=2789.8 generation_ms=23737.1 generated=64 generation_tps=2.696
CHILD index=6 own_instance=1 exit=0 text=4a8f18b77dbe0332 role=child prefix_tokens=16321 suffix_tokens=16 model_ms=1258.0 context_ms=176.8 state_ms=399.31 prefix_ms=0.0 suffix_ms=650.2 first_token_ms=2784.0 generation_ms=23738.6 generated=64 generation_tps=2.696
CHILD index=7 own_instance=1 exit=0 text=4a8f18b77dbe0332 role=child prefix_tokens=16321 suffix_tokens=16 model_ms=1236.3 context_ms=199.5 state_ms=419.74 prefix_ms=0.0 suffix_ms=622.2 first_token_ms=2759.6 generation_ms=23759.9 generated=64 generation_tps=2.694
MEMORY mem_available_drop_mib=20302
END_CASE failed=0 timed_out=0
CASE placement=same mode=demand children=8 paragraphs=320 context=32768
PARENT exit=0 text=c646470e58f73411 prefix_tokens=16321 prefix_ms=19790.7 publish_ms=591.49 state_bytes=936173269 model_ms=606.3 context_ms=36.0 suffix_ms=62.9 generation_ms=13629.6 generated=64 generation_tps=4.696 total_ms=48106.2
CHILD index=0 own_instance=1 exit=0 text=d42c4c07975a6446 role=child prefix_tokens=16321 suffix_tokens=16 model_ms=1191.9 context_ms=39.8 state_ms=514.25 prefix_ms=0.0 suffix_ms=666.7 first_token_ms=2700.2 generation_ms=23733.8 generated=64 generation_tps=2.697
CHILD index=1 own_instance=1 exit=0 text=3fd8649867d4bb41 role=child prefix_tokens=16321 suffix_tokens=16 model_ms=850.3 context_ms=34.3 state_ms=291.06 prefix_ms=0.0 suffix_ms=223.5 first_token_ms=1613.0 generation_ms=23380.0 generated=64 generation_tps=2.737
CHILD index=2 own_instance=1 exit=0 text=3fd8649867d4bb41 role=child prefix_tokens=16321 suffix_tokens=16 model_ms=1115.8 context_ms=35.1 state_ms=446.66 prefix_ms=0.0 suffix_ms=459.7 first_token_ms=2345.3 generation_ms=23939.4 generated=64 generation_tps=2.673
CHILD index=3 own_instance=1 exit=0 text=3fd8649867d4bb41 role=child prefix_tokens=16321 suffix_tokens=16 model_ms=1184.9 context_ms=47.9 state_ms=528.49 prefix_ms=0.0 suffix_ms=687.8 first_token_ms=2751.4 generation_ms=23740.8 generated=64 generation_tps=2.696
CHILD index=4 own_instance=1 exit=0 text=3e0fd62f5aa50665 role=child prefix_tokens=16321 suffix_tokens=16 model_ms=1189.9 context_ms=38.9 state_ms=541.40 prefix_ms=0.0 suffix_ms=688.0 first_token_ms=2761.6 generation_ms=23726.6 generated=64 generation_tps=2.697
CHILD index=5 own_instance=1 exit=0 text=3e0fd62f5aa50665 role=child prefix_tokens=16321 suffix_tokens=16 model_ms=1133.9 context_ms=32.9 state_ms=451.43 prefix_ms=0.0 suffix_ms=491.3 first_token_ms=2403.8 generation_ms=23913.3 generated=64 generation_tps=2.676
CHILD index=6 own_instance=1 exit=0 text=4a8f18b77dbe0332 role=child prefix_tokens=16321 suffix_tokens=16 model_ms=1101.8 context_ms=32.7 state_ms=430.14 prefix_ms=0.0 suffix_ms=427.3 first_token_ms=2265.8 generation_ms=23939.5 generated=64 generation_tps=2.673
CHILD index=7 own_instance=1 exit=0 text=4a8f18b77dbe0332 role=child prefix_tokens=16321 suffix_tokens=16 model_ms=1191.1 context_ms=37.3 state_ms=538.35 prefix_ms=0.0 suffix_ms=676.1 first_token_ms=2736.0 generation_ms=23725.7 generated=64 generation_tps=2.698
MEMORY mem_available_drop_mib=14205
END_CASE failed=0 timed_out=0
CASE placement=same mode=device children=8 paragraphs=320 context=32768
PARENT exit=0 text=c646470e58f73411 prefix_tokens=16321 prefix_ms=19795.0 publish_ms=41.67 state_bytes=261845 model_ms=589.1 context_ms=36.0 suffix_ms=63.0 generation_ms=9838.3 generated=64 generation_tps=6.505 total_ms=47466.8
CHILD index=0 own_instance=1 exit=0 text=d42c4c07975a6446 role=child prefix_tokens=16321 suffix_tokens=16 model_ms=1196.2 context_ms=600.0 state_ms=279.71 prefix_ms=0.0 suffix_ms=539.0 first_token_ms=2898.6 generation_ms=23315.0 generated=64 generation_tps=2.745
CHILD index=1 own_instance=1 exit=0 text=3fd8649867d4bb41 role=child prefix_tokens=16321 suffix_tokens=16 model_ms=1107.8 context_ms=372.2 state_ms=83.96 prefix_ms=0.0 suffix_ms=226.0 first_token_ms=2091.4 generation_ms=22928.8 generated=64 generation_tps=2.791
CHILD index=2 own_instance=1 exit=0 text=3fd8649867d4bb41 role=child prefix_tokens=16321 suffix_tokens=16 model_ms=1187.2 context_ms=541.6 state_ms=90.48 prefix_ms=0.0 suffix_ms=309.0 first_token_ms=2400.9 generation_ms=23385.4 generated=64 generation_tps=2.737
CHILD index=3 own_instance=1 exit=0 text=3fd8649867d4bb41 role=child prefix_tokens=16321 suffix_tokens=16 model_ms=1179.3 context_ms=637.0 state_ms=310.61 prefix_ms=0.0 suffix_ms=648.6 first_token_ms=3075.9 generation_ms=23307.6 generated=64 generation_tps=2.746
CHILD index=4 own_instance=1 exit=0 text=3e0fd62f5aa50665 role=child prefix_tokens=16321 suffix_tokens=16 model_ms=1228.3 context_ms=607.5 state_ms=304.85 prefix_ms=0.0 suffix_ms=661.9 first_token_ms=3102.0 generation_ms=23299.2 generated=64 generation_tps=2.747
CHILD index=5 own_instance=1 exit=0 text=3e0fd62f5aa50665 role=child prefix_tokens=16321 suffix_tokens=16 model_ms=1235.6 context_ms=603.9 state_ms=309.62 prefix_ms=0.0 suffix_ms=659.4 first_token_ms=3097.2 generation_ms=23292.7 generated=64 generation_tps=2.748
CHILD index=6 own_instance=1 exit=0 text=4a8f18b77dbe0332 role=child prefix_tokens=16321 suffix_tokens=16 model_ms=1185.4 context_ms=620.3 state_ms=297.33 prefix_ms=0.0 suffix_ms=614.8 first_token_ms=3009.3 generation_ms=23322.9 generated=64 generation_tps=2.744
CHILD index=7 own_instance=1 exit=0 text=4a8f18b77dbe0332 role=child prefix_tokens=16321 suffix_tokens=16 model_ms=1197.7 context_ms=643.0 state_ms=303.70 prefix_ms=0.0 suffix_ms=674.5 first_token_ms=3126.5 generation_ms=23273.4 generated=64 generation_tps=2.750
MEMORY mem_available_drop_mib=7809
END_CASE failed=0 timed_out=0
CASE placement=same mode=device_tuned children=8 paragraphs=320 context=32768
PARENT exit=0 text=c646470e58f73411 prefix_tokens=16321 prefix_ms=19784.9 publish_ms=38.23 state_bytes=261845 model_ms=588.1 context_ms=36.1 suffix_ms=63.5 generation_ms=11819.7 generated=64 generation_tps=5.415 total_ms=47451.5
CHILD index=0 own_instance=1 exit=0 text=d42c4c07975a6446 role=child prefix_tokens=16321 suffix_tokens=16 model_ms=1211.6 context_ms=571.9 state_ms=11.35 prefix_ms=0.0 suffix_ms=645.5 first_token_ms=2742.6 generation_ms=23591.8 generated=64 generation_tps=2.713
CHILD index=1 own_instance=1 exit=0 text=3fd8649867d4bb41 role=child prefix_tokens=16321 suffix_tokens=16 model_ms=1181.1 context_ms=81.5 state_ms=8.35 prefix_ms=0.0 suffix_ms=202.1 first_token_ms=1734.9 generation_ms=23029.4 generated=64 generation_tps=2.779
CHILD index=2 own_instance=1 exit=0 text=3fd8649867d4bb41 role=child prefix_tokens=16321 suffix_tokens=16 model_ms=1176.9 context_ms=393.3 state_ms=17.52 prefix_ms=0.0 suffix_ms=321.8 first_token_ms=2200.6 generation_ms=23736.1 generated=64 generation_tps=2.696
CHILD index=3 own_instance=1 exit=0 text=3fd8649867d4bb41 role=child prefix_tokens=16321 suffix_tokens=16 model_ms=1208.1 context_ms=563.0 state_ms=18.03 prefix_ms=0.0 suffix_ms=627.0 first_token_ms=2723.8 generation_ms=23602.7 generated=64 generation_tps=2.712
CHILD index=4 own_instance=1 exit=0 text=3e0fd62f5aa50665 role=child prefix_tokens=16321 suffix_tokens=16 model_ms=1203.7 context_ms=575.6 state_ms=14.69 prefix_ms=0.0 suffix_ms=651.2 first_token_ms=2753.7 generation_ms=23578.2 generated=64 generation_tps=2.714
CHILD index=5 own_instance=1 exit=0 text=3e0fd62f5aa50665 role=child prefix_tokens=16321 suffix_tokens=16 model_ms=1188.8 context_ms=569.3 state_ms=13.66 prefix_ms=0.0 suffix_ms=622.2 first_token_ms=2694.7 generation_ms=23597.5 generated=64 generation_tps=2.712
CHILD index=6 own_instance=1 exit=0 text=4a8f18b77dbe0332 role=child prefix_tokens=16321 suffix_tokens=16 model_ms=1197.7 context_ms=561.8 state_ms=13.41 prefix_ms=0.0 suffix_ms=623.3 first_token_ms=2689.7 generation_ms=23561.4 generated=64 generation_tps=2.716
CHILD index=7 own_instance=1 exit=0 text=4a8f18b77dbe0332 role=child prefix_tokens=16321 suffix_tokens=16 model_ms=1196.0 context_ms=545.6 state_ms=13.56 prefix_ms=0.0 suffix_ms=630.3 first_token_ms=2683.4 generation_ms=23593.8 generated=64 generation_tps=2.713
MEMORY mem_available_drop_mib=7793
END_CASE failed=0 timed_out=0
CASE placement=same mode=device_merged children=8 paragraphs=320 context=32768
PARENT exit=0 text=c646470e58f73411 prefix_tokens=16321 prefix_ms=19799.5 publish_ms=106.36 state_bytes=261845 model_ms=597.8 context_ms=35.7 suffix_ms=63.3 generation_ms=13429.8 generated=64 generation_tps=4.766 total_ms=47444.4
CHILD index=0 own_instance=1 exit=0 text=d42c4c07975a6446 role=child prefix_tokens=16321 suffix_tokens=16 model_ms=1208.1 context_ms=78.2 state_ms=14.49 prefix_ms=0.0 suffix_ms=567.2 first_token_ms=2163.6 generation_ms=24041.3 generated=64 generation_tps=2.662
CHILD index=1 own_instance=1 exit=0 text=3fd8649867d4bb41 role=child prefix_tokens=16321 suffix_tokens=16 model_ms=1169.3 context_ms=55.7 state_ms=7.87 prefix_ms=0.0 suffix_ms=289.9 first_token_ms=1780.7 generation_ms=24108.2 generated=64 generation_tps=2.655
CHILD index=2 own_instance=1 exit=0 text=3fd8649867d4bb41 role=child prefix_tokens=16321 suffix_tokens=16 model_ms=1177.9 context_ms=76.3 state_ms=11.02 prefix_ms=0.0 suffix_ms=532.1 first_token_ms=2081.0 generation_ms=24065.5 generated=64 generation_tps=2.659
CHILD index=3 own_instance=1 exit=0 text=3fd8649867d4bb41 role=child prefix_tokens=16321 suffix_tokens=16 model_ms=1226.5 context_ms=104.3 state_ms=14.51 prefix_ms=0.0 suffix_ms=685.2 first_token_ms=2331.1 generation_ms=23956.5 generated=64 generation_tps=2.672
CHILD index=4 own_instance=1 exit=0 text=3e0fd62f5aa50665 role=child prefix_tokens=16321 suffix_tokens=16 model_ms=1178.9 context_ms=71.4 state_ms=7.82 prefix_ms=0.0 suffix_ms=461.6 first_token_ms=2001.0 generation_ms=24090.8 generated=64 generation_tps=2.657
CHILD index=5 own_instance=1 exit=0 text=3e0fd62f5aa50665 role=child prefix_tokens=16321 suffix_tokens=16 model_ms=1189.7 context_ms=77.2 state_ms=8.65 prefix_ms=0.0 suffix_ms=558.8 first_token_ms=2126.6 generation_ms=24054.0 generated=64 generation_tps=2.661
CHILD index=6 own_instance=1 exit=0 text=4a8f18b77dbe0332 role=child prefix_tokens=16321 suffix_tokens=16 model_ms=1228.6 context_ms=111.7 state_ms=13.25 prefix_ms=0.0 suffix_ms=672.2 first_token_ms=2323.8 generation_ms=23943.0 generated=64 generation_tps=2.673
CHILD index=7 own_instance=1 exit=0 text=4a8f18b77dbe0332 role=child prefix_tokens=16321 suffix_tokens=16 model_ms=1240.6 context_ms=102.8 state_ms=8.16 prefix_ms=0.0 suffix_ms=691.8 first_token_ms=2332.4 generation_ms=23953.8 generated=64 generation_tps=2.672
MEMORY mem_available_drop_mib=7737
END_CASE failed=0 timed_out=0
CASE placement=same mode=cow children=8 paragraphs=320 context=32768
PARENT exit=0 text=c646470e58f73411 prefix_tokens=16321 prefix_ms=19834.6 publish_ms=11.16 state_bytes=261845 model_ms=604.8 context_ms=37.1 suffix_ms=63.4 generation_ms=15023.7 generated=64 generation_tps=4.260 total_ms=47878.9
CHILD index=0 own_instance=1 exit=0 text=d42c4c07975a6446 role=child prefix_tokens=16321 suffix_tokens=16 model_ms=1155.9 context_ms=34.0 state_ms=7.52 prefix_ms=0.0 suffix_ms=1137.8 first_token_ms=2604.8 generation_ms=24113.7 generated=64 generation_tps=2.654
CHILD index=1 own_instance=1 exit=0 text=3fd8649867d4bb41 role=child prefix_tokens=16321 suffix_tokens=16 model_ms=971.8 context_ms=34.2 state_ms=7.30 prefix_ms=0.0 suffix_ms=254.8 first_token_ms=1506.3 generation_ms=24422.3 generated=64 generation_tps=2.621
CHILD index=2 own_instance=1 exit=0 text=3fd8649867d4bb41 role=child prefix_tokens=16321 suffix_tokens=16 model_ms=1177.3 context_ms=45.4 state_ms=7.36 prefix_ms=0.0 suffix_ms=1301.0 first_token_ms=2834.6 generation_ms=24020.9 generated=64 generation_tps=2.664
CHILD index=3 own_instance=1 exit=0 text=3fd8649867d4bb41 role=child prefix_tokens=16321 suffix_tokens=16 model_ms=1117.3 context_ms=35.1 state_ms=7.31 prefix_ms=0.0 suffix_ms=1151.9 first_token_ms=2606.0 generation_ms=24114.6 generated=64 generation_tps=2.654
CHILD index=4 own_instance=1 exit=0 text=3e0fd62f5aa50665 role=child prefix_tokens=16321 suffix_tokens=16 model_ms=1186.0 context_ms=41.9 state_ms=7.29 prefix_ms=0.0 suffix_ms=1329.9 first_token_ms=2864.1 generation_ms=23998.4 generated=64 generation_tps=2.667
CHILD index=5 own_instance=1 exit=0 text=3e0fd62f5aa50665 role=child prefix_tokens=16321 suffix_tokens=16 model_ms=1106.3 context_ms=35.1 state_ms=7.51 prefix_ms=0.0 suffix_ms=1102.2 first_token_ms=2532.4 generation_ms=24143.5 generated=64 generation_tps=2.651
CHILD index=6 own_instance=1 exit=0 text=4a8f18b77dbe0332 role=child prefix_tokens=16321 suffix_tokens=16 model_ms=1179.2 context_ms=44.9 state_ms=7.43 prefix_ms=0.0 suffix_ms=1348.1 first_token_ms=2872.3 generation_ms=23984.6 generated=64 generation_tps=2.668
CHILD index=7 own_instance=1 exit=0 text=4a8f18b77dbe0332 role=child prefix_tokens=16321 suffix_tokens=16 model_ms=1164.9 context_ms=34.8 state_ms=7.44 prefix_ms=0.0 suffix_ms=1216.1 first_token_ms=2717.7 generation_ms=24084.7 generated=64 generation_tps=2.657
MEMORY mem_available_drop_mib=6866
END_CASE failed=0 timed_out=0
CASE placement=same mode=extent children=8 paragraphs=320 context=32768
PARENT exit=0 text=c646470e58f73411 prefix_tokens=16321 prefix_ms=19853.1 publish_ms=11.78 state_bytes=261845 model_ms=591.7 context_ms=36.9 suffix_ms=63.0 generation_ms=13428.1 generated=64 generation_tps=4.766 total_ms=47101.7
CHILD index=0 own_instance=1 exit=0 text=d42c4c07975a6446 role=child prefix_tokens=16321 suffix_tokens=16 model_ms=1233.7 context_ms=46.1 state_ms=7.70 prefix_ms=0.0 suffix_ms=652.2 first_token_ms=2240.2 generation_ms=23807.8 generated=64 generation_tps=2.688
CHILD index=1 own_instance=1 exit=0 text=3fd8649867d4bb41 role=child prefix_tokens=16321 suffix_tokens=16 model_ms=1229.4 context_ms=55.2 state_ms=7.84 prefix_ms=0.0 suffix_ms=664.4 first_token_ms=2253.4 generation_ms=23797.9 generated=64 generation_tps=2.689
CHILD index=2 own_instance=1 exit=0 text=3fd8649867d4bb41 role=child prefix_tokens=16321 suffix_tokens=16 model_ms=1218.0 context_ms=40.4 state_ms=7.81 prefix_ms=0.0 suffix_ms=541.7 first_token_ms=2077.9 generation_ms=23852.6 generated=64 generation_tps=2.683
CHILD index=3 own_instance=1 exit=0 text=3fd8649867d4bb41 role=child prefix_tokens=16321 suffix_tokens=16 model_ms=1172.9 context_ms=40.4 state_ms=7.57 prefix_ms=0.0 suffix_ms=451.9 first_token_ms=1961.7 generation_ms=23875.2 generated=64 generation_tps=2.681
CHILD index=4 own_instance=1 exit=0 text=3e0fd62f5aa50665 role=child prefix_tokens=16321 suffix_tokens=16 model_ms=1249.5 context_ms=48.7 state_ms=7.49 prefix_ms=0.0 suffix_ms=650.3 first_token_ms=2238.1 generation_ms=23803.8 generated=64 generation_tps=2.689
CHILD index=5 own_instance=1 exit=0 text=3e0fd62f5aa50665 role=child prefix_tokens=16321 suffix_tokens=16 model_ms=1155.8 context_ms=37.5 state_ms=7.44 prefix_ms=0.0 suffix_ms=327.1 first_token_ms=1805.3 generation_ms=23933.0 generated=64 generation_tps=2.674
CHILD index=6 own_instance=1 exit=0 text=4a8f18b77dbe0332 role=child prefix_tokens=16321 suffix_tokens=16 model_ms=1206.4 context_ms=42.9 state_ms=7.47 prefix_ms=0.0 suffix_ms=594.1 first_token_ms=2139.2 generation_ms=23814.9 generated=64 generation_tps=2.687
CHILD index=7 own_instance=1 exit=0 text=4a8f18b77dbe0332 role=child prefix_tokens=16321 suffix_tokens=16 model_ms=1222.7 context_ms=42.4 state_ms=7.68 prefix_ms=0.0 suffix_ms=624.1 first_token_ms=2188.1 generation_ms=23822.2 generated=64 generation_tps=2.687
MEMORY mem_available_drop_mib=6045
END_CASE failed=0 timed_out=0
CASE placement=cross mode=copy children=8 paragraphs=320 context=32768
PARENT exit=0 text=c646470e58f73411 prefix_tokens=16321 prefix_ms=19775.6 publish_ms=547.79 state_bytes=936173269 model_ms=602.1 context_ms=60.3 suffix_ms=62.8 generation_ms=8024.0 generated=64 generation_tps=7.976 total_ms=42521.2
CHILD index=0 own_instance=1 exit=0 text=d42c4c07975a6446 role=child prefix_tokens=16321 suffix_tokens=16 model_ms=1199.1 context_ms=133.5 state_ms=352.86 prefix_ms=0.0 suffix_ms=363.2 first_token_ms=2336.4 generation_ms=13634.5 generated=64 generation_tps=4.694
CHILD index=1 own_instance=0 exit=0 text=3fd8649867d4bb41 role=child prefix_tokens=16321 suffix_tokens=16 model_ms=1083.2 context_ms=68.5 state_ms=306.47 prefix_ms=0.0 suffix_ms=192.3 first_token_ms=1914.6 generation_ms=18627.5 generated=64 generation_tps=3.436
CHILD index=2 own_instance=1 exit=0 text=3fd8649867d4bb41 role=child prefix_tokens=16321 suffix_tokens=16 model_ms=1129.7 context_ms=165.4 state_ms=369.23 prefix_ms=0.0 suffix_ms=394.2 first_token_ms=2369.4 generation_ms=13615.9 generated=64 generation_tps=4.700
CHILD index=3 own_instance=0 exit=0 text=3fd8649867d4bb41 role=child prefix_tokens=16321 suffix_tokens=16 model_ms=1186.8 context_ms=140.8 state_ms=345.42 prefix_ms=0.0 suffix_ms=480.2 first_token_ms=2457.6 generation_ms=18545.3 generated=64 generation_tps=3.451
CHILD index=4 own_instance=1 exit=0 text=3e0fd62f5aa50665 role=child prefix_tokens=16321 suffix_tokens=16 model_ms=1150.0 context_ms=93.0 state_ms=395.96 prefix_ms=0.0 suffix_ms=337.5 first_token_ms=2264.8 generation_ms=13636.3 generated=64 generation_tps=4.693
CHILD index=5 own_instance=0 exit=0 text=3fd8649867d4bb41 role=child prefix_tokens=16321 suffix_tokens=16 model_ms=1085.7 context_ms=95.5 state_ms=400.07 prefix_ms=0.0 suffix_ms=328.2 first_token_ms=2209.5 generation_ms=18638.6 generated=64 generation_tps=3.434
CHILD index=6 own_instance=1 exit=0 text=4a8f18b77dbe0332 role=child prefix_tokens=16321 suffix_tokens=16 model_ms=1236.9 context_ms=125.8 state_ms=354.22 prefix_ms=0.0 suffix_ms=433.4 first_token_ms=2446.8 generation_ms=13564.6 generated=64 generation_tps=4.718
CHILD index=7 own_instance=0 exit=0 text=4a8f18b77dbe0332 role=child prefix_tokens=16321 suffix_tokens=16 model_ms=1188.8 context_ms=142.5 state_ms=345.41 prefix_ms=0.0 suffix_ms=502.3 first_token_ms=2481.9 generation_ms=18511.9 generated=64 generation_tps=3.457
MEMORY mem_available_drop_mib=20232
END_CASE failed=0 timed_out=0
CASE placement=cross mode=demand children=8 paragraphs=320 context=32768
PARENT exit=0 text=c646470e58f73411 prefix_tokens=16321 prefix_ms=19800.5 publish_ms=561.82 state_bytes=936173269 model_ms=610.9 context_ms=35.8 suffix_ms=62.5 generation_ms=7184.6 generated=64 generation_tps=8.908 total_ms=42808.9
CHILD index=0 own_instance=1 exit=0 text=d42c4c07975a6446 role=child prefix_tokens=16321 suffix_tokens=16 model_ms=1134.8 context_ms=33.1 state_ms=388.17 prefix_ms=0.0 suffix_ms=262.4 first_token_ms=2103.9 generation_ms=13312.0 generated=64 generation_tps=4.808
CHILD index=1 own_instance=0 exit=0 text=3fd8649867d4bb41 role=child prefix_tokens=16321 suffix_tokens=16 model_ms=1203.1 context_ms=46.3 state_ms=567.97 prefix_ms=0.0 suffix_ms=433.2 first_token_ms=2557.3 generation_ms=18688.0 generated=64 generation_tps=3.425
CHILD index=2 own_instance=1 exit=0 text=3fd8649867d4bb41 role=child prefix_tokens=16321 suffix_tokens=16 model_ms=1212.0 context_ms=48.1 state_ms=642.96 prefix_ms=0.0 suffix_ms=427.0 first_token_ms=2625.4 generation_ms=13285.2 generated=64 generation_tps=4.817
CHILD index=3 own_instance=0 exit=0 text=3fd8649867d4bb41 role=child prefix_tokens=16321 suffix_tokens=16 model_ms=1146.9 context_ms=33.0 state_ms=637.32 prefix_ms=0.0 suffix_ms=406.9 first_token_ms=2529.6 generation_ms=18662.2 generated=64 generation_tps=3.429
CHILD index=4 own_instance=1 exit=0 text=3e0fd62f5aa50665 role=child prefix_tokens=16321 suffix_tokens=16 model_ms=1216.7 context_ms=44.8 state_ms=637.60 prefix_ms=0.0 suffix_ms=429.2 first_token_ms=2627.2 generation_ms=13282.1 generated=64 generation_tps=4.819
CHILD index=5 own_instance=0 exit=0 text=3fd8649867d4bb41 role=child prefix_tokens=16321 suffix_tokens=16 model_ms=1198.1 context_ms=38.6 state_ms=584.25 prefix_ms=0.0 suffix_ms=432.0 first_token_ms=2553.2 generation_ms=18718.4 generated=64 generation_tps=3.419
CHILD index=6 own_instance=1 exit=0 text=4a8f18b77dbe0332 role=child prefix_tokens=16321 suffix_tokens=16 model_ms=1222.2 context_ms=45.5 state_ms=645.25 prefix_ms=0.0 suffix_ms=408.3 first_token_ms=2604.0 generation_ms=13247.7 generated=64 generation_tps=4.831
CHILD index=7 own_instance=0 exit=0 text=4a8f18b77dbe0332 role=child prefix_tokens=16321 suffix_tokens=16 model_ms=1177.6 context_ms=36.2 state_ms=617.64 prefix_ms=0.0 suffix_ms=415.6 first_token_ms=2539.5 generation_ms=18732.8 generated=64 generation_tps=3.416
MEMORY mem_available_drop_mib=13701
END_CASE failed=0 timed_out=0
CASE placement=cross mode=device children=8 paragraphs=320 context=32768
PARENT exit=0 text=c646470e58f73411 prefix_tokens=16321 prefix_ms=19794.1 publish_ms=40.33 state_bytes=261845 model_ms=635.2 context_ms=35.3 suffix_ms=63.2 generation_ms=6412.2 generated=64 generation_tps=9.981 total_ms=35654.1
CHILD index=0 own_instance=1 exit=0 text=d42c4c07975a6446 role=child prefix_tokens=16321 suffix_tokens=16 model_ms=1189.4 context_ms=526.7 state_ms=271.74 prefix_ms=0.0 suffix_ms=436.6 first_token_ms=2734.9 generation_ms=11888.9 generated=64 generation_tps=5.383
STDERR llama_init_from_model: failed to initialize the context: kv cache: cannot map a published allocation
STDERR kv_fork: cannot create the context
CHILD index=1 own_instance=0 exit=1 text=e3b0c44298fc1c14 
CHILD index=2 own_instance=1 exit=0 text=3fd8649867d4bb41 role=child prefix_tokens=16321 suffix_tokens=16 model_ms=1119.2 context_ms=538.3 state_ms=41.02 prefix_ms=0.0 suffix_ms=289.0 first_token_ms=2284.8 generation_ms=12126.0 generated=64 generation_tps=5.278
STDERR llama_init_from_model: failed to initialize the context: kv cache: cannot map a published allocation
STDERR kv_fork: cannot create the context
CHILD index=3 own_instance=0 exit=1 text=e3b0c44298fc1c14 
CHILD index=4 own_instance=1 exit=0 text=3e0fd62f5aa50665 role=child prefix_tokens=16321 suffix_tokens=16 model_ms=1116.0 context_ms=479.8 state_ms=44.14 prefix_ms=0.0 suffix_ms=245.6 first_token_ms=2145.6 generation_ms=12146.1 generated=64 generation_tps=5.269
STDERR llama_init_from_model: failed to initialize the context: kv cache: cannot map a published allocation
STDERR kv_fork: cannot create the context
CHILD index=5 own_instance=0 exit=1 text=e3b0c44298fc1c14 
CHILD index=6 own_instance=1 exit=0 text=4a8f18b77dbe0332 role=child prefix_tokens=16321 suffix_tokens=16 model_ms=1207.3 context_ms=493.4 state_ms=268.77 prefix_ms=0.0 suffix_ms=403.6 first_token_ms=2671.8 generation_ms=11927.5 generated=64 generation_tps=5.366
STDERR llama_init_from_model: failed to initialize the context: kv cache: cannot map a published allocation
STDERR kv_fork: cannot create the context
CHILD index=7 own_instance=0 exit=1 text=e3b0c44298fc1c14 
MEMORY mem_available_drop_mib=3998
END_CASE failed=4 timed_out=0
CASE placement=cross mode=device_tuned children=8 paragraphs=320 context=32768
PARENT exit=0 text=c646470e58f73411 prefix_tokens=16321 prefix_ms=19803.4 publish_ms=37.82 state_bytes=261845 model_ms=608.8 context_ms=36.2 suffix_ms=62.8 generation_ms=7587.8 generated=64 generation_tps=8.435 total_ms=35623.9
CHILD index=0 own_instance=1 exit=0 text=d42c4c07975a6446 role=child prefix_tokens=16321 suffix_tokens=16 model_ms=1190.7 context_ms=344.4 state_ms=12.60 prefix_ms=0.0 suffix_ms=404.9 first_token_ms=2257.0 generation_ms=12344.8 generated=64 generation_tps=5.184
STDERR llama_init_from_model: failed to initialize the context: kv cache: cannot map a published allocation
STDERR kv_fork: cannot create the context
CHILD index=1 own_instance=0 exit=1 text=e3b0c44298fc1c14 
CHILD index=2 own_instance=1 exit=0 text=3fd8649867d4bb41 role=child prefix_tokens=16321 suffix_tokens=16 model_ms=1203.1 context_ms=337.1 state_ms=10.19 prefix_ms=0.0 suffix_ms=395.4 first_token_ms=2243.0 generation_ms=12333.6 generated=64 generation_tps=5.189
STDERR llama_init_from_model: failed to initialize the context: kv cache: cannot map a published allocation
STDERR kv_fork: cannot create the context
CHILD index=3 own_instance=0 exit=1 text=e3b0c44298fc1c14 
CHILD index=4 own_instance=1 exit=0 text=3e0fd62f5aa50665 role=child prefix_tokens=16321 suffix_tokens=16 model_ms=1119.1 context_ms=74.1 state_ms=7.99 prefix_ms=0.0 suffix_ms=276.9 first_token_ms=1766.4 generation_ms=12370.0 generated=64 generation_tps=5.174
STDERR llama_init_from_model: failed to initialize the context: kv cache: cannot map a published allocation
STDERR kv_fork: cannot create the context
CHILD index=5 own_instance=0 exit=1 text=e3b0c44298fc1c14 
CHILD index=6 own_instance=1 exit=0 text=4a8f18b77dbe0332 role=child prefix_tokens=16321 suffix_tokens=16 model_ms=1207.9 context_ms=345.3 state_ms=11.38 prefix_ms=0.0 suffix_ms=391.1 first_token_ms=2257.5 generation_ms=12346.2 generated=64 generation_tps=5.184
STDERR llama_init_from_model: failed to initialize the context: kv cache: cannot map a published allocation
STDERR kv_fork: cannot create the context
CHILD index=7 own_instance=0 exit=1 text=e3b0c44298fc1c14 
MEMORY mem_available_drop_mib=3982
END_CASE failed=4 timed_out=0
CASE placement=cross mode=device_merged children=8 paragraphs=320 context=32768
PARENT exit=0 text=c646470e58f73411 prefix_tokens=16321 prefix_ms=19802.4 publish_ms=112.35 state_bytes=261845 model_ms=586.1 context_ms=35.4 suffix_ms=62.8 generation_ms=7165.4 generated=64 generation_tps=8.932 total_ms=35602.4
CHILD index=0 own_instance=1 exit=0 text=d42c4c07975a6446 role=child prefix_tokens=16321 suffix_tokens=16 model_ms=1147.2 context_ms=276.4 state_ms=16.13 prefix_ms=0.0 suffix_ms=251.0 first_token_ms=1966.9 generation_ms=12441.6 generated=64 generation_tps=5.144
STDERR llama_init_from_model: failed to initialize the context: kv cache: cannot map a published allocation
STDERR kv_fork: cannot create the context
CHILD index=1 own_instance=0 exit=1 text=e3b0c44298fc1c14 
CHILD index=2 own_instance=1 exit=0 text=3fd8649867d4bb41 role=child prefix_tokens=16321 suffix_tokens=16 model_ms=1205.8 context_ms=323.5 state_ms=15.69 prefix_ms=0.0 suffix_ms=402.6 first_token_ms=2240.6 generation_ms=12331.6 generated=64 generation_tps=5.190
STDERR llama_init_from_model: failed to initialize the context: kv cache: cannot map a published allocation
STDERR kv_fork: cannot create the context
CHILD index=3 own_instance=0 exit=1 text=e3b0c44298fc1c14 
CHILD index=4 own_instance=1 exit=0 text=3e0fd62f5aa50665 role=child prefix_tokens=16321 suffix_tokens=16 model_ms=1169.1 context_ms=359.7 state_ms=15.15 prefix_ms=0.0 suffix_ms=382.9 first_token_ms=2217.3 generation_ms=12346.2 generated=64 generation_tps=5.184
STDERR llama_init_from_model: failed to initialize the context: kv cache: cannot map a published allocation
STDERR kv_fork: cannot create the context
CHILD index=5 own_instance=0 exit=1 text=e3b0c44298fc1c14 
CHILD index=6 own_instance=1 exit=0 text=4a8f18b77dbe0332 role=child prefix_tokens=16321 suffix_tokens=16 model_ms=1193.9 context_ms=301.3 state_ms=11.27 prefix_ms=0.0 suffix_ms=333.1 first_token_ms=2140.5 generation_ms=12366.1 generated=64 generation_tps=5.175
STDERR llama_init_from_model: failed to initialize the context: kv cache: cannot map a published allocation
STDERR kv_fork: cannot create the context
CHILD index=7 own_instance=0 exit=1 text=e3b0c44298fc1c14 
MEMORY mem_available_drop_mib=3962
END_CASE failed=4 timed_out=0
CASE placement=cross mode=cow children=8 paragraphs=320 context=32768
PARENT exit=0 text=c646470e58f73411 prefix_tokens=16321 prefix_ms=19852.1 publish_ms=11.65 state_bytes=261845 model_ms=588.1 context_ms=36.5 suffix_ms=63.0 generation_ms=8876.6 generated=64 generation_tps=7.210 total_ms=42638.8
CHILD index=0 own_instance=1 exit=0 text=d42c4c07975a6446 role=child prefix_tokens=16321 suffix_tokens=16 model_ms=1139.7 context_ms=42.9 state_ms=7.56 prefix_ms=0.0 suffix_ms=756.9 first_token_ms=2253.4 generation_ms=13954.3 generated=64 generation_tps=4.586
CHILD index=1 own_instance=0 exit=0 text=3fd8649867d4bb41 role=child prefix_tokens=16321 suffix_tokens=16 model_ms=1147.3 context_ms=49.8 state_ms=8.28 prefix_ms=0.0 suffix_ms=788.6 first_token_ms=2277.5 generation_ms=19371.3 generated=64 generation_tps=3.304
CHILD index=2 own_instance=1 exit=0 text=3fd8649867d4bb41 role=child prefix_tokens=16321 suffix_tokens=16 model_ms=1186.4 context_ms=37.4 state_ms=7.47 prefix_ms=0.0 suffix_ms=794.0 first_token_ms=2328.2 generation_ms=13936.7 generated=64 generation_tps=4.592
CHILD index=3 own_instance=0 exit=0 text=3fd8649867d4bb41 role=child prefix_tokens=16321 suffix_tokens=16 model_ms=1125.4 context_ms=42.9 state_ms=7.94 prefix_ms=0.0 suffix_ms=734.7 first_token_ms=2205.4 generation_ms=19385.3 generated=64 generation_tps=3.301
CHILD index=4 own_instance=1 exit=0 text=3e0fd62f5aa50665 role=child prefix_tokens=16321 suffix_tokens=16 model_ms=1160.0 context_ms=47.4 state_ms=7.67 prefix_ms=0.0 suffix_ms=746.2 first_token_ms=2246.8 generation_ms=13961.0 generated=64 generation_tps=4.584
CHILD index=5 own_instance=0 exit=0 text=3fd8649867d4bb41 role=child prefix_tokens=16321 suffix_tokens=16 model_ms=1175.7 context_ms=37.0 state_ms=7.46 prefix_ms=0.0 suffix_ms=765.1 first_token_ms=2283.1 generation_ms=19369.0 generated=64 generation_tps=3.304
CHILD index=6 own_instance=1 exit=0 text=4a8f18b77dbe0332 role=child prefix_tokens=16321 suffix_tokens=16 model_ms=1202.9 context_ms=36.8 state_ms=7.60 prefix_ms=0.0 suffix_ms=795.7 first_token_ms=2337.9 generation_ms=13929.0 generated=64 generation_tps=4.595
CHILD index=7 own_instance=0 exit=0 text=4a8f18b77dbe0332 role=child prefix_tokens=16321 suffix_tokens=16 model_ms=1121.5 context_ms=35.2 state_ms=7.40 prefix_ms=0.0 suffix_ms=558.6 first_token_ms=1990.5 generation_ms=19456.8 generated=64 generation_tps=3.289
MEMORY mem_available_drop_mib=6792
END_CASE failed=0 timed_out=0
CASE placement=cross mode=extent children=8 paragraphs=320 context=32768
PARENT exit=0 text=c646470e58f73411 prefix_tokens=16321 prefix_ms=19853.8 publish_ms=11.22 state_bytes=261845 model_ms=589.9 context_ms=36.4 suffix_ms=63.0 generation_ms=8804.5 generated=64 generation_tps=7.269 total_ms=42203.9
CHILD index=0 own_instance=1 exit=0 text=d42c4c07975a6446 role=child prefix_tokens=16321 suffix_tokens=16 model_ms=1204.8 context_ms=44.3 state_ms=7.50 prefix_ms=0.0 suffix_ms=398.1 first_token_ms=1945.8 generation_ms=13868.9 generated=64 generation_tps=4.615
CHILD index=1 own_instance=0 exit=0 text=3fd8649867d4bb41 role=child prefix_tokens=16321 suffix_tokens=16 model_ms=1071.9 context_ms=35.0 state_ms=7.45 prefix_ms=0.0 suffix_ms=149.6 first_token_ms=1545.0 generation_ms=19305.6 generated=64 generation_tps=3.315
CHILD index=2 own_instance=1 exit=0 text=3fd8649867d4bb41 role=child prefix_tokens=16321 suffix_tokens=16 model_ms=1197.3 context_ms=43.1 state_ms=7.35 prefix_ms=0.0 suffix_ms=408.8 first_token_ms=1954.9 generation_ms=13855.0 generated=64 generation_tps=4.619
CHILD index=3 own_instance=0 exit=0 text=3fd8649867d4bb41 role=child prefix_tokens=16321 suffix_tokens=16 model_ms=1155.2 context_ms=39.5 state_ms=7.63 prefix_ms=0.0 suffix_ms=403.0 first_token_ms=1865.1 generation_ms=19230.7 generated=64 generation_tps=3.328
CHILD index=4 own_instance=1 exit=0 text=3e0fd62f5aa50665 role=child prefix_tokens=16321 suffix_tokens=16 model_ms=1118.9 context_ms=39.2 state_ms=7.44 prefix_ms=0.0 suffix_ms=243.8 first_token_ms=1710.2 generation_ms=13917.1 generated=64 generation_tps=4.599
CHILD index=5 own_instance=0 exit=0 text=3fd8649867d4bb41 role=child prefix_tokens=16321 suffix_tokens=16 model_ms=1168.6 context_ms=39.4 state_ms=7.77 prefix_ms=0.0 suffix_ms=418.9 first_token_ms=1917.7 generation_ms=19229.8 generated=64 generation_tps=3.328
CHILD index=6 own_instance=1 exit=0 text=4a8f18b77dbe0332 role=child prefix_tokens=16321 suffix_tokens=16 model_ms=1200.0 context_ms=43.5 state_ms=7.17 prefix_ms=0.0 suffix_ms=402.2 first_token_ms=1946.5 generation_ms=13836.3 generated=64 generation_tps=4.626
CHILD index=7 own_instance=0 exit=0 text=4a8f18b77dbe0332 role=child prefix_tokens=16321 suffix_tokens=16 model_ms=1173.3 context_ms=43.7 state_ms=7.91 prefix_ms=0.0 suffix_ms=430.0 first_token_ms=1953.1 generation_ms=19211.7 generated=64 generation_tps=3.331
MEMORY mem_available_drop_mib=5923
END_CASE failed=0 timed_out=0
CASE placement=same mode=copy children=8 paragraphs=80 context=8192
PARENT exit=0 text=8e42d861853d43f0 prefix_tokens=4081 prefix_ms=4389.2 publish_ms=231.73 state_bytes=234086869 model_ms=599.0 context_ms=28.2 suffix_ms=57.3 generation_ms=13787.0 generated=64 generation_tps=4.642 total_ms=30736.9
CHILD index=0 own_instance=1 exit=0 text=c762b6e82f144cca role=child prefix_tokens=4081 suffix_tokens=16 model_ms=1121.9 context_ms=38.1 state_ms=266.02 prefix_ms=0.0 suffix_ms=570.3 first_token_ms=2292.3 generation_ms=22586.4 generated=64 generation_tps=2.834
CHILD index=1 own_instance=1 exit=0 text=5f0f74be36dfb05d role=child prefix_tokens=4081 suffix_tokens=16 model_ms=1174.9 context_ms=49.7 state_ms=259.99 prefix_ms=0.0 suffix_ms=581.0 first_token_ms=2350.5 generation_ms=22564.9 generated=64 generation_tps=2.836
CHILD index=2 own_instance=1 exit=0 text=45d93d75d8c246b5 role=child prefix_tokens=4081 suffix_tokens=16 model_ms=714.2 context_ms=47.9 state_ms=134.95 prefix_ms=0.0 suffix_ms=202.3 first_token_ms=1276.6 generation_ms=21759.8 generated=64 generation_tps=2.941
CHILD index=3 own_instance=1 exit=0 text=4a8f18b77dbe0332 role=child prefix_tokens=4081 suffix_tokens=16 model_ms=1117.4 context_ms=57.2 state_ms=255.20 prefix_ms=0.0 suffix_ms=570.2 first_token_ms=2300.3 generation_ms=22601.5 generated=64 generation_tps=2.832
CHILD index=4 own_instance=1 exit=0 text=46404abc10d87546 role=child prefix_tokens=4081 suffix_tokens=16 model_ms=1165.1 context_ms=43.1 state_ms=260.71 prefix_ms=0.0 suffix_ms=603.8 first_token_ms=2361.9 generation_ms=22555.9 generated=64 generation_tps=2.837
CHILD index=5 own_instance=1 exit=0 text=46404abc10d87546 role=child prefix_tokens=4081 suffix_tokens=16 model_ms=1086.8 context_ms=31.8 state_ms=280.89 prefix_ms=0.0 suffix_ms=492.1 first_token_ms=2176.1 generation_ms=22589.9 generated=64 generation_tps=2.833
CHILD index=6 own_instance=1 exit=0 text=46404abc10d87546 role=child prefix_tokens=4081 suffix_tokens=16 model_ms=1118.5 context_ms=40.7 state_ms=263.47 prefix_ms=0.0 suffix_ms=556.3 first_token_ms=2274.2 generation_ms=22587.7 generated=64 generation_tps=2.833
CHILD index=7 own_instance=1 exit=0 text=46404abc10d87546 role=child prefix_tokens=4081 suffix_tokens=16 model_ms=1160.7 context_ms=48.7 state_ms=255.36 prefix_ms=0.0 suffix_ms=576.5 first_token_ms=2317.6 generation_ms=22570.4 generated=64 generation_tps=2.836
MEMORY mem_available_drop_mib=9167
END_CASE failed=0 timed_out=0
CASE placement=same mode=demand children=8 paragraphs=80 context=8192
PARENT exit=0 text=8e42d861853d43f0 prefix_tokens=4081 prefix_ms=4400.9 publish_ms=231.82 state_bytes=234086869 model_ms=593.6 context_ms=21.5 suffix_ms=57.1 generation_ms=13218.0 generated=64 generation_tps=4.842 total_ms=30835.0
CHILD index=0 own_instance=1 exit=0 text=c762b6e82f144cca role=child prefix_tokens=4081 suffix_tokens=16 model_ms=1138.5 context_ms=21.6 state_ms=166.68 prefix_ms=0.0 suffix_ms=318.7 first_token_ms=1900.1 generation_ms=22785.4 generated=64 generation_tps=2.809
CHILD index=1 own_instance=1 exit=0 text=5f0f74be36dfb05d role=child prefix_tokens=4081 suffix_tokens=16 model_ms=1128.6 context_ms=20.8 state_ms=186.79 prefix_ms=0.0 suffix_ms=477.0 first_token_ms=2121.0 generation_ms=22722.1 generated=64 generation_tps=2.817
CHILD index=2 own_instance=1 exit=0 text=45d93d75d8c246b5 role=child prefix_tokens=4081 suffix_tokens=16 model_ms=1198.6 context_ms=22.6 state_ms=220.33 prefix_ms=0.0 suffix_ms=618.8 first_token_ms=2363.8 generation_ms=22657.8 generated=64 generation_tps=2.825
CHILD index=3 own_instance=1 exit=0 text=4a8f18b77dbe0332 role=child prefix_tokens=4081 suffix_tokens=16 model_ms=1177.6 context_ms=27.9 state_ms=217.47 prefix_ms=0.0 suffix_ms=630.7 first_token_ms=2354.2 generation_ms=22669.2 generated=64 generation_tps=2.823
CHILD index=4 own_instance=1 exit=0 text=46404abc10d87546 role=child prefix_tokens=4081 suffix_tokens=16 model_ms=1117.3 context_ms=20.4 state_ms=191.24 prefix_ms=0.0 suffix_ms=407.0 first_token_ms=2031.7 generation_ms=22776.1 generated=64 generation_tps=2.810
CHILD index=5 own_instance=1 exit=0 text=46404abc10d87546 role=child prefix_tokens=4081 suffix_tokens=16 model_ms=1192.3 context_ms=29.2 state_ms=211.08 prefix_ms=0.0 suffix_ms=639.0 first_token_ms=2361.6 generation_ms=22642.8 generated=64 generation_tps=2.827
CHILD index=6 own_instance=1 exit=0 text=46404abc10d87546 role=child prefix_tokens=4081 suffix_tokens=16 model_ms=1170.0 context_ms=22.6 state_ms=200.70 prefix_ms=0.0 suffix_ms=542.7 first_token_ms=2230.0 generation_ms=22693.8 generated=64 generation_tps=2.820
CHILD index=7 own_instance=1 exit=0 text=46404abc10d87546 role=child prefix_tokens=4081 suffix_tokens=16 model_ms=1182.8 context_ms=27.2 state_ms=215.92 prefix_ms=0.0 suffix_ms=639.3 first_token_ms=2363.6 generation_ms=22656.4 generated=64 generation_tps=2.825
MEMORY mem_available_drop_mib=8448
END_CASE failed=0 timed_out=0
CASE placement=same mode=device children=8 paragraphs=80 context=8192
PARENT exit=0 text=8e42d861853d43f0 prefix_tokens=4081 prefix_ms=4411.4 publish_ms=5.47 state_bytes=66005 model_ms=589.3 context_ms=21.7 suffix_ms=56.8 generation_ms=12313.5 generated=64 generation_tps=5.198 total_ms=30635.5
CHILD index=0 own_instance=1 exit=0 text=c762b6e82f144cca role=child prefix_tokens=4081 suffix_tokens=16 model_ms=1183.6 context_ms=240.2 state_ms=188.00 prefix_ms=0.0 suffix_ms=535.0 first_token_ms=2441.0 generation_ms=22540.5 generated=64 generation_tps=2.839
CHILD index=1 own_instance=1 exit=0 text=5f0f74be36dfb05d role=child prefix_tokens=4081 suffix_tokens=16 model_ms=1194.8 context_ms=261.1 state_ms=239.88 prefix_ms=0.0 suffix_ms=639.5 first_token_ms=2622.6 generation_ms=22436.2 generated=64 generation_tps=2.853
CHILD index=2 own_instance=1 exit=0 text=45d93d75d8c246b5 role=child prefix_tokens=4081 suffix_tokens=16 model_ms=1135.6 context_ms=260.0 state_ms=182.57 prefix_ms=0.0 suffix_ms=479.6 first_token_ms=2364.4 generation_ms=22573.1 generated=64 generation_tps=2.835
CHILD index=3 own_instance=1 exit=0 text=4a8f18b77dbe0332 role=child prefix_tokens=4081 suffix_tokens=16 model_ms=1135.5 context_ms=237.2 state_ms=123.67 prefix_ms=0.0 suffix_ms=355.2 first_token_ms=2155.2 generation_ms=22621.9 generated=64 generation_tps=2.829
CHILD index=4 own_instance=1 exit=0 text=46404abc10d87546 role=child prefix_tokens=4081 suffix_tokens=16 model_ms=1175.3 context_ms=276.5 state_ms=253.03 prefix_ms=0.0 suffix_ms=639.3 first_token_ms=2643.0 generation_ms=22419.9 generated=64 generation_tps=2.855
CHILD index=5 own_instance=1 exit=0 text=46404abc10d87546 role=child prefix_tokens=4081 suffix_tokens=16 model_ms=1186.2 context_ms=252.2 state_ms=197.20 prefix_ms=0.0 suffix_ms=591.6 first_token_ms=2519.0 generation_ms=22467.8 generated=64 generation_tps=2.849
CHILD index=6 own_instance=1 exit=0 text=46404abc10d87546 role=child prefix_tokens=4081 suffix_tokens=16 model_ms=1109.9 context_ms=160.0 state_ms=102.22 prefix_ms=0.0 suffix_ms=268.0 first_token_ms=1910.8 generation_ms=22537.6 generated=64 generation_tps=2.840
CHILD index=7 own_instance=1 exit=0 text=46404abc10d87546 role=child prefix_tokens=4081 suffix_tokens=16 model_ms=1130.0 context_ms=265.3 state_ms=183.24 prefix_ms=0.0 suffix_ms=555.5 first_token_ms=2441.3 generation_ms=22539.4 generated=64 generation_tps=2.839
MEMORY mem_available_drop_mib=7584
END_CASE failed=0 timed_out=0
CASE placement=same mode=device_tuned children=8 paragraphs=80 context=8192
PARENT exit=0 text=8e42d861853d43f0 prefix_tokens=4081 prefix_ms=4395.9 publish_ms=7.10 state_bytes=66005 model_ms=615.4 context_ms=22.1 suffix_ms=57.5 generation_ms=13841.7 generated=64 generation_tps=4.624 total_ms=30572.3
CHILD index=0 own_instance=1 exit=0 text=c762b6e82f144cca role=child prefix_tokens=4081 suffix_tokens=16 model_ms=1184.7 context_ms=76.0 state_ms=4.08 prefix_ms=0.0 suffix_ms=512.2 first_token_ms=2063.6 generation_ms=22776.9 generated=64 generation_tps=2.810
CHILD index=1 own_instance=1 exit=0 text=5f0f74be36dfb05d role=child prefix_tokens=4081 suffix_tokens=16 model_ms=1115.9 context_ms=38.0 state_ms=2.29 prefix_ms=0.0 suffix_ms=233.7 first_token_ms=1682.9 generation_ms=22828.9 generated=64 generation_tps=2.803
CHILD index=2 own_instance=1 exit=0 text=45d93d75d8c246b5 role=child prefix_tokens=4081 suffix_tokens=16 model_ms=1207.0 context_ms=120.9 state_ms=8.72 prefix_ms=0.0 suffix_ms=595.0 first_token_ms=2223.5 generation_ms=22725.4 generated=64 generation_tps=2.816
CHILD index=3 own_instance=1 exit=0 text=4a8f18b77dbe0332 role=child prefix_tokens=4081 suffix_tokens=16 model_ms=1207.0 context_ms=126.4 state_ms=8.87 prefix_ms=0.0 suffix_ms=609.0 first_token_ms=2252.1 generation_ms=22703.4 generated=64 generation_tps=2.819
CHILD index=4 own_instance=1 exit=0 text=46404abc10d87546 role=child prefix_tokens=4081 suffix_tokens=16 model_ms=1174.7 context_ms=41.7 state_ms=3.36 prefix_ms=0.0 suffix_ms=396.8 first_token_ms=1896.1 generation_ms=22843.3 generated=64 generation_tps=2.802
CHILD index=5 own_instance=1 exit=0 text=46404abc10d87546 role=child prefix_tokens=4081 suffix_tokens=16 model_ms=1213.6 context_ms=110.6 state_ms=7.05 prefix_ms=0.0 suffix_ms=603.5 first_token_ms=2236.4 generation_ms=22720.9 generated=64 generation_tps=2.817
CHILD index=6 own_instance=1 exit=0 text=46404abc10d87546 role=child prefix_tokens=4081 suffix_tokens=16 model_ms=1187.6 context_ms=68.9 state_ms=7.18 prefix_ms=0.0 suffix_ms=486.3 first_token_ms=2033.9 generation_ms=22785.2 generated=64 generation_tps=2.809
CHILD index=7 own_instance=1 exit=0 text=46404abc10d87546 role=child prefix_tokens=4081 suffix_tokens=16 model_ms=1214.2 context_ms=121.7 state_ms=5.21 prefix_ms=0.0 suffix_ms=616.9 first_token_ms=2259.7 generation_ms=22702.4 generated=64 generation_tps=2.819
MEMORY mem_available_drop_mib=7502
END_CASE failed=0 timed_out=0
CASE placement=same mode=device_merged children=8 paragraphs=80 context=8192
PARENT exit=0 text=8e42d861853d43f0 prefix_tokens=4081 prefix_ms=4402.0 publish_ms=21.03 state_bytes=66005 model_ms=591.5 context_ms=22.0 suffix_ms=56.8 generation_ms=13483.1 generated=64 generation_tps=4.747 total_ms=30596.7
CHILD index=0 own_instance=1 exit=0 text=c762b6e82f144cca role=child prefix_tokens=4081 suffix_tokens=16 model_ms=1149.5 context_ms=147.2 state_ms=3.22 prefix_ms=0.0 suffix_ms=598.4 first_token_ms=2191.3 generation_ms=22678.4 generated=64 generation_tps=2.822
CHILD index=1 own_instance=1 exit=0 text=5f0f74be36dfb05d role=child prefix_tokens=4081 suffix_tokens=16 model_ms=1143.3 context_ms=43.0 state_ms=2.87 prefix_ms=0.0 suffix_ms=229.6 first_token_ms=1689.5 generation_ms=22736.4 generated=64 generation_tps=2.815
CHILD index=2 own_instance=1 exit=0 text=45d93d75d8c246b5 role=child prefix_tokens=4081 suffix_tokens=16 model_ms=1161.1 context_ms=189.0 state_ms=5.93 prefix_ms=0.0 suffix_ms=588.9 first_token_ms=2246.4 generation_ms=22719.6 generated=64 generation_tps=2.817
CHILD index=3 own_instance=1 exit=0 text=4a8f18b77dbe0332 role=child prefix_tokens=4081 suffix_tokens=16 model_ms=1130.0 context_ms=131.7 state_ms=2.75 prefix_ms=0.0 suffix_ms=573.2 first_token_ms=2141.1 generation_ms=22718.7 generated=64 generation_tps=2.817
CHILD index=4 own_instance=1 exit=0 text=46404abc10d87546 role=child prefix_tokens=4081 suffix_tokens=16 model_ms=1154.4 context_ms=187.8 state_ms=4.03 prefix_ms=0.0 suffix_ms=605.1 first_token_ms=2262.6 generation_ms=22712.0 generated=64 generation_tps=2.818
CHILD index=5 own_instance=1 exit=0 text=46404abc10d87546 role=child prefix_tokens=4081 suffix_tokens=16 model_ms=1199.5 context_ms=180.3 state_ms=3.37 prefix_ms=0.0 suffix_ms=598.0 first_token_ms=2291.5 generation_ms=22693.2 generated=64 generation_tps=2.820
CHILD index=6 own_instance=1 exit=0 text=46404abc10d87546 role=child prefix_tokens=4081 suffix_tokens=16 model_ms=1181.8 context_ms=194.9 state_ms=4.94 prefix_ms=0.0 suffix_ms=598.1 first_token_ms=2273.2 generation_ms=22702.5 generated=64 generation_tps=2.819
CHILD index=7 own_instance=1 exit=0 text=46404abc10d87546 role=child prefix_tokens=4081 suffix_tokens=16 model_ms=1160.8 context_ms=143.7 state_ms=4.31 prefix_ms=0.0 suffix_ms=599.1 first_token_ms=2190.4 generation_ms=22689.5 generated=64 generation_tps=2.821
MEMORY mem_available_drop_mib=7533
END_CASE failed=0 timed_out=0
CASE placement=same mode=cow children=8 paragraphs=80 context=8192
PARENT exit=0 text=8e42d861853d43f0 prefix_tokens=4081 prefix_ms=4396.2 publish_ms=4.76 state_bytes=66005 model_ms=596.8 context_ms=22.1 suffix_ms=58.9 generation_ms=12943.7 generated=64 generation_tps=4.944 total_ms=31348.3
CHILD index=0 own_instance=1 exit=0 text=c762b6e82f144cca role=child prefix_tokens=4081 suffix_tokens=16 model_ms=1154.3 context_ms=25.8 state_ms=1.79 prefix_ms=0.0 suffix_ms=1346.2 first_token_ms=2809.9 generation_ms=22750.4 generated=64 generation_tps=2.813
CHILD index=1 own_instance=1 exit=0 text=5f0f74be36dfb05d role=child prefix_tokens=4081 suffix_tokens=16 model_ms=1200.2 context_ms=31.4 state_ms=1.91 prefix_ms=0.0 suffix_ms=1455.3 first_token_ms=2960.5 generation_ms=22725.0 generated=64 generation_tps=2.816
CHILD index=2 own_instance=1 exit=0 text=45d93d75d8c246b5 role=child prefix_tokens=4081 suffix_tokens=16 model_ms=1182.0 context_ms=30.4 state_ms=1.83 prefix_ms=0.0 suffix_ms=1456.7 first_token_ms=2961.2 generation_ms=22726.5 generated=64 generation_tps=2.816
CHILD index=3 own_instance=1 exit=0 text=4a8f18b77dbe0332 role=child prefix_tokens=4081 suffix_tokens=16 model_ms=1202.3 context_ms=26.7 state_ms=1.71 prefix_ms=0.0 suffix_ms=1498.0 first_token_ms=3022.7 generation_ms=22690.9 generated=64 generation_tps=2.821
CHILD index=4 own_instance=1 exit=0 text=46404abc10d87546 role=child prefix_tokens=4081 suffix_tokens=16 model_ms=1203.9 context_ms=28.6 state_ms=1.75 prefix_ms=0.0 suffix_ms=1496.6 first_token_ms=3022.4 generation_ms=22690.5 generated=64 generation_tps=2.821
CHILD index=5 own_instance=1 exit=0 text=46404abc10d87546 role=child prefix_tokens=4081 suffix_tokens=16 model_ms=1148.5 context_ms=27.5 state_ms=1.77 prefix_ms=0.0 suffix_ms=1346.7 first_token_ms=2811.1 generation_ms=22749.2 generated=64 generation_tps=2.813
CHILD index=6 own_instance=1 exit=0 text=46404abc10d87546 role=child prefix_tokens=4081 suffix_tokens=16 model_ms=1193.5 context_ms=30.1 state_ms=1.87 prefix_ms=0.0 suffix_ms=1454.3 first_token_ms=2956.7 generation_ms=22723.9 generated=64 generation_tps=2.816
CHILD index=7 own_instance=1 exit=0 text=46404abc10d87546 role=child prefix_tokens=4081 suffix_tokens=16 model_ms=1160.5 context_ms=27.1 state_ms=1.86 prefix_ms=0.0 suffix_ms=1376.4 first_token_ms=2841.4 generation_ms=22745.4 generated=64 generation_tps=2.814
MEMORY mem_available_drop_mib=6690
END_CASE failed=0 timed_out=0
CASE placement=same mode=extent children=8 paragraphs=80 context=8192
PARENT exit=0 text=8e42d861853d43f0 prefix_tokens=4081 prefix_ms=4386.4 publish_ms=4.86 state_bytes=66005 model_ms=585.4 context_ms=22.7 suffix_ms=57.1 generation_ms=12697.4 generated=64 generation_tps=5.040 total_ms=30422.5
CHILD index=0 own_instance=1 exit=0 text=c762b6e82f144cca role=child prefix_tokens=4081 suffix_tokens=16 model_ms=1191.6 context_ms=31.5 state_ms=1.84 prefix_ms=0.0 suffix_ms=603.3 first_token_ms=2105.2 generation_ms=22725.9 generated=64 generation_tps=2.816
CHILD index=1 own_instance=1 exit=0 text=5f0f74be36dfb05d role=child prefix_tokens=4081 suffix_tokens=16 model_ms=1199.5 context_ms=26.3 state_ms=1.83 prefix_ms=0.0 suffix_ms=598.0 first_token_ms=2116.9 generation_ms=22729.9 generated=64 generation_tps=2.816
CHILD index=2 own_instance=1 exit=0 text=45d93d75d8c246b5 role=child prefix_tokens=4081 suffix_tokens=16 model_ms=1149.5 context_ms=24.6 state_ms=1.90 prefix_ms=0.0 suffix_ms=451.4 first_token_ms=1916.3 generation_ms=22796.9 generated=64 generation_tps=2.807
CHILD index=3 own_instance=1 exit=0 text=4a8f18b77dbe0332 role=child prefix_tokens=4081 suffix_tokens=16 model_ms=1200.9 context_ms=25.1 state_ms=1.95 prefix_ms=0.0 suffix_ms=616.4 first_token_ms=2136.4 generation_ms=22720.1 generated=64 generation_tps=2.817
CHILD index=4 own_instance=1 exit=0 text=46404abc10d87546 role=child prefix_tokens=4081 suffix_tokens=16 model_ms=1153.4 context_ms=22.1 state_ms=1.81 prefix_ms=0.0 suffix_ms=353.2 first_token_ms=1792.3 generation_ms=22837.6 generated=64 generation_tps=2.802
CHILD index=5 own_instance=1 exit=0 text=46404abc10d87546 role=child prefix_tokens=4081 suffix_tokens=16 model_ms=1186.5 context_ms=29.1 state_ms=2.01 prefix_ms=0.0 suffix_ms=581.9 first_token_ms=2080.0 generation_ms=22753.1 generated=64 generation_tps=2.813
CHILD index=6 own_instance=1 exit=0 text=46404abc10d87546 role=child prefix_tokens=4081 suffix_tokens=16 model_ms=1116.4 context_ms=22.3 state_ms=1.98 prefix_ms=0.0 suffix_ms=298.4 first_token_ms=1719.1 generation_ms=22874.2 generated=64 generation_tps=2.798
CHILD index=7 own_instance=1 exit=0 text=46404abc10d87546 role=child prefix_tokens=4081 suffix_tokens=16 model_ms=1181.1 context_ms=29.0 state_ms=1.72 prefix_ms=0.0 suffix_ms=618.3 first_token_ms=2114.0 generation_ms=22727.6 generated=64 generation_tps=2.816
MEMORY mem_available_drop_mib=5794
END_CASE failed=0 timed_out=0
END_KVMECH
BEGIN_KVMECH run=6
CASE placement=same mode=extent children=8 paragraphs=320 context=32768
PARENT exit=0 text=c646470e58f73411 prefix_tokens=16321 prefix_ms=19859.0 publish_ms=9.63 state_bytes=261845 model_ms=589.8 context_ms=36.9 suffix_ms=63.0 generation_ms=13573.8 generated=64 generation_tps=4.715 total_ms=47120.5
CHILD index=0 own_instance=1 exit=0 text=d42c4c07975a6446 role=child prefix_tokens=16321 suffix_tokens=16 model_ms=1148.9 context_ms=46.2 state_ms=7.58 prefix_ms=0.0 suffix_ms=498.1 first_token_ms=1995.5 generation_ms=23872.6 generated=64 generation_tps=2.681
CHILD index=1 own_instance=1 exit=0 text=3fd8649867d4bb41 role=child prefix_tokens=16321 suffix_tokens=16 model_ms=1215.3 context_ms=48.2 state_ms=7.39 prefix_ms=0.0 suffix_ms=668.8 first_token_ms=2241.9 generation_ms=23790.6 generated=64 generation_tps=2.690
CHILD index=2 own_instance=1 exit=0 text=3fd8649867d4bb41 role=child prefix_tokens=16321 suffix_tokens=16 model_ms=1206.8 context_ms=41.7 state_ms=7.78 prefix_ms=0.0 suffix_ms=633.8 first_token_ms=2188.4 generation_ms=23824.5 generated=64 generation_tps=2.686
CHILD index=3 own_instance=1 exit=0 text=3fd8649867d4bb41 role=child prefix_tokens=16321 suffix_tokens=16 model_ms=1232.8 context_ms=45.6 state_ms=7.33 prefix_ms=0.0 suffix_ms=656.8 first_token_ms=2227.9 generation_ms=23784.2 generated=64 generation_tps=2.691
CHILD index=4 own_instance=1 exit=0 text=3e0fd62f5aa50665 role=child prefix_tokens=16321 suffix_tokens=16 model_ms=1161.7 context_ms=39.1 state_ms=7.69 prefix_ms=0.0 suffix_ms=543.6 first_token_ms=2060.5 generation_ms=23859.3 generated=64 generation_tps=2.682
CHILD index=5 own_instance=1 exit=0 text=3e0fd62f5aa50665 role=child prefix_tokens=16321 suffix_tokens=16 model_ms=1150.9 context_ms=39.8 state_ms=7.34 prefix_ms=0.0 suffix_ms=288.1 first_token_ms=1747.2 generation_ms=23949.2 generated=64 generation_tps=2.672
CHILD index=6 own_instance=1 exit=0 text=4a8f18b77dbe0332 role=child prefix_tokens=16321 suffix_tokens=16 model_ms=1227.2 context_ms=47.7 state_ms=7.60 prefix_ms=0.0 suffix_ms=654.9 first_token_ms=2231.1 generation_ms=23799.0 generated=64 generation_tps=2.689
CHILD index=7 own_instance=1 exit=0 text=4a8f18b77dbe0332 role=child prefix_tokens=16321 suffix_tokens=16 model_ms=1133.2 context_ms=46.6 state_ms=7.51 prefix_ms=0.0 suffix_ms=492.7 first_token_ms=1985.9 generation_ms=23876.5 generated=64 generation_tps=2.680
MEMORY mem_available_drop_mib=6011
END_CASE failed=0 timed_out=0
CASE placement=same mode=cow children=8 paragraphs=320 context=32768
PARENT exit=0 text=c646470e58f73411 prefix_tokens=16321 prefix_ms=19854.1 publish_ms=11.78 state_bytes=261845 model_ms=590.1 context_ms=37.2 suffix_ms=62.5 generation_ms=13673.3 generated=64 generation_tps=4.681 total_ms=47936.2
CHILD index=0 own_instance=1 exit=0 text=d42c4c07975a6446 role=child prefix_tokens=16321 suffix_tokens=16 model_ms=1218.0 context_ms=39.1 state_ms=7.36 prefix_ms=0.0 suffix_ms=1343.2 first_token_ms=2910.5 generation_ms=23935.3 generated=64 generation_tps=2.674
CHILD index=1 own_instance=1 exit=0 text=3fd8649867d4bb41 role=child prefix_tokens=16321 suffix_tokens=16 model_ms=1218.8 context_ms=48.6 state_ms=7.47 prefix_ms=0.0 suffix_ms=1316.4 first_token_ms=2886.4 generation_ms=23961.3 generated=64 generation_tps=2.671
CHILD index=2 own_instance=1 exit=0 text=3fd8649867d4bb41 role=child prefix_tokens=16321 suffix_tokens=16 model_ms=1225.5 context_ms=50.5 state_ms=7.32 prefix_ms=0.0 suffix_ms=1345.9 first_token_ms=2930.2 generation_ms=23928.2 generated=64 generation_tps=2.675
CHILD index=3 own_instance=1 exit=0 text=3fd8649867d4bb41 role=child prefix_tokens=16321 suffix_tokens=16 model_ms=1150.5 context_ms=36.9 state_ms=7.45 prefix_ms=0.0 suffix_ms=990.0 first_token_ms=2465.9 generation_ms=24145.2 generated=64 generation_tps=2.651
CHILD index=4 own_instance=1 exit=0 text=3e0fd62f5aa50665 role=child prefix_tokens=16321 suffix_tokens=16 model_ms=1146.6 context_ms=36.6 state_ms=7.22 prefix_ms=0.0 suffix_ms=1034.5 first_token_ms=2524.7 generation_ms=24109.8 generated=64 generation_tps=2.655
CHILD index=5 own_instance=1 exit=0 text=3e0fd62f5aa50665 role=child prefix_tokens=16321 suffix_tokens=16 model_ms=1237.1 context_ms=49.1 state_ms=7.62 prefix_ms=0.0 suffix_ms=1327.2 first_token_ms=2902.7 generation_ms=23935.3 generated=64 generation_tps=2.674
CHILD index=6 own_instance=1 exit=0 text=4a8f18b77dbe0332 role=child prefix_tokens=16321 suffix_tokens=16 model_ms=1163.3 context_ms=37.1 state_ms=7.51 prefix_ms=0.0 suffix_ms=960.2 first_token_ms=2429.5 generation_ms=24167.3 generated=64 generation_tps=2.648
CHILD index=7 own_instance=1 exit=0 text=4a8f18b77dbe0332 role=child prefix_tokens=16321 suffix_tokens=16 model_ms=1239.4 context_ms=51.4 state_ms=7.23 prefix_ms=0.0 suffix_ms=1336.3 first_token_ms=2922.2 generation_ms=23907.8 generated=64 generation_tps=2.677
MEMORY mem_available_drop_mib=6901
END_CASE failed=0 timed_out=0
CASE placement=same mode=device_merged children=8 paragraphs=320 context=32768
PARENT exit=0 text=c646470e58f73411 prefix_tokens=16321 prefix_ms=19804.4 publish_ms=100.90 state_bytes=261845 model_ms=597.3 context_ms=36.6 suffix_ms=62.9 generation_ms=13429.8 generated=64 generation_tps=4.766 total_ms=47410.4
CHILD index=0 own_instance=1 exit=0 text=d42c4c07975a6446 role=child prefix_tokens=16321 suffix_tokens=16 model_ms=1152.5 context_ms=133.4 state_ms=8.38 prefix_ms=0.0 suffix_ms=506.3 first_token_ms=2097.4 generation_ms=24029.7 generated=64 generation_tps=2.663
CHILD index=1 own_instance=1 exit=0 text=3fd8649867d4bb41 role=child prefix_tokens=16321 suffix_tokens=16 model_ms=1209.0 context_ms=175.9 state_ms=13.44 prefix_ms=0.0 suffix_ms=690.4 first_token_ms=2382.0 generation_ms=23912.6 generated=64 generation_tps=2.676
CHILD index=2 own_instance=1 exit=0 text=3fd8649867d4bb41 role=child prefix_tokens=16321 suffix_tokens=16 model_ms=1175.2 context_ms=174.8 state_ms=9.65 prefix_ms=0.0 suffix_ms=629.7 first_token_ms=2290.4 generation_ms=23968.0 generated=64 generation_tps=2.670
CHILD index=3 own_instance=1 exit=0 text=3fd8649867d4bb41 role=child prefix_tokens=16321 suffix_tokens=16 model_ms=1198.6 context_ms=178.2 state_ms=11.77 prefix_ms=0.0 suffix_ms=549.6 first_token_ms=2202.0 generation_ms=23995.4 generated=64 generation_tps=2.667
CHILD index=4 own_instance=1 exit=0 text=3e0fd62f5aa50665 role=child prefix_tokens=16321 suffix_tokens=16 model_ms=1115.6 context_ms=51.7 state_ms=8.82 prefix_ms=0.0 suffix_ms=206.6 first_token_ms=1645.1 generation_ms=23961.3 generated=64 generation_tps=2.671
CHILD index=5 own_instance=1 exit=0 text=3e0fd62f5aa50665 role=child prefix_tokens=16321 suffix_tokens=16 model_ms=1190.9 context_ms=169.4 state_ms=9.59 prefix_ms=0.0 suffix_ms=690.6 first_token_ms=2367.4 generation_ms=23923.3 generated=64 generation_tps=2.675
CHILD index=6 own_instance=1 exit=0 text=4a8f18b77dbe0332 role=child prefix_tokens=16321 suffix_tokens=16 model_ms=1212.7 context_ms=185.8 state_ms=10.34 prefix_ms=0.0 suffix_ms=668.8 first_token_ms=2345.0 generation_ms=23927.5 generated=64 generation_tps=2.675
CHILD index=7 own_instance=1 exit=0 text=4a8f18b77dbe0332 role=child prefix_tokens=16321 suffix_tokens=16 model_ms=1145.2 context_ms=120.0 state_ms=10.38 prefix_ms=0.0 suffix_ms=519.9 first_token_ms=2100.4 generation_ms=24044.3 generated=64 generation_tps=2.662
MEMORY mem_available_drop_mib=7752
END_CASE failed=0 timed_out=0
CASE placement=same mode=device_tuned children=8 paragraphs=320 context=32768
PARENT exit=0 text=c646470e58f73411 prefix_tokens=16321 prefix_ms=19790.5 publish_ms=32.52 state_bytes=261845 model_ms=586.8 context_ms=36.3 suffix_ms=63.3 generation_ms=12120.5 generated=64 generation_tps=5.280 total_ms=47400.0
CHILD index=0 own_instance=1 exit=0 text=d42c4c07975a6446 role=child prefix_tokens=16321 suffix_tokens=16 model_ms=1185.0 context_ms=357.3 state_ms=15.06 prefix_ms=0.0 suffix_ms=379.2 first_token_ms=2225.5 generation_ms=23774.6 generated=64 generation_tps=2.692
CHILD index=1 own_instance=1 exit=0 text=3fd8649867d4bb41 role=child prefix_tokens=16321 suffix_tokens=16 model_ms=1223.4 context_ms=516.8 state_ms=14.29 prefix_ms=0.0 suffix_ms=653.9 first_token_ms=2705.0 generation_ms=23599.0 generated=64 generation_tps=2.712
CHILD index=2 own_instance=1 exit=0 text=3fd8649867d4bb41 role=child prefix_tokens=16321 suffix_tokens=16 model_ms=1233.8 context_ms=530.6 state_ms=12.98 prefix_ms=0.0 suffix_ms=670.0 first_token_ms=2740.3 generation_ms=23570.5 generated=64 generation_tps=2.715
CHILD index=3 own_instance=1 exit=0 text=3fd8649867d4bb41 role=child prefix_tokens=16321 suffix_tokens=16 model_ms=1195.8 context_ms=511.5 state_ms=22.60 prefix_ms=0.0 suffix_ms=613.3 first_token_ms=2648.3 generation_ms=23582.1 generated=64 generation_tps=2.714
CHILD index=4 own_instance=1 exit=0 text=3e0fd62f5aa50665 role=child prefix_tokens=16321 suffix_tokens=16 model_ms=1144.5 context_ms=71.0 state_ms=8.87 prefix_ms=0.0 suffix_ms=196.7 first_token_ms=1691.7 generation_ms=23102.4 generated=64 generation_tps=2.770
CHILD index=5 own_instance=1 exit=0 text=3e0fd62f5aa50665 role=child prefix_tokens=16321 suffix_tokens=16 model_ms=1235.0 context_ms=530.2 state_ms=11.08 prefix_ms=0.0 suffix_ms=634.0 first_token_ms=2713.5 generation_ms=23600.9 generated=64 generation_tps=2.712
CHILD index=6 own_instance=1 exit=0 text=4a8f18b77dbe0332 role=child prefix_tokens=16321 suffix_tokens=16 model_ms=1234.9 context_ms=526.2 state_ms=19.13 prefix_ms=0.0 suffix_ms=671.1 first_token_ms=2748.1 generation_ms=23568.8 generated=64 generation_tps=2.715
CHILD index=7 own_instance=1 exit=0 text=4a8f18b77dbe0332 role=child prefix_tokens=16321 suffix_tokens=16 model_ms=1159.8 context_ms=352.5 state_ms=18.44 prefix_ms=0.0 suffix_ms=368.5 first_token_ms=2202.4 generation_ms=23814.1 generated=64 generation_tps=2.687
MEMORY mem_available_drop_mib=7800
END_CASE failed=0 timed_out=0
CASE placement=same mode=device children=8 paragraphs=320 context=32768
PARENT exit=0 text=c646470e58f73411 prefix_tokens=16321 prefix_ms=19799.6 publish_ms=42.81 state_bytes=261845 model_ms=607.4 context_ms=35.8 suffix_ms=63.1 generation_ms=9747.0 generated=64 generation_tps=6.566 total_ms=47488.6
CHILD index=0 own_instance=1 exit=0 text=d42c4c07975a6446 role=child prefix_tokens=16321 suffix_tokens=16 model_ms=1241.3 context_ms=628.7 state_ms=250.96 prefix_ms=0.0 suffix_ms=667.8 first_token_ms=3092.3 generation_ms=23285.5 generated=64 generation_tps=2.748
CHILD index=1 own_instance=1 exit=0 text=3fd8649867d4bb41 role=child prefix_tokens=16321 suffix_tokens=16 model_ms=1243.7 context_ms=599.9 state_ms=217.85 prefix_ms=0.0 suffix_ms=567.9 first_token_ms=2910.3 generation_ms=23344.1 generated=64 generation_tps=2.742
CHILD index=2 own_instance=1 exit=0 text=3fd8649867d4bb41 role=child prefix_tokens=16321 suffix_tokens=16 model_ms=1140.6 context_ms=279.2 state_ms=82.84 prefix_ms=0.0 suffix_ms=243.7 first_token_ms=2035.0 generation_ms=22644.2 generated=64 generation_tps=2.826
CHILD index=3 own_instance=1 exit=0 text=3fd8649867d4bb41 role=child prefix_tokens=16321 suffix_tokens=16 model_ms=1237.5 context_ms=654.2 state_ms=262.98 prefix_ms=0.0 suffix_ms=695.6 first_token_ms=3153.8 generation_ms=23238.5 generated=64 generation_tps=2.754
CHILD index=4 own_instance=1 exit=0 text=3e0fd62f5aa50665 role=child prefix_tokens=16321 suffix_tokens=16 model_ms=1228.2 context_ms=631.0 state_ms=248.49 prefix_ms=0.0 suffix_ms=659.9 first_token_ms=3073.5 generation_ms=23295.6 generated=64 generation_tps=2.747
CHILD index=5 own_instance=1 exit=0 text=3e0fd62f5aa50665 role=child prefix_tokens=16321 suffix_tokens=16 model_ms=1215.0 context_ms=571.6 state_ms=219.72 prefix_ms=0.0 suffix_ms=512.0 first_token_ms=2806.9 generation_ms=23392.5 generated=64 generation_tps=2.736
CHILD index=6 own_instance=1 exit=0 text=4a8f18b77dbe0332 role=child prefix_tokens=16321 suffix_tokens=16 model_ms=1206.3 context_ms=594.1 state_ms=217.38 prefix_ms=0.0 suffix_ms=518.2 first_token_ms=2836.2 generation_ms=23396.1 generated=64 generation_tps=2.735
CHILD index=7 own_instance=1 exit=0 text=4a8f18b77dbe0332 role=child prefix_tokens=16321 suffix_tokens=16 model_ms=1245.0 context_ms=614.4 state_ms=229.44 prefix_ms=0.0 suffix_ms=617.3 first_token_ms=3002.8 generation_ms=23330.4 generated=64 generation_tps=2.743
MEMORY mem_available_drop_mib=7829
END_CASE failed=0 timed_out=0
CASE placement=same mode=demand children=8 paragraphs=320 context=32768
PARENT exit=0 text=c646470e58f73411 prefix_tokens=16321 prefix_ms=19794.1 publish_ms=554.79 state_bytes=936173269 model_ms=584.5 context_ms=36.4 suffix_ms=62.8 generation_ms=11893.5 generated=64 generation_tps=5.381 total_ms=48171.5
CHILD index=0 own_instance=1 exit=0 text=d42c4c07975a6446 role=child prefix_tokens=16321 suffix_tokens=16 model_ms=1246.5 context_ms=46.7 state_ms=632.91 prefix_ms=0.0 suffix_ms=649.8 first_token_ms=2877.7 generation_ms=23634.4 generated=64 generation_tps=2.708
CHILD index=1 own_instance=1 exit=0 text=3fd8649867d4bb41 role=child prefix_tokens=16321 suffix_tokens=16 model_ms=1149.9 context_ms=32.7 state_ms=432.31 prefix_ms=0.0 suffix_ms=338.3 first_token_ms=2258.8 generation_ms=23740.3 generated=64 generation_tps=2.696
CHILD index=2 own_instance=1 exit=0 text=3fd8649867d4bb41 role=child prefix_tokens=16321 suffix_tokens=16 model_ms=1249.0 context_ms=40.7 state_ms=638.30 prefix_ms=0.0 suffix_ms=665.5 first_token_ms=2884.4 generation_ms=23625.3 generated=64 generation_tps=2.709
CHILD index=3 own_instance=1 exit=0 text=3fd8649867d4bb41 role=child prefix_tokens=16321 suffix_tokens=16 model_ms=1212.4 context_ms=49.0 state_ms=617.74 prefix_ms=0.0 suffix_ms=627.0 first_token_ms=2809.6 generation_ms=23643.3 generated=64 generation_tps=2.707
CHILD index=4 own_instance=1 exit=0 text=3e0fd62f5aa50665 role=child prefix_tokens=16321 suffix_tokens=16 model_ms=1219.5 context_ms=48.3 state_ms=613.10 prefix_ms=0.0 suffix_ms=636.4 first_token_ms=2811.0 generation_ms=23646.1 generated=64 generation_tps=2.707
CHILD index=5 own_instance=1 exit=0 text=3e0fd62f5aa50665 role=child prefix_tokens=16321 suffix_tokens=16 model_ms=1242.9 context_ms=41.3 state_ms=630.84 prefix_ms=0.0 suffix_ms=647.4 first_token_ms=2845.7 generation_ms=23605.0 generated=64 generation_tps=2.711
CHILD index=6 own_instance=1 exit=0 text=4a8f18b77dbe0332 role=child prefix_tokens=16321 suffix_tokens=16 model_ms=1258.1 context_ms=46.2 state_ms=633.02 prefix_ms=0.0 suffix_ms=649.4 first_token_ms=2875.2 generation_ms=23629.3 generated=64 generation_tps=2.709
CHILD index=7 own_instance=1 exit=0 text=4a8f18b77dbe0332 role=child prefix_tokens=16321 suffix_tokens=16 model_ms=1092.2 context_ms=33.5 state_ms=287.68 prefix_ms=0.0 suffix_ms=243.3 first_token_ms=1925.7 generation_ms=23409.3 generated=64 generation_tps=2.734
MEMORY mem_available_drop_mib=14205
END_CASE failed=0 timed_out=0
CASE placement=same mode=copy children=8 paragraphs=320 context=32768
PARENT exit=0 text=c646470e58f73411 prefix_tokens=16321 prefix_ms=19778.3 publish_ms=556.75 state_bytes=936173269 model_ms=625.7 context_ms=59.6 suffix_ms=62.8 generation_ms=11834.4 generated=64 generation_tps=5.408 total_ms=48336.1
CHILD index=0 own_instance=1 exit=0 text=d42c4c07975a6446 role=child prefix_tokens=16321 suffix_tokens=16 model_ms=1252.1 context_ms=191.1 state_ms=430.03 prefix_ms=0.0 suffix_ms=644.7 first_token_ms=2817.8 generation_ms=23750.0 generated=64 generation_tps=2.695
CHILD index=1 own_instance=1 exit=0 text=3fd8649867d4bb41 role=child prefix_tokens=16321 suffix_tokens=16 model_ms=1254.9 context_ms=180.6 state_ms=420.27 prefix_ms=0.0 suffix_ms=629.9 first_token_ms=2781.1 generation_ms=23772.5 generated=64 generation_tps=2.692
CHILD index=2 own_instance=1 exit=0 text=3fd8649867d4bb41 role=child prefix_tokens=16321 suffix_tokens=16 model_ms=1224.5 context_ms=180.4 state_ms=432.23 prefix_ms=0.0 suffix_ms=629.0 first_token_ms=2755.2 generation_ms=23773.5 generated=64 generation_tps=2.692
CHILD index=3 own_instance=1 exit=0 text=3fd8649867d4bb41 role=child prefix_tokens=16321 suffix_tokens=16 model_ms=1157.3 context_ms=73.8 state_ms=448.91 prefix_ms=0.0 suffix_ms=312.3 first_token_ms=2271.9 generation_ms=23923.6 generated=64 generation_tps=2.675
CHILD index=4 own_instance=1 exit=0 text=3e0fd62f5aa50665 role=child prefix_tokens=16321 suffix_tokens=16 model_ms=1250.3 context_ms=143.5 state_ms=423.74 prefix_ms=0.0 suffix_ms=642.8 first_token_ms=2751.9 generation_ms=23773.2 generated=64 generation_tps=2.692
CHILD index=5 own_instance=1 exit=0 text=3e0fd62f5aa50665 role=child prefix_tokens=16321 suffix_tokens=16 model_ms=1239.1 context_ms=204.3 state_ms=418.05 prefix_ms=0.0 suffix_ms=639.8 first_token_ms=2805.3 generation_ms=23761.7 generated=64 generation_tps=2.693
CHILD index=6 own_instance=1 exit=0 text=4a8f18b77dbe0332 role=child prefix_tokens=16321 suffix_tokens=16 model_ms=1106.4 context_ms=77.6 state_ms=418.26 prefix_ms=0.0 suffix_ms=303.2 first_token_ms=2207.4 generation_ms=23805.8 generated=64 generation_tps=2.688
CHILD index=7 own_instance=1 exit=0 text=4a8f18b77dbe0332 role=child prefix_tokens=16321 suffix_tokens=16 model_ms=1263.6 context_ms=216.4 state_ms=412.96 prefix_ms=0.0 suffix_ms=636.6 first_token_ms=2816.2 generation_ms=23719.9 generated=64 generation_tps=2.698
MEMORY mem_available_drop_mib=20269
END_CASE failed=0 timed_out=0
CASE placement=cross mode=extent children=8 paragraphs=320 context=32768
PARENT exit=0 text=c646470e58f73411 prefix_tokens=16321 prefix_ms=19832.3 publish_ms=11.51 state_bytes=261845 model_ms=591.7 context_ms=37.1 suffix_ms=63.4 generation_ms=8935.4 generated=64 generation_tps=7.163 total_ms=42120.9
CHILD index=0 own_instance=1 exit=0 text=d42c4c07975a6446 role=child prefix_tokens=16321 suffix_tokens=16 model_ms=1135.9 context_ms=37.7 state_ms=7.65 prefix_ms=0.0 suffix_ms=229.7 first_token_ms=1666.5 generation_ms=13973.9 generated=64 generation_tps=4.580
CHILD index=1 own_instance=0 exit=0 text=3fd8649867d4bb41 role=child prefix_tokens=16321 suffix_tokens=16 model_ms=1058.9 context_ms=35.4 state_ms=7.56 prefix_ms=0.0 suffix_ms=134.6 first_token_ms=1517.3 generation_ms=19249.2 generated=64 generation_tps=3.325
CHILD index=2 own_instance=1 exit=0 text=3fd8649867d4bb41 role=child prefix_tokens=16321 suffix_tokens=16 model_ms=1170.2 context_ms=47.9 state_ms=7.56 prefix_ms=0.0 suffix_ms=392.0 first_token_ms=1912.8 generation_ms=13892.8 generated=64 generation_tps=4.607
CHILD index=3 own_instance=0 exit=0 text=3fd8649867d4bb41 role=child prefix_tokens=16321 suffix_tokens=16 model_ms=1142.0 context_ms=40.7 state_ms=8.11 prefix_ms=0.0 suffix_ms=432.9 first_token_ms=1909.8 generation_ms=19209.7 generated=64 generation_tps=3.332
CHILD index=4 own_instance=1 exit=0 text=3e0fd62f5aa50665 role=child prefix_tokens=16321 suffix_tokens=16 model_ms=1194.7 context_ms=42.8 state_ms=7.85 prefix_ms=0.0 suffix_ms=392.0 first_token_ms=1928.6 generation_ms=13886.5 generated=64 generation_tps=4.609
CHILD index=5 own_instance=0 exit=0 text=3fd8649867d4bb41 role=child prefix_tokens=16321 suffix_tokens=16 model_ms=1138.3 context_ms=47.6 state_ms=7.69 prefix_ms=0.0 suffix_ms=435.1 first_token_ms=1928.7 generation_ms=19226.4 generated=64 generation_tps=3.329
CHILD index=6 own_instance=1 exit=0 text=4a8f18b77dbe0332 role=child prefix_tokens=16321 suffix_tokens=16 model_ms=1175.6 context_ms=48.2 state_ms=7.73 prefix_ms=0.0 suffix_ms=387.8 first_token_ms=1902.8 generation_ms=13865.2 generated=64 generation_tps=4.616
CHILD index=7 own_instance=0 exit=0 text=4a8f18b77dbe0332 role=child prefix_tokens=16321 suffix_tokens=16 model_ms=1141.5 context_ms=49.2 state_ms=7.51 prefix_ms=0.0 suffix_ms=431.5 first_token_ms=1928.5 generation_ms=19222.6 generated=64 generation_tps=3.329
MEMORY mem_available_drop_mib=5933
END_CASE failed=0 timed_out=0
CASE placement=cross mode=cow children=8 paragraphs=320 context=32768
PARENT exit=0 text=c646470e58f73411 prefix_tokens=16321 prefix_ms=19862.1 publish_ms=11.41 state_bytes=261845 model_ms=590.4 context_ms=36.8 suffix_ms=62.7 generation_ms=9075.0 generated=64 generation_tps=7.052 total_ms=42739.5
CHILD index=0 own_instance=1 exit=0 text=d42c4c07975a6446 role=child prefix_tokens=16321 suffix_tokens=16 model_ms=1148.2 context_ms=36.1 state_ms=7.37 prefix_ms=0.0 suffix_ms=651.1 first_token_ms=2120.0 generation_ms=14020.1 generated=64 generation_tps=4.565
CHILD index=1 own_instance=0 exit=0 text=3fd8649867d4bb41 role=child prefix_tokens=16321 suffix_tokens=16 model_ms=1186.8 context_ms=44.5 state_ms=7.56 prefix_ms=0.0 suffix_ms=774.5 first_token_ms=2315.5 generation_ms=19410.1 generated=64 generation_tps=3.297
CHILD index=2 own_instance=1 exit=0 text=3fd8649867d4bb41 role=child prefix_tokens=16321 suffix_tokens=16 model_ms=1205.7 context_ms=49.2 state_ms=7.35 prefix_ms=0.0 suffix_ms=790.1 first_token_ms=2338.4 generation_ms=13889.0 generated=64 generation_tps=4.608
CHILD index=3 own_instance=0 exit=0 text=3fd8649867d4bb41 role=child prefix_tokens=16321 suffix_tokens=16 model_ms=1188.8 context_ms=46.2 state_ms=7.62 prefix_ms=0.0 suffix_ms=809.3 first_token_ms=2349.8 generation_ms=19388.7 generated=64 generation_tps=3.301
CHILD index=4 own_instance=1 exit=0 text=3e0fd62f5aa50665 role=child prefix_tokens=16321 suffix_tokens=16 model_ms=1205.0 context_ms=42.4 state_ms=7.42 prefix_ms=0.0 suffix_ms=818.3 first_token_ms=2353.6 generation_ms=13885.0 generated=64 generation_tps=4.609
CHILD index=5 own_instance=0 exit=0 text=3fd8649867d4bb41 role=child prefix_tokens=16321 suffix_tokens=16 model_ms=1189.6 context_ms=43.7 state_ms=7.52 prefix_ms=0.0 suffix_ms=741.0 first_token_ms=2275.2 generation_ms=19420.9 generated=64 generation_tps=3.295
CHILD index=6 own_instance=1 exit=0 text=4a8f18b77dbe0332 role=child prefix_tokens=16321 suffix_tokens=16 model_ms=1117.1 context_ms=35.9 state_ms=7.50 prefix_ms=0.0 suffix_ms=580.2 first_token_ms=2029.3 generation_ms=14034.8 generated=64 generation_tps=4.560
CHILD index=7 own_instance=0 exit=0 text=4a8f18b77dbe0332 role=child prefix_tokens=16321 suffix_tokens=16 model_ms=1158.0 context_ms=37.2 state_ms=7.59 prefix_ms=0.0 suffix_ms=617.8 first_token_ms=2115.8 generation_ms=19449.2 generated=64 generation_tps=3.291
MEMORY mem_available_drop_mib=6805
END_CASE failed=0 timed_out=0
CASE placement=cross mode=device_merged children=8 paragraphs=320 context=32768
PARENT exit=0 text=c646470e58f73411 prefix_tokens=16321 prefix_ms=19805.1 publish_ms=115.02 state_bytes=261845 model_ms=586.2 context_ms=35.6 suffix_ms=62.9 generation_ms=7105.8 generated=64 generation_tps=9.007 total_ms=35649.6
CHILD index=0 own_instance=1 exit=0 text=d42c4c07975a6446 role=child prefix_tokens=16321 suffix_tokens=16 model_ms=1224.0 context_ms=331.2 state_ms=11.90 prefix_ms=0.0 suffix_ms=397.4 first_token_ms=2257.6 generation_ms=12317.1 generated=64 generation_tps=5.196
STDERR llama_init_from_model: failed to initialize the context: kv cache: cannot map a published allocation
STDERR kv_fork: cannot create the context
CHILD index=1 own_instance=0 exit=1 text=e3b0c44298fc1c14 
CHILD index=2 own_instance=1 exit=0 text=3fd8649867d4bb41 role=child prefix_tokens=16321 suffix_tokens=16 model_ms=1150.6 context_ms=342.6 state_ms=11.64 prefix_ms=0.0 suffix_ms=316.6 first_token_ms=2117.9 generation_ms=12403.7 generated=64 generation_tps=5.160
STDERR llama_init_from_model: failed to initialize the context: kv cache: cannot map a published allocation
STDERR kv_fork: cannot create the context
CHILD index=3 own_instance=0 exit=1 text=e3b0c44298fc1c14 
CHILD index=4 own_instance=1 exit=0 text=3e0fd62f5aa50665 role=child prefix_tokens=16321 suffix_tokens=16 model_ms=1236.4 context_ms=273.8 state_ms=12.33 prefix_ms=0.0 suffix_ms=311.4 first_token_ms=2113.8 generation_ms=12402.9 generated=64 generation_tps=5.160
STDERR llama_init_from_model: failed to initialize the context: kv cache: cannot map a published allocation
STDERR kv_fork: cannot create the context
CHILD index=5 own_instance=0 exit=1 text=e3b0c44298fc1c14 
CHILD index=6 own_instance=1 exit=0 text=4a8f18b77dbe0332 role=child prefix_tokens=16321 suffix_tokens=16 model_ms=1232.1 context_ms=292.8 state_ms=9.49 prefix_ms=0.0 suffix_ms=349.0 first_token_ms=2172.7 generation_ms=12382.2 generated=64 generation_tps=5.169
STDERR llama_init_from_model: failed to initialize the context: kv cache: cannot map a published allocation
STDERR kv_fork: cannot create the context
CHILD index=7 own_instance=0 exit=1 text=e3b0c44298fc1c14 
MEMORY mem_available_drop_mib=3938
END_CASE failed=4 timed_out=0
CASE placement=cross mode=device_tuned children=8 paragraphs=320 context=32768
PARENT exit=0 text=c646470e58f73411 prefix_tokens=16321 prefix_ms=19796.9 publish_ms=42.18 state_bytes=261845 model_ms=610.3 context_ms=35.7 suffix_ms=63.5 generation_ms=6410.2 generated=64 generation_tps=9.984 total_ms=35650.5
CHILD index=0 own_instance=1 exit=0 text=d42c4c07975a6446 role=child prefix_tokens=16321 suffix_tokens=16 model_ms=1217.5 context_ms=494.4 state_ms=14.65 prefix_ms=0.0 suffix_ms=390.7 first_token_ms=2403.9 generation_ms=12174.9 generated=64 generation_tps=5.257
STDERR llama_init_from_model: failed to initialize the context: kv cache: cannot map a published allocation
STDERR kv_fork: cannot create the context
CHILD index=1 own_instance=0 exit=1 text=e3b0c44298fc1c14 
CHILD index=2 own_instance=1 exit=0 text=3fd8649867d4bb41 role=child prefix_tokens=16321 suffix_tokens=16 model_ms=1193.7 context_ms=478.1 state_ms=9.95 prefix_ms=0.0 suffix_ms=273.9 first_token_ms=2258.4 generation_ms=12184.1 generated=64 generation_tps=5.253
STDERR llama_init_from_model: failed to initialize the context: kv cache: cannot map a published allocation
STDERR kv_fork: cannot create the context
CHILD index=3 own_instance=0 exit=1 text=e3b0c44298fc1c14 
CHILD index=4 own_instance=1 exit=0 text=3e0fd62f5aa50665 role=child prefix_tokens=16321 suffix_tokens=16 model_ms=1214.7 context_ms=487.0 state_ms=13.45 prefix_ms=0.0 suffix_ms=373.4 first_token_ms=2382.4 generation_ms=12183.4 generated=64 generation_tps=5.253
STDERR llama_init_from_model: failed to initialize the context: kv cache: cannot map a published allocation
STDERR kv_fork: cannot create the context
CHILD index=5 own_instance=0 exit=1 text=e3b0c44298fc1c14 
CHILD index=6 own_instance=1 exit=0 text=4a8f18b77dbe0332 role=child prefix_tokens=16321 suffix_tokens=16 model_ms=1220.0 context_ms=505.0 state_ms=11.47 prefix_ms=0.0 suffix_ms=381.7 first_token_ms=2393.9 generation_ms=12184.8 generated=64 generation_tps=5.252
STDERR llama_init_from_model: failed to initialize the context: kv cache: cannot map a published allocation
STDERR kv_fork: cannot create the context
CHILD index=7 own_instance=0 exit=1 text=e3b0c44298fc1c14 
MEMORY mem_available_drop_mib=3988
END_CASE failed=4 timed_out=0
CASE placement=cross mode=device children=8 paragraphs=320 context=32768
PARENT exit=0 text=c646470e58f73411 prefix_tokens=16321 prefix_ms=19804.7 publish_ms=36.05 state_bytes=261845 model_ms=586.4 context_ms=35.4 suffix_ms=63.4 generation_ms=6016.6 generated=64 generation_tps=10.637 total_ms=35623.9
CHILD index=0 own_instance=1 exit=0 text=d42c4c07975a6446 role=child prefix_tokens=16321 suffix_tokens=16 model_ms=1140.3 context_ms=587.0 state_ms=150.24 prefix_ms=0.0 suffix_ms=404.6 first_token_ms=2577.7 generation_ms=12017.2 generated=64 generation_tps=5.326
STDERR llama_init_from_model: failed to initialize the context: kv cache: cannot map a published allocation
STDERR kv_fork: cannot create the context
CHILD index=1 own_instance=0 exit=1 text=e3b0c44298fc1c14 
CHILD index=2 own_instance=1 exit=0 text=3fd8649867d4bb41 role=child prefix_tokens=16321 suffix_tokens=16 model_ms=1219.7 context_ms=514.5 state_ms=155.55 prefix_ms=0.0 suffix_ms=409.7 first_token_ms=2587.7 generation_ms=12013.2 generated=64 generation_tps=5.327
STDERR llama_init_from_model: failed to initialize the context: kv cache: cannot map a published allocation
STDERR kv_fork: cannot create the context
CHILD index=3 own_instance=0 exit=1 text=e3b0c44298fc1c14 
CHILD index=4 own_instance=1 exit=0 text=3e0fd62f5aa50665 role=child prefix_tokens=16321 suffix_tokens=16 model_ms=1167.8 context_ms=508.3 state_ms=61.30 prefix_ms=0.0 suffix_ms=234.0 first_token_ms=2249.3 generation_ms=12098.1 generated=64 generation_tps=5.290
STDERR llama_init_from_model: failed to initialize the context: kv cache: cannot map a published allocation
STDERR kv_fork: cannot create the context
CHILD index=5 own_instance=0 exit=1 text=e3b0c44298fc1c14 
CHILD index=6 own_instance=1 exit=0 text=4a8f18b77dbe0332 role=child prefix_tokens=16321 suffix_tokens=16 model_ms=1198.9 context_ms=534.1 state_ms=167.70 prefix_ms=0.0 suffix_ms=382.2 first_token_ms=2591.9 generation_ms=12020.8 generated=64 generation_tps=5.324
STDERR llama_init_from_model: failed to initialize the context: kv cache: cannot map a published allocation
STDERR kv_fork: cannot create the context
CHILD index=7 own_instance=0 exit=1 text=e3b0c44298fc1c14 
MEMORY mem_available_drop_mib=3970
END_CASE failed=4 timed_out=0
CASE placement=cross mode=demand children=8 paragraphs=320 context=32768
PARENT exit=0 text=c646470e58f73411 prefix_tokens=16321 prefix_ms=19799.3 publish_ms=533.09 state_bytes=936173269 model_ms=651.2 context_ms=36.7 suffix_ms=62.9 generation_ms=7741.8 generated=64 generation_tps=8.267 total_ms=42674.5
CHILD index=0 own_instance=1 exit=0 text=d42c4c07975a6446 role=child prefix_tokens=16321 suffix_tokens=16 model_ms=1236.8 context_ms=40.3 state_ms=557.61 prefix_ms=0.0 suffix_ms=426.7 first_token_ms=2546.2 generation_ms=13387.8 generated=64 generation_tps=4.780
CHILD index=1 own_instance=0 exit=0 text=3fd8649867d4bb41 role=child prefix_tokens=16321 suffix_tokens=16 model_ms=1183.8 context_ms=41.2 state_ms=523.09 prefix_ms=0.0 suffix_ms=442.2 first_token_ms=2494.7 generation_ms=18596.7 generated=64 generation_tps=3.441
CHILD index=2 own_instance=1 exit=0 text=3fd8649867d4bb41 role=child prefix_tokens=16321 suffix_tokens=16 model_ms=1154.5 context_ms=37.2 state_ms=554.16 prefix_ms=0.0 suffix_ms=384.4 first_token_ms=2424.5 generation_ms=13448.6 generated=64 generation_tps=4.759
CHILD index=3 own_instance=0 exit=0 text=3fd8649867d4bb41 role=child prefix_tokens=16321 suffix_tokens=16 model_ms=1202.2 context_ms=38.6 state_ms=535.26 prefix_ms=0.0 suffix_ms=488.7 first_token_ms=2572.1 generation_ms=18546.8 generated=64 generation_tps=3.451
CHILD index=4 own_instance=1 exit=0 text=3e0fd62f5aa50665 role=child prefix_tokens=16321 suffix_tokens=16 model_ms=1229.9 context_ms=45.0 state_ms=561.96 prefix_ms=0.0 suffix_ms=399.0 first_token_ms=2525.7 generation_ms=13412.4 generated=64 generation_tps=4.772
CHILD index=5 own_instance=0 exit=0 text=3fd8649867d4bb41 role=child prefix_tokens=16321 suffix_tokens=16 model_ms=1133.1 context_ms=33.9 state_ms=421.53 prefix_ms=0.0 suffix_ms=180.5 first_token_ms=2068.8 generation_ms=18715.4 generated=64 generation_tps=3.420
CHILD index=6 own_instance=1 exit=0 text=4a8f18b77dbe0332 role=child prefix_tokens=16321 suffix_tokens=16 model_ms=1088.9 context_ms=32.1 state_ms=340.62 prefix_ms=0.0 suffix_ms=264.9 first_token_ms=2009.1 generation_ms=13489.5 generated=64 generation_tps=4.744
CHILD index=7 own_instance=0 exit=0 text=4a8f18b77dbe0332 role=child prefix_tokens=16321 suffix_tokens=16 model_ms=1159.0 context_ms=39.5 state_ms=498.77 prefix_ms=0.0 suffix_ms=417.0 first_token_ms=2405.8 generation_ms=18626.3 generated=64 generation_tps=3.436
MEMORY mem_available_drop_mib=13681
END_CASE failed=0 timed_out=0
CASE placement=cross mode=copy children=8 paragraphs=320 context=32768
PARENT exit=0 text=c646470e58f73411 prefix_tokens=16321 prefix_ms=19781.0 publish_ms=530.38 state_bytes=936173269 model_ms=621.3 context_ms=60.1 suffix_ms=62.6 generation_ms=7920.0 generated=64 generation_tps=8.081 total_ms=42741.0
CHILD index=0 own_instance=1 exit=0 text=d42c4c07975a6446 role=child prefix_tokens=16321 suffix_tokens=16 model_ms=1218.5 context_ms=137.4 state_ms=356.52 prefix_ms=0.0 suffix_ms=396.7 first_token_ms=2408.6 generation_ms=13562.1 generated=64 generation_tps=4.719
CHILD index=1 own_instance=0 exit=0 text=3fd8649867d4bb41 role=child prefix_tokens=16321 suffix_tokens=16 model_ms=1189.1 context_ms=138.7 state_ms=315.26 prefix_ms=0.0 suffix_ms=436.4 first_token_ms=2380.2 generation_ms=18749.9 generated=64 generation_tps=3.413
CHILD index=2 own_instance=1 exit=0 text=3fd8649867d4bb41 role=child prefix_tokens=16321 suffix_tokens=16 model_ms=1237.2 context_ms=154.2 state_ms=356.33 prefix_ms=0.0 suffix_ms=419.4 first_token_ms=2456.5 generation_ms=13541.7 generated=64 generation_tps=4.726
CHILD index=3 own_instance=0 exit=0 text=3fd8649867d4bb41 role=child prefix_tokens=16321 suffix_tokens=16 model_ms=1143.2 context_ms=152.9 state_ms=338.73 prefix_ms=0.0 suffix_ms=413.2 first_token_ms=2357.5 generation_ms=18749.9 generated=64 generation_tps=3.413
CHILD index=4 own_instance=1 exit=0 text=3e0fd62f5aa50665 role=child prefix_tokens=16321 suffix_tokens=16 model_ms=1225.0 context_ms=168.4 state_ms=349.16 prefix_ms=0.0 suffix_ms=380.2 first_token_ms=2420.1 generation_ms=13568.3 generated=64 generation_tps=4.717
CHILD index=5 own_instance=0 exit=0 text=3fd8649867d4bb41 role=child prefix_tokens=16321 suffix_tokens=16 model_ms=1141.1 context_ms=112.7 state_ms=407.25 prefix_ms=0.0 suffix_ms=439.2 first_token_ms=2384.3 generation_ms=18717.8 generated=64 generation_tps=3.419
CHILD index=6 own_instance=1 exit=0 text=4a8f18b77dbe0332 role=child prefix_tokens=16321 suffix_tokens=16 model_ms=1136.0 context_ms=117.2 state_ms=388.65 prefix_ms=0.0 suffix_ms=215.4 first_token_ms=2145.6 generation_ms=13661.9 generated=64 generation_tps=4.685
CHILD index=7 own_instance=0 exit=0 text=4a8f18b77dbe0332 role=child prefix_tokens=16321 suffix_tokens=16 model_ms=1186.7 context_ms=151.2 state_ms=295.82 prefix_ms=0.0 suffix_ms=430.6 first_token_ms=2373.1 generation_ms=18751.9 generated=64 generation_tps=3.413
MEMORY mem_available_drop_mib=20285
END_CASE failed=0 timed_out=0
CASE placement=same mode=extent children=8 paragraphs=80 context=8192
PARENT exit=0 text=8e42d861853d43f0 prefix_tokens=4081 prefix_ms=4403.0 publish_ms=4.93 state_bytes=66005 model_ms=585.3 context_ms=22.8 suffix_ms=57.4 generation_ms=12445.3 generated=64 generation_tps=5.143 total_ms=30463.0
CHILD index=0 own_instance=1 exit=0 text=c762b6e82f144cca role=child prefix_tokens=4081 suffix_tokens=16 model_ms=1173.3 context_ms=23.3 state_ms=1.86 prefix_ms=0.0 suffix_ms=342.8 first_token_ms=1808.7 generation_ms=22794.5 generated=64 generation_tps=2.808
CHILD index=1 own_instance=1 exit=0 text=5f0f74be36dfb05d role=child prefix_tokens=4081 suffix_tokens=16 model_ms=1187.5 context_ms=25.4 state_ms=2.53 prefix_ms=0.0 suffix_ms=587.0 first_token_ms=2094.1 generation_ms=22742.7 generated=64 generation_tps=2.814
CHILD index=2 own_instance=1 exit=0 text=45d93d75d8c246b5 role=child prefix_tokens=4081 suffix_tokens=16 model_ms=1206.2 context_ms=32.6 state_ms=1.80 prefix_ms=0.0 suffix_ms=578.5 first_token_ms=2102.8 generation_ms=22708.2 generated=64 generation_tps=2.818
CHILD index=3 own_instance=1 exit=0 text=4a8f18b77dbe0332 role=child prefix_tokens=4081 suffix_tokens=16 model_ms=1203.4 context_ms=32.3 state_ms=1.96 prefix_ms=0.0 suffix_ms=576.2 first_token_ms=2110.2 generation_ms=22746.1 generated=64 generation_tps=2.814
CHILD index=4 own_instance=1 exit=0 text=46404abc10d87546 role=child prefix_tokens=4081 suffix_tokens=16 model_ms=1127.9 context_ms=23.0 state_ms=1.70 prefix_ms=0.0 suffix_ms=267.7 first_token_ms=1707.8 generation_ms=22864.4 generated=64 generation_tps=2.799
CHILD index=5 own_instance=1 exit=0 text=46404abc10d87546 role=child prefix_tokens=4081 suffix_tokens=16 model_ms=1222.6 context_ms=30.8 state_ms=1.88 prefix_ms=0.0 suffix_ms=597.7 first_token_ms=2135.8 generation_ms=22721.1 generated=64 generation_tps=2.817
CHILD index=6 own_instance=1 exit=0 text=46404abc10d87546 role=child prefix_tokens=4081 suffix_tokens=16 model_ms=1214.4 context_ms=33.8 state_ms=1.78 prefix_ms=0.0 suffix_ms=591.1 first_token_ms=2134.1 generation_ms=22724.6 generated=64 generation_tps=2.816
CHILD index=7 own_instance=1 exit=0 text=46404abc10d87546 role=child prefix_tokens=4081 suffix_tokens=16 model_ms=1230.0 context_ms=27.7 state_ms=1.88 prefix_ms=0.0 suffix_ms=597.7 first_token_ms=2136.8 generation_ms=22721.0 generated=64 generation_tps=2.817
MEMORY mem_available_drop_mib=5791
END_CASE failed=0 timed_out=0
CASE placement=same mode=cow children=8 paragraphs=80 context=8192
PARENT exit=0 text=8e42d861853d43f0 prefix_tokens=4081 prefix_ms=4395.2 publish_ms=4.94 state_bytes=66005 model_ms=603.4 context_ms=22.1 suffix_ms=57.7 generation_ms=12965.7 generated=64 generation_tps=4.936 total_ms=31272.6
CHILD index=0 own_instance=1 exit=0 text=c762b6e82f144cca role=child prefix_tokens=4081 suffix_tokens=16 model_ms=1215.3 context_ms=32.2 state_ms=1.65 prefix_ms=0.0 suffix_ms=1472.7 first_token_ms=2998.4 generation_ms=22684.4 generated=64 generation_tps=2.821
CHILD index=1 own_instance=1 exit=0 text=5f0f74be36dfb05d role=child prefix_tokens=4081 suffix_tokens=16 model_ms=1195.4 context_ms=32.3 state_ms=1.84 prefix_ms=0.0 suffix_ms=1434.2 first_token_ms=2957.3 generation_ms=22714.3 generated=64 generation_tps=2.818
CHILD index=2 own_instance=1 exit=0 text=45d93d75d8c246b5 role=child prefix_tokens=4081 suffix_tokens=16 model_ms=1143.6 context_ms=22.2 state_ms=1.63 prefix_ms=0.0 suffix_ms=1241.2 first_token_ms=2687.0 generation_ms=22770.6 generated=64 generation_tps=2.811
CHILD index=3 own_instance=1 exit=0 text=4a8f18b77dbe0332 role=child prefix_tokens=4081 suffix_tokens=16 model_ms=1202.8 context_ms=31.2 state_ms=1.70 prefix_ms=0.0 suffix_ms=1459.5 first_token_ms=2983.1 generation_ms=22696.0 generated=64 generation_tps=2.820
CHILD index=4 own_instance=1 exit=0 text=46404abc10d87546 role=child prefix_tokens=4081 suffix_tokens=16 model_ms=1199.6 context_ms=30.2 state_ms=2.15 prefix_ms=0.0 suffix_ms=1434.3 first_token_ms=2945.6 generation_ms=22721.0 generated=64 generation_tps=2.817
CHILD index=5 own_instance=1 exit=0 text=46404abc10d87546 role=child prefix_tokens=4081 suffix_tokens=16 model_ms=1178.4 context_ms=25.3 state_ms=3.28 prefix_ms=0.0 suffix_ms=1336.9 first_token_ms=2815.4 generation_ms=22754.4 generated=64 generation_tps=2.813
CHILD index=6 own_instance=1 exit=0 text=46404abc10d87546 role=child prefix_tokens=4081 suffix_tokens=16 model_ms=1157.4 context_ms=24.2 state_ms=1.85 prefix_ms=0.0 suffix_ms=1323.9 first_token_ms=2789.0 generation_ms=22753.0 generated=64 generation_tps=2.813
CHILD index=7 own_instance=1 exit=0 text=46404abc10d87546 role=child prefix_tokens=4081 suffix_tokens=16 model_ms=1155.3 context_ms=25.8 state_ms=1.79 prefix_ms=0.0 suffix_ms=1364.2 first_token_ms=2838.8 generation_ms=22748.2 generated=64 generation_tps=2.813
MEMORY mem_available_drop_mib=6700
END_CASE failed=0 timed_out=0
CASE placement=same mode=device_merged children=8 paragraphs=80 context=8192
PARENT exit=0 text=8e42d861853d43f0 prefix_tokens=4081 prefix_ms=4409.2 publish_ms=25.46 state_bytes=66005 model_ms=589.2 context_ms=21.6 suffix_ms=57.0 generation_ms=15066.1 generated=64 generation_tps=4.248 total_ms=30563.1
CHILD index=0 own_instance=1 exit=0 text=c762b6e82f144cca role=child prefix_tokens=4081 suffix_tokens=16 model_ms=1191.4 context_ms=98.4 state_ms=7.13 prefix_ms=0.0 suffix_ms=615.7 first_token_ms=2222.7 generation_ms=22744.9 generated=64 generation_tps=2.814
CHILD index=1 own_instance=1 exit=0 text=5f0f74be36dfb05d role=child prefix_tokens=4081 suffix_tokens=16 model_ms=1130.9 context_ms=45.5 state_ms=3.39 prefix_ms=0.0 suffix_ms=379.1 first_token_ms=1854.9 generation_ms=22924.7 generated=64 generation_tps=2.792
CHILD index=2 own_instance=1 exit=0 text=45d93d75d8c246b5 role=child prefix_tokens=4081 suffix_tokens=16 model_ms=1116.3 context_ms=39.5 state_ms=4.93 prefix_ms=0.0 suffix_ms=346.8 first_token_ms=1808.5 generation_ms=22947.7 generated=64 generation_tps=2.789
CHILD index=3 own_instance=1 exit=0 text=4a8f18b77dbe0332 role=child prefix_tokens=4081 suffix_tokens=16 model_ms=1176.6 context_ms=49.6 state_ms=4.37 prefix_ms=0.0 suffix_ms=542.7 first_token_ms=2063.8 generation_ms=22793.1 generated=64 generation_tps=2.808
CHILD index=4 own_instance=1 exit=0 text=46404abc10d87546 role=child prefix_tokens=4081 suffix_tokens=16 model_ms=1199.8 context_ms=106.2 state_ms=7.39 prefix_ms=0.0 suffix_ms=635.3 first_token_ms=2251.6 generation_ms=22731.9 generated=64 generation_tps=2.815
CHILD index=5 own_instance=1 exit=0 text=46404abc10d87546 role=child prefix_tokens=4081 suffix_tokens=16 model_ms=935.2 context_ms=40.4 state_ms=3.97 prefix_ms=0.0 suffix_ms=160.6 first_token_ms=1413.2 generation_ms=22569.5 generated=64 generation_tps=2.836
CHILD index=6 own_instance=1 exit=0 text=46404abc10d87546 role=child prefix_tokens=4081 suffix_tokens=16 model_ms=1206.2 context_ms=103.6 state_ms=7.13 prefix_ms=0.0 suffix_ms=645.2 first_token_ms=2250.3 generation_ms=22717.9 generated=64 generation_tps=2.817
CHILD index=7 own_instance=1 exit=0 text=46404abc10d87546 role=child prefix_tokens=4081 suffix_tokens=16 model_ms=1186.0 context_ms=119.7 state_ms=3.77 prefix_ms=0.0 suffix_ms=634.7 first_token_ms=2249.7 generation_ms=22733.2 generated=64 generation_tps=2.815
MEMORY mem_available_drop_mib=7572
END_CASE failed=0 timed_out=0
CASE placement=same mode=device_tuned children=8 paragraphs=80 context=8192
PARENT exit=0 text=8e42d861853d43f0 prefix_tokens=4081 prefix_ms=4408.2 publish_ms=7.80 state_bytes=66005 model_ms=590.4 context_ms=21.4 suffix_ms=56.7 generation_ms=13537.6 generated=64 generation_tps=4.728 total_ms=30618.1
CHILD index=0 own_instance=1 exit=0 text=c762b6e82f144cca role=child prefix_tokens=4081 suffix_tokens=16 model_ms=1183.7 context_ms=185.8 state_ms=4.43 prefix_ms=0.0 suffix_ms=582.0 first_token_ms=2256.7 generation_ms=22725.9 generated=64 generation_tps=2.816
CHILD index=1 own_instance=1 exit=0 text=5f0f74be36dfb05d role=child prefix_tokens=4081 suffix_tokens=16 model_ms=1183.2 context_ms=91.8 state_ms=3.33 prefix_ms=0.0 suffix_ms=322.3 first_token_ms=1878.7 generation_ms=22838.7 generated=64 generation_tps=2.802
CHILD index=2 own_instance=1 exit=0 text=45d93d75d8c246b5 role=child prefix_tokens=4081 suffix_tokens=16 model_ms=1198.1 context_ms=184.0 state_ms=4.02 prefix_ms=0.0 suffix_ms=611.0 first_token_ms=2303.6 generation_ms=22690.0 generated=64 generation_tps=2.821
CHILD index=3 own_instance=1 exit=0 text=4a8f18b77dbe0332 role=child prefix_tokens=4081 suffix_tokens=16 model_ms=1220.5 context_ms=161.8 state_ms=6.31 prefix_ms=0.0 suffix_ms=602.0 first_token_ms=2282.9 generation_ms=22694.3 generated=64 generation_tps=2.820
CHILD index=4 own_instance=1 exit=0 text=46404abc10d87546 role=child prefix_tokens=4081 suffix_tokens=16 model_ms=1186.5 context_ms=161.8 state_ms=3.57 prefix_ms=0.0 suffix_ms=592.7 first_token_ms=2245.4 generation_ms=22718.5 generated=64 generation_tps=2.817
CHILD index=5 own_instance=1 exit=0 text=46404abc10d87546 role=child prefix_tokens=4081 suffix_tokens=16 model_ms=1159.6 context_ms=44.3 state_ms=3.15 prefix_ms=0.0 suffix_ms=272.7 first_token_ms=1767.2 generation_ms=22839.4 generated=64 generation_tps=2.802
CHILD index=6 own_instance=1 exit=0 text=46404abc10d87546 role=child prefix_tokens=4081 suffix_tokens=16 model_ms=1148.9 context_ms=155.1 state_ms=5.80 prefix_ms=0.0 suffix_ms=576.1 first_token_ms=2197.6 generation_ms=22742.6 generated=64 generation_tps=2.814
CHILD index=7 own_instance=1 exit=0 text=46404abc10d87546 role=child prefix_tokens=4081 suffix_tokens=16 model_ms=1169.4 context_ms=157.6 state_ms=7.05 prefix_ms=0.0 suffix_ms=579.8 first_token_ms=2209.6 generation_ms=22730.6 generated=64 generation_tps=2.816
MEMORY mem_available_drop_mib=7575
END_CASE failed=0 timed_out=0
CASE placement=same mode=device children=8 paragraphs=80 context=8192
PARENT exit=0 text=8e42d861853d43f0 prefix_tokens=4081 prefix_ms=4415.1 publish_ms=7.12 state_bytes=66005 model_ms=590.3 context_ms=21.4 suffix_ms=57.1 generation_ms=11990.4 generated=64 generation_tps=5.338 total_ms=30703.1
CHILD index=0 own_instance=1 exit=0 text=c762b6e82f144cca role=child prefix_tokens=4081 suffix_tokens=16 model_ms=1205.0 context_ms=288.3 state_ms=251.43 prefix_ms=0.0 suffix_ms=612.9 first_token_ms=2645.4 generation_ms=22391.3 generated=64 generation_tps=2.858
CHILD index=1 own_instance=1 exit=0 text=5f0f74be36dfb05d role=child prefix_tokens=4081 suffix_tokens=16 model_ms=1174.8 context_ms=225.5 state_ms=105.50 prefix_ms=0.0 suffix_ms=336.3 first_token_ms=2122.9 generation_ms=22575.6 generated=64 generation_tps=2.835
CHILD index=2 own_instance=1 exit=0 text=45d93d75d8c246b5 role=child prefix_tokens=4081 suffix_tokens=16 model_ms=1197.1 context_ms=277.4 state_ms=231.30 prefix_ms=0.0 suffix_ms=593.7 first_token_ms=2595.8 generation_ms=22451.2 generated=64 generation_tps=2.851
CHILD index=3 own_instance=1 exit=0 text=4a8f18b77dbe0332 role=child prefix_tokens=4081 suffix_tokens=16 model_ms=1126.5 context_ms=226.7 state_ms=105.82 prefix_ms=0.0 suffix_ms=343.5 first_token_ms=2111.3 generation_ms=22579.0 generated=64 generation_tps=2.834
CHILD index=4 own_instance=1 exit=0 text=46404abc10d87546 role=child prefix_tokens=4081 suffix_tokens=16 model_ms=1192.6 context_ms=287.3 state_ms=272.96 prefix_ms=0.0 suffix_ms=583.3 first_token_ms=2644.9 generation_ms=22432.7 generated=64 generation_tps=2.853
CHILD index=5 own_instance=1 exit=0 text=46404abc10d87546 role=child prefix_tokens=4081 suffix_tokens=16 model_ms=1129.8 context_ms=210.8 state_ms=109.49 prefix_ms=0.0 suffix_ms=365.4 first_token_ms=2117.5 generation_ms=22590.8 generated=64 generation_tps=2.833
CHILD index=6 own_instance=1 exit=0 text=46404abc10d87546 role=child prefix_tokens=4081 suffix_tokens=16 model_ms=1210.8 context_ms=273.0 state_ms=244.65 prefix_ms=0.0 suffix_ms=615.6 first_token_ms=2637.1 generation_ms=22435.1 generated=64 generation_tps=2.853
CHILD index=7 own_instance=1 exit=0 text=46404abc10d87546 role=child prefix_tokens=4081 suffix_tokens=16 model_ms=1197.7 context_ms=292.6 state_ms=250.81 prefix_ms=0.0 suffix_ms=602.5 first_token_ms=2632.8 generation_ms=22433.0 generated=64 generation_tps=2.853
MEMORY mem_available_drop_mib=7545
END_CASE failed=0 timed_out=0
CASE placement=same mode=demand children=8 paragraphs=80 context=8192
PARENT exit=0 text=8e42d861853d43f0 prefix_tokens=4081 prefix_ms=4400.1 publish_ms=232.94 state_bytes=234086869 model_ms=594.9 context_ms=21.7 suffix_ms=57.2 generation_ms=12648.0 generated=64 generation_tps=5.060 total_ms=30840.8
CHILD index=0 own_instance=1 exit=0 text=c762b6e82f144cca role=child prefix_tokens=4081 suffix_tokens=16 model_ms=1139.8 context_ms=20.5 state_ms=181.09 prefix_ms=0.0 suffix_ms=382.7 first_token_ms=2021.8 generation_ms=22720.0 generated=64 generation_tps=2.817
CHILD index=1 own_instance=1 exit=0 text=5f0f74be36dfb05d role=child prefix_tokens=4081 suffix_tokens=16 model_ms=1212.6 context_ms=26.1 state_ms=211.70 prefix_ms=0.0 suffix_ms=608.8 first_token_ms=2341.1 generation_ms=22622.7 generated=64 generation_tps=2.829
CHILD index=2 own_instance=1 exit=0 text=45d93d75d8c246b5 role=child prefix_tokens=4081 suffix_tokens=16 model_ms=1211.9 context_ms=22.6 state_ms=207.75 prefix_ms=0.0 suffix_ms=631.7 first_token_ms=2376.3 generation_ms=22618.9 generated=64 generation_tps=2.829
CHILD index=3 own_instance=1 exit=0 text=4a8f18b77dbe0332 role=child prefix_tokens=4081 suffix_tokens=16 model_ms=1163.0 context_ms=21.0 state_ms=197.36 prefix_ms=0.0 suffix_ms=464.4 first_token_ms=2138.3 generation_ms=22681.5 generated=64 generation_tps=2.822
CHILD index=4 own_instance=1 exit=0 text=46404abc10d87546 role=child prefix_tokens=4081 suffix_tokens=16 model_ms=1221.2 context_ms=22.1 state_ms=197.57 prefix_ms=0.0 suffix_ms=621.2 first_token_ms=2365.4 generation_ms=22628.9 generated=64 generation_tps=2.828
CHILD index=5 own_instance=1 exit=0 text=46404abc10d87546 role=child prefix_tokens=4081 suffix_tokens=16 model_ms=1177.2 context_ms=22.5 state_ms=202.39 prefix_ms=0.0 suffix_ms=472.4 first_token_ms=2168.5 generation_ms=22677.7 generated=64 generation_tps=2.822
CHILD index=6 own_instance=1 exit=0 text=46404abc10d87546 role=child prefix_tokens=4081 suffix_tokens=16 model_ms=1221.0 context_ms=22.9 state_ms=211.68 prefix_ms=0.0 suffix_ms=629.3 first_token_ms=2370.5 generation_ms=22623.3 generated=64 generation_tps=2.829
CHILD index=7 own_instance=1 exit=0 text=46404abc10d87546 role=child prefix_tokens=4081 suffix_tokens=16 model_ms=1204.9 context_ms=25.0 state_ms=211.48 prefix_ms=0.0 suffix_ms=598.9 first_token_ms=2330.9 generation_ms=22645.0 generated=64 generation_tps=2.826
MEMORY mem_available_drop_mib=8465
END_CASE failed=0 timed_out=0
CASE placement=same mode=copy children=8 paragraphs=80 context=8192
PARENT exit=0 text=8e42d861853d43f0 prefix_tokens=4081 prefix_ms=4380.7 publish_ms=234.17 state_bytes=234086869 model_ms=585.9 context_ms=27.6 suffix_ms=56.6 generation_ms=12730.1 generated=64 generation_tps=5.027 total_ms=30672.0
CHILD index=0 own_instance=1 exit=0 text=c762b6e82f144cca role=child prefix_tokens=4081 suffix_tokens=16 model_ms=1145.3 context_ms=61.6 state_ms=236.14 prefix_ms=0.0 suffix_ms=582.0 first_token_ms=2309.4 generation_ms=22578.6 generated=64 generation_tps=2.835
CHILD index=1 own_instance=1 exit=0 text=5f0f74be36dfb05d role=child prefix_tokens=4081 suffix_tokens=16 model_ms=960.4 context_ms=30.9 state_ms=130.63 prefix_ms=0.0 suffix_ms=222.7 first_token_ms=1557.5 generation_ms=22304.2 generated=64 generation_tps=2.869
CHILD index=2 own_instance=1 exit=0 text=45d93d75d8c246b5 role=child prefix_tokens=4081 suffix_tokens=16 model_ms=1135.2 context_ms=53.7 state_ms=239.94 prefix_ms=0.0 suffix_ms=601.7 first_token_ms=2324.0 generation_ms=22570.9 generated=64 generation_tps=2.836
CHILD index=3 own_instance=1 exit=0 text=4a8f18b77dbe0332 role=child prefix_tokens=4081 suffix_tokens=16 model_ms=1166.9 context_ms=40.2 state_ms=236.88 prefix_ms=0.0 suffix_ms=575.7 first_token_ms=2281.5 generation_ms=22579.7 generated=64 generation_tps=2.834
CHILD index=4 own_instance=1 exit=0 text=46404abc10d87546 role=child prefix_tokens=4081 suffix_tokens=16 model_ms=1154.5 context_ms=48.3 state_ms=251.80 prefix_ms=0.0 suffix_ms=595.3 first_token_ms=2348.8 generation_ms=22549.9 generated=64 generation_tps=2.838
CHILD index=5 own_instance=1 exit=0 text=46404abc10d87546 role=child prefix_tokens=4081 suffix_tokens=16 model_ms=1072.9 context_ms=31.4 state_ms=272.89 prefix_ms=0.0 suffix_ms=497.3 first_token_ms=2161.6 generation_ms=22579.5 generated=64 generation_tps=2.834
CHILD index=6 own_instance=1 exit=0 text=46404abc10d87546 role=child prefix_tokens=4081 suffix_tokens=16 model_ms=1160.4 context_ms=40.7 state_ms=240.94 prefix_ms=0.0 suffix_ms=590.8 first_token_ms=2321.7 generation_ms=22571.3 generated=64 generation_tps=2.835
CHILD index=7 own_instance=1 exit=0 text=46404abc10d87546 role=child prefix_tokens=4081 suffix_tokens=16 model_ms=1106.7 context_ms=34.6 state_ms=257.98 prefix_ms=0.0 suffix_ms=520.5 first_token_ms=2213.3 generation_ms=22543.8 generated=64 generation_tps=2.839
MEMORY mem_available_drop_mib=9171
END_CASE failed=0 timed_out=0
END_KVMECH
