BEGIN_KVTREE run=1 paragraphs=320 group_paragraphs=40 context=32768
REFERENCE index=0 own_instance_path=1 text=9e14e9e05c98f3f0
REFERENCE index=1 own_instance_path=0 text=df60c6dfd2bbef82
REFERENCE index=2 own_instance_path=1 text=a4a8a897200a1a72
REFERENCE index=3 own_instance_path=0 text=132bff72234434ae
REFERENCE index=4 own_instance_path=0 text=fcebe86c03ff34d3
REFERENCE index=5 own_instance_path=0 text=8d28223f6de3b123
REFERENCE index=6 own_instance_path=0 text=7a05fb1ed84f6258
REFERENCE index=7 own_instance_path=0 text=32946f2da09152f6
CASE mode=copy groups=2 leaves=4
ROOT exit=0 text=18e44990b9a3ac26 tokens=16321 publish_ms=560.25 state_bytes=936173269 generation_tps=4.184
LEADER group=0 mig=fafc828a exit=0 text=acd613c4a2e08cd5 tokens=17794 context_ms=67.0 load_ms=171.05 publish_ms=634.86 state_bytes=1020664549 generation_tps=4.212
LEADER group=1 mig=31ffbfe4 exit=0 text=1cb5a4c4e389dcfb tokens=17794 context_ms=76.0 load_ms=245.80 publish_ms=564.91 state_bytes=1020664549 generation_tps=3.641
LEAF index=0 group=0 mig=fafc828a exit=0 text=9e14e9e05c98f3f0 context_ms=176.5 load_ms=498.50 decode_ms=418.9 first_token_ms=2732.3 generation_tps=3.796 token_ids=576:1467:16555:279:7525:315:279:28809:323:279:10001:304:2033:311:264:2150:14527:13:576:28809:31995:264:1598:7177:369:1817:17654:323:10797:9079:1948:48094:3118:389:2795:43363:11:1393:279:10001:5574:973:264:4034:11:40587:432:11:323:8837:279:2150:1965:1573:592:29489:279:3383:13:220:16:13:576:1467
LEAF index=1 group=0 mig=31ffbfe4 exit=0 text=df60c6dfd2bbef82 context_ms=196.4 load_ms=528.17 decode_ms=569.8 first_token_ms=2885.9 generation_tps=2.938 token_ids=576:1467:16555:279:7525:315:279:28809:323:279:10001:304:2033:311:264:2150:14527:13:576:28809:31995:264:1598:7177:369:1817:17654:323:10797:9079:1948:48094:3118:389:2795:43363:13:3197:264:2150:14527:13666:11:279:10001:1329:973:279:12731:11:5574:973:264:4034:11:40587:432:11:323:8837:279:2150:1965:1573
LEAF index=2 group=0 mig=fafc828a exit=0 text=a4a8a897200a1a72 context_ms=171.2 load_ms=549.81 decode_ms=409.2 first_token_ms=2718.6 generation_tps=3.790 token_ids=576:1467:16555:279:7525:315:279:28809:323:279:10001:304:2033:311:264:2150:14527:13:576:28809:31995:264:1598:7177:369:1817:17654:323:10797:9079:1948:48094:3118:389:2795:43363:13:3197:264:2150:14527:13666:11:279:10001:1329:973:279:2150:12731:11:5574:973:264:4034:11:40587:432:448:821:11:323:8837:279
LEAF index=3 group=0 mig=31ffbfe4 exit=0 text=a4a8a897200a1a72 context_ms=82.8 load_ms=359.81 decode_ms=350.5 first_token_ms=2279.5 generation_tps=2.906 token_ids=576:1467:16555:279:7525:315:279:28809:323:279:10001:304:2033:311:264:2150:14527:13:576:28809:31995:264:1598:7177:369:1817:17654:323:10797:9079:1948:48094:3118:389:2795:43363:13:3197:264:2150:14527:13666:11:279:10001:1329:973:279:2150:12731:11:5574:973:264:4034:11:40587:432:448:821:11:323:8837:279
LEAF index=4 group=1 mig=31ffbfe4 exit=0 text=6fcd5b33e219e31a context_ms=228.7 load_ms=551.46 decode_ms=612.6 first_token_ms=3028.8 generation_tps=2.950 token_ids=576:1467:34334:279:28809:323:10001:7525:11:7945:21080:389:1246:279:28809:28872:9079:3941:5248:36586:323:1246:264:2150:14527:374:17608:13:3197:264:2150:14527:13666:11:279:10001:1329:973:279:12731:11:5574:973:264:4034:11:40587:432:11:323:8837:279:2150:1965:1573:592:29489:279:3383:13:576:28809:31995:264
LEAF index=5 group=1 mig=fafc828a exit=0 text=e4766354bc4d1795 context_ms=212.3 load_ms=573.68 decode_ms=513.6 first_token_ms=2934.0 generation_tps=3.816 token_ids=576:1467:34334:279:28809:323:10001:7525:11:7945:21080:389:1246:279:28809:28872:9079:3941:5248:36586:323:1246:264:2150:14527:374:17608:13:576:28809:31995:264:1598:7177:369:1817:17654:323:8702:2095:9079:3118:389:2795:43363:13:3197:264:2150:14527:13666:11:279:10001:1329:973:279:8311:4938:12731:11:5574:973:264
LEAF index=6 group=1 mig=31ffbfe4 exit=0 text=7a05fb1ed84f6258 context_ms=176.4 load_ms=373.75 decode_ms=518.1 first_token_ms=2697.0 generation_tps=2.922 token_ids=576:1467:34334:279:28809:323:10001:7525:11:7945:21080:389:1246:279:28809:28872:9079:323:279:10001:13469:2150:56690:13:576:28809:31995:264:1598:7177:369:1817:17654:323:8702:2095:9079:311:8172:279:2795:13:3197:264:2150:14527:13666:11:279:10001:1329:973:279:2150:11:5574:973:264:4034:11:40587:432:11:323
LEAF index=7 group=1 mig=fafc828a exit=0 text=32946f2da09152f6 context_ms=199.5 load_ms=587.48 decode_ms=513.0 first_token_ms=2934.6 generation_tps=3.816 token_ids=576:1467:34334:279:28809:323:10001:7525:11:7945:21080:389:1246:279:28809:28872:9079:323:279:10001:13469:2150:56690:13:576:28809:31995:264:1598:7177:369:1817:17654:323:8702:2095:9079:311:8172:279:2795:13:3197:264:2150:14527:13666:11:279:10001:1329:973:279:2150:12731:11:5574:973:264:4034:11:40587:432:11
MEMORY tree_drop_mib=27944 files_attached_mib=0 files_removed=0 files_end_mib=0
END_CASE failed=0 timed_out=0 wall_ms=51703
CASE mode=flat groups=2 leaves=4
ROOT exit=0 text=18e44990b9a3ac26 tokens=16321 publish_ms=11.61 state_bytes=261845 generation_tps=3.466
LEADER group=0 mig=fafc828a exit=0 text=acd613c4a2e08cd5 tokens=16321 context_ms=35.9 load_ms=7.34 publish_ms= state_bytes= generation_tps=3.647
LEADER group=1 mig=31ffbfe4 exit=0 text=1cb5a4c4e389dcfb tokens=16321 context_ms=35.4 load_ms=7.14 publish_ms= state_bytes= generation_tps=2.547
LEAF index=0 group=0 mig=fafc828a exit=0 text=9e14e9e05c98f3f0 context_ms=35.8 load_ms=7.57 decode_ms=14373.2 first_token_ms=15467.5 generation_tps=3.982 token_ids=576:1467:16555:279:7525:315:279:28809:323:279:10001:304:2033:311:264:2150:14527:13:576:28809:31995:264:1598:7177:369:1817:17654:323:10797:9079:1948:48094:3118:389:2795:43363:11:1393:279:10001:5574:973:264:4034:11:40587:432:11:323:8837:279:2150:1965:1573:592:29489:279:3383:13:220:16:13:576:1467
LEAF index=1 group=0 mig=31ffbfe4 exit=0 text=df60c6dfd2bbef82 context_ms=36.1 load_ms=7.35 decode_ms=20141.3 first_token_ms=21508.7 generation_tps=2.822 token_ids=576:1467:16555:279:7525:315:279:28809:323:279:10001:304:2033:311:264:2150:14527:13:576:28809:31995:264:1598:7177:369:1817:17654:323:10797:9079:1948:48094:3118:389:2795:43363:13:3197:264:2150:14527:13666:11:279:10001:1329:973:279:12731:11:5574:973:264:4034:11:40587:432:11:323:8837:279:2150:1965:1573
LEAF index=2 group=0 mig=fafc828a exit=0 text=a4a8a897200a1a72 context_ms=39.5 load_ms=7.67 decode_ms=14903.0 first_token_ms=16413.1 generation_tps=4.105 token_ids=576:1467:16555:279:7525:315:279:28809:323:279:10001:304:2033:311:264:2150:14527:13:576:28809:31995:264:1598:7177:369:1817:17654:323:10797:9079:1948:48094:3118:389:2795:43363:13:3197:264:2150:14527:13666:11:279:10001:1329:973:279:2150:12731:11:5574:973:264:4034:11:40587:432:448:821:11:323:8837:279
LEAF index=3 group=0 mig=31ffbfe4 exit=0 text=a4a8a897200a1a72 context_ms=50.5 load_ms=7.36 decode_ms=20358.7 first_token_ms=21887.0 generation_tps=2.852 token_ids=576:1467:16555:279:7525:315:279:28809:323:279:10001:304:2033:311:264:2150:14527:13:576:28809:31995:264:1598:7177:369:1817:17654:323:10797:9079:1948:48094:3118:389:2795:43363:13:3197:264:2150:14527:13666:11:279:10001:1329:973:279:2150:12731:11:5574:973:264:4034:11:40587:432:448:821:11:323:8837:279
LEAF index=4 group=1 mig=31ffbfe4 exit=0 text=6fcd5b33e219e31a context_ms=35.5 load_ms=7.37 decode_ms=20259.8 first_token_ms=21659.6 generation_tps=2.833 token_ids=576:1467:34334:279:28809:323:10001:7525:11:7945:21080:389:1246:279:28809:28872:9079:3941:5248:36586:323:1246:264:2150:14527:374:17608:13:3197:264:2150:14527:13666:11:279:10001:1329:973:279:12731:11:5574:973:264:4034:11:40587:432:11:323:8837:279:2150:1965:1573:592:29489:279:3383:13:576:28809:31995:264
LEAF index=5 group=1 mig=fafc828a exit=0 text=8d28223f6de3b123 context_ms=47.6 load_ms=7.40 decode_ms=14867.8 first_token_ms=16383.7 generation_tps=4.101 token_ids=576:1467:34334:279:28809:323:10001:7525:11:7945:21080:389:1246:279:28809:28872:9079:3941:5248:36586:323:1246:264:2150:14527:374:17608:13:576:28809:31995:264:1598:7177:369:1817:17654:323:8702:2095:9079:311:8172:279:2795:13:3197:264:2150:14527:13666:11:279:10001:1329:973:279:2150:11:5574:973:264:4034:11
LEAF index=6 group=1 mig=31ffbfe4 exit=0 text=7a05fb1ed84f6258 context_ms=35.0 load_ms=7.28 decode_ms=20319.4 first_token_ms=21764.6 generation_tps=2.842 token_ids=576:1467:34334:279:28809:323:10001:7525:11:7945:21080:389:1246:279:28809:28872:9079:323:279:10001:13469:2150:56690:13:576:28809:31995:264:1598:7177:369:1817:17654:323:8702:2095:9079:311:8172:279:2795:13:3197:264:2150:14527:13666:11:279:10001:1329:973:279:2150:11:5574:973:264:4034:11:40587:432:11:323
LEAF index=7 group=1 mig=fafc828a exit=0 text=32946f2da09152f6 context_ms=47.0 load_ms=7.29 decode_ms=14882.9 first_token_ms=16388.8 generation_tps=4.108 token_ids=576:1467:34334:279:28809:323:10001:7525:11:7945:21080:389:1246:279:28809:28872:9079:323:279:10001:13469:2150:56690:13:576:28809:31995:264:1598:7177:369:1817:17654:323:8702:2095:9079:311:8172:279:2795:13:3197:264:2150:14527:13666:11:279:10001:1329:973:279:2150:12731:11:5574:973:264:4034:11:40587:432:11
MEMORY tree_drop_mib=9814 files_attached_mib=896 files_removed=1 files_end_mib=0
END_CASE failed=0 timed_out=0 wall_ms=66663
CASE mode=chain groups=2 leaves=4
ROOT exit=0 text=18e44990b9a3ac26 tokens=16321 publish_ms=11.48 state_bytes=261845 generation_tps=4.009
LEADER group=0 mig=fafc828a exit=0 text=acd613c4a2e08cd5 tokens=17794 context_ms=37.4 load_ms=7.29 publish_ms=8.15 state_bytes=285413 generation_tps=3.961
LEADER group=1 mig=31ffbfe4 exit=0 text=1cb5a4c4e389dcfb tokens=17794 context_ms=38.8 load_ms=7.33 publish_ms=9.88 state_bytes=285413 generation_tps=3.361
LEAF index=0 group=0 mig=fafc828a exit=0 text=9e14e9e05c98f3f0 context_ms=54.8 load_ms=7.97 decode_ms=497.1 first_token_ms=2193.9 generation_tps=3.693 token_ids=576:1467:16555:279:7525:315:279:28809:323:279:10001:304:2033:311:264:2150:14527:13:576:28809:31995:264:1598:7177:369:1817:17654:323:10797:9079:1948:48094:3118:389:2795:43363:11:1393:279:10001:5574:973:264:4034:11:40587:432:11:323:8837:279:2150:1965:1573:592:29489:279:3383:13:220:16:13:576:1467
LEAF index=1 group=0 mig=31ffbfe4 exit=0 text=df60c6dfd2bbef82 context_ms=38.6 load_ms=8.33 decode_ms=267.0 first_token_ms=1742.0 generation_tps=2.776 token_ids=576:1467:16555:279:7525:315:279:28809:323:279:10001:304:2033:311:264:2150:14527:13:576:28809:31995:264:1598:7177:369:1817:17654:323:10797:9079:1948:48094:3118:389:2795:43363:13:3197:264:2150:14527:13666:11:279:10001:1329:973:279:12731:11:5574:973:264:4034:11:40587:432:11:323:8837:279:2150:1965:1573
LEAF index=2 group=0 mig=fafc828a exit=0 text=a4a8a897200a1a72 context_ms=51.0 load_ms=8.12 decode_ms=462.0 first_token_ms=2137.0 generation_tps=3.683 token_ids=576:1467:16555:279:7525:315:279:28809:323:279:10001:304:2033:311:264:2150:14527:13:576:28809:31995:264:1598:7177:369:1817:17654:323:10797:9079:1948:48094:3118:389:2795:43363:13:3197:264:2150:14527:13666:11:279:10001:1329:973:279:2150:12731:11:5574:973:264:4034:11:40587:432:448:821:11:323:8837:279
LEAF index=3 group=0 mig=31ffbfe4 exit=0 text=a4a8a897200a1a72 context_ms=57.3 load_ms=8.89 decode_ms=553.1 first_token_ms=2242.0 generation_tps=2.794 token_ids=576:1467:16555:279:7525:315:279:28809:323:279:10001:304:2033:311:264:2150:14527:13:576:28809:31995:264:1598:7177:369:1817:17654:323:10797:9079:1948:48094:3118:389:2795:43363:13:3197:264:2150:14527:13666:11:279:10001:1329:973:279:2150:12731:11:5574:973:264:4034:11:40587:432:448:821:11:323:8837:279
LEAF index=4 group=1 mig=31ffbfe4 exit=0 text=6fcd5b33e219e31a context_ms=60.7 load_ms=8.09 decode_ms=572.4 first_token_ms=2258.2 generation_tps=2.795 token_ids=576:1467:34334:279:28809:323:10001:7525:11:7945:21080:389:1246:279:28809:28872:9079:3941:5248:36586:323:1246:264:2150:14527:374:17608:13:3197:264:2150:14527:13666:11:279:10001:1329:973:279:12731:11:5574:973:264:4034:11:40587:432:11:323:8837:279:2150:1965:1573:592:29489:279:3383:13:576:28809:31995:264
LEAF index=5 group=1 mig=fafc828a exit=0 text=e4766354bc4d1795 context_ms=50.7 load_ms=8.15 decode_ms=484.9 first_token_ms=2174.7 generation_tps=3.686 token_ids=576:1467:34334:279:28809:323:10001:7525:11:7945:21080:389:1246:279:28809:28872:9079:3941:5248:36586:323:1246:264:2150:14527:374:17608:13:576:28809:31995:264:1598:7177:369:1817:17654:323:8702:2095:9079:3118:389:2795:43363:13:3197:264:2150:14527:13666:11:279:10001:1329:973:279:8311:4938:12731:11:5574:973:264
LEAF index=6 group=1 mig=31ffbfe4 exit=0 text=7a05fb1ed84f6258 context_ms=48.8 load_ms=8.43 decode_ms=552.5 first_token_ms=2210.1 generation_tps=2.795 token_ids=576:1467:34334:279:28809:323:10001:7525:11:7945:21080:389:1246:279:28809:28872:9079:323:279:10001:13469:2150:56690:13:576:28809:31995:264:1598:7177:369:1817:17654:323:8702:2095:9079:311:8172:279:2795:13:3197:264:2150:14527:13666:11:279:10001:1329:973:279:2150:11:5574:973:264:4034:11:40587:432:11:323
LEAF index=7 group=1 mig=fafc828a exit=0 text=32946f2da09152f6 context_ms=37.2 load_ms=8.02 decode_ms=340.4 first_token_ms=1901.0 generation_tps=3.661 token_ids=576:1467:34334:279:28809:323:10001:7525:11:7945:21080:389:1246:279:28809:28872:9079:323:279:10001:13469:2150:56690:13:576:28809:31995:264:1598:7177:369:1817:17654:323:8702:2095:9079:311:8172:279:2795:13:3197:264:2150:14527:13666:11:279:10001:1329:973:279:2150:12731:11:5574:973:264:4034:11:40587:432:11
MEMORY tree_drop_mib=9487 files_attached_mib=1344 files_removed=1 files_end_mib=0
END_CASE failed=0 timed_out=0 wall_ms=51041
CASE mode=chain_small groups=2 leaves=4
ROOT exit=0 text=18e44990b9a3ac26 tokens=16321 publish_ms=11.43 state_bytes=261845 generation_tps=3.967
LEADER group=0 mig=fafc828a exit=0 text=acd613c4a2e08cd5 tokens=17794 context_ms=40.5 load_ms=7.37 publish_ms=13.87 state_bytes=285413 generation_tps=3.951
LEADER group=1 mig=31ffbfe4 exit=0 text=1cb5a4c4e389dcfb tokens=17794 context_ms=40.1 load_ms=7.50 publish_ms=13.28 state_bytes=285413 generation_tps=3.478
LEAF index=0 group=0 mig=fafc828a exit=0 text=9e14e9e05c98f3f0 context_ms=42.3 load_ms=8.35 decode_ms=280.2 first_token_ms=1763.3 generation_tps=3.640 token_ids=576:1467:16555:279:7525:315:279:28809:323:279:10001:304:2033:311:264:2150:14527:13:576:28809:31995:264:1598:7177:369:1817:17654:323:10797:9079:1948:48094:3118:389:2795:43363:11:1393:279:10001:5574:973:264:4034:11:40587:432:11:323:8837:279:2150:1965:1573:592:29489:279:3383:13:220:16:13:576:1467
LEAF index=1 group=0 mig=31ffbfe4 exit=0 text=df60c6dfd2bbef82 context_ms=50.0 load_ms=8.09 decode_ms=542.2 first_token_ms=2249.6 generation_tps=2.797 token_ids=576:1467:16555:279:7525:315:279:28809:323:279:10001:304:2033:311:264:2150:14527:13:576:28809:31995:264:1598:7177:369:1817:17654:323:10797:9079:1948:48094:3118:389:2795:43363:13:3197:264:2150:14527:13666:11:279:10001:1329:973:279:12731:11:5574:973:264:4034:11:40587:432:11:323:8837:279:2150:1965:1573
LEAF index=2 group=0 mig=fafc828a exit=0 text=a4a8a897200a1a72 context_ms=48.0 load_ms=8.08 decode_ms=483.1 first_token_ms=2197.1 generation_tps=3.673 token_ids=576:1467:16555:279:7525:315:279:28809:323:279:10001:304:2033:311:264:2150:14527:13:576:28809:31995:264:1598:7177:369:1817:17654:323:10797:9079:1948:48094:3118:389:2795:43363:13:3197:264:2150:14527:13666:11:279:10001:1329:973:279:2150:12731:11:5574:973:264:4034:11:40587:432:448:821:11:323:8837:279
LEAF index=3 group=0 mig=31ffbfe4 exit=0 text=a4a8a897200a1a72 context_ms=53.5 load_ms=8.31 decode_ms=542.1 first_token_ms=2217.2 generation_tps=2.796 token_ids=576:1467:16555:279:7525:315:279:28809:323:279:10001:304:2033:311:264:2150:14527:13:576:28809:31995:264:1598:7177:369:1817:17654:323:10797:9079:1948:48094:3118:389:2795:43363:13:3197:264:2150:14527:13666:11:279:10001:1329:973:279:2150:12731:11:5574:973:264:4034:11:40587:432:448:821:11:323:8837:279
LEAF index=4 group=1 mig=31ffbfe4 exit=0 text=6fcd5b33e219e31a context_ms=49.5 load_ms=8.27 decode_ms=567.0 first_token_ms=2275.5 generation_tps=2.800 token_ids=576:1467:34334:279:28809:323:10001:7525:11:7945:21080:389:1246:279:28809:28872:9079:3941:5248:36586:323:1246:264:2150:14527:374:17608:13:3197:264:2150:14527:13666:11:279:10001:1329:973:279:12731:11:5574:973:264:4034:11:40587:432:11:323:8837:279:2150:1965:1573:592:29489:279:3383:13:576:28809:31995:264
LEAF index=5 group=1 mig=fafc828a exit=0 text=e4766354bc4d1795 context_ms=49.7 load_ms=8.26 decode_ms=478.6 first_token_ms=2151.4 generation_tps=3.672 token_ids=576:1467:34334:279:28809:323:10001:7525:11:7945:21080:389:1246:279:28809:28872:9079:3941:5248:36586:323:1246:264:2150:14527:374:17608:13:576:28809:31995:264:1598:7177:369:1817:17654:323:8702:2095:9079:3118:389:2795:43363:13:3197:264:2150:14527:13666:11:279:10001:1329:973:279:8311:4938:12731:11:5574:973:264
LEAF index=6 group=1 mig=31ffbfe4 exit=0 text=7a05fb1ed84f6258 context_ms=45.7 load_ms=7.72 decode_ms=536.7 first_token_ms=2202.7 generation_tps=2.796 token_ids=576:1467:34334:279:28809:323:10001:7525:11:7945:21080:389:1246:279:28809:28872:9079:323:279:10001:13469:2150:56690:13:576:28809:31995:264:1598:7177:369:1817:17654:323:8702:2095:9079:311:8172:279:2795:13:3197:264:2150:14527:13666:11:279:10001:1329:973:279:2150:11:5574:973:264:4034:11:40587:432:11:323
LEAF index=7 group=1 mig=fafc828a exit=0 text=32946f2da09152f6 context_ms=53.3 load_ms=8.28 decode_ms=489.4 first_token_ms=2182.2 generation_tps=3.675 token_ids=576:1467:34334:279:28809:323:10001:7525:11:7945:21080:389:1246:279:28809:28872:9079:323:279:10001:13469:2150:56690:13:576:28809:31995:264:1598:7177:369:1817:17654:323:8702:2095:9079:311:8172:279:2795:13:3197:264:2150:14527:13666:11:279:10001:1329:973:279:2150:12731:11:5574:973:264:4034:11:40587:432:11
MEMORY tree_drop_mib=9243 files_attached_mib=1071 files_removed=1 files_end_mib=0
END_CASE failed=0 timed_out=0 wall_ms=51050
END_KVTREE
BEGIN_KVTREE run=2 paragraphs=320 group_paragraphs=40 context=32768
REFERENCE index=0 own_instance_path=1 text=9e14e9e05c98f3f0
REFERENCE index=1 own_instance_path=0 text=df60c6dfd2bbef82
REFERENCE index=2 own_instance_path=1 text=a4a8a897200a1a72
REFERENCE index=3 own_instance_path=0 text=132bff72234434ae
REFERENCE index=4 own_instance_path=0 text=fcebe86c03ff34d3
REFERENCE index=5 own_instance_path=0 text=8d28223f6de3b123
REFERENCE index=6 own_instance_path=0 text=7a05fb1ed84f6258
REFERENCE index=7 own_instance_path=0 text=32946f2da09152f6
CASE mode=chain_small groups=2 leaves=4
ROOT exit=0 text=18e44990b9a3ac26 tokens=16321 publish_ms=11.60 state_bytes=261845 generation_tps=3.947
LEADER group=0 mig=fafc828a exit=0 text=acd613c4a2e08cd5 tokens=17794 context_ms=35.5 load_ms=7.41 publish_ms=11.46 state_bytes=285413 generation_tps=3.932
LEADER group=1 mig=31ffbfe4 exit=0 text=1cb5a4c4e389dcfb tokens=17794 context_ms=35.0 load_ms=7.55 publish_ms=12.10 state_bytes=285413 generation_tps=3.469
LEAF index=0 group=0 mig=fafc828a exit=0 text=9e14e9e05c98f3f0 context_ms=40.6 load_ms=8.29 decode_ms=311.4 first_token_ms=1742.7 generation_tps=3.627 token_ids=576:1467:16555:279:7525:315:279:28809:323:279:10001:304:2033:311:264:2150:14527:13:576:28809:31995:264:1598:7177:369:1817:17654:323:10797:9079:1948:48094:3118:389:2795:43363:11:1393:279:10001:5574:973:264:4034:11:40587:432:11:323:8837:279:2150:1965:1573:592:29489:279:3383:13:220:16:13:576:1467
LEAF index=1 group=0 mig=31ffbfe4 exit=0 text=df60c6dfd2bbef82 context_ms=47.5 load_ms=8.19 decode_ms=557.0 first_token_ms=2238.1 generation_tps=2.794 token_ids=576:1467:16555:279:7525:315:279:28809:323:279:10001:304:2033:311:264:2150:14527:13:576:28809:31995:264:1598:7177:369:1817:17654:323:10797:9079:1948:48094:3118:389:2795:43363:13:3197:264:2150:14527:13666:11:279:10001:1329:973:279:12731:11:5574:973:264:4034:11:40587:432:11:323:8837:279:2150:1965:1573
LEAF index=2 group=0 mig=fafc828a exit=0 text=a4a8a897200a1a72 context_ms=49.6 load_ms=8.33 decode_ms=507.1 first_token_ms=2213.7 generation_tps=3.674 token_ids=576:1467:16555:279:7525:315:279:28809:323:279:10001:304:2033:311:264:2150:14527:13:576:28809:31995:264:1598:7177:369:1817:17654:323:10797:9079:1948:48094:3118:389:2795:43363:13:3197:264:2150:14527:13666:11:279:10001:1329:973:279:2150:12731:11:5574:973:264:4034:11:40587:432:448:821:11:323:8837:279
LEAF index=3 group=0 mig=31ffbfe4 exit=0 text=a4a8a897200a1a72 context_ms=56.9 load_ms=8.25 decode_ms=558.7 first_token_ms=2236.5 generation_tps=2.795 token_ids=576:1467:16555:279:7525:315:279:28809:323:279:10001:304:2033:311:264:2150:14527:13:576:28809:31995:264:1598:7177:369:1817:17654:323:10797:9079:1948:48094:3118:389:2795:43363:13:3197:264:2150:14527:13666:11:279:10001:1329:973:279:2150:12731:11:5574:973:264:4034:11:40587:432:448:821:11:323:8837:279
LEAF index=4 group=1 mig=31ffbfe4 exit=0 text=6fcd5b33e219e31a context_ms=43.8 load_ms=8.28 decode_ms=534.1 first_token_ms=2193.3 generation_tps=2.800 token_ids=576:1467:34334:279:28809:323:10001:7525:11:7945:21080:389:1246:279:28809:28872:9079:3941:5248:36586:323:1246:264:2150:14527:374:17608:13:3197:264:2150:14527:13666:11:279:10001:1329:973:279:12731:11:5574:973:264:4034:11:40587:432:11:323:8837:279:2150:1965:1573:592:29489:279:3383:13:576:28809:31995:264
LEAF index=5 group=1 mig=fafc828a exit=0 text=e4766354bc4d1795 context_ms=44.0 load_ms=13.57 decode_ms=415.4 first_token_ms=2038.5 generation_tps=3.655 token_ids=576:1467:34334:279:28809:323:10001:7525:11:7945:21080:389:1246:279:28809:28872:9079:3941:5248:36586:323:1246:264:2150:14527:374:17608:13:576:28809:31995:264:1598:7177:369:1817:17654:323:8702:2095:9079:3118:389:2795:43363:13:3197:264:2150:14527:13666:11:279:10001:1329:973:279:8311:4938:12731:11:5574:973:264
LEAF index=6 group=1 mig=31ffbfe4 exit=0 text=7a05fb1ed84f6258 context_ms=52.3 load_ms=8.24 decode_ms=566.1 first_token_ms=2243.7 generation_tps=2.798 token_ids=576:1467:34334:279:28809:323:10001:7525:11:7945:21080:389:1246:279:28809:28872:9079:323:279:10001:13469:2150:56690:13:576:28809:31995:264:1598:7177:369:1817:17654:323:8702:2095:9079:311:8172:279:2795:13:3197:264:2150:14527:13666:11:279:10001:1329:973:279:2150:11:5574:973:264:4034:11:40587:432:11:323
LEAF index=7 group=1 mig=fafc828a exit=0 text=32946f2da09152f6 context_ms=48.9 load_ms=8.13 decode_ms=507.4 first_token_ms=2202.9 generation_tps=3.672 token_ids=576:1467:34334:279:28809:323:10001:7525:11:7945:21080:389:1246:279:28809:28872:9079:323:279:10001:13469:2150:56690:13:576:28809:31995:264:1598:7177:369:1817:17654:323:8702:2095:9079:311:8172:279:2795:13:3197:264:2150:14527:13666:11:279:10001:1329:973:279:2150:12731:11:5574:973:264:4034:11:40587:432:11
MEMORY tree_drop_mib=9198 files_attached_mib=1071 files_removed=1 files_end_mib=0
END_CASE failed=0 timed_out=0 wall_ms=51045
CASE mode=chain groups=2 leaves=4
ROOT exit=0 text=18e44990b9a3ac26 tokens=16321 publish_ms=10.74 state_bytes=261845 generation_tps=4.031
LEADER group=0 mig=fafc828a exit=0 text=acd613c4a2e08cd5 tokens=17794 context_ms=37.6 load_ms=7.30 publish_ms=10.22 state_bytes=285413 generation_tps=3.986
LEADER group=1 mig=31ffbfe4 exit=0 text=1cb5a4c4e389dcfb tokens=17794 context_ms=37.4 load_ms=7.36 publish_ms=9.79 state_bytes=285413 generation_tps=3.434
LEAF index=0 group=0 mig=fafc828a exit=0 text=9e14e9e05c98f3f0 context_ms=39.6 load_ms=8.14 decode_ms=377.1 first_token_ms=1960.4 generation_tps=3.685 token_ids=576:1467:16555:279:7525:315:279:28809:323:279:10001:304:2033:311:264:2150:14527:13:576:28809:31995:264:1598:7177:369:1817:17654:323:10797:9079:1948:48094:3118:389:2795:43363:11:1393:279:10001:5574:973:264:4034:11:40587:432:11:323:8837:279:2150:1965:1573:592:29489:279:3383:13:220:16:13:576:1467
LEAF index=1 group=0 mig=31ffbfe4 exit=0 text=df60c6dfd2bbef82 context_ms=45.4 load_ms=7.91 decode_ms=606.6 first_token_ms=2284.5 generation_tps=2.803 token_ids=576:1467:16555:279:7525:315:279:28809:323:279:10001:304:2033:311:264:2150:14527:13:576:28809:31995:264:1598:7177:369:1817:17654:323:10797:9079:1948:48094:3118:389:2795:43363:13:3197:264:2150:14527:13666:11:279:10001:1329:973:279:12731:11:5574:973:264:4034:11:40587:432:11:323:8837:279:2150:1965:1573
LEAF index=2 group=0 mig=fafc828a exit=0 text=a4a8a897200a1a72 context_ms=42.3 load_ms=8.33 decode_ms=495.5 first_token_ms=2215.7 generation_tps=3.694 token_ids=576:1467:16555:279:7525:315:279:28809:323:279:10001:304:2033:311:264:2150:14527:13:576:28809:31995:264:1598:7177:369:1817:17654:323:10797:9079:1948:48094:3118:389:2795:43363:13:3197:264:2150:14527:13666:11:279:10001:1329:973:279:2150:12731:11:5574:973:264:4034:11:40587:432:448:821:11:323:8837:279
LEAF index=3 group=0 mig=31ffbfe4 exit=0 text=a4a8a897200a1a72 context_ms=40.4 load_ms=8.15 decode_ms=474.5 first_token_ms=2076.3 generation_tps=2.794 token_ids=576:1467:16555:279:7525:315:279:28809:323:279:10001:304:2033:311:264:2150:14527:13:576:28809:31995:264:1598:7177:369:1817:17654:323:10797:9079:1948:48094:3118:389:2795:43363:13:3197:264:2150:14527:13666:11:279:10001:1329:973:279:2150:12731:11:5574:973:264:4034:11:40587:432:448:821:11:323:8837:279
LEAF index=4 group=1 mig=31ffbfe4 exit=0 text=6fcd5b33e219e31a context_ms=38.5 load_ms=8.12 decode_ms=531.3 first_token_ms=2156.4 generation_tps=2.791 token_ids=576:1467:34334:279:28809:323:10001:7525:11:7945:21080:389:1246:279:28809:28872:9079:3941:5248:36586:323:1246:264:2150:14527:374:17608:13:3197:264:2150:14527:13666:11:279:10001:1329:973:279:12731:11:5574:973:264:4034:11:40587:432:11:323:8837:279:2150:1965:1573:592:29489:279:3383:13:576:28809:31995:264
LEAF index=5 group=1 mig=fafc828a exit=0 text=e4766354bc4d1795 context_ms=40.2 load_ms=8.23 decode_ms=498.3 first_token_ms=2206.6 generation_tps=3.696 token_ids=576:1467:34334:279:28809:323:10001:7525:11:7945:21080:389:1246:279:28809:28872:9079:3941:5248:36586:323:1246:264:2150:14527:374:17608:13:576:28809:31995:264:1598:7177:369:1817:17654:323:8702:2095:9079:3118:389:2795:43363:13:3197:264:2150:14527:13666:11:279:10001:1329:973:279:8311:4938:12731:11:5574:973:264
LEAF index=6 group=1 mig=31ffbfe4 exit=0 text=7a05fb1ed84f6258 context_ms=44.2 load_ms=8.09 decode_ms=608.2 first_token_ms=2271.8 generation_tps=2.800 token_ids=576:1467:34334:279:28809:323:10001:7525:11:7945:21080:389:1246:279:28809:28872:9079:323:279:10001:13469:2150:56690:13:576:28809:31995:264:1598:7177:369:1817:17654:323:8702:2095:9079:311:8172:279:2795:13:3197:264:2150:14527:13666:11:279:10001:1329:973:279:2150:11:5574:973:264:4034:11:40587:432:11:323
LEAF index=7 group=1 mig=fafc828a exit=0 text=32946f2da09152f6 context_ms=41.1 load_ms=8.22 decode_ms=438.7 first_token_ms=2082.3 generation_tps=3.690 token_ids=576:1467:34334:279:28809:323:10001:7525:11:7945:21080:389:1246:279:28809:28872:9079:323:279:10001:13469:2150:56690:13:576:28809:31995:264:1598:7177:369:1817:17654:323:8702:2095:9079:311:8172:279:2795:13:3197:264:2150:14527:13666:11:279:10001:1329:973:279:2150:12731:11:5574:973:264:4034:11:40587:432:11
MEMORY tree_drop_mib=9481 files_attached_mib=1344 files_removed=1 files_end_mib=0
END_CASE failed=0 timed_out=0 wall_ms=51077
CASE mode=flat groups=2 leaves=4
ROOT exit=0 text=18e44990b9a3ac26 tokens=16321 publish_ms=9.62 state_bytes=261845 generation_tps=3.531
LEADER group=0 mig=fafc828a exit=0 text=acd613c4a2e08cd5 tokens=16321 context_ms=39.9 load_ms=7.66 publish_ms= state_bytes= generation_tps=3.619
LEADER group=1 mig=31ffbfe4 exit=0 text=1cb5a4c4e389dcfb tokens=16321 context_ms=40.1 load_ms=7.35 publish_ms= state_bytes= generation_tps=2.568
LEAF index=0 group=0 mig=fafc828a exit=0 text=9e14e9e05c98f3f0 context_ms=35.8 load_ms=7.49 decode_ms=14716.0 first_token_ms=16137.8 generation_tps=4.087 token_ids=576:1467:16555:279:7525:315:279:28809:323:279:10001:304:2033:311:264:2150:14527:13:576:28809:31995:264:1598:7177:369:1817:17654:323:10797:9079:1948:48094:3118:389:2795:43363:11:1393:279:10001:5574:973:264:4034:11:40587:432:11:323:8837:279:2150:1965:1573:592:29489:279:3383:13:220:16:13:576:1467
LEAF index=1 group=0 mig=31ffbfe4 exit=0 text=df60c6dfd2bbef82 context_ms=37.6 load_ms=7.37 decode_ms=19855.7 first_token_ms=21014.2 generation_tps=2.798 token_ids=576:1467:16555:279:7525:315:279:28809:323:279:10001:304:2033:311:264:2150:14527:13:576:28809:31995:264:1598:7177:369:1817:17654:323:10797:9079:1948:48094:3118:389:2795:43363:13:3197:264:2150:14527:13666:11:279:10001:1329:973:279:12731:11:5574:973:264:4034:11:40587:432:11:323:8837:279:2150:1965:1573
LEAF index=2 group=0 mig=fafc828a exit=0 text=a4a8a897200a1a72 context_ms=41.1 load_ms=7.47 decode_ms=14808.6 first_token_ms=16320.1 generation_tps=4.106 token_ids=576:1467:16555:279:7525:315:279:28809:323:279:10001:304:2033:311:264:2150:14527:13:576:28809:31995:264:1598:7177:369:1817:17654:323:10797:9079:1948:48094:3118:389:2795:43363:13:3197:264:2150:14527:13666:11:279:10001:1329:973:279:2150:12731:11:5574:973:264:4034:11:40587:432:448:821:11:323:8837:279
LEAF index=3 group=0 mig=31ffbfe4 exit=0 text=a4a8a897200a1a72 context_ms=40.3 load_ms=7.64 decode_ms=20298.4 first_token_ms=21822.1 generation_tps=2.841 token_ids=576:1467:16555:279:7525:315:279:28809:323:279:10001:304:2033:311:264:2150:14527:13:576:28809:31995:264:1598:7177:369:1817:17654:323:10797:9079:1948:48094:3118:389:2795:43363:13:3197:264:2150:14527:13666:11:279:10001:1329:973:279:2150:12731:11:5574:973:264:4034:11:40587:432:448:821:11:323:8837:279
LEAF index=4 group=1 mig=31ffbfe4 exit=0 text=6fcd5b33e219e31a context_ms=41.4 load_ms=7.52 decode_ms=20311.3 first_token_ms=21810.7 generation_tps=2.837 token_ids=576:1467:34334:279:28809:323:10001:7525:11:7945:21080:389:1246:279:28809:28872:9079:3941:5248:36586:323:1246:264:2150:14527:374:17608:13:3197:264:2150:14527:13666:11:279:10001:1329:973:279:12731:11:5574:973:264:4034:11:40587:432:11:323:8837:279:2150:1965:1573:592:29489:279:3383:13:576:28809:31995:264
LEAF index=5 group=1 mig=fafc828a exit=0 text=8d28223f6de3b123 context_ms=45.6 load_ms=7.81 decode_ms=14836.3 first_token_ms=16360.9 generation_tps=4.115 token_ids=576:1467:34334:279:28809:323:10001:7525:11:7945:21080:389:1246:279:28809:28872:9079:3941:5248:36586:323:1246:264:2150:14527:374:17608:13:576:28809:31995:264:1598:7177:369:1817:17654:323:8702:2095:9079:311:8172:279:2795:13:3197:264:2150:14527:13666:11:279:10001:1329:973:279:2150:11:5574:973:264:4034:11
LEAF index=6 group=1 mig=31ffbfe4 exit=0 text=7a05fb1ed84f6258 context_ms=45.2 load_ms=7.65 decode_ms=20301.7 first_token_ms=21811.9 generation_tps=2.839 token_ids=576:1467:34334:279:28809:323:10001:7525:11:7945:21080:389:1246:279:28809:28872:9079:323:279:10001:13469:2150:56690:13:576:28809:31995:264:1598:7177:369:1817:17654:323:8702:2095:9079:311:8172:279:2795:13:3197:264:2150:14527:13666:11:279:10001:1329:973:279:2150:11:5574:973:264:4034:11:40587:432:11:323
LEAF index=7 group=1 mig=fafc828a exit=0 text=32946f2da09152f6 context_ms=43.3 load_ms=7.38 decode_ms=14859.2 first_token_ms=16382.4 generation_tps=4.120 token_ids=576:1467:34334:279:28809:323:10001:7525:11:7945:21080:389:1246:279:28809:28872:9079:323:279:10001:13469:2150:56690:13:576:28809:31995:264:1598:7177:369:1817:17654:323:8702:2095:9079:311:8172:279:2795:13:3197:264:2150:14527:13666:11:279:10001:1329:973:279:2150:12731:11:5574:973:264:4034:11:40587:432:11
MEMORY tree_drop_mib=9852 files_attached_mib=896 files_removed=1 files_end_mib=0
END_CASE failed=0 timed_out=0 wall_ms=66717
CASE mode=copy groups=2 leaves=4
ROOT exit=0 text=18e44990b9a3ac26 tokens=16321 publish_ms=541.53 state_bytes=936173269 generation_tps=4.039
LEADER group=0 mig=fafc828a exit=0 text=acd613c4a2e08cd5 tokens=17794 context_ms=57.2 load_ms=235.38 publish_ms=590.17 state_bytes=1020664549 generation_tps=4.052
LEADER group=1 mig=31ffbfe4 exit=0 text=1cb5a4c4e389dcfb tokens=17794 context_ms=58.6 load_ms=180.95 publish_ms=616.23 state_bytes=1020664549 generation_tps=3.674
LEAF index=0 group=0 mig=fafc828a exit=0 text=9e14e9e05c98f3f0 context_ms=73.3 load_ms=395.82 decode_ms=352.8 first_token_ms=2191.7 generation_tps=3.735 token_ids=576:1467:16555:279:7525:315:279:28809:323:279:10001:304:2033:311:264:2150:14527:13:576:28809:31995:264:1598:7177:369:1817:17654:323:10797:9079:1948:48094:3118:389:2795:43363:11:1393:279:10001:5574:973:264:4034:11:40587:432:11:323:8837:279:2150:1965:1573:592:29489:279:3383:13:220:16:13:576:1467
LEAF index=1 group=0 mig=31ffbfe4 exit=0 text=df60c6dfd2bbef82 context_ms=139.1 load_ms=411.03 decode_ms=526.8 first_token_ms=2655.7 generation_tps=2.902 token_ids=576:1467:16555:279:7525:315:279:28809:323:279:10001:304:2033:311:264:2150:14527:13:576:28809:31995:264:1598:7177:369:1817:17654:323:10797:9079:1948:48094:3118:389:2795:43363:13:3197:264:2150:14527:13666:11:279:10001:1329:973:279:12731:11:5574:973:264:4034:11:40587:432:11:323:8837:279:2150:1965:1573
LEAF index=2 group=0 mig=fafc828a exit=0 text=a4a8a897200a1a72 context_ms=82.5 load_ms=565.35 decode_ms=382.7 first_token_ms=2508.6 generation_tps=3.741 token_ids=576:1467:16555:279:7525:315:279:28809:323:279:10001:304:2033:311:264:2150:14527:13:576:28809:31995:264:1598:7177:369:1817:17654:323:10797:9079:1948:48094:3118:389:2795:43363:13:3197:264:2150:14527:13666:11:279:10001:1329:973:279:2150:12731:11:5574:973:264:4034:11:40587:432:448:821:11:323:8837:279
LEAF index=3 group=0 mig=31ffbfe4 exit=0 text=a4a8a897200a1a72 context_ms=167.8 load_ms=427.19 decode_ms=523.3 first_token_ms=2653.3 generation_tps=2.908 token_ids=576:1467:16555:279:7525:315:279:28809:323:279:10001:304:2033:311:264:2150:14527:13:576:28809:31995:264:1598:7177:369:1817:17654:323:10797:9079:1948:48094:3118:389:2795:43363:13:3197:264:2150:14527:13666:11:279:10001:1329:973:279:2150:12731:11:5574:973:264:4034:11:40587:432:448:821:11:323:8837:279
LEAF index=4 group=1 mig=31ffbfe4 exit=0 text=6fcd5b33e219e31a context_ms=178.1 load_ms=543.12 decode_ms=594.4 first_token_ms=2893.3 generation_tps=2.931 token_ids=576:1467:34334:279:28809:323:10001:7525:11:7945:21080:389:1246:279:28809:28872:9079:3941:5248:36586:323:1246:264:2150:14527:374:17608:13:3197:264:2150:14527:13666:11:279:10001:1329:973:279:12731:11:5574:973:264:4034:11:40587:432:11:323:8837:279:2150:1965:1573:592:29489:279:3383:13:576:28809:31995:264
LEAF index=5 group=1 mig=fafc828a exit=0 text=e4766354bc4d1795 context_ms=160.6 load_ms=531.50 decode_ms=536.1 first_token_ms=2832.2 generation_tps=3.787 token_ids=576:1467:34334:279:28809:323:10001:7525:11:7945:21080:389:1246:279:28809:28872:9079:3941:5248:36586:323:1246:264:2150:14527:374:17608:13:576:28809:31995:264:1598:7177:369:1817:17654:323:8702:2095:9079:3118:389:2795:43363:13:3197:264:2150:14527:13666:11:279:10001:1329:973:279:8311:4938:12731:11:5574:973:264
LEAF index=6 group=1 mig=31ffbfe4 exit=0 text=7a05fb1ed84f6258 context_ms=176.2 load_ms=347.21 decode_ms=557.2 first_token_ms=2653.1 generation_tps=2.907 token_ids=576:1467:34334:279:28809:323:10001:7525:11:7945:21080:389:1246:279:28809:28872:9079:323:279:10001:13469:2150:56690:13:576:28809:31995:264:1598:7177:369:1817:17654:323:8702:2095:9079:311:8172:279:2795:13:3197:264:2150:14527:13666:11:279:10001:1329:973:279:2150:11:5574:973:264:4034:11:40587:432:11:323
LEAF index=7 group=1 mig=fafc828a exit=0 text=32946f2da09152f6 context_ms=186.3 load_ms=509.52 decode_ms=537.2 first_token_ms=2823.8 generation_tps=3.792 token_ids=576:1467:34334:279:28809:323:10001:7525:11:7945:21080:389:1246:279:28809:28872:9079:323:279:10001:13469:2150:56690:13:576:28809:31995:264:1598:7177:369:1817:17654:323:8702:2095:9079:311:8172:279:2795:13:3197:264:2150:14527:13666:11:279:10001:1329:973:279:2150:12731:11:5574:973:264:4034:11:40587:432:11
MEMORY tree_drop_mib=27957 files_attached_mib=0 files_removed=0 files_end_mib=0
END_CASE failed=0 timed_out=0 wall_ms=51619
END_KVTREE
BEGIN_KVTREE run=3 paragraphs=320 group_paragraphs=40 context=32768
REFERENCE index=0 own_instance_path=1 text=9e14e9e05c98f3f0
REFERENCE index=1 own_instance_path=0 text=df60c6dfd2bbef82
REFERENCE index=2 own_instance_path=1 text=a4a8a897200a1a72
REFERENCE index=3 own_instance_path=0 text=132bff72234434ae
REFERENCE index=4 own_instance_path=0 text=fcebe86c03ff34d3
REFERENCE index=5 own_instance_path=0 text=8d28223f6de3b123
REFERENCE index=6 own_instance_path=0 text=7a05fb1ed84f6258
REFERENCE index=7 own_instance_path=0 text=32946f2da09152f6
CASE mode=copy groups=2 leaves=4
ROOT exit=0 text=18e44990b9a3ac26 tokens=16321 publish_ms=558.15 state_bytes=936173269 generation_tps=4.214
LEADER group=0 mig=fafc828a exit=0 text=acd613c4a2e08cd5 tokens=17794 context_ms=55.5 load_ms=175.75 publish_ms=552.68 state_bytes=1020664549 generation_tps=4.203
LEADER group=1 mig=31ffbfe4 exit=0 text=1cb5a4c4e389dcfb tokens=17794 context_ms=61.2 load_ms=246.33 publish_ms=545.94 state_bytes=1020664549 generation_tps=3.565
LEAF index=0 group=0 mig=fafc828a exit=0 text=9e14e9e05c98f3f0 context_ms=179.3 load_ms=535.16 decode_ms=499.8 first_token_ms=2867.3 generation_tps=3.802 token_ids=576:1467:16555:279:7525:315:279:28809:323:279:10001:304:2033:311:264:2150:14527:13:576:28809:31995:264:1598:7177:369:1817:17654:323:10797:9079:1948:48094:3118:389:2795:43363:11:1393:279:10001:5574:973:264:4034:11:40587:432:11:323:8837:279:2150:1965:1573:592:29489:279:3383:13:220:16:13:576:1467
LEAF index=1 group=0 mig=31ffbfe4 exit=0 text=df60c6dfd2bbef82 context_ms=81.5 load_ms=307.68 decode_ms=408.9 first_token_ms=2143.3 generation_tps=2.904 token_ids=576:1467:16555:279:7525:315:279:28809:323:279:10001:304:2033:311:264:2150:14527:13:576:28809:31995:264:1598:7177:369:1817:17654:323:10797:9079:1948:48094:3118:389:2795:43363:13:3197:264:2150:14527:13666:11:279:10001:1329:973:279:12731:11:5574:973:264:4034:11:40587:432:11:323:8837:279:2150:1965:1573
LEAF index=2 group=0 mig=fafc828a exit=0 text=a4a8a897200a1a72 context_ms=177.6 load_ms=535.11 decode_ms=500.3 first_token_ms=2858.7 generation_tps=3.798 token_ids=576:1467:16555:279:7525:315:279:28809:323:279:10001:304:2033:311:264:2150:14527:13:576:28809:31995:264:1598:7177:369:1817:17654:323:10797:9079:1948:48094:3118:389:2795:43363:13:3197:264:2150:14527:13666:11:279:10001:1329:973:279:2150:12731:11:5574:973:264:4034:11:40587:432:448:821:11:323:8837:279
LEAF index=3 group=0 mig=31ffbfe4 exit=0 text=a4a8a897200a1a72 context_ms=143.6 load_ms=601.37 decode_ms=607.1 first_token_ms=2964.6 generation_tps=2.940 token_ids=576:1467:16555:279:7525:315:279:28809:323:279:10001:304:2033:311:264:2150:14527:13:576:28809:31995:264:1598:7177:369:1817:17654:323:10797:9079:1948:48094:3118:389:2795:43363:13:3197:264:2150:14527:13666:11:279:10001:1329:973:279:2150:12731:11:5574:973:264:4034:11:40587:432:448:821:11:323:8837:279
LEAF index=4 group=1 mig=31ffbfe4 exit=0 text=6fcd5b33e219e31a context_ms=169.2 load_ms=558.67 decode_ms=594.4 first_token_ms=2934.2 generation_tps=2.937 token_ids=576:1467:34334:279:28809:323:10001:7525:11:7945:21080:389:1246:279:28809:28872:9079:3941:5248:36586:323:1246:264:2150:14527:374:17608:13:3197:264:2150:14527:13666:11:279:10001:1329:973:279:12731:11:5574:973:264:4034:11:40587:432:11:323:8837:279:2150:1965:1573:592:29489:279:3383:13:576:28809:31995:264
LEAF index=5 group=1 mig=fafc828a exit=0 text=e4766354bc4d1795 context_ms=157.7 load_ms=539.11 decode_ms=503.4 first_token_ms=2837.1 generation_tps=3.795 token_ids=576:1467:34334:279:28809:323:10001:7525:11:7945:21080:389:1246:279:28809:28872:9079:3941:5248:36586:323:1246:264:2150:14527:374:17608:13:576:28809:31995:264:1598:7177:369:1817:17654:323:8702:2095:9079:3118:389:2795:43363:13:3197:264:2150:14527:13666:11:279:10001:1329:973:279:8311:4938:12731:11:5574:973:264
LEAF index=6 group=1 mig=31ffbfe4 exit=0 text=7a05fb1ed84f6258 context_ms=172.2 load_ms=386.89 decode_ms=480.0 first_token_ms=2614.5 generation_tps=2.912 token_ids=576:1467:34334:279:28809:323:10001:7525:11:7945:21080:389:1246:279:28809:28872:9079:323:279:10001:13469:2150:56690:13:576:28809:31995:264:1598:7177:369:1817:17654:323:8702:2095:9079:311:8172:279:2795:13:3197:264:2150:14527:13666:11:279:10001:1329:973:279:2150:11:5574:973:264:4034:11:40587:432:11:323
LEAF index=7 group=1 mig=fafc828a exit=0 text=32946f2da09152f6 context_ms=168.5 load_ms=507.86 decode_ms=487.7 first_token_ms=2812.7 generation_tps=3.797 token_ids=576:1467:34334:279:28809:323:10001:7525:11:7945:21080:389:1246:279:28809:28872:9079:323:279:10001:13469:2150:56690:13:576:28809:31995:264:1598:7177:369:1817:17654:323:8702:2095:9079:311:8172:279:2795:13:3197:264:2150:14527:13666:11:279:10001:1329:973:279:2150:12731:11:5574:973:264:4034:11:40587:432:11
MEMORY tree_drop_mib=27905 files_attached_mib=0 files_removed=0 files_end_mib=0
END_CASE failed=0 timed_out=0 wall_ms=51624
CASE mode=flat groups=2 leaves=4
ROOT exit=0 text=18e44990b9a3ac26 tokens=16321 publish_ms=8.89 state_bytes=261845 generation_tps=3.472
LEADER group=0 mig=fafc828a exit=0 text=acd613c4a2e08cd5 tokens=16321 context_ms=34.8 load_ms=7.29 publish_ms= state_bytes= generation_tps=3.610
LEADER group=1 mig=31ffbfe4 exit=0 text=1cb5a4c4e389dcfb tokens=16321 context_ms=35.5 load_ms=7.28 publish_ms= state_bytes= generation_tps=2.550
LEAF index=0 group=0 mig=fafc828a exit=0 text=9e14e9e05c98f3f0 context_ms=37.0 load_ms=7.41 decode_ms=14330.0 first_token_ms=15460.5 generation_tps=3.997 token_ids=576:1467:16555:279:7525:315:279:28809:323:279:10001:304:2033:311:264:2150:14527:13:576:28809:31995:264:1598:7177:369:1817:17654:323:10797:9079:1948:48094:3118:389:2795:43363:11:1393:279:10001:5574:973:264:4034:11:40587:432:11:323:8837:279:2150:1965:1573:592:29489:279:3383:13:220:16:13:576:1467
LEAF index=1 group=0 mig=31ffbfe4 exit=0 text=df60c6dfd2bbef82 context_ms=35.2 load_ms=6.95 decode_ms=20169.3 first_token_ms=21617.1 generation_tps=2.838 token_ids=576:1467:16555:279:7525:315:279:28809:323:279:10001:304:2033:311:264:2150:14527:13:576:28809:31995:264:1598:7177:369:1817:17654:323:10797:9079:1948:48094:3118:389:2795:43363:13:3197:264:2150:14527:13666:11:279:10001:1329:973:279:12731:11:5574:973:264:4034:11:40587:432:11:323:8837:279:2150:1965:1573
LEAF index=2 group=0 mig=fafc828a exit=0 text=a4a8a897200a1a72 context_ms=40.7 load_ms=7.46 decode_ms=14828.8 first_token_ms=16374.2 generation_tps=4.135 token_ids=576:1467:16555:279:7525:315:279:28809:323:279:10001:304:2033:311:264:2150:14527:13:576:28809:31995:264:1598:7177:369:1817:17654:323:10797:9079:1948:48094:3118:389:2795:43363:13:3197:264:2150:14527:13666:11:279:10001:1329:973:279:2150:12731:11:5574:973:264:4034:11:40587:432:448:821:11:323:8837:279
LEAF index=3 group=0 mig=31ffbfe4 exit=0 text=a4a8a897200a1a72 context_ms=48.6 load_ms=7.42 decode_ms=20325.3 first_token_ms=21828.1 generation_tps=2.846 token_ids=576:1467:16555:279:7525:315:279:28809:323:279:10001:304:2033:311:264:2150:14527:13:576:28809:31995:264:1598:7177:369:1817:17654:323:10797:9079:1948:48094:3118:389:2795:43363:13:3197:264:2150:14527:13666:11:279:10001:1329:973:279:2150:12731:11:5574:973:264:4034:11:40587:432:448:821:11:323:8837:279
LEAF index=4 group=1 mig=31ffbfe4 exit=0 text=6fcd5b33e219e31a context_ms=46.1 load_ms=7.63 decode_ms=20333.8 first_token_ms=21843.6 generation_tps=2.845 token_ids=576:1467:34334:279:28809:323:10001:7525:11:7945:21080:389:1246:279:28809:28872:9079:3941:5248:36586:323:1246:264:2150:14527:374:17608:13:3197:264:2150:14527:13666:11:279:10001:1329:973:279:12731:11:5574:973:264:4034:11:40587:432:11:323:8837:279:2150:1965:1573:592:29489:279:3383:13:576:28809:31995:264
LEAF index=5 group=1 mig=fafc828a exit=0 text=8d28223f6de3b123 context_ms=49.1 load_ms=7.37 decode_ms=14872.0 first_token_ms=16390.2 generation_tps=4.126 token_ids=576:1467:34334:279:28809:323:10001:7525:11:7945:21080:389:1246:279:28809:28872:9079:3941:5248:36586:323:1246:264:2150:14527:374:17608:13:576:28809:31995:264:1598:7177:369:1817:17654:323:8702:2095:9079:311:8172:279:2795:13:3197:264:2150:14527:13666:11:279:10001:1329:973:279:2150:11:5574:973:264:4034:11
LEAF index=6 group=1 mig=31ffbfe4 exit=0 text=7a05fb1ed84f6258 context_ms=44.9 load_ms=7.40 decode_ms=20321.7 first_token_ms=21807.4 generation_tps=2.842 token_ids=576:1467:34334:279:28809:323:10001:7525:11:7945:21080:389:1246:279:28809:28872:9079:323:279:10001:13469:2150:56690:13:576:28809:31995:264:1598:7177:369:1817:17654:323:8702:2095:9079:311:8172:279:2795:13:3197:264:2150:14527:13666:11:279:10001:1329:973:279:2150:11:5574:973:264:4034:11:40587:432:11:323
LEAF index=7 group=1 mig=fafc828a exit=0 text=32946f2da09152f6 context_ms=44.4 load_ms=7.24 decode_ms=14874.0 first_token_ms=16365.5 generation_tps=4.123 token_ids=576:1467:34334:279:28809:323:10001:7525:11:7945:21080:389:1246:279:28809:28872:9079:323:279:10001:13469:2150:56690:13:576:28809:31995:264:1598:7177:369:1817:17654:323:8702:2095:9079:311:8172:279:2795:13:3197:264:2150:14527:13666:11:279:10001:1329:973:279:2150:12731:11:5574:973:264:4034:11:40587:432:11
MEMORY tree_drop_mib=9814 files_attached_mib=896 files_removed=1 files_end_mib=0
END_CASE failed=0 timed_out=0 wall_ms=66691
CASE mode=chain groups=2 leaves=4
ROOT exit=0 text=18e44990b9a3ac26 tokens=16321 publish_ms=11.40 state_bytes=261845 generation_tps=4.086
LEADER group=0 mig=fafc828a exit=0 text=acd613c4a2e08cd5 tokens=17794 context_ms=37.0 load_ms=7.26 publish_ms=10.23 state_bytes=285413 generation_tps=3.997
LEADER group=1 mig=31ffbfe4 exit=0 text=1cb5a4c4e389dcfb tokens=17794 context_ms=38.6 load_ms=7.36 publish_ms=10.11 state_bytes=285413 generation_tps=3.432
LEAF index=0 group=0 mig=fafc828a exit=0 text=9e14e9e05c98f3f0 context_ms=50.4 load_ms=8.51 decode_ms=466.6 first_token_ms=2165.3 generation_tps=3.682 token_ids=576:1467:16555:279:7525:315:279:28809:323:279:10001:304:2033:311:264:2150:14527:13:576:28809:31995:264:1598:7177:369:1817:17654:323:10797:9079:1948:48094:3118:389:2795:43363:11:1393:279:10001:5574:973:264:4034:11:40587:432:11:323:8837:279:2150:1965:1573:592:29489:279:3383:13:220:16:13:576:1467
LEAF index=1 group=0 mig=31ffbfe4 exit=0 text=df60c6dfd2bbef82 context_ms=39.5 load_ms=8.17 decode_ms=459.0 first_token_ms=2071.1 generation_tps=2.795 token_ids=576:1467:16555:279:7525:315:279:28809:323:279:10001:304:2033:311:264:2150:14527:13:576:28809:31995:264:1598:7177:369:1817:17654:323:10797:9079:1948:48094:3118:389:2795:43363:13:3197:264:2150:14527:13666:11:279:10001:1329:973:279:12731:11:5574:973:264:4034:11:40587:432:11:323:8837:279:2150:1965:1573
LEAF index=2 group=0 mig=fafc828a exit=0 text=a4a8a897200a1a72 context_ms=47.9 load_ms=8.38 decode_ms=472.8 first_token_ms=2200.8 generation_tps=3.694 token_ids=576:1467:16555:279:7525:315:279:28809:323:279:10001:304:2033:311:264:2150:14527:13:576:28809:31995:264:1598:7177:369:1817:17654:323:10797:9079:1948:48094:3118:389:2795:43363:13:3197:264:2150:14527:13666:11:279:10001:1329:973:279:2150:12731:11:5574:973:264:4034:11:40587:432:448:821:11:323:8837:279
LEAF index=3 group=0 mig=31ffbfe4 exit=0 text=a4a8a897200a1a72 context_ms=48.2 load_ms=8.44 decode_ms=584.3 first_token_ms=2275.5 generation_tps=2.799 token_ids=576:1467:16555:279:7525:315:279:28809:323:279:10001:304:2033:311:264:2150:14527:13:576:28809:31995:264:1598:7177:369:1817:17654:323:10797:9079:1948:48094:3118:389:2795:43363:13:3197:264:2150:14527:13666:11:279:10001:1329:973:279:2150:12731:11:5574:973:264:4034:11:40587:432:448:821:11:323:8837:279
LEAF index=4 group=1 mig=31ffbfe4 exit=0 text=6fcd5b33e219e31a context_ms=42.2 load_ms=9.11 decode_ms=521.6 first_token_ms=2161.9 generation_tps=2.794 token_ids=576:1467:34334:279:28809:323:10001:7525:11:7945:21080:389:1246:279:28809:28872:9079:3941:5248:36586:323:1246:264:2150:14527:374:17608:13:3197:264:2150:14527:13666:11:279:10001:1329:973:279:12731:11:5574:973:264:4034:11:40587:432:11:323:8837:279:2150:1965:1573:592:29489:279:3383:13:576:28809:31995:264
LEAF index=5 group=1 mig=fafc828a exit=0 text=e4766354bc4d1795 context_ms=58.7 load_ms=8.36 decode_ms=469.7 first_token_ms=2159.7 generation_tps=3.685 token_ids=576:1467:34334:279:28809:323:10001:7525:11:7945:21080:389:1246:279:28809:28872:9079:3941:5248:36586:323:1246:264:2150:14527:374:17608:13:576:28809:31995:264:1598:7177:369:1817:17654:323:8702:2095:9079:3118:389:2795:43363:13:3197:264:2150:14527:13666:11:279:10001:1329:973:279:8311:4938:12731:11:5574:973:264
LEAF index=6 group=1 mig=31ffbfe4 exit=0 text=7a05fb1ed84f6258 context_ms=60.7 load_ms=8.04 decode_ms=589.4 first_token_ms=2282.0 generation_tps=2.800 token_ids=576:1467:34334:279:28809:323:10001:7525:11:7945:21080:389:1246:279:28809:28872:9079:323:279:10001:13469:2150:56690:13:576:28809:31995:264:1598:7177:369:1817:17654:323:8702:2095:9079:311:8172:279:2795:13:3197:264:2150:14527:13666:11:279:10001:1329:973:279:2150:11:5574:973:264:4034:11:40587:432:11:323
LEAF index=7 group=1 mig=fafc828a exit=0 text=32946f2da09152f6 context_ms=48.1 load_ms=8.07 decode_ms=464.7 first_token_ms=2180.7 generation_tps=3.690 token_ids=576:1467:34334:279:28809:323:10001:7525:11:7945:21080:389:1246:279:28809:28872:9079:323:279:10001:13469:2150:56690:13:576:28809:31995:264:1598:7177:369:1817:17654:323:8702:2095:9079:311:8172:279:2795:13:3197:264:2150:14527:13666:11:279:10001:1329:973:279:2150:12731:11:5574:973:264:4034:11:40587:432:11
MEMORY tree_drop_mib=9443 files_attached_mib=1344 files_removed=1 files_end_mib=0
END_CASE failed=0 timed_out=0 wall_ms=51054
CASE mode=chain_small groups=2 leaves=4
ROOT exit=0 text=18e44990b9a3ac26 tokens=16321 publish_ms=8.75 state_bytes=261845 generation_tps=3.954
LEADER group=0 mig=fafc828a exit=0 text=acd613c4a2e08cd5 tokens=17794 context_ms=35.6 load_ms=7.19 publish_ms=11.76 state_bytes=285413 generation_tps=3.899
LEADER group=1 mig=31ffbfe4 exit=0 text=1cb5a4c4e389dcfb tokens=17794 context_ms=38.7 load_ms=7.68 publish_ms=11.77 state_bytes=285413 generation_tps=3.392
LEAF index=0 group=0 mig=fafc828a exit=0 text=9e14e9e05c98f3f0 context_ms=41.0 load_ms=8.05 decode_ms=277.6 first_token_ms=1641.6 generation_tps=3.638 token_ids=576:1467:16555:279:7525:315:279:28809:323:279:10001:304:2033:311:264:2150:14527:13:576:28809:31995:264:1598:7177:369:1817:17654:323:10797:9079:1948:48094:3118:389:2795:43363:11:1393:279:10001:5574:973:264:4034:11:40587:432:11:323:8837:279:2150:1965:1573:592:29489:279:3383:13:220:16:13:576:1467
LEAF index=1 group=0 mig=31ffbfe4 exit=0 text=df60c6dfd2bbef82 context_ms=42.4 load_ms=8.49 decode_ms=552.6 first_token_ms=2161.4 generation_tps=2.793 token_ids=576:1467:16555:279:7525:315:279:28809:323:279:10001:304:2033:311:264:2150:14527:13:576:28809:31995:264:1598:7177:369:1817:17654:323:10797:9079:1948:48094:3118:389:2795:43363:13:3197:264:2150:14527:13666:11:279:10001:1329:973:279:12731:11:5574:973:264:4034:11:40587:432:11:323:8837:279:2150:1965:1573
LEAF index=2 group=0 mig=fafc828a exit=0 text=a4a8a897200a1a72 context_ms=44.9 load_ms=8.31 decode_ms=457.2 first_token_ms=2099.3 generation_tps=3.663 token_ids=576:1467:16555:279:7525:315:279:28809:323:279:10001:304:2033:311:264:2150:14527:13:576:28809:31995:264:1598:7177:369:1817:17654:323:10797:9079:1948:48094:3118:389:2795:43363:13:3197:264:2150:14527:13666:11:279:10001:1329:973:279:2150:12731:11:5574:973:264:4034:11:40587:432:448:821:11:323:8837:279
LEAF index=3 group=0 mig=31ffbfe4 exit=0 text=a4a8a897200a1a72 context_ms=39.4 load_ms=8.07 decode_ms=404.3 first_token_ms=1949.1 generation_tps=2.777 token_ids=576:1467:16555:279:7525:315:279:28809:323:279:10001:304:2033:311:264:2150:14527:13:576:28809:31995:264:1598:7177:369:1817:17654:323:10797:9079:1948:48094:3118:389:2795:43363:13:3197:264:2150:14527:13666:11:279:10001:1329:973:279:2150:12731:11:5574:973:264:4034:11:40587:432:448:821:11:323:8837:279
LEAF index=4 group=1 mig=31ffbfe4 exit=0 text=6fcd5b33e219e31a context_ms=53.3 load_ms=8.35 decode_ms=590.8 first_token_ms=2251.6 generation_tps=2.795 token_ids=576:1467:34334:279:28809:323:10001:7525:11:7945:21080:389:1246:279:28809:28872:9079:3941:5248:36586:323:1246:264:2150:14527:374:17608:13:3197:264:2150:14527:13666:11:279:10001:1329:973:279:12731:11:5574:973:264:4034:11:40587:432:11:323:8837:279:2150:1965:1573:592:29489:279:3383:13:576:28809:31995:264
LEAF index=5 group=1 mig=fafc828a exit=0 text=e4766354bc4d1795 context_ms=49.2 load_ms=8.03 decode_ms=508.6 first_token_ms=2181.0 generation_tps=3.672 token_ids=576:1467:34334:279:28809:323:10001:7525:11:7945:21080:389:1246:279:28809:28872:9079:3941:5248:36586:323:1246:264:2150:14527:374:17608:13:576:28809:31995:264:1598:7177:369:1817:17654:323:8702:2095:9079:3118:389:2795:43363:13:3197:264:2150:14527:13666:11:279:10001:1329:973:279:8311:4938:12731:11:5574:973:264
LEAF index=6 group=1 mig=31ffbfe4 exit=0 text=7a05fb1ed84f6258 context_ms=48.0 load_ms=8.24 decode_ms=591.6 first_token_ms=2228.1 generation_tps=2.793 token_ids=576:1467:34334:279:28809:323:10001:7525:11:7945:21080:389:1246:279:28809:28872:9079:323:279:10001:13469:2150:56690:13:576:28809:31995:264:1598:7177:369:1817:17654:323:8702:2095:9079:311:8172:279:2795:13:3197:264:2150:14527:13666:11:279:10001:1329:973:279:2150:11:5574:973:264:4034:11:40587:432:11:323
LEAF index=7 group=1 mig=fafc828a exit=0 text=32946f2da09152f6 context_ms=49.6 load_ms=8.28 decode_ms=482.7 first_token_ms=2133.3 generation_tps=3.666 token_ids=576:1467:34334:279:28809:323:10001:7525:11:7945:21080:389:1246:279:28809:28872:9079:323:279:10001:13469:2150:56690:13:576:28809:31995:264:1598:7177:369:1817:17654:323:8702:2095:9079:311:8172:279:2795:13:3197:264:2150:14527:13666:11:279:10001:1329:973:279:2150:12731:11:5574:973:264:4034:11:40587:432:11
MEMORY tree_drop_mib=9193 files_attached_mib=1071 files_removed=1 files_end_mib=0
END_CASE failed=0 timed_out=0 wall_ms=51120
END_KVTREE
BEGIN_KVTREE run=4 paragraphs=320 group_paragraphs=40 context=32768
REFERENCE index=0 own_instance_path=1 text=9e14e9e05c98f3f0
REFERENCE index=1 own_instance_path=0 text=df60c6dfd2bbef82
REFERENCE index=2 own_instance_path=1 text=a4a8a897200a1a72
REFERENCE index=3 own_instance_path=0 text=132bff72234434ae
REFERENCE index=4 own_instance_path=0 text=fcebe86c03ff34d3
REFERENCE index=5 own_instance_path=0 text=8d28223f6de3b123
REFERENCE index=6 own_instance_path=0 text=7a05fb1ed84f6258
REFERENCE index=7 own_instance_path=0 text=32946f2da09152f6
CASE mode=chain_small groups=2 leaves=4
ROOT exit=0 text=18e44990b9a3ac26 tokens=16321 publish_ms=9.05 state_bytes=261845 generation_tps=4.012
LEADER group=0 mig=fafc828a exit=0 text=acd613c4a2e08cd5 tokens=17794 context_ms=35.1 load_ms=7.31 publish_ms=13.14 state_bytes=285413 generation_tps=3.970
LEADER group=1 mig=31ffbfe4 exit=0 text=1cb5a4c4e389dcfb tokens=17794 context_ms=35.5 load_ms=7.22 publish_ms=13.73 state_bytes=285413 generation_tps=3.429
LEAF index=0 group=0 mig=fafc828a exit=0 text=9e14e9e05c98f3f0 context_ms=54.4 load_ms=8.17 decode_ms=409.5 first_token_ms=2036.2 generation_tps=3.661 token_ids=576:1467:16555:279:7525:315:279:28809:323:279:10001:304:2033:311:264:2150:14527:13:576:28809:31995:264:1598:7177:369:1817:17654:323:10797:9079:1948:48094:3118:389:2795:43363:11:1393:279:10001:5574:973:264:4034:11:40587:432:11:323:8837:279:2150:1965:1573:592:29489:279:3383:13:220:16:13:576:1467
LEAF index=1 group=0 mig=31ffbfe4 exit=0 text=df60c6dfd2bbef82 context_ms=49.3 load_ms=8.18 decode_ms=500.0 first_token_ms=2112.4 generation_tps=2.797 token_ids=576:1467:16555:279:7525:315:279:28809:323:279:10001:304:2033:311:264:2150:14527:13:576:28809:31995:264:1598:7177:369:1817:17654:323:10797:9079:1948:48094:3118:389:2795:43363:13:3197:264:2150:14527:13666:11:279:10001:1329:973:279:12731:11:5574:973:264:4034:11:40587:432:11:323:8837:279:2150:1965:1573
LEAF index=2 group=0 mig=fafc828a exit=0 text=a4a8a897200a1a72 context_ms=45.9 load_ms=8.38 decode_ms=496.2 first_token_ms=2193.3 generation_tps=3.678 token_ids=576:1467:16555:279:7525:315:279:28809:323:279:10001:304:2033:311:264:2150:14527:13:576:28809:31995:264:1598:7177:369:1817:17654:323:10797:9079:1948:48094:3118:389:2795:43363:13:3197:264:2150:14527:13666:11:279:10001:1329:973:279:2150:12731:11:5574:973:264:4034:11:40587:432:448:821:11:323:8837:279
LEAF index=3 group=0 mig=31ffbfe4 exit=0 text=a4a8a897200a1a72 context_ms=53.0 load_ms=8.28 decode_ms=560.5 first_token_ms=2221.1 generation_tps=2.792 token_ids=576:1467:16555:279:7525:315:279:28809:323:279:10001:304:2033:311:264:2150:14527:13:576:28809:31995:264:1598:7177:369:1817:17654:323:10797:9079:1948:48094:3118:389:2795:43363:13:3197:264:2150:14527:13666:11:279:10001:1329:973:279:2150:12731:11:5574:973:264:4034:11:40587:432:448:821:11:323:8837:279
LEAF index=4 group=1 mig=31ffbfe4 exit=0 text=6fcd5b33e219e31a context_ms=51.7 load_ms=8.13 decode_ms=579.4 first_token_ms=2243.5 generation_tps=2.795 token_ids=576:1467:34334:279:28809:323:10001:7525:11:7945:21080:389:1246:279:28809:28872:9079:3941:5248:36586:323:1246:264:2150:14527:374:17608:13:3197:264:2150:14527:13666:11:279:10001:1329:973:279:12731:11:5574:973:264:4034:11:40587:432:11:323:8837:279:2150:1965:1573:592:29489:279:3383:13:576:28809:31995:264
LEAF index=5 group=1 mig=fafc828a exit=0 text=e4766354bc4d1795 context_ms=57.6 load_ms=8.12 decode_ms=416.4 first_token_ms=2027.3 generation_tps=3.665 token_ids=576:1467:34334:279:28809:323:10001:7525:11:7945:21080:389:1246:279:28809:28872:9079:3941:5248:36586:323:1246:264:2150:14527:374:17608:13:576:28809:31995:264:1598:7177:369:1817:17654:323:8702:2095:9079:3118:389:2795:43363:13:3197:264:2150:14527:13666:11:279:10001:1329:973:279:8311:4938:12731:11:5574:973:264
LEAF index=6 group=1 mig=31ffbfe4 exit=0 text=7a05fb1ed84f6258 context_ms=54.2 load_ms=8.20 decode_ms=550.5 first_token_ms=2205.9 generation_tps=2.791 token_ids=576:1467:34334:279:28809:323:10001:7525:11:7945:21080:389:1246:279:28809:28872:9079:323:279:10001:13469:2150:56690:13:576:28809:31995:264:1598:7177:369:1817:17654:323:8702:2095:9079:311:8172:279:2795:13:3197:264:2150:14527:13666:11:279:10001:1329:973:279:2150:11:5574:973:264:4034:11:40587:432:11:323
LEAF index=7 group=1 mig=fafc828a exit=0 text=32946f2da09152f6 context_ms=42.8 load_ms=8.07 decode_ms=519.7 first_token_ms=2209.3 generation_tps=3.686 token_ids=576:1467:34334:279:28809:323:10001:7525:11:7945:21080:389:1246:279:28809:28872:9079:323:279:10001:13469:2150:56690:13:576:28809:31995:264:1598:7177:369:1817:17654:323:8702:2095:9079:311:8172:279:2795:13:3197:264:2150:14527:13666:11:279:10001:1329:973:279:2150:12731:11:5574:973:264:4034:11:40587:432:11
MEMORY tree_drop_mib=9185 files_attached_mib=1071 files_removed=1 files_end_mib=0
END_CASE failed=0 timed_out=0 wall_ms=51047
CASE mode=chain groups=2 leaves=4
ROOT exit=0 text=18e44990b9a3ac26 tokens=16321 publish_ms=11.75 state_bytes=261845 generation_tps=4.006
LEADER group=0 mig=fafc828a exit=0 text=acd613c4a2e08cd5 tokens=17794 context_ms=37.5 load_ms=7.44 publish_ms=7.47 state_bytes=285413 generation_tps=3.973
LEADER group=1 mig=31ffbfe4 exit=0 text=1cb5a4c4e389dcfb tokens=17794 context_ms=37.8 load_ms=7.46 publish_ms=10.12 state_bytes=285413 generation_tps=3.371
LEAF index=0 group=0 mig=fafc828a exit=0 text=9e14e9e05c98f3f0 context_ms=42.3 load_ms=8.44 decode_ms=505.1 first_token_ms=2194.9 generation_tps=3.685 token_ids=576:1467:16555:279:7525:315:279:28809:323:279:10001:304:2033:311:264:2150:14527:13:576:28809:31995:264:1598:7177:369:1817:17654:323:10797:9079:1948:48094:3118:389:2795:43363:11:1393:279:10001:5574:973:264:4034:11:40587:432:11:323:8837:279:2150:1965:1573:592:29489:279:3383:13:220:16:13:576:1467
LEAF index=1 group=0 mig=31ffbfe4 exit=0 text=df60c6dfd2bbef82 context_ms=39.1 load_ms=8.01 decode_ms=275.0 first_token_ms=1748.2 generation_tps=2.776 token_ids=576:1467:16555:279:7525:315:279:28809:323:279:10001:304:2033:311:264:2150:14527:13:576:28809:31995:264:1598:7177:369:1817:17654:323:10797:9079:1948:48094:3118:389:2795:43363:13:3197:264:2150:14527:13666:11:279:10001:1329:973:279:12731:11:5574:973:264:4034:11:40587:432:11:323:8837:279:2150:1965:1573
LEAF index=2 group=0 mig=fafc828a exit=0 text=a4a8a897200a1a72 context_ms=48.9 load_ms=8.18 decode_ms=500.2 first_token_ms=2194.8 generation_tps=3.686 token_ids=576:1467:16555:279:7525:315:279:28809:323:279:10001:304:2033:311:264:2150:14527:13:576:28809:31995:264:1598:7177:369:1817:17654:323:10797:9079:1948:48094:3118:389:2795:43363:13:3197:264:2150:14527:13666:11:279:10001:1329:973:279:2150:12731:11:5574:973:264:4034:11:40587:432:448:821:11:323:8837:279
LEAF index=3 group=0 mig=31ffbfe4 exit=0 text=a4a8a897200a1a72 context_ms=50.5 load_ms=8.08 decode_ms=565.0 first_token_ms=2260.9 generation_tps=2.795 token_ids=576:1467:16555:279:7525:315:279:28809:323:279:10001:304:2033:311:264:2150:14527:13:576:28809:31995:264:1598:7177:369:1817:17654:323:10797:9079:1948:48094:3118:389:2795:43363:13:3197:264:2150:14527:13666:11:279:10001:1329:973:279:2150:12731:11:5574:973:264:4034:11:40587:432:448:821:11:323:8837:279
LEAF index=4 group=1 mig=31ffbfe4 exit=0 text=6fcd5b33e219e31a context_ms=49.4 load_ms=8.53 decode_ms=568.8 first_token_ms=2239.6 generation_tps=2.794 token_ids=576:1467:34334:279:28809:323:10001:7525:11:7945:21080:389:1246:279:28809:28872:9079:3941:5248:36586:323:1246:264:2150:14527:374:17608:13:3197:264:2150:14527:13666:11:279:10001:1329:973:279:12731:11:5574:973:264:4034:11:40587:432:11:323:8837:279:2150:1965:1573:592:29489:279:3383:13:576:28809:31995:264
LEAF index=5 group=1 mig=fafc828a exit=0 text=e4766354bc4d1795 context_ms=47.0 load_ms=8.05 decode_ms=477.3 first_token_ms=2167.4 generation_tps=3.691 token_ids=576:1467:34334:279:28809:323:10001:7525:11:7945:21080:389:1246:279:28809:28872:9079:3941:5248:36586:323:1246:264:2150:14527:374:17608:13:576:28809:31995:264:1598:7177:369:1817:17654:323:8702:2095:9079:3118:389:2795:43363:13:3197:264:2150:14527:13666:11:279:10001:1329:973:279:8311:4938:12731:11:5574:973:264
LEAF index=6 group=1 mig=31ffbfe4 exit=0 text=7a05fb1ed84f6258 context_ms=46.0 load_ms=8.31 decode_ms=572.7 first_token_ms=2226.1 generation_tps=2.798 token_ids=576:1467:34334:279:28809:323:10001:7525:11:7945:21080:389:1246:279:28809:28872:9079:323:279:10001:13469:2150:56690:13:576:28809:31995:264:1598:7177:369:1817:17654:323:8702:2095:9079:311:8172:279:2795:13:3197:264:2150:14527:13666:11:279:10001:1329:973:279:2150:11:5574:973:264:4034:11:40587:432:11:323
LEAF index=7 group=1 mig=fafc828a exit=0 text=32946f2da09152f6 context_ms=38.2 load_ms=7.98 decode_ms=308.6 first_token_ms=1862.5 generation_tps=3.654 token_ids=576:1467:34334:279:28809:323:10001:7525:11:7945:21080:389:1246:279:28809:28872:9079:323:279:10001:13469:2150:56690:13:576:28809:31995:264:1598:7177:369:1817:17654:323:8702:2095:9079:311:8172:279:2795:13:3197:264:2150:14527:13666:11:279:10001:1329:973:279:2150:12731:11:5574:973:264:4034:11:40587:432:11
MEMORY tree_drop_mib=9477 files_attached_mib=1344 files_removed=1 files_end_mib=0
END_CASE failed=0 timed_out=0 wall_ms=51072
CASE mode=flat groups=2 leaves=4
ROOT exit=0 text=18e44990b9a3ac26 tokens=16321 publish_ms=11.13 state_bytes=261845 generation_tps=3.475
LEADER group=0 mig=fafc828a exit=0 text=acd613c4a2e08cd5 tokens=16321 context_ms=35.0 load_ms=7.25 publish_ms= state_bytes= generation_tps=3.611
LEADER group=1 mig=31ffbfe4 exit=0 text=1cb5a4c4e389dcfb tokens=16321 context_ms=35.6 load_ms=6.95 publish_ms= state_bytes= generation_tps=2.549
LEAF index=0 group=0 mig=fafc828a exit=0 text=9e14e9e05c98f3f0 context_ms=37.7 load_ms=7.61 decode_ms=14493.3 first_token_ms=15716.1 generation_tps=4.047 token_ids=576:1467:16555:279:7525:315:279:28809:323:279:10001:304:2033:311:264:2150:14527:13:576:28809:31995:264:1598:7177:369:1817:17654:323:10797:9079:1948:48094:3118:389:2795:43363:11:1393:279:10001:5574:973:264:4034:11:40587:432:11:323:8837:279:2150:1965:1573:592:29489:279:3383:13:220:16:13:576:1467
LEAF index=1 group=0 mig=31ffbfe4 exit=0 text=df60c6dfd2bbef82 context_ms=40.1 load_ms=7.51 decode_ms=20275.0 first_token_ms=21756.5 generation_tps=2.848 token_ids=576:1467:16555:279:7525:315:279:28809:323:279:10001:304:2033:311:264:2150:14527:13:576:28809:31995:264:1598:7177:369:1817:17654:323:10797:9079:1948:48094:3118:389:2795:43363:13:3197:264:2150:14527:13666:11:279:10001:1329:973:279:12731:11:5574:973:264:4034:11:40587:432:11:323:8837:279:2150:1965:1573
LEAF index=2 group=0 mig=fafc828a exit=0 text=a4a8a897200a1a72 context_ms=37.7 load_ms=7.58 decode_ms=14749.9 first_token_ms=16253.3 generation_tps=4.127 token_ids=576:1467:16555:279:7525:315:279:28809:323:279:10001:304:2033:311:264:2150:14527:13:576:28809:31995:264:1598:7177:369:1817:17654:323:10797:9079:1948:48094:3118:389:2795:43363:13:3197:264:2150:14527:13666:11:279:10001:1329:973:279:2150:12731:11:5574:973:264:4034:11:40587:432:448:821:11:323:8837:279
LEAF index=3 group=0 mig=31ffbfe4 exit=0 text=a4a8a897200a1a72 context_ms=42.7 load_ms=7.57 decode_ms=20322.5 first_token_ms=21843.5 generation_tps=2.845 token_ids=576:1467:16555:279:7525:315:279:28809:323:279:10001:304:2033:311:264:2150:14527:13:576:28809:31995:264:1598:7177:369:1817:17654:323:10797:9079:1948:48094:3118:389:2795:43363:13:3197:264:2150:14527:13666:11:279:10001:1329:973:279:2150:12731:11:5574:973:264:4034:11:40587:432:448:821:11:323:8837:279
LEAF index=4 group=1 mig=31ffbfe4 exit=0 text=6fcd5b33e219e31a context_ms=40.2 load_ms=8.00 decode_ms=20328.9 first_token_ms=21846.1 generation_tps=2.849 token_ids=576:1467:34334:279:28809:323:10001:7525:11:7945:21080:389:1246:279:28809:28872:9079:3941:5248:36586:323:1246:264:2150:14527:374:17608:13:3197:264:2150:14527:13666:11:279:10001:1329:973:279:12731:11:5574:973:264:4034:11:40587:432:11:323:8837:279:2150:1965:1573:592:29489:279:3383:13:576:28809:31995:264
LEAF index=5 group=1 mig=fafc828a exit=0 text=8d28223f6de3b123 context_ms=41.9 load_ms=7.46 decode_ms=14814.2 first_token_ms=16346.7 generation_tps=4.136 token_ids=576:1467:34334:279:28809:323:10001:7525:11:7945:21080:389:1246:279:28809:28872:9079:3941:5248:36586:323:1246:264:2150:14527:374:17608:13:576:28809:31995:264:1598:7177:369:1817:17654:323:8702:2095:9079:311:8172:279:2795:13:3197:264:2150:14527:13666:11:279:10001:1329:973:279:2150:11:5574:973:264:4034:11
LEAF index=6 group=1 mig=31ffbfe4 exit=0 text=7a05fb1ed84f6258 context_ms=38.7 load_ms=7.66 decode_ms=20287.6 first_token_ms=21773.4 generation_tps=2.840 token_ids=576:1467:34334:279:28809:323:10001:7525:11:7945:21080:389:1246:279:28809:28872:9079:323:279:10001:13469:2150:56690:13:576:28809:31995:264:1598:7177:369:1817:17654:323:8702:2095:9079:311:8172:279:2795:13:3197:264:2150:14527:13666:11:279:10001:1329:973:279:2150:11:5574:973:264:4034:11:40587:432:11:323
LEAF index=7 group=1 mig=fafc828a exit=0 text=32946f2da09152f6 context_ms=42.5 load_ms=7.71 decode_ms=14845.8 first_token_ms=16375.1 generation_tps=4.147 token_ids=576:1467:34334:279:28809:323:10001:7525:11:7945:21080:389:1246:279:28809:28872:9079:323:279:10001:13469:2150:56690:13:576:28809:31995:264:1598:7177:369:1817:17654:323:8702:2095:9079:311:8172:279:2795:13:3197:264:2150:14527:13666:11:279:10001:1329:973:279:2150:12731:11:5574:973:264:4034:11:40587:432:11
MEMORY tree_drop_mib=9849 files_attached_mib=896 files_removed=1 files_end_mib=0
END_CASE failed=0 timed_out=0 wall_ms=66754
CASE mode=copy groups=2 leaves=4
ROOT exit=0 text=18e44990b9a3ac26 tokens=16321 publish_ms=542.61 state_bytes=936173269 generation_tps=4.126
LEADER group=0 mig=fafc828a exit=0 text=acd613c4a2e08cd5 tokens=17794 context_ms=56.9 load_ms=174.87 publish_ms=583.62 state_bytes=1020664549 generation_tps=4.096
LEADER group=1 mig=31ffbfe4 exit=0 text=1cb5a4c4e389dcfb tokens=17794 context_ms=63.1 load_ms=249.13 publish_ms=592.51 state_bytes=1020664549 generation_tps=3.787
LEAF index=0 group=0 mig=fafc828a exit=0 text=9e14e9e05c98f3f0 context_ms=100.4 load_ms=410.19 decode_ms=342.2 first_token_ms=2369.2 generation_tps=3.747 token_ids=576:1467:16555:279:7525:315:279:28809:323:279:10001:304:2033:311:264:2150:14527:13:576:28809:31995:264:1598:7177:369:1817:17654:323:10797:9079:1948:48094:3118:389:2795:43363:11:1393:279:10001:5574:973:264:4034:11:40587:432:11:323:8837:279:2150:1965:1573:592:29489:279:3383:13:220:16:13:576:1467
LEAF index=1 group=0 mig=31ffbfe4 exit=0 text=df60c6dfd2bbef82 context_ms=137.3 load_ms=554.39 decode_ms=457.2 first_token_ms=2687.9 generation_tps=2.931 token_ids=576:1467:16555:279:7525:315:279:28809:323:279:10001:304:2033:311:264:2150:14527:13:576:28809:31995:264:1598:7177:369:1817:17654:323:10797:9079:1948:48094:3118:389:2795:43363:13:3197:264:2150:14527:13666:11:279:10001:1329:973:279:12731:11:5574:973:264:4034:11:40587:432:11:323:8837:279:2150:1965:1573
LEAF index=2 group=0 mig=fafc828a exit=0 text=a4a8a897200a1a72 context_ms=188.8 load_ms=416.25 decode_ms=493.4 first_token_ms=2743.7 generation_tps=3.775 token_ids=576:1467:16555:279:7525:315:279:28809:323:279:10001:304:2033:311:264:2150:14527:13:576:28809:31995:264:1598:7177:369:1817:17654:323:10797:9079:1948:48094:3118:389:2795:43363:13:3197:264:2150:14527:13666:11:279:10001:1329:973:279:2150:12731:11:5574:973:264:4034:11:40587:432:448:821:11:323:8837:279
LEAF index=3 group=0 mig=31ffbfe4 exit=0 text=a4a8a897200a1a72 context_ms=217.2 load_ms=422.45 decode_ms=486.0 first_token_ms=2718.8 generation_tps=2.925 token_ids=576:1467:16555:279:7525:315:279:28809:323:279:10001:304:2033:311:264:2150:14527:13:576:28809:31995:264:1598:7177:369:1817:17654:323:10797:9079:1948:48094:3118:389:2795:43363:13:3197:264:2150:14527:13666:11:279:10001:1329:973:279:2150:12731:11:5574:973:264:4034:11:40587:432:448:821:11:323:8837:279
LEAF index=4 group=1 mig=31ffbfe4 exit=0 text=6fcd5b33e219e31a context_ms=195.1 load_ms=531.42 decode_ms=616.9 first_token_ms=2973.9 generation_tps=2.943 token_ids=576:1467:34334:279:28809:323:10001:7525:11:7945:21080:389:1246:279:28809:28872:9079:3941:5248:36586:323:1246:264:2150:14527:374:17608:13:3197:264:2150:14527:13666:11:279:10001:1329:973:279:12731:11:5574:973:264:4034:11:40587:432:11:323:8837:279:2150:1965:1573:592:29489:279:3383:13:576:28809:31995:264
LEAF index=5 group=1 mig=fafc828a exit=0 text=e4766354bc4d1795 context_ms=170.5 load_ms=509.67 decode_ms=495.2 first_token_ms=2845.1 generation_tps=3.795 token_ids=576:1467:34334:279:28809:323:10001:7525:11:7945:21080:389:1246:279:28809:28872:9079:3941:5248:36586:323:1246:264:2150:14527:374:17608:13:576:28809:31995:264:1598:7177:369:1817:17654:323:8702:2095:9079:3118:389:2795:43363:13:3197:264:2150:14527:13666:11:279:10001:1329:973:279:8311:4938:12731:11:5574:973:264
LEAF index=6 group=1 mig=31ffbfe4 exit=0 text=7a05fb1ed84f6258 context_ms=189.8 load_ms=525.05 decode_ms=607.8 first_token_ms=2960.3 generation_tps=2.943 token_ids=576:1467:34334:279:28809:323:10001:7525:11:7945:21080:389:1246:279:28809:28872:9079:323:279:10001:13469:2150:56690:13:576:28809:31995:264:1598:7177:369:1817:17654:323:8702:2095:9079:311:8172:279:2795:13:3197:264:2150:14527:13666:11:279:10001:1329:973:279:2150:11:5574:973:264:4034:11:40587:432:11:323
LEAF index=7 group=1 mig=fafc828a exit=0 text=32946f2da09152f6 context_ms=190.0 load_ms=421.22 decode_ms=491.0 first_token_ms=2723.5 generation_tps=3.777 token_ids=576:1467:34334:279:28809:323:10001:7525:11:7945:21080:389:1246:279:28809:28872:9079:323:279:10001:13469:2150:56690:13:576:28809:31995:264:1598:7177:369:1817:17654:323:8702:2095:9079:311:8172:279:2795:13:3197:264:2150:14527:13666:11:279:10001:1329:973:279:2150:12731:11:5574:973:264:4034:11:40587:432:11
MEMORY tree_drop_mib=27947 files_attached_mib=0 files_removed=0 files_end_mib=0
END_CASE failed=0 timed_out=0 wall_ms=51633
END_KVTREE
BEGIN_KVTREE run=5 paragraphs=320 group_paragraphs=40 context=32768
REFERENCE index=0 own_instance_path=1 text=9e14e9e05c98f3f0
REFERENCE index=1 own_instance_path=0 text=df60c6dfd2bbef82
REFERENCE index=2 own_instance_path=1 text=a4a8a897200a1a72
REFERENCE index=3 own_instance_path=0 text=132bff72234434ae
REFERENCE index=4 own_instance_path=0 text=fcebe86c03ff34d3
REFERENCE index=5 own_instance_path=0 text=8d28223f6de3b123
REFERENCE index=6 own_instance_path=0 text=7a05fb1ed84f6258
REFERENCE index=7 own_instance_path=0 text=32946f2da09152f6
CASE mode=copy groups=2 leaves=4
ROOT exit=0 text=18e44990b9a3ac26 tokens=16321 publish_ms=542.39 state_bytes=936173269 generation_tps=4.273
LEADER group=0 mig=fafc828a exit=0 text=acd613c4a2e08cd5 tokens=17794 context_ms=70.1 load_ms=171.73 publish_ms=591.47 state_bytes=1020664549 generation_tps=4.225
LEADER group=1 mig=31ffbfe4 exit=0 text=1cb5a4c4e389dcfb tokens=17794 context_ms=60.9 load_ms=246.49 publish_ms=586.16 state_bytes=1020664549 generation_tps=3.663
LEAF index=0 group=0 mig=fafc828a exit=0 text=9e14e9e05c98f3f0 context_ms=187.8 load_ms=579.60 decode_ms=485.2 first_token_ms=2887.0 generation_tps=3.807 token_ids=576:1467:16555:279:7525:315:279:28809:323:279:10001:304:2033:311:264:2150:14527:13:576:28809:31995:264:1598:7177:369:1817:17654:323:10797:9079:1948:48094:3118:389:2795:43363:11:1393:279:10001:5574:973:264:4034:11:40587:432:11:323:8837:279:2150:1965:1573:592:29489:279:3383:13:220:16:13:576:1467
LEAF index=1 group=0 mig=31ffbfe4 exit=0 text=df60c6dfd2bbef82 context_ms=81.5 load_ms=347.94 decode_ms=362.9 first_token_ms=2262.3 generation_tps=2.912 token_ids=576:1467:16555:279:7525:315:279:28809:323:279:10001:304:2033:311:264:2150:14527:13:576:28809:31995:264:1598:7177:369:1817:17654:323:10797:9079:1948:48094:3118:389:2795:43363:13:3197:264:2150:14527:13666:11:279:10001:1329:973:279:12731:11:5574:973:264:4034:11:40587:432:11:323:8837:279:2150:1965:1573
LEAF index=2 group=0 mig=fafc828a exit=0 text=a4a8a897200a1a72 context_ms=201.0 load_ms=533.50 decode_ms=510.6 first_token_ms=2911.5 generation_tps=3.817 token_ids=576:1467:16555:279:7525:315:279:28809:323:279:10001:304:2033:311:264:2150:14527:13:576:28809:31995:264:1598:7177:369:1817:17654:323:10797:9079:1948:48094:3118:389:2795:43363:13:3197:264:2150:14527:13666:11:279:10001:1329:973:279:2150:12731:11:5574:973:264:4034:11:40587:432:448:821:11:323:8837:279
LEAF index=3 group=0 mig=31ffbfe4 exit=0 text=a4a8a897200a1a72 context_ms=213.1 load_ms=549.24 decode_ms=604.9 first_token_ms=2997.8 generation_tps=2.948 token_ids=576:1467:16555:279:7525:315:279:28809:323:279:10001:304:2033:311:264:2150:14527:13:576:28809:31995:264:1598:7177:369:1817:17654:323:10797:9079:1948:48094:3118:389:2795:43363:13:3197:264:2150:14527:13666:11:279:10001:1329:973:279:2150:12731:11:5574:973:264:4034:11:40587:432:448:821:11:323:8837:279
LEAF index=4 group=1 mig=31ffbfe4 exit=0 text=6fcd5b33e219e31a context_ms=226.0 load_ms=372.20 decode_ms=482.9 first_token_ms=2678.0 generation_tps=2.922 token_ids=576:1467:34334:279:28809:323:10001:7525:11:7945:21080:389:1246:279:28809:28872:9079:3941:5248:36586:323:1246:264:2150:14527:374:17608:13:3197:264:2150:14527:13666:11:279:10001:1329:973:279:12731:11:5574:973:264:4034:11:40587:432:11:323:8837:279:2150:1965:1573:592:29489:279:3383:13:576:28809:31995:264
LEAF index=5 group=1 mig=fafc828a exit=0 text=e4766354bc4d1795 context_ms=221.2 load_ms=530.47 decode_ms=494.8 first_token_ms=2897.5 generation_tps=3.821 token_ids=576:1467:34334:279:28809:323:10001:7525:11:7945:21080:389:1246:279:28809:28872:9079:3941:5248:36586:323:1246:264:2150:14527:374:17608:13:576:28809:31995:264:1598:7177:369:1817:17654:323:8702:2095:9079:3118:389:2795:43363:13:3197:264:2150:14527:13666:11:279:10001:1329:973:279:8311:4938:12731:11:5574:973:264
LEAF index=6 group=1 mig=31ffbfe4 exit=0 text=7a05fb1ed84f6258 context_ms=208.1 load_ms=569.18 decode_ms=615.6 first_token_ms=3018.7 generation_tps=2.950 token_ids=576:1467:34334:279:28809:323:10001:7525:11:7945:21080:389:1246:279:28809:28872:9079:323:279:10001:13469:2150:56690:13:576:28809:31995:264:1598:7177:369:1817:17654:323:8702:2095:9079:311:8172:279:2795:13:3197:264:2150:14527:13666:11:279:10001:1329:973:279:2150:11:5574:973:264:4034:11:40587:432:11:323
LEAF index=7 group=1 mig=fafc828a exit=0 text=32946f2da09152f6 context_ms=220.1 load_ms=528.84 decode_ms=496.3 first_token_ms=2890.8 generation_tps=3.814 token_ids=576:1467:34334:279:28809:323:10001:7525:11:7945:21080:389:1246:279:28809:28872:9079:323:279:10001:13469:2150:56690:13:576:28809:31995:264:1598:7177:369:1817:17654:323:8702:2095:9079:311:8172:279:2795:13:3197:264:2150:14527:13666:11:279:10001:1329:973:279:2150:12731:11:5574:973:264:4034:11:40587:432:11
MEMORY tree_drop_mib=27945 files_attached_mib=0 files_removed=0 files_end_mib=0
END_CASE failed=0 timed_out=0 wall_ms=51720
CASE mode=flat groups=2 leaves=4
ROOT exit=0 text=18e44990b9a3ac26 tokens=16321 publish_ms=11.57 state_bytes=261845 generation_tps=3.526
LEADER group=0 mig=fafc828a exit=0 text=acd613c4a2e08cd5 tokens=16321 context_ms=41.9 load_ms=7.33 publish_ms= state_bytes= generation_tps=3.634
LEADER group=1 mig=31ffbfe4 exit=0 text=1cb5a4c4e389dcfb tokens=16321 context_ms=41.4 load_ms=7.38 publish_ms= state_bytes= generation_tps=2.550
LEAF index=0 group=0 mig=fafc828a exit=0 text=9e14e9e05c98f3f0 context_ms=38.3 load_ms=7.53 decode_ms=14696.9 first_token_ms=16123.1 generation_tps=4.081 token_ids=576:1467:16555:279:7525:315:279:28809:323:279:10001:304:2033:311:264:2150:14527:13:576:28809:31995:264:1598:7177:369:1817:17654:323:10797:9079:1948:48094:3118:389:2795:43363:11:1393:279:10001:5574:973:264:4034:11:40587:432:11:323:8837:279:2150:1965:1573:592:29489:279:3383:13:220:16:13:576:1467
LEAF index=1 group=0 mig=31ffbfe4 exit=0 text=df60c6dfd2bbef82 context_ms=40.3 load_ms=7.44 decode_ms=20156.9 first_token_ms=21594.2 generation_tps=2.834 token_ids=576:1467:16555:279:7525:315:279:28809:323:279:10001:304:2033:311:264:2150:14527:13:576:28809:31995:264:1598:7177:369:1817:17654:323:10797:9079:1948:48094:3118:389:2795:43363:13:3197:264:2150:14527:13666:11:279:10001:1329:973:279:12731:11:5574:973:264:4034:11:40587:432:11:323:8837:279:2150:1965:1573
LEAF index=2 group=0 mig=fafc828a exit=0 text=a4a8a897200a1a72 context_ms=41.3 load_ms=7.46 decode_ms=14846.9 first_token_ms=16364.9 generation_tps=4.107 token_ids=576:1467:16555:279:7525:315:279:28809:323:279:10001:304:2033:311:264:2150:14527:13:576:28809:31995:264:1598:7177:369:1817:17654:323:10797:9079:1948:48094:3118:389:2795:43363:13:3197:264:2150:14527:13666:11:279:10001:1329:973:279:2150:12731:11:5574:973:264:4034:11:40587:432:448:821:11:323:8837:279
LEAF index=3 group=0 mig=31ffbfe4 exit=0 text=a4a8a897200a1a72 context_ms=45.3 load_ms=7.63 decode_ms=20316.7 first_token_ms=21862.2 generation_tps=2.851 token_ids=576:1467:16555:279:7525:315:279:28809:323:279:10001:304:2033:311:264:2150:14527:13:576:28809:31995:264:1598:7177:369:1817:17654:323:10797:9079:1948:48094:3118:389:2795:43363:13:3197:264:2150:14527:13666:11:279:10001:1329:973:279:2150:12731:11:5574:973:264:4034:11:40587:432:448:821:11:323:8837:279
LEAF index=4 group=1 mig=31ffbfe4 exit=0 text=6fcd5b33e219e31a context_ms=47.8 load_ms=7.50 decode_ms=20311.2 first_token_ms=21842.0 generation_tps=2.846 token_ids=576:1467:34334:279:28809:323:10001:7525:11:7945:21080:389:1246:279:28809:28872:9079:3941:5248:36586:323:1246:264:2150:14527:374:17608:13:3197:264:2150:14527:13666:11:279:10001:1329:973:279:12731:11:5574:973:264:4034:11:40587:432:11:323:8837:279:2150:1965:1573:592:29489:279:3383:13:576:28809:31995:264
LEAF index=5 group=1 mig=fafc828a exit=0 text=8d28223f6de3b123 context_ms=44.2 load_ms=7.65 decode_ms=14887.7 first_token_ms=16391.1 generation_tps=4.111 token_ids=576:1467:34334:279:28809:323:10001:7525:11:7945:21080:389:1246:279:28809:28872:9079:3941:5248:36586:323:1246:264:2150:14527:374:17608:13:576:28809:31995:264:1598:7177:369:1817:17654:323:8702:2095:9079:311:8172:279:2795:13:3197:264:2150:14527:13666:11:279:10001:1329:973:279:2150:11:5574:973:264:4034:11
LEAF index=6 group=1 mig=31ffbfe4 exit=0 text=7a05fb1ed84f6258 context_ms=41.3 load_ms=7.39 decode_ms=20301.4 first_token_ms=21786.6 generation_tps=2.839 token_ids=576:1467:34334:279:28809:323:10001:7525:11:7945:21080:389:1246:279:28809:28872:9079:323:279:10001:13469:2150:56690:13:576:28809:31995:264:1598:7177:369:1817:17654:323:8702:2095:9079:311:8172:279:2795:13:3197:264:2150:14527:13666:11:279:10001:1329:973:279:2150:11:5574:973:264:4034:11:40587:432:11:323
LEAF index=7 group=1 mig=fafc828a exit=0 text=32946f2da09152f6 context_ms=47.0 load_ms=7.38 decode_ms=14852.9 first_token_ms=16373.5 generation_tps=4.110 token_ids=576:1467:34334:279:28809:323:10001:7525:11:7945:21080:389:1246:279:28809:28872:9079:323:279:10001:13469:2150:56690:13:576:28809:31995:264:1598:7177:369:1817:17654:323:8702:2095:9079:311:8172:279:2795:13:3197:264:2150:14527:13666:11:279:10001:1329:973:279:2150:12731:11:5574:973:264:4034:11:40587:432:11
MEMORY tree_drop_mib=9835 files_attached_mib=896 files_removed=1 files_end_mib=0
END_CASE failed=0 timed_out=0 wall_ms=66727
CASE mode=chain groups=2 leaves=4
ROOT exit=0 text=18e44990b9a3ac26 tokens=16321 publish_ms=9.37 state_bytes=261845 generation_tps=3.996
LEADER group=0 mig=fafc828a exit=0 text=acd613c4a2e08cd5 tokens=17794 context_ms=41.6 load_ms=7.37 publish_ms=10.44 state_bytes=285413 generation_tps=3.954
LEADER group=1 mig=31ffbfe4 exit=0 text=1cb5a4c4e389dcfb tokens=17794 context_ms=41.0 load_ms=7.36 publish_ms=8.03 state_bytes=285413 generation_tps=3.448
LEAF index=0 group=0 mig=fafc828a exit=0 text=9e14e9e05c98f3f0 context_ms=37.8 load_ms=8.10 decode_ms=295.7 first_token_ms=1800.6 generation_tps=3.662 token_ids=576:1467:16555:279:7525:315:279:28809:323:279:10001:304:2033:311:264:2150:14527:13:576:28809:31995:264:1598:7177:369:1817:17654:323:10797:9079:1948:48094:3118:389:2795:43363:11:1393:279:10001:5574:973:264:4034:11:40587:432:11:323:8837:279:2150:1965:1573:592:29489:279:3383:13:220:16:13:576:1467
LEAF index=1 group=0 mig=31ffbfe4 exit=0 text=df60c6dfd2bbef82 context_ms=49.0 load_ms=8.39 decode_ms=599.5 first_token_ms=2283.8 generation_tps=2.799 token_ids=576:1467:16555:279:7525:315:279:28809:323:279:10001:304:2033:311:264:2150:14527:13:576:28809:31995:264:1598:7177:369:1817:17654:323:10797:9079:1948:48094:3118:389:2795:43363:13:3197:264:2150:14527:13666:11:279:10001:1329:973:279:12731:11:5574:973:264:4034:11:40587:432:11:323:8837:279:2150:1965:1573
LEAF index=2 group=0 mig=fafc828a exit=0 text=a4a8a897200a1a72 context_ms=42.1 load_ms=8.10 decode_ms=443.8 first_token_ms=2060.0 generation_tps=3.679 token_ids=576:1467:16555:279:7525:315:279:28809:323:279:10001:304:2033:311:264:2150:14527:13:576:28809:31995:264:1598:7177:369:1817:17654:323:10797:9079:1948:48094:3118:389:2795:43363:13:3197:264:2150:14527:13666:11:279:10001:1329:973:279:2150:12731:11:5574:973:264:4034:11:40587:432:448:821:11:323:8837:279
LEAF index=3 group=0 mig=31ffbfe4 exit=0 text=a4a8a897200a1a72 context_ms=37.9 load_ms=8.04 decode_ms=462.5 first_token_ms=2072.4 generation_tps=2.795 token_ids=576:1467:16555:279:7525:315:279:28809:323:279:10001:304:2033:311:264:2150:14527:13:576:28809:31995:264:1598:7177:369:1817:17654:323:10797:9079:1948:48094:3118:389:2795:43363:13:3197:264:2150:14527:13666:11:279:10001:1329:973:279:2150:12731:11:5574:973:264:4034:11:40587:432:448:821:11:323:8837:279
LEAF index=4 group=1 mig=31ffbfe4 exit=0 text=6fcd5b33e219e31a context_ms=47.6 load_ms=8.29 decode_ms=584.9 first_token_ms=2264.2 generation_tps=2.798 token_ids=576:1467:34334:279:28809:323:10001:7525:11:7945:21080:389:1246:279:28809:28872:9079:3941:5248:36586:323:1246:264:2150:14527:374:17608:13:3197:264:2150:14527:13666:11:279:10001:1329:973:279:12731:11:5574:973:264:4034:11:40587:432:11:323:8837:279:2150:1965:1573:592:29489:279:3383:13:576:28809:31995:264
LEAF index=5 group=1 mig=fafc828a exit=0 text=e4766354bc4d1795 context_ms=45.0 load_ms=8.20 decode_ms=477.7 first_token_ms=2176.8 generation_tps=3.689 token_ids=576:1467:34334:279:28809:323:10001:7525:11:7945:21080:389:1246:279:28809:28872:9079:3941:5248:36586:323:1246:264:2150:14527:374:17608:13:576:28809:31995:264:1598:7177:369:1817:17654:323:8702:2095:9079:3118:389:2795:43363:13:3197:264:2150:14527:13666:11:279:10001:1329:973:279:8311:4938:12731:11:5574:973:264
LEAF index=6 group=1 mig=31ffbfe4 exit=0 text=7a05fb1ed84f6258 context_ms=48.6 load_ms=8.31 decode_ms=568.9 first_token_ms=2236.5 generation_tps=2.796 token_ids=576:1467:34334:279:28809:323:10001:7525:11:7945:21080:389:1246:279:28809:28872:9079:323:279:10001:13469:2150:56690:13:576:28809:31995:264:1598:7177:369:1817:17654:323:8702:2095:9079:311:8172:279:2795:13:3197:264:2150:14527:13666:11:279:10001:1329:973:279:2150:11:5574:973:264:4034:11:40587:432:11:323
LEAF index=7 group=1 mig=fafc828a exit=0 text=32946f2da09152f6 context_ms=46.3 load_ms=8.19 decode_ms=490.8 first_token_ms=2186.1 generation_tps=3.691 token_ids=576:1467:34334:279:28809:323:10001:7525:11:7945:21080:389:1246:279:28809:28872:9079:323:279:10001:13469:2150:56690:13:576:28809:31995:264:1598:7177:369:1817:17654:323:8702:2095:9079:311:8172:279:2795:13:3197:264:2150:14527:13666:11:279:10001:1329:973:279:2150:12731:11:5574:973:264:4034:11:40587:432:11
MEMORY tree_drop_mib=9503 files_attached_mib=1344 files_removed=1 files_end_mib=0
END_CASE failed=0 timed_out=0 wall_ms=51003
CASE mode=chain_small groups=2 leaves=4
ROOT exit=0 text=18e44990b9a3ac26 tokens=16321 publish_ms=11.41 state_bytes=261845 generation_tps=3.974
LEADER group=0 mig=fafc828a exit=0 text=acd613c4a2e08cd5 tokens=17794 context_ms=35.8 load_ms=7.52 publish_ms=14.17 state_bytes=285413 generation_tps=3.914
LEADER group=1 mig=31ffbfe4 exit=0 text=1cb5a4c4e389dcfb tokens=17794 context_ms=35.6 load_ms=7.24 publish_ms=13.81 state_bytes=285413 generation_tps=3.397
LEAF index=0 group=0 mig=fafc828a exit=0 text=9e14e9e05c98f3f0 context_ms=41.9 load_ms=8.17 decode_ms=279.8 first_token_ms=1747.4 generation_tps=3.636 token_ids=576:1467:16555:279:7525:315:279:28809:323:279:10001:304:2033:311:264:2150:14527:13:576:28809:31995:264:1598:7177:369:1817:17654:323:10797:9079:1948:48094:3118:389:2795:43363:11:1393:279:10001:5574:973:264:4034:11:40587:432:11:323:8837:279:2150:1965:1573:592:29489:279:3383:13:220:16:13:576:1467
LEAF index=1 group=0 mig=31ffbfe4 exit=0 text=df60c6dfd2bbef82 context_ms=50.4 load_ms=8.10 decode_ms=589.8 first_token_ms=2232.5 generation_tps=2.792 token_ids=576:1467:16555:279:7525:315:279:28809:323:279:10001:304:2033:311:264:2150:14527:13:576:28809:31995:264:1598:7177:369:1817:17654:323:10797:9079:1948:48094:3118:389:2795:43363:13:3197:264:2150:14527:13666:11:279:10001:1329:973:279:12731:11:5574:973:264:4034:11:40587:432:11:323:8837:279:2150:1965:1573
LEAF index=2 group=0 mig=fafc828a exit=0 text=a4a8a897200a1a72 context_ms=46.7 load_ms=8.09 decode_ms=489.7 first_token_ms=2121.8 generation_tps=3.665 token_ids=576:1467:16555:279:7525:315:279:28809:323:279:10001:304:2033:311:264:2150:14527:13:576:28809:31995:264:1598:7177:369:1817:17654:323:10797:9079:1948:48094:3118:389:2795:43363:13:3197:264:2150:14527:13666:11:279:10001:1329:973:279:2150:12731:11:5574:973:264:4034:11:40587:432:448:821:11:323:8837:279
LEAF index=3 group=0 mig=31ffbfe4 exit=0 text=a4a8a897200a1a72 context_ms=46.0 load_ms=8.46 decode_ms=576.1 first_token_ms=2213.8 generation_tps=2.791 token_ids=576:1467:16555:279:7525:315:279:28809:323:279:10001:304:2033:311:264:2150:14527:13:576:28809:31995:264:1598:7177:369:1817:17654:323:10797:9079:1948:48094:3118:389:2795:43363:13:3197:264:2150:14527:13666:11:279:10001:1329:973:279:2150:12731:11:5574:973:264:4034:11:40587:432:448:821:11:323:8837:279
LEAF index=4 group=1 mig=31ffbfe4 exit=0 text=6fcd5b33e219e31a context_ms=41.7 load_ms=8.24 decode_ms=447.7 first_token_ms=2001.1 generation_tps=2.788 token_ids=576:1467:34334:279:28809:323:10001:7525:11:7945:21080:389:1246:279:28809:28872:9079:3941:5248:36586:323:1246:264:2150:14527:374:17608:13:3197:264:2150:14527:13666:11:279:10001:1329:973:279:12731:11:5574:973:264:4034:11:40587:432:11:323:8837:279:2150:1965:1573:592:29489:279:3383:13:576:28809:31995:264
LEAF index=5 group=1 mig=fafc828a exit=0 text=e4766354bc4d1795 context_ms=44.3 load_ms=8.02 decode_ms=483.4 first_token_ms=2146.0 generation_tps=3.665 token_ids=576:1467:34334:279:28809:323:10001:7525:11:7945:21080:389:1246:279:28809:28872:9079:3941:5248:36586:323:1246:264:2150:14527:374:17608:13:576:28809:31995:264:1598:7177:369:1817:17654:323:8702:2095:9079:3118:389:2795:43363:13:3197:264:2150:14527:13666:11:279:10001:1329:973:279:8311:4938:12731:11:5574:973:264
LEAF index=6 group=1 mig=31ffbfe4 exit=0 text=7a05fb1ed84f6258 context_ms=49.1 load_ms=8.12 decode_ms=551.5 first_token_ms=2147.7 generation_tps=2.785 token_ids=576:1467:34334:279:28809:323:10001:7525:11:7945:21080:389:1246:279:28809:28872:9079:323:279:10001:13469:2150:56690:13:576:28809:31995:264:1598:7177:369:1817:17654:323:8702:2095:9079:311:8172:279:2795:13:3197:264:2150:14527:13666:11:279:10001:1329:973:279:2150:11:5574:973:264:4034:11:40587:432:11:323
LEAF index=7 group=1 mig=fafc828a exit=0 text=32946f2da09152f6 context_ms=52.0 load_ms=8.03 decode_ms=469.8 first_token_ms=2092.9 generation_tps=3.659 token_ids=576:1467:34334:279:28809:323:10001:7525:11:7945:21080:389:1246:279:28809:28872:9079:323:279:10001:13469:2150:56690:13:576:28809:31995:264:1598:7177:369:1817:17654:323:8702:2095:9079:311:8172:279:2795:13:3197:264:2150:14527:13666:11:279:10001:1329:973:279:2150:12731:11:5574:973:264:4034:11:40587:432:11
MEMORY tree_drop_mib=9228 files_attached_mib=1071 files_removed=1 files_end_mib=0
END_CASE failed=0 timed_out=0 wall_ms=51049
END_KVTREE
BEGIN_KVTREE run=6 paragraphs=320 group_paragraphs=40 context=32768
REFERENCE index=0 own_instance_path=1 text=9e14e9e05c98f3f0
REFERENCE index=1 own_instance_path=0 text=df60c6dfd2bbef82
REFERENCE index=2 own_instance_path=1 text=a4a8a897200a1a72
REFERENCE index=3 own_instance_path=0 text=132bff72234434ae
REFERENCE index=4 own_instance_path=0 text=fcebe86c03ff34d3
REFERENCE index=5 own_instance_path=0 text=8d28223f6de3b123
REFERENCE index=6 own_instance_path=0 text=7a05fb1ed84f6258
REFERENCE index=7 own_instance_path=0 text=32946f2da09152f6
CASE mode=chain_small groups=2 leaves=4
ROOT exit=0 text=18e44990b9a3ac26 tokens=16321 publish_ms=11.82 state_bytes=261845 generation_tps=4.003
LEADER group=0 mig=fafc828a exit=0 text=acd613c4a2e08cd5 tokens=17794 context_ms=40.4 load_ms=7.36 publish_ms=13.24 state_bytes=285413 generation_tps=3.955
LEADER group=1 mig=31ffbfe4 exit=0 text=1cb5a4c4e389dcfb tokens=17794 context_ms=41.1 load_ms=7.25 publish_ms=13.67 state_bytes=285413 generation_tps=3.431
LEAF index=0 group=0 mig=fafc828a exit=0 text=9e14e9e05c98f3f0 context_ms=43.6 load_ms=8.14 decode_ms=290.9 first_token_ms=1827.3 generation_tps=3.656 token_ids=576:1467:16555:279:7525:315:279:28809:323:279:10001:304:2033:311:264:2150:14527:13:576:28809:31995:264:1598:7177:369:1817:17654:323:10797:9079:1948:48094:3118:389:2795:43363:11:1393:279:10001:5574:973:264:4034:11:40587:432:11:323:8837:279:2150:1965:1573:592:29489:279:3383:13:220:16:13:576:1467
LEAF index=1 group=0 mig=31ffbfe4 exit=0 text=df60c6dfd2bbef82 context_ms=51.9 load_ms=8.34 decode_ms=594.8 first_token_ms=2293.2 generation_tps=2.803 token_ids=576:1467:16555:279:7525:315:279:28809:323:279:10001:304:2033:311:264:2150:14527:13:576:28809:31995:264:1598:7177:369:1817:17654:323:10797:9079:1948:48094:3118:389:2795:43363:13:3197:264:2150:14527:13666:11:279:10001:1329:973:279:12731:11:5574:973:264:4034:11:40587:432:11:323:8837:279:2150:1965:1573
LEAF index=2 group=0 mig=fafc828a exit=0 text=a4a8a897200a1a72 context_ms=48.2 load_ms=8.01 decode_ms=490.7 first_token_ms=2203.0 generation_tps=3.678 token_ids=576:1467:16555:279:7525:315:279:28809:323:279:10001:304:2033:311:264:2150:14527:13:576:28809:31995:264:1598:7177:369:1817:17654:323:10797:9079:1948:48094:3118:389:2795:43363:13:3197:264:2150:14527:13666:11:279:10001:1329:973:279:2150:12731:11:5574:973:264:4034:11:40587:432:448:821:11:323:8837:279
LEAF index=3 group=0 mig=31ffbfe4 exit=0 text=a4a8a897200a1a72 context_ms=47.2 load_ms=8.14 decode_ms=587.4 first_token_ms=2283.1 generation_tps=2.798 token_ids=576:1467:16555:279:7525:315:279:28809:323:279:10001:304:2033:311:264:2150:14527:13:576:28809:31995:264:1598:7177:369:1817:17654:323:10797:9079:1948:48094:3118:389:2795:43363:13:3197:264:2150:14527:13666:11:279:10001:1329:973:279:2150:12731:11:5574:973:264:4034:11:40587:432:448:821:11:323:8837:279
LEAF index=4 group=1 mig=31ffbfe4 exit=0 text=6fcd5b33e219e31a context_ms=40.2 load_ms=8.35 decode_ms=379.2 first_token_ms=1965.6 generation_tps=2.785 token_ids=576:1467:34334:279:28809:323:10001:7525:11:7945:21080:389:1246:279:28809:28872:9079:3941:5248:36586:323:1246:264:2150:14527:374:17608:13:3197:264:2150:14527:13666:11:279:10001:1329:973:279:12731:11:5574:973:264:4034:11:40587:432:11:323:8837:279:2150:1965:1573:592:29489:279:3383:13:576:28809:31995:264
LEAF index=5 group=1 mig=fafc828a exit=0 text=e4766354bc4d1795 context_ms=49.0 load_ms=8.22 decode_ms=493.0 first_token_ms=2175.4 generation_tps=3.676 token_ids=576:1467:34334:279:28809:323:10001:7525:11:7945:21080:389:1246:279:28809:28872:9079:3941:5248:36586:323:1246:264:2150:14527:374:17608:13:576:28809:31995:264:1598:7177:369:1817:17654:323:8702:2095:9079:3118:389:2795:43363:13:3197:264:2150:14527:13666:11:279:10001:1329:973:279:8311:4938:12731:11:5574:973:264
LEAF index=6 group=1 mig=31ffbfe4 exit=0 text=7a05fb1ed84f6258 context_ms=47.9 load_ms=8.17 decode_ms=581.9 first_token_ms=2247.3 generation_tps=2.797 token_ids=576:1467:34334:279:28809:323:10001:7525:11:7945:21080:389:1246:279:28809:28872:9079:323:279:10001:13469:2150:56690:13:576:28809:31995:264:1598:7177:369:1817:17654:323:8702:2095:9079:311:8172:279:2795:13:3197:264:2150:14527:13666:11:279:10001:1329:973:279:2150:11:5574:973:264:4034:11:40587:432:11:323
LEAF index=7 group=1 mig=fafc828a exit=0 text=32946f2da09152f6 context_ms=49.4 load_ms=8.03 decode_ms=497.7 first_token_ms=2204.7 generation_tps=3.677 token_ids=576:1467:34334:279:28809:323:10001:7525:11:7945:21080:389:1246:279:28809:28872:9079:323:279:10001:13469:2150:56690:13:576:28809:31995:264:1598:7177:369:1817:17654:323:8702:2095:9079:311:8172:279:2795:13:3197:264:2150:14527:13666:11:279:10001:1329:973:279:2150:12731:11:5574:973:264:4034:11:40587:432:11
MEMORY tree_drop_mib=9192 files_attached_mib=1071 files_removed=1 files_end_mib=0
END_CASE failed=0 timed_out=0 wall_ms=51143
CASE mode=chain groups=2 leaves=4
ROOT exit=0 text=18e44990b9a3ac26 tokens=16321 publish_ms=8.81 state_bytes=261845 generation_tps=3.948
LEADER group=0 mig=fafc828a exit=0 text=acd613c4a2e08cd5 tokens=17794 context_ms=37.3 load_ms=7.43 publish_ms=10.59 state_bytes=285413 generation_tps=3.915
LEADER group=1 mig=31ffbfe4 exit=0 text=1cb5a4c4e389dcfb tokens=17794 context_ms=37.2 load_ms=7.27 publish_ms=10.31 state_bytes=285413 generation_tps=3.443
LEAF index=0 group=0 mig=fafc828a exit=0 text=9e14e9e05c98f3f0 context_ms=37.6 load_ms=7.96 decode_ms=273.2 first_token_ms=1665.9 generation_tps=3.643 token_ids=576:1467:16555:279:7525:315:279:28809:323:279:10001:304:2033:311:264:2150:14527:13:576:28809:31995:264:1598:7177:369:1817:17654:323:10797:9079:1948:48094:3118:389:2795:43363:11:1393:279:10001:5574:973:264:4034:11:40587:432:11:323:8837:279:2150:1965:1573:592:29489:279:3383:13:220:16:13:576:1467
LEAF index=1 group=0 mig=31ffbfe4 exit=0 text=df60c6dfd2bbef82 context_ms=42.2 load_ms=7.99 decode_ms=558.6 first_token_ms=2214.1 generation_tps=2.793 token_ids=576:1467:16555:279:7525:315:279:28809:323:279:10001:304:2033:311:264:2150:14527:13:576:28809:31995:264:1598:7177:369:1817:17654:323:10797:9079:1948:48094:3118:389:2795:43363:13:3197:264:2150:14527:13666:11:279:10001:1329:973:279:12731:11:5574:973:264:4034:11:40587:432:11:323:8837:279:2150:1965:1573
LEAF index=2 group=0 mig=fafc828a exit=0 text=a4a8a897200a1a72 context_ms=42.4 load_ms=8.56 decode_ms=497.0 first_token_ms=2159.0 generation_tps=3.681 token_ids=576:1467:16555:279:7525:315:279:28809:323:279:10001:304:2033:311:264:2150:14527:13:576:28809:31995:264:1598:7177:369:1817:17654:323:10797:9079:1948:48094:3118:389:2795:43363:13:3197:264:2150:14527:13666:11:279:10001:1329:973:279:2150:12731:11:5574:973:264:4034:11:40587:432:448:821:11:323:8837:279
LEAF index=3 group=0 mig=31ffbfe4 exit=0 text=a4a8a897200a1a72 context_ms=43.6 load_ms=8.33 decode_ms=550.5 first_token_ms=2191.1 generation_tps=2.792 token_ids=576:1467:16555:279:7525:315:279:28809:323:279:10001:304:2033:311:264:2150:14527:13:576:28809:31995:264:1598:7177:369:1817:17654:323:10797:9079:1948:48094:3118:389:2795:43363:13:3197:264:2150:14527:13666:11:279:10001:1329:973:279:2150:12731:11:5574:973:264:4034:11:40587:432:448:821:11:323:8837:279
LEAF index=4 group=1 mig=31ffbfe4 exit=0 text=6fcd5b33e219e31a context_ms=45.8 load_ms=8.54 decode_ms=548.8 first_token_ms=2183.5 generation_tps=2.789 token_ids=576:1467:34334:279:28809:323:10001:7525:11:7945:21080:389:1246:279:28809:28872:9079:3941:5248:36586:323:1246:264:2150:14527:374:17608:13:3197:264:2150:14527:13666:11:279:10001:1329:973:279:12731:11:5574:973:264:4034:11:40587:432:11:323:8837:279:2150:1965:1573:592:29489:279:3383:13:576:28809:31995:264
LEAF index=5 group=1 mig=fafc828a exit=0 text=e4766354bc4d1795 context_ms=37.4 load_ms=8.02 decode_ms=411.5 first_token_ms=1962.4 generation_tps=3.652 token_ids=576:1467:34334:279:28809:323:10001:7525:11:7945:21080:389:1246:279:28809:28872:9079:3941:5248:36586:323:1246:264:2150:14527:374:17608:13:576:28809:31995:264:1598:7177:369:1817:17654:323:8702:2095:9079:3118:389:2795:43363:13:3197:264:2150:14527:13666:11:279:10001:1329:973:279:8311:4938:12731:11:5574:973:264
LEAF index=6 group=1 mig=31ffbfe4 exit=0 text=7a05fb1ed84f6258 context_ms=45.1 load_ms=8.40 decode_ms=550.3 first_token_ms=2174.5 generation_tps=2.796 token_ids=576:1467:34334:279:28809:323:10001:7525:11:7945:21080:389:1246:279:28809:28872:9079:323:279:10001:13469:2150:56690:13:576:28809:31995:264:1598:7177:369:1817:17654:323:8702:2095:9079:311:8172:279:2795:13:3197:264:2150:14527:13666:11:279:10001:1329:973:279:2150:11:5574:973:264:4034:11:40587:432:11:323
LEAF index=7 group=1 mig=fafc828a exit=0 text=32946f2da09152f6 context_ms=44.4 load_ms=8.42 decode_ms=518.1 first_token_ms=2176.8 generation_tps=3.685 token_ids=576:1467:34334:279:28809:323:10001:7525:11:7945:21080:389:1246:279:28809:28872:9079:323:279:10001:13469:2150:56690:13:576:28809:31995:264:1598:7177:369:1817:17654:323:8702:2095:9079:311:8172:279:2795:13:3197:264:2150:14527:13666:11:279:10001:1329:973:279:2150:12731:11:5574:973:264:4034:11:40587:432:11
MEMORY tree_drop_mib=9479 files_attached_mib=1344 files_removed=1 files_end_mib=0
END_CASE failed=0 timed_out=0 wall_ms=51078
CASE mode=flat groups=2 leaves=4
ROOT exit=0 text=18e44990b9a3ac26 tokens=16321 publish_ms=11.55 state_bytes=261845 generation_tps=3.482
LEADER group=0 mig=fafc828a exit=0 text=acd613c4a2e08cd5 tokens=16321 context_ms=35.3 load_ms=7.29 publish_ms= state_bytes= generation_tps=3.603
LEADER group=1 mig=31ffbfe4 exit=0 text=1cb5a4c4e389dcfb tokens=16321 context_ms=34.6 load_ms=7.36 publish_ms= state_bytes= generation_tps=2.552
LEAF index=0 group=0 mig=fafc828a exit=0 text=9e14e9e05c98f3f0 context_ms=37.3 load_ms=7.58 decode_ms=14488.3 first_token_ms=15690.4 generation_tps=4.052 token_ids=576:1467:16555:279:7525:315:279:28809:323:279:10001:304:2033:311:264:2150:14527:13:576:28809:31995:264:1598:7177:369:1817:17654:323:10797:9079:1948:48094:3118:389:2795:43363:11:1393:279:10001:5574:973:264:4034:11:40587:432:11:323:8837:279:2150:1965:1573:592:29489:279:3383:13:220:16:13:576:1467
LEAF index=1 group=0 mig=31ffbfe4 exit=0 text=df60c6dfd2bbef82 context_ms=43.4 load_ms=8.12 decode_ms=20298.6 first_token_ms=21813.0 generation_tps=2.849 token_ids=576:1467:16555:279:7525:315:279:28809:323:279:10001:304:2033:311:264:2150:14527:13:576:28809:31995:264:1598:7177:369:1817:17654:323:10797:9079:1948:48094:3118:389:2795:43363:13:3197:264:2150:14527:13666:11:279:10001:1329:973:279:12731:11:5574:973:264:4034:11:40587:432:11:323:8837:279:2150:1965:1573
LEAF index=2 group=0 mig=fafc828a exit=0 text=a4a8a897200a1a72 context_ms=49.6 load_ms=7.36 decode_ms=14732.6 first_token_ms=16271.5 generation_tps=4.120 token_ids=576:1467:16555:279:7525:315:279:28809:323:279:10001:304:2033:311:264:2150:14527:13:576:28809:31995:264:1598:7177:369:1817:17654:323:10797:9079:1948:48094:3118:389:2795:43363:13:3197:264:2150:14527:13666:11:279:10001:1329:973:279:2150:12731:11:5574:973:264:4034:11:40587:432:448:821:11:323:8837:279
LEAF index=3 group=0 mig=31ffbfe4 exit=0 text=a4a8a897200a1a72 context_ms=35.2 load_ms=7.36 decode_ms=20132.7 first_token_ms=21554.7 generation_tps=2.835 token_ids=576:1467:16555:279:7525:315:279:28809:323:279:10001:304:2033:311:264:2150:14527:13:576:28809:31995:264:1598:7177:369:1817:17654:323:10797:9079:1948:48094:3118:389:2795:43363:13:3197:264:2150:14527:13666:11:279:10001:1329:973:279:2150:12731:11:5574:973:264:4034:11:40587:432:448:821:11:323:8837:279
LEAF index=4 group=1 mig=31ffbfe4 exit=0 text=6fcd5b33e219e31a context_ms=50.4 load_ms=7.71 decode_ms=20312.0 first_token_ms=21834.0 generation_tps=2.847 token_ids=576:1467:34334:279:28809:323:10001:7525:11:7945:21080:389:1246:279:28809:28872:9079:3941:5248:36586:323:1246:264:2150:14527:374:17608:13:3197:264:2150:14527:13666:11:279:10001:1329:973:279:12731:11:5574:973:264:4034:11:40587:432:11:323:8837:279:2150:1965:1573:592:29489:279:3383:13:576:28809:31995:264
LEAF index=5 group=1 mig=fafc828a exit=0 text=8d28223f6de3b123 context_ms=41.7 load_ms=7.68 decode_ms=14826.5 first_token_ms=16356.6 generation_tps=4.143 token_ids=576:1467:34334:279:28809:323:10001:7525:11:7945:21080:389:1246:279:28809:28872:9079:3941:5248:36586:323:1246:264:2150:14527:374:17608:13:576:28809:31995:264:1598:7177:369:1817:17654:323:8702:2095:9079:311:8172:279:2795:13:3197:264:2150:14527:13666:11:279:10001:1329:973:279:2150:11:5574:973:264:4034:11
LEAF index=6 group=1 mig=31ffbfe4 exit=0 text=7a05fb1ed84f6258 context_ms=48.6 load_ms=7.38 decode_ms=20324.5 first_token_ms=21832.9 generation_tps=2.848 token_ids=576:1467:34334:279:28809:323:10001:7525:11:7945:21080:389:1246:279:28809:28872:9079:323:279:10001:13469:2150:56690:13:576:28809:31995:264:1598:7177:369:1817:17654:323:8702:2095:9079:311:8172:279:2795:13:3197:264:2150:14527:13666:11:279:10001:1329:973:279:2150:11:5574:973:264:4034:11:40587:432:11:323
LEAF index=7 group=1 mig=fafc828a exit=0 text=32946f2da09152f6 context_ms=36.6 load_ms=7.66 decode_ms=14800.5 first_token_ms=16226.2 generation_tps=4.114 token_ids=576:1467:34334:279:28809:323:10001:7525:11:7945:21080:389:1246:279:28809:28872:9079:323:279:10001:13469:2150:56690:13:576:28809:31995:264:1598:7177:369:1817:17654:323:8702:2095:9079:311:8172:279:2795:13:3197:264:2150:14527:13666:11:279:10001:1329:973:279:2150:12731:11:5574:973:264:4034:11:40587:432:11
MEMORY tree_drop_mib=9861 files_attached_mib=896 files_removed=1 files_end_mib=0
END_CASE failed=0 timed_out=0 wall_ms=66683
CASE mode=copy groups=2 leaves=4
ROOT exit=0 text=18e44990b9a3ac26 tokens=16321 publish_ms=559.59 state_bytes=936173269 generation_tps=4.135
LEADER group=0 mig=fafc828a exit=0 text=acd613c4a2e08cd5 tokens=17794 context_ms=55.3 load_ms=176.71 publish_ms=616.67 state_bytes=1020664549 generation_tps=4.116
LEADER group=1 mig=31ffbfe4 exit=0 text=1cb5a4c4e389dcfb tokens=17794 context_ms=58.3 load_ms=250.17 publish_ms=581.71 state_bytes=1020664549 generation_tps=3.729
LEAF index=0 group=0 mig=fafc828a exit=0 text=9e14e9e05c98f3f0 context_ms=199.7 load_ms=536.69 decode_ms=513.5 first_token_ms=2913.6 generation_tps=3.808 token_ids=576:1467:16555:279:7525:315:279:28809:323:279:10001:304:2033:311:264:2150:14527:13:576:28809:31995:264:1598:7177:369:1817:17654:323:10797:9079:1948:48094:3118:389:2795:43363:11:1393:279:10001:5574:973:264:4034:11:40587:432:11:323:8837:279:2150:1965:1573:592:29489:279:3383:13:220:16:13:576:1467
LEAF index=1 group=0 mig=31ffbfe4 exit=0 text=df60c6dfd2bbef82 context_ms=172.5 load_ms=344.72 decode_ms=444.2 first_token_ms=2585.8 generation_tps=2.915 token_ids=576:1467:16555:279:7525:315:279:28809:323:279:10001:304:2033:311:264:2150:14527:13:576:28809:31995:264:1598:7177:369:1817:17654:323:10797:9079:1948:48094:3118:389:2795:43363:13:3197:264:2150:14527:13666:11:279:10001:1329:973:279:12731:11:5574:973:264:4034:11:40587:432:11:323:8837:279:2150:1965:1573
LEAF index=2 group=0 mig=fafc828a exit=0 text=a4a8a897200a1a72 context_ms=213.4 load_ms=527.53 decode_ms=521.2 first_token_ms=2924.2 generation_tps=3.809 token_ids=576:1467:16555:279:7525:315:279:28809:323:279:10001:304:2033:311:264:2150:14527:13:576:28809:31995:264:1598:7177:369:1817:17654:323:10797:9079:1948:48094:3118:389:2795:43363:13:3197:264:2150:14527:13666:11:279:10001:1329:973:279:2150:12731:11:5574:973:264:4034:11:40587:432:448:821:11:323:8837:279
LEAF index=3 group=0 mig=31ffbfe4 exit=0 text=a4a8a897200a1a72 context_ms=202.4 load_ms=569.82 decode_ms=593.4 first_token_ms=2988.0 generation_tps=2.944 token_ids=576:1467:16555:279:7525:315:279:28809:323:279:10001:304:2033:311:264:2150:14527:13:576:28809:31995:264:1598:7177:369:1817:17654:323:10797:9079:1948:48094:3118:389:2795:43363:13:3197:264:2150:14527:13666:11:279:10001:1329:973:279:2150:12731:11:5574:973:264:4034:11:40587:432:448:821:11:323:8837:279
LEAF index=4 group=1 mig=31ffbfe4 exit=0 text=6fcd5b33e219e31a context_ms=191.7 load_ms=416.55 decode_ms=551.2 first_token_ms=2790.3 generation_tps=2.924 token_ids=576:1467:34334:279:28809:323:10001:7525:11:7945:21080:389:1246:279:28809:28872:9079:3941:5248:36586:323:1246:264:2150:14527:374:17608:13:3197:264:2150:14527:13666:11:279:10001:1329:973:279:12731:11:5574:973:264:4034:11:40587:432:11:323:8837:279:2150:1965:1573:592:29489:279:3383:13:576:28809:31995:264
LEAF index=5 group=1 mig=fafc828a exit=0 text=e4766354bc4d1795 context_ms=87.6 load_ms=377.62 decode_ms=360.5 first_token_ms=2353.1 generation_tps=3.767 token_ids=576:1467:34334:279:28809:323:10001:7525:11:7945:21080:389:1246:279:28809:28872:9079:3941:5248:36586:323:1246:264:2150:14527:374:17608:13:576:28809:31995:264:1598:7177:369:1817:17654:323:8702:2095:9079:3118:389:2795:43363:13:3197:264:2150:14527:13666:11:279:10001:1329:973:279:8311:4938:12731:11:5574:973:264
LEAF index=6 group=1 mig=31ffbfe4 exit=0 text=7a05fb1ed84f6258 context_ms=195.1 load_ms=392.85 decode_ms=550.0 first_token_ms=2784.3 generation_tps=2.919 token_ids=576:1467:34334:279:28809:323:10001:7525:11:7945:21080:389:1246:279:28809:28872:9079:323:279:10001:13469:2150:56690:13:576:28809:31995:264:1598:7177:369:1817:17654:323:8702:2095:9079:311:8172:279:2795:13:3197:264:2150:14527:13666:11:279:10001:1329:973:279:2150:11:5574:973:264:4034:11:40587:432:11:323
LEAF index=7 group=1 mig=fafc828a exit=0 text=32946f2da09152f6 context_ms=125.0 load_ms=554.54 decode_ms=421.9 first_token_ms=2657.4 generation_tps=3.776 token_ids=576:1467:34334:279:28809:323:10001:7525:11:7945:21080:389:1246:279:28809:28872:9079:323:279:10001:13469:2150:56690:13:576:28809:31995:264:1598:7177:369:1817:17654:323:8702:2095:9079:311:8172:279:2795:13:3197:264:2150:14527:13666:11:279:10001:1329:973:279:2150:12731:11:5574:973:264:4034:11:40587:432:11
MEMORY tree_drop_mib=27973 files_attached_mib=0 files_removed=0 files_end_mib=0
END_CASE failed=0 timed_out=0 wall_ms=51715
END_KVTREE
