BEGIN_KVMPS run=1 paragraphs=80 context=8192
REFERENCE who=0 mig=fafc828a text=c762b6e82f144cca
REFERENCE who=1 mig=fafc828a text=5f0f74be36dfb05d
REFERENCE who=1 mig=31ffbfe4 text=a6744d23ffb20e20
REFERENCE who=2 mig=fafc828a text=45d93d75d8c246b5
REFERENCE who=3 mig=fafc828a text=4a8f18b77dbe0332
REFERENCE who=3 mig=31ffbfe4 text=45d93d75d8c246b5
REFERENCE who=4 mig=fafc828a text=46404abc10d87546
REFERENCE who=5 mig=fafc828a text=46404abc10d87546
REFERENCE who=5 mig=31ffbfe4 text=46404abc10d87546
REFERENCE who=6 mig=fafc828a text=46404abc10d87546
REFERENCE who=7 mig=fafc828a text=46404abc10d87546
REFERENCE who=7 mig=31ffbfe4 text=46404abc10d87546
CASE config=timeslice mode=copy children=4
PARENT mig=fafc828a exit=0 text=8e42d861853d43f0 prefix_tokens=4081 prefix_ms=4381.3 publish_ms=199.69 state_bytes=234086869 suffix_tokens=13 model_ms=593.7 context_ms=28.6 suffix_ms=55.7 first_token_ms=5354.3 generation_ms=8903.7 generated=64 generation_tps=7.188
CHILD index=0 mig=fafc828a exit=0 text=c762b6e82f144cca role=child prefix_tokens=4081 suffix_tokens=16 model_ms=785.4 context_ms=29.7 state_ms=159.88 prefix_ms=0.0 suffix_ms=192.6 first_token_ms=1279.7 generation_ms=12130.2 generated=64 generation_tps=5.276
CHILD index=1 mig=fafc828a exit=0 text=5f0f74be36dfb05d role=child prefix_tokens=4081 suffix_tokens=16 model_ms=907.6 context_ms=30.4 state_ms=194.64 prefix_ms=0.0 suffix_ms=346.5 first_token_ms=1619.9 generation_ms=11992.7 generated=64 generation_tps=5.337
CHILD index=2 mig=fafc828a exit=0 text=45d93d75d8c246b5 role=child prefix_tokens=4081 suffix_tokens=16 model_ms=841.1 context_ms=34.6 state_ms=175.18 prefix_ms=0.0 suffix_ms=358.7 first_token_ms=1553.8 generation_ms=12029.8 generated=64 generation_tps=5.320
CHILD index=3 mig=fafc828a exit=0 text=4a8f18b77dbe0332 role=child prefix_tokens=4081 suffix_tokens=16 model_ms=836.1 context_ms=32.0 state_ms=173.67 prefix_ms=0.0 suffix_ms=278.1 first_token_ms=1465.0 generation_ms=12077.3 generated=64 generation_tps=5.299
MEMORY mem_available_drop_mib=4828 prefix_pss_mib=0 prefix_rss_mib=0 file_mib=0
END_CASE failed=0 timed_out=0 children_wall_ms=14115
CASE config=timeslice mode=extent children=4
PARENT mig=fafc828a exit=0 text=8e42d861853d43f0 prefix_tokens=4081 prefix_ms=4384.1 publish_ms=3.07 state_bytes=66005 suffix_tokens=13 model_ms=591.1 context_ms=23.2 suffix_ms=98.3 first_token_ms=5192.6 generation_ms=9159.9 generated=64 generation_tps=6.987
CHILD index=0 mig=fafc828a exit=0 text=c762b6e82f144cca role=child prefix_tokens=4081 suffix_tokens=16 model_ms=848.4 context_ms=102.4 state_ms=1.98 prefix_ms=0.0 suffix_ms=359.9 first_token_ms=1443.6 generation_ms=12126.9 generated=64 generation_tps=5.278
CHILD index=1 mig=fafc828a exit=0 text=5f0f74be36dfb05d role=child prefix_tokens=4081 suffix_tokens=16 model_ms=920.0 context_ms=59.4 state_ms=1.79 prefix_ms=0.0 suffix_ms=413.4 first_token_ms=1540.5 generation_ms=12067.2 generated=64 generation_tps=5.304
CHILD index=2 mig=fafc828a exit=0 text=45d93d75d8c246b5 role=child prefix_tokens=4081 suffix_tokens=16 model_ms=857.5 context_ms=26.5 state_ms=1.72 prefix_ms=0.0 suffix_ms=255.1 first_token_ms=1290.9 generation_ms=12230.9 generated=64 generation_tps=5.233
CHILD index=3 mig=fafc828a exit=0 text=4a8f18b77dbe0332 role=child prefix_tokens=4081 suffix_tokens=16 model_ms=853.6 context_ms=26.9 state_ms=1.89 prefix_ms=0.0 suffix_ms=264.6 first_token_ms=1296.7 generation_ms=12196.2 generated=64 generation_tps=5.248
MEMORY mem_available_drop_mib=3019 prefix_pss_mib=245 prefix_rss_mib=892 file_mib=224
END_CASE failed=0 timed_out=0 children_wall_ms=14007
CASE config=timeslice mode=copy children=8
PARENT mig=fafc828a exit=0 text=8e42d861853d43f0 prefix_tokens=4081 prefix_ms=4371.2 publish_ms=211.68 state_bytes=234086869 suffix_tokens=13 model_ms=616.7 context_ms=28.3 suffix_ms=57.2 first_token_ms=5404.9 generation_ms=12838.9 generated=64 generation_tps=4.985
CHILD index=0 mig=fafc828a exit=0 text=c762b6e82f144cca role=child prefix_tokens=4081 suffix_tokens=16 model_ms=866.8 context_ms=32.0 state_ms=130.75 prefix_ms=0.0 suffix_ms=183.8 first_token_ms=1413.8 generation_ms=21512.8 generated=64 generation_tps=2.975
CHILD index=1 mig=fafc828a exit=0 text=5f0f74be36dfb05d role=child prefix_tokens=4081 suffix_tokens=16 model_ms=1184.3 context_ms=45.0 state_ms=263.58 prefix_ms=0.0 suffix_ms=489.3 first_token_ms=2250.8 generation_ms=22211.8 generated=64 generation_tps=2.881
CHILD index=2 mig=fafc828a exit=0 text=45d93d75d8c246b5 role=child prefix_tokens=4081 suffix_tokens=16 model_ms=1189.6 context_ms=56.1 state_ms=268.59 prefix_ms=0.0 suffix_ms=599.5 first_token_ms=2407.9 generation_ms=22237.7 generated=64 generation_tps=2.878
CHILD index=3 mig=fafc828a exit=0 text=4a8f18b77dbe0332 role=child prefix_tokens=4081 suffix_tokens=16 model_ms=1174.5 context_ms=51.2 state_ms=270.33 prefix_ms=0.0 suffix_ms=598.9 first_token_ms=2392.0 generation_ms=22240.0 generated=64 generation_tps=2.878
CHILD index=4 mig=fafc828a exit=0 text=46404abc10d87546 role=child prefix_tokens=4081 suffix_tokens=16 model_ms=1196.2 context_ms=39.7 state_ms=266.89 prefix_ms=0.0 suffix_ms=585.2 first_token_ms=2386.8 generation_ms=22247.8 generated=64 generation_tps=2.877
CHILD index=5 mig=fafc828a exit=0 text=46404abc10d87546 role=child prefix_tokens=4081 suffix_tokens=16 model_ms=1175.5 context_ms=64.6 state_ms=265.44 prefix_ms=0.0 suffix_ms=560.0 first_token_ms=2359.8 generation_ms=22253.8 generated=64 generation_tps=2.876
CHILD index=6 mig=fafc828a exit=0 text=46404abc10d87546 role=child prefix_tokens=4081 suffix_tokens=16 model_ms=1230.1 context_ms=44.4 state_ms=254.13 prefix_ms=0.0 suffix_ms=587.2 first_token_ms=2400.5 generation_ms=22235.1 generated=64 generation_tps=2.878
CHILD index=7 mig=fafc828a exit=0 text=46404abc10d87546 role=child prefix_tokens=4081 suffix_tokens=16 model_ms=1167.4 context_ms=52.5 state_ms=264.25 prefix_ms=0.0 suffix_ms=580.6 first_token_ms=2359.1 generation_ms=22269.1 generated=64 generation_tps=2.874
MEMORY mem_available_drop_mib=9291 prefix_pss_mib=0 prefix_rss_mib=0 file_mib=0
END_CASE failed=0 timed_out=0 children_wall_ms=25229
CASE config=timeslice mode=extent children=8
PARENT mig=fafc828a exit=0 text=8e42d861853d43f0 prefix_tokens=4081 prefix_ms=4386.5 publish_ms=3.09 state_bytes=66005 suffix_tokens=13 model_ms=590.5 context_ms=22.8 suffix_ms=96.9 first_token_ms=5231.6 generation_ms=14196.6 generated=64 generation_tps=4.508
CHILD index=0 mig=fafc828a exit=0 text=c762b6e82f144cca role=child prefix_tokens=4081 suffix_tokens=16 model_ms=1205.9 context_ms=30.2 state_ms=1.82 prefix_ms=0.0 suffix_ms=542.9 first_token_ms=2034.5 generation_ms=22579.2 generated=64 generation_tps=2.834
CHILD index=1 mig=fafc828a exit=0 text=5f0f74be36dfb05d role=child prefix_tokens=4081 suffix_tokens=16 model_ms=878.8 context_ms=23.7 state_ms=1.90 prefix_ms=0.0 suffix_ms=174.5 first_token_ms=1289.6 generation_ms=22100.7 generated=64 generation_tps=2.896
CHILD index=2 mig=fafc828a exit=0 text=45d93d75d8c246b5 role=child prefix_tokens=4081 suffix_tokens=16 model_ms=1128.1 context_ms=23.7 state_ms=1.94 prefix_ms=0.0 suffix_ms=471.8 first_token_ms=1921.4 generation_ms=22575.5 generated=64 generation_tps=2.835
CHILD index=3 mig=fafc828a exit=0 text=4a8f18b77dbe0332 role=child prefix_tokens=4081 suffix_tokens=16 model_ms=1173.0 context_ms=32.2 state_ms=1.90 prefix_ms=0.0 suffix_ms=574.4 first_token_ms=2069.2 generation_ms=22545.6 generated=64 generation_tps=2.839
CHILD index=4 mig=fafc828a exit=0 text=46404abc10d87546 role=child prefix_tokens=4081 suffix_tokens=16 model_ms=1166.0 context_ms=63.4 state_ms=1.76 prefix_ms=0.0 suffix_ms=602.7 first_token_ms=2117.9 generation_ms=22542.7 generated=64 generation_tps=2.839
CHILD index=5 mig=fafc828a exit=0 text=46404abc10d87546 role=child prefix_tokens=4081 suffix_tokens=16 model_ms=1164.1 context_ms=29.0 state_ms=1.69 prefix_ms=0.0 suffix_ms=588.9 first_token_ms=2076.8 generation_ms=22562.9 generated=64 generation_tps=2.837
CHILD index=6 mig=fafc828a exit=0 text=46404abc10d87546 role=child prefix_tokens=4081 suffix_tokens=16 model_ms=1174.3 context_ms=27.1 state_ms=1.80 prefix_ms=0.0 suffix_ms=629.6 first_token_ms=2130.3 generation_ms=22527.9 generated=64 generation_tps=2.841
CHILD index=7 mig=fafc828a exit=0 text=46404abc10d87546 role=child prefix_tokens=4081 suffix_tokens=16 model_ms=1103.8 context_ms=24.6 state_ms=1.74 prefix_ms=0.0 suffix_ms=491.3 first_token_ms=1908.4 generation_ms=22598.6 generated=64 generation_tps=2.832
MEMORY mem_available_drop_mib=5749 prefix_pss_mib=234 prefix_rss_mib=1785 file_mib=224
END_CASE failed=0 timed_out=0 children_wall_ms=25186
CASE config=mps mode=copy children=4
PARENT mig=fafc828a exit=0 text=8e42d861853d43f0 prefix_tokens=4081 prefix_ms=4380.9 publish_ms=206.23 state_bytes=234086869 suffix_tokens=13 model_ms=597.9 context_ms=27.8 suffix_ms=52.8 first_token_ms=5478.2 generation_ms=7851.5 generated=64 generation_tps=8.151
CHILD index=0 mig=fafc828a exit=0 text=c762b6e82f144cca role=child prefix_tokens=4081 suffix_tokens=16 model_ms=789.0 context_ms=38.0 state_ms=85.61 prefix_ms=0.0 suffix_ms=297.9 first_token_ms=1413.3 generation_ms=10706.6 generated=64 generation_tps=5.978
CHILD index=1 mig=fafc828a exit=0 text=5f0f74be36dfb05d role=child prefix_tokens=4081 suffix_tokens=16 model_ms=782.1 context_ms=40.9 state_ms=85.68 prefix_ms=0.0 suffix_ms=300.0 first_token_ms=1416.0 generation_ms=10712.2 generated=64 generation_tps=5.975
CHILD index=2 mig=fafc828a exit=0 text=45d93d75d8c246b5 role=child prefix_tokens=4081 suffix_tokens=16 model_ms=839.3 context_ms=30.3 state_ms=88.89 prefix_ms=0.0 suffix_ms=305.7 first_token_ms=1464.9 generation_ms=10681.1 generated=64 generation_tps=5.992
CHILD index=3 mig=fafc828a exit=0 text=4a8f18b77dbe0332 role=child prefix_tokens=4081 suffix_tokens=16 model_ms=773.0 context_ms=35.7 state_ms=90.49 prefix_ms=0.0 suffix_ms=288.4 first_token_ms=1390.8 generation_ms=10735.8 generated=64 generation_tps=5.961
MEMORY mem_available_drop_mib=4990 prefix_pss_mib=0 prefix_rss_mib=0 file_mib=0
END_CASE failed=0 timed_out=0 children_wall_ms=12654
CASE config=mps mode=extent children=4
PARENT mig=fafc828a exit=0 text=8e42d861853d43f0 prefix_tokens=4081 prefix_ms=4380.0 publish_ms=3.09 state_bytes=66005 suffix_tokens=13 model_ms=566.7 context_ms=22.6 suffix_ms=116.5 first_token_ms=5168.9 generation_ms=8517.0 generated=64 generation_tps=7.514
CHILD index=0 mig=fafc828a exit=0 text=c762b6e82f144cca role=child prefix_tokens=4081 suffix_tokens=16 model_ms=766.4 context_ms=23.9 state_ms=2.01 prefix_ms=0.0 suffix_ms=289.5 first_token_ms=1228.2 generation_ms=10926.6 generated=64 generation_tps=5.857
CHILD index=1 mig=fafc828a exit=0 text=5f0f74be36dfb05d role=child prefix_tokens=4081 suffix_tokens=16 model_ms=778.7 context_ms=24.3 state_ms=1.99 prefix_ms=0.0 suffix_ms=295.8 first_token_ms=1238.5 generation_ms=10927.6 generated=64 generation_tps=5.857
CHILD index=2 mig=fafc828a exit=0 text=45d93d75d8c246b5 role=child prefix_tokens=4081 suffix_tokens=16 model_ms=806.7 context_ms=23.2 state_ms=1.97 prefix_ms=0.0 suffix_ms=317.1 first_token_ms=1296.5 generation_ms=10881.5 generated=64 generation_tps=5.882
CHILD index=3 mig=fafc828a exit=0 text=4a8f18b77dbe0332 role=child prefix_tokens=4081 suffix_tokens=16 model_ms=781.4 context_ms=23.9 state_ms=1.97 prefix_ms=0.0 suffix_ms=308.7 first_token_ms=1262.5 generation_ms=10911.1 generated=64 generation_tps=5.866
MEMORY mem_available_drop_mib=2905 prefix_pss_mib=223 prefix_rss_mib=892 file_mib=224
END_CASE failed=0 timed_out=0 children_wall_ms=12619
CASE config=mps mode=copy children=8
PARENT mig=fafc828a exit=0 text=8e42d861853d43f0 prefix_tokens=4081 prefix_ms=4381.5 publish_ms=211.34 state_bytes=234086869 suffix_tokens=13 model_ms=568.2 context_ms=27.7 suffix_ms=57.3 first_token_ms=5345.4 generation_ms=11742.2 generated=64 generation_tps=5.450
CHILD index=0 mig=fafc828a exit=0 text=c762b6e82f144cca role=child prefix_tokens=4081 suffix_tokens=16 model_ms=980.7 context_ms=28.9 state_ms=100.14 prefix_ms=0.0 suffix_ms=339.8 first_token_ms=1689.0 generation_ms=19958.2 generated=64 generation_tps=3.207
CHILD index=1 mig=fafc828a exit=0 text=5f0f74be36dfb05d role=child prefix_tokens=4081 suffix_tokens=16 model_ms=994.2 context_ms=36.2 state_ms=103.16 prefix_ms=0.0 suffix_ms=464.8 first_token_ms=1892.7 generation_ms=20026.2 generated=64 generation_tps=3.196
CHILD index=2 mig=fafc828a exit=0 text=45d93d75d8c246b5 role=child prefix_tokens=4081 suffix_tokens=16 model_ms=1032.0 context_ms=52.3 state_ms=103.35 prefix_ms=0.0 suffix_ms=511.0 first_token_ms=2000.2 generation_ms=19977.1 generated=64 generation_tps=3.204
CHILD index=3 mig=fafc828a exit=0 text=4a8f18b77dbe0332 role=child prefix_tokens=4081 suffix_tokens=16 model_ms=1046.0 context_ms=50.4 state_ms=104.48 prefix_ms=0.0 suffix_ms=503.7 first_token_ms=1983.3 generation_ms=19987.3 generated=64 generation_tps=3.202
CHILD index=4 mig=fafc828a exit=0 text=46404abc10d87546 role=child prefix_tokens=4081 suffix_tokens=16 model_ms=968.2 context_ms=34.1 state_ms=111.23 prefix_ms=0.0 suffix_ms=461.1 first_token_ms=1875.0 generation_ms=20022.9 generated=64 generation_tps=3.196
CHILD index=5 mig=fafc828a exit=0 text=46404abc10d87546 role=child prefix_tokens=4081 suffix_tokens=16 model_ms=1045.0 context_ms=39.0 state_ms=98.38 prefix_ms=0.0 suffix_ms=502.4 first_token_ms=1985.7 generation_ms=19963.2 generated=64 generation_tps=3.206
CHILD index=6 mig=fafc828a exit=0 text=46404abc10d87546 role=child prefix_tokens=4081 suffix_tokens=16 model_ms=977.6 context_ms=39.0 state_ms=107.20 prefix_ms=0.0 suffix_ms=464.7 first_token_ms=1893.8 generation_ms=19996.5 generated=64 generation_tps=3.201
CHILD index=7 mig=fafc828a exit=0 text=46404abc10d87546 role=child prefix_tokens=4081 suffix_tokens=16 model_ms=1016.9 context_ms=46.4 state_ms=101.35 prefix_ms=0.0 suffix_ms=499.6 first_token_ms=1952.9 generation_ms=19994.3 generated=64 generation_tps=3.201
MEMORY mem_available_drop_mib=9485 prefix_pss_mib=0 prefix_rss_mib=0 file_mib=0
END_CASE failed=0 timed_out=0 children_wall_ms=22539
CASE config=mps mode=extent children=8
PARENT mig=fafc828a exit=0 text=8e42d861853d43f0 prefix_tokens=4081 prefix_ms=4377.6 publish_ms=3.08 state_bytes=66005 suffix_tokens=13 model_ms=569.6 context_ms=22.3 suffix_ms=105.3 first_token_ms=5181.8 generation_ms=13837.8 generated=64 generation_tps=4.625
CHILD index=0 mig=fafc828a exit=0 text=c762b6e82f144cca role=child prefix_tokens=4081 suffix_tokens=16 model_ms=972.7 context_ms=24.2 state_ms=1.97 prefix_ms=0.0 suffix_ms=453.2 first_token_ms=1751.4 generation_ms=20059.3 generated=64 generation_tps=3.191
CHILD index=1 mig=fafc828a exit=0 text=5f0f74be36dfb05d role=child prefix_tokens=4081 suffix_tokens=16 model_ms=637.4 context_ms=29.0 state_ms=2.06 prefix_ms=0.0 suffix_ms=184.7 first_token_ms=1076.3 generation_ms=19320.8 generated=64 generation_tps=3.312
CHILD index=2 mig=fafc828a exit=0 text=45d93d75d8c246b5 role=child prefix_tokens=4081 suffix_tokens=16 model_ms=997.5 context_ms=33.9 state_ms=1.90 prefix_ms=0.0 suffix_ms=504.0 first_token_ms=1825.1 generation_ms=20076.2 generated=64 generation_tps=3.188
CHILD index=3 mig=fafc828a exit=0 text=4a8f18b77dbe0332 role=child prefix_tokens=4081 suffix_tokens=16 model_ms=992.2 context_ms=31.3 state_ms=1.94 prefix_ms=0.0 suffix_ms=557.3 first_token_ms=1874.6 generation_ms=20043.1 generated=64 generation_tps=3.193
CHILD index=4 mig=fafc828a exit=0 text=46404abc10d87546 role=child prefix_tokens=4081 suffix_tokens=16 model_ms=1032.7 context_ms=29.8 state_ms=1.90 prefix_ms=0.0 suffix_ms=508.3 first_token_ms=1860.7 generation_ms=20064.8 generated=64 generation_tps=3.190
CHILD index=5 mig=fafc828a exit=0 text=46404abc10d87546 role=child prefix_tokens=4081 suffix_tokens=16 model_ms=1005.6 context_ms=31.0 state_ms=2.33 prefix_ms=0.0 suffix_ms=484.9 first_token_ms=1824.2 generation_ms=20043.9 generated=64 generation_tps=3.193
CHILD index=6 mig=fafc828a exit=0 text=46404abc10d87546 role=child prefix_tokens=4081 suffix_tokens=16 model_ms=978.6 context_ms=29.0 state_ms=1.82 prefix_ms=0.0 suffix_ms=537.9 first_token_ms=1839.5 generation_ms=20057.1 generated=64 generation_tps=3.191
CHILD index=7 mig=fafc828a exit=0 text=46404abc10d87546 role=child prefix_tokens=4081 suffix_tokens=16 model_ms=1019.6 context_ms=26.9 state_ms=1.84 prefix_ms=0.0 suffix_ms=570.7 first_token_ms=1917.0 generation_ms=20009.7 generated=64 generation_tps=3.198
MEMORY mem_available_drop_mib=5684 prefix_pss_mib=227 prefix_rss_mib=1785 file_mib=224
END_CASE failed=0 timed_out=0 children_wall_ms=22425
CASE config=mig mode=copy children=4
PARENT mig=fafc828a exit=0 text=8e42d861853d43f0 prefix_tokens=4081 prefix_ms=4376.9 publish_ms=230.51 state_bytes=234086869 suffix_tokens=13 model_ms=601.1 context_ms=28.6 suffix_ms=55.5 first_token_ms=5400.6 generation_ms=5937.3 generated=64 generation_tps=10.779
CHILD index=0 mig=fafc828a exit=0 text=c762b6e82f144cca role=child prefix_tokens=4081 suffix_tokens=16 model_ms=787.8 context_ms=34.0 state_ms=135.28 prefix_ms=0.0 suffix_ms=193.1 first_token_ms=1283.5 generation_ms=7102.1 generated=64 generation_tps=9.011
CHILD index=1 mig=31ffbfe4 exit=0 text=3e8e491b5e31337a role=child prefix_tokens=4081 suffix_tokens=16 model_ms=835.4 context_ms=29.8 state_ms=80.48 prefix_ms=0.0 suffix_ms=216.3 first_token_ms=1309.3 generation_ms=8615.0 generated=64 generation_tps=7.429
CHILD index=2 mig=fafc828a exit=0 text=45d93d75d8c246b5 role=child prefix_tokens=4081 suffix_tokens=16 model_ms=885.6 context_ms=34.3 state_ms=183.07 prefix_ms=0.0 suffix_ms=250.0 first_token_ms=1507.8 generation_ms=6955.8 generated=64 generation_tps=9.201
CHILD index=3 mig=31ffbfe4 exit=0 text=3fd8649867d4bb41 role=child prefix_tokens=4081 suffix_tokens=16 model_ms=786.6 context_ms=29.1 state_ms=65.10 prefix_ms=0.0 suffix_ms=143.0 first_token_ms=1173.3 generation_ms=8667.7 generated=64 generation_tps=7.384
MEMORY mem_available_drop_mib=4987 prefix_pss_mib=0 prefix_rss_mib=0 file_mib=0
END_CASE failed=0 timed_out=0 children_wall_ms=10332
CASE config=mig mode=extent children=4
PARENT mig=fafc828a exit=0 text=8e42d861853d43f0 prefix_tokens=4081 prefix_ms=4371.7 publish_ms=3.22 state_bytes=66005 suffix_tokens=13 model_ms=608.6 context_ms=23.1 suffix_ms=111.7 first_token_ms=5231.2 generation_ms=6293.4 generated=64 generation_tps=10.169
CHILD index=0 mig=fafc828a exit=0 text=c762b6e82f144cca role=child prefix_tokens=4081 suffix_tokens=16 model_ms=850.4 context_ms=68.3 state_ms=2.14 prefix_ms=0.0 suffix_ms=258.4 first_token_ms=1321.6 generation_ms=7309.3 generated=64 generation_tps=8.756
CHILD index=1 mig=31ffbfe4 exit=0 text=3e8e491b5e31337a role=child prefix_tokens=4081 suffix_tokens=16 model_ms=935.7 context_ms=30.4 state_ms=2.40 prefix_ms=0.0 suffix_ms=138.5 first_token_ms=1252.4 generation_ms=8820.5 generated=64 generation_tps=7.256
CHILD index=2 mig=fafc828a exit=0 text=45d93d75d8c246b5 role=child prefix_tokens=4081 suffix_tokens=16 model_ms=837.0 context_ms=23.0 state_ms=1.97 prefix_ms=0.0 suffix_ms=179.5 first_token_ms=1193.4 generation_ms=7377.8 generated=64 generation_tps=8.675
CHILD index=3 mig=31ffbfe4 exit=0 text=3fd8649867d4bb41 role=child prefix_tokens=4081 suffix_tokens=16 model_ms=844.7 context_ms=24.0 state_ms=1.67 prefix_ms=0.0 suffix_ms=216.9 first_token_ms=1230.9 generation_ms=8814.4 generated=64 generation_tps=7.261
MEMORY mem_available_drop_mib=2853 prefix_pss_mib=223 prefix_rss_mib=892 file_mib=224
END_CASE failed=0 timed_out=0 children_wall_ms=10494
CASE config=mig mode=copy children=8
PARENT mig=fafc828a exit=0 text=8e42d861853d43f0 prefix_tokens=4081 prefix_ms=4374.6 publish_ms=229.98 state_bytes=234086869 suffix_tokens=13 model_ms=588.7 context_ms=27.8 suffix_ms=58.1 first_token_ms=5407.2 generation_ms=8195.8 generated=64 generation_tps=7.809
CHILD index=0 mig=fafc828a exit=0 text=c762b6e82f144cca role=child prefix_tokens=4081 suffix_tokens=16 model_ms=890.6 context_ms=34.6 state_ms=136.16 prefix_ms=0.0 suffix_ms=163.1 first_token_ms=1404.5 generation_ms=12127.0 generated=64 generation_tps=5.277
CHILD index=1 mig=31ffbfe4 exit=0 text=3e8e491b5e31337a role=child prefix_tokens=4081 suffix_tokens=16 model_ms=1051.2 context_ms=28.4 state_ms=57.36 prefix_ms=0.0 suffix_ms=140.7 first_token_ms=1517.7 generation_ms=16854.8 generated=64 generation_tps=3.797
CHILD index=2 mig=fafc828a exit=0 text=45d93d75d8c246b5 role=child prefix_tokens=4081 suffix_tokens=16 model_ms=1080.3 context_ms=38.2 state_ms=232.61 prefix_ms=0.0 suffix_ms=364.5 first_token_ms=2062.8 generation_ms=12139.0 generated=64 generation_tps=5.272
CHILD index=3 mig=31ffbfe4 exit=0 text=3fd8649867d4bb41 role=child prefix_tokens=4081 suffix_tokens=16 model_ms=1117.7 context_ms=51.4 state_ms=144.67 prefix_ms=0.0 suffix_ms=420.0 first_token_ms=2053.5 generation_ms=17033.6 generated=64 generation_tps=3.757
CHILD index=4 mig=fafc828a exit=0 text=46404abc10d87546 role=child prefix_tokens=4081 suffix_tokens=16 model_ms=1081.8 context_ms=44.3 state_ms=225.39 prefix_ms=0.0 suffix_ms=380.2 first_token_ms=2106.8 generation_ms=12153.6 generated=64 generation_tps=5.266
CHILD index=5 mig=31ffbfe4 exit=0 text=46404abc10d87546 role=child prefix_tokens=4081 suffix_tokens=16 model_ms=1151.0 context_ms=39.8 state_ms=152.05 prefix_ms=0.0 suffix_ms=450.5 first_token_ms=2114.0 generation_ms=16998.1 generated=64 generation_tps=3.765
CHILD index=6 mig=fafc828a exit=0 text=46404abc10d87546 role=child prefix_tokens=4081 suffix_tokens=16 model_ms=1111.7 context_ms=40.7 state_ms=225.57 prefix_ms=0.0 suffix_ms=392.0 first_token_ms=2121.2 generation_ms=12140.4 generated=64 generation_tps=5.272
CHILD index=7 mig=31ffbfe4 exit=0 text=46404abc10d87546 role=child prefix_tokens=4081 suffix_tokens=16 model_ms=1021.0 context_ms=51.2 state_ms=147.64 prefix_ms=0.0 suffix_ms=412.0 first_token_ms=2025.1 generation_ms=17055.4 generated=64 generation_tps=3.752
MEMORY mem_available_drop_mib=9500 prefix_pss_mib=0 prefix_rss_mib=0 file_mib=0
END_CASE failed=0 timed_out=0 children_wall_ms=19583
CASE config=mig mode=extent children=8
PARENT mig=fafc828a exit=0 text=8e42d861853d43f0 prefix_tokens=4081 prefix_ms=4386.9 publish_ms=3.10 state_bytes=66005 suffix_tokens=13 model_ms=590.3 context_ms=23.2 suffix_ms=99.0 first_token_ms=5228.8 generation_ms=8967.8 generated=64 generation_tps=7.137
CHILD index=0 mig=fafc828a exit=0 text=c762b6e82f144cca role=child prefix_tokens=4081 suffix_tokens=16 model_ms=855.0 context_ms=23.4 state_ms=1.86 prefix_ms=0.0 suffix_ms=161.7 first_token_ms=1263.9 generation_ms=12644.6 generated=64 generation_tps=5.061
CHILD index=1 mig=31ffbfe4 exit=0 text=3e8e491b5e31337a role=child prefix_tokens=4081 suffix_tokens=16 model_ms=1191.1 context_ms=25.4 state_ms=1.69 prefix_ms=0.0 suffix_ms=381.3 first_token_ms=1872.7 generation_ms=17654.5 generated=64 generation_tps=3.625
CHILD index=2 mig=fafc828a exit=0 text=45d93d75d8c246b5 role=child prefix_tokens=4081 suffix_tokens=16 model_ms=1094.5 context_ms=26.1 state_ms=1.77 prefix_ms=0.0 suffix_ms=357.2 first_token_ms=1783.4 generation_ms=12672.9 generated=64 generation_tps=5.050
CHILD index=3 mig=31ffbfe4 exit=0 text=3fd8649867d4bb41 role=child prefix_tokens=4081 suffix_tokens=16 model_ms=1143.3 context_ms=71.1 state_ms=1.89 prefix_ms=0.0 suffix_ms=404.0 first_token_ms=1918.6 generation_ms=17658.6 generated=64 generation_tps=3.624
CHILD index=4 mig=fafc828a exit=0 text=46404abc10d87546 role=child prefix_tokens=4081 suffix_tokens=16 model_ms=1215.7 context_ms=61.2 state_ms=2.11 prefix_ms=0.0 suffix_ms=401.4 first_token_ms=1961.3 generation_ms=12557.5 generated=64 generation_tps=5.097
CHILD index=5 mig=31ffbfe4 exit=0 text=46404abc10d87546 role=child prefix_tokens=4081 suffix_tokens=16 model_ms=1123.8 context_ms=24.9 state_ms=1.73 prefix_ms=0.0 suffix_ms=230.8 first_token_ms=1676.4 generation_ms=17664.0 generated=64 generation_tps=3.623
CHILD index=6 mig=fafc828a exit=0 text=46404abc10d87546 role=child prefix_tokens=4081 suffix_tokens=16 model_ms=1148.9 context_ms=28.6 state_ms=1.91 prefix_ms=0.0 suffix_ms=318.2 first_token_ms=1778.5 generation_ms=12675.5 generated=64 generation_tps=5.049
CHILD index=7 mig=31ffbfe4 exit=0 text=46404abc10d87546 role=child prefix_tokens=4081 suffix_tokens=16 model_ms=1155.8 context_ms=27.7 state_ms=1.91 prefix_ms=0.0 suffix_ms=394.9 first_token_ms=1869.5 generation_ms=17673.7 generated=64 generation_tps=3.621
MEMORY mem_available_drop_mib=5766 prefix_pss_mib=316 prefix_rss_mib=1785 file_mib=224
END_CASE failed=0 timed_out=0 children_wall_ms=20091
CASE config=mig_mps mode=copy children=4
PARENT mig=fafc828a exit=0 text=8e42d861853d43f0 prefix_tokens=4081 prefix_ms=4380.1 publish_ms=230.08 state_bytes=234086869 suffix_tokens=13 model_ms=627.3 context_ms=28.4 suffix_ms=54.9 first_token_ms=5536.3 generation_ms=5534.3 generated=64 generation_tps=11.564
CHILD index=0 mig=fafc828a exit=0 text=c762b6e82f144cca role=child prefix_tokens=4081 suffix_tokens=16 model_ms=737.7 context_ms=28.4 state_ms=84.53 prefix_ms=0.0 suffix_ms=245.3 first_token_ms=1260.8 generation_ms=6343.3 generated=64 generation_tps=10.089
CHILD index=1 mig=31ffbfe4 exit=0 text=3e8e491b5e31337a role=child prefix_tokens=4081 suffix_tokens=16 model_ms=676.0 context_ms=30.2 state_ms=66.61 prefix_ms=0.0 suffix_ms=165.0 first_token_ms=1187.1 generation_ms=7782.3 generated=64 generation_tps=8.224
CHILD index=2 mig=fafc828a exit=0 text=45d93d75d8c246b5 role=child prefix_tokens=4081 suffix_tokens=16 model_ms=700.0 context_ms=28.7 state_ms=88.44 prefix_ms=0.0 suffix_ms=226.0 first_token_ms=1196.9 generation_ms=6357.8 generated=64 generation_tps=10.066
CHILD index=3 mig=31ffbfe4 exit=0 text=3fd8649867d4bb41 role=child prefix_tokens=4081 suffix_tokens=16 model_ms=698.8 context_ms=29.9 state_ms=60.58 prefix_ms=0.0 suffix_ms=178.3 first_token_ms=1216.9 generation_ms=7773.1 generated=64 generation_tps=8.234
MEMORY mem_available_drop_mib=5021 prefix_pss_mib=0 prefix_rss_mib=0 file_mib=0
END_CASE failed=0 timed_out=0 children_wall_ms=9376
CASE config=mig_mps mode=extent children=4
PARENT mig=fafc828a exit=0 text=8e42d861853d43f0 prefix_tokens=4081 prefix_ms=4387.9 publish_ms=3.08 state_bytes=66005 suffix_tokens=13 model_ms=570.0 context_ms=22.5 suffix_ms=111.8 first_token_ms=5183.3 generation_ms=5704.2 generated=64 generation_tps=11.220
CHILD index=0 mig=fafc828a exit=0 text=c762b6e82f144cca role=child prefix_tokens=4081 suffix_tokens=16 model_ms=792.4 context_ms=27.4 state_ms=1.83 prefix_ms=0.0 suffix_ms=236.0 first_token_ms=1202.2 generation_ms=6599.3 generated=64 generation_tps=9.698
CHILD index=1 mig=31ffbfe4 exit=0 text=3e8e491b5e31337a role=child prefix_tokens=4081 suffix_tokens=16 model_ms=707.9 context_ms=23.0 state_ms=1.86 prefix_ms=0.0 suffix_ms=119.9 first_token_ms=981.0 generation_ms=7972.4 generated=64 generation_tps=8.028
CHILD index=2 mig=fafc828a exit=0 text=45d93d75d8c246b5 role=child prefix_tokens=4081 suffix_tokens=16 model_ms=787.7 context_ms=25.8 state_ms=1.95 prefix_ms=0.0 suffix_ms=303.6 first_token_ms=1265.3 generation_ms=6566.7 generated=64 generation_tps=9.746
CHILD index=3 mig=31ffbfe4 exit=0 text=3fd8649867d4bb41 role=child prefix_tokens=4081 suffix_tokens=16 model_ms=816.3 context_ms=24.9 state_ms=2.07 prefix_ms=0.0 suffix_ms=209.8 first_token_ms=1195.8 generation_ms=7895.0 generated=64 generation_tps=8.106
MEMORY mem_available_drop_mib=2876 prefix_pss_mib=223 prefix_rss_mib=892 file_mib=224
END_CASE failed=0 timed_out=0 children_wall_ms=9583
CASE config=mig_mps mode=copy children=8
PARENT mig=fafc828a exit=0 text=8e42d861853d43f0 prefix_tokens=4081 prefix_ms=4383.8 publish_ms=230.30 state_bytes=234086869 suffix_tokens=13 model_ms=602.0 context_ms=28.4 suffix_ms=57.0 first_token_ms=5401.8 generation_ms=7414.6 generated=64 generation_tps=8.632
CHILD index=0 mig=fafc828a exit=0 text=c762b6e82f144cca role=child prefix_tokens=4081 suffix_tokens=16 model_ms=984.4 context_ms=36.6 state_ms=106.21 prefix_ms=0.0 suffix_ms=319.3 first_token_ms=1743.1 generation_ms=10924.7 generated=64 generation_tps=5.858
CHILD index=1 mig=31ffbfe4 exit=0 text=3e8e491b5e31337a role=child prefix_tokens=4081 suffix_tokens=16 model_ms=701.6 context_ms=29.2 state_ms=59.83 prefix_ms=0.0 suffix_ms=116.0 first_token_ms=1124.2 generation_ms=14396.6 generated=64 generation_tps=4.445
CHILD index=2 mig=fafc828a exit=0 text=45d93d75d8c246b5 role=child prefix_tokens=4081 suffix_tokens=16 model_ms=889.3 context_ms=29.4 state_ms=98.27 prefix_ms=0.0 suffix_ms=249.6 first_token_ms=1544.5 generation_ms=10935.5 generated=64 generation_tps=5.852
CHILD index=3 mig=31ffbfe4 exit=0 text=3fd8649867d4bb41 role=child prefix_tokens=4081 suffix_tokens=16 model_ms=977.2 context_ms=35.6 state_ms=132.46 prefix_ms=0.0 suffix_ms=424.4 first_token_ms=1860.7 generation_ms=14998.7 generated=64 generation_tps=4.267
CHILD index=4 mig=fafc828a exit=0 text=46404abc10d87546 role=child prefix_tokens=4081 suffix_tokens=16 model_ms=1034.0 context_ms=36.3 state_ms=97.20 prefix_ms=0.0 suffix_ms=345.9 first_token_ms=1802.4 generation_ms=10892.3 generated=64 generation_tps=5.876
CHILD index=5 mig=31ffbfe4 exit=0 text=46404abc10d87546 role=child prefix_tokens=4081 suffix_tokens=16 model_ms=1002.7 context_ms=36.0 state_ms=112.86 prefix_ms=0.0 suffix_ms=413.3 first_token_ms=1856.5 generation_ms=14964.9 generated=64 generation_tps=4.277
CHILD index=6 mig=fafc828a exit=0 text=46404abc10d87546 role=child prefix_tokens=4081 suffix_tokens=16 model_ms=1025.8 context_ms=41.1 state_ms=95.27 prefix_ms=0.0 suffix_ms=356.2 first_token_ms=1811.9 generation_ms=10884.5 generated=64 generation_tps=5.880
CHILD index=7 mig=31ffbfe4 exit=0 text=46404abc10d87546 role=child prefix_tokens=4081 suffix_tokens=16 model_ms=980.5 context_ms=37.5 state_ms=121.57 prefix_ms=0.0 suffix_ms=405.9 first_token_ms=1833.2 generation_ms=15008.3 generated=64 generation_tps=4.264
MEMORY mem_available_drop_mib=8992 prefix_pss_mib=0 prefix_rss_mib=0 file_mib=0
END_CASE failed=0 timed_out=0 children_wall_ms=17251
CASE config=mig_mps mode=extent children=8
PARENT mig=fafc828a exit=0 text=8e42d861853d43f0 prefix_tokens=4081 prefix_ms=4386.1 publish_ms=2.94 state_bytes=66005 suffix_tokens=13 model_ms=577.5 context_ms=22.8 suffix_ms=106.4 first_token_ms=5202.9 generation_ms=7898.3 generated=64 generation_tps=8.103
CHILD index=0 mig=fafc828a exit=0 text=c762b6e82f144cca role=child prefix_tokens=4081 suffix_tokens=16 model_ms=973.4 context_ms=23.1 state_ms=2.05 prefix_ms=0.0 suffix_ms=230.1 first_token_ms=1467.6 generation_ms=11373.9 generated=64 generation_tps=5.627
CHILD index=1 mig=31ffbfe4 exit=0 text=3e8e491b5e31337a role=child prefix_tokens=4081 suffix_tokens=16 model_ms=1000.9 context_ms=27.8 state_ms=2.25 prefix_ms=0.0 suffix_ms=346.8 first_token_ms=1667.6 generation_ms=15808.1 generated=64 generation_tps=4.049
CHILD index=2 mig=fafc828a exit=0 text=45d93d75d8c246b5 role=child prefix_tokens=4081 suffix_tokens=16 model_ms=967.8 context_ms=29.9 state_ms=1.75 prefix_ms=0.0 suffix_ms=315.4 first_token_ms=1609.5 generation_ms=11357.1 generated=64 generation_tps=5.635
CHILD index=3 mig=31ffbfe4 exit=0 text=3fd8649867d4bb41 role=child prefix_tokens=4081 suffix_tokens=16 model_ms=1040.0 context_ms=30.2 state_ms=2.01 prefix_ms=0.0 suffix_ms=360.1 first_token_ms=1700.1 generation_ms=15795.3 generated=64 generation_tps=4.052
CHILD index=4 mig=fafc828a exit=0 text=46404abc10d87546 role=child prefix_tokens=4081 suffix_tokens=16 model_ms=1031.0 context_ms=26.0 state_ms=1.71 prefix_ms=0.0 suffix_ms=362.6 first_token_ms=1712.1 generation_ms=11291.8 generated=64 generation_tps=5.668
CHILD index=5 mig=31ffbfe4 exit=0 text=46404abc10d87546 role=child prefix_tokens=4081 suffix_tokens=16 model_ms=967.3 context_ms=28.2 state_ms=2.00 prefix_ms=0.0 suffix_ms=267.4 first_token_ms=1551.5 generation_ms=15713.9 generated=64 generation_tps=4.073
CHILD index=6 mig=fafc828a exit=0 text=46404abc10d87546 role=child prefix_tokens=4081 suffix_tokens=16 model_ms=1009.6 context_ms=28.8 state_ms=1.73 prefix_ms=0.0 suffix_ms=348.2 first_token_ms=1677.5 generation_ms=11317.4 generated=64 generation_tps=5.655
CHILD index=7 mig=31ffbfe4 exit=0 text=46404abc10d87546 role=child prefix_tokens=4081 suffix_tokens=16 model_ms=995.3 context_ms=26.8 state_ms=1.95 prefix_ms=0.0 suffix_ms=356.2 first_token_ms=1654.3 generation_ms=15814.8 generated=64 generation_tps=4.047
MEMORY mem_available_drop_mib=5586 prefix_pss_mib=229 prefix_rss_mib=1785 file_mib=224
END_CASE failed=0 timed_out=0 children_wall_ms=17914
END_KVMPS
BEGIN_KVMPS run=1 paragraphs=320 context=32768
REFERENCE who=0 mig=fafc828a text=d42c4c07975a6446
REFERENCE who=1 mig=fafc828a text=3fd8649867d4bb41
REFERENCE who=1 mig=31ffbfe4 text=3fd8649867d4bb41
REFERENCE who=2 mig=fafc828a text=3fd8649867d4bb41
REFERENCE who=3 mig=fafc828a text=3fd8649867d4bb41
REFERENCE who=3 mig=31ffbfe4 text=3e0fd62f5aa50665
REFERENCE who=4 mig=fafc828a text=3e0fd62f5aa50665
REFERENCE who=5 mig=fafc828a text=3e0fd62f5aa50665
REFERENCE who=5 mig=31ffbfe4 text=45d93d75d8c246b5
REFERENCE who=6 mig=fafc828a text=4a8f18b77dbe0332
REFERENCE who=7 mig=fafc828a text=4a8f18b77dbe0332
REFERENCE who=7 mig=31ffbfe4 text=4a8f18b77dbe0332
CASE config=timeslice mode=copy children=4
PARENT mig=fafc828a exit=0 text=c646470e58f73411 prefix_tokens=16321 prefix_ms=19739.2 publish_ms=545.79 state_bytes=936173269 suffix_tokens=13 model_ms=649.6 context_ms=57.7 suffix_ms=60.6 first_token_ms=21193.3 generation_ms=8665.6 generated=64 generation_tps=7.385
CHILD index=0 mig=fafc828a exit=0 text=d42c4c07975a6446 role=child prefix_tokens=16321 suffix_tokens=16 model_ms=900.2 context_ms=105.4 state_ms=483.09 prefix_ms=0.0 suffix_ms=399.9 first_token_ms=2041.7 generation_ms=12519.8 generated=64 generation_tps=5.112
CHILD index=1 mig=fafc828a exit=0 text=3fd8649867d4bb41 role=child prefix_tokens=16321 suffix_tokens=16 model_ms=817.0 context_ms=72.0 state_ms=317.02 prefix_ms=0.0 suffix_ms=226.3 first_token_ms=1563.4 generation_ms=12554.2 generated=64 generation_tps=5.098
CHILD index=2 mig=fafc828a exit=0 text=3fd8649867d4bb41 role=child prefix_tokens=16321 suffix_tokens=16 model_ms=916.7 context_ms=112.9 state_ms=475.15 prefix_ms=0.0 suffix_ms=374.8 first_token_ms=2017.1 generation_ms=12513.7 generated=64 generation_tps=5.114
CHILD index=3 mig=fafc828a exit=0 text=3fd8649867d4bb41 role=child prefix_tokens=16321 suffix_tokens=16 model_ms=944.1 context_ms=81.7 state_ms=459.23 prefix_ms=0.0 suffix_ms=405.1 first_token_ms=2047.1 generation_ms=12524.2 generated=64 generation_tps=5.110
MEMORY mem_available_drop_mib=10409 prefix_pss_mib=0 prefix_rss_mib=0 file_mib=0
END_CASE failed=0 timed_out=0 children_wall_ms=15077
CASE config=timeslice mode=extent children=4
PARENT mig=fafc828a exit=0 text=c646470e58f73411 prefix_tokens=16321 prefix_ms=19833.1 publish_ms=9.22 state_bytes=261845 suffix_tokens=13 model_ms=638.4 context_ms=35.7 suffix_ms=109.5 first_token_ms=20772.3 generation_ms=9702.6 generated=64 generation_tps=6.596
CHILD index=0 mig=fafc828a exit=0 text=d42c4c07975a6446 role=child prefix_tokens=16321 suffix_tokens=16 model_ms=893.9 context_ms=65.2 state_ms=7.49 prefix_ms=0.0 suffix_ms=260.2 first_token_ms=1329.1 generation_ms=12858.2 generated=64 generation_tps=4.977
CHILD index=1 mig=fafc828a exit=0 text=3fd8649867d4bb41 role=child prefix_tokens=16321 suffix_tokens=16 model_ms=966.6 context_ms=40.4 state_ms=8.01 prefix_ms=0.0 suffix_ms=368.6 first_token_ms=1525.5 generation_ms=12756.2 generated=64 generation_tps=5.017
CHILD index=2 mig=fafc828a exit=0 text=3fd8649867d4bb41 role=child prefix_tokens=16321 suffix_tokens=16 model_ms=938.0 context_ms=40.8 state_ms=80.08 prefix_ms=0.0 suffix_ms=437.3 first_token_ms=1627.9 generation_ms=12677.2 generated=64 generation_tps=5.048
CHILD index=3 mig=fafc828a exit=0 text=3fd8649867d4bb41 role=child prefix_tokens=16321 suffix_tokens=16 model_ms=858.8 context_ms=46.1 state_ms=7.53 prefix_ms=0.0 suffix_ms=255.2 first_token_ms=1304.8 generation_ms=12878.3 generated=64 generation_tps=4.970
MEMORY mem_available_drop_mib=3132 prefix_pss_mib=892 prefix_rss_mib=3570 file_mib=896
END_CASE failed=0 timed_out=0 children_wall_ms=14833
CASE config=timeslice mode=copy children=8
PARENT mig=fafc828a exit=0 text=c646470e58f73411 prefix_tokens=16321 prefix_ms=19748.5 publish_ms=556.91 state_bytes=936173269 suffix_tokens=13 model_ms=679.9 context_ms=57.5 suffix_ms=62.8 first_token_ms=21248.1 generation_ms=12767.6 generated=64 generation_tps=5.013
CHILD index=0 mig=fafc828a exit=0 text=d42c4c07975a6446 role=child prefix_tokens=16321 suffix_tokens=16 model_ms=1081.6 context_ms=68.8 state_ms=345.09 prefix_ms=0.0 suffix_ms=277.9 first_token_ms=2015.2 generation_ms=23562.4 generated=64 generation_tps=2.716
CHILD index=1 mig=fafc828a exit=0 text=3fd8649867d4bb41 role=child prefix_tokens=16321 suffix_tokens=16 model_ms=1206.7 context_ms=141.7 state_ms=378.55 prefix_ms=0.0 suffix_ms=559.1 first_token_ms=2572.7 generation_ms=23680.1 generated=64 generation_tps=2.703
CHILD index=2 mig=fafc828a exit=0 text=3fd8649867d4bb41 role=child prefix_tokens=16321 suffix_tokens=16 model_ms=1305.0 context_ms=136.1 state_ms=361.22 prefix_ms=0.0 suffix_ms=680.2 first_token_ms=2789.3 generation_ms=23611.3 generated=64 generation_tps=2.711
CHILD index=3 mig=fafc828a exit=0 text=3fd8649867d4bb41 role=child prefix_tokens=16321 suffix_tokens=16 model_ms=1242.6 context_ms=145.8 state_ms=392.52 prefix_ms=0.0 suffix_ms=673.4 first_token_ms=2767.3 generation_ms=23623.6 generated=64 generation_tps=2.709
CHILD index=4 mig=fafc828a exit=0 text=3e0fd62f5aa50665 role=child prefix_tokens=16321 suffix_tokens=16 model_ms=1133.6 context_ms=75.4 state_ms=445.36 prefix_ms=0.0 suffix_ms=457.1 first_token_ms=2410.4 generation_ms=23716.8 generated=64 generation_tps=2.699
CHILD index=5 mig=fafc828a exit=0 text=3e0fd62f5aa50665 role=child prefix_tokens=16321 suffix_tokens=16 model_ms=1248.5 context_ms=135.9 state_ms=345.35 prefix_ms=0.0 suffix_ms=579.9 first_token_ms=2607.7 generation_ms=23709.3 generated=64 generation_tps=2.699
CHILD index=6 mig=fafc828a exit=0 text=4a8f18b77dbe0332 role=child prefix_tokens=16321 suffix_tokens=16 model_ms=1210.8 context_ms=141.0 state_ms=358.96 prefix_ms=0.0 suffix_ms=606.0 first_token_ms=2619.8 generation_ms=23703.0 generated=64 generation_tps=2.700
CHILD index=7 mig=fafc828a exit=0 text=4a8f18b77dbe0332 role=child prefix_tokens=16321 suffix_tokens=16 model_ms=1269.4 context_ms=130.5 state_ms=375.98 prefix_ms=0.0 suffix_ms=673.1 first_token_ms=2750.8 generation_ms=23623.5 generated=64 generation_tps=2.709
MEMORY mem_available_drop_mib=19913 prefix_pss_mib=0 prefix_rss_mib=0 file_mib=0
END_CASE failed=0 timed_out=0 children_wall_ms=26993
CASE config=timeslice mode=extent children=8
PARENT mig=fafc828a exit=0 text=c646470e58f73411 prefix_tokens=16321 prefix_ms=19814.7 publish_ms=9.95 state_bytes=261845 suffix_tokens=13 model_ms=690.8 context_ms=38.3 suffix_ms=99.2 first_token_ms=20794.5 generation_ms=14986.5 generated=64 generation_tps=4.271
CHILD index=0 mig=fafc828a exit=0 text=d42c4c07975a6446 role=child prefix_tokens=16321 suffix_tokens=16 model_ms=1238.2 context_ms=39.7 state_ms=7.34 prefix_ms=0.0 suffix_ms=690.6 first_token_ms=2277.1 generation_ms=23642.2 generated=64 generation_tps=2.707
CHILD index=1 mig=fafc828a exit=0 text=3fd8649867d4bb41 role=child prefix_tokens=16321 suffix_tokens=16 model_ms=1222.8 context_ms=37.9 state_ms=7.44 prefix_ms=0.0 suffix_ms=500.5 first_token_ms=2043.4 generation_ms=23707.2 generated=64 generation_tps=2.700
CHILD index=2 mig=fafc828a exit=0 text=3fd8649867d4bb41 role=child prefix_tokens=16321 suffix_tokens=16 model_ms=854.5 context_ms=43.8 state_ms=7.61 prefix_ms=0.0 suffix_ms=180.7 first_token_ms=1314.2 generation_ms=23145.5 generated=64 generation_tps=2.765
CHILD index=3 mig=fafc828a exit=0 text=3fd8649867d4bb41 role=child prefix_tokens=16321 suffix_tokens=16 model_ms=1227.3 context_ms=40.4 state_ms=7.45 prefix_ms=0.0 suffix_ms=614.4 first_token_ms=2191.5 generation_ms=23672.7 generated=64 generation_tps=2.704
CHILD index=4 mig=fafc828a exit=0 text=3e0fd62f5aa50665 role=child prefix_tokens=16321 suffix_tokens=16 model_ms=1227.4 context_ms=45.2 state_ms=7.54 prefix_ms=0.0 suffix_ms=649.9 first_token_ms=2240.1 generation_ms=23666.2 generated=64 generation_tps=2.704
CHILD index=5 mig=fafc828a exit=0 text=3e0fd62f5aa50665 role=child prefix_tokens=16321 suffix_tokens=16 model_ms=1122.0 context_ms=38.4 state_ms=7.49 prefix_ms=0.0 suffix_ms=438.8 first_token_ms=1913.9 generation_ms=23761.2 generated=64 generation_tps=2.693
CHILD index=6 mig=fafc828a exit=0 text=4a8f18b77dbe0332 role=child prefix_tokens=16321 suffix_tokens=16 model_ms=1215.4 context_ms=50.1 state_ms=7.46 prefix_ms=0.0 suffix_ms=647.7 first_token_ms=2236.3 generation_ms=23654.7 generated=64 generation_tps=2.706
CHILD index=7 mig=fafc828a exit=0 text=4a8f18b77dbe0332 role=child prefix_tokens=16321 suffix_tokens=16 model_ms=1249.7 context_ms=39.5 state_ms=7.80 prefix_ms=0.0 suffix_ms=657.6 first_token_ms=2257.0 generation_ms=23648.7 generated=64 generation_tps=2.706
MEMORY mem_available_drop_mib=5913 prefix_pss_mib=892 prefix_rss_mib=7140 file_mib=896
END_CASE failed=0 timed_out=0 children_wall_ms=26508
CASE config=mps mode=copy children=4
PARENT mig=fafc828a exit=0 text=c646470e58f73411 prefix_tokens=16321 prefix_ms=19760.9 publish_ms=535.45 state_bytes=936173269 suffix_tokens=13 model_ms=702.6 context_ms=63.7 suffix_ms=59.8 first_token_ms=21367.5 generation_ms=7978.7 generated=64 generation_tps=8.021
CHILD index=0 mig=fafc828a exit=0 text=d42c4c07975a6446 role=child prefix_tokens=16321 suffix_tokens=16 model_ms=820.9 context_ms=99.4 state_ms=345.91 prefix_ms=0.0 suffix_ms=345.3 first_token_ms=1773.5 generation_ms=11233.6 generated=64 generation_tps=5.697
CHILD index=1 mig=fafc828a exit=0 text=3fd8649867d4bb41 role=child prefix_tokens=16321 suffix_tokens=16 model_ms=828.2 context_ms=109.7 state_ms=335.51 prefix_ms=0.0 suffix_ms=345.4 first_token_ms=1767.9 generation_ms=11247.5 generated=64 generation_tps=5.690
CHILD index=2 mig=fafc828a exit=0 text=3fd8649867d4bb41 role=child prefix_tokens=16321 suffix_tokens=16 model_ms=776.4 context_ms=111.6 state_ms=260.30 prefix_ms=0.0 suffix_ms=227.0 first_token_ms=1539.6 generation_ms=11272.1 generated=64 generation_tps=5.678
CHILD index=3 mig=fafc828a exit=0 text=3fd8649867d4bb41 role=child prefix_tokens=16321 suffix_tokens=16 model_ms=781.9 context_ms=120.1 state_ms=356.18 prefix_ms=0.0 suffix_ms=348.1 first_token_ms=1765.9 generation_ms=11236.5 generated=64 generation_tps=5.696
MEMORY mem_available_drop_mib=10867 prefix_pss_mib=0 prefix_rss_mib=0 file_mib=0
END_CASE failed=0 timed_out=0 children_wall_ms=13605
CASE config=mps mode=extent children=4
PARENT mig=fafc828a exit=0 text=c646470e58f73411 prefix_tokens=16321 prefix_ms=19848.0 publish_ms=10.59 state_bytes=261845 suffix_tokens=13 model_ms=673.8 context_ms=34.7 suffix_ms=93.3 first_token_ms=20787.2 generation_ms=8768.6 generated=64 generation_tps=7.299
CHILD index=0 mig=fafc828a exit=0 text=d42c4c07975a6446 role=child prefix_tokens=16321 suffix_tokens=16 model_ms=859.9 context_ms=89.7 state_ms=8.58 prefix_ms=0.0 suffix_ms=385.5 first_token_ms=1482.5 generation_ms=11340.2 generated=64 generation_tps=5.644
CHILD index=1 mig=fafc828a exit=0 text=3fd8649867d4bb41 role=child prefix_tokens=16321 suffix_tokens=16 model_ms=858.7 context_ms=38.6 state_ms=51.80 prefix_ms=0.0 suffix_ms=350.1 first_token_ms=1441.4 generation_ms=11352.3 generated=64 generation_tps=5.638
CHILD index=2 mig=fafc828a exit=0 text=3fd8649867d4bb41 role=child prefix_tokens=16321 suffix_tokens=16 model_ms=832.3 context_ms=37.7 state_ms=7.60 prefix_ms=0.0 suffix_ms=302.9 first_token_ms=1322.3 generation_ms=11426.5 generated=64 generation_tps=5.601
CHILD index=3 mig=fafc828a exit=0 text=3fd8649867d4bb41 role=child prefix_tokens=16321 suffix_tokens=16 model_ms=799.3 context_ms=37.8 state_ms=7.40 prefix_ms=0.0 suffix_ms=261.8 first_token_ms=1251.2 generation_ms=11414.5 generated=64 generation_tps=5.607
MEMORY mem_available_drop_mib=3328 prefix_pss_mib=892 prefix_rss_mib=3570 file_mib=896
END_CASE failed=0 timed_out=0 children_wall_ms=13288
CASE config=mps mode=copy children=8
PARENT mig=fafc828a exit=0 text=c646470e58f73411 prefix_tokens=16321 prefix_ms=19768.3 publish_ms=488.04 state_bytes=936173269 suffix_tokens=13 model_ms=666.5 context_ms=64.1 suffix_ms=62.8 first_token_ms=21173.1 generation_ms=12545.3 generated=64 generation_tps=5.102
CHILD index=0 mig=fafc828a exit=0 text=d42c4c07975a6446 role=child prefix_tokens=16321 suffix_tokens=16 model_ms=1044.6 context_ms=177.8 state_ms=459.00 prefix_ms=0.0 suffix_ms=553.0 first_token_ms=2508.3 generation_ms=20987.1 generated=64 generation_tps=3.049
CHILD index=1 mig=fafc828a exit=0 text=3fd8649867d4bb41 role=child prefix_tokens=16321 suffix_tokens=16 model_ms=1068.1 context_ms=180.2 state_ms=405.23 prefix_ms=0.0 suffix_ms=561.8 first_token_ms=2510.0 generation_ms=20998.6 generated=64 generation_tps=3.048
CHILD index=2 mig=fafc828a exit=0 text=3fd8649867d4bb41 role=child prefix_tokens=16321 suffix_tokens=16 model_ms=686.2 context_ms=62.8 state_ms=217.31 prefix_ms=0.0 suffix_ms=227.7 first_token_ms=1427.3 generation_ms=20164.1 generated=64 generation_tps=3.174
CHILD index=3 mig=fafc828a exit=0 text=3fd8649867d4bb41 role=child prefix_tokens=16321 suffix_tokens=16 model_ms=1032.0 context_ms=198.0 state_ms=411.39 prefix_ms=0.0 suffix_ms=565.7 first_token_ms=2508.5 generation_ms=21024.7 generated=64 generation_tps=3.044
CHILD index=4 mig=fafc828a exit=0 text=3e0fd62f5aa50665 role=child prefix_tokens=16321 suffix_tokens=16 model_ms=1048.7 context_ms=172.1 state_ms=410.51 prefix_ms=0.0 suffix_ms=561.7 first_token_ms=2503.1 generation_ms=21023.3 generated=64 generation_tps=3.044
CHILD index=5 mig=fafc828a exit=0 text=3e0fd62f5aa50665 role=child prefix_tokens=16321 suffix_tokens=16 model_ms=1044.1 context_ms=172.5 state_ms=429.15 prefix_ms=0.0 suffix_ms=530.6 first_token_ms=2469.3 generation_ms=21021.3 generated=64 generation_tps=3.045
CHILD index=6 mig=fafc828a exit=0 text=4a8f18b77dbe0332 role=child prefix_tokens=16321 suffix_tokens=16 model_ms=999.0 context_ms=177.4 state_ms=460.53 prefix_ms=0.0 suffix_ms=553.0 first_token_ms=2492.6 generation_ms=21026.7 generated=64 generation_tps=3.044
CHILD index=7 mig=fafc828a exit=0 text=4a8f18b77dbe0332 role=child prefix_tokens=16321 suffix_tokens=16 model_ms=1092.1 context_ms=136.4 state_ms=404.05 prefix_ms=0.0 suffix_ms=535.9 first_token_ms=2465.4 generation_ms=20994.6 generated=64 generation_tps=3.048
MEMORY mem_available_drop_mib=20651 prefix_pss_mib=0 prefix_rss_mib=0 file_mib=0
END_CASE failed=0 timed_out=0 children_wall_ms=24212
CASE config=mps mode=extent children=8
PARENT mig=fafc828a exit=0 text=c646470e58f73411 prefix_tokens=16321 prefix_ms=19833.8 publish_ms=12.20 state_bytes=261845 suffix_tokens=13 model_ms=676.4 context_ms=35.6 suffix_ms=101.4 first_token_ms=20796.1 generation_ms=13204.1 generated=64 generation_tps=4.847
CHILD index=0 mig=fafc828a exit=0 text=d42c4c07975a6446 role=child prefix_tokens=16321 suffix_tokens=16 model_ms=1101.2 context_ms=43.9 state_ms=7.66 prefix_ms=0.0 suffix_ms=537.1 first_token_ms=1981.2 generation_ms=21155.5 generated=64 generation_tps=3.025
CHILD index=1 mig=fafc828a exit=0 text=3fd8649867d4bb41 role=child prefix_tokens=16321 suffix_tokens=16 model_ms=963.9 context_ms=37.1 state_ms=7.47 prefix_ms=0.0 suffix_ms=345.1 first_token_ms=1609.1 generation_ms=21165.9 generated=64 generation_tps=3.024
CHILD index=2 mig=fafc828a exit=0 text=3fd8649867d4bb41 role=child prefix_tokens=16321 suffix_tokens=16 model_ms=1079.7 context_ms=44.9 state_ms=7.65 prefix_ms=0.0 suffix_ms=535.0 first_token_ms=1963.6 generation_ms=21145.6 generated=64 generation_tps=3.027
CHILD index=3 mig=fafc828a exit=0 text=3fd8649867d4bb41 role=child prefix_tokens=16321 suffix_tokens=16 model_ms=1133.7 context_ms=38.4 state_ms=7.60 prefix_ms=0.0 suffix_ms=597.2 first_token_ms=2059.4 generation_ms=21061.7 generated=64 generation_tps=3.039
CHILD index=4 mig=fafc828a exit=0 text=3e0fd62f5aa50665 role=child prefix_tokens=16321 suffix_tokens=16 model_ms=1131.6 context_ms=71.2 state_ms=7.44 prefix_ms=0.0 suffix_ms=540.7 first_token_ms=2014.8 generation_ms=21102.5 generated=64 generation_tps=3.033
CHILD index=5 mig=fafc828a exit=0 text=3e0fd62f5aa50665 role=child prefix_tokens=16321 suffix_tokens=16 model_ms=1060.0 context_ms=44.4 state_ms=7.50 prefix_ms=0.0 suffix_ms=509.7 first_token_ms=1917.3 generation_ms=21117.0 generated=64 generation_tps=3.031
CHILD index=6 mig=fafc828a exit=0 text=4a8f18b77dbe0332 role=child prefix_tokens=16321 suffix_tokens=16 model_ms=1026.9 context_ms=36.5 state_ms=7.59 prefix_ms=0.0 suffix_ms=424.6 first_token_ms=1773.1 generation_ms=21131.6 generated=64 generation_tps=3.029
CHILD index=7 mig=fafc828a exit=0 text=4a8f18b77dbe0332 role=child prefix_tokens=16321 suffix_tokens=16 model_ms=1057.1 context_ms=48.9 state_ms=7.35 prefix_ms=0.0 suffix_ms=512.5 first_token_ms=1921.1 generation_ms=21117.6 generated=64 generation_tps=3.031
MEMORY mem_available_drop_mib=5901 prefix_pss_mib=956 prefix_rss_mib=7140 file_mib=896
END_CASE failed=0 timed_out=0 children_wall_ms=23673
CASE config=mig mode=copy children=4
PARENT mig=fafc828a exit=0 text=c646470e58f73411 prefix_tokens=16321 prefix_ms=19762.9 publish_ms=536.99 state_bytes=936173269 suffix_tokens=13 model_ms=668.2 context_ms=60.4 suffix_ms=61.1 first_token_ms=21214.4 generation_ms=6406.7 generated=64 generation_tps=9.990
CHILD index=0 mig=fafc828a exit=0 text=d42c4c07975a6446 role=child prefix_tokens=16321 suffix_tokens=16 model_ms=855.7 context_ms=100.5 state_ms=330.20 prefix_ms=0.0 suffix_ms=228.1 first_token_ms=1621.7 generation_ms=7785.3 generated=64 generation_tps=8.221
CHILD index=1 mig=31ffbfe4 exit=0 text=3fd8649867d4bb41 role=child prefix_tokens=16321 suffix_tokens=16 model_ms=851.0 context_ms=85.1 state_ms=297.80 prefix_ms=0.0 suffix_ms=226.7 first_token_ms=1618.1 generation_ms=9286.9 generated=64 generation_tps=6.891
CHILD index=2 mig=fafc828a exit=0 text=3fd8649867d4bb41 role=child prefix_tokens=16321 suffix_tokens=16 model_ms=904.2 context_ms=85.5 state_ms=284.01 prefix_ms=0.0 suffix_ms=244.6 first_token_ms=1677.3 generation_ms=7740.1 generated=64 generation_tps=8.269
CHILD index=3 mig=31ffbfe4 exit=0 text=3fd8649867d4bb41 role=child prefix_tokens=16321 suffix_tokens=16 model_ms=813.1 context_ms=77.4 state_ms=206.95 prefix_ms=0.0 suffix_ms=146.2 first_token_ms=1388.8 generation_ms=9367.8 generated=64 generation_tps=6.832
MEMORY mem_available_drop_mib=10562 prefix_pss_mib=0 prefix_rss_mib=0 file_mib=0
END_CASE failed=0 timed_out=0 children_wall_ms=11329
CASE config=mig mode=extent children=4
PARENT mig=fafc828a exit=0 text=c646470e58f73411 prefix_tokens=16321 prefix_ms=19816.5 publish_ms=9.33 state_bytes=261845 suffix_tokens=13 model_ms=697.1 context_ms=34.2 suffix_ms=102.1 first_token_ms=20808.8 generation_ms=6613.2 generated=64 generation_tps=9.678
CHILD index=0 mig=fafc828a exit=0 text=d42c4c07975a6446 role=child prefix_tokens=16321 suffix_tokens=16 model_ms=964.7 context_ms=39.4 state_ms=7.40 prefix_ms=0.0 suffix_ms=259.9 first_token_ms=1402.4 generation_ms=7941.6 generated=64 generation_tps=8.059
CHILD index=1 mig=31ffbfe4 exit=0 text=3fd8649867d4bb41 role=child prefix_tokens=16321 suffix_tokens=16 model_ms=895.0 context_ms=37.4 state_ms=7.60 prefix_ms=0.0 suffix_ms=148.6 first_token_ms=1230.4 generation_ms=9628.4 generated=64 generation_tps=6.647
CHILD index=2 mig=fafc828a exit=0 text=3fd8649867d4bb41 role=child prefix_tokens=16321 suffix_tokens=16 model_ms=919.3 context_ms=38.8 state_ms=7.51 prefix_ms=0.0 suffix_ms=246.3 first_token_ms=1348.9 generation_ms=7932.1 generated=64 generation_tps=8.069
CHILD index=3 mig=31ffbfe4 exit=0 text=3fd8649867d4bb41 role=child prefix_tokens=16321 suffix_tokens=16 model_ms=914.0 context_ms=77.3 state_ms=7.40 prefix_ms=0.0 suffix_ms=237.0 first_token_ms=1385.2 generation_ms=9548.8 generated=64 generation_tps=6.702
MEMORY mem_available_drop_mib=3940 prefix_pss_mib=892 prefix_rss_mib=3570 file_mib=896
END_CASE failed=0 timed_out=0 children_wall_ms=11405
CASE config=mig mode=copy children=8
PARENT mig=fafc828a exit=0 text=c646470e58f73411 prefix_tokens=16321 prefix_ms=19749.7 publish_ms=555.33 state_bytes=936173269 suffix_tokens=13 model_ms=658.4 context_ms=58.2 suffix_ms=63.0 first_token_ms=21228.3 generation_ms=8426.3 generated=64 generation_tps=7.595
CHILD index=0 mig=fafc828a exit=0 text=d42c4c07975a6446 role=child prefix_tokens=16321 suffix_tokens=16 model_ms=1149.6 context_ms=77.3 state_ms=348.69 prefix_ms=0.0 suffix_ms=240.3 first_token_ms=2040.1 generation_ms=13631.8 generated=64 generation_tps=4.695
CHILD index=1 mig=31ffbfe4 exit=0 text=3fd8649867d4bb41 role=child prefix_tokens=16321 suffix_tokens=16 model_ms=1188.3 context_ms=181.0 state_ms=363.11 prefix_ms=0.0 suffix_ms=446.1 first_token_ms=2477.2 generation_ms=18479.5 generated=64 generation_tps=3.463
CHILD index=2 mig=fafc828a exit=0 text=3fd8649867d4bb41 role=child prefix_tokens=16321 suffix_tokens=16 model_ms=1194.9 context_ms=186.6 state_ms=268.15 prefix_ms=0.0 suffix_ms=340.8 first_token_ms=2281.1 generation_ms=13572.7 generated=64 generation_tps=4.715
CHILD index=3 mig=31ffbfe4 exit=0 text=3fd8649867d4bb41 role=child prefix_tokens=16321 suffix_tokens=16 model_ms=1187.6 context_ms=176.7 state_ms=318.01 prefix_ms=0.0 suffix_ms=396.9 first_token_ms=2378.3 generation_ms=18504.4 generated=64 generation_tps=3.459
CHILD index=4 mig=fafc828a exit=0 text=3e0fd62f5aa50665 role=child prefix_tokens=16321 suffix_tokens=16 model_ms=1180.4 context_ms=172.9 state_ms=301.83 prefix_ms=0.0 suffix_ms=411.3 first_token_ms=2364.2 generation_ms=13557.9 generated=64 generation_tps=4.720
CHILD index=5 mig=31ffbfe4 exit=0 text=3fd8649867d4bb41 role=child prefix_tokens=16321 suffix_tokens=16 model_ms=1063.5 context_ms=80.6 state_ms=200.65 prefix_ms=0.0 suffix_ms=273.6 first_token_ms=1888.5 generation_ms=18401.0 generated=64 generation_tps=3.478
CHILD index=6 mig=fafc828a exit=0 text=4a8f18b77dbe0332 role=child prefix_tokens=16321 suffix_tokens=16 model_ms=1208.7 context_ms=176.8 state_ms=295.18 prefix_ms=0.0 suffix_ms=406.3 first_token_ms=2387.4 generation_ms=13541.8 generated=64 generation_tps=4.726
CHILD index=7 mig=31ffbfe4 exit=0 text=4a8f18b77dbe0332 role=child prefix_tokens=16321 suffix_tokens=16 model_ms=1203.7 context_ms=187.2 state_ms=368.40 prefix_ms=0.0 suffix_ms=493.3 first_token_ms=2522.3 generation_ms=18428.3 generated=64 generation_tps=3.473
MEMORY mem_available_drop_mib=20019 prefix_pss_mib=0 prefix_rss_mib=0 file_mib=0
END_CASE failed=0 timed_out=0 children_wall_ms=21478
CASE config=mig mode=extent children=8
PARENT mig=fafc828a exit=0 text=c646470e58f73411 prefix_tokens=16321 prefix_ms=19837.5 publish_ms=6.86 state_bytes=261845 suffix_tokens=13 model_ms=629.4 context_ms=32.5 suffix_ms=102.3 first_token_ms=20758.0 generation_ms=8522.7 generated=64 generation_tps=7.509
CHILD index=0 mig=fafc828a exit=0 text=d42c4c07975a6446 role=child prefix_tokens=16321 suffix_tokens=16 model_ms=1289.7 context_ms=42.9 state_ms=54.19 prefix_ms=0.0 suffix_ms=367.5 first_token_ms=2048.5 generation_ms=13738.4 generated=64 generation_tps=4.658
CHILD index=1 mig=31ffbfe4 exit=0 text=3fd8649867d4bb41 role=child prefix_tokens=16321 suffix_tokens=16 model_ms=1137.1 context_ms=40.8 state_ms=8.04 prefix_ms=0.0 suffix_ms=184.4 first_token_ms=1588.0 generation_ms=19172.8 generated=64 generation_tps=3.338
CHILD index=2 mig=fafc828a exit=0 text=3fd8649867d4bb41 role=child prefix_tokens=16321 suffix_tokens=16 model_ms=1232.2 context_ms=49.2 state_ms=7.75 prefix_ms=0.0 suffix_ms=333.4 first_token_ms=1922.9 generation_ms=13795.3 generated=64 generation_tps=4.639
CHILD index=3 mig=31ffbfe4 exit=0 text=3fd8649867d4bb41 role=child prefix_tokens=16321 suffix_tokens=16 model_ms=1131.1 context_ms=40.7 state_ms=7.49 prefix_ms=0.0 suffix_ms=304.5 first_token_ms=1733.6 generation_ms=19221.3 generated=64 generation_tps=3.330
CHILD index=4 mig=fafc828a exit=0 text=3e0fd62f5aa50665 role=child prefix_tokens=16321 suffix_tokens=16 model_ms=1208.6 context_ms=40.0 state_ms=7.52 prefix_ms=0.0 suffix_ms=385.1 first_token_ms=1936.8 generation_ms=13803.6 generated=64 generation_tps=4.636
CHILD index=5 mig=31ffbfe4 exit=0 text=3fd8649867d4bb41 role=child prefix_tokens=16321 suffix_tokens=16 model_ms=1207.5 context_ms=46.1 state_ms=7.76 prefix_ms=0.0 suffix_ms=451.8 first_token_ms=2015.1 generation_ms=19055.8 generated=64 generation_tps=3.359
CHILD index=6 mig=fafc828a exit=0 text=4a8f18b77dbe0332 role=child prefix_tokens=16321 suffix_tokens=16 model_ms=1240.0 context_ms=41.2 state_ms=7.59 prefix_ms=0.0 suffix_ms=339.1 first_token_ms=1927.4 generation_ms=13815.7 generated=64 generation_tps=4.632
CHILD index=7 mig=31ffbfe4 exit=0 text=4a8f18b77dbe0332 role=child prefix_tokens=16321 suffix_tokens=16 model_ms=1177.9 context_ms=37.3 state_ms=7.50 prefix_ms=0.0 suffix_ms=416.3 first_token_ms=1923.2 generation_ms=19127.9 generated=64 generation_tps=3.346
MEMORY mem_available_drop_mib=6931 prefix_pss_mib=945 prefix_rss_mib=7140 file_mib=896
END_CASE failed=0 timed_out=0 children_wall_ms=21570
CASE config=mig_mps mode=copy children=4
PARENT mig=fafc828a exit=0 text=c646470e58f73411 prefix_tokens=16321 prefix_ms=19742.6 publish_ms=530.03 state_bytes=936173269 suffix_tokens=13 model_ms=669.2 context_ms=57.2 suffix_ms=60.0 first_token_ms=21301.4 generation_ms=5826.7 generated=64 generation_tps=10.984
CHILD index=0 mig=fafc828a exit=0 text=d42c4c07975a6446 role=child prefix_tokens=16321 suffix_tokens=16 model_ms=761.3 context_ms=76.1 state_ms=224.83 prefix_ms=0.0 suffix_ms=208.7 first_token_ms=1436.5 generation_ms=6925.0 generated=64 generation_tps=9.242
CHILD index=1 mig=31ffbfe4 exit=0 text=3fd8649867d4bb41 role=child prefix_tokens=16321 suffix_tokens=16 model_ms=766.1 context_ms=79.1 state_ms=276.08 prefix_ms=0.0 suffix_ms=215.6 first_token_ms=1583.4 generation_ms=8480.3 generated=64 generation_tps=7.547
CHILD index=2 mig=fafc828a exit=0 text=3fd8649867d4bb41 role=child prefix_tokens=16321 suffix_tokens=16 model_ms=799.8 context_ms=71.1 state_ms=323.32 prefix_ms=0.0 suffix_ms=272.2 first_token_ms=1639.0 generation_ms=6818.8 generated=64 generation_tps=9.386
CHILD index=3 mig=31ffbfe4 exit=0 text=3fd8649867d4bb41 role=child prefix_tokens=16321 suffix_tokens=16 model_ms=688.1 context_ms=108.6 state_ms=327.62 prefix_ms=0.0 suffix_ms=215.6 first_token_ms=1581.0 generation_ms=8488.2 generated=64 generation_tps=7.540
MEMORY mem_available_drop_mib=10555 prefix_pss_mib=0 prefix_rss_mib=0 file_mib=0
END_CASE failed=0 timed_out=0 children_wall_ms=10556
CASE config=mig_mps mode=extent children=4
PARENT mig=fafc828a exit=0 text=c646470e58f73411 prefix_tokens=16321 prefix_ms=19830.2 publish_ms=7.05 state_bytes=261845 suffix_tokens=13 model_ms=610.9 context_ms=32.8 suffix_ms=98.7 first_token_ms=20697.5 generation_ms=6294.5 generated=64 generation_tps=10.168
CHILD index=0 mig=fafc828a exit=0 text=d42c4c07975a6446 role=child prefix_tokens=16321 suffix_tokens=16 model_ms=797.7 context_ms=41.4 state_ms=7.33 prefix_ms=0.0 suffix_ms=302.8 first_token_ms=1288.2 generation_ms=7213.4 generated=64 generation_tps=8.872
CHILD index=1 mig=31ffbfe4 exit=0 text=3fd8649867d4bb41 role=child prefix_tokens=16321 suffix_tokens=16 model_ms=852.8 context_ms=40.5 state_ms=91.92 prefix_ms=0.0 suffix_ms=319.7 first_token_ms=1449.2 generation_ms=8548.2 generated=64 generation_tps=7.487
CHILD index=2 mig=fafc828a exit=0 text=3fd8649867d4bb41 role=child prefix_tokens=16321 suffix_tokens=16 model_ms=783.8 context_ms=41.8 state_ms=7.47 prefix_ms=0.0 suffix_ms=242.3 first_token_ms=1224.1 generation_ms=7318.3 generated=64 generation_tps=8.745
CHILD index=3 mig=31ffbfe4 exit=0 text=3fd8649867d4bb41 role=child prefix_tokens=16321 suffix_tokens=16 model_ms=812.2 context_ms=40.5 state_ms=7.82 prefix_ms=0.0 suffix_ms=134.2 first_token_ms=1136.7 generation_ms=8607.4 generated=64 generation_tps=7.435
MEMORY mem_available_drop_mib=3009 prefix_pss_mib=892 prefix_rss_mib=3570 file_mib=896
END_CASE failed=0 timed_out=0 children_wall_ms=10509
CASE config=mig_mps mode=copy children=8
PARENT mig=fafc828a exit=0 text=c646470e58f73411 prefix_tokens=16321 prefix_ms=19734.5 publish_ms=489.94 state_bytes=936173269 suffix_tokens=13 model_ms=653.7 context_ms=56.4 suffix_ms=63.3 first_token_ms=21120.1 generation_ms=8523.7 generated=64 generation_tps=7.508
CHILD index=0 mig=fafc828a exit=0 text=d42c4c07975a6446 role=child prefix_tokens=16321 suffix_tokens=16 model_ms=724.3 context_ms=63.6 state_ms=183.14 prefix_ms=0.0 suffix_ms=205.7 first_token_ms=1372.0 generation_ms=12028.2 generated=64 generation_tps=5.321
CHILD index=1 mig=31ffbfe4 exit=0 text=3fd8649867d4bb41 role=child prefix_tokens=16321 suffix_tokens=16 model_ms=1080.3 context_ms=161.9 state_ms=241.18 prefix_ms=0.0 suffix_ms=398.1 first_token_ms=2161.2 generation_ms=16564.5 generated=64 generation_tps=3.864
CHILD index=2 mig=fafc828a exit=0 text=3fd8649867d4bb41 role=child prefix_tokens=16321 suffix_tokens=16 model_ms=1019.1 context_ms=179.3 state_ms=268.22 prefix_ms=0.0 suffix_ms=387.1 first_token_ms=2145.8 generation_ms=11996.7 generated=64 generation_tps=5.335
CHILD index=3 mig=31ffbfe4 exit=0 text=3fd8649867d4bb41 role=child prefix_tokens=16321 suffix_tokens=16 model_ms=1023.8 context_ms=191.5 state_ms=241.68 prefix_ms=0.0 suffix_ms=392.6 first_token_ms=2143.6 generation_ms=16625.4 generated=64 generation_tps=3.850
CHILD index=4 mig=fafc828a exit=0 text=3e0fd62f5aa50665 role=child prefix_tokens=16321 suffix_tokens=16 model_ms=1006.3 context_ms=171.0 state_ms=272.69 prefix_ms=0.0 suffix_ms=387.0 first_token_ms=2129.2 generation_ms=12006.9 generated=64 generation_tps=5.330
CHILD index=5 mig=31ffbfe4 exit=0 text=3fd8649867d4bb41 role=child prefix_tokens=16321 suffix_tokens=16 model_ms=944.2 context_ms=65.7 state_ms=386.91 prefix_ms=0.0 suffix_ms=262.7 first_token_ms=1937.7 generation_ms=16582.9 generated=64 generation_tps=3.859
CHILD index=6 mig=fafc828a exit=0 text=4a8f18b77dbe0332 role=child prefix_tokens=16321 suffix_tokens=16 model_ms=1018.8 context_ms=177.6 state_ms=255.30 prefix_ms=0.0 suffix_ms=394.5 first_token_ms=2131.7 generation_ms=12013.2 generated=64 generation_tps=5.327
CHILD index=7 mig=31ffbfe4 exit=0 text=4a8f18b77dbe0332 role=child prefix_tokens=16321 suffix_tokens=16 model_ms=1056.7 context_ms=148.8 state_ms=237.82 prefix_ms=0.0 suffix_ms=401.5 first_token_ms=2127.7 generation_ms=16608.6 generated=64 generation_tps=3.853
MEMORY mem_available_drop_mib=19754 prefix_pss_mib=0 prefix_rss_mib=0 file_mib=0
END_CASE failed=0 timed_out=0 children_wall_ms=19312
CASE config=mig_mps mode=extent children=8
PARENT mig=fafc828a exit=0 text=c646470e58f73411 prefix_tokens=16321 prefix_ms=19838.2 publish_ms=9.09 state_bytes=261845 suffix_tokens=13 model_ms=604.4 context_ms=34.6 suffix_ms=105.4 first_token_ms=20724.6 generation_ms=8846.9 generated=64 generation_tps=7.234
CHILD index=0 mig=fafc828a exit=0 text=d42c4c07975a6446 role=child prefix_tokens=16321 suffix_tokens=16 model_ms=918.0 context_ms=37.7 state_ms=7.52 prefix_ms=0.0 suffix_ms=193.2 first_token_ms=1397.3 generation_ms=12473.2 generated=64 generation_tps=5.131
CHILD index=1 mig=31ffbfe4 exit=0 text=3fd8649867d4bb41 role=child prefix_tokens=16321 suffix_tokens=16 model_ms=955.9 context_ms=41.4 state_ms=7.23 prefix_ms=0.0 suffix_ms=322.2 first_token_ms=1629.4 generation_ms=17191.2 generated=64 generation_tps=3.723
CHILD index=2 mig=fafc828a exit=0 text=3fd8649867d4bb41 role=child prefix_tokens=16321 suffix_tokens=16 model_ms=1023.5 context_ms=39.5 state_ms=7.58 prefix_ms=0.0 suffix_ms=451.4 first_token_ms=1839.3 generation_ms=12371.6 generated=64 generation_tps=5.173
CHILD index=3 mig=31ffbfe4 exit=0 text=3fd8649867d4bb41 role=child prefix_tokens=16321 suffix_tokens=16 model_ms=1043.4 context_ms=42.7 state_ms=7.52 prefix_ms=0.0 suffix_ms=520.3 first_token_ms=1932.6 generation_ms=17012.8 generated=64 generation_tps=3.762
CHILD index=4 mig=fafc828a exit=0 text=3e0fd62f5aa50665 role=child prefix_tokens=16321 suffix_tokens=16 model_ms=983.7 context_ms=45.3 state_ms=7.53 prefix_ms=0.0 suffix_ms=363.7 first_token_ms=1720.7 generation_ms=12412.8 generated=64 generation_tps=5.156
CHILD index=5 mig=31ffbfe4 exit=0 text=3fd8649867d4bb41 role=child prefix_tokens=16321 suffix_tokens=16 model_ms=942.6 context_ms=43.7 state_ms=7.50 prefix_ms=0.0 suffix_ms=330.4 first_token_ms=1631.2 generation_ms=17223.3 generated=64 generation_tps=3.716
CHILD index=6 mig=fafc828a exit=0 text=4a8f18b77dbe0332 role=child prefix_tokens=16321 suffix_tokens=16 model_ms=1026.3 context_ms=48.7 state_ms=7.92 prefix_ms=0.0 suffix_ms=376.1 first_token_ms=1711.6 generation_ms=12451.9 generated=64 generation_tps=5.140
CHILD index=7 mig=31ffbfe4 exit=0 text=4a8f18b77dbe0332 role=child prefix_tokens=16321 suffix_tokens=16 model_ms=940.5 context_ms=42.6 state_ms=7.43 prefix_ms=0.0 suffix_ms=312.9 first_token_ms=1598.9 generation_ms=17192.0 generated=64 generation_tps=3.723
MEMORY mem_available_drop_mib=6096 prefix_pss_mib=892 prefix_rss_mib=7140 file_mib=896
END_CASE failed=0 timed_out=0 children_wall_ms=19392
END_KVMPS
BEGIN_KVMPS run=2 paragraphs=80 context=8192
REFERENCE who=0 mig=fafc828a text=c762b6e82f144cca
REFERENCE who=1 mig=fafc828a text=5f0f74be36dfb05d
REFERENCE who=1 mig=31ffbfe4 text=a6744d23ffb20e20
REFERENCE who=2 mig=fafc828a text=45d93d75d8c246b5
REFERENCE who=3 mig=fafc828a text=4a8f18b77dbe0332
REFERENCE who=3 mig=31ffbfe4 text=45d93d75d8c246b5
REFERENCE who=4 mig=fafc828a text=46404abc10d87546
REFERENCE who=5 mig=fafc828a text=46404abc10d87546
REFERENCE who=5 mig=31ffbfe4 text=46404abc10d87546
REFERENCE who=6 mig=fafc828a text=46404abc10d87546
REFERENCE who=7 mig=fafc828a text=46404abc10d87546
REFERENCE who=7 mig=31ffbfe4 text=46404abc10d87546
CASE config=mig_mps mode=extent children=4
PARENT mig=fafc828a exit=0 text=8e42d861853d43f0 prefix_tokens=4081 prefix_ms=4396.9 publish_ms=3.12 state_bytes=66005 suffix_tokens=13 model_ms=666.2 context_ms=20.9 suffix_ms=88.5 first_token_ms=5394.4 generation_ms=5911.4 generated=64 generation_tps=10.826
CHILD index=0 mig=fafc828a exit=0 text=c762b6e82f144cca role=child prefix_tokens=4081 suffix_tokens=16 model_ms=661.9 context_ms=22.7 state_ms=1.99 prefix_ms=0.0 suffix_ms=240.7 first_token_ms=1116.7 generation_ms=6736.8 generated=64 generation_tps=9.500
CHILD index=1 mig=31ffbfe4 exit=0 text=3e8e491b5e31337a role=child prefix_tokens=4081 suffix_tokens=16 model_ms=773.1 context_ms=22.4 state_ms=1.76 prefix_ms=0.0 suffix_ms=166.4 first_token_ms=1210.1 generation_ms=7955.7 generated=64 generation_tps=8.045
CHILD index=2 mig=fafc828a exit=0 text=45d93d75d8c246b5 role=child prefix_tokens=4081 suffix_tokens=16 model_ms=711.5 context_ms=23.3 state_ms=1.65 prefix_ms=0.0 suffix_ms=218.6 first_token_ms=1109.0 generation_ms=6736.0 generated=64 generation_tps=9.501
CHILD index=3 mig=31ffbfe4 exit=0 text=3fd8649867d4bb41 role=child prefix_tokens=4081 suffix_tokens=16 model_ms=820.5 context_ms=23.3 state_ms=2.02 prefix_ms=0.0 suffix_ms=238.3 first_token_ms=1307.9 generation_ms=7969.7 generated=64 generation_tps=8.030
MEMORY mem_available_drop_mib=2734 prefix_pss_mib=223 prefix_rss_mib=892 file_mib=224
END_CASE failed=0 timed_out=0 children_wall_ms=9728
CASE config=mig_mps mode=copy children=4
PARENT mig=fafc828a exit=0 text=8e42d861853d43f0 prefix_tokens=4081 prefix_ms=4380.8 publish_ms=226.36 state_bytes=234086869 suffix_tokens=13 model_ms=604.6 context_ms=27.1 suffix_ms=55.3 first_token_ms=5389.0 generation_ms=5340.5 generated=64 generation_tps=11.984
CHILD index=0 mig=fafc828a exit=0 text=c762b6e82f144cca role=child prefix_tokens=4081 suffix_tokens=16 model_ms=844.7 context_ms=32.7 state_ms=79.43 prefix_ms=0.0 suffix_ms=228.0 first_token_ms=1334.2 generation_ms=6305.7 generated=64 generation_tps=10.149
CHILD index=1 mig=31ffbfe4 exit=0 text=3e8e491b5e31337a role=child prefix_tokens=4081 suffix_tokens=16 model_ms=735.6 context_ms=30.3 state_ms=48.82 prefix_ms=0.0 suffix_ms=152.2 first_token_ms=1088.0 generation_ms=7795.9 generated=64 generation_tps=8.209
CHILD index=2 mig=fafc828a exit=0 text=45d93d75d8c246b5 role=child prefix_tokens=4081 suffix_tokens=16 model_ms=803.1 context_ms=36.2 state_ms=82.86 prefix_ms=0.0 suffix_ms=236.6 first_token_ms=1315.6 generation_ms=6296.8 generated=64 generation_tps=10.164
CHILD index=3 mig=31ffbfe4 exit=0 text=3fd8649867d4bb41 role=child prefix_tokens=4081 suffix_tokens=16 model_ms=727.5 context_ms=29.0 state_ms=61.96 prefix_ms=0.0 suffix_ms=219.1 first_token_ms=1189.8 generation_ms=7756.3 generated=64 generation_tps=8.251
MEMORY mem_available_drop_mib=5310 prefix_pss_mib=0 prefix_rss_mib=0 file_mib=0
END_CASE failed=0 timed_out=0 children_wall_ms=9370
CASE config=mig_mps mode=extent children=8
PARENT mig=fafc828a exit=0 text=8e42d861853d43f0 prefix_tokens=4081 prefix_ms=4370.0 publish_ms=2.21 state_bytes=66005 suffix_tokens=13 model_ms=602.8 context_ms=21.4 suffix_ms=93.2 first_token_ms=5193.9 generation_ms=8055.8 generated=64 generation_tps=7.945
CHILD index=0 mig=fafc828a exit=0 text=c762b6e82f144cca role=child prefix_tokens=4081 suffix_tokens=16 model_ms=880.9 context_ms=23.7 state_ms=1.89 prefix_ms=0.0 suffix_ms=284.1 first_token_ms=1416.1 generation_ms=11465.3 generated=64 generation_tps=5.582
CHILD index=1 mig=31ffbfe4 exit=0 text=3e8e491b5e31337a role=child prefix_tokens=4081 suffix_tokens=16 model_ms=966.7 context_ms=24.6 state_ms=2.03 prefix_ms=0.0 suffix_ms=246.0 first_token_ms=1493.4 generation_ms=15771.6 generated=64 generation_tps=4.058
CHILD index=2 mig=fafc828a exit=0 text=45d93d75d8c246b5 role=child prefix_tokens=4081 suffix_tokens=16 model_ms=990.2 context_ms=27.5 state_ms=2.05 prefix_ms=0.0 suffix_ms=361.9 first_token_ms=1678.0 generation_ms=11393.1 generated=64 generation_tps=5.617
CHILD index=3 mig=31ffbfe4 exit=0 text=3fd8649867d4bb41 role=child prefix_tokens=4081 suffix_tokens=16 model_ms=924.2 context_ms=24.5 state_ms=2.11 prefix_ms=0.0 suffix_ms=307.8 first_token_ms=1560.6 generation_ms=15866.2 generated=64 generation_tps=4.034
CHILD index=4 mig=fafc828a exit=0 text=46404abc10d87546 role=child prefix_tokens=4081 suffix_tokens=16 model_ms=1003.8 context_ms=32.7 state_ms=2.18 prefix_ms=0.0 suffix_ms=365.6 first_token_ms=1685.7 generation_ms=11387.3 generated=64 generation_tps=5.620
CHILD index=5 mig=31ffbfe4 exit=0 text=46404abc10d87546 role=child prefix_tokens=4081 suffix_tokens=16 model_ms=1073.8 context_ms=25.0 state_ms=1.79 prefix_ms=0.0 suffix_ms=338.7 first_token_ms=1611.7 generation_ms=15832.1 generated=64 generation_tps=4.042
CHILD index=6 mig=fafc828a exit=0 text=46404abc10d87546 role=child prefix_tokens=4081 suffix_tokens=16 model_ms=955.4 context_ms=25.7 state_ms=1.99 prefix_ms=0.0 suffix_ms=306.3 first_token_ms=1574.0 generation_ms=11430.1 generated=64 generation_tps=5.599
CHILD index=7 mig=31ffbfe4 exit=0 text=46404abc10d87546 role=child prefix_tokens=4081 suffix_tokens=16 model_ms=1024.2 context_ms=25.9 state_ms=2.06 prefix_ms=0.0 suffix_ms=401.0 first_token_ms=1735.2 generation_ms=15764.3 generated=64 generation_tps=4.060
MEMORY mem_available_drop_mib=5726 prefix_pss_mib=223 prefix_rss_mib=1785 file_mib=224
END_CASE failed=0 timed_out=0 children_wall_ms=17992
CASE config=mig_mps mode=copy children=8
PARENT mig=fafc828a exit=0 text=8e42d861853d43f0 prefix_tokens=4081 prefix_ms=4383.7 publish_ms=192.06 state_bytes=234086869 suffix_tokens=13 model_ms=626.2 context_ms=26.8 suffix_ms=57.6 first_token_ms=5401.2 generation_ms=7477.2 generated=64 generation_tps=8.559
CHILD index=0 mig=fafc828a exit=0 text=c762b6e82f144cca role=child prefix_tokens=4081 suffix_tokens=16 model_ms=973.5 context_ms=31.7 state_ms=107.90 prefix_ms=0.0 suffix_ms=288.1 first_token_ms=1645.5 generation_ms=10993.1 generated=64 generation_tps=5.822
CHILD index=1 mig=31ffbfe4 exit=0 text=3e8e491b5e31337a role=child prefix_tokens=4081 suffix_tokens=16 model_ms=736.0 context_ms=31.0 state_ms=41.82 prefix_ms=0.0 suffix_ms=116.1 first_token_ms=1111.0 generation_ms=14414.7 generated=64 generation_tps=4.440
CHILD index=2 mig=fafc828a exit=0 text=45d93d75d8c246b5 role=child prefix_tokens=4081 suffix_tokens=16 model_ms=1016.8 context_ms=41.6 state_ms=79.09 prefix_ms=0.0 suffix_ms=340.6 first_token_ms=1783.5 generation_ms=10960.9 generated=64 generation_tps=5.839
CHILD index=3 mig=31ffbfe4 exit=0 text=3fd8649867d4bb41 role=child prefix_tokens=4081 suffix_tokens=16 model_ms=991.3 context_ms=39.8 state_ms=98.78 prefix_ms=0.0 suffix_ms=394.1 first_token_ms=1832.4 generation_ms=15023.2 generated=64 generation_tps=4.260
CHILD index=4 mig=fafc828a exit=0 text=46404abc10d87546 role=child prefix_tokens=4081 suffix_tokens=16 model_ms=958.2 context_ms=31.0 state_ms=102.16 prefix_ms=0.0 suffix_ms=304.4 first_token_ms=1687.1 generation_ms=11005.2 generated=64 generation_tps=5.815
CHILD index=5 mig=31ffbfe4 exit=0 text=46404abc10d87546 role=child prefix_tokens=4081 suffix_tokens=16 model_ms=978.6 context_ms=41.5 state_ms=98.51 prefix_ms=0.0 suffix_ms=412.1 first_token_ms=1836.5 generation_ms=14970.7 generated=64 generation_tps=4.275
CHILD index=6 mig=fafc828a exit=0 text=46404abc10d87546 role=child prefix_tokens=4081 suffix_tokens=16 model_ms=1016.2 context_ms=37.7 state_ms=82.10 prefix_ms=0.0 suffix_ms=350.5 first_token_ms=1796.3 generation_ms=10940.3 generated=64 generation_tps=5.850
CHILD index=7 mig=31ffbfe4 exit=0 text=46404abc10d87546 role=child prefix_tokens=4081 suffix_tokens=16 model_ms=1002.5 context_ms=48.6 state_ms=92.85 prefix_ms=0.0 suffix_ms=408.1 first_token_ms=1847.4 generation_ms=14999.5 generated=64 generation_tps=4.267
MEMORY mem_available_drop_mib=9099 prefix_pss_mib=0 prefix_rss_mib=0 file_mib=0
END_CASE failed=0 timed_out=0 children_wall_ms=17302
CASE config=mig mode=extent children=4
PARENT mig=fafc828a exit=0 text=8e42d861853d43f0 prefix_tokens=4081 prefix_ms=4379.3 publish_ms=2.08 state_bytes=66005 suffix_tokens=13 model_ms=648.9 context_ms=22.5 suffix_ms=96.7 first_token_ms=5256.2 generation_ms=6028.8 generated=64 generation_tps=10.616
CHILD index=0 mig=fafc828a exit=0 text=c762b6e82f144cca role=child prefix_tokens=4081 suffix_tokens=16 model_ms=928.1 context_ms=27.6 state_ms=1.91 prefix_ms=0.0 suffix_ms=219.0 first_token_ms=1314.7 generation_ms=7229.6 generated=64 generation_tps=8.852
CHILD index=1 mig=31ffbfe4 exit=0 text=3e8e491b5e31337a role=child prefix_tokens=4081 suffix_tokens=16 model_ms=897.0 context_ms=63.6 state_ms=1.86 prefix_ms=0.0 suffix_ms=226.9 first_token_ms=1334.4 generation_ms=8568.0 generated=64 generation_tps=7.470
CHILD index=2 mig=fafc828a exit=0 text=45d93d75d8c246b5 role=child prefix_tokens=4081 suffix_tokens=16 model_ms=901.6 context_ms=26.3 state_ms=2.03 prefix_ms=0.0 suffix_ms=275.9 first_token_ms=1357.9 generation_ms=7242.4 generated=64 generation_tps=8.837
CHILD index=3 mig=31ffbfe4 exit=0 text=3fd8649867d4bb41 role=child prefix_tokens=4081 suffix_tokens=16 model_ms=708.0 context_ms=24.1 state_ms=1.77 prefix_ms=0.0 suffix_ms=126.4 first_token_ms=1006.9 generation_ms=8646.5 generated=64 generation_tps=7.402
MEMORY mem_available_drop_mib=3207 prefix_pss_mib=223 prefix_rss_mib=892 file_mib=224
END_CASE failed=0 timed_out=0 children_wall_ms=10371
CASE config=mig mode=copy children=4
PARENT mig=fafc828a exit=0 text=8e42d861853d43f0 prefix_tokens=4081 prefix_ms=4378.6 publish_ms=225.15 state_bytes=234086869 suffix_tokens=13 model_ms=641.5 context_ms=28.9 suffix_ms=60.1 first_token_ms=5438.6 generation_ms=5870.9 generated=64 generation_tps=10.901
CHILD index=0 mig=fafc828a exit=0 text=c762b6e82f144cca role=child prefix_tokens=4081 suffix_tokens=16 model_ms=843.4 context_ms=37.9 state_ms=146.70 prefix_ms=0.0 suffix_ms=235.5 first_token_ms=1408.9 generation_ms=7006.1 generated=64 generation_tps=9.135
CHILD index=1 mig=31ffbfe4 exit=0 text=3e8e491b5e31337a role=child prefix_tokens=4081 suffix_tokens=16 model_ms=893.2 context_ms=33.5 state_ms=92.88 prefix_ms=0.0 suffix_ms=227.2 first_token_ms=1396.9 generation_ms=8539.7 generated=64 generation_tps=7.494
CHILD index=2 mig=fafc828a exit=0 text=45d93d75d8c246b5 role=child prefix_tokens=4081 suffix_tokens=16 model_ms=883.8 context_ms=32.5 state_ms=138.12 prefix_ms=0.0 suffix_ms=249.2 first_token_ms=1459.4 generation_ms=6991.9 generated=64 generation_tps=9.154
CHILD index=3 mig=31ffbfe4 exit=0 text=3fd8649867d4bb41 role=child prefix_tokens=4081 suffix_tokens=16 model_ms=825.5 context_ms=37.6 state_ms=53.28 prefix_ms=0.0 suffix_ms=132.7 first_token_ms=1204.3 generation_ms=8612.6 generated=64 generation_tps=7.431
MEMORY mem_available_drop_mib=4562 prefix_pss_mib=0 prefix_rss_mib=0 file_mib=0
END_CASE failed=0 timed_out=0 children_wall_ms=10347
CASE config=mig mode=extent children=8
PARENT mig=fafc828a exit=0 text=8e42d861853d43f0 prefix_tokens=4081 prefix_ms=4382.3 publish_ms=3.05 state_bytes=66005 suffix_tokens=13 model_ms=627.9 context_ms=21.7 suffix_ms=103.7 first_token_ms=5263.2 generation_ms=9082.4 generated=64 generation_tps=7.047
CHILD index=0 mig=fafc828a exit=0 text=c762b6e82f144cca role=child prefix_tokens=4081 suffix_tokens=16 model_ms=880.9 context_ms=22.8 state_ms=1.97 prefix_ms=0.0 suffix_ms=160.9 first_token_ms=1276.0 generation_ms=12603.4 generated=64 generation_tps=5.078
CHILD index=1 mig=31ffbfe4 exit=0 text=3e8e491b5e31337a role=child prefix_tokens=4081 suffix_tokens=16 model_ms=1150.8 context_ms=38.9 state_ms=1.84 prefix_ms=0.0 suffix_ms=379.8 first_token_ms=1839.1 generation_ms=17635.8 generated=64 generation_tps=3.629
CHILD index=2 mig=fafc828a exit=0 text=45d93d75d8c246b5 role=child prefix_tokens=4081 suffix_tokens=16 model_ms=1159.2 context_ms=23.9 state_ms=1.92 prefix_ms=0.0 suffix_ms=336.7 first_token_ms=1817.1 generation_ms=12700.3 generated=64 generation_tps=5.039
CHILD index=3 mig=31ffbfe4 exit=0 text=3fd8649867d4bb41 role=child prefix_tokens=4081 suffix_tokens=16 model_ms=1152.1 context_ms=23.9 state_ms=1.95 prefix_ms=0.0 suffix_ms=403.6 first_token_ms=1885.6 generation_ms=17639.1 generated=64 generation_tps=3.628
CHILD index=4 mig=fafc828a exit=0 text=46404abc10d87546 role=child prefix_tokens=4081 suffix_tokens=16 model_ms=1167.9 context_ms=72.7 state_ms=2.45 prefix_ms=0.0 suffix_ms=376.9 first_token_ms=1903.1 generation_ms=12634.7 generated=64 generation_tps=5.065
CHILD index=5 mig=31ffbfe4 exit=0 text=46404abc10d87546 role=child prefix_tokens=4081 suffix_tokens=16 model_ms=1063.3 context_ms=22.5 state_ms=1.86 prefix_ms=0.0 suffix_ms=131.1 first_token_ms=1505.6 generation_ms=17765.5 generated=64 generation_tps=3.602
CHILD index=6 mig=fafc828a exit=0 text=46404abc10d87546 role=child prefix_tokens=4081 suffix_tokens=16 model_ms=1127.8 context_ms=31.8 state_ms=2.10 prefix_ms=0.0 suffix_ms=335.7 first_token_ms=1787.1 generation_ms=12713.1 generated=64 generation_tps=5.034
CHILD index=7 mig=31ffbfe4 exit=0 text=46404abc10d87546 role=child prefix_tokens=4081 suffix_tokens=16 model_ms=1124.7 context_ms=32.1 state_ms=1.94 prefix_ms=0.0 suffix_ms=413.0 first_token_ms=1865.2 generation_ms=17655.0 generated=64 generation_tps=3.625
MEMORY mem_available_drop_mib=5889 prefix_pss_mib=223 prefix_rss_mib=1785 file_mib=224
END_CASE failed=0 timed_out=0 children_wall_ms=20004
CASE config=mig mode=copy children=8
PARENT mig=fafc828a exit=0 text=8e42d861853d43f0 prefix_tokens=4081 prefix_ms=4375.5 publish_ms=223.03 state_bytes=234086869 suffix_tokens=13 model_ms=590.2 context_ms=27.9 suffix_ms=57.9 first_token_ms=5387.4 generation_ms=7153.4 generated=64 generation_tps=8.947
CHILD index=0 mig=fafc828a exit=0 text=c762b6e82f144cca role=child prefix_tokens=4081 suffix_tokens=16 model_ms=1250.5 context_ms=46.2 state_ms=156.21 prefix_ms=0.0 suffix_ms=376.8 first_token_ms=2110.4 generation_ms=12147.1 generated=64 generation_tps=5.269
CHILD index=1 mig=31ffbfe4 exit=0 text=3e8e491b5e31337a role=child prefix_tokens=4081 suffix_tokens=16 model_ms=877.9 context_ms=29.5 state_ms=46.50 prefix_ms=0.0 suffix_ms=114.9 first_token_ms=1310.6 generation_ms=16354.6 generated=64 generation_tps=3.913
CHILD index=2 mig=fafc828a exit=0 text=45d93d75d8c246b5 role=child prefix_tokens=4081 suffix_tokens=16 model_ms=1193.9 context_ms=34.5 state_ms=162.72 prefix_ms=0.0 suffix_ms=347.9 first_token_ms=2031.2 generation_ms=12159.5 generated=64 generation_tps=5.263
CHILD index=3 mig=31ffbfe4 exit=0 text=3fd8649867d4bb41 role=child prefix_tokens=4081 suffix_tokens=16 model_ms=1144.2 context_ms=39.3 state_ms=162.48 prefix_ms=0.0 suffix_ms=373.0 first_token_ms=2015.8 generation_ms=16862.8 generated=64 generation_tps=3.795
CHILD index=4 mig=fafc828a exit=0 text=46404abc10d87546 role=child prefix_tokens=4081 suffix_tokens=16 model_ms=1176.7 context_ms=49.8 state_ms=163.89 prefix_ms=0.0 suffix_ms=355.9 first_token_ms=2050.2 generation_ms=12170.9 generated=64 generation_tps=5.258
CHILD index=5 mig=31ffbfe4 exit=0 text=46404abc10d87546 role=child prefix_tokens=4081 suffix_tokens=16 model_ms=1191.5 context_ms=44.0 state_ms=156.64 prefix_ms=0.0 suffix_ms=426.8 first_token_ms=2122.4 generation_ms=16818.7 generated=64 generation_tps=3.805
CHILD index=6 mig=fafc828a exit=0 text=46404abc10d87546 role=child prefix_tokens=4081 suffix_tokens=16 model_ms=1218.3 context_ms=44.5 state_ms=162.30 prefix_ms=0.0 suffix_ms=376.6 first_token_ms=2096.0 generation_ms=12152.8 generated=64 generation_tps=5.266
CHILD index=7 mig=31ffbfe4 exit=0 text=46404abc10d87546 role=child prefix_tokens=4081 suffix_tokens=16 model_ms=1126.0 context_ms=34.5 state_ms=167.93 prefix_ms=0.0 suffix_ms=418.1 first_token_ms=2048.9 generation_ms=16867.0 generated=64 generation_tps=3.794
MEMORY mem_available_drop_mib=9081 prefix_pss_mib=0 prefix_rss_mib=0 file_mib=0
END_CASE failed=0 timed_out=0 children_wall_ms=19367
CASE config=mps mode=extent children=4
PARENT mig=fafc828a exit=0 text=8e42d861853d43f0 prefix_tokens=4081 prefix_ms=4382.6 publish_ms=3.09 state_bytes=66005 suffix_tokens=13 model_ms=600.6 context_ms=22.4 suffix_ms=118.6 first_token_ms=5353.0 generation_ms=8403.9 generated=64 generation_tps=7.616
CHILD index=0 mig=fafc828a exit=0 text=c762b6e82f144cca role=child prefix_tokens=4081 suffix_tokens=16 model_ms=854.3 context_ms=24.6 state_ms=2.05 prefix_ms=0.0 suffix_ms=317.3 first_token_ms=1382.3 generation_ms=10810.1 generated=64 generation_tps=5.920
CHILD index=1 mig=fafc828a exit=0 text=5f0f74be36dfb05d role=child prefix_tokens=4081 suffix_tokens=16 model_ms=775.7 context_ms=25.7 state_ms=1.93 prefix_ms=0.0 suffix_ms=279.6 first_token_ms=1265.4 generation_ms=10853.2 generated=64 generation_tps=5.897
CHILD index=2 mig=fafc828a exit=0 text=45d93d75d8c246b5 role=child prefix_tokens=4081 suffix_tokens=16 model_ms=857.4 context_ms=23.6 state_ms=2.03 prefix_ms=0.0 suffix_ms=320.5 first_token_ms=1372.6 generation_ms=10833.6 generated=64 generation_tps=5.908
CHILD index=3 mig=fafc828a exit=0 text=4a8f18b77dbe0332 role=child prefix_tokens=4081 suffix_tokens=16 model_ms=778.8 context_ms=26.1 state_ms=1.99 prefix_ms=0.0 suffix_ms=279.8 first_token_ms=1260.2 generation_ms=10864.7 generated=64 generation_tps=5.891
MEMORY mem_available_drop_mib=2892 prefix_pss_mib=223 prefix_rss_mib=892 file_mib=224
END_CASE failed=0 timed_out=0 children_wall_ms=12726
CASE config=mps mode=copy children=4
PARENT mig=fafc828a exit=0 text=8e42d861853d43f0 prefix_tokens=4081 prefix_ms=4381.9 publish_ms=223.83 state_bytes=234086869 suffix_tokens=13 model_ms=566.6 context_ms=27.1 suffix_ms=55.6 first_token_ms=5349.6 generation_ms=8391.4 generated=64 generation_tps=7.627
CHILD index=0 mig=fafc828a exit=0 text=c762b6e82f144cca role=child prefix_tokens=4081 suffix_tokens=16 model_ms=736.8 context_ms=28.1 state_ms=91.81 prefix_ms=0.0 suffix_ms=289.4 first_token_ms=1258.2 generation_ms=10849.1 generated=64 generation_tps=5.899
CHILD index=1 mig=fafc828a exit=0 text=5f0f74be36dfb05d role=child prefix_tokens=4081 suffix_tokens=16 model_ms=760.3 context_ms=30.0 state_ms=73.47 prefix_ms=0.0 suffix_ms=308.6 first_token_ms=1317.6 generation_ms=10827.7 generated=64 generation_tps=5.911
CHILD index=2 mig=fafc828a exit=0 text=45d93d75d8c246b5 role=child prefix_tokens=4081 suffix_tokens=16 model_ms=726.3 context_ms=28.4 state_ms=90.39 prefix_ms=0.0 suffix_ms=296.1 first_token_ms=1284.2 generation_ms=10850.6 generated=64 generation_tps=5.898
CHILD index=3 mig=fafc828a exit=0 text=4a8f18b77dbe0332 role=child prefix_tokens=4081 suffix_tokens=16 model_ms=758.7 context_ms=31.8 state_ms=71.07 prefix_ms=0.0 suffix_ms=310.9 first_token_ms=1316.9 generation_ms=10831.9 generated=64 generation_tps=5.908
MEMORY mem_available_drop_mib=4522 prefix_pss_mib=0 prefix_rss_mib=0 file_mib=0
END_CASE failed=0 timed_out=0 children_wall_ms=12554
CASE config=mps mode=extent children=8
PARENT mig=fafc828a exit=0 text=8e42d861853d43f0 prefix_tokens=4081 prefix_ms=4384.6 publish_ms=2.42 state_bytes=66005 suffix_tokens=13 model_ms=571.1 context_ms=22.4 suffix_ms=95.9 first_token_ms=5186.4 generation_ms=12677.3 generated=64 generation_tps=5.048
CHILD index=0 mig=fafc828a exit=0 text=c762b6e82f144cca role=child prefix_tokens=4081 suffix_tokens=16 model_ms=886.7 context_ms=28.1 state_ms=1.71 prefix_ms=0.0 suffix_ms=193.5 first_token_ms=1354.3 generation_ms=19929.3 generated=64 generation_tps=3.211
CHILD index=1 mig=fafc828a exit=0 text=5f0f74be36dfb05d role=child prefix_tokens=4081 suffix_tokens=16 model_ms=1103.6 context_ms=24.6 state_ms=2.12 prefix_ms=0.0 suffix_ms=505.8 first_token_ms=1915.0 generation_ms=20035.0 generated=64 generation_tps=3.194
CHILD index=2 mig=fafc828a exit=0 text=45d93d75d8c246b5 role=child prefix_tokens=4081 suffix_tokens=16 model_ms=997.1 context_ms=24.5 state_ms=2.04 prefix_ms=0.0 suffix_ms=476.9 first_token_ms=1796.3 generation_ms=20062.0 generated=64 generation_tps=3.190
CHILD index=3 mig=fafc828a exit=0 text=4a8f18b77dbe0332 role=child prefix_tokens=4081 suffix_tokens=16 model_ms=1012.1 context_ms=36.9 state_ms=2.01 prefix_ms=0.0 suffix_ms=510.2 first_token_ms=1854.0 generation_ms=20056.6 generated=64 generation_tps=3.191
CHILD index=4 mig=fafc828a exit=0 text=46404abc10d87546 role=child prefix_tokens=4081 suffix_tokens=16 model_ms=1038.8 context_ms=30.2 state_ms=2.09 prefix_ms=0.0 suffix_ms=520.0 first_token_ms=1886.0 generation_ms=20039.1 generated=64 generation_tps=3.194
CHILD index=5 mig=fafc828a exit=0 text=46404abc10d87546 role=child prefix_tokens=4081 suffix_tokens=16 model_ms=1006.8 context_ms=30.4 state_ms=2.09 prefix_ms=0.0 suffix_ms=506.2 first_token_ms=1841.0 generation_ms=20050.4 generated=64 generation_tps=3.192
CHILD index=6 mig=fafc828a exit=0 text=46404abc10d87546 role=child prefix_tokens=4081 suffix_tokens=16 model_ms=1045.8 context_ms=26.7 state_ms=2.02 prefix_ms=0.0 suffix_ms=525.0 first_token_ms=1890.6 generation_ms=20039.1 generated=64 generation_tps=3.194
CHILD index=7 mig=fafc828a exit=0 text=46404abc10d87546 role=child prefix_tokens=4081 suffix_tokens=16 model_ms=998.3 context_ms=34.6 state_ms=1.90 prefix_ms=0.0 suffix_ms=498.1 first_token_ms=1829.4 generation_ms=20084.3 generated=64 generation_tps=3.187
MEMORY mem_available_drop_mib=5688 prefix_pss_mib=263 prefix_rss_mib=1785 file_mib=224
END_CASE failed=0 timed_out=0 children_wall_ms=22476
CASE config=mps mode=copy children=8
PARENT mig=fafc828a exit=0 text=8e42d861853d43f0 prefix_tokens=4081 prefix_ms=4379.3 publish_ms=226.86 state_bytes=234086869 suffix_tokens=13 model_ms=589.6 context_ms=27.8 suffix_ms=56.8 first_token_ms=5376.9 generation_ms=11851.3 generated=64 generation_tps=5.400
CHILD index=0 mig=fafc828a exit=0 text=c762b6e82f144cca role=child prefix_tokens=4081 suffix_tokens=16 model_ms=997.9 context_ms=28.6 state_ms=121.53 prefix_ms=0.0 suffix_ms=451.1 first_token_ms=1876.9 generation_ms=20000.6 generated=64 generation_tps=3.200
CHILD index=1 mig=fafc828a exit=0 text=5f0f74be36dfb05d role=child prefix_tokens=4081 suffix_tokens=16 model_ms=1076.6 context_ms=31.4 state_ms=85.99 prefix_ms=0.0 suffix_ms=513.1 first_token_ms=2003.5 generation_ms=19980.9 generated=64 generation_tps=3.203
CHILD index=2 mig=fafc828a exit=0 text=45d93d75d8c246b5 role=child prefix_tokens=4081 suffix_tokens=16 model_ms=947.5 context_ms=27.8 state_ms=85.14 prefix_ms=0.0 suffix_ms=352.9 first_token_ms=1661.5 generation_ms=19986.8 generated=64 generation_tps=3.202
CHILD index=3 mig=fafc828a exit=0 text=4a8f18b77dbe0332 role=child prefix_tokens=4081 suffix_tokens=16 model_ms=1011.7 context_ms=42.6 state_ms=87.11 prefix_ms=0.0 suffix_ms=497.1 first_token_ms=1936.0 generation_ms=20017.7 generated=64 generation_tps=3.197
CHILD index=4 mig=fafc828a exit=0 text=46404abc10d87546 role=child prefix_tokens=4081 suffix_tokens=16 model_ms=1001.3 context_ms=41.4 state_ms=86.05 prefix_ms=0.0 suffix_ms=484.7 first_token_ms=1907.1 generation_ms=20018.9 generated=64 generation_tps=3.197
CHILD index=5 mig=fafc828a exit=0 text=46404abc10d87546 role=child prefix_tokens=4081 suffix_tokens=16 model_ms=999.1 context_ms=49.9 state_ms=80.88 prefix_ms=0.0 suffix_ms=488.8 first_token_ms=1916.4 generation_ms=20002.6 generated=64 generation_tps=3.200
CHILD index=6 mig=fafc828a exit=0 text=46404abc10d87546 role=child prefix_tokens=4081 suffix_tokens=16 model_ms=1002.4 context_ms=40.4 state_ms=91.81 prefix_ms=0.0 suffix_ms=494.8 first_token_ms=1916.9 generation_ms=20020.1 generated=64 generation_tps=3.197
CHILD index=7 mig=fafc828a exit=0 text=46404abc10d87546 role=child prefix_tokens=4081 suffix_tokens=16 model_ms=1041.2 context_ms=31.0 state_ms=83.20 prefix_ms=0.0 suffix_ms=508.9 first_token_ms=1957.3 generation_ms=20001.1 generated=64 generation_tps=3.200
MEMORY mem_available_drop_mib=9074 prefix_pss_mib=0 prefix_rss_mib=0 file_mib=0
END_CASE failed=0 timed_out=0 children_wall_ms=22555
CASE config=timeslice mode=extent children=4
PARENT mig=fafc828a exit=0 text=8e42d861853d43f0 prefix_tokens=4081 prefix_ms=4383.5 publish_ms=3.11 state_bytes=66005 suffix_tokens=13 model_ms=603.2 context_ms=22.0 suffix_ms=122.2 first_token_ms=5235.5 generation_ms=9355.0 generated=64 generation_tps=6.841
CHILD index=0 mig=fafc828a exit=0 text=c762b6e82f144cca role=child prefix_tokens=4081 suffix_tokens=16 model_ms=837.8 context_ms=23.5 state_ms=1.84 prefix_ms=0.0 suffix_ms=317.1 first_token_ms=1289.6 generation_ms=12264.1 generated=64 generation_tps=5.218
CHILD index=1 mig=fafc828a exit=0 text=5f0f74be36dfb05d role=child prefix_tokens=4081 suffix_tokens=16 model_ms=865.2 context_ms=27.5 state_ms=1.91 prefix_ms=0.0 suffix_ms=379.9 first_token_ms=1407.5 generation_ms=12203.4 generated=64 generation_tps=5.244
CHILD index=2 mig=fafc828a exit=0 text=45d93d75d8c246b5 role=child prefix_tokens=4081 suffix_tokens=16 model_ms=851.7 context_ms=27.3 state_ms=1.68 prefix_ms=0.0 suffix_ms=262.9 first_token_ms=1284.1 generation_ms=12280.7 generated=64 generation_tps=5.211
CHILD index=3 mig=fafc828a exit=0 text=4a8f18b77dbe0332 role=child prefix_tokens=4081 suffix_tokens=16 model_ms=910.6 context_ms=23.5 state_ms=1.94 prefix_ms=0.0 suffix_ms=399.5 first_token_ms=1478.9 generation_ms=12149.4 generated=64 generation_tps=5.268
MEMORY mem_available_drop_mib=2943 prefix_pss_mib=256 prefix_rss_mib=892 file_mib=224
END_CASE failed=0 timed_out=0 children_wall_ms=14158
CASE config=timeslice mode=copy children=4
PARENT mig=fafc828a exit=0 text=8e42d861853d43f0 prefix_tokens=4081 prefix_ms=4376.7 publish_ms=205.10 state_bytes=234086869 suffix_tokens=13 model_ms=602.0 context_ms=27.1 suffix_ms=55.4 first_token_ms=5358.0 generation_ms=8685.5 generated=64 generation_tps=7.369
CHILD index=0 mig=fafc828a exit=0 text=c762b6e82f144cca role=child prefix_tokens=4081 suffix_tokens=16 model_ms=810.8 context_ms=28.4 state_ms=137.70 prefix_ms=0.0 suffix_ms=196.2 first_token_ms=1295.0 generation_ms=12039.9 generated=64 generation_tps=5.316
CHILD index=1 mig=fafc828a exit=0 text=5f0f74be36dfb05d role=child prefix_tokens=4081 suffix_tokens=16 model_ms=873.2 context_ms=38.2 state_ms=191.40 prefix_ms=0.0 suffix_ms=347.4 first_token_ms=1598.8 generation_ms=11979.9 generated=64 generation_tps=5.342
CHILD index=2 mig=fafc828a exit=0 text=45d93d75d8c246b5 role=child prefix_tokens=4081 suffix_tokens=16 model_ms=881.1 context_ms=34.4 state_ms=194.83 prefix_ms=0.0 suffix_ms=337.9 first_token_ms=1590.6 generation_ms=11965.3 generated=64 generation_tps=5.349
CHILD index=3 mig=fafc828a exit=0 text=4a8f18b77dbe0332 role=child prefix_tokens=4081 suffix_tokens=16 model_ms=933.9 context_ms=31.1 state_ms=192.27 prefix_ms=0.0 suffix_ms=361.6 first_token_ms=1664.6 generation_ms=11936.1 generated=64 generation_tps=5.362
MEMORY mem_available_drop_mib=4559 prefix_pss_mib=0 prefix_rss_mib=0 file_mib=0
END_CASE failed=0 timed_out=0 children_wall_ms=14118
CASE config=timeslice mode=extent children=8
PARENT mig=fafc828a exit=0 text=8e42d861853d43f0 prefix_tokens=4081 prefix_ms=4378.3 publish_ms=3.11 state_bytes=66005 suffix_tokens=13 model_ms=587.3 context_ms=22.1 suffix_ms=100.7 first_token_ms=5201.1 generation_ms=14412.2 generated=64 generation_tps=4.441
CHILD index=0 mig=fafc828a exit=0 text=c762b6e82f144cca role=child prefix_tokens=4081 suffix_tokens=16 model_ms=873.5 context_ms=24.0 state_ms=1.92 prefix_ms=0.0 suffix_ms=165.0 first_token_ms=1265.7 generation_ms=22026.6 generated=64 generation_tps=2.906
CHILD index=1 mig=fafc828a exit=0 text=5f0f74be36dfb05d role=child prefix_tokens=4081 suffix_tokens=16 model_ms=1159.3 context_ms=34.6 state_ms=1.75 prefix_ms=0.0 suffix_ms=540.7 first_token_ms=2036.1 generation_ms=22587.4 generated=64 generation_tps=2.833
CHILD index=2 mig=fafc828a exit=0 text=45d93d75d8c246b5 role=child prefix_tokens=4081 suffix_tokens=16 model_ms=1165.4 context_ms=30.7 state_ms=1.90 prefix_ms=0.0 suffix_ms=496.1 first_token_ms=1979.0 generation_ms=22596.7 generated=64 generation_tps=2.832
CHILD index=3 mig=fafc828a exit=0 text=4a8f18b77dbe0332 role=child prefix_tokens=4081 suffix_tokens=16 model_ms=1122.6 context_ms=56.5 state_ms=1.89 prefix_ms=0.0 suffix_ms=543.4 first_token_ms=1981.0 generation_ms=22566.4 generated=64 generation_tps=2.836
CHILD index=4 mig=fafc828a exit=0 text=46404abc10d87546 role=child prefix_tokens=4081 suffix_tokens=16 model_ms=1210.1 context_ms=24.2 state_ms=1.94 prefix_ms=0.0 suffix_ms=619.2 first_token_ms=2158.2 generation_ms=22509.2 generated=64 generation_tps=2.843
CHILD index=5 mig=fafc828a exit=0 text=46404abc10d87546 role=child prefix_tokens=4081 suffix_tokens=16 model_ms=1156.8 context_ms=33.6 state_ms=1.94 prefix_ms=0.0 suffix_ms=693.9 first_token_ms=2185.9 generation_ms=22485.4 generated=64 generation_tps=2.846
CHILD index=6 mig=fafc828a exit=0 text=46404abc10d87546 role=child prefix_tokens=4081 suffix_tokens=16 model_ms=1162.7 context_ms=33.9 state_ms=1.90 prefix_ms=0.0 suffix_ms=553.1 first_token_ms=2036.1 generation_ms=22573.6 generated=64 generation_tps=2.835
CHILD index=7 mig=fafc828a exit=0 text=46404abc10d87546 role=child prefix_tokens=4081 suffix_tokens=16 model_ms=1134.9 context_ms=23.0 state_ms=1.95 prefix_ms=0.0 suffix_ms=445.8 first_token_ms=1888.3 generation_ms=22630.5 generated=64 generation_tps=2.828
MEMORY mem_available_drop_mib=5888 prefix_pss_mib=263 prefix_rss_mib=1785 file_mib=224
END_CASE failed=0 timed_out=0 children_wall_ms=25238
CASE config=timeslice mode=copy children=8
PARENT mig=fafc828a exit=0 text=8e42d861853d43f0 prefix_tokens=4081 prefix_ms=4367.6 publish_ms=227.18 state_bytes=234086869 suffix_tokens=13 model_ms=596.7 context_ms=27.2 suffix_ms=56.6 first_token_ms=5392.5 generation_ms=11563.7 generated=64 generation_tps=5.535
CHILD index=0 mig=fafc828a exit=0 text=c762b6e82f144cca role=child prefix_tokens=4081 suffix_tokens=16 model_ms=1169.4 context_ms=44.7 state_ms=204.11 prefix_ms=0.0 suffix_ms=520.8 first_token_ms=2221.5 generation_ms=22328.9 generated=64 generation_tps=2.866
CHILD index=1 mig=fafc828a exit=0 text=5f0f74be36dfb05d role=child prefix_tokens=4081 suffix_tokens=16 model_ms=1160.7 context_ms=32.5 state_ms=159.98 prefix_ms=0.0 suffix_ms=210.0 first_token_ms=1805.0 generation_ms=22318.8 generated=64 generation_tps=2.868
CHILD index=2 mig=fafc828a exit=0 text=45d93d75d8c246b5 role=child prefix_tokens=4081 suffix_tokens=16 model_ms=1217.6 context_ms=49.4 state_ms=212.61 prefix_ms=0.0 suffix_ms=573.8 first_token_ms=2356.2 generation_ms=22276.0 generated=64 generation_tps=2.873
CHILD index=3 mig=fafc828a exit=0 text=4a8f18b77dbe0332 role=child prefix_tokens=4081 suffix_tokens=16 model_ms=1226.5 context_ms=49.5 state_ms=222.19 prefix_ms=0.0 suffix_ms=591.7 first_token_ms=2381.6 generation_ms=22227.5 generated=64 generation_tps=2.879
CHILD index=4 mig=fafc828a exit=0 text=46404abc10d87546 role=child prefix_tokens=4081 suffix_tokens=16 model_ms=1234.2 context_ms=33.0 state_ms=219.08 prefix_ms=0.0 suffix_ms=585.8 first_token_ms=2377.7 generation_ms=22254.9 generated=64 generation_tps=2.876
CHILD index=5 mig=fafc828a exit=0 text=46404abc10d87546 role=child prefix_tokens=4081 suffix_tokens=16 model_ms=1151.1 context_ms=42.1 state_ms=197.79 prefix_ms=0.0 suffix_ms=529.3 first_token_ms=2224.5 generation_ms=22316.1 generated=64 generation_tps=2.868
CHILD index=6 mig=fafc828a exit=0 text=46404abc10d87546 role=child prefix_tokens=4081 suffix_tokens=16 model_ms=1216.1 context_ms=41.9 state_ms=215.45 prefix_ms=0.0 suffix_ms=555.4 first_token_ms=2320.8 generation_ms=22287.8 generated=64 generation_tps=2.872
CHILD index=7 mig=fafc828a exit=0 text=46404abc10d87546 role=child prefix_tokens=4081 suffix_tokens=16 model_ms=1146.8 context_ms=37.8 state_ms=196.05 prefix_ms=0.0 suffix_ms=492.7 first_token_ms=2175.5 generation_ms=22318.4 generated=64 generation_tps=2.868
MEMORY mem_available_drop_mib=9135 prefix_pss_mib=0 prefix_rss_mib=0 file_mib=0
END_CASE failed=0 timed_out=0 children_wall_ms=25212
END_KVMPS
BEGIN_KVMPS run=2 paragraphs=320 context=32768
REFERENCE who=0 mig=fafc828a text=d42c4c07975a6446
REFERENCE who=1 mig=fafc828a text=3fd8649867d4bb41
REFERENCE who=1 mig=31ffbfe4 text=3fd8649867d4bb41
REFERENCE who=2 mig=fafc828a text=3fd8649867d4bb41
REFERENCE who=3 mig=fafc828a text=3fd8649867d4bb41
REFERENCE who=3 mig=31ffbfe4 text=3e0fd62f5aa50665
REFERENCE who=4 mig=fafc828a text=3e0fd62f5aa50665
REFERENCE who=5 mig=fafc828a text=3e0fd62f5aa50665
REFERENCE who=5 mig=31ffbfe4 text=45d93d75d8c246b5
REFERENCE who=6 mig=fafc828a text=4a8f18b77dbe0332
REFERENCE who=7 mig=fafc828a text=4a8f18b77dbe0332
REFERENCE who=7 mig=31ffbfe4 text=4a8f18b77dbe0332
CASE config=mig_mps mode=extent children=4
PARENT mig=fafc828a exit=0 text=c646470e58f73411 prefix_tokens=16321 prefix_ms=19799.7 publish_ms=6.93 state_bytes=261845 suffix_tokens=13 model_ms=609.8 context_ms=34.5 suffix_ms=109.2 first_token_ms=20820.6 generation_ms=6252.1 generated=64 generation_tps=10.237
CHILD index=0 mig=fafc828a exit=0 text=d42c4c07975a6446 role=child prefix_tokens=16321 suffix_tokens=16 model_ms=767.8 context_ms=36.0 state_ms=7.61 prefix_ms=0.0 suffix_ms=349.3 first_token_ms=1325.9 generation_ms=7168.3 generated=64 generation_tps=8.928
CHILD index=1 mig=31ffbfe4 exit=0 text=3fd8649867d4bb41 role=child prefix_tokens=16321 suffix_tokens=16 model_ms=741.3 context_ms=42.0 state_ms=7.50 prefix_ms=0.0 suffix_ms=201.2 first_token_ms=1229.6 generation_ms=8735.1 generated=64 generation_tps=7.327
CHILD index=2 mig=fafc828a exit=0 text=3fd8649867d4bb41 role=child prefix_tokens=16321 suffix_tokens=16 model_ms=752.2 context_ms=37.9 state_ms=7.58 prefix_ms=0.0 suffix_ms=236.0 first_token_ms=1192.4 generation_ms=7216.9 generated=64 generation_tps=8.868
CHILD index=3 mig=31ffbfe4 exit=0 text=3fd8649867d4bb41 role=child prefix_tokens=16321 suffix_tokens=16 model_ms=741.1 context_ms=40.7 state_ms=7.41 prefix_ms=0.0 suffix_ms=214.5 first_token_ms=1233.3 generation_ms=8686.0 generated=64 generation_tps=7.368
MEMORY mem_available_drop_mib=3021 prefix_pss_mib=892 prefix_rss_mib=3570 file_mib=896
END_CASE failed=0 timed_out=0 children_wall_ms=10475
CASE config=mig_mps mode=copy children=4
PARENT mig=fafc828a exit=0 text=c646470e58f73411 prefix_tokens=16321 prefix_ms=19749.9 publish_ms=533.33 state_bytes=936173269 suffix_tokens=13 model_ms=563.2 context_ms=57.7 suffix_ms=61.7 first_token_ms=21091.2 generation_ms=5691.0 generated=64 generation_tps=11.246
CHILD index=0 mig=fafc828a exit=0 text=d42c4c07975a6446 role=child prefix_tokens=16321 suffix_tokens=16 model_ms=787.3 context_ms=128.3 state_ms=210.45 prefix_ms=0.0 suffix_ms=194.9 first_token_ms=1456.5 generation_ms=6834.6 generated=64 generation_tps=9.364
CHILD index=1 mig=31ffbfe4 exit=0 text=3fd8649867d4bb41 role=child prefix_tokens=16321 suffix_tokens=16 model_ms=804.3 context_ms=103.2 state_ms=344.97 prefix_ms=0.0 suffix_ms=209.9 first_token_ms=1608.6 generation_ms=8412.1 generated=64 generation_tps=7.608
CHILD index=2 mig=fafc828a exit=0 text=3fd8649867d4bb41 role=child prefix_tokens=16321 suffix_tokens=16 model_ms=791.9 context_ms=109.3 state_ms=341.23 prefix_ms=0.0 suffix_ms=276.9 first_token_ms=1675.8 generation_ms=6716.6 generated=64 generation_tps=9.529
CHILD index=3 mig=31ffbfe4 exit=0 text=3fd8649867d4bb41 role=child prefix_tokens=16321 suffix_tokens=16 model_ms=796.5 context_ms=107.6 state_ms=338.44 prefix_ms=0.0 suffix_ms=210.0 first_token_ms=1603.2 generation_ms=8441.9 generated=64 generation_tps=7.581
MEMORY mem_available_drop_mib=10084 prefix_pss_mib=0 prefix_rss_mib=0 file_mib=0
END_CASE failed=0 timed_out=0 children_wall_ms=10558
CASE config=mig_mps mode=extent children=8
PARENT mig=fafc828a exit=0 text=c646470e58f73411 prefix_tokens=16321 prefix_ms=19815.5 publish_ms=9.07 state_bytes=261845 suffix_tokens=13 model_ms=566.3 context_ms=35.1 suffix_ms=97.9 first_token_ms=20651.4 generation_ms=9104.9 generated=64 generation_tps=7.029
CHILD index=0 mig=fafc828a exit=0 text=d42c4c07975a6446 role=child prefix_tokens=16321 suffix_tokens=16 model_ms=773.2 context_ms=35.8 state_ms=7.35 prefix_ms=0.0 suffix_ms=267.2 first_token_ms=1293.5 generation_ms=12388.0 generated=64 generation_tps=5.166
CHILD index=1 mig=31ffbfe4 exit=0 text=3fd8649867d4bb41 role=child prefix_tokens=16321 suffix_tokens=16 model_ms=939.9 context_ms=35.6 state_ms=7.35 prefix_ms=0.0 suffix_ms=130.0 first_token_ms=1335.0 generation_ms=16686.5 generated=64 generation_tps=3.835
CHILD index=2 mig=fafc828a exit=0 text=3fd8649867d4bb41 role=child prefix_tokens=16321 suffix_tokens=16 model_ms=989.5 context_ms=47.7 state_ms=7.38 prefix_ms=0.0 suffix_ms=391.9 first_token_ms=1752.7 generation_ms=12385.0 generated=64 generation_tps=5.168
CHILD index=3 mig=31ffbfe4 exit=0 text=3fd8649867d4bb41 role=child prefix_tokens=16321 suffix_tokens=16 model_ms=989.3 context_ms=52.7 state_ms=7.62 prefix_ms=0.0 suffix_ms=424.7 first_token_ms=1780.0 generation_ms=16960.4 generated=64 generation_tps=3.773
CHILD index=4 mig=fafc828a exit=0 text=3e0fd62f5aa50665 role=child prefix_tokens=16321 suffix_tokens=16 model_ms=1012.4 context_ms=53.5 state_ms=7.69 prefix_ms=0.0 suffix_ms=386.2 first_token_ms=1741.4 generation_ms=12376.0 generated=64 generation_tps=5.171
CHILD index=5 mig=31ffbfe4 exit=0 text=3fd8649867d4bb41 role=child prefix_tokens=16321 suffix_tokens=16 model_ms=1047.0 context_ms=42.1 state_ms=7.92 prefix_ms=0.0 suffix_ms=525.3 first_token_ms=1914.8 generation_ms=16906.6 generated=64 generation_tps=3.786
CHILD index=6 mig=fafc828a exit=0 text=4a8f18b77dbe0332 role=child prefix_tokens=16321 suffix_tokens=16 model_ms=931.8 context_ms=71.1 state_ms=7.49 prefix_ms=0.0 suffix_ms=366.1 first_token_ms=1669.2 generation_ms=12431.2 generated=64 generation_tps=5.148
CHILD index=7 mig=31ffbfe4 exit=0 text=4a8f18b77dbe0332 role=child prefix_tokens=16321 suffix_tokens=16 model_ms=975.8 context_ms=84.4 state_ms=7.38 prefix_ms=0.0 suffix_ms=442.7 first_token_ms=1823.8 generation_ms=16946.6 generated=64 generation_tps=3.777
MEMORY mem_available_drop_mib=5749 prefix_pss_mib=892 prefix_rss_mib=7140 file_mib=896
END_CASE failed=0 timed_out=0 children_wall_ms=19330
CASE config=mig_mps mode=copy children=8
PARENT mig=fafc828a exit=0 text=c646470e58f73411 prefix_tokens=16321 prefix_ms=19745.0 publish_ms=526.16 state_bytes=936173269 suffix_tokens=13 model_ms=569.6 context_ms=58.8 suffix_ms=63.2 first_token_ms=21106.3 generation_ms=8311.1 generated=64 generation_tps=7.701
CHILD index=0 mig=fafc828a exit=0 text=d42c4c07975a6446 role=child prefix_tokens=16321 suffix_tokens=16 model_ms=657.6 context_ms=62.7 state_ms=188.96 prefix_ms=0.0 suffix_ms=190.7 first_token_ms=1330.7 generation_ms=11595.5 generated=64 generation_tps=5.519
CHILD index=1 mig=31ffbfe4 exit=0 text=3fd8649867d4bb41 role=child prefix_tokens=16321 suffix_tokens=16 model_ms=1024.1 context_ms=119.1 state_ms=494.37 prefix_ms=0.0 suffix_ms=387.6 first_token_ms=2299.1 generation_ms=16606.3 generated=64 generation_tps=3.854
CHILD index=2 mig=fafc828a exit=0 text=3fd8649867d4bb41 role=child prefix_tokens=16321 suffix_tokens=16 model_ms=1030.0 context_ms=195.4 state_ms=362.73 prefix_ms=0.0 suffix_ms=397.0 first_token_ms=2299.4 generation_ms=11745.6 generated=64 generation_tps=5.449
CHILD index=3 mig=31ffbfe4 exit=0 text=3fd8649867d4bb41 role=child prefix_tokens=16321 suffix_tokens=16 model_ms=1039.2 context_ms=197.6 state_ms=360.73 prefix_ms=0.0 suffix_ms=381.3 first_token_ms=2285.9 generation_ms=16622.4 generated=64 generation_tps=3.850
CHILD index=4 mig=fafc828a exit=0 text=3e0fd62f5aa50665 role=child prefix_tokens=16321 suffix_tokens=16 model_ms=1048.4 context_ms=160.7 state_ms=397.44 prefix_ms=0.0 suffix_ms=386.3 first_token_ms=2280.3 generation_ms=11736.6 generated=64 generation_tps=5.453
CHILD index=5 mig=31ffbfe4 exit=0 text=3fd8649867d4bb41 role=child prefix_tokens=16321 suffix_tokens=16 model_ms=1042.5 context_ms=201.6 state_ms=345.75 prefix_ms=0.0 suffix_ms=368.0 first_token_ms=2265.4 generation_ms=16599.9 generated=64 generation_tps=3.855
CHILD index=6 mig=fafc828a exit=0 text=4a8f18b77dbe0332 role=child prefix_tokens=16321 suffix_tokens=16 model_ms=1046.9 context_ms=190.3 state_ms=358.22 prefix_ms=0.0 suffix_ms=396.9 first_token_ms=2284.4 generation_ms=11735.9 generated=64 generation_tps=5.453
CHILD index=7 mig=31ffbfe4 exit=0 text=4a8f18b77dbe0332 role=child prefix_tokens=16321 suffix_tokens=16 model_ms=1032.2 context_ms=190.9 state_ms=360.22 prefix_ms=0.0 suffix_ms=381.5 first_token_ms=2270.1 generation_ms=16562.5 generated=64 generation_tps=3.864
MEMORY mem_available_drop_mib=20178 prefix_pss_mib=0 prefix_rss_mib=0 file_mib=0
END_CASE failed=0 timed_out=0 children_wall_ms=19476
CASE config=mig mode=extent children=4
PARENT mig=fafc828a exit=0 text=c646470e58f73411 prefix_tokens=16321 prefix_ms=19822.2 publish_ms=9.44 state_bytes=261845 suffix_tokens=13 model_ms=587.6 context_ms=35.5 suffix_ms=119.3 first_token_ms=20709.9 generation_ms=6687.5 generated=64 generation_tps=9.570
CHILD index=0 mig=fafc828a exit=0 text=d42c4c07975a6446 role=child prefix_tokens=16321 suffix_tokens=16 model_ms=924.8 context_ms=37.4 state_ms=7.53 prefix_ms=0.0 suffix_ms=193.4 first_token_ms=1288.9 generation_ms=7954.1 generated=64 generation_tps=8.046
CHILD index=1 mig=31ffbfe4 exit=0 text=3fd8649867d4bb41 role=child prefix_tokens=16321 suffix_tokens=16 model_ms=840.7 context_ms=36.2 state_ms=49.10 prefix_ms=0.0 suffix_ms=243.0 first_token_ms=1308.2 generation_ms=9592.5 generated=64 generation_tps=6.672
CHILD index=2 mig=fafc828a exit=0 text=3fd8649867d4bb41 role=child prefix_tokens=16321 suffix_tokens=16 model_ms=875.0 context_ms=42.9 state_ms=83.25 prefix_ms=0.0 suffix_ms=300.4 first_token_ms=1445.5 generation_ms=7871.1 generated=64 generation_tps=8.131
CHILD index=3 mig=31ffbfe4 exit=0 text=3fd8649867d4bb41 role=child prefix_tokens=16321 suffix_tokens=16 model_ms=874.4 context_ms=42.9 state_ms=7.78 prefix_ms=0.0 suffix_ms=233.1 first_token_ms=1302.4 generation_ms=9507.1 generated=64 generation_tps=6.732
MEMORY mem_available_drop_mib=2962 prefix_pss_mib=892 prefix_rss_mib=3570 file_mib=896
END_CASE failed=0 timed_out=0 children_wall_ms=11448
CASE config=mig mode=copy children=4
PARENT mig=fafc828a exit=0 text=c646470e58f73411 prefix_tokens=16321 prefix_ms=19742.2 publish_ms=525.08 state_bytes=936173269 suffix_tokens=13 model_ms=599.2 context_ms=58.0 suffix_ms=60.7 first_token_ms=21121.3 generation_ms=6142.4 generated=64 generation_tps=10.419
CHILD index=0 mig=fafc828a exit=0 text=d42c4c07975a6446 role=child prefix_tokens=16321 suffix_tokens=16 model_ms=946.0 context_ms=88.6 state_ms=290.92 prefix_ms=0.0 suffix_ms=278.3 first_token_ms=1753.7 generation_ms=7578.9 generated=64 generation_tps=8.444
CHILD index=1 mig=31ffbfe4 exit=0 text=3fd8649867d4bb41 role=child prefix_tokens=16321 suffix_tokens=16 model_ms=862.4 context_ms=97.0 state_ms=283.74 prefix_ms=0.0 suffix_ms=247.7 first_token_ms=1632.9 generation_ms=9279.3 generated=64 generation_tps=6.897
CHILD index=2 mig=fafc828a exit=0 text=3fd8649867d4bb41 role=child prefix_tokens=16321 suffix_tokens=16 model_ms=890.5 context_ms=77.8 state_ms=305.51 prefix_ms=0.0 suffix_ms=264.3 first_token_ms=1688.3 generation_ms=7596.8 generated=64 generation_tps=8.425
CHILD index=3 mig=31ffbfe4 exit=0 text=3fd8649867d4bb41 role=child prefix_tokens=16321 suffix_tokens=16 model_ms=840.6 context_ms=75.0 state_ms=203.72 prefix_ms=0.0 suffix_ms=147.7 first_token_ms=1415.1 generation_ms=9360.4 generated=64 generation_tps=6.837
MEMORY mem_available_drop_mib=10115 prefix_pss_mib=0 prefix_rss_mib=0 file_mib=0
END_CASE failed=0 timed_out=0 children_wall_ms=11388
CASE config=mig mode=extent children=8
PARENT mig=fafc828a exit=0 text=c646470e58f73411 prefix_tokens=16321 prefix_ms=19814.8 publish_ms=9.14 state_bytes=261845 suffix_tokens=13 model_ms=638.1 context_ms=34.3 suffix_ms=102.9 first_token_ms=20737.0 generation_ms=9760.2 generated=64 generation_tps=6.557
CHILD index=0 mig=fafc828a exit=0 text=d42c4c07975a6446 role=child prefix_tokens=16321 suffix_tokens=16 model_ms=851.3 context_ms=46.0 state_ms=8.87 prefix_ms=0.0 suffix_ms=229.9 first_token_ms=1368.6 generation_ms=13714.4 generated=64 generation_tps=4.667
CHILD index=1 mig=31ffbfe4 exit=0 text=3fd8649867d4bb41 role=child prefix_tokens=16321 suffix_tokens=16 model_ms=1202.1 context_ms=41.0 state_ms=7.43 prefix_ms=0.0 suffix_ms=480.1 first_token_ms=2033.5 generation_ms=19073.9 generated=64 generation_tps=3.355
CHILD index=2 mig=fafc828a exit=0 text=3fd8649867d4bb41 role=child prefix_tokens=16321 suffix_tokens=16 model_ms=1173.7 context_ms=38.4 state_ms=7.65 prefix_ms=0.0 suffix_ms=356.7 first_token_ms=1868.3 generation_ms=13797.9 generated=64 generation_tps=4.638
CHILD index=3 mig=31ffbfe4 exit=0 text=3fd8649867d4bb41 role=child prefix_tokens=16321 suffix_tokens=16 model_ms=1137.8 context_ms=39.4 state_ms=8.14 prefix_ms=0.0 suffix_ms=253.6 first_token_ms=1748.2 generation_ms=19174.0 generated=64 generation_tps=3.338
CHILD index=4 mig=fafc828a exit=0 text=3e0fd62f5aa50665 role=child prefix_tokens=16321 suffix_tokens=16 model_ms=1109.9 context_ms=65.7 state_ms=7.50 prefix_ms=0.0 suffix_ms=354.0 first_token_ms=1847.1 generation_ms=13837.5 generated=64 generation_tps=4.625
CHILD index=5 mig=31ffbfe4 exit=0 text=3fd8649867d4bb41 role=child prefix_tokens=16321 suffix_tokens=16 model_ms=1232.0 context_ms=37.9 state_ms=7.65 prefix_ms=0.0 suffix_ms=457.8 first_token_ms=2026.5 generation_ms=19069.1 generated=64 generation_tps=3.356
CHILD index=6 mig=fafc828a exit=0 text=4a8f18b77dbe0332 role=child prefix_tokens=16321 suffix_tokens=16 model_ms=1195.5 context_ms=69.1 state_ms=7.74 prefix_ms=0.0 suffix_ms=453.5 first_token_ms=2029.0 generation_ms=13658.5 generated=64 generation_tps=4.686
CHILD index=7 mig=31ffbfe4 exit=0 text=4a8f18b77dbe0332 role=child prefix_tokens=16321 suffix_tokens=16 model_ms=1147.7 context_ms=42.2 state_ms=7.52 prefix_ms=0.0 suffix_ms=357.3 first_token_ms=1858.7 generation_ms=19094.7 generated=64 generation_tps=3.352
MEMORY mem_available_drop_mib=5801 prefix_pss_mib=954 prefix_rss_mib=7140 file_mib=896
END_CASE failed=0 timed_out=0 children_wall_ms=21565
CASE config=mig mode=copy children=8
PARENT mig=fafc828a exit=0 text=c646470e58f73411 prefix_tokens=16321 prefix_ms=19740.5 publish_ms=559.04 state_bytes=936173269 suffix_tokens=13 model_ms=588.0 context_ms=57.9 suffix_ms=63.4 first_token_ms=21165.8 generation_ms=8462.6 generated=64 generation_tps=7.563
CHILD index=0 mig=fafc828a exit=0 text=d42c4c07975a6446 role=child prefix_tokens=16321 suffix_tokens=16 model_ms=933.5 context_ms=66.6 state_ms=274.92 prefix_ms=0.0 suffix_ms=381.3 first_token_ms=1878.7 generation_ms=13378.1 generated=64 generation_tps=4.784
CHILD index=1 mig=31ffbfe4 exit=0 text=3fd8649867d4bb41 role=child prefix_tokens=16321 suffix_tokens=16 model_ms=1220.6 context_ms=145.2 state_ms=260.57 prefix_ms=0.0 suffix_ms=422.3 first_token_ms=2308.7 generation_ms=18640.6 generated=64 generation_tps=3.433
CHILD index=2 mig=fafc828a exit=0 text=3fd8649867d4bb41 role=child prefix_tokens=16321 suffix_tokens=16 model_ms=1182.9 context_ms=188.0 state_ms=365.17 prefix_ms=0.0 suffix_ms=428.1 first_token_ms=2451.7 generation_ms=13326.8 generated=64 generation_tps=4.802
CHILD index=3 mig=31ffbfe4 exit=0 text=3fd8649867d4bb41 role=child prefix_tokens=16321 suffix_tokens=16 model_ms=1125.9 context_ms=134.2 state_ms=306.14 prefix_ms=0.0 suffix_ms=406.6 first_token_ms=2277.7 generation_ms=18633.1 generated=64 generation_tps=3.435
CHILD index=4 mig=fafc828a exit=0 text=3e0fd62f5aa50665 role=child prefix_tokens=16321 suffix_tokens=16 model_ms=1221.0 context_ms=160.5 state_ms=365.52 prefix_ms=0.0 suffix_ms=439.6 first_token_ms=2485.8 generation_ms=13299.2 generated=64 generation_tps=4.812
CHILD index=5 mig=31ffbfe4 exit=0 text=3fd8649867d4bb41 role=child prefix_tokens=16321 suffix_tokens=16 model_ms=1203.9 context_ms=166.8 state_ms=216.46 prefix_ms=0.0 suffix_ms=439.7 first_token_ms=2335.8 generation_ms=18604.8 generated=64 generation_tps=3.440
CHILD index=6 mig=fafc828a exit=0 text=4a8f18b77dbe0332 role=child prefix_tokens=16321 suffix_tokens=16 model_ms=1096.9 context_ms=106.8 state_ms=378.69 prefix_ms=0.0 suffix_ms=344.5 first_token_ms=2231.6 generation_ms=13411.0 generated=64 generation_tps=4.772
CHILD index=7 mig=31ffbfe4 exit=0 text=4a8f18b77dbe0332 role=child prefix_tokens=16321 suffix_tokens=16 model_ms=1210.9 context_ms=129.7 state_ms=229.15 prefix_ms=0.0 suffix_ms=429.2 first_token_ms=2289.0 generation_ms=18625.8 generated=64 generation_tps=3.436
MEMORY mem_available_drop_mib=20192 prefix_pss_mib=0 prefix_rss_mib=0 file_mib=0
END_CASE failed=0 timed_out=0 children_wall_ms=21535
CASE config=mps mode=extent children=4
PARENT mig=fafc828a exit=0 text=c646470e58f73411 prefix_tokens=16321 prefix_ms=19813.7 publish_ms=9.43 state_bytes=261845 suffix_tokens=13 model_ms=605.7 context_ms=35.2 suffix_ms=113.1 first_token_ms=20842.7 generation_ms=8787.9 generated=64 generation_tps=7.283
CHILD index=0 mig=fafc828a exit=0 text=d42c4c07975a6446 role=child prefix_tokens=16321 suffix_tokens=16 model_ms=794.0 context_ms=88.7 state_ms=8.05 prefix_ms=0.0 suffix_ms=311.1 first_token_ms=1385.5 generation_ms=11379.3 generated=64 generation_tps=5.624
CHILD index=1 mig=fafc828a exit=0 text=3fd8649867d4bb41 role=child prefix_tokens=16321 suffix_tokens=16 model_ms=781.1 context_ms=36.2 state_ms=7.34 prefix_ms=0.0 suffix_ms=226.8 first_token_ms=1218.2 generation_ms=11360.7 generated=64 generation_tps=5.633
CHILD index=2 mig=fafc828a exit=0 text=3fd8649867d4bb41 role=child prefix_tokens=16321 suffix_tokens=16 model_ms=864.8 context_ms=73.1 state_ms=7.39 prefix_ms=0.0 suffix_ms=352.8 first_token_ms=1475.8 generation_ms=11319.7 generated=64 generation_tps=5.654
CHILD index=3 mig=fafc828a exit=0 text=3fd8649867d4bb41 role=child prefix_tokens=16321 suffix_tokens=16 model_ms=872.0 context_ms=39.1 state_ms=7.65 prefix_ms=0.0 suffix_ms=378.7 first_token_ms=1467.9 generation_ms=11308.0 generated=64 generation_tps=5.660
MEMORY mem_available_drop_mib=2938 prefix_pss_mib=892 prefix_rss_mib=3570 file_mib=896
END_CASE failed=0 timed_out=0 children_wall_ms=13240
CASE config=mps mode=copy children=4
PARENT mig=fafc828a exit=0 text=c646470e58f73411 prefix_tokens=16321 prefix_ms=19739.6 publish_ms=554.73 state_bytes=936173269 suffix_tokens=13 model_ms=571.1 context_ms=58.4 suffix_ms=60.5 first_token_ms=21108.9 generation_ms=8146.0 generated=64 generation_tps=7.857
CHILD index=0 mig=fafc828a exit=0 text=d42c4c07975a6446 role=child prefix_tokens=16321 suffix_tokens=16 model_ms=795.8 context_ms=104.4 state_ms=218.82 prefix_ms=0.0 suffix_ms=192.9 first_token_ms=1450.3 generation_ms=11264.4 generated=64 generation_tps=5.682
CHILD index=1 mig=fafc828a exit=0 text=3fd8649867d4bb41 role=child prefix_tokens=16321 suffix_tokens=16 model_ms=802.0 context_ms=94.7 state_ms=351.74 prefix_ms=0.0 suffix_ms=351.0 first_token_ms=1756.0 generation_ms=11242.3 generated=64 generation_tps=5.693
CHILD index=2 mig=fafc828a exit=0 text=3fd8649867d4bb41 role=child prefix_tokens=16321 suffix_tokens=16 model_ms=835.6 context_ms=88.1 state_ms=329.77 prefix_ms=0.0 suffix_ms=360.1 first_token_ms=1764.9 generation_ms=11227.0 generated=64 generation_tps=5.701
CHILD index=3 mig=fafc828a exit=0 text=3fd8649867d4bb41 role=child prefix_tokens=16321 suffix_tokens=16 model_ms=800.1 context_ms=105.5 state_ms=339.26 prefix_ms=0.0 suffix_ms=360.0 first_token_ms=1757.2 generation_ms=11212.2 generated=64 generation_tps=5.708
MEMORY mem_available_drop_mib=10099 prefix_pss_mib=0 prefix_rss_mib=0 file_mib=0
END_CASE failed=0 timed_out=0 children_wall_ms=13506
CASE config=mps mode=extent children=8
PARENT mig=fafc828a exit=0 text=c646470e58f73411 prefix_tokens=16321 prefix_ms=19805.6 publish_ms=6.80 state_bytes=261845 suffix_tokens=13 model_ms=582.0 context_ms=35.3 suffix_ms=107.4 first_token_ms=20678.0 generation_ms=14825.6 generated=64 generation_tps=4.317
CHILD index=0 mig=fafc828a exit=0 text=d42c4c07975a6446 role=child prefix_tokens=16321 suffix_tokens=16 model_ms=682.2 context_ms=38.1 state_ms=7.63 prefix_ms=0.0 suffix_ms=196.1 first_token_ms=1128.2 generation_ms=20431.1 generated=64 generation_tps=3.132
CHILD index=1 mig=fafc828a exit=0 text=3fd8649867d4bb41 role=child prefix_tokens=16321 suffix_tokens=16 model_ms=1048.9 context_ms=43.1 state_ms=7.72 prefix_ms=0.0 suffix_ms=638.0 first_token_ms=2031.5 generation_ms=21015.0 generated=64 generation_tps=3.045
CHILD index=2 mig=fafc828a exit=0 text=3fd8649867d4bb41 role=child prefix_tokens=16321 suffix_tokens=16 model_ms=1021.1 context_ms=46.6 state_ms=7.47 prefix_ms=0.0 suffix_ms=531.1 first_token_ms=1889.9 generation_ms=21121.6 generated=64 generation_tps=3.030
CHILD index=3 mig=fafc828a exit=0 text=3fd8649867d4bb41 role=child prefix_tokens=16321 suffix_tokens=16 model_ms=995.0 context_ms=39.1 state_ms=7.66 prefix_ms=0.0 suffix_ms=536.2 first_token_ms=1878.6 generation_ms=21118.2 generated=64 generation_tps=3.031
CHILD index=4 mig=fafc828a exit=0 text=3e0fd62f5aa50665 role=child prefix_tokens=16321 suffix_tokens=16 model_ms=1008.0 context_ms=46.4 state_ms=7.64 prefix_ms=0.0 suffix_ms=525.3 first_token_ms=1885.7 generation_ms=21120.5 generated=64 generation_tps=3.030
CHILD index=5 mig=fafc828a exit=0 text=3e0fd62f5aa50665 role=child prefix_tokens=16321 suffix_tokens=16 model_ms=983.4 context_ms=41.8 state_ms=7.89 prefix_ms=0.0 suffix_ms=530.9 first_token_ms=1863.7 generation_ms=21112.5 generated=64 generation_tps=3.031
CHILD index=6 mig=fafc828a exit=0 text=4a8f18b77dbe0332 role=child prefix_tokens=16321 suffix_tokens=16 model_ms=971.2 context_ms=41.0 state_ms=7.50 prefix_ms=0.0 suffix_ms=507.3 first_token_ms=1815.6 generation_ms=21149.6 generated=64 generation_tps=3.026
CHILD index=7 mig=fafc828a exit=0 text=4a8f18b77dbe0332 role=child prefix_tokens=16321 suffix_tokens=16 model_ms=1023.8 context_ms=44.2 state_ms=7.75 prefix_ms=0.0 suffix_ms=539.3 first_token_ms=1918.1 generation_ms=21096.1 generated=64 generation_tps=3.034
MEMORY mem_available_drop_mib=5824 prefix_pss_mib=924 prefix_rss_mib=7140 file_mib=896
END_CASE failed=0 timed_out=0 children_wall_ms=23545
CASE config=mps mode=copy children=8
PARENT mig=fafc828a exit=0 text=c646470e58f73411 prefix_tokens=16321 prefix_ms=19747.0 publish_ms=521.59 state_bytes=936173269 suffix_tokens=13 model_ms=563.9 context_ms=57.7 suffix_ms=62.1 first_token_ms=21089.4 generation_ms=12012.8 generated=64 generation_tps=5.328
CHILD index=0 mig=fafc828a exit=0 text=d42c4c07975a6446 role=child prefix_tokens=16321 suffix_tokens=16 model_ms=965.5 context_ms=61.8 state_ms=251.05 prefix_ms=0.0 suffix_ms=306.3 first_token_ms=1829.9 generation_ms=20949.5 generated=64 generation_tps=3.055
CHILD index=1 mig=fafc828a exit=0 text=3fd8649867d4bb41 role=child prefix_tokens=16321 suffix_tokens=16 model_ms=1112.5 context_ms=172.0 state_ms=255.85 prefix_ms=0.0 suffix_ms=543.7 first_token_ms=2371.1 generation_ms=21051.3 generated=64 generation_tps=3.040
CHILD index=2 mig=fafc828a exit=0 text=3fd8649867d4bb41 role=child prefix_tokens=16321 suffix_tokens=16 model_ms=1033.2 context_ms=223.6 state_ms=260.74 prefix_ms=0.0 suffix_ms=564.7 first_token_ms=2398.0 generation_ms=21082.8 generated=64 generation_tps=3.036
CHILD index=3 mig=fafc828a exit=0 text=3fd8649867d4bb41 role=child prefix_tokens=16321 suffix_tokens=16 model_ms=1078.9 context_ms=199.8 state_ms=268.40 prefix_ms=0.0 suffix_ms=560.7 first_token_ms=2416.9 generation_ms=21071.1 generated=64 generation_tps=3.037
CHILD index=4 mig=fafc828a exit=0 text=3e0fd62f5aa50665 role=child prefix_tokens=16321 suffix_tokens=16 model_ms=981.2 context_ms=121.5 state_ms=397.13 prefix_ms=0.0 suffix_ms=532.6 first_token_ms=2350.5 generation_ms=21102.8 generated=64 generation_tps=3.033
CHILD index=5 mig=fafc828a exit=0 text=3e0fd62f5aa50665 role=child prefix_tokens=16321 suffix_tokens=16 model_ms=1042.9 context_ms=228.3 state_ms=267.86 prefix_ms=0.0 suffix_ms=571.2 first_token_ms=2411.0 generation_ms=21052.0 generated=64 generation_tps=3.040
CHILD index=6 mig=fafc828a exit=0 text=4a8f18b77dbe0332 role=child prefix_tokens=16321 suffix_tokens=16 model_ms=1030.7 context_ms=214.4 state_ms=275.12 prefix_ms=0.0 suffix_ms=563.2 first_token_ms=2389.9 generation_ms=21076.4 generated=64 generation_tps=3.037
CHILD index=7 mig=fafc828a exit=0 text=4a8f18b77dbe0332 role=child prefix_tokens=16321 suffix_tokens=16 model_ms=1021.2 context_ms=184.8 state_ms=296.42 prefix_ms=0.0 suffix_ms=539.4 first_token_ms=2352.6 generation_ms=21084.0 generated=64 generation_tps=3.035
MEMORY mem_available_drop_mib=20185 prefix_pss_mib=0 prefix_rss_mib=0 file_mib=0
END_CASE failed=0 timed_out=0 children_wall_ms=24177
CASE config=timeslice mode=extent children=4
PARENT mig=fafc828a exit=0 text=c646470e58f73411 prefix_tokens=16321 prefix_ms=19795.4 publish_ms=9.08 state_bytes=261845 suffix_tokens=13 model_ms=591.2 context_ms=35.9 suffix_ms=105.7 first_token_ms=20679.1 generation_ms=9565.2 generated=64 generation_tps=6.691
CHILD index=0 mig=fafc828a exit=0 text=d42c4c07975a6446 role=child prefix_tokens=16321 suffix_tokens=16 model_ms=962.1 context_ms=36.0 state_ms=7.73 prefix_ms=0.0 suffix_ms=365.2 first_token_ms=1517.8 generation_ms=12754.0 generated=64 generation_tps=5.018
CHILD index=1 mig=fafc828a exit=0 text=3fd8649867d4bb41 role=child prefix_tokens=16321 suffix_tokens=16 model_ms=937.4 context_ms=37.7 state_ms=7.55 prefix_ms=0.0 suffix_ms=362.9 first_token_ms=1475.8 generation_ms=12756.1 generated=64 generation_tps=5.017
CHILD index=2 mig=fafc828a exit=0 text=3fd8649867d4bb41 role=child prefix_tokens=16321 suffix_tokens=16 model_ms=886.6 context_ms=69.4 state_ms=7.69 prefix_ms=0.0 suffix_ms=354.2 first_token_ms=1465.4 generation_ms=12788.6 generated=64 generation_tps=5.004
CHILD index=3 mig=fafc828a exit=0 text=3fd8649867d4bb41 role=child prefix_tokens=16321 suffix_tokens=16 model_ms=884.4 context_ms=38.6 state_ms=7.43 prefix_ms=0.0 suffix_ms=383.4 first_token_ms=1463.2 generation_ms=12792.2 generated=64 generation_tps=5.003
MEMORY mem_available_drop_mib=2988 prefix_pss_mib=892 prefix_rss_mib=3570 file_mib=896
END_CASE failed=0 timed_out=0 children_wall_ms=14788
CASE config=timeslice mode=copy children=4
PARENT mig=fafc828a exit=0 text=c646470e58f73411 prefix_tokens=16321 prefix_ms=19735.4 publish_ms=551.37 state_bytes=936173269 suffix_tokens=13 model_ms=587.1 context_ms=58.3 suffix_ms=60.9 first_token_ms=21137.4 generation_ms=9087.9 generated=64 generation_tps=7.042
CHILD index=0 mig=fafc828a exit=0 text=d42c4c07975a6446 role=child prefix_tokens=16321 suffix_tokens=16 model_ms=846.5 context_ms=76.1 state_ms=303.35 prefix_ms=0.0 suffix_ms=193.1 first_token_ms=1553.9 generation_ms=12765.8 generated=64 generation_tps=5.013
CHILD index=1 mig=fafc828a exit=0 text=3fd8649867d4bb41 role=child prefix_tokens=16321 suffix_tokens=16 model_ms=912.1 context_ms=83.4 state_ms=327.69 prefix_ms=0.0 suffix_ms=388.1 first_token_ms=1854.7 generation_ms=12690.0 generated=64 generation_tps=5.043
CHILD index=2 mig=fafc828a exit=0 text=3fd8649867d4bb41 role=child prefix_tokens=16321 suffix_tokens=16 model_ms=876.0 context_ms=81.7 state_ms=355.38 prefix_ms=0.0 suffix_ms=369.6 first_token_ms=1833.7 generation_ms=12702.7 generated=64 generation_tps=5.038
CHILD index=3 mig=fafc828a exit=0 text=3fd8649867d4bb41 role=child prefix_tokens=16321 suffix_tokens=16 model_ms=927.8 context_ms=76.6 state_ms=311.28 prefix_ms=0.0 suffix_ms=398.9 first_token_ms=1863.8 generation_ms=12686.6 generated=64 generation_tps=5.045
MEMORY mem_available_drop_mib=10155 prefix_pss_mib=0 prefix_rss_mib=0 file_mib=0
END_CASE failed=0 timed_out=0 children_wall_ms=15095
CASE config=timeslice mode=extent children=8
PARENT mig=fafc828a exit=0 text=c646470e58f73411 prefix_tokens=16321 prefix_ms=19797.0 publish_ms=9.19 state_bytes=261845 suffix_tokens=13 model_ms=591.0 context_ms=37.3 suffix_ms=115.1 first_token_ms=20707.1 generation_ms=13868.6 generated=64 generation_tps=4.615
CHILD index=0 mig=fafc828a exit=0 text=d42c4c07975a6446 role=child prefix_tokens=16321 suffix_tokens=16 model_ms=1127.0 context_ms=36.5 state_ms=7.36 prefix_ms=0.0 suffix_ms=229.4 first_token_ms=1645.3 generation_ms=23703.5 generated=64 generation_tps=2.700
CHILD index=1 mig=fafc828a exit=0 text=3fd8649867d4bb41 role=child prefix_tokens=16321 suffix_tokens=16 model_ms=1305.2 context_ms=39.7 state_ms=45.29 prefix_ms=0.0 suffix_ms=711.5 first_token_ms=2370.8 generation_ms=23515.6 generated=64 generation_tps=2.722
CHILD index=2 mig=fafc828a exit=0 text=3fd8649867d4bb41 role=child prefix_tokens=16321 suffix_tokens=16 model_ms=1218.4 context_ms=38.3 state_ms=7.56 prefix_ms=0.0 suffix_ms=535.6 first_token_ms=2107.9 generation_ms=23672.9 generated=64 generation_tps=2.704
CHILD index=3 mig=fafc828a exit=0 text=3fd8649867d4bb41 role=child prefix_tokens=16321 suffix_tokens=16 model_ms=1219.5 context_ms=43.9 state_ms=7.81 prefix_ms=0.0 suffix_ms=559.4 first_token_ms=2142.2 generation_ms=23686.9 generated=64 generation_tps=2.702
CHILD index=4 mig=fafc828a exit=0 text=3e0fd62f5aa50665 role=child prefix_tokens=16321 suffix_tokens=16 model_ms=1210.0 context_ms=38.0 state_ms=7.63 prefix_ms=0.0 suffix_ms=490.6 first_token_ms=2034.6 generation_ms=23677.2 generated=64 generation_tps=2.703
CHILD index=5 mig=fafc828a exit=0 text=3e0fd62f5aa50665 role=child prefix_tokens=16321 suffix_tokens=16 model_ms=1249.9 context_ms=41.0 state_ms=7.48 prefix_ms=0.0 suffix_ms=615.7 first_token_ms=2208.9 generation_ms=23657.0 generated=64 generation_tps=2.705
CHILD index=6 mig=fafc828a exit=0 text=4a8f18b77dbe0332 role=child prefix_tokens=16321 suffix_tokens=16 model_ms=1233.7 context_ms=49.3 state_ms=7.68 prefix_ms=0.0 suffix_ms=573.1 first_token_ms=2154.5 generation_ms=23699.2 generated=64 generation_tps=2.701
CHILD index=7 mig=fafc828a exit=0 text=4a8f18b77dbe0332 role=child prefix_tokens=16321 suffix_tokens=16 model_ms=1215.5 context_ms=44.7 state_ms=7.42 prefix_ms=0.0 suffix_ms=563.3 first_token_ms=2133.5 generation_ms=23688.4 generated=64 generation_tps=2.702
MEMORY mem_available_drop_mib=5901 prefix_pss_mib=991 prefix_rss_mib=7140 file_mib=896
END_CASE failed=0 timed_out=0 children_wall_ms=26382
CASE config=timeslice mode=copy children=8
PARENT mig=fafc828a exit=0 text=c646470e58f73411 prefix_tokens=16321 prefix_ms=19745.9 publish_ms=555.34 state_bytes=936173269 suffix_tokens=13 model_ms=586.4 context_ms=57.8 suffix_ms=62.3 first_token_ms=21155.6 generation_ms=11927.5 generated=64 generation_tps=5.366
CHILD index=0 mig=fafc828a exit=0 text=d42c4c07975a6446 role=child prefix_tokens=16321 suffix_tokens=16 model_ms=1276.1 context_ms=207.3 state_ms=374.61 prefix_ms=0.0 suffix_ms=638.6 first_token_ms=2801.6 generation_ms=23490.9 generated=64 generation_tps=2.724
CHILD index=1 mig=fafc828a exit=0 text=3fd8649867d4bb41 role=child prefix_tokens=16321 suffix_tokens=16 model_ms=1101.1 context_ms=66.1 state_ms=309.46 prefix_ms=0.0 suffix_ms=298.6 first_token_ms=2038.9 generation_ms=23355.9 generated=64 generation_tps=2.740
CHILD index=2 mig=fafc828a exit=0 text=3fd8649867d4bb41 role=child prefix_tokens=16321 suffix_tokens=16 model_ms=1170.0 context_ms=71.5 state_ms=426.50 prefix_ms=0.0 suffix_ms=374.8 first_token_ms=2358.4 generation_ms=23646.7 generated=64 generation_tps=2.707
CHILD index=3 mig=fafc828a exit=0 text=3fd8649867d4bb41 role=child prefix_tokens=16321 suffix_tokens=16 model_ms=1273.5 context_ms=193.1 state_ms=382.83 prefix_ms=0.0 suffix_ms=658.1 first_token_ms=2816.1 generation_ms=23477.0 generated=64 generation_tps=2.726
CHILD index=4 mig=fafc828a exit=0 text=3e0fd62f5aa50665 role=child prefix_tokens=16321 suffix_tokens=16 model_ms=1270.7 context_ms=179.4 state_ms=354.24 prefix_ms=0.0 suffix_ms=640.3 first_token_ms=2746.8 generation_ms=23465.9 generated=64 generation_tps=2.727
CHILD index=5 mig=fafc828a exit=0 text=3e0fd62f5aa50665 role=child prefix_tokens=16321 suffix_tokens=16 model_ms=1321.7 context_ms=160.2 state_ms=381.30 prefix_ms=0.0 suffix_ms=642.5 first_token_ms=2802.0 generation_ms=23490.4 generated=64 generation_tps=2.725
CHILD index=6 mig=fafc828a exit=0 text=4a8f18b77dbe0332 role=child prefix_tokens=16321 suffix_tokens=16 model_ms=1311.8 context_ms=173.7 state_ms=366.08 prefix_ms=0.0 suffix_ms=666.3 first_token_ms=2796.4 generation_ms=23442.4 generated=64 generation_tps=2.730
CHILD index=7 mig=fafc828a exit=0 text=4a8f18b77dbe0332 role=child prefix_tokens=16321 suffix_tokens=16 model_ms=1310.5 context_ms=179.6 state_ms=378.00 prefix_ms=0.0 suffix_ms=645.5 first_token_ms=2817.0 generation_ms=23474.5 generated=64 generation_tps=2.726
MEMORY mem_available_drop_mib=20268 prefix_pss_mib=0 prefix_rss_mib=0 file_mib=0
END_CASE failed=0 timed_out=0 children_wall_ms=27025
END_KVMPS
BEGIN_KVMPS run=3 paragraphs=80 context=8192
REFERENCE who=0 mig=fafc828a text=c762b6e82f144cca
REFERENCE who=1 mig=fafc828a text=5f0f74be36dfb05d
REFERENCE who=1 mig=31ffbfe4 text=a6744d23ffb20e20
REFERENCE who=2 mig=fafc828a text=45d93d75d8c246b5
REFERENCE who=3 mig=fafc828a text=4a8f18b77dbe0332
REFERENCE who=3 mig=31ffbfe4 text=45d93d75d8c246b5
REFERENCE who=4 mig=fafc828a text=46404abc10d87546
REFERENCE who=5 mig=fafc828a text=46404abc10d87546
REFERENCE who=5 mig=31ffbfe4 text=46404abc10d87546
REFERENCE who=6 mig=fafc828a text=46404abc10d87546
REFERENCE who=7 mig=fafc828a text=46404abc10d87546
REFERENCE who=7 mig=31ffbfe4 text=46404abc10d87546
CASE config=timeslice mode=copy children=4
PARENT mig=fafc828a exit=0 text=8e42d861853d43f0 prefix_tokens=4081 prefix_ms=4366.8 publish_ms=200.73 state_bytes=234086869 suffix_tokens=13 model_ms=589.5 context_ms=27.1 suffix_ms=55.1 first_token_ms=5343.0 generation_ms=8749.5 generated=64 generation_tps=7.315
CHILD index=0 mig=fafc828a exit=0 text=c762b6e82f144cca role=child prefix_tokens=4081 suffix_tokens=16 model_ms=882.3 context_ms=35.0 state_ms=151.89 prefix_ms=0.0 suffix_ms=312.8 first_token_ms=1520.9 generation_ms=12050.5 generated=64 generation_tps=5.311
CHILD index=1 mig=fafc828a exit=0 text=5f0f74be36dfb05d role=child prefix_tokens=4081 suffix_tokens=16 model_ms=825.8 context_ms=29.7 state_ms=142.20 prefix_ms=0.0 suffix_ms=223.8 first_token_ms=1353.0 generation_ms=12102.2 generated=64 generation_tps=5.288
CHILD index=2 mig=fafc828a exit=0 text=45d93d75d8c246b5 role=child prefix_tokens=4081 suffix_tokens=16 model_ms=914.1 context_ms=30.8 state_ms=169.36 prefix_ms=0.0 suffix_ms=367.4 first_token_ms=1633.3 generation_ms=11971.6 generated=64 generation_tps=5.346
CHILD index=3 mig=fafc828a exit=0 text=4a8f18b77dbe0332 role=child prefix_tokens=4081 suffix_tokens=16 model_ms=868.4 context_ms=30.9 state_ms=156.73 prefix_ms=0.0 suffix_ms=330.2 first_token_ms=1532.6 generation_ms=12038.3 generated=64 generation_tps=5.316
MEMORY mem_available_drop_mib=4562 prefix_pss_mib=0 prefix_rss_mib=0 file_mib=0
END_CASE failed=0 timed_out=0 children_wall_ms=14127
CASE config=timeslice mode=extent children=4
PARENT mig=fafc828a exit=0 text=8e42d861853d43f0 prefix_tokens=4081 prefix_ms=4386.2 publish_ms=3.16 state_bytes=66005 suffix_tokens=13 model_ms=627.6 context_ms=22.2 suffix_ms=118.8 first_token_ms=5260.3 generation_ms=9300.3 generated=64 generation_tps=6.882
CHILD index=0 mig=fafc828a exit=0 text=c762b6e82f144cca role=child prefix_tokens=4081 suffix_tokens=16 model_ms=841.7 context_ms=22.8 state_ms=2.02 prefix_ms=0.0 suffix_ms=397.0 first_token_ms=1388.6 generation_ms=12219.4 generated=64 generation_tps=5.238
CHILD index=1 mig=fafc828a exit=0 text=5f0f74be36dfb05d role=child prefix_tokens=4081 suffix_tokens=16 model_ms=860.5 context_ms=24.1 state_ms=1.79 prefix_ms=0.0 suffix_ms=324.2 first_token_ms=1344.1 generation_ms=12226.2 generated=64 generation_tps=5.235
CHILD index=2 mig=fafc828a exit=0 text=45d93d75d8c246b5 role=child prefix_tokens=4081 suffix_tokens=16 model_ms=845.7 context_ms=25.6 state_ms=1.90 prefix_ms=0.0 suffix_ms=237.5 first_token_ms=1253.5 generation_ms=12261.9 generated=64 generation_tps=5.219
CHILD index=3 mig=fafc828a exit=0 text=4a8f18b77dbe0332 role=child prefix_tokens=4081 suffix_tokens=16 model_ms=921.5 context_ms=23.9 state_ms=1.85 prefix_ms=0.0 suffix_ms=385.0 first_token_ms=1471.7 generation_ms=12147.0 generated=64 generation_tps=5.269
MEMORY mem_available_drop_mib=2927 prefix_pss_mib=245 prefix_rss_mib=892 file_mib=224
END_CASE failed=0 timed_out=0 children_wall_ms=14073
CASE config=timeslice mode=copy children=8
PARENT mig=fafc828a exit=0 text=8e42d861853d43f0 prefix_tokens=4081 prefix_ms=4378.8 publish_ms=228.15 state_bytes=234086869 suffix_tokens=13 model_ms=588.9 context_ms=27.5 suffix_ms=56.6 first_token_ms=5389.0 generation_ms=12236.1 generated=64 generation_tps=5.230
CHILD index=0 mig=fafc828a exit=0 text=c762b6e82f144cca role=child prefix_tokens=4081 suffix_tokens=16 model_ms=1180.7 context_ms=61.1 state_ms=228.87 prefix_ms=0.0 suffix_ms=606.7 first_token_ms=2353.1 generation_ms=22283.0 generated=64 generation_tps=2.872
CHILD index=1 mig=fafc828a exit=0 text=5f0f74be36dfb05d role=child prefix_tokens=4081 suffix_tokens=16 model_ms=1020.9 context_ms=29.7 state_ms=126.46 prefix_ms=0.0 suffix_ms=221.8 first_token_ms=1615.2 generation_ms=21994.9 generated=64 generation_tps=2.910
CHILD index=2 mig=fafc828a exit=0 text=45d93d75d8c246b5 role=child prefix_tokens=4081 suffix_tokens=16 model_ms=1140.1 context_ms=41.4 state_ms=259.20 prefix_ms=0.0 suffix_ms=529.3 first_token_ms=2262.4 generation_ms=22283.4 generated=64 generation_tps=2.872
CHILD index=3 mig=fafc828a exit=0 text=4a8f18b77dbe0332 role=child prefix_tokens=4081 suffix_tokens=16 model_ms=1153.9 context_ms=57.3 state_ms=229.80 prefix_ms=0.0 suffix_ms=609.3 first_token_ms=2345.2 generation_ms=22283.8 generated=64 generation_tps=2.872
CHILD index=4 mig=fafc828a exit=0 text=46404abc10d87546 role=child prefix_tokens=4081 suffix_tokens=16 model_ms=1211.6 context_ms=38.3 state_ms=238.72 prefix_ms=0.0 suffix_ms=584.3 first_token_ms=2360.1 generation_ms=22275.9 generated=64 generation_tps=2.873
CHILD index=5 mig=fafc828a exit=0 text=46404abc10d87546 role=child prefix_tokens=4081 suffix_tokens=16 model_ms=1088.3 context_ms=30.1 state_ms=268.26 prefix_ms=0.0 suffix_ms=555.5 first_token_ms=2232.2 generation_ms=22256.9 generated=64 generation_tps=2.876
CHILD index=6 mig=fafc828a exit=0 text=46404abc10d87546 role=child prefix_tokens=4081 suffix_tokens=16 model_ms=1186.2 context_ms=37.4 state_ms=229.27 prefix_ms=0.0 suffix_ms=616.7 first_token_ms=2356.4 generation_ms=22277.1 generated=64 generation_tps=2.873
CHILD index=7 mig=fafc828a exit=0 text=46404abc10d87546 role=child prefix_tokens=4081 suffix_tokens=16 model_ms=1153.2 context_ms=39.2 state_ms=244.76 prefix_ms=0.0 suffix_ms=555.4 first_token_ms=2274.9 generation_ms=22294.6 generated=64 generation_tps=2.871
MEMORY mem_available_drop_mib=9129 prefix_pss_mib=0 prefix_rss_mib=0 file_mib=0
END_CASE failed=0 timed_out=0 children_wall_ms=25191
CASE config=timeslice mode=extent children=8
PARENT mig=fafc828a exit=0 text=8e42d861853d43f0 prefix_tokens=4081 prefix_ms=4385.1 publish_ms=3.10 state_bytes=66005 suffix_tokens=13 model_ms=589.3 context_ms=22.7 suffix_ms=98.0 first_token_ms=5214.5 generation_ms=14344.0 generated=64 generation_tps=4.462
CHILD index=0 mig=fafc828a exit=0 text=c762b6e82f144cca role=child prefix_tokens=4081 suffix_tokens=16 model_ms=854.0 context_ms=23.5 state_ms=1.86 prefix_ms=0.0 suffix_ms=162.7 first_token_ms=1264.3 generation_ms=21935.2 generated=64 generation_tps=2.918
CHILD index=1 mig=fafc828a exit=0 text=5f0f74be36dfb05d role=child prefix_tokens=4081 suffix_tokens=16 model_ms=1217.6 context_ms=24.9 state_ms=1.94 prefix_ms=0.0 suffix_ms=594.7 first_token_ms=2123.9 generation_ms=22539.1 generated=64 generation_tps=2.840
CHILD index=2 mig=fafc828a exit=0 text=45d93d75d8c246b5 role=child prefix_tokens=4081 suffix_tokens=16 model_ms=1217.7 context_ms=28.4 state_ms=1.66 prefix_ms=0.0 suffix_ms=559.6 first_token_ms=2078.4 generation_ms=22552.0 generated=64 generation_tps=2.838
CHILD index=3 mig=fafc828a exit=0 text=4a8f18b77dbe0332 role=child prefix_tokens=4081 suffix_tokens=16 model_ms=1150.5 context_ms=25.7 state_ms=1.90 prefix_ms=0.0 suffix_ms=536.0 first_token_ms=2010.3 generation_ms=22563.8 generated=64 generation_tps=2.836
CHILD index=4 mig=fafc828a exit=0 text=46404abc10d87546 role=child prefix_tokens=4081 suffix_tokens=16 model_ms=1148.1 context_ms=27.6 state_ms=1.69 prefix_ms=0.0 suffix_ms=502.4 first_token_ms=1960.3 generation_ms=22558.2 generated=64 generation_tps=2.837
CHILD index=5 mig=fafc828a exit=0 text=46404abc10d87546 role=child prefix_tokens=4081 suffix_tokens=16 model_ms=1182.2 context_ms=27.8 state_ms=1.89 prefix_ms=0.0 suffix_ms=582.1 first_token_ms=2093.3 generation_ms=22558.6 generated=64 generation_tps=2.837
CHILD index=6 mig=fafc828a exit=0 text=46404abc10d87546 role=child prefix_tokens=4081 suffix_tokens=16 model_ms=1153.7 context_ms=69.8 state_ms=1.93 prefix_ms=0.0 suffix_ms=567.8 first_token_ms=2077.6 generation_ms=22557.9 generated=64 generation_tps=2.837
CHILD index=7 mig=fafc828a exit=0 text=46404abc10d87546 role=child prefix_tokens=4081 suffix_tokens=16 model_ms=1138.7 context_ms=28.4 state_ms=1.68 prefix_ms=0.0 suffix_ms=607.2 first_token_ms=2057.9 generation_ms=22570.3 generated=64 generation_tps=2.836
MEMORY mem_available_drop_mib=5782 prefix_pss_mib=231 prefix_rss_mib=1785 file_mib=224
END_CASE failed=0 timed_out=0 children_wall_ms=25225
CASE config=mps mode=copy children=4
PARENT mig=fafc828a exit=0 text=8e42d861853d43f0 prefix_tokens=4081 prefix_ms=4379.8 publish_ms=185.15 state_bytes=234086869 suffix_tokens=13 model_ms=591.3 context_ms=26.9 suffix_ms=53.1 first_token_ms=5454.5 generation_ms=7939.1 generated=64 generation_tps=8.061
CHILD index=0 mig=fafc828a exit=0 text=c762b6e82f144cca role=child prefix_tokens=4081 suffix_tokens=16 model_ms=785.1 context_ms=34.3 state_ms=81.34 prefix_ms=0.0 suffix_ms=289.9 first_token_ms=1376.9 generation_ms=10749.8 generated=64 generation_tps=5.954
CHILD index=1 mig=fafc828a exit=0 text=5f0f74be36dfb05d role=child prefix_tokens=4081 suffix_tokens=16 model_ms=841.2 context_ms=30.3 state_ms=80.49 prefix_ms=0.0 suffix_ms=321.0 first_token_ms=1459.5 generation_ms=10686.2 generated=64 generation_tps=5.989
CHILD index=2 mig=fafc828a exit=0 text=45d93d75d8c246b5 role=child prefix_tokens=4081 suffix_tokens=16 model_ms=777.3 context_ms=39.4 state_ms=84.00 prefix_ms=0.0 suffix_ms=292.3 first_token_ms=1385.6 generation_ms=10706.7 generated=64 generation_tps=5.978
CHILD index=3 mig=fafc828a exit=0 text=4a8f18b77dbe0332 role=child prefix_tokens=4081 suffix_tokens=16 model_ms=783.8 context_ms=36.9 state_ms=87.84 prefix_ms=0.0 suffix_ms=292.3 first_token_ms=1381.2 generation_ms=10727.7 generated=64 generation_tps=5.966
MEMORY mem_available_drop_mib=4554 prefix_pss_mib=0 prefix_rss_mib=0 file_mib=0
END_CASE failed=0 timed_out=0 children_wall_ms=12635
CASE config=mps mode=extent children=4
PARENT mig=fafc828a exit=0 text=8e42d861853d43f0 prefix_tokens=4081 prefix_ms=4383.8 publish_ms=3.01 state_bytes=66005 suffix_tokens=13 model_ms=568.1 context_ms=22.0 suffix_ms=102.9 first_token_ms=5179.6 generation_ms=8862.4 generated=64 generation_tps=7.222
CHILD index=0 mig=fafc828a exit=0 text=c762b6e82f144cca role=child prefix_tokens=4081 suffix_tokens=16 model_ms=643.8 context_ms=24.4 state_ms=1.99 prefix_ms=0.0 suffix_ms=254.5 first_token_ms=1021.3 generation_ms=11001.3 generated=64 generation_tps=5.818
CHILD index=1 mig=fafc828a exit=0 text=5f0f74be36dfb05d role=child prefix_tokens=4081 suffix_tokens=16 model_ms=719.8 context_ms=22.6 state_ms=1.77 prefix_ms=0.0 suffix_ms=296.0 first_token_ms=1177.0 generation_ms=10948.0 generated=64 generation_tps=5.846
CHILD index=2 mig=fafc828a exit=0 text=45d93d75d8c246b5 role=child prefix_tokens=4081 suffix_tokens=16 model_ms=745.8 context_ms=26.9 state_ms=2.06 prefix_ms=0.0 suffix_ms=321.9 first_token_ms=1233.6 generation_ms=10937.3 generated=64 generation_tps=5.852
CHILD index=3 mig=fafc828a exit=0 text=4a8f18b77dbe0332 role=child prefix_tokens=4081 suffix_tokens=16 model_ms=789.0 context_ms=26.5 state_ms=2.28 prefix_ms=0.0 suffix_ms=338.8 first_token_ms=1295.2 generation_ms=10881.8 generated=64 generation_tps=5.881
MEMORY mem_available_drop_mib=2897 prefix_pss_mib=223 prefix_rss_mib=892 file_mib=224
END_CASE failed=0 timed_out=0 children_wall_ms=12677
CASE config=mps mode=copy children=8
PARENT mig=fafc828a exit=0 text=8e42d861853d43f0 prefix_tokens=4081 prefix_ms=4380.4 publish_ms=228.76 state_bytes=234086869 suffix_tokens=13 model_ms=567.7 context_ms=27.1 suffix_ms=56.6 first_token_ms=5364.5 generation_ms=12478.4 generated=64 generation_tps=5.129
CHILD index=0 mig=fafc828a exit=0 text=c762b6e82f144cca role=child prefix_tokens=4081 suffix_tokens=16 model_ms=794.6 context_ms=28.3 state_ms=74.49 prefix_ms=0.0 suffix_ms=191.3 first_token_ms=1336.9 generation_ms=19642.5 generated=64 generation_tps=3.258
CHILD index=1 mig=fafc828a exit=0 text=5f0f74be36dfb05d role=child prefix_tokens=4081 suffix_tokens=16 model_ms=1066.9 context_ms=31.9 state_ms=92.73 prefix_ms=0.0 suffix_ms=505.2 first_token_ms=1985.8 generation_ms=20002.5 generated=64 generation_tps=3.200
CHILD index=2 mig=fafc828a exit=0 text=45d93d75d8c246b5 role=child prefix_tokens=4081 suffix_tokens=16 model_ms=989.0 context_ms=34.8 state_ms=131.15 prefix_ms=0.0 suffix_ms=505.6 first_token_ms=1956.0 generation_ms=20016.8 generated=64 generation_tps=3.197
CHILD index=3 mig=fafc828a exit=0 text=4a8f18b77dbe0332 role=child prefix_tokens=4081 suffix_tokens=16 model_ms=981.2 context_ms=39.8 state_ms=121.58 prefix_ms=0.0 suffix_ms=519.6 first_token_ms=1967.0 generation_ms=19967.0 generated=64 generation_tps=3.205
CHILD index=4 mig=fafc828a exit=0 text=46404abc10d87546 role=child prefix_tokens=4081 suffix_tokens=16 model_ms=978.9 context_ms=47.0 state_ms=116.03 prefix_ms=0.0 suffix_ms=505.7 first_token_ms=1949.9 generation_ms=20022.4 generated=64 generation_tps=3.196
CHILD index=5 mig=fafc828a exit=0 text=46404abc10d87546 role=child prefix_tokens=4081 suffix_tokens=16 model_ms=1011.6 context_ms=38.8 state_ms=94.92 prefix_ms=0.0 suffix_ms=518.6 first_token_ms=1960.3 generation_ms=19987.2 generated=64 generation_tps=3.202
CHILD index=6 mig=fafc828a exit=0 text=46404abc10d87546 role=child prefix_tokens=4081 suffix_tokens=16 model_ms=1023.4 context_ms=39.0 state_ms=91.57 prefix_ms=0.0 suffix_ms=513.2 first_token_ms=1957.8 generation_ms=19985.8 generated=64 generation_tps=3.202
CHILD index=7 mig=fafc828a exit=0 text=46404abc10d87546 role=child prefix_tokens=4081 suffix_tokens=16 model_ms=1019.4 context_ms=42.0 state_ms=91.39 prefix_ms=0.0 suffix_ms=517.2 first_token_ms=1954.5 generation_ms=19978.9 generated=64 generation_tps=3.203
MEMORY mem_available_drop_mib=9080 prefix_pss_mib=0 prefix_rss_mib=0 file_mib=0
END_CASE failed=0 timed_out=0 children_wall_ms=22564
CASE config=mps mode=extent children=8
PARENT mig=fafc828a exit=0 text=8e42d861853d43f0 prefix_tokens=4081 prefix_ms=4384.6 publish_ms=3.10 state_bytes=66005 suffix_tokens=13 model_ms=575.8 context_ms=22.0 suffix_ms=94.9 first_token_ms=5170.4 generation_ms=14134.5 generated=64 generation_tps=4.528
CHILD index=0 mig=fafc828a exit=0 text=c762b6e82f144cca role=child prefix_tokens=4081 suffix_tokens=16 model_ms=1036.4 context_ms=25.8 state_ms=1.82 prefix_ms=0.0 suffix_ms=518.1 first_token_ms=1854.2 generation_ms=20066.1 generated=64 generation_tps=3.189
CHILD index=1 mig=fafc828a exit=0 text=5f0f74be36dfb05d role=child prefix_tokens=4081 suffix_tokens=16 model_ms=655.0 context_ms=26.7 state_ms=1.81 prefix_ms=0.0 suffix_ms=179.2 first_token_ms=1051.7 generation_ms=19303.2 generated=64 generation_tps=3.316
CHILD index=2 mig=fafc828a exit=0 text=45d93d75d8c246b5 role=child prefix_tokens=4081 suffix_tokens=16 model_ms=968.2 context_ms=24.1 state_ms=1.95 prefix_ms=0.0 suffix_ms=479.6 first_token_ms=1761.2 generation_ms=20124.2 generated=64 generation_tps=3.180
CHILD index=3 mig=fafc828a exit=0 text=4a8f18b77dbe0332 role=child prefix_tokens=4081 suffix_tokens=16 model_ms=982.2 context_ms=28.0 state_ms=2.00 prefix_ms=0.0 suffix_ms=518.1 first_token_ms=1831.7 generation_ms=20078.0 generated=64 generation_tps=3.188
CHILD index=4 mig=fafc828a exit=0 text=46404abc10d87546 role=child prefix_tokens=4081 suffix_tokens=16 model_ms=1010.9 context_ms=32.6 state_ms=1.89 prefix_ms=0.0 suffix_ms=514.4 first_token_ms=1850.0 generation_ms=20046.3 generated=64 generation_tps=3.193
CHILD index=5 mig=fafc828a exit=0 text=46404abc10d87546 role=child prefix_tokens=4081 suffix_tokens=16 model_ms=954.0 context_ms=23.0 state_ms=1.94 prefix_ms=0.0 suffix_ms=489.8 first_token_ms=1765.7 generation_ms=20092.0 generated=64 generation_tps=3.185
CHILD index=6 mig=fafc828a exit=0 text=46404abc10d87546 role=child prefix_tokens=4081 suffix_tokens=16 model_ms=1017.4 context_ms=27.7 state_ms=2.06 prefix_ms=0.0 suffix_ms=518.7 first_token_ms=1860.2 generation_ms=20055.8 generated=64 generation_tps=3.191
CHILD index=7 mig=fafc828a exit=0 text=46404abc10d87546 role=child prefix_tokens=4081 suffix_tokens=16 model_ms=915.1 context_ms=23.5 state_ms=2.02 prefix_ms=0.0 suffix_ms=434.5 first_token_ms=1665.2 generation_ms=20101.6 generated=64 generation_tps=3.184
MEMORY mem_available_drop_mib=5695 prefix_pss_mib=223 prefix_rss_mib=1785 file_mib=224
END_CASE failed=0 timed_out=0 children_wall_ms=22467
CASE config=mig mode=copy children=4
PARENT mig=fafc828a exit=0 text=8e42d861853d43f0 prefix_tokens=4081 prefix_ms=4377.7 publish_ms=218.35 state_bytes=234086869 suffix_tokens=13 model_ms=590.6 context_ms=28.9 suffix_ms=55.6 first_token_ms=5384.7 generation_ms=5946.1 generated=64 generation_tps=10.763
CHILD index=0 mig=fafc828a exit=0 text=c762b6e82f144cca role=child prefix_tokens=4081 suffix_tokens=16 model_ms=820.8 context_ms=31.6 state_ms=139.34 prefix_ms=0.0 suffix_ms=205.5 first_token_ms=1332.8 generation_ms=7083.5 generated=64 generation_tps=9.035
CHILD index=1 mig=31ffbfe4 exit=0 text=3e8e491b5e31337a role=child prefix_tokens=4081 suffix_tokens=16 model_ms=897.7 context_ms=31.2 state_ms=103.60 prefix_ms=0.0 suffix_ms=238.0 first_token_ms=1426.7 generation_ms=8525.3 generated=64 generation_tps=7.507
CHILD index=2 mig=fafc828a exit=0 text=45d93d75d8c246b5 role=child prefix_tokens=4081 suffix_tokens=16 model_ms=859.5 context_ms=32.6 state_ms=133.63 prefix_ms=0.0 suffix_ms=245.4 first_token_ms=1420.9 generation_ms=7030.8 generated=64 generation_tps=9.103
CHILD index=3 mig=31ffbfe4 exit=0 text=3fd8649867d4bb41 role=child prefix_tokens=4081 suffix_tokens=16 model_ms=833.0 context_ms=31.5 state_ms=64.67 prefix_ms=0.0 suffix_ms=133.4 first_token_ms=1212.4 generation_ms=8590.3 generated=64 generation_tps=7.450
MEMORY mem_available_drop_mib=4550 prefix_pss_mib=0 prefix_rss_mib=0 file_mib=0
END_CASE failed=0 timed_out=0 children_wall_ms=10412
CASE config=mig mode=extent children=4
PARENT mig=fafc828a exit=0 text=8e42d861853d43f0 prefix_tokens=4081 prefix_ms=4372.7 publish_ms=2.44 state_bytes=66005 suffix_tokens=13 model_ms=590.6 context_ms=21.5 suffix_ms=107.8 first_token_ms=5204.7 generation_ms=6284.0 generated=64 generation_tps=10.185
CHILD index=0 mig=fafc828a exit=0 text=c762b6e82f144cca role=child prefix_tokens=4081 suffix_tokens=16 model_ms=830.4 context_ms=23.8 state_ms=1.81 prefix_ms=0.0 suffix_ms=347.9 first_token_ms=1339.9 generation_ms=7309.2 generated=64 generation_tps=8.756
CHILD index=1 mig=31ffbfe4 exit=0 text=3e8e491b5e31337a role=child prefix_tokens=4081 suffix_tokens=16 model_ms=776.1 context_ms=23.5 state_ms=1.75 prefix_ms=0.0 suffix_ms=121.0 first_token_ms=1044.6 generation_ms=8758.9 generated=64 generation_tps=7.307
CHILD index=2 mig=fafc828a exit=0 text=45d93d75d8c246b5 role=child prefix_tokens=4081 suffix_tokens=16 model_ms=837.1 context_ms=23.6 state_ms=1.81 prefix_ms=0.0 suffix_ms=204.8 first_token_ms=1212.3 generation_ms=7376.9 generated=64 generation_tps=8.676
CHILD index=3 mig=31ffbfe4 exit=0 text=3fd8649867d4bb41 role=child prefix_tokens=4081 suffix_tokens=16 model_ms=883.0 context_ms=25.0 state_ms=1.83 prefix_ms=0.0 suffix_ms=210.7 first_token_ms=1266.2 generation_ms=8680.3 generated=64 generation_tps=7.373
MEMORY mem_available_drop_mib=2909 prefix_pss_mib=223 prefix_rss_mib=892 file_mib=224
END_CASE failed=0 timed_out=0 children_wall_ms=10366
CASE config=mig mode=copy children=8
PARENT mig=fafc828a exit=0 text=8e42d861853d43f0 prefix_tokens=4081 prefix_ms=4378.4 publish_ms=226.70 state_bytes=234086869 suffix_tokens=13 model_ms=588.1 context_ms=28.2 suffix_ms=57.2 first_token_ms=5397.7 generation_ms=7409.7 generated=64 generation_tps=8.637
CHILD index=0 mig=fafc828a exit=0 text=c762b6e82f144cca role=child prefix_tokens=4081 suffix_tokens=16 model_ms=1131.4 context_ms=32.8 state_ms=170.93 prefix_ms=0.0 suffix_ms=316.0 first_token_ms=1926.5 generation_ms=12248.2 generated=64 generation_tps=5.225
CHILD index=1 mig=31ffbfe4 exit=0 text=3e8e491b5e31337a role=child prefix_tokens=4081 suffix_tokens=16 model_ms=924.1 context_ms=29.2 state_ms=50.50 prefix_ms=0.0 suffix_ms=114.7 first_token_ms=1355.4 generation_ms=16453.9 generated=64 generation_tps=3.890
CHILD index=2 mig=fafc828a exit=0 text=45d93d75d8c246b5 role=child prefix_tokens=4081 suffix_tokens=16 model_ms=1216.9 context_ms=37.0 state_ms=186.83 prefix_ms=0.0 suffix_ms=377.2 first_token_ms=2110.1 generation_ms=12144.8 generated=64 generation_tps=5.270
CHILD index=3 mig=31ffbfe4 exit=0 text=3fd8649867d4bb41 role=child prefix_tokens=4081 suffix_tokens=16 model_ms=1151.6 context_ms=36.7 state_ms=169.59 prefix_ms=0.0 suffix_ms=417.9 first_token_ms=2061.0 generation_ms=16892.3 generated=64 generation_tps=3.789
CHILD index=4 mig=fafc828a exit=0 text=46404abc10d87546 role=child prefix_tokens=4081 suffix_tokens=16 model_ms=1098.7 context_ms=39.1 state_ms=166.88 prefix_ms=0.0 suffix_ms=322.9 first_token_ms=1929.4 generation_ms=12262.6 generated=64 generation_tps=5.219
CHILD index=5 mig=31ffbfe4 exit=0 text=46404abc10d87546 role=child prefix_tokens=4081 suffix_tokens=16 model_ms=1173.2 context_ms=40.4 state_ms=163.70 prefix_ms=0.0 suffix_ms=412.3 first_token_ms=2092.4 generation_ms=16895.2 generated=64 generation_tps=3.788
CHILD index=6 mig=fafc828a exit=0 text=46404abc10d87546 role=child prefix_tokens=4081 suffix_tokens=16 model_ms=1157.6 context_ms=37.3 state_ms=162.34 prefix_ms=0.0 suffix_ms=330.6 first_token_ms=1980.0 generation_ms=12231.5 generated=64 generation_tps=5.232
CHILD index=7 mig=31ffbfe4 exit=0 text=46404abc10d87546 role=child prefix_tokens=4081 suffix_tokens=16 model_ms=1185.0 context_ms=44.3 state_ms=157.64 prefix_ms=0.0 suffix_ms=425.8 first_token_ms=2096.8 generation_ms=16879.9 generated=64 generation_tps=3.792
MEMORY mem_available_drop_mib=9051 prefix_pss_mib=0 prefix_rss_mib=0 file_mib=0
END_CASE failed=0 timed_out=0 children_wall_ms=19476
CASE config=mig mode=extent children=8
PARENT mig=fafc828a exit=0 text=8e42d861853d43f0 prefix_tokens=4081 prefix_ms=4384.9 publish_ms=3.08 state_bytes=66005 suffix_tokens=13 model_ms=589.3 context_ms=23.9 suffix_ms=104.1 first_token_ms=5220.8 generation_ms=7999.9 generated=64 generation_tps=8.000
CHILD index=0 mig=fafc828a exit=0 text=c762b6e82f144cca role=child prefix_tokens=4081 suffix_tokens=16 model_ms=1192.0 context_ms=35.4 state_ms=2.01 prefix_ms=0.0 suffix_ms=337.7 first_token_ms=1858.0 generation_ms=12665.6 generated=64 generation_tps=5.053
CHILD index=1 mig=31ffbfe4 exit=0 text=3e8e491b5e31337a role=child prefix_tokens=4081 suffix_tokens=16 model_ms=1059.2 context_ms=24.5 state_ms=1.82 prefix_ms=0.0 suffix_ms=128.8 first_token_ms=1471.3 generation_ms=17433.1 generated=64 generation_tps=3.671
CHILD index=2 mig=fafc828a exit=0 text=45d93d75d8c246b5 role=child prefix_tokens=4081 suffix_tokens=16 model_ms=1192.5 context_ms=31.9 state_ms=1.89 prefix_ms=0.0 suffix_ms=354.0 first_token_ms=1872.2 generation_ms=12608.3 generated=64 generation_tps=5.076
CHILD index=3 mig=31ffbfe4 exit=0 text=3fd8649867d4bb41 role=child prefix_tokens=4081 suffix_tokens=16 model_ms=1156.0 context_ms=37.9 state_ms=1.78 prefix_ms=0.0 suffix_ms=398.4 first_token_ms=1888.9 generation_ms=17586.5 generated=64 generation_tps=3.639
CHILD index=4 mig=fafc828a exit=0 text=46404abc10d87546 role=child prefix_tokens=4081 suffix_tokens=16 model_ms=1219.8 context_ms=26.7 state_ms=1.98 prefix_ms=0.0 suffix_ms=395.9 first_token_ms=1942.9 generation_ms=12583.3 generated=64 generation_tps=5.086
CHILD index=5 mig=31ffbfe4 exit=0 text=46404abc10d87546 role=child prefix_tokens=4081 suffix_tokens=16 model_ms=1155.3 context_ms=41.7 state_ms=2.04 prefix_ms=0.0 suffix_ms=412.9 first_token_ms=1910.5 generation_ms=17567.2 generated=64 generation_tps=3.643
CHILD index=6 mig=fafc828a exit=0 text=46404abc10d87546 role=child prefix_tokens=4081 suffix_tokens=16 model_ms=1151.2 context_ms=37.7 state_ms=1.90 prefix_ms=0.0 suffix_ms=289.0 first_token_ms=1770.1 generation_ms=12646.5 generated=64 generation_tps=5.061
CHILD index=7 mig=31ffbfe4 exit=0 text=46404abc10d87546 role=child prefix_tokens=4081 suffix_tokens=16 model_ms=1168.9 context_ms=40.4 state_ms=1.98 prefix_ms=0.0 suffix_ms=414.0 first_token_ms=1904.5 generation_ms=17543.4 generated=64 generation_tps=3.648
MEMORY mem_available_drop_mib=5698 prefix_pss_mib=223 prefix_rss_mib=1785 file_mib=224
END_CASE failed=0 timed_out=0 children_wall_ms=19925
CASE config=mig_mps mode=copy children=4
PARENT mig=fafc828a exit=0 text=8e42d861853d43f0 prefix_tokens=4081 prefix_ms=4370.4 publish_ms=215.43 state_bytes=234086869 suffix_tokens=13 model_ms=613.6 context_ms=28.2 suffix_ms=54.3 first_token_ms=5499.6 generation_ms=5552.6 generated=64 generation_tps=11.526
CHILD index=0 mig=fafc828a exit=0 text=c762b6e82f144cca role=child prefix_tokens=4081 suffix_tokens=16 model_ms=709.6 context_ms=28.5 state_ms=86.33 prefix_ms=0.0 suffix_ms=260.8 first_token_ms=1257.0 generation_ms=6335.6 generated=64 generation_tps=10.102
CHILD index=1 mig=31ffbfe4 exit=0 text=3e8e491b5e31337a role=child prefix_tokens=4081 suffix_tokens=16 model_ms=723.3 context_ms=32.0 state_ms=53.45 prefix_ms=0.0 suffix_ms=182.6 first_token_ms=1252.1 generation_ms=7779.7 generated=64 generation_tps=8.227
CHILD index=2 mig=fafc828a exit=0 text=45d93d75d8c246b5 role=child prefix_tokens=4081 suffix_tokens=16 model_ms=648.4 context_ms=28.1 state_ms=78.48 prefix_ms=0.0 suffix_ms=218.1 first_token_ms=1130.5 generation_ms=6396.0 generated=64 generation_tps=10.006
CHILD index=3 mig=31ffbfe4 exit=0 text=3fd8649867d4bb41 role=child prefix_tokens=4081 suffix_tokens=16 model_ms=721.1 context_ms=35.4 state_ms=49.57 prefix_ms=0.0 suffix_ms=188.0 first_token_ms=1255.3 generation_ms=7790.1 generated=64 generation_tps=8.216
MEMORY mem_available_drop_mib=4560 prefix_pss_mib=0 prefix_rss_mib=0 file_mib=0
END_CASE failed=0 timed_out=0 children_wall_ms=9464
CASE config=mig_mps mode=extent children=4
PARENT mig=fafc828a exit=0 text=8e42d861853d43f0 prefix_tokens=4081 prefix_ms=4374.8 publish_ms=3.11 state_bytes=66005 suffix_tokens=13 model_ms=568.9 context_ms=22.4 suffix_ms=99.0 first_token_ms=5160.0 generation_ms=5640.2 generated=64 generation_tps=11.347
CHILD index=0 mig=fafc828a exit=0 text=c762b6e82f144cca role=child prefix_tokens=4081 suffix_tokens=16 model_ms=806.1 context_ms=32.3 state_ms=1.91 prefix_ms=0.0 suffix_ms=306.4 first_token_ms=1292.3 generation_ms=6542.9 generated=64 generation_tps=9.782
CHILD index=1 mig=31ffbfe4 exit=0 text=3e8e491b5e31337a role=child prefix_tokens=4081 suffix_tokens=16 model_ms=800.4 context_ms=30.6 state_ms=2.08 prefix_ms=0.0 suffix_ms=181.4 first_token_ms=1163.6 generation_ms=7952.6 generated=64 generation_tps=8.048
CHILD index=2 mig=fafc828a exit=0 text=45d93d75d8c246b5 role=child prefix_tokens=4081 suffix_tokens=16 model_ms=798.6 context_ms=30.5 state_ms=1.92 prefix_ms=0.0 suffix_ms=228.6 first_token_ms=1208.5 generation_ms=6584.9 generated=64 generation_tps=9.719
CHILD index=3 mig=31ffbfe4 exit=0 text=3fd8649867d4bb41 role=child prefix_tokens=4081 suffix_tokens=16 model_ms=803.9 context_ms=32.0 state_ms=2.15 prefix_ms=0.0 suffix_ms=180.0 first_token_ms=1168.3 generation_ms=8039.1 generated=64 generation_tps=7.961
MEMORY mem_available_drop_mib=2858 prefix_pss_mib=223 prefix_rss_mib=892 file_mib=224
END_CASE failed=0 timed_out=0 children_wall_ms=9651
CASE config=mig_mps mode=copy children=8
PARENT mig=fafc828a exit=0 text=8e42d861853d43f0 prefix_tokens=4081 prefix_ms=4380.8 publish_ms=224.92 state_bytes=234086869 suffix_tokens=13 model_ms=570.4 context_ms=27.2 suffix_ms=56.9 first_token_ms=5355.7 generation_ms=7990.9 generated=64 generation_tps=8.009
CHILD index=0 mig=fafc828a exit=0 text=c762b6e82f144cca role=child prefix_tokens=4081 suffix_tokens=16 model_ms=668.9 context_ms=29.1 state_ms=77.75 prefix_ms=0.0 suffix_ms=178.4 first_token_ms=1178.2 generation_ms=10794.3 generated=64 generation_tps=5.929
CHILD index=1 mig=31ffbfe4 exit=0 text=3e8e491b5e31337a role=child prefix_tokens=4081 suffix_tokens=16 model_ms=952.4 context_ms=28.8 state_ms=86.42 prefix_ms=0.0 suffix_ms=195.9 first_token_ms=1539.4 generation_ms=15279.4 generated=64 generation_tps=4.189
CHILD index=2 mig=fafc828a exit=0 text=45d93d75d8c246b5 role=child prefix_tokens=4081 suffix_tokens=16 model_ms=986.2 context_ms=51.1 state_ms=108.44 prefix_ms=0.0 suffix_ms=359.9 first_token_ms=1806.8 generation_ms=10879.7 generated=64 generation_tps=5.883
CHILD index=3 mig=31ffbfe4 exit=0 text=3fd8649867d4bb41 role=child prefix_tokens=4081 suffix_tokens=16 model_ms=982.8 context_ms=44.3 state_ms=70.81 prefix_ms=0.0 suffix_ms=370.8 first_token_ms=1774.1 generation_ms=15320.8 generated=64 generation_tps=4.177
CHILD index=4 mig=fafc828a exit=0 text=46404abc10d87546 role=child prefix_tokens=4081 suffix_tokens=16 model_ms=983.9 context_ms=47.7 state_ms=105.11 prefix_ms=0.0 suffix_ms=363.4 first_token_ms=1790.0 generation_ms=10866.3 generated=64 generation_tps=5.890
CHILD index=5 mig=31ffbfe4 exit=0 text=46404abc10d87546 role=child prefix_tokens=4081 suffix_tokens=16 model_ms=982.5 context_ms=49.9 state_ms=73.46 prefix_ms=0.0 suffix_ms=351.5 first_token_ms=1747.3 generation_ms=15336.8 generated=64 generation_tps=4.173
CHILD index=6 mig=fafc828a exit=0 text=46404abc10d87546 role=child prefix_tokens=4081 suffix_tokens=16 model_ms=1016.1 context_ms=35.6 state_ms=98.80 prefix_ms=0.0 suffix_ms=359.8 first_token_ms=1805.7 generation_ms=10867.4 generated=64 generation_tps=5.889
CHILD index=7 mig=31ffbfe4 exit=0 text=46404abc10d87546 role=child prefix_tokens=4081 suffix_tokens=16 model_ms=991.4 context_ms=51.1 state_ms=71.03 prefix_ms=0.0 suffix_ms=371.1 first_token_ms=1777.5 generation_ms=15318.7 generated=64 generation_tps=4.178
MEMORY mem_available_drop_mib=9007 prefix_pss_mib=0 prefix_rss_mib=0 file_mib=0
END_CASE failed=0 timed_out=0 children_wall_ms=17557
CASE config=mig_mps mode=extent children=8
PARENT mig=fafc828a exit=0 text=8e42d861853d43f0 prefix_tokens=4081 prefix_ms=4383.8 publish_ms=3.14 state_bytes=66005 suffix_tokens=13 model_ms=569.2 context_ms=23.2 suffix_ms=95.8 first_token_ms=5173.7 generation_ms=8673.4 generated=64 generation_tps=7.379
CHILD index=0 mig=fafc828a exit=0 text=c762b6e82f144cca role=child prefix_tokens=4081 suffix_tokens=16 model_ms=661.9 context_ms=22.4 state_ms=2.01 prefix_ms=0.0 suffix_ms=217.4 first_token_ms=1115.5 generation_ms=11247.2 generated=64 generation_tps=5.690
CHILD index=1 mig=31ffbfe4 exit=0 text=3e8e491b5e31337a role=child prefix_tokens=4081 suffix_tokens=16 model_ms=957.1 context_ms=33.0 state_ms=1.84 prefix_ms=0.0 suffix_ms=280.0 first_token_ms=1557.4 generation_ms=15808.9 generated=64 generation_tps=4.048
CHILD index=2 mig=fafc828a exit=0 text=45d93d75d8c246b5 role=child prefix_tokens=4081 suffix_tokens=16 model_ms=979.9 context_ms=31.2 state_ms=1.90 prefix_ms=0.0 suffix_ms=347.8 first_token_ms=1624.1 generation_ms=11363.2 generated=64 generation_tps=5.632
CHILD index=3 mig=31ffbfe4 exit=0 text=3fd8649867d4bb41 role=child prefix_tokens=4081 suffix_tokens=16 model_ms=1014.1 context_ms=27.4 state_ms=1.99 prefix_ms=0.0 suffix_ms=418.4 first_token_ms=1764.7 generation_ms=15732.7 generated=64 generation_tps=4.068
CHILD index=4 mig=fafc828a exit=0 text=46404abc10d87546 role=child prefix_tokens=4081 suffix_tokens=16 model_ms=1016.8 context_ms=25.1 state_ms=1.99 prefix_ms=0.0 suffix_ms=364.6 first_token_ms=1699.2 generation_ms=11319.0 generated=64 generation_tps=5.654
CHILD index=5 mig=31ffbfe4 exit=0 text=46404abc10d87546 role=child prefix_tokens=4081 suffix_tokens=16 model_ms=945.1 context_ms=25.6 state_ms=1.75 prefix_ms=0.0 suffix_ms=249.9 first_token_ms=1501.1 generation_ms=15799.1 generated=64 generation_tps=4.051
CHILD index=6 mig=fafc828a exit=0 text=46404abc10d87546 role=child prefix_tokens=4081 suffix_tokens=16 model_ms=966.4 context_ms=26.3 state_ms=2.01 prefix_ms=0.0 suffix_ms=367.0 first_token_ms=1642.6 generation_ms=11350.5 generated=64 generation_tps=5.639
CHILD index=7 mig=31ffbfe4 exit=0 text=46404abc10d87546 role=child prefix_tokens=4081 suffix_tokens=16 model_ms=1000.2 context_ms=28.1 state_ms=2.11 prefix_ms=0.0 suffix_ms=376.4 first_token_ms=1696.1 generation_ms=15770.6 generated=64 generation_tps=4.058
MEMORY mem_available_drop_mib=5618 prefix_pss_mib=238 prefix_rss_mib=1785 file_mib=224
END_CASE failed=0 timed_out=0 children_wall_ms=17918
END_KVMPS
BEGIN_KVMPS run=3 paragraphs=320 context=32768
REFERENCE who=0 mig=fafc828a text=d42c4c07975a6446
REFERENCE who=1 mig=fafc828a text=3fd8649867d4bb41
REFERENCE who=1 mig=31ffbfe4 text=3fd8649867d4bb41
REFERENCE who=2 mig=fafc828a text=3fd8649867d4bb41
REFERENCE who=3 mig=fafc828a text=3fd8649867d4bb41
REFERENCE who=3 mig=31ffbfe4 text=3e0fd62f5aa50665
REFERENCE who=4 mig=fafc828a text=3e0fd62f5aa50665
REFERENCE who=5 mig=fafc828a text=3e0fd62f5aa50665
REFERENCE who=5 mig=31ffbfe4 text=45d93d75d8c246b5
REFERENCE who=6 mig=fafc828a text=4a8f18b77dbe0332
REFERENCE who=7 mig=fafc828a text=4a8f18b77dbe0332
REFERENCE who=7 mig=31ffbfe4 text=4a8f18b77dbe0332
CASE config=timeslice mode=copy children=4
PARENT mig=fafc828a exit=0 text=c646470e58f73411 prefix_tokens=16321 prefix_ms=19743.3 publish_ms=530.37 state_bytes=936173269 suffix_tokens=13 model_ms=590.6 context_ms=60.6 suffix_ms=60.9 first_token_ms=21123.5 generation_ms=9060.7 generated=64 generation_tps=7.063
CHILD index=0 mig=fafc828a exit=0 text=d42c4c07975a6446 role=child prefix_tokens=16321 suffix_tokens=16 model_ms=828.4 context_ms=68.1 state_ms=309.03 prefix_ms=0.0 suffix_ms=260.7 first_token_ms=1569.9 generation_ms=12785.3 generated=64 generation_tps=5.006
CHILD index=1 mig=fafc828a exit=0 text=3fd8649867d4bb41 role=child prefix_tokens=16321 suffix_tokens=16 model_ms=850.6 context_ms=71.4 state_ms=359.26 prefix_ms=0.0 suffix_ms=386.5 first_token_ms=1816.9 generation_ms=12705.3 generated=64 generation_tps=5.037
CHILD index=2 mig=fafc828a exit=0 text=3fd8649867d4bb41 role=child prefix_tokens=16321 suffix_tokens=16 model_ms=925.3 context_ms=77.3 state_ms=315.92 prefix_ms=0.0 suffix_ms=402.2 first_token_ms=1864.2 generation_ms=12677.0 generated=64 generation_tps=5.048
CHILD index=3 mig=fafc828a exit=0 text=3fd8649867d4bb41 role=child prefix_tokens=16321 suffix_tokens=16 model_ms=859.3 context_ms=95.1 state_ms=334.04 prefix_ms=0.0 suffix_ms=371.2 first_token_ms=1800.7 generation_ms=12720.7 generated=64 generation_tps=5.031
MEMORY mem_available_drop_mib=10140 prefix_pss_mib=0 prefix_rss_mib=0 file_mib=0
END_CASE failed=0 timed_out=0 children_wall_ms=15094
CASE config=timeslice mode=extent children=4
PARENT mig=fafc828a exit=0 text=c646470e58f73411 prefix_tokens=16321 prefix_ms=19796.1 publish_ms=9.12 state_bytes=261845 suffix_tokens=13 model_ms=586.7 context_ms=37.3 suffix_ms=107.8 first_token_ms=20673.8 generation_ms=9599.8 generated=64 generation_tps=6.667
CHILD index=0 mig=fafc828a exit=0 text=d42c4c07975a6446 role=child prefix_tokens=16321 suffix_tokens=16 model_ms=905.3 context_ms=45.3 state_ms=8.56 prefix_ms=0.0 suffix_ms=303.7 first_token_ms=1396.2 generation_ms=12787.0 generated=64 generation_tps=5.005
CHILD index=1 mig=fafc828a exit=0 text=3fd8649867d4bb41 role=child prefix_tokens=16321 suffix_tokens=16 model_ms=937.3 context_ms=35.8 state_ms=7.46 prefix_ms=0.0 suffix_ms=331.6 first_token_ms=1456.1 generation_ms=12798.7 generated=64 generation_tps=5.000
CHILD index=2 mig=fafc828a exit=0 text=3fd8649867d4bb41 role=child prefix_tokens=16321 suffix_tokens=16 model_ms=887.2 context_ms=41.0 state_ms=77.52 prefix_ms=0.0 suffix_ms=404.8 first_token_ms=1558.6 generation_ms=12707.0 generated=64 generation_tps=5.037
CHILD index=3 mig=fafc828a exit=0 text=3fd8649867d4bb41 role=child prefix_tokens=16321 suffix_tokens=16 model_ms=889.2 context_ms=43.3 state_ms=7.62 prefix_ms=0.0 suffix_ms=320.3 first_token_ms=1408.9 generation_ms=12784.5 generated=64 generation_tps=5.006
MEMORY mem_available_drop_mib=2976 prefix_pss_mib=892 prefix_rss_mib=3570 file_mib=896
END_CASE failed=0 timed_out=0 children_wall_ms=14791
CASE config=timeslice mode=copy children=8
PARENT mig=fafc828a exit=0 text=c646470e58f73411 prefix_tokens=16321 prefix_ms=19732.4 publish_ms=537.00 state_bytes=936173269 suffix_tokens=13 model_ms=586.2 context_ms=60.0 suffix_ms=63.0 first_token_ms=21132.5 generation_ms=13725.6 generated=64 generation_tps=4.663
CHILD index=0 mig=fafc828a exit=0 text=d42c4c07975a6446 role=child prefix_tokens=16321 suffix_tokens=16 model_ms=823.7 context_ms=77.4 state_ms=286.72 prefix_ms=0.0 suffix_ms=220.3 first_token_ms=1567.5 generation_ms=23057.0 generated=64 generation_tps=2.776
CHILD index=1 mig=fafc828a exit=0 text=3fd8649867d4bb41 role=child prefix_tokens=16321 suffix_tokens=16 model_ms=1184.1 context_ms=124.2 state_ms=452.31 prefix_ms=0.0 suffix_ms=585.3 first_token_ms=2613.4 generation_ms=23595.7 generated=64 generation_tps=2.712
CHILD index=2 mig=fafc828a exit=0 text=3fd8649867d4bb41 role=child prefix_tokens=16321 suffix_tokens=16 model_ms=1245.3 context_ms=120.6 state_ms=390.34 prefix_ms=0.0 suffix_ms=600.5 first_token_ms=2654.2 generation_ms=23632.4 generated=64 generation_tps=2.708
CHILD index=3 mig=fafc828a exit=0 text=3fd8649867d4bb41 role=child prefix_tokens=16321 suffix_tokens=16 model_ms=1294.5 context_ms=98.7 state_ms=375.72 prefix_ms=0.0 suffix_ms=612.6 first_token_ms=2684.5 generation_ms=23636.6 generated=64 generation_tps=2.708
CHILD index=4 mig=fafc828a exit=0 text=3e0fd62f5aa50665 role=child prefix_tokens=16321 suffix_tokens=16 model_ms=1182.6 context_ms=104.9 state_ms=424.63 prefix_ms=0.0 suffix_ms=615.7 first_token_ms=2633.4 generation_ms=23661.8 generated=64 generation_tps=2.705
CHILD index=5 mig=fafc828a exit=0 text=3e0fd62f5aa50665 role=child prefix_tokens=16321 suffix_tokens=16 model_ms=1273.1 context_ms=135.4 state_ms=369.84 prefix_ms=0.0 suffix_ms=660.8 first_token_ms=2764.4 generation_ms=23565.0 generated=64 generation_tps=2.716
CHILD index=6 mig=fafc828a exit=0 text=4a8f18b77dbe0332 role=child prefix_tokens=16321 suffix_tokens=16 model_ms=1247.4 context_ms=122.3 state_ms=378.43 prefix_ms=0.0 suffix_ms=608.1 first_token_ms=2665.8 generation_ms=23648.3 generated=64 generation_tps=2.706
CHILD index=7 mig=fafc828a exit=0 text=4a8f18b77dbe0332 role=child prefix_tokens=16321 suffix_tokens=16 model_ms=1161.5 context_ms=80.7 state_ms=457.60 prefix_ms=0.0 suffix_ms=614.6 first_token_ms=2629.1 generation_ms=23648.9 generated=64 generation_tps=2.706
MEMORY mem_available_drop_mib=20292 prefix_pss_mib=0 prefix_rss_mib=0 file_mib=0
END_CASE failed=0 timed_out=0 children_wall_ms=27021
CASE config=timeslice mode=extent children=8
PARENT mig=fafc828a exit=0 text=c646470e58f73411 prefix_tokens=16321 prefix_ms=19783.1 publish_ms=9.03 state_bytes=261845 suffix_tokens=13 model_ms=594.7 context_ms=37.9 suffix_ms=108.9 first_token_ms=20697.4 generation_ms=13308.2 generated=64 generation_tps=4.809
CHILD index=0 mig=fafc828a exit=0 text=d42c4c07975a6446 role=child prefix_tokens=16321 suffix_tokens=16 model_ms=1176.3 context_ms=38.6 state_ms=7.68 prefix_ms=0.0 suffix_ms=397.6 first_token_ms=1877.3 generation_ms=23698.8 generated=64 generation_tps=2.701
CHILD index=1 mig=fafc828a exit=0 text=3fd8649867d4bb41 role=child prefix_tokens=16321 suffix_tokens=16 model_ms=1317.1 context_ms=39.4 state_ms=7.45 prefix_ms=0.0 suffix_ms=675.1 first_token_ms=2339.3 generation_ms=23526.0 generated=64 generation_tps=2.720
CHILD index=2 mig=fafc828a exit=0 text=3fd8649867d4bb41 role=child prefix_tokens=16321 suffix_tokens=16 model_ms=1228.4 context_ms=46.0 state_ms=7.51 prefix_ms=0.0 suffix_ms=510.3 first_token_ms=2072.1 generation_ms=23638.0 generated=64 generation_tps=2.708
CHILD index=3 mig=fafc828a exit=0 text=3fd8649867d4bb41 role=child prefix_tokens=16321 suffix_tokens=16 model_ms=1286.4 context_ms=42.8 state_ms=7.43 prefix_ms=0.0 suffix_ms=717.8 first_token_ms=2350.4 generation_ms=23502.9 generated=64 generation_tps=2.723
CHILD index=4 mig=fafc828a exit=0 text=3e0fd62f5aa50665 role=child prefix_tokens=16321 suffix_tokens=16 model_ms=1268.8 context_ms=41.9 state_ms=7.40 prefix_ms=0.0 suffix_ms=690.0 first_token_ms=2308.2 generation_ms=23541.8 generated=64 generation_tps=2.719
CHILD index=5 mig=fafc828a exit=0 text=3e0fd62f5aa50665 role=child prefix_tokens=16321 suffix_tokens=16 model_ms=1197.0 context_ms=47.4 state_ms=7.42 prefix_ms=0.0 suffix_ms=384.9 first_token_ms=1939.9 generation_ms=23690.9 generated=64 generation_tps=2.701
CHILD index=6 mig=fafc828a exit=0 text=4a8f18b77dbe0332 role=child prefix_tokens=16321 suffix_tokens=16 model_ms=1198.4 context_ms=45.0 state_ms=7.42 prefix_ms=0.0 suffix_ms=441.0 first_token_ms=1993.4 generation_ms=23660.7 generated=64 generation_tps=2.705
CHILD index=7 mig=fafc828a exit=0 text=4a8f18b77dbe0332 role=child prefix_tokens=16321 suffix_tokens=16 model_ms=1288.1 context_ms=44.6 state_ms=7.17 prefix_ms=0.0 suffix_ms=660.2 first_token_ms=2283.6 generation_ms=23519.5 generated=64 generation_tps=2.721
MEMORY mem_available_drop_mib=5889 prefix_pss_mib=918 prefix_rss_mib=7140 file_mib=896
END_CASE failed=0 timed_out=0 children_wall_ms=26438
CASE config=mps mode=copy children=4
PARENT mig=fafc828a exit=0 text=c646470e58f73411 prefix_tokens=16321 prefix_ms=19739.0 publish_ms=532.59 state_bytes=936173269 suffix_tokens=13 model_ms=602.9 context_ms=59.6 suffix_ms=57.5 first_token_ms=21232.6 generation_ms=7919.8 generated=64 generation_tps=8.081
CHILD index=0 mig=fafc828a exit=0 text=d42c4c07975a6446 role=child prefix_tokens=16321 suffix_tokens=16 model_ms=773.3 context_ms=94.6 state_ms=346.22 prefix_ms=0.0 suffix_ms=343.2 first_token_ms=1760.7 generation_ms=11195.1 generated=64 generation_tps=5.717
CHILD index=1 mig=fafc828a exit=0 text=3fd8649867d4bb41 role=child prefix_tokens=16321 suffix_tokens=16 model_ms=847.9 context_ms=81.7 state_ms=289.83 prefix_ms=0.0 suffix_ms=352.1 first_token_ms=1765.3 generation_ms=11203.6 generated=64 generation_tps=5.712
CHILD index=2 mig=fafc828a exit=0 text=3fd8649867d4bb41 role=child prefix_tokens=16321 suffix_tokens=16 model_ms=778.2 context_ms=72.0 state_ms=253.36 prefix_ms=0.0 suffix_ms=245.0 first_token_ms=1539.5 generation_ms=11223.8 generated=64 generation_tps=5.702
CHILD index=3 mig=fafc828a exit=0 text=3fd8649867d4bb41 role=child prefix_tokens=16321 suffix_tokens=16 model_ms=866.9 context_ms=66.4 state_ms=278.14 prefix_ms=0.0 suffix_ms=352.1 first_token_ms=1756.8 generation_ms=11192.3 generated=64 generation_tps=5.718
MEMORY mem_available_drop_mib=10126 prefix_pss_mib=0 prefix_rss_mib=0 file_mib=0
END_CASE failed=0 timed_out=0 children_wall_ms=13490
CASE config=mps mode=extent children=4
PARENT mig=fafc828a exit=0 text=c646470e58f73411 prefix_tokens=16321 prefix_ms=19822.8 publish_ms=9.72 state_bytes=261845 suffix_tokens=13 model_ms=567.2 context_ms=37.0 suffix_ms=113.8 first_token_ms=20690.6 generation_ms=9107.8 generated=64 generation_tps=7.027
CHILD index=0 mig=fafc828a exit=0 text=d42c4c07975a6446 role=child prefix_tokens=16321 suffix_tokens=16 model_ms=795.8 context_ms=37.2 state_ms=7.41 prefix_ms=0.0 suffix_ms=297.7 first_token_ms=1259.1 generation_ms=11503.2 generated=64 generation_tps=5.564
CHILD index=1 mig=fafc828a exit=0 text=3fd8649867d4bb41 role=child prefix_tokens=16321 suffix_tokens=16 model_ms=783.7 context_ms=37.2 state_ms=7.59 prefix_ms=0.0 suffix_ms=312.3 first_token_ms=1282.1 generation_ms=11468.7 generated=64 generation_tps=5.580
CHILD index=2 mig=fafc828a exit=0 text=3fd8649867d4bb41 role=child prefix_tokens=16321 suffix_tokens=16 model_ms=837.0 context_ms=37.7 state_ms=7.85 prefix_ms=0.0 suffix_ms=337.1 first_token_ms=1365.3 generation_ms=11424.2 generated=64 generation_tps=5.602
CHILD index=3 mig=fafc828a exit=0 text=3fd8649867d4bb41 role=child prefix_tokens=16321 suffix_tokens=16 model_ms=780.3 context_ms=39.2 state_ms=7.25 prefix_ms=0.0 suffix_ms=311.1 first_token_ms=1280.4 generation_ms=11474.8 generated=64 generation_tps=5.577
MEMORY mem_available_drop_mib=2966 prefix_pss_mib=892 prefix_rss_mib=3570 file_mib=896
END_CASE failed=0 timed_out=0 children_wall_ms=13327
CASE config=mps mode=copy children=8
PARENT mig=fafc828a exit=0 text=c646470e58f73411 prefix_tokens=16321 prefix_ms=19738.1 publish_ms=503.28 state_bytes=936173269 suffix_tokens=13 model_ms=568.3 context_ms=59.7 suffix_ms=62.6 first_token_ms=21064.7 generation_ms=11491.4 generated=64 generation_tps=5.569
CHILD index=0 mig=fafc828a exit=0 text=d42c4c07975a6446 role=child prefix_tokens=16321 suffix_tokens=16 model_ms=1090.7 context_ms=178.0 state_ms=430.31 prefix_ms=0.0 suffix_ms=574.3 first_token_ms=2562.7 generation_ms=20934.6 generated=64 generation_tps=3.057
CHILD index=1 mig=fafc828a exit=0 text=3fd8649867d4bb41 role=child prefix_tokens=16321 suffix_tokens=16 model_ms=1058.6 context_ms=201.7 state_ms=411.32 prefix_ms=0.0 suffix_ms=574.1 first_token_ms=2558.5 generation_ms=20938.1 generated=64 generation_tps=3.057
CHILD index=2 mig=fafc828a exit=0 text=3fd8649867d4bb41 role=child prefix_tokens=16321 suffix_tokens=16 model_ms=1032.0 context_ms=164.2 state_ms=480.40 prefix_ms=0.0 suffix_ms=578.2 first_token_ms=2565.3 generation_ms=20922.3 generated=64 generation_tps=3.059
CHILD index=3 mig=fafc828a exit=0 text=3fd8649867d4bb41 role=child prefix_tokens=16321 suffix_tokens=16 model_ms=1077.5 context_ms=180.2 state_ms=409.41 prefix_ms=0.0 suffix_ms=556.9 first_token_ms=2533.8 generation_ms=20963.6 generated=64 generation_tps=3.053
CHILD index=4 mig=fafc828a exit=0 text=3e0fd62f5aa50665 role=child prefix_tokens=16321 suffix_tokens=16 model_ms=949.7 context_ms=61.0 state_ms=262.65 prefix_ms=0.0 suffix_ms=272.7 first_token_ms=1790.5 generation_ms=20382.2 generated=64 generation_tps=3.140
CHILD index=5 mig=fafc828a exit=0 text=3e0fd62f5aa50665 role=child prefix_tokens=16321 suffix_tokens=16 model_ms=1051.5 context_ms=169.2 state_ms=442.60 prefix_ms=0.0 suffix_ms=553.6 first_token_ms=2526.0 generation_ms=20963.5 generated=64 generation_tps=3.053
CHILD index=6 mig=fafc828a exit=0 text=4a8f18b77dbe0332 role=child prefix_tokens=16321 suffix_tokens=16 model_ms=1014.9 context_ms=211.1 state_ms=430.02 prefix_ms=0.0 suffix_ms=574.3 first_token_ms=2547.9 generation_ms=20905.9 generated=64 generation_tps=3.061
CHILD index=7 mig=fafc828a exit=0 text=4a8f18b77dbe0332 role=child prefix_tokens=16321 suffix_tokens=16 model_ms=1129.3 context_ms=121.2 state_ms=408.72 prefix_ms=0.0 suffix_ms=573.8 first_token_ms=2539.2 generation_ms=20919.4 generated=64 generation_tps=3.059
MEMORY mem_available_drop_mib=20271 prefix_pss_mib=0 prefix_rss_mib=0 file_mib=0
END_CASE failed=0 timed_out=0 children_wall_ms=24156
CASE config=mps mode=extent children=8
PARENT mig=fafc828a exit=0 text=c646470e58f73411 prefix_tokens=16321 prefix_ms=19841.0 publish_ms=9.01 state_bytes=261845 suffix_tokens=13 model_ms=581.2 context_ms=37.6 suffix_ms=104.0 first_token_ms=20709.9 generation_ms=14631.2 generated=64 generation_tps=4.374
CHILD index=0 mig=fafc828a exit=0 text=d42c4c07975a6446 role=child prefix_tokens=16321 suffix_tokens=16 model_ms=657.9 context_ms=35.9 state_ms=7.56 prefix_ms=0.0 suffix_ms=232.1 first_token_ms=1118.5 generation_ms=20342.7 generated=64 generation_tps=3.146
CHILD index=1 mig=fafc828a exit=0 text=3fd8649867d4bb41 role=child prefix_tokens=16321 suffix_tokens=16 model_ms=1003.9 context_ms=40.7 state_ms=7.37 prefix_ms=0.0 suffix_ms=511.9 first_token_ms=1850.5 generation_ms=21089.1 generated=64 generation_tps=3.035
CHILD index=2 mig=fafc828a exit=0 text=3fd8649867d4bb41 role=child prefix_tokens=16321 suffix_tokens=16 model_ms=1001.1 context_ms=41.0 state_ms=9.90 prefix_ms=0.0 suffix_ms=534.8 first_token_ms=1894.8 generation_ms=21076.6 generated=64 generation_tps=3.037
CHILD index=3 mig=fafc828a exit=0 text=3fd8649867d4bb41 role=child prefix_tokens=16321 suffix_tokens=16 model_ms=1076.4 context_ms=42.5 state_ms=7.65 prefix_ms=0.0 suffix_ms=548.9 first_token_ms=1972.0 generation_ms=21062.5 generated=64 generation_tps=3.039
CHILD index=4 mig=fafc828a exit=0 text=3e0fd62f5aa50665 role=child prefix_tokens=16321 suffix_tokens=16 model_ms=1050.8 context_ms=47.7 state_ms=7.33 prefix_ms=0.0 suffix_ms=548.7 first_token_ms=1955.1 generation_ms=21048.9 generated=64 generation_tps=3.041
CHILD index=5 mig=fafc828a exit=0 text=3e0fd62f5aa50665 role=child prefix_tokens=16321 suffix_tokens=16 model_ms=1049.8 context_ms=44.0 state_ms=7.49 prefix_ms=0.0 suffix_ms=553.2 first_token_ms=1959.9 generation_ms=21049.5 generated=64 generation_tps=3.040
CHILD index=6 mig=fafc828a exit=0 text=4a8f18b77dbe0332 role=child prefix_tokens=16321 suffix_tokens=16 model_ms=1011.6 context_ms=40.2 state_ms=7.50 prefix_ms=0.0 suffix_ms=523.1 first_token_ms=1871.8 generation_ms=21102.3 generated=64 generation_tps=3.033
CHILD index=7 mig=fafc828a exit=0 text=4a8f18b77dbe0332 role=child prefix_tokens=16321 suffix_tokens=16 model_ms=1030.5 context_ms=46.6 state_ms=7.57 prefix_ms=0.0 suffix_ms=532.6 first_token_ms=1909.9 generation_ms=21072.7 generated=64 generation_tps=3.037
MEMORY mem_available_drop_mib=5884 prefix_pss_mib=892 prefix_rss_mib=7140 file_mib=896
END_CASE failed=0 timed_out=0 children_wall_ms=23641
CASE config=mig mode=copy children=4
PARENT mig=fafc828a exit=0 text=c646470e58f73411 prefix_tokens=16321 prefix_ms=19726.4 publish_ms=552.33 state_bytes=936173269 suffix_tokens=13 model_ms=588.3 context_ms=59.5 suffix_ms=60.8 first_token_ms=21123.5 generation_ms=6070.0 generated=64 generation_tps=10.544
CHILD index=0 mig=fafc828a exit=0 text=d42c4c07975a6446 role=child prefix_tokens=16321 suffix_tokens=16 model_ms=881.2 context_ms=99.9 state_ms=308.62 prefix_ms=0.0 suffix_ms=277.1 first_token_ms=1709.6 generation_ms=7605.4 generated=64 generation_tps=8.415
CHILD index=1 mig=31ffbfe4 exit=0 text=3fd8649867d4bb41 role=child prefix_tokens=16321 suffix_tokens=16 model_ms=947.2 context_ms=74.9 state_ms=303.30 prefix_ms=0.0 suffix_ms=235.3 first_token_ms=1711.8 generation_ms=9403.5 generated=64 generation_tps=6.806
CHILD index=2 mig=fafc828a exit=0 text=3fd8649867d4bb41 role=child prefix_tokens=16321 suffix_tokens=16 model_ms=866.8 context_ms=103.9 state_ms=349.79 prefix_ms=0.0 suffix_ms=274.5 first_token_ms=1751.4 generation_ms=7548.0 generated=64 generation_tps=8.479
CHILD index=3 mig=31ffbfe4 exit=0 text=3fd8649867d4bb41 role=child prefix_tokens=16321 suffix_tokens=16 model_ms=894.3 context_ms=107.2 state_ms=320.13 prefix_ms=0.0 suffix_ms=229.3 first_token_ms=1698.2 generation_ms=9397.6 generated=64 generation_tps=6.810
MEMORY mem_available_drop_mib=10100 prefix_pss_mib=0 prefix_rss_mib=0 file_mib=0
END_CASE failed=0 timed_out=0 children_wall_ms=11606
CASE config=mig mode=extent children=4
PARENT mig=fafc828a exit=0 text=c646470e58f73411 prefix_tokens=16321 prefix_ms=19801.0 publish_ms=9.17 state_bytes=261845 suffix_tokens=13 model_ms=588.0 context_ms=36.1 suffix_ms=119.8 first_token_ms=20695.2 generation_ms=6791.5 generated=64 generation_tps=9.423
CHILD index=0 mig=fafc828a exit=0 text=d42c4c07975a6446 role=child prefix_tokens=16321 suffix_tokens=16 model_ms=857.6 context_ms=62.5 state_ms=7.57 prefix_ms=0.0 suffix_ms=192.8 first_token_ms=1246.3 generation_ms=8014.0 generated=64 generation_tps=7.986
CHILD index=1 mig=31ffbfe4 exit=0 text=3fd8649867d4bb41 role=child prefix_tokens=16321 suffix_tokens=16 model_ms=855.2 context_ms=39.1 state_ms=45.48 prefix_ms=0.0 suffix_ms=128.3 first_token_ms=1219.8 generation_ms=9498.6 generated=64 generation_tps=6.738
CHILD index=2 mig=fafc828a exit=0 text=3fd8649867d4bb41 role=child prefix_tokens=16321 suffix_tokens=16 model_ms=881.7 context_ms=37.1 state_ms=7.15 prefix_ms=0.0 suffix_ms=301.1 first_token_ms=1364.5 generation_ms=7970.1 generated=64 generation_tps=8.030
CHILD index=3 mig=31ffbfe4 exit=0 text=3fd8649867d4bb41 role=child prefix_tokens=16321 suffix_tokens=16 model_ms=924.5 context_ms=38.4 state_ms=7.48 prefix_ms=0.0 suffix_ms=351.8 first_token_ms=1471.1 generation_ms=9405.9 generated=64 generation_tps=6.804
MEMORY mem_available_drop_mib=2967 prefix_pss_mib=1026 prefix_rss_mib=3570 file_mib=896
END_CASE failed=0 timed_out=0 children_wall_ms=11388
CASE config=mig mode=copy children=8
PARENT mig=fafc828a exit=0 text=c646470e58f73411 prefix_tokens=16321 prefix_ms=19738.7 publish_ms=559.18 state_bytes=936173269 suffix_tokens=13 model_ms=589.3 context_ms=60.8 suffix_ms=62.6 first_token_ms=21162.5 generation_ms=7602.2 generated=64 generation_tps=8.419
CHILD index=0 mig=fafc828a exit=0 text=d42c4c07975a6446 role=child prefix_tokens=16321 suffix_tokens=16 model_ms=1291.2 context_ms=124.0 state_ms=352.95 prefix_ms=0.0 suffix_ms=377.3 first_token_ms=2439.8 generation_ms=13291.6 generated=64 generation_tps=4.815
CHILD index=1 mig=31ffbfe4 exit=0 text=3fd8649867d4bb41 role=child prefix_tokens=16321 suffix_tokens=16 model_ms=938.9 context_ms=65.0 state_ms=190.81 prefix_ms=0.0 suffix_ms=299.5 first_token_ms=1748.2 generation_ms=18141.2 generated=64 generation_tps=3.528
CHILD index=2 mig=fafc828a exit=0 text=3fd8649867d4bb41 role=child prefix_tokens=16321 suffix_tokens=16 model_ms=1269.7 context_ms=162.3 state_ms=354.10 prefix_ms=0.0 suffix_ms=413.1 first_token_ms=2498.8 generation_ms=13285.3 generated=64 generation_tps=4.817
CHILD index=3 mig=31ffbfe4 exit=0 text=3fd8649867d4bb41 role=child prefix_tokens=16321 suffix_tokens=16 model_ms=1160.5 context_ms=171.8 state_ms=392.84 prefix_ms=0.0 suffix_ms=478.5 first_token_ms=2503.6 generation_ms=18269.1 generated=64 generation_tps=3.503
CHILD index=4 mig=fafc828a exit=0 text=3e0fd62f5aa50665 role=child prefix_tokens=16321 suffix_tokens=16 model_ms=1195.0 context_ms=127.0 state_ms=363.59 prefix_ms=0.0 suffix_ms=346.7 first_token_ms=2338.6 generation_ms=13339.7 generated=64 generation_tps=4.798
CHILD index=5 mig=31ffbfe4 exit=0 text=3fd8649867d4bb41 role=child prefix_tokens=16321 suffix_tokens=16 model_ms=1122.8 context_ms=105.0 state_ms=402.04 prefix_ms=0.0 suffix_ms=376.0 first_token_ms=2311.4 generation_ms=18357.4 generated=64 generation_tps=3.486
CHILD index=6 mig=fafc828a exit=0 text=4a8f18b77dbe0332 role=child prefix_tokens=16321 suffix_tokens=16 model_ms=1249.5 context_ms=102.4 state_ms=340.22 prefix_ms=0.0 suffix_ms=369.3 first_token_ms=2366.9 generation_ms=13377.3 generated=64 generation_tps=4.784
CHILD index=7 mig=31ffbfe4 exit=0 text=4a8f18b77dbe0332 role=child prefix_tokens=16321 suffix_tokens=16 model_ms=1144.6 context_ms=166.1 state_ms=388.50 prefix_ms=0.0 suffix_ms=482.2 first_token_ms=2485.5 generation_ms=18269.0 generated=64 generation_tps=3.503
MEMORY mem_available_drop_mib=20246 prefix_pss_mib=0 prefix_rss_mib=0 file_mib=0
END_CASE failed=0 timed_out=0 children_wall_ms=21303
CASE config=mig mode=extent children=8
PARENT mig=fafc828a exit=0 text=c646470e58f73411 prefix_tokens=16321 prefix_ms=19818.0 publish_ms=9.23 state_bytes=261845 suffix_tokens=13 model_ms=591.1 context_ms=36.8 suffix_ms=101.9 first_token_ms=20721.8 generation_ms=8654.2 generated=64 generation_tps=7.395
CHILD index=0 mig=fafc828a exit=0 text=d42c4c07975a6446 role=child prefix_tokens=16321 suffix_tokens=16 model_ms=1267.0 context_ms=38.3 state_ms=7.83 prefix_ms=0.0 suffix_ms=421.5 first_token_ms=2043.4 generation_ms=13630.0 generated=64 generation_tps=4.696
CHILD index=1 mig=31ffbfe4 exit=0 text=3fd8649867d4bb41 role=child prefix_tokens=16321 suffix_tokens=16 model_ms=1193.5 context_ms=49.6 state_ms=49.97 prefix_ms=0.0 suffix_ms=455.6 first_token_ms=2038.7 generation_ms=19058.8 generated=64 generation_tps=3.358
CHILD index=2 mig=fafc828a exit=0 text=3fd8649867d4bb41 role=child prefix_tokens=16321 suffix_tokens=16 model_ms=1187.7 context_ms=47.2 state_ms=7.60 prefix_ms=0.0 suffix_ms=299.3 first_token_ms=1810.4 generation_ms=13783.0 generated=64 generation_tps=4.643
CHILD index=3 mig=31ffbfe4 exit=0 text=3fd8649867d4bb41 role=child prefix_tokens=16321 suffix_tokens=16 model_ms=1233.3 context_ms=40.8 state_ms=7.83 prefix_ms=0.0 suffix_ms=544.5 first_token_ms=2131.0 generation_ms=19025.3 generated=64 generation_tps=3.364
CHILD index=4 mig=fafc828a exit=0 text=3e0fd62f5aa50665 role=child prefix_tokens=16321 suffix_tokens=16 model_ms=1162.2 context_ms=53.6 state_ms=7.67 prefix_ms=0.0 suffix_ms=338.7 first_token_ms=1870.9 generation_ms=13754.8 generated=64 generation_tps=4.653
CHILD index=5 mig=31ffbfe4 exit=0 text=3fd8649867d4bb41 role=child prefix_tokens=16321 suffix_tokens=16 model_ms=1156.8 context_ms=52.1 state_ms=7.26 prefix_ms=0.0 suffix_ms=294.8 first_token_ms=1823.1 generation_ms=19244.0 generated=64 generation_tps=3.326
CHILD index=6 mig=fafc828a exit=0 text=4a8f18b77dbe0332 role=child prefix_tokens=16321 suffix_tokens=16 model_ms=1205.2 context_ms=44.7 state_ms=7.79 prefix_ms=0.0 suffix_ms=357.3 first_token_ms=1905.0 generation_ms=13718.8 generated=64 generation_tps=4.665
CHILD index=7 mig=31ffbfe4 exit=0 text=4a8f18b77dbe0332 role=child prefix_tokens=16321 suffix_tokens=16 model_ms=1157.1 context_ms=50.3 state_ms=7.47 prefix_ms=0.0 suffix_ms=278.4 first_token_ms=1800.0 generation_ms=19257.8 generated=64 generation_tps=3.323
MEMORY mem_available_drop_mib=5845 prefix_pss_mib=892 prefix_rss_mib=7140 file_mib=896
END_CASE failed=0 timed_out=0 children_wall_ms=21605
CASE config=mig_mps mode=copy children=4
PARENT mig=fafc828a exit=0 text=c646470e58f73411 prefix_tokens=16321 prefix_ms=19740.4 publish_ms=554.34 state_bytes=936173269 suffix_tokens=13 model_ms=604.0 context_ms=60.2 suffix_ms=60.3 first_token_ms=21275.5 generation_ms=5998.8 generated=64 generation_tps=10.669
CHILD index=0 mig=fafc828a exit=0 text=d42c4c07975a6446 role=child prefix_tokens=16321 suffix_tokens=16 model_ms=701.7 context_ms=80.4 state_ms=297.10 prefix_ms=0.0 suffix_ms=257.5 first_token_ms=1492.5 generation_ms=6920.2 generated=64 generation_tps=9.248
CHILD index=1 mig=31ffbfe4 exit=0 text=3fd8649867d4bb41 role=child prefix_tokens=16321 suffix_tokens=16 model_ms=678.5 context_ms=84.8 state_ms=220.27 prefix_ms=0.0 suffix_ms=189.6 first_token_ms=1439.1 generation_ms=8448.6 generated=64 generation_tps=7.575
CHILD index=2 mig=fafc828a exit=0 text=3fd8649867d4bb41 role=child prefix_tokens=16321 suffix_tokens=16 model_ms=688.7 context_ms=71.0 state_ms=224.96 prefix_ms=0.0 suffix_ms=223.7 first_token_ms=1376.2 generation_ms=7002.0 generated=64 generation_tps=9.140
CHILD index=3 mig=31ffbfe4 exit=0 text=3fd8649867d4bb41 role=child prefix_tokens=16321 suffix_tokens=16 model_ms=734.1 context_ms=70.5 state_ms=189.45 prefix_ms=0.0 suffix_ms=199.6 first_token_ms=1455.3 generation_ms=8452.1 generated=64 generation_tps=7.572
MEMORY mem_available_drop_mib=10162 prefix_pss_mib=0 prefix_rss_mib=0 file_mib=0
END_CASE failed=0 timed_out=0 children_wall_ms=10322
CASE config=mig_mps mode=extent children=4
PARENT mig=fafc828a exit=0 text=c646470e58f73411 prefix_tokens=16321 prefix_ms=19810.5 publish_ms=9.18 state_bytes=261845 suffix_tokens=13 model_ms=566.8 context_ms=37.3 suffix_ms=107.5 first_token_ms=20666.2 generation_ms=6342.8 generated=64 generation_tps=10.090
CHILD index=0 mig=fafc828a exit=0 text=d42c4c07975a6446 role=child prefix_tokens=16321 suffix_tokens=16 model_ms=739.7 context_ms=36.5 state_ms=7.57 prefix_ms=0.0 suffix_ms=271.9 first_token_ms=1162.7 generation_ms=7296.1 generated=64 generation_tps=8.772
CHILD index=1 mig=31ffbfe4 exit=0 text=3fd8649867d4bb41 role=child prefix_tokens=16321 suffix_tokens=16 model_ms=784.1 context_ms=36.6 state_ms=7.55 prefix_ms=0.0 suffix_ms=171.1 first_token_ms=1146.6 generation_ms=8774.7 generated=64 generation_tps=7.294
CHILD index=2 mig=fafc828a exit=0 text=3fd8649867d4bb41 role=child prefix_tokens=16321 suffix_tokens=16 model_ms=772.8 context_ms=36.9 state_ms=7.54 prefix_ms=0.0 suffix_ms=221.1 first_token_ms=1179.9 generation_ms=7287.2 generated=64 generation_tps=8.783
CHILD index=3 mig=31ffbfe4 exit=0 text=3fd8649867d4bb41 role=child prefix_tokens=16321 suffix_tokens=16 model_ms=823.6 context_ms=37.7 state_ms=7.58 prefix_ms=0.0 suffix_ms=177.3 first_token_ms=1187.7 generation_ms=8713.2 generated=64 generation_tps=7.345
MEMORY mem_available_drop_mib=2943 prefix_pss_mib=892 prefix_rss_mib=3570 file_mib=896
END_CASE failed=0 timed_out=0 children_wall_ms=10348
CASE config=mig_mps mode=copy children=8
PARENT mig=fafc828a exit=0 text=c646470e58f73411 prefix_tokens=16321 prefix_ms=19746.0 publish_ms=539.41 state_bytes=936173269 suffix_tokens=13 model_ms=567.9 context_ms=60.1 suffix_ms=62.5 first_token_ms=21103.1 generation_ms=8644.9 generated=64 generation_tps=7.403
CHILD index=0 mig=fafc828a exit=0 text=d42c4c07975a6446 role=child prefix_tokens=16321 suffix_tokens=16 model_ms=615.3 context_ms=60.7 state_ms=195.73 prefix_ms=0.0 suffix_ms=191.7 first_token_ms=1284.3 generation_ms=11833.3 generated=64 generation_tps=5.408
CHILD index=1 mig=31ffbfe4 exit=0 text=3fd8649867d4bb41 role=child prefix_tokens=16321 suffix_tokens=16 model_ms=1028.0 context_ms=136.8 state_ms=285.95 prefix_ms=0.0 suffix_ms=351.4 first_token_ms=2104.3 generation_ms=16628.7 generated=64 generation_tps=3.849
CHILD index=2 mig=fafc828a exit=0 text=3fd8649867d4bb41 role=child prefix_tokens=16321 suffix_tokens=16 model_ms=1038.7 context_ms=176.0 state_ms=267.60 prefix_ms=0.0 suffix_ms=376.9 first_token_ms=2154.7 generation_ms=11883.5 generated=64 generation_tps=5.386
CHILD index=3 mig=31ffbfe4 exit=0 text=3fd8649867d4bb41 role=child prefix_tokens=16321 suffix_tokens=16 model_ms=1029.0 context_ms=182.3 state_ms=260.72 prefix_ms=0.0 suffix_ms=373.1 first_token_ms=2148.8 generation_ms=16608.2 generated=64 generation_tps=3.854
CHILD index=4 mig=fafc828a exit=0 text=3e0fd62f5aa50665 role=child prefix_tokens=16321 suffix_tokens=16 model_ms=1105.2 context_ms=116.0 state_ms=251.74 prefix_ms=0.0 suffix_ms=383.9 first_token_ms=2162.0 generation_ms=11893.3 generated=64 generation_tps=5.381
CHILD index=5 mig=31ffbfe4 exit=0 text=3fd8649867d4bb41 role=child prefix_tokens=16321 suffix_tokens=16 model_ms=1016.8 context_ms=179.9 state_ms=249.69 prefix_ms=0.0 suffix_ms=359.4 first_token_ms=2113.1 generation_ms=16628.3 generated=64 generation_tps=3.849
CHILD index=6 mig=fafc828a exit=0 text=4a8f18b77dbe0332 role=child prefix_tokens=16321 suffix_tokens=16 model_ms=1079.3 context_ms=127.7 state_ms=255.82 prefix_ms=0.0 suffix_ms=394.6 first_token_ms=2153.9 generation_ms=11831.7 generated=64 generation_tps=5.409
CHILD index=7 mig=31ffbfe4 exit=0 text=4a8f18b77dbe0332 role=child prefix_tokens=16321 suffix_tokens=16 model_ms=933.7 context_ms=65.2 state_ms=432.79 prefix_ms=0.0 suffix_ms=346.5 first_token_ms=2079.1 generation_ms=16608.4 generated=64 generation_tps=3.853
MEMORY mem_available_drop_mib=20152 prefix_pss_mib=0 prefix_rss_mib=0 file_mib=0
END_CASE failed=0 timed_out=0 children_wall_ms=19303
CASE config=mig_mps mode=extent children=8
PARENT mig=fafc828a exit=0 text=c646470e58f73411 prefix_tokens=16321 prefix_ms=19822.7 publish_ms=9.18 state_bytes=261845 suffix_tokens=13 model_ms=572.9 context_ms=37.7 suffix_ms=100.2 first_token_ms=20682.6 generation_ms=8372.8 generated=64 generation_tps=7.644
CHILD index=0 mig=fafc828a exit=0 text=d42c4c07975a6446 role=child prefix_tokens=16321 suffix_tokens=16 model_ms=1041.1 context_ms=40.2 state_ms=7.60 prefix_ms=0.0 suffix_ms=308.7 first_token_ms=1670.3 generation_ms=12411.8 generated=64 generation_tps=5.156
CHILD index=1 mig=31ffbfe4 exit=0 text=3fd8649867d4bb41 role=child prefix_tokens=16321 suffix_tokens=16 model_ms=988.1 context_ms=38.1 state_ms=7.54 prefix_ms=0.0 suffix_ms=267.8 first_token_ms=1544.6 generation_ms=17149.4 generated=64 generation_tps=3.732
CHILD index=2 mig=fafc828a exit=0 text=3fd8649867d4bb41 role=child prefix_tokens=16321 suffix_tokens=16 model_ms=1114.4 context_ms=42.2 state_ms=7.81 prefix_ms=0.0 suffix_ms=351.7 first_token_ms=1803.9 generation_ms=12315.6 generated=64 generation_tps=5.197
CHILD index=3 mig=31ffbfe4 exit=0 text=3fd8649867d4bb41 role=child prefix_tokens=16321 suffix_tokens=16 model_ms=1025.5 context_ms=40.6 state_ms=7.49 prefix_ms=0.0 suffix_ms=504.8 first_token_ms=1880.3 generation_ms=17036.4 generated=64 generation_tps=3.757
CHILD index=4 mig=fafc828a exit=0 text=3e0fd62f5aa50665 role=child prefix_tokens=16321 suffix_tokens=16 model_ms=1029.3 context_ms=41.6 state_ms=7.67 prefix_ms=0.0 suffix_ms=332.3 first_token_ms=1722.3 generation_ms=12351.4 generated=64 generation_tps=5.182
CHILD index=5 mig=31ffbfe4 exit=0 text=3fd8649867d4bb41 role=child prefix_tokens=16321 suffix_tokens=16 model_ms=1051.8 context_ms=42.3 state_ms=7.66 prefix_ms=0.0 suffix_ms=425.3 first_token_ms=1819.2 generation_ms=17074.6 generated=64 generation_tps=3.748
CHILD index=6 mig=fafc828a exit=0 text=4a8f18b77dbe0332 role=child prefix_tokens=16321 suffix_tokens=16 model_ms=1065.9 context_ms=43.2 state_ms=7.62 prefix_ms=0.0 suffix_ms=346.5 first_token_ms=1765.3 generation_ms=12364.5 generated=64 generation_tps=5.176
CHILD index=7 mig=31ffbfe4 exit=0 text=4a8f18b77dbe0332 role=child prefix_tokens=16321 suffix_tokens=16 model_ms=988.7 context_ms=37.0 state_ms=7.60 prefix_ms=0.0 suffix_ms=323.9 first_token_ms=1658.7 generation_ms=17111.8 generated=64 generation_tps=3.740
MEMORY mem_available_drop_mib=5737 prefix_pss_mib=954 prefix_rss_mib=7140 file_mib=896
END_CASE failed=0 timed_out=0 children_wall_ms=19409
END_KVMPS
BEGIN_KVMPS run=4 paragraphs=80 context=8192
REFERENCE who=0 mig=fafc828a text=c762b6e82f144cca
REFERENCE who=1 mig=fafc828a text=5f0f74be36dfb05d
REFERENCE who=1 mig=31ffbfe4 text=a6744d23ffb20e20
REFERENCE who=2 mig=fafc828a text=45d93d75d8c246b5
REFERENCE who=3 mig=fafc828a text=4a8f18b77dbe0332
REFERENCE who=3 mig=31ffbfe4 text=45d93d75d8c246b5
REFERENCE who=4 mig=fafc828a text=46404abc10d87546
REFERENCE who=5 mig=fafc828a text=46404abc10d87546
REFERENCE who=5 mig=31ffbfe4 text=46404abc10d87546
REFERENCE who=6 mig=fafc828a text=46404abc10d87546
REFERENCE who=7 mig=fafc828a text=46404abc10d87546
REFERENCE who=7 mig=31ffbfe4 text=46404abc10d87546
CASE config=mig_mps mode=extent children=4
PARENT mig=fafc828a exit=0 text=8e42d861853d43f0 prefix_tokens=4081 prefix_ms=4379.2 publish_ms=2.40 state_bytes=66005 suffix_tokens=13 model_ms=600.7 context_ms=22.6 suffix_ms=111.0 first_token_ms=5332.1 generation_ms=5846.8 generated=64 generation_tps=10.946
CHILD index=0 mig=fafc828a exit=0 text=c762b6e82f144cca role=child prefix_tokens=4081 suffix_tokens=16 model_ms=743.8 context_ms=23.1 state_ms=2.01 prefix_ms=0.0 suffix_ms=251.3 first_token_ms=1189.2 generation_ms=6646.4 generated=64 generation_tps=9.629
CHILD index=1 mig=31ffbfe4 exit=0 text=3e8e491b5e31337a role=child prefix_tokens=4081 suffix_tokens=16 model_ms=693.3 context_ms=24.3 state_ms=1.81 prefix_ms=0.0 suffix_ms=208.5 first_token_ms=1164.3 generation_ms=8014.4 generated=64 generation_tps=7.986
CHILD index=2 mig=fafc828a exit=0 text=45d93d75d8c246b5 role=child prefix_tokens=4081 suffix_tokens=16 model_ms=666.3 context_ms=24.5 state_ms=1.85 prefix_ms=0.0 suffix_ms=209.5 first_token_ms=1062.1 generation_ms=6751.6 generated=64 generation_tps=9.479
CHILD index=3 mig=31ffbfe4 exit=0 text=3fd8649867d4bb41 role=child prefix_tokens=4081 suffix_tokens=16 model_ms=694.1 context_ms=24.0 state_ms=1.76 prefix_ms=0.0 suffix_ms=177.5 first_token_ms=1141.1 generation_ms=8042.1 generated=64 generation_tps=7.958
MEMORY mem_available_drop_mib=3035 prefix_pss_mib=223 prefix_rss_mib=892 file_mib=224
END_CASE failed=0 timed_out=0 children_wall_ms=9674
CASE config=mig_mps mode=copy children=4
PARENT mig=fafc828a exit=0 text=8e42d861853d43f0 prefix_tokens=4081 prefix_ms=4378.0 publish_ms=228.69 state_bytes=234086869 suffix_tokens=13 model_ms=569.5 context_ms=28.0 suffix_ms=55.6 first_token_ms=5350.2 generation_ms=5439.4 generated=64 generation_tps=11.766
CHILD index=0 mig=fafc828a exit=0 text=c762b6e82f144cca role=child prefix_tokens=4081 suffix_tokens=16 model_ms=757.3 context_ms=28.6 state_ms=92.16 prefix_ms=0.0 suffix_ms=225.7 first_token_ms=1223.7 generation_ms=6341.4 generated=64 generation_tps=10.092
CHILD index=1 mig=31ffbfe4 exit=0 text=3e8e491b5e31337a role=child prefix_tokens=4081 suffix_tokens=16 model_ms=770.2 context_ms=34.2 state_ms=77.00 prefix_ms=0.0 suffix_ms=162.7 first_token_ms=1186.8 generation_ms=7774.0 generated=64 generation_tps=8.233
CHILD index=2 mig=fafc828a exit=0 text=45d93d75d8c246b5 role=child prefix_tokens=4081 suffix_tokens=16 model_ms=765.4 context_ms=29.5 state_ms=88.00 prefix_ms=0.0 suffix_ms=236.8 first_token_ms=1268.1 generation_ms=6318.0 generated=64 generation_tps=10.130
CHILD index=3 mig=31ffbfe4 exit=0 text=3fd8649867d4bb41 role=child prefix_tokens=4081 suffix_tokens=16 model_ms=808.2 context_ms=31.9 state_ms=57.15 prefix_ms=0.0 suffix_ms=187.6 first_token_ms=1228.9 generation_ms=7762.9 generated=64 generation_tps=8.244
MEMORY mem_available_drop_mib=4514 prefix_pss_mib=0 prefix_rss_mib=0 file_mib=0
END_CASE failed=0 timed_out=0 children_wall_ms=9453
CASE config=mig_mps mode=extent children=8
PARENT mig=fafc828a exit=0 text=8e42d861853d43f0 prefix_tokens=4081 prefix_ms=4388.4 publish_ms=3.21 state_bytes=66005 suffix_tokens=13 model_ms=573.1 context_ms=23.0 suffix_ms=96.5 first_token_ms=5178.5 generation_ms=8424.1 generated=64 generation_tps=7.597
CHILD index=0 mig=fafc828a exit=0 text=c762b6e82f144cca role=child prefix_tokens=4081 suffix_tokens=16 model_ms=636.2 context_ms=28.2 state_ms=1.64 prefix_ms=0.0 suffix_ms=192.5 first_token_ms=1070.4 generation_ms=11240.8 generated=64 generation_tps=5.694
CHILD index=1 mig=31ffbfe4 exit=0 text=3e8e491b5e31337a role=child prefix_tokens=4081 suffix_tokens=16 model_ms=1005.2 context_ms=31.7 state_ms=2.07 prefix_ms=0.0 suffix_ms=317.6 first_token_ms=1645.0 generation_ms=15812.7 generated=64 generation_tps=4.047
CHILD index=2 mig=fafc828a exit=0 text=45d93d75d8c246b5 role=child prefix_tokens=4081 suffix_tokens=16 model_ms=997.7 context_ms=32.4 state_ms=2.05 prefix_ms=0.0 suffix_ms=357.7 first_token_ms=1687.8 generation_ms=11313.5 generated=64 generation_tps=5.657
CHILD index=3 mig=31ffbfe4 exit=0 text=3fd8649867d4bb41 role=child prefix_tokens=4081 suffix_tokens=16 model_ms=962.3 context_ms=30.9 state_ms=2.00 prefix_ms=0.0 suffix_ms=278.1 first_token_ms=1581.4 generation_ms=15820.9 generated=64 generation_tps=4.045
CHILD index=4 mig=fafc828a exit=0 text=46404abc10d87546 role=child prefix_tokens=4081 suffix_tokens=16 model_ms=1019.5 context_ms=27.1 state_ms=1.97 prefix_ms=0.0 suffix_ms=362.1 first_token_ms=1705.0 generation_ms=11294.2 generated=64 generation_tps=5.667
CHILD index=5 mig=31ffbfe4 exit=0 text=46404abc10d87546 role=child prefix_tokens=4081 suffix_tokens=16 model_ms=933.6 context_ms=74.6 state_ms=1.80 prefix_ms=0.0 suffix_ms=314.1 first_token_ms=1630.0 generation_ms=15801.5 generated=64 generation_tps=4.050
CHILD index=6 mig=fafc828a exit=0 text=46404abc10d87546 role=child prefix_tokens=4081 suffix_tokens=16 model_ms=960.6 context_ms=66.1 state_ms=2.07 prefix_ms=0.0 suffix_ms=354.3 first_token_ms=1687.1 generation_ms=11313.9 generated=64 generation_tps=5.657
CHILD index=7 mig=31ffbfe4 exit=0 text=46404abc10d87546 role=child prefix_tokens=4081 suffix_tokens=16 model_ms=965.7 context_ms=33.4 state_ms=2.02 prefix_ms=0.0 suffix_ms=501.7 first_token_ms=1794.7 generation_ms=15712.4 generated=64 generation_tps=4.073
MEMORY mem_available_drop_mib=5760 prefix_pss_mib=223 prefix_rss_mib=1785 file_mib=224
END_CASE failed=0 timed_out=0 children_wall_ms=17940
CASE config=mig_mps mode=copy children=8
PARENT mig=fafc828a exit=0 text=8e42d861853d43f0 prefix_tokens=4081 prefix_ms=4381.2 publish_ms=208.24 state_bytes=234086869 suffix_tokens=13 model_ms=569.0 context_ms=28.0 suffix_ms=57.4 first_token_ms=5330.2 generation_ms=7331.7 generated=64 generation_tps=8.729
CHILD index=0 mig=fafc828a exit=0 text=c762b6e82f144cca role=child prefix_tokens=4081 suffix_tokens=16 model_ms=960.1 context_ms=29.7 state_ms=137.99 prefix_ms=0.0 suffix_ms=292.1 first_token_ms=1680.1 generation_ms=10927.7 generated=64 generation_tps=5.857
CHILD index=1 mig=31ffbfe4 exit=0 text=3e8e491b5e31337a role=child prefix_tokens=4081 suffix_tokens=16 model_ms=714.4 context_ms=31.0 state_ms=54.61 prefix_ms=0.0 suffix_ms=117.5 first_token_ms=1137.1 generation_ms=14419.2 generated=64 generation_tps=4.439
CHILD index=2 mig=fafc828a exit=0 text=45d93d75d8c246b5 role=child prefix_tokens=4081 suffix_tokens=16 model_ms=988.9 context_ms=43.2 state_ms=101.99 prefix_ms=0.0 suffix_ms=323.3 first_token_ms=1749.3 generation_ms=10944.0 generated=64 generation_tps=5.848
CHILD index=3 mig=31ffbfe4 exit=0 text=3fd8649867d4bb41 role=child prefix_tokens=4081 suffix_tokens=16 model_ms=1020.2 context_ms=40.1 state_ms=113.67 prefix_ms=0.0 suffix_ms=402.2 first_token_ms=1884.9 generation_ms=14980.6 generated=64 generation_tps=4.272
CHILD index=4 mig=fafc828a exit=0 text=46404abc10d87546 role=child prefix_tokens=4081 suffix_tokens=16 model_ms=1026.1 context_ms=36.0 state_ms=96.74 prefix_ms=0.0 suffix_ms=324.2 first_token_ms=1774.1 generation_ms=10907.6 generated=64 generation_tps=5.867
CHILD index=5 mig=31ffbfe4 exit=0 text=46404abc10d87546 role=child prefix_tokens=4081 suffix_tokens=16 model_ms=979.1 context_ms=50.6 state_ms=124.24 prefix_ms=0.0 suffix_ms=416.2 first_token_ms=1866.6 generation_ms=15000.0 generated=64 generation_tps=4.267
CHILD index=6 mig=fafc828a exit=0 text=46404abc10d87546 role=child prefix_tokens=4081 suffix_tokens=16 model_ms=978.0 context_ms=39.6 state_ms=104.02 prefix_ms=0.0 suffix_ms=320.1 first_token_ms=1735.7 generation_ms=10914.7 generated=64 generation_tps=5.864
CHILD index=7 mig=31ffbfe4 exit=0 text=46404abc10d87546 role=child prefix_tokens=4081 suffix_tokens=16 model_ms=994.8 context_ms=35.7 state_ms=119.30 prefix_ms=0.0 suffix_ms=412.1 first_token_ms=1853.4 generation_ms=14974.9 generated=64 generation_tps=4.274
MEMORY mem_available_drop_mib=9001 prefix_pss_mib=0 prefix_rss_mib=0 file_mib=0
END_CASE failed=0 timed_out=0 children_wall_ms=17363
CASE config=mig mode=extent children=4
PARENT mig=fafc828a exit=0 text=8e42d861853d43f0 prefix_tokens=4081 prefix_ms=4378.0 publish_ms=3.06 state_bytes=66005 suffix_tokens=13 model_ms=589.2 context_ms=23.7 suffix_ms=102.8 first_token_ms=5191.8 generation_ms=6143.3 generated=64 generation_tps=10.418
CHILD index=0 mig=fafc828a exit=0 text=c762b6e82f144cca role=child prefix_tokens=4081 suffix_tokens=16 model_ms=855.1 context_ms=25.1 state_ms=1.83 prefix_ms=0.0 suffix_ms=306.3 first_token_ms=1335.9 generation_ms=7270.3 generated=64 generation_tps=8.803
CHILD index=1 mig=31ffbfe4 exit=0 text=3e8e491b5e31337a role=child prefix_tokens=4081 suffix_tokens=16 model_ms=656.1 context_ms=67.2 state_ms=2.13 prefix_ms=0.0 suffix_ms=130.4 first_token_ms=963.1 generation_ms=8766.0 generated=64 generation_tps=7.301
CHILD index=2 mig=fafc828a exit=0 text=45d93d75d8c246b5 role=child prefix_tokens=4081 suffix_tokens=16 model_ms=881.4 context_ms=24.4 state_ms=1.84 prefix_ms=0.0 suffix_ms=212.9 first_token_ms=1264.0 generation_ms=7300.9 generated=64 generation_tps=8.766
CHILD index=3 mig=31ffbfe4 exit=0 text=3fd8649867d4bb41 role=child prefix_tokens=4081 suffix_tokens=16 model_ms=776.6 context_ms=23.9 state_ms=1.90 prefix_ms=0.0 suffix_ms=227.5 first_token_ms=1169.6 generation_ms=8691.8 generated=64 generation_tps=7.363
MEMORY mem_available_drop_mib=3030 prefix_pss_mib=223 prefix_rss_mib=892 file_mib=224
END_CASE failed=0 timed_out=0 children_wall_ms=10283
CASE config=mig mode=copy children=4
PARENT mig=fafc828a exit=0 text=8e42d861853d43f0 prefix_tokens=4081 prefix_ms=4376.1 publish_ms=226.77 state_bytes=234086869 suffix_tokens=13 model_ms=591.9 context_ms=28.8 suffix_ms=56.1 first_token_ms=5380.1 generation_ms=5887.8 generated=64 generation_tps=10.870
CHILD index=0 mig=fafc828a exit=0 text=c762b6e82f144cca role=child prefix_tokens=4081 suffix_tokens=16 model_ms=804.9 context_ms=31.5 state_ms=122.63 prefix_ms=0.0 suffix_ms=176.2 first_token_ms=1262.3 generation_ms=7078.6 generated=64 generation_tps=9.041
CHILD index=1 mig=31ffbfe4 exit=0 text=3e8e491b5e31337a role=child prefix_tokens=4081 suffix_tokens=16 model_ms=870.5 context_ms=30.0 state_ms=78.02 prefix_ms=0.0 suffix_ms=197.5 first_token_ms=1318.3 generation_ms=8671.0 generated=64 generation_tps=7.381
CHILD index=2 mig=fafc828a exit=0 text=45d93d75d8c246b5 role=child prefix_tokens=4081 suffix_tokens=16 model_ms=914.8 context_ms=35.0 state_ms=197.32 prefix_ms=0.0 suffix_ms=271.5 first_token_ms=1565.1 generation_ms=6886.7 generated=64 generation_tps=9.293
CHILD index=3 mig=31ffbfe4 exit=0 text=3fd8649867d4bb41 role=child prefix_tokens=4081 suffix_tokens=16 model_ms=878.6 context_ms=31.1 state_ms=63.23 prefix_ms=0.0 suffix_ms=203.0 first_token_ms=1316.8 generation_ms=8681.1 generated=64 generation_tps=7.372
MEMORY mem_available_drop_mib=4630 prefix_pss_mib=0 prefix_rss_mib=0 file_mib=0
END_CASE failed=0 timed_out=0 children_wall_ms=10426
CASE config=mig mode=extent children=8
PARENT mig=fafc828a exit=0 text=8e42d861853d43f0 prefix_tokens=4081 prefix_ms=4383.2 publish_ms=2.39 state_bytes=66005 suffix_tokens=13 model_ms=587.3 context_ms=23.1 suffix_ms=97.0 first_token_ms=5212.2 generation_ms=8309.7 generated=64 generation_tps=7.702
CHILD index=0 mig=fafc828a exit=0 text=c762b6e82f144cca role=child prefix_tokens=4081 suffix_tokens=16 model_ms=1093.6 context_ms=24.0 state_ms=1.62 prefix_ms=0.0 suffix_ms=168.4 first_token_ms=1539.4 generation_ms=12756.7 generated=64 generation_tps=5.017
CHILD index=1 mig=31ffbfe4 exit=0 text=3e8e491b5e31337a role=child prefix_tokens=4081 suffix_tokens=16 model_ms=1156.8 context_ms=25.7 state_ms=1.99 prefix_ms=0.0 suffix_ms=312.1 first_token_ms=1782.3 generation_ms=17733.0 generated=64 generation_tps=3.609
CHILD index=2 mig=fafc828a exit=0 text=45d93d75d8c246b5 role=child prefix_tokens=4081 suffix_tokens=16 model_ms=1171.5 context_ms=25.2 state_ms=1.85 prefix_ms=0.0 suffix_ms=322.3 first_token_ms=1811.4 generation_ms=12663.1 generated=64 generation_tps=5.054
CHILD index=3 mig=31ffbfe4 exit=0 text=3fd8649867d4bb41 role=child prefix_tokens=4081 suffix_tokens=16 model_ms=1193.7 context_ms=24.8 state_ms=2.01 prefix_ms=0.0 suffix_ms=399.4 first_token_ms=1921.5 generation_ms=17602.8 generated=64 generation_tps=3.636
CHILD index=4 mig=fafc828a exit=0 text=46404abc10d87546 role=child prefix_tokens=4081 suffix_tokens=16 model_ms=1162.8 context_ms=23.9 state_ms=2.01 prefix_ms=0.0 suffix_ms=339.1 first_token_ms=1828.7 generation_ms=12673.0 generated=64 generation_tps=5.050
CHILD index=5 mig=31ffbfe4 exit=0 text=46404abc10d87546 role=child prefix_tokens=4081 suffix_tokens=16 model_ms=1162.4 context_ms=27.7 state_ms=1.72 prefix_ms=0.0 suffix_ms=353.4 first_token_ms=1841.2 generation_ms=17651.8 generated=64 generation_tps=3.626
CHILD index=6 mig=fafc828a exit=0 text=46404abc10d87546 role=child prefix_tokens=4081 suffix_tokens=16 model_ms=1220.4 context_ms=25.8 state_ms=1.93 prefix_ms=0.0 suffix_ms=361.2 first_token_ms=1891.2 generation_ms=12616.2 generated=64 generation_tps=5.073
CHILD index=7 mig=31ffbfe4 exit=0 text=46404abc10d87546 role=child prefix_tokens=4081 suffix_tokens=16 model_ms=1065.8 context_ms=22.5 state_ms=1.96 prefix_ms=0.0 suffix_ms=174.1 first_token_ms=1546.8 generation_ms=17683.0 generated=64 generation_tps=3.619
MEMORY mem_available_drop_mib=5665 prefix_pss_mib=231 prefix_rss_mib=1785 file_mib=224
END_CASE failed=0 timed_out=0 children_wall_ms=19976
CASE config=mig mode=copy children=8
PARENT mig=fafc828a exit=0 text=8e42d861853d43f0 prefix_tokens=4081 prefix_ms=4374.3 publish_ms=206.48 state_bytes=234086869 suffix_tokens=13 model_ms=599.6 context_ms=29.0 suffix_ms=56.7 first_token_ms=5371.1 generation_ms=7806.7 generated=64 generation_tps=8.198
CHILD index=0 mig=fafc828a exit=0 text=c762b6e82f144cca role=child prefix_tokens=4081 suffix_tokens=16 model_ms=930.2 context_ms=32.3 state_ms=133.29 prefix_ms=0.0 suffix_ms=168.0 first_token_ms=1503.0 generation_ms=12133.7 generated=64 generation_tps=5.275
CHILD index=1 mig=31ffbfe4 exit=0 text=3e8e491b5e31337a role=child prefix_tokens=4081 suffix_tokens=16 model_ms=1203.6 context_ms=48.4 state_ms=143.41 prefix_ms=0.0 suffix_ms=427.3 first_token_ms=2114.1 generation_ms=17107.7 generated=64 generation_tps=3.741
CHILD index=2 mig=fafc828a exit=0 text=45d93d75d8c246b5 role=child prefix_tokens=4081 suffix_tokens=16 model_ms=1170.5 context_ms=33.6 state_ms=236.58 prefix_ms=0.0 suffix_ms=299.0 first_token_ms=2009.2 generation_ms=12164.2 generated=64 generation_tps=5.261
CHILD index=3 mig=31ffbfe4 exit=0 text=3fd8649867d4bb41 role=child prefix_tokens=4081 suffix_tokens=16 model_ms=1212.0 context_ms=48.5 state_ms=143.48 prefix_ms=0.0 suffix_ms=431.7 first_token_ms=2132.0 generation_ms=17092.1 generated=64 generation_tps=3.744
CHILD index=4 mig=fafc828a exit=0 text=46404abc10d87546 role=child prefix_tokens=4081 suffix_tokens=16 model_ms=1200.1 context_ms=53.5 state_ms=255.14 prefix_ms=0.0 suffix_ms=369.3 first_token_ms=2169.8 generation_ms=12075.2 generated=64 generation_tps=5.300
CHILD index=5 mig=31ffbfe4 exit=0 text=46404abc10d87546 role=child prefix_tokens=4081 suffix_tokens=16 model_ms=1195.1 context_ms=51.3 state_ms=139.96 prefix_ms=0.0 suffix_ms=438.0 first_token_ms=2123.1 generation_ms=17060.4 generated=64 generation_tps=3.751
CHILD index=6 mig=fafc828a exit=0 text=46404abc10d87546 role=child prefix_tokens=4081 suffix_tokens=16 model_ms=1219.5 context_ms=43.1 state_ms=251.44 prefix_ms=0.0 suffix_ms=378.9 first_token_ms=2189.0 generation_ms=12059.8 generated=64 generation_tps=5.307
CHILD index=7 mig=31ffbfe4 exit=0 text=46404abc10d87546 role=child prefix_tokens=4081 suffix_tokens=16 model_ms=1070.0 context_ms=29.5 state_ms=74.28 prefix_ms=0.0 suffix_ms=163.8 first_token_ms=1635.4 generation_ms=16938.2 generated=64 generation_tps=3.778
MEMORY mem_available_drop_mib=9097 prefix_pss_mib=0 prefix_rss_mib=0 file_mib=0
END_CASE failed=0 timed_out=0 children_wall_ms=19693
CASE config=mps mode=extent children=4
PARENT mig=fafc828a exit=0 text=8e42d861853d43f0 prefix_tokens=4081 prefix_ms=4384.2 publish_ms=2.67 state_bytes=66005 suffix_tokens=13 model_ms=613.2 context_ms=22.4 suffix_ms=104.6 first_token_ms=5357.3 generation_ms=8296.0 generated=64 generation_tps=7.715
CHILD index=0 mig=fafc828a exit=0 text=c762b6e82f144cca role=child prefix_tokens=4081 suffix_tokens=16 model_ms=793.0 context_ms=27.3 state_ms=1.83 prefix_ms=0.0 suffix_ms=352.1 first_token_ms=1355.1 generation_ms=10829.0 generated=64 generation_tps=5.910
CHILD index=1 mig=fafc828a exit=0 text=5f0f74be36dfb05d role=child prefix_tokens=4081 suffix_tokens=16 model_ms=830.4 context_ms=63.5 state_ms=2.02 prefix_ms=0.0 suffix_ms=341.9 first_token_ms=1428.0 generation_ms=10771.7 generated=64 generation_tps=5.941
CHILD index=2 mig=fafc828a exit=0 text=45d93d75d8c246b5 role=child prefix_tokens=4081 suffix_tokens=16 model_ms=787.0 context_ms=24.9 state_ms=2.09 prefix_ms=0.0 suffix_ms=281.2 first_token_ms=1289.3 generation_ms=10851.8 generated=64 generation_tps=5.898
CHILD index=3 mig=fafc828a exit=0 text=4a8f18b77dbe0332 role=child prefix_tokens=4081 suffix_tokens=16 model_ms=779.7 context_ms=27.8 state_ms=1.68 prefix_ms=0.0 suffix_ms=282.5 first_token_ms=1275.0 generation_ms=10840.7 generated=64 generation_tps=5.904
MEMORY mem_available_drop_mib=2913 prefix_pss_mib=223 prefix_rss_mib=892 file_mib=224
END_CASE failed=0 timed_out=0 children_wall_ms=12649
CASE config=mps mode=copy children=4
PARENT mig=fafc828a exit=0 text=8e42d861853d43f0 prefix_tokens=4081 prefix_ms=4378.2 publish_ms=202.65 state_bytes=234086869 suffix_tokens=13 model_ms=565.6 context_ms=28.3 suffix_ms=55.4 first_token_ms=5312.1 generation_ms=8097.0 generated=64 generation_tps=7.904
CHILD index=0 mig=fafc828a exit=0 text=c762b6e82f144cca role=child prefix_tokens=4081 suffix_tokens=16 model_ms=794.2 context_ms=41.7 state_ms=92.22 prefix_ms=0.0 suffix_ms=288.2 first_token_ms=1334.4 generation_ms=10775.7 generated=64 generation_tps=5.939
CHILD index=1 mig=fafc828a exit=0 text=5f0f74be36dfb05d role=child prefix_tokens=4081 suffix_tokens=16 model_ms=774.5 context_ms=34.6 state_ms=88.67 prefix_ms=0.0 suffix_ms=287.4 first_token_ms=1320.4 generation_ms=10787.0 generated=64 generation_tps=5.933
CHILD index=2 mig=fafc828a exit=0 text=45d93d75d8c246b5 role=child prefix_tokens=4081 suffix_tokens=16 model_ms=788.5 context_ms=31.7 state_ms=83.81 prefix_ms=0.0 suffix_ms=312.1 first_token_ms=1365.2 generation_ms=10765.1 generated=64 generation_tps=5.945
CHILD index=3 mig=fafc828a exit=0 text=4a8f18b77dbe0332 role=child prefix_tokens=4081 suffix_tokens=16 model_ms=801.8 context_ms=29.9 state_ms=84.12 prefix_ms=0.0 suffix_ms=310.0 first_token_ms=1376.2 generation_ms=10759.6 generated=64 generation_tps=5.948
MEMORY mem_available_drop_mib=4509 prefix_pss_mib=0 prefix_rss_mib=0 file_mib=0
END_CASE failed=0 timed_out=0 children_wall_ms=12638
CASE config=mps mode=extent children=8
PARENT mig=fafc828a exit=0 text=8e42d861853d43f0 prefix_tokens=4081 prefix_ms=4388.6 publish_ms=3.09 state_bytes=66005 suffix_tokens=13 model_ms=573.3 context_ms=23.6 suffix_ms=105.6 first_token_ms=5194.1 generation_ms=13856.6 generated=64 generation_tps=4.619
CHILD index=0 mig=fafc828a exit=0 text=c762b6e82f144cca role=child prefix_tokens=4081 suffix_tokens=16 model_ms=684.9 context_ms=23.8 state_ms=1.96 prefix_ms=0.0 suffix_ms=211.7 first_token_ms=1129.7 generation_ms=19566.7 generated=64 generation_tps=3.271
CHILD index=1 mig=fafc828a exit=0 text=5f0f74be36dfb05d role=child prefix_tokens=4081 suffix_tokens=16 model_ms=905.9 context_ms=23.1 state_ms=2.02 prefix_ms=0.0 suffix_ms=388.5 first_token_ms=1593.2 generation_ms=20074.8 generated=64 generation_tps=3.188
CHILD index=2 mig=fafc828a exit=0 text=45d93d75d8c246b5 role=child prefix_tokens=4081 suffix_tokens=16 model_ms=997.5 context_ms=23.7 state_ms=2.03 prefix_ms=0.0 suffix_ms=467.3 first_token_ms=1732.7 generation_ms=20120.8 generated=64 generation_tps=3.181
CHILD index=3 mig=fafc828a exit=0 text=4a8f18b77dbe0332 role=child prefix_tokens=4081 suffix_tokens=16 model_ms=1026.7 context_ms=25.3 state_ms=1.80 prefix_ms=0.0 suffix_ms=516.6 first_token_ms=1860.2 generation_ms=20070.8 generated=64 generation_tps=3.189
CHILD index=4 mig=fafc828a exit=0 text=46404abc10d87546 role=child prefix_tokens=4081 suffix_tokens=16 model_ms=1002.1 context_ms=29.2 state_ms=1.93 prefix_ms=0.0 suffix_ms=509.8 first_token_ms=1839.9 generation_ms=20067.7 generated=64 generation_tps=3.189
CHILD index=5 mig=fafc828a exit=0 text=46404abc10d87546 role=child prefix_tokens=4081 suffix_tokens=16 model_ms=989.3 context_ms=29.6 state_ms=1.79 prefix_ms=0.0 suffix_ms=505.5 first_token_ms=1822.2 generation_ms=20077.0 generated=64 generation_tps=3.188
CHILD index=6 mig=fafc828a exit=0 text=46404abc10d87546 role=child prefix_tokens=4081 suffix_tokens=16 model_ms=1077.4 context_ms=23.2 state_ms=1.96 prefix_ms=0.0 suffix_ms=578.8 first_token_ms=1964.3 generation_ms=19981.7 generated=64 generation_tps=3.203
CHILD index=7 mig=fafc828a exit=0 text=46404abc10d87546 role=child prefix_tokens=4081 suffix_tokens=16 model_ms=1013.7 context_ms=23.7 state_ms=1.94 prefix_ms=0.0 suffix_ms=514.0 first_token_ms=1842.3 generation_ms=20069.3 generated=64 generation_tps=3.189
MEMORY mem_available_drop_mib=5683 prefix_pss_mib=223 prefix_rss_mib=1785 file_mib=224
END_CASE failed=0 timed_out=0 children_wall_ms=22491
CASE config=mps mode=copy children=8
PARENT mig=fafc828a exit=0 text=8e42d861853d43f0 prefix_tokens=4081 prefix_ms=4379.1 publish_ms=214.44 state_bytes=234086869 suffix_tokens=13 model_ms=567.9 context_ms=28.5 suffix_ms=57.1 first_token_ms=5353.3 generation_ms=11334.2 generated=64 generation_tps=5.647
CHILD index=0 mig=fafc828a exit=0 text=c762b6e82f144cca role=child prefix_tokens=4081 suffix_tokens=16 model_ms=987.5 context_ms=31.0 state_ms=94.17 prefix_ms=0.0 suffix_ms=321.2 first_token_ms=1684.2 generation_ms=19871.3 generated=64 generation_tps=3.221
CHILD index=1 mig=fafc828a exit=0 text=5f0f74be36dfb05d role=child prefix_tokens=4081 suffix_tokens=16 model_ms=1019.2 context_ms=63.8 state_ms=123.76 prefix_ms=0.0 suffix_ms=489.9 first_token_ms=2004.9 generation_ms=19972.5 generated=64 generation_tps=3.204
CHILD index=2 mig=fafc828a exit=0 text=45d93d75d8c246b5 role=child prefix_tokens=4081 suffix_tokens=16 model_ms=1027.9 context_ms=54.0 state_ms=131.49 prefix_ms=0.0 suffix_ms=516.7 first_token_ms=2031.8 generation_ms=19924.2 generated=64 generation_tps=3.212
CHILD index=3 mig=fafc828a exit=0 text=4a8f18b77dbe0332 role=child prefix_tokens=4081 suffix_tokens=16 model_ms=1073.5 context_ms=55.3 state_ms=99.85 prefix_ms=0.0 suffix_ms=509.4 first_token_ms=2021.9 generation_ms=19947.9 generated=64 generation_tps=3.208
CHILD index=4 mig=fafc828a exit=0 text=46404abc10d87546 role=child prefix_tokens=4081 suffix_tokens=16 model_ms=1016.9 context_ms=63.2 state_ms=122.28 prefix_ms=0.0 suffix_ms=516.5 first_token_ms=2019.1 generation_ms=19935.8 generated=64 generation_tps=3.210
CHILD index=5 mig=fafc828a exit=0 text=46404abc10d87546 role=child prefix_tokens=4081 suffix_tokens=16 model_ms=1040.6 context_ms=48.0 state_ms=110.09 prefix_ms=0.0 suffix_ms=486.2 first_token_ms=1990.5 generation_ms=19962.0 generated=64 generation_tps=3.206
CHILD index=6 mig=fafc828a exit=0 text=46404abc10d87546 role=child prefix_tokens=4081 suffix_tokens=16 model_ms=1006.9 context_ms=48.6 state_ms=140.56 prefix_ms=0.0 suffix_ms=503.5 first_token_ms=2002.3 generation_ms=19933.8 generated=64 generation_tps=3.211
CHILD index=7 mig=fafc828a exit=0 text=46404abc10d87546 role=child prefix_tokens=4081 suffix_tokens=16 model_ms=1058.1 context_ms=47.3 state_ms=104.59 prefix_ms=0.0 suffix_ms=504.2 first_token_ms=2003.4 generation_ms=19924.8 generated=64 generation_tps=3.212
MEMORY mem_available_drop_mib=9039 prefix_pss_mib=0 prefix_rss_mib=0 file_mib=0
END_CASE failed=0 timed_out=0 children_wall_ms=22617
CASE config=timeslice mode=extent children=4
PARENT mig=fafc828a exit=0 text=8e42d861853d43f0 prefix_tokens=4081 prefix_ms=4390.0 publish_ms=3.20 state_bytes=66005 suffix_tokens=13 model_ms=599.1 context_ms=23.0 suffix_ms=122.3 first_token_ms=5238.7 generation_ms=9253.5 generated=64 generation_tps=6.916
CHILD index=0 mig=fafc828a exit=0 text=c762b6e82f144cca role=child prefix_tokens=4081 suffix_tokens=16 model_ms=818.5 context_ms=23.8 state_ms=1.89 prefix_ms=0.0 suffix_ms=326.4 first_token_ms=1293.7 generation_ms=12223.7 generated=64 generation_tps=5.236
CHILD index=1 mig=fafc828a exit=0 text=5f0f74be36dfb05d role=child prefix_tokens=4081 suffix_tokens=16 model_ms=968.6 context_ms=24.4 state_ms=1.79 prefix_ms=0.0 suffix_ms=319.3 first_token_ms=1456.1 generation_ms=12160.0 generated=64 generation_tps=5.263
CHILD index=2 mig=fafc828a exit=0 text=45d93d75d8c246b5 role=child prefix_tokens=4081 suffix_tokens=16 model_ms=857.9 context_ms=23.2 state_ms=1.80 prefix_ms=0.0 suffix_ms=213.7 first_token_ms=1230.6 generation_ms=12231.1 generated=64 generation_tps=5.233
CHILD index=3 mig=fafc828a exit=0 text=4a8f18b77dbe0332 role=child prefix_tokens=4081 suffix_tokens=16 model_ms=946.2 context_ms=24.1 state_ms=1.82 prefix_ms=0.0 suffix_ms=404.8 first_token_ms=1514.5 generation_ms=12108.5 generated=64 generation_tps=5.286
MEMORY mem_available_drop_mib=2926 prefix_pss_mib=223 prefix_rss_mib=892 file_mib=224
END_CASE failed=0 timed_out=0 children_wall_ms=14129
CASE config=timeslice mode=copy children=4
PARENT mig=fafc828a exit=0 text=8e42d861853d43f0 prefix_tokens=4081 prefix_ms=4382.4 publish_ms=203.47 state_bytes=234086869 suffix_tokens=13 model_ms=592.5 context_ms=28.6 suffix_ms=55.5 first_token_ms=5373.6 generation_ms=8587.1 generated=64 generation_tps=7.453
CHILD index=0 mig=fafc828a exit=0 text=c762b6e82f144cca role=child prefix_tokens=4081 suffix_tokens=16 model_ms=844.1 context_ms=29.0 state_ms=148.35 prefix_ms=0.0 suffix_ms=231.5 first_token_ms=1386.6 generation_ms=12053.0 generated=64 generation_tps=5.310
CHILD index=1 mig=fafc828a exit=0 text=5f0f74be36dfb05d role=child prefix_tokens=4081 suffix_tokens=16 model_ms=898.5 context_ms=34.6 state_ms=159.95 prefix_ms=0.0 suffix_ms=374.4 first_token_ms=1616.0 generation_ms=11988.5 generated=64 generation_tps=5.338
CHILD index=2 mig=fafc828a exit=0 text=45d93d75d8c246b5 role=child prefix_tokens=4081 suffix_tokens=16 model_ms=895.0 context_ms=36.7 state_ms=156.17 prefix_ms=0.0 suffix_ms=371.2 first_token_ms=1605.4 generation_ms=11979.4 generated=64 generation_tps=5.343
CHILD index=3 mig=fafc828a exit=0 text=4a8f18b77dbe0332 role=child prefix_tokens=4081 suffix_tokens=16 model_ms=896.8 context_ms=36.4 state_ms=152.46 prefix_ms=0.0 suffix_ms=374.8 first_token_ms=1608.2 generation_ms=11995.3 generated=64 generation_tps=5.335
MEMORY mem_available_drop_mib=4566 prefix_pss_mib=0 prefix_rss_mib=0 file_mib=0
END_CASE failed=0 timed_out=0 children_wall_ms=14044
CASE config=timeslice mode=extent children=8
PARENT mig=fafc828a exit=0 text=8e42d861853d43f0 prefix_tokens=4081 prefix_ms=4378.7 publish_ms=3.11 state_bytes=66005 suffix_tokens=13 model_ms=587.6 context_ms=23.0 suffix_ms=109.9 first_token_ms=5223.6 generation_ms=14085.2 generated=64 generation_tps=4.544
CHILD index=0 mig=fafc828a exit=0 text=c762b6e82f144cca role=child prefix_tokens=4081 suffix_tokens=16 model_ms=888.9 context_ms=23.9 state_ms=1.79 prefix_ms=0.0 suffix_ms=202.6 first_token_ms=1356.8 generation_ms=22104.6 generated=64 generation_tps=2.895
CHILD index=1 mig=fafc828a exit=0 text=5f0f74be36dfb05d role=child prefix_tokens=4081 suffix_tokens=16 model_ms=1131.6 context_ms=24.2 state_ms=1.99 prefix_ms=0.0 suffix_ms=386.1 first_token_ms=1836.4 generation_ms=22593.1 generated=64 generation_tps=2.833
CHILD index=2 mig=fafc828a exit=0 text=45d93d75d8c246b5 role=child prefix_tokens=4081 suffix_tokens=16 model_ms=1228.6 context_ms=23.2 state_ms=2.05 prefix_ms=0.0 suffix_ms=543.3 first_token_ms=2072.4 generation_ms=22557.1 generated=64 generation_tps=2.837
CHILD index=3 mig=fafc828a exit=0 text=4a8f18b77dbe0332 role=child prefix_tokens=4081 suffix_tokens=16 model_ms=1197.1 context_ms=26.8 state_ms=1.97 prefix_ms=0.0 suffix_ms=585.2 first_token_ms=2115.6 generation_ms=22558.9 generated=64 generation_tps=2.837
CHILD index=4 mig=fafc828a exit=0 text=46404abc10d87546 role=child prefix_tokens=4081 suffix_tokens=16 model_ms=1208.0 context_ms=28.1 state_ms=1.82 prefix_ms=0.0 suffix_ms=575.2 first_token_ms=2105.6 generation_ms=22554.3 generated=64 generation_tps=2.838
CHILD index=5 mig=fafc828a exit=0 text=46404abc10d87546 role=child prefix_tokens=4081 suffix_tokens=16 model_ms=1176.1 context_ms=29.1 state_ms=1.79 prefix_ms=0.0 suffix_ms=521.4 first_token_ms=2028.0 generation_ms=22578.3 generated=64 generation_tps=2.835
CHILD index=6 mig=fafc828a exit=0 text=46404abc10d87546 role=child prefix_tokens=4081 suffix_tokens=16 model_ms=1219.7 context_ms=23.8 state_ms=1.78 prefix_ms=0.0 suffix_ms=604.7 first_token_ms=2153.7 generation_ms=22524.9 generated=64 generation_tps=2.841
CHILD index=7 mig=fafc828a exit=0 text=46404abc10d87546 role=child prefix_tokens=4081 suffix_tokens=16 model_ms=1171.7 context_ms=25.2 state_ms=1.78 prefix_ms=0.0 suffix_ms=610.7 first_token_ms=2097.3 generation_ms=22537.6 generated=64 generation_tps=2.840
MEMORY mem_available_drop_mib=5748 prefix_pss_mib=234 prefix_rss_mib=1785 file_mib=224
END_CASE failed=0 timed_out=0 children_wall_ms=25214
CASE config=timeslice mode=copy children=8
PARENT mig=fafc828a exit=0 text=8e42d861853d43f0 prefix_tokens=4081 prefix_ms=4380.0 publish_ms=218.60 state_bytes=234086869 suffix_tokens=13 model_ms=602.8 context_ms=28.2 suffix_ms=57.8 first_token_ms=5408.8 generation_ms=13368.1 generated=64 generation_tps=4.788
CHILD index=0 mig=fafc828a exit=0 text=c762b6e82f144cca role=child prefix_tokens=4081 suffix_tokens=16 model_ms=783.5 context_ms=30.0 state_ms=134.53 prefix_ms=0.0 suffix_ms=156.9 first_token_ms=1315.9 generation_ms=21524.6 generated=64 generation_tps=2.973
CHILD index=1 mig=fafc828a exit=0 text=5f0f74be36dfb05d role=child prefix_tokens=4081 suffix_tokens=16 model_ms=1163.4 context_ms=39.6 state_ms=260.27 prefix_ms=0.0 suffix_ms=530.0 first_token_ms=2264.3 generation_ms=22255.0 generated=64 generation_tps=2.876
CHILD index=2 mig=fafc828a exit=0 text=45d93d75d8c246b5 role=child prefix_tokens=4081 suffix_tokens=16 model_ms=1156.1 context_ms=43.2 state_ms=253.02 prefix_ms=0.0 suffix_ms=564.2 first_token_ms=2309.5 generation_ms=22295.7 generated=64 generation_tps=2.871
CHILD index=3 mig=fafc828a exit=0 text=4a8f18b77dbe0332 role=child prefix_tokens=4081 suffix_tokens=16 model_ms=1148.1 context_ms=41.5 state_ms=252.91 prefix_ms=0.0 suffix_ms=575.6 first_token_ms=2318.7 generation_ms=22282.3 generated=64 generation_tps=2.872
CHILD index=4 mig=fafc828a exit=0 text=46404abc10d87546 role=child prefix_tokens=4081 suffix_tokens=16 model_ms=1189.8 context_ms=35.7 state_ms=262.36 prefix_ms=0.0 suffix_ms=598.3 first_token_ms=2381.0 generation_ms=22258.9 generated=64 generation_tps=2.875
CHILD index=5 mig=fafc828a exit=0 text=46404abc10d87546 role=child prefix_tokens=4081 suffix_tokens=16 model_ms=1192.8 context_ms=39.7 state_ms=273.51 prefix_ms=0.0 suffix_ms=600.6 first_token_ms=2391.9 generation_ms=22246.6 generated=64 generation_tps=2.877
CHILD index=6 mig=fafc828a exit=0 text=46404abc10d87546 role=child prefix_tokens=4081 suffix_tokens=16 model_ms=1156.4 context_ms=47.7 state_ms=250.20 prefix_ms=0.0 suffix_ms=580.5 first_token_ms=2315.7 generation_ms=22292.5 generated=64 generation_tps=2.871
CHILD index=7 mig=fafc828a exit=0 text=46404abc10d87546 role=child prefix_tokens=4081 suffix_tokens=16 model_ms=1050.6 context_ms=34.3 state_ms=250.77 prefix_ms=0.0 suffix_ms=407.2 first_token_ms=2038.6 generation_ms=22360.2 generated=64 generation_tps=2.862
MEMORY mem_available_drop_mib=9169 prefix_pss_mib=0 prefix_rss_mib=0 file_mib=0
END_CASE failed=0 timed_out=0 children_wall_ms=25197
END_KVMPS
BEGIN_KVMPS run=4 paragraphs=320 context=32768
REFERENCE who=0 mig=fafc828a text=d42c4c07975a6446
REFERENCE who=1 mig=fafc828a text=3fd8649867d4bb41
REFERENCE who=1 mig=31ffbfe4 text=3fd8649867d4bb41
REFERENCE who=2 mig=fafc828a text=3fd8649867d4bb41
REFERENCE who=3 mig=fafc828a text=3fd8649867d4bb41
REFERENCE who=3 mig=31ffbfe4 text=3e0fd62f5aa50665
REFERENCE who=4 mig=fafc828a text=3e0fd62f5aa50665
REFERENCE who=5 mig=fafc828a text=3e0fd62f5aa50665
REFERENCE who=5 mig=31ffbfe4 text=45d93d75d8c246b5
REFERENCE who=6 mig=fafc828a text=4a8f18b77dbe0332
REFERENCE who=7 mig=fafc828a text=4a8f18b77dbe0332
REFERENCE who=7 mig=31ffbfe4 text=4a8f18b77dbe0332
CASE config=mig_mps mode=extent children=4
PARENT mig=fafc828a exit=0 text=c646470e58f73411 prefix_tokens=16321 prefix_ms=19815.7 publish_ms=6.86 state_bytes=261845 suffix_tokens=13 model_ms=590.2 context_ms=36.9 suffix_ms=110.1 first_token_ms=20807.9 generation_ms=6460.3 generated=64 generation_tps=9.907
CHILD index=0 mig=fafc828a exit=0 text=d42c4c07975a6446 role=child prefix_tokens=16321 suffix_tokens=16 model_ms=672.6 context_ms=36.2 state_ms=7.60 prefix_ms=0.0 suffix_ms=277.7 first_token_ms=1156.0 generation_ms=7339.7 generated=64 generation_tps=8.720
CHILD index=1 mig=31ffbfe4 exit=0 text=3fd8649867d4bb41 role=child prefix_tokens=16321 suffix_tokens=16 model_ms=700.5 context_ms=36.6 state_ms=7.40 prefix_ms=0.0 suffix_ms=252.2 first_token_ms=1254.6 generation_ms=8699.9 generated=64 generation_tps=7.356
CHILD index=2 mig=fafc828a exit=0 text=3fd8649867d4bb41 role=child prefix_tokens=16321 suffix_tokens=16 model_ms=704.8 context_ms=36.8 state_ms=7.50 prefix_ms=0.0 suffix_ms=237.3 first_token_ms=1144.8 generation_ms=7326.2 generated=64 generation_tps=8.736
CHILD index=3 mig=31ffbfe4 exit=0 text=3fd8649867d4bb41 role=child prefix_tokens=16321 suffix_tokens=16 model_ms=725.9 context_ms=36.2 state_ms=7.54 prefix_ms=0.0 suffix_ms=180.5 first_token_ms=1205.9 generation_ms=8727.5 generated=64 generation_tps=7.333
MEMORY mem_available_drop_mib=3009 prefix_pss_mib=892 prefix_rss_mib=3570 file_mib=896
END_CASE failed=0 timed_out=0 children_wall_ms=10482
CASE config=mig_mps mode=copy children=4
PARENT mig=fafc828a exit=0 text=c646470e58f73411 prefix_tokens=16321 prefix_ms=19746.5 publish_ms=542.39 state_bytes=936173269 suffix_tokens=13 model_ms=568.3 context_ms=62.4 suffix_ms=61.0 first_token_ms=21090.9 generation_ms=5830.2 generated=64 generation_tps=10.977
CHILD index=0 mig=fafc828a exit=0 text=d42c4c07975a6446 role=child prefix_tokens=16321 suffix_tokens=16 model_ms=732.3 context_ms=59.3 state_ms=230.46 prefix_ms=0.0 suffix_ms=195.1 first_token_ms=1344.1 generation_ms=6891.1 generated=64 generation_tps=9.287
CHILD index=1 mig=31ffbfe4 exit=0 text=3fd8649867d4bb41 role=child prefix_tokens=16321 suffix_tokens=16 model_ms=830.9 context_ms=93.2 state_ms=337.32 prefix_ms=0.0 suffix_ms=207.9 first_token_ms=1615.2 generation_ms=8425.9 generated=64 generation_tps=7.596
CHILD index=2 mig=fafc828a exit=0 text=3fd8649867d4bb41 role=child prefix_tokens=16321 suffix_tokens=16 model_ms=832.0 context_ms=98.6 state_ms=322.04 prefix_ms=0.0 suffix_ms=295.5 first_token_ms=1699.0 generation_ms=6700.8 generated=64 generation_tps=9.551
CHILD index=3 mig=31ffbfe4 exit=0 text=3fd8649867d4bb41 role=child prefix_tokens=16321 suffix_tokens=16 model_ms=827.1 context_ms=108.9 state_ms=313.84 prefix_ms=0.0 suffix_ms=214.7 first_token_ms=1615.0 generation_ms=8439.1 generated=64 generation_tps=7.584
MEMORY mem_available_drop_mib=10068 prefix_pss_mib=0 prefix_rss_mib=0 file_mib=0
END_CASE failed=0 timed_out=0 children_wall_ms=10536
CASE config=mig_mps mode=extent children=8
PARENT mig=fafc828a exit=0 text=c646470e58f73411 prefix_tokens=16321 prefix_ms=19827.6 publish_ms=9.34 state_bytes=261845 suffix_tokens=13 model_ms=570.5 context_ms=37.2 suffix_ms=108.8 first_token_ms=20683.6 generation_ms=9044.1 generated=64 generation_tps=7.076
CHILD index=0 mig=fafc828a exit=0 text=d42c4c07975a6446 role=child prefix_tokens=16321 suffix_tokens=16 model_ms=799.4 context_ms=37.0 state_ms=47.54 prefix_ms=0.0 suffix_ms=198.4 first_token_ms=1294.0 generation_ms=12347.7 generated=64 generation_tps=5.183
CHILD index=1 mig=31ffbfe4 exit=0 text=3fd8649867d4bb41 role=child prefix_tokens=16321 suffix_tokens=16 model_ms=1010.7 context_ms=40.7 state_ms=7.54 prefix_ms=0.0 suffix_ms=335.9 first_token_ms=1657.8 generation_ms=17156.7 generated=64 generation_tps=3.730
CHILD index=2 mig=fafc828a exit=0 text=3fd8649867d4bb41 role=child prefix_tokens=16321 suffix_tokens=16 model_ms=1033.6 context_ms=47.5 state_ms=7.57 prefix_ms=0.0 suffix_ms=387.2 first_token_ms=1778.8 generation_ms=12356.4 generated=64 generation_tps=5.180
CHILD index=3 mig=31ffbfe4 exit=0 text=3fd8649867d4bb41 role=child prefix_tokens=16321 suffix_tokens=16 model_ms=973.3 context_ms=44.9 state_ms=7.45 prefix_ms=0.0 suffix_ms=341.1 first_token_ms=1654.7 generation_ms=17200.0 generated=64 generation_tps=3.721
CHILD index=4 mig=fafc828a exit=0 text=3e0fd62f5aa50665 role=child prefix_tokens=16321 suffix_tokens=16 model_ms=989.5 context_ms=38.9 state_ms=7.69 prefix_ms=0.0 suffix_ms=356.6 first_token_ms=1691.0 generation_ms=12386.0 generated=64 generation_tps=5.167
CHILD index=5 mig=31ffbfe4 exit=0 text=3fd8649867d4bb41 role=child prefix_tokens=16321 suffix_tokens=16 model_ms=974.9 context_ms=43.7 state_ms=7.50 prefix_ms=0.0 suffix_ms=407.4 first_token_ms=1713.9 generation_ms=17176.9 generated=64 generation_tps=3.726
CHILD index=6 mig=fafc828a exit=0 text=4a8f18b77dbe0332 role=child prefix_tokens=16321 suffix_tokens=16 model_ms=1043.7 context_ms=45.5 state_ms=7.68 prefix_ms=0.0 suffix_ms=391.2 first_token_ms=1777.0 generation_ms=12343.6 generated=64 generation_tps=5.185
CHILD index=7 mig=31ffbfe4 exit=0 text=4a8f18b77dbe0332 role=child prefix_tokens=16321 suffix_tokens=16 model_ms=1027.7 context_ms=40.7 state_ms=8.08 prefix_ms=0.0 suffix_ms=355.0 first_token_ms=1729.2 generation_ms=17167.8 generated=64 generation_tps=3.728
MEMORY mem_available_drop_mib=5758 prefix_pss_mib=892 prefix_rss_mib=7140 file_mib=896
END_CASE failed=0 timed_out=0 children_wall_ms=19430
CASE config=mig_mps mode=copy children=8
PARENT mig=fafc828a exit=0 text=c646470e58f73411 prefix_tokens=16321 prefix_ms=19743.2 publish_ms=558.03 state_bytes=936173269 suffix_tokens=13 model_ms=574.1 context_ms=62.2 suffix_ms=62.6 first_token_ms=21129.0 generation_ms=7624.2 generated=64 generation_tps=8.394
CHILD index=0 mig=fafc828a exit=0 text=d42c4c07975a6446 role=child prefix_tokens=16321 suffix_tokens=16 model_ms=953.5 context_ms=60.1 state_ms=272.76 prefix_ms=0.0 suffix_ms=270.9 first_token_ms=1793.2 generation_ms=11749.4 generated=64 generation_tps=5.447
CHILD index=1 mig=31ffbfe4 exit=0 text=3fd8649867d4bb41 role=child prefix_tokens=16321 suffix_tokens=16 model_ms=1007.9 context_ms=105.6 state_ms=471.02 prefix_ms=0.0 suffix_ms=389.2 first_token_ms=2235.1 generation_ms=16633.9 generated=64 generation_tps=3.848
CHILD index=2 mig=fafc828a exit=0 text=3fd8649867d4bb41 role=child prefix_tokens=16321 suffix_tokens=16 model_ms=1020.0 context_ms=154.6 state_ms=372.56 prefix_ms=0.0 suffix_ms=385.4 first_token_ms=2226.9 generation_ms=11821.8 generated=64 generation_tps=5.414
CHILD index=3 mig=31ffbfe4 exit=0 text=3fd8649867d4bb41 role=child prefix_tokens=16321 suffix_tokens=16 model_ms=1010.4 context_ms=198.9 state_ms=325.34 prefix_ms=0.0 suffix_ms=389.2 first_token_ms=2231.0 generation_ms=16595.3 generated=64 generation_tps=3.857
CHILD index=4 mig=fafc828a exit=0 text=3e0fd62f5aa50665 role=child prefix_tokens=16321 suffix_tokens=16 model_ms=1018.6 context_ms=205.9 state_ms=312.16 prefix_ms=0.0 suffix_ms=393.8 first_token_ms=2231.5 generation_ms=11828.0 generated=64 generation_tps=5.411
CHILD index=5 mig=31ffbfe4 exit=0 text=3fd8649867d4bb41 role=child prefix_tokens=16321 suffix_tokens=16 model_ms=1095.6 context_ms=113.5 state_ms=317.30 prefix_ms=0.0 suffix_ms=377.1 first_token_ms=2205.8 generation_ms=16634.0 generated=64 generation_tps=3.848
CHILD index=6 mig=fafc828a exit=0 text=4a8f18b77dbe0332 role=child prefix_tokens=16321 suffix_tokens=16 model_ms=1003.5 context_ms=203.7 state_ms=315.26 prefix_ms=0.0 suffix_ms=397.1 first_token_ms=2229.4 generation_ms=11796.3 generated=64 generation_tps=5.425
CHILD index=7 mig=31ffbfe4 exit=0 text=4a8f18b77dbe0332 role=child prefix_tokens=16321 suffix_tokens=16 model_ms=1100.7 context_ms=126.5 state_ms=304.53 prefix_ms=0.0 suffix_ms=376.4 first_token_ms=2205.0 generation_ms=16597.2 generated=64 generation_tps=3.856
MEMORY mem_available_drop_mib=20191 prefix_pss_mib=0 prefix_rss_mib=0 file_mib=0
END_CASE failed=0 timed_out=0 children_wall_ms=19410
CASE config=mig mode=extent children=4
PARENT mig=fafc828a exit=0 text=c646470e58f73411 prefix_tokens=16321 prefix_ms=19797.4 publish_ms=9.22 state_bytes=261845 suffix_tokens=13 model_ms=592.2 context_ms=37.3 suffix_ms=100.1 first_token_ms=20682.5 generation_ms=6723.0 generated=64 generation_tps=9.520
CHILD index=0 mig=fafc828a exit=0 text=d42c4c07975a6446 role=child prefix_tokens=16321 suffix_tokens=16 model_ms=948.5 context_ms=39.0 state_ms=7.21 prefix_ms=0.0 suffix_ms=253.5 first_token_ms=1374.6 generation_ms=7911.8 generated=64 generation_tps=8.089
CHILD index=1 mig=31ffbfe4 exit=0 text=3fd8649867d4bb41 role=child prefix_tokens=16321 suffix_tokens=16 model_ms=803.6 context_ms=35.9 state_ms=7.31 prefix_ms=0.0 suffix_ms=154.7 first_token_ms=1135.9 generation_ms=9532.7 generated=64 generation_tps=6.714
CHILD index=2 mig=fafc828a exit=0 text=3fd8649867d4bb41 role=child prefix_tokens=16321 suffix_tokens=16 model_ms=865.5 context_ms=42.3 state_ms=7.89 prefix_ms=0.0 suffix_ms=190.0 first_token_ms=1241.1 generation_ms=8041.9 generated=64 generation_tps=7.958
CHILD index=3 mig=31ffbfe4 exit=0 text=3fd8649867d4bb41 role=child prefix_tokens=16321 suffix_tokens=16 model_ms=866.9 context_ms=43.2 state_ms=7.40 prefix_ms=0.0 suffix_ms=230.7 first_token_ms=1287.6 generation_ms=9519.4 generated=64 generation_tps=6.723
MEMORY mem_available_drop_mib=2993 prefix_pss_mib=892 prefix_rss_mib=3570 file_mib=896
END_CASE failed=0 timed_out=0 children_wall_ms=11319
CASE config=mig mode=copy children=4
PARENT mig=fafc828a exit=0 text=c646470e58f73411 prefix_tokens=16321 prefix_ms=19732.0 publish_ms=526.26 state_bytes=936173269 suffix_tokens=13 model_ms=588.3 context_ms=59.9 suffix_ms=61.1 first_token_ms=21113.6 generation_ms=6402.0 generated=64 generation_tps=9.997
CHILD index=0 mig=fafc828a exit=0 text=d42c4c07975a6446 role=child prefix_tokens=16321 suffix_tokens=16 model_ms=813.7 context_ms=105.5 state_ms=293.15 prefix_ms=0.0 suffix_ms=181.1 first_token_ms=1497.5 generation_ms=7753.3 generated=64 generation_tps=8.255
CHILD index=1 mig=31ffbfe4 exit=0 text=3fd8649867d4bb41 role=child prefix_tokens=16321 suffix_tokens=16 model_ms=802.4 context_ms=68.3 state_ms=311.98 prefix_ms=0.0 suffix_ms=226.4 first_token_ms=1553.9 generation_ms=9402.5 generated=64 generation_tps=6.807
CHILD index=2 mig=fafc828a exit=0 text=3fd8649867d4bb41 role=child prefix_tokens=16321 suffix_tokens=16 model_ms=879.6 context_ms=77.0 state_ms=297.62 prefix_ms=0.0 suffix_ms=301.6 first_token_ms=1705.3 generation_ms=7627.8 generated=64 generation_tps=8.390
CHILD index=3 mig=31ffbfe4 exit=0 text=3fd8649867d4bb41 role=child prefix_tokens=16321 suffix_tokens=16 model_ms=834.8 context_ms=96.3 state_ms=240.49 prefix_ms=0.0 suffix_ms=233.3 first_token_ms=1551.4 generation_ms=9383.9 generated=64 generation_tps=6.820
MEMORY mem_available_drop_mib=10087 prefix_pss_mib=0 prefix_rss_mib=0 file_mib=0
END_CASE failed=0 timed_out=0 children_wall_ms=11394
CASE config=mig mode=extent children=8
PARENT mig=fafc828a exit=0 text=c646470e58f73411 prefix_tokens=16321 prefix_ms=19809.0 publish_ms=11.31 state_bytes=261845 suffix_tokens=13 model_ms=647.7 context_ms=36.6 suffix_ms=95.9 first_token_ms=20753.5 generation_ms=8856.6 generated=64 generation_tps=7.226
CHILD index=0 mig=fafc828a exit=0 text=d42c4c07975a6446 role=child prefix_tokens=16321 suffix_tokens=16 model_ms=1246.9 context_ms=43.4 state_ms=7.59 prefix_ms=0.0 suffix_ms=385.5 first_token_ms=1948.1 generation_ms=13758.8 generated=64 generation_tps=4.652
CHILD index=1 mig=31ffbfe4 exit=0 text=3fd8649867d4bb41 role=child prefix_tokens=16321 suffix_tokens=16 model_ms=941.4 context_ms=38.8 state_ms=7.58 prefix_ms=0.0 suffix_ms=132.0 first_token_ms=1296.0 generation_ms=18679.7 generated=64 generation_tps=3.426
CHILD index=2 mig=fafc828a exit=0 text=3fd8649867d4bb41 role=child prefix_tokens=16321 suffix_tokens=16 model_ms=1198.5 context_ms=51.6 state_ms=7.69 prefix_ms=0.0 suffix_ms=394.6 first_token_ms=1948.5 generation_ms=13719.3 generated=64 generation_tps=4.665
CHILD index=3 mig=31ffbfe4 exit=0 text=3fd8649867d4bb41 role=child prefix_tokens=16321 suffix_tokens=16 model_ms=1135.5 context_ms=78.6 state_ms=8.13 prefix_ms=0.0 suffix_ms=474.5 first_token_ms=1997.7 generation_ms=18863.7 generated=64 generation_tps=3.393
CHILD index=4 mig=fafc828a exit=0 text=3e0fd62f5aa50665 role=child prefix_tokens=16321 suffix_tokens=16 model_ms=1161.2 context_ms=75.2 state_ms=7.80 prefix_ms=0.0 suffix_ms=393.2 first_token_ms=1966.0 generation_ms=13742.5 generated=64 generation_tps=4.657
CHILD index=5 mig=31ffbfe4 exit=0 text=3fd8649867d4bb41 role=child prefix_tokens=16321 suffix_tokens=16 model_ms=1092.1 context_ms=37.2 state_ms=7.49 prefix_ms=0.0 suffix_ms=393.6 first_token_ms=1837.9 generation_ms=18923.9 generated=64 generation_tps=3.382
CHILD index=6 mig=fafc828a exit=0 text=4a8f18b77dbe0332 role=child prefix_tokens=16321 suffix_tokens=16 model_ms=1124.4 context_ms=41.3 state_ms=7.96 prefix_ms=0.0 suffix_ms=268.9 first_token_ms=1752.5 generation_ms=13802.7 generated=64 generation_tps=4.637
CHILD index=7 mig=31ffbfe4 exit=0 text=4a8f18b77dbe0332 role=child prefix_tokens=16321 suffix_tokens=16 model_ms=1148.2 context_ms=41.0 state_ms=7.40 prefix_ms=0.0 suffix_ms=458.0 first_token_ms=1962.2 generation_ms=18887.3 generated=64 generation_tps=3.389
MEMORY mem_available_drop_mib=5789 prefix_pss_mib=1021 prefix_rss_mib=7140 file_mib=896
END_CASE failed=0 timed_out=0 children_wall_ms=21417
CASE config=mig mode=copy children=8
PARENT mig=fafc828a exit=0 text=c646470e58f73411 prefix_tokens=16321 prefix_ms=19743.5 publish_ms=556.05 state_bytes=936173269 suffix_tokens=13 model_ms=594.9 context_ms=60.1 suffix_ms=62.2 first_token_ms=21165.7 generation_ms=8015.8 generated=64 generation_tps=7.984
CHILD index=0 mig=fafc828a exit=0 text=d42c4c07975a6446 role=child prefix_tokens=16321 suffix_tokens=16 model_ms=1180.8 context_ms=188.0 state_ms=364.18 prefix_ms=0.0 suffix_ms=407.1 first_token_ms=2444.4 generation_ms=13333.9 generated=64 generation_tps=4.800
CHILD index=1 mig=31ffbfe4 exit=0 text=3fd8649867d4bb41 role=child prefix_tokens=16321 suffix_tokens=16 model_ms=1175.7 context_ms=167.3 state_ms=407.37 prefix_ms=0.0 suffix_ms=407.7 first_token_ms=2439.9 generation_ms=18598.3 generated=64 generation_tps=3.441
CHILD index=2 mig=fafc828a exit=0 text=3fd8649867d4bb41 role=child prefix_tokens=16321 suffix_tokens=16 model_ms=1112.6 context_ms=75.2 state_ms=326.93 prefix_ms=0.0 suffix_ms=234.9 first_token_ms=1983.7 generation_ms=13345.3 generated=64 generation_tps=4.796
CHILD index=3 mig=31ffbfe4 exit=0 text=3fd8649867d4bb41 role=child prefix_tokens=16321 suffix_tokens=16 model_ms=1199.3 context_ms=203.0 state_ms=317.66 prefix_ms=0.0 suffix_ms=433.1 first_token_ms=2458.1 generation_ms=18558.5 generated=64 generation_tps=3.449
CHILD index=4 mig=fafc828a exit=0 text=3e0fd62f5aa50665 role=child prefix_tokens=16321 suffix_tokens=16 model_ms=1181.3 context_ms=168.6 state_ms=359.14 prefix_ms=0.0 suffix_ms=368.7 first_token_ms=2392.6 generation_ms=13314.7 generated=64 generation_tps=4.807
CHILD index=5 mig=31ffbfe4 exit=0 text=3fd8649867d4bb41 role=child prefix_tokens=16321 suffix_tokens=16 model_ms=1160.0 context_ms=203.6 state_ms=344.94 prefix_ms=0.0 suffix_ms=433.9 first_token_ms=2453.7 generation_ms=18598.0 generated=64 generation_tps=3.441
CHILD index=6 mig=fafc828a exit=0 text=4a8f18b77dbe0332 role=child prefix_tokens=16321 suffix_tokens=16 model_ms=1186.7 context_ms=178.2 state_ms=373.15 prefix_ms=0.0 suffix_ms=419.8 first_token_ms=2464.6 generation_ms=13297.0 generated=64 generation_tps=4.813
CHILD index=7 mig=31ffbfe4 exit=0 text=4a8f18b77dbe0332 role=child prefix_tokens=16321 suffix_tokens=16 model_ms=1140.4 context_ms=177.2 state_ms=397.00 prefix_ms=0.0 suffix_ms=423.4 first_token_ms=2438.0 generation_ms=18596.9 generated=64 generation_tps=3.441
MEMORY mem_available_drop_mib=20241 prefix_pss_mib=0 prefix_rss_mib=0 file_mib=0
END_CASE failed=0 timed_out=0 children_wall_ms=21609
CASE config=mps mode=extent children=4
PARENT mig=fafc828a exit=0 text=c646470e58f73411 prefix_tokens=16321 prefix_ms=19817.8 publish_ms=8.94 state_bytes=261845 suffix_tokens=13 model_ms=610.1 context_ms=36.7 suffix_ms=108.3 first_token_ms=20846.6 generation_ms=8615.8 generated=64 generation_tps=7.428
CHILD index=0 mig=fafc828a exit=0 text=d42c4c07975a6446 role=child prefix_tokens=16321 suffix_tokens=16 model_ms=780.1 context_ms=73.1 state_ms=7.56 prefix_ms=0.0 suffix_ms=286.6 first_token_ms=1344.0 generation_ms=11324.0 generated=64 generation_tps=5.652
CHILD index=1 mig=fafc828a exit=0 text=3fd8649867d4bb41 role=child prefix_tokens=16321 suffix_tokens=16 model_ms=781.0 context_ms=40.7 state_ms=7.30 prefix_ms=0.0 suffix_ms=335.8 first_token_ms=1353.3 generation_ms=11354.3 generated=64 generation_tps=5.637
CHILD index=2 mig=fafc828a exit=0 text=3fd8649867d4bb41 role=child prefix_tokens=16321 suffix_tokens=16 model_ms=868.9 context_ms=42.3 state_ms=87.03 prefix_ms=0.0 suffix_ms=383.9 first_token_ms=1562.3 generation_ms=11231.5 generated=64 generation_tps=5.698
CHILD index=3 mig=fafc828a exit=0 text=3fd8649867d4bb41 role=child prefix_tokens=16321 suffix_tokens=16 model_ms=861.2 context_ms=39.9 state_ms=7.56 prefix_ms=0.0 suffix_ms=315.7 first_token_ms=1409.6 generation_ms=11322.1 generated=64 generation_tps=5.653
MEMORY mem_available_drop_mib=2967 prefix_pss_mib=951 prefix_rss_mib=3570 file_mib=896
END_CASE failed=0 timed_out=0 children_wall_ms=13231
CASE config=mps mode=copy children=4
PARENT mig=fafc828a exit=0 text=c646470e58f73411 prefix_tokens=16321 prefix_ms=19742.7 publish_ms=562.90 state_bytes=936173269 suffix_tokens=13 model_ms=564.1 context_ms=60.0 suffix_ms=60.5 first_token_ms=21112.3 generation_ms=8213.7 generated=64 generation_tps=7.792
CHILD index=0 mig=fafc828a exit=0 text=d42c4c07975a6446 role=child prefix_tokens=16321 suffix_tokens=16 model_ms=857.1 context_ms=91.1 state_ms=265.95 prefix_ms=0.0 suffix_ms=345.5 first_token_ms=1695.7 generation_ms=11262.7 generated=64 generation_tps=5.682
CHILD index=1 mig=fafc828a exit=0 text=3fd8649867d4bb41 role=child prefix_tokens=16321 suffix_tokens=16 model_ms=773.3 context_ms=84.4 state_ms=324.86 prefix_ms=0.0 suffix_ms=350.5 first_token_ms=1695.8 generation_ms=11290.9 generated=64 generation_tps=5.668
CHILD index=2 mig=fafc828a exit=0 text=3fd8649867d4bb41 role=child prefix_tokens=16321 suffix_tokens=16 model_ms=785.3 context_ms=85.5 state_ms=242.55 prefix_ms=0.0 suffix_ms=256.5 first_token_ms=1520.8 generation_ms=11303.4 generated=64 generation_tps=5.662
CHILD index=3 mig=fafc828a exit=0 text=3fd8649867d4bb41 role=child prefix_tokens=16321 suffix_tokens=16 model_ms=860.7 context_ms=67.9 state_ms=256.30 prefix_ms=0.0 suffix_ms=345.7 first_token_ms=1687.1 generation_ms=11282.0 generated=64 generation_tps=5.673
MEMORY mem_available_drop_mib=10105 prefix_pss_mib=0 prefix_rss_mib=0 file_mib=0
END_CASE failed=0 timed_out=0 children_wall_ms=13499
CASE config=mps mode=extent children=8
PARENT mig=fafc828a exit=0 text=c646470e58f73411 prefix_tokens=16321 prefix_ms=19778.9 publish_ms=9.10 state_bytes=261845 suffix_tokens=13 model_ms=575.1 context_ms=37.0 suffix_ms=103.2 first_token_ms=20642.2 generation_ms=14265.4 generated=64 generation_tps=4.486
CHILD index=0 mig=fafc828a exit=0 text=d42c4c07975a6446 role=child prefix_tokens=16321 suffix_tokens=16 model_ms=816.2 context_ms=35.9 state_ms=7.68 prefix_ms=0.0 suffix_ms=229.5 first_token_ms=1245.2 generation_ms=20840.2 generated=64 generation_tps=3.071
CHILD index=1 mig=fafc828a exit=0 text=3fd8649867d4bb41 role=child prefix_tokens=16321 suffix_tokens=16 model_ms=1073.0 context_ms=54.1 state_ms=7.61 prefix_ms=0.0 suffix_ms=717.3 first_token_ms=2067.9 generation_ms=21002.1 generated=64 generation_tps=3.047
CHILD index=2 mig=fafc828a exit=0 text=3fd8649867d4bb41 role=child prefix_tokens=16321 suffix_tokens=16 model_ms=1024.8 context_ms=53.7 state_ms=7.73 prefix_ms=0.0 suffix_ms=531.2 first_token_ms=1886.6 generation_ms=21135.8 generated=64 generation_tps=3.028
CHILD index=3 mig=fafc828a exit=0 text=3fd8649867d4bb41 role=child prefix_tokens=16321 suffix_tokens=16 model_ms=971.2 context_ms=55.3 state_ms=7.40 prefix_ms=0.0 suffix_ms=527.5 first_token_ms=1874.6 generation_ms=21131.1 generated=64 generation_tps=3.029
CHILD index=4 mig=fafc828a exit=0 text=3e0fd62f5aa50665 role=child prefix_tokens=16321 suffix_tokens=16 model_ms=998.8 context_ms=44.6 state_ms=7.46 prefix_ms=0.0 suffix_ms=544.1 first_token_ms=1926.9 generation_ms=21113.8 generated=64 generation_tps=3.031
CHILD index=5 mig=fafc828a exit=0 text=3e0fd62f5aa50665 role=child prefix_tokens=16321 suffix_tokens=16 model_ms=957.2 context_ms=54.7 state_ms=7.46 prefix_ms=0.0 suffix_ms=522.8 first_token_ms=1866.1 generation_ms=21127.1 generated=64 generation_tps=3.029
CHILD index=6 mig=fafc828a exit=0 text=4a8f18b77dbe0332 role=child prefix_tokens=16321 suffix_tokens=16 model_ms=1027.3 context_ms=46.6 state_ms=7.74 prefix_ms=0.0 suffix_ms=535.0 first_token_ms=1914.3 generation_ms=21111.3 generated=64 generation_tps=3.032
CHILD index=7 mig=fafc828a exit=0 text=4a8f18b77dbe0332 role=child prefix_tokens=16321 suffix_tokens=16 model_ms=982.8 context_ms=41.6 state_ms=7.74 prefix_ms=0.0 suffix_ms=503.3 first_token_ms=1826.9 generation_ms=21120.8 generated=64 generation_tps=3.030
MEMORY mem_available_drop_mib=5805 prefix_pss_mib=956 prefix_rss_mib=7140 file_mib=896
END_CASE failed=0 timed_out=0 children_wall_ms=23663
CASE config=mps mode=copy children=8
PARENT mig=fafc828a exit=0 text=c646470e58f73411 prefix_tokens=16321 prefix_ms=19741.6 publish_ms=549.49 state_bytes=936173269 suffix_tokens=13 model_ms=572.7 context_ms=60.6 suffix_ms=62.7 first_token_ms=21124.9 generation_ms=13097.2 generated=64 generation_tps=4.887
CHILD index=0 mig=fafc828a exit=0 text=d42c4c07975a6446 role=child prefix_tokens=16321 suffix_tokens=16 model_ms=1055.9 context_ms=107.2 state_ms=492.23 prefix_ms=0.0 suffix_ms=546.0 first_token_ms=2459.2 generation_ms=21008.7 generated=64 generation_tps=3.046
CHILD index=1 mig=fafc828a exit=0 text=3fd8649867d4bb41 role=child prefix_tokens=16321 suffix_tokens=16 model_ms=644.0 context_ms=59.8 state_ms=199.08 prefix_ms=0.0 suffix_ms=185.9 first_token_ms=1296.6 generation_ms=19904.6 generated=64 generation_tps=3.215
CHILD index=2 mig=fafc828a exit=0 text=3fd8649867d4bb41 role=child prefix_tokens=16321 suffix_tokens=16 model_ms=1110.3 context_ms=109.9 state_ms=383.09 prefix_ms=0.0 suffix_ms=565.3 first_token_ms=2467.5 generation_ms=20995.1 generated=64 generation_tps=3.048
CHILD index=3 mig=fafc828a exit=0 text=3fd8649867d4bb41 role=child prefix_tokens=16321 suffix_tokens=16 model_ms=1050.0 context_ms=132.7 state_ms=433.04 prefix_ms=0.0 suffix_ms=566.1 first_token_ms=2463.9 generation_ms=20968.0 generated=64 generation_tps=3.052
CHILD index=4 mig=fafc828a exit=0 text=3e0fd62f5aa50665 role=child prefix_tokens=16321 suffix_tokens=16 model_ms=1095.1 context_ms=103.1 state_ms=389.05 prefix_ms=0.0 suffix_ms=569.8 first_token_ms=2469.3 generation_ms=20958.2 generated=64 generation_tps=3.054
CHILD index=5 mig=fafc828a exit=0 text=3e0fd62f5aa50665 role=child prefix_tokens=16321 suffix_tokens=16 model_ms=959.2 context_ms=120.6 state_ms=505.10 prefix_ms=0.0 suffix_ms=557.9 first_token_ms=2455.7 generation_ms=20983.1 generated=64 generation_tps=3.050
CHILD index=6 mig=fafc828a exit=0 text=4a8f18b77dbe0332 role=child prefix_tokens=16321 suffix_tokens=16 model_ms=1029.6 context_ms=171.5 state_ms=391.23 prefix_ms=0.0 suffix_ms=545.4 first_token_ms=2439.7 generation_ms=20968.9 generated=64 generation_tps=3.052
CHILD index=7 mig=fafc828a exit=0 text=4a8f18b77dbe0332 role=child prefix_tokens=16321 suffix_tokens=16 model_ms=1018.9 context_ms=171.6 state_ms=391.70 prefix_ms=0.0 suffix_ms=557.8 first_token_ms=2445.5 generation_ms=20989.8 generated=64 generation_tps=3.049
MEMORY mem_available_drop_mib=20195 prefix_pss_mib=0 prefix_rss_mib=0 file_mib=0
END_CASE failed=0 timed_out=0 children_wall_ms=24112
CASE config=timeslice mode=extent children=4
PARENT mig=fafc828a exit=0 text=c646470e58f73411 prefix_tokens=16321 prefix_ms=19808.6 publish_ms=9.07 state_bytes=261845 suffix_tokens=13 model_ms=595.0 context_ms=37.2 suffix_ms=124.9 first_token_ms=20707.8 generation_ms=9763.1 generated=64 generation_tps=6.555
CHILD index=0 mig=fafc828a exit=0 text=d42c4c07975a6446 role=child prefix_tokens=16321 suffix_tokens=16 model_ms=817.4 context_ms=36.0 state_ms=49.89 prefix_ms=0.0 suffix_ms=280.1 first_token_ms=1318.9 generation_ms=12850.3 generated=64 generation_tps=4.980
CHILD index=1 mig=fafc828a exit=0 text=3fd8649867d4bb41 role=child prefix_tokens=16321 suffix_tokens=16 model_ms=968.6 context_ms=37.7 state_ms=7.62 prefix_ms=0.0 suffix_ms=398.1 first_token_ms=1559.0 generation_ms=12724.7 generated=64 generation_tps=5.030
CHILD index=2 mig=fafc828a exit=0 text=3fd8649867d4bb41 role=child prefix_tokens=16321 suffix_tokens=16 model_ms=967.0 context_ms=37.0 state_ms=7.70 prefix_ms=0.0 suffix_ms=405.0 first_token_ms=1567.7 generation_ms=12703.1 generated=64 generation_tps=5.038
CHILD index=3 mig=fafc828a exit=0 text=3fd8649867d4bb41 role=child prefix_tokens=16321 suffix_tokens=16 model_ms=858.7 context_ms=35.3 state_ms=7.37 prefix_ms=0.0 suffix_ms=231.8 first_token_ms=1279.6 generation_ms=12824.3 generated=64 generation_tps=4.991
MEMORY mem_available_drop_mib=2985 prefix_pss_mib=892 prefix_rss_mib=3570 file_mib=896
END_CASE failed=0 timed_out=0 children_wall_ms=14753
CASE config=timeslice mode=copy children=4
PARENT mig=fafc828a exit=0 text=c646470e58f73411 prefix_tokens=16321 prefix_ms=19746.2 publish_ms=535.77 state_bytes=936173269 suffix_tokens=13 model_ms=588.8 context_ms=60.4 suffix_ms=60.9 first_token_ms=21140.9 generation_ms=9140.1 generated=64 generation_tps=7.002
CHILD index=0 mig=fafc828a exit=0 text=d42c4c07975a6446 role=child prefix_tokens=16321 suffix_tokens=16 model_ms=804.3 context_ms=67.0 state_ms=294.01 prefix_ms=0.0 suffix_ms=236.1 first_token_ms=1511.9 generation_ms=12761.7 generated=64 generation_tps=5.015
CHILD index=1 mig=fafc828a exit=0 text=3fd8649867d4bb41 role=child prefix_tokens=16321 suffix_tokens=16 model_ms=946.0 context_ms=98.2 state_ms=315.74 prefix_ms=0.0 suffix_ms=407.9 first_token_ms=1912.5 generation_ms=12633.6 generated=64 generation_tps=5.066
CHILD index=2 mig=fafc828a exit=0 text=3fd8649867d4bb41 role=child prefix_tokens=16321 suffix_tokens=16 model_ms=940.3 context_ms=77.3 state_ms=323.87 prefix_ms=0.0 suffix_ms=411.7 first_token_ms=1894.7 generation_ms=12624.9 generated=64 generation_tps=5.069
CHILD index=3 mig=fafc828a exit=0 text=3fd8649867d4bb41 role=child prefix_tokens=16321 suffix_tokens=16 model_ms=820.8 context_ms=71.3 state_ms=369.40 prefix_ms=0.0 suffix_ms=301.9 first_token_ms=1711.4 generation_ms=12736.5 generated=64 generation_tps=5.025
MEMORY mem_available_drop_mib=10126 prefix_pss_mib=0 prefix_rss_mib=0 file_mib=0
END_CASE failed=0 timed_out=0 children_wall_ms=15093
CASE config=timeslice mode=extent children=8
PARENT mig=fafc828a exit=0 text=c646470e58f73411 prefix_tokens=16321 prefix_ms=19795.9 publish_ms=9.07 state_bytes=261845 suffix_tokens=13 model_ms=586.8 context_ms=36.4 suffix_ms=102.4 first_token_ms=20681.9 generation_ms=13590.9 generated=64 generation_tps=4.709
CHILD index=0 mig=fafc828a exit=0 text=d42c4c07975a6446 role=child prefix_tokens=16321 suffix_tokens=16 model_ms=1160.7 context_ms=37.9 state_ms=7.36 prefix_ms=0.0 suffix_ms=211.6 first_token_ms=1670.2 generation_ms=23697.0 generated=64 generation_tps=2.701
CHILD index=1 mig=fafc828a exit=0 text=3fd8649867d4bb41 role=child prefix_tokens=16321 suffix_tokens=16 model_ms=1311.3 context_ms=40.6 state_ms=8.27 prefix_ms=0.0 suffix_ms=643.8 first_token_ms=2313.6 generation_ms=23543.3 generated=64 generation_tps=2.718
CHILD index=2 mig=fafc828a exit=0 text=3fd8649867d4bb41 role=child prefix_tokens=16321 suffix_tokens=16 model_ms=1158.3 context_ms=35.5 state_ms=7.33 prefix_ms=0.0 suffix_ms=290.8 first_token_ms=1787.2 generation_ms=23723.0 generated=64 generation_tps=2.698
CHILD index=3 mig=fafc828a exit=0 text=3fd8649867d4bb41 role=child prefix_tokens=16321 suffix_tokens=16 model_ms=1241.3 context_ms=41.3 state_ms=7.54 prefix_ms=0.0 suffix_ms=661.4 first_token_ms=2247.3 generation_ms=23615.3 generated=64 generation_tps=2.710
CHILD index=4 mig=fafc828a exit=0 text=3e0fd62f5aa50665 role=child prefix_tokens=16321 suffix_tokens=16 model_ms=1236.6 context_ms=41.6 state_ms=7.46 prefix_ms=0.0 suffix_ms=562.5 first_token_ms=2144.2 generation_ms=23583.0 generated=64 generation_tps=2.714
CHILD index=5 mig=fafc828a exit=0 text=3e0fd62f5aa50665 role=child prefix_tokens=16321 suffix_tokens=16 model_ms=1270.7 context_ms=41.6 state_ms=7.38 prefix_ms=0.0 suffix_ms=600.8 first_token_ms=2220.9 generation_ms=23596.5 generated=64 generation_tps=2.712
CHILD index=6 mig=fafc828a exit=0 text=4a8f18b77dbe0332 role=child prefix_tokens=16321 suffix_tokens=16 model_ms=1255.2 context_ms=44.3 state_ms=7.65 prefix_ms=0.0 suffix_ms=604.5 first_token_ms=2220.7 generation_ms=23622.2 generated=64 generation_tps=2.709
CHILD index=7 mig=fafc828a exit=0 text=4a8f18b77dbe0332 role=child prefix_tokens=16321 suffix_tokens=16 model_ms=1245.9 context_ms=41.2 state_ms=7.54 prefix_ms=0.0 suffix_ms=596.9 first_token_ms=2196.3 generation_ms=23640.0 generated=64 generation_tps=2.707
MEMORY mem_available_drop_mib=6170 prefix_pss_mib=897 prefix_rss_mib=7140 file_mib=896
END_CASE failed=0 timed_out=0 children_wall_ms=26412
CASE config=timeslice mode=copy children=8
PARENT mig=fafc828a exit=0 text=c646470e58f73411 prefix_tokens=16321 prefix_ms=19734.1 publish_ms=530.82 state_bytes=936173269 suffix_tokens=13 model_ms=588.8 context_ms=60.0 suffix_ms=62.9 first_token_ms=21116.5 generation_ms=12742.4 generated=64 generation_tps=5.023
CHILD index=0 mig=fafc828a exit=0 text=d42c4c07975a6446 role=child prefix_tokens=16321 suffix_tokens=16 model_ms=831.1 context_ms=78.7 state_ms=276.11 prefix_ms=0.0 suffix_ms=232.0 first_token_ms=1611.9 generation_ms=22329.8 generated=64 generation_tps=2.866
CHILD index=1 mig=fafc828a exit=0 text=3fd8649867d4bb41 role=child prefix_tokens=16321 suffix_tokens=16 model_ms=1200.9 context_ms=137.5 state_ms=620.98 prefix_ms=0.0 suffix_ms=645.0 first_token_ms=2897.9 generation_ms=23423.1 generated=64 generation_tps=2.732
CHILD index=2 mig=fafc828a exit=0 text=3fd8649867d4bb41 role=child prefix_tokens=16321 suffix_tokens=16 model_ms=1242.0 context_ms=174.6 state_ms=530.06 prefix_ms=0.0 suffix_ms=628.6 first_token_ms=2880.6 generation_ms=23399.2 generated=64 generation_tps=2.735
CHILD index=3 mig=fafc828a exit=0 text=3fd8649867d4bb41 role=child prefix_tokens=16321 suffix_tokens=16 model_ms=1223.1 context_ms=191.5 state_ms=541.02 prefix_ms=0.0 suffix_ms=609.6 first_token_ms=2863.1 generation_ms=23431.4 generated=64 generation_tps=2.731
CHILD index=4 mig=fafc828a exit=0 text=3e0fd62f5aa50665 role=child prefix_tokens=16321 suffix_tokens=16 model_ms=1184.2 context_ms=183.0 state_ms=572.58 prefix_ms=0.0 suffix_ms=640.7 first_token_ms=2891.1 generation_ms=23430.7 generated=64 generation_tps=2.731
CHILD index=5 mig=fafc828a exit=0 text=3e0fd62f5aa50665 role=child prefix_tokens=16321 suffix_tokens=16 model_ms=1141.6 context_ms=181.3 state_ms=627.33 prefix_ms=0.0 suffix_ms=602.5 first_token_ms=2843.5 generation_ms=23355.6 generated=64 generation_tps=2.740
CHILD index=6 mig=fafc828a exit=0 text=4a8f18b77dbe0332 role=child prefix_tokens=16321 suffix_tokens=16 model_ms=1203.5 context_ms=168.6 state_ms=563.35 prefix_ms=0.0 suffix_ms=630.7 first_token_ms=2876.8 generation_ms=23441.4 generated=64 generation_tps=2.730
CHILD index=7 mig=fafc828a exit=0 text=4a8f18b77dbe0332 role=child prefix_tokens=16321 suffix_tokens=16 model_ms=1210.2 context_ms=149.4 state_ms=583.28 prefix_ms=0.0 suffix_ms=644.9 first_token_ms=2887.7 generation_ms=23427.1 generated=64 generation_tps=2.732
MEMORY mem_available_drop_mib=20270 prefix_pss_mib=0 prefix_rss_mib=0 file_mib=0
END_CASE failed=0 timed_out=0 children_wall_ms=27068
END_KVMPS
BEGIN_KVMPS run=5 paragraphs=80 context=8192
REFERENCE who=0 mig=fafc828a text=c762b6e82f144cca
REFERENCE who=1 mig=fafc828a text=5f0f74be36dfb05d
REFERENCE who=1 mig=31ffbfe4 text=a6744d23ffb20e20
REFERENCE who=2 mig=fafc828a text=45d93d75d8c246b5
REFERENCE who=3 mig=fafc828a text=4a8f18b77dbe0332
REFERENCE who=3 mig=31ffbfe4 text=45d93d75d8c246b5
REFERENCE who=4 mig=fafc828a text=46404abc10d87546
REFERENCE who=5 mig=fafc828a text=46404abc10d87546
REFERENCE who=5 mig=31ffbfe4 text=46404abc10d87546
REFERENCE who=6 mig=fafc828a text=46404abc10d87546
REFERENCE who=7 mig=fafc828a text=46404abc10d87546
REFERENCE who=7 mig=31ffbfe4 text=46404abc10d87546
CASE config=timeslice mode=copy children=4
PARENT mig=fafc828a exit=0 text=8e42d861853d43f0 prefix_tokens=4081 prefix_ms=4377.8 publish_ms=208.55 state_bytes=234086869 suffix_tokens=13 model_ms=591.8 context_ms=28.7 suffix_ms=55.0 first_token_ms=5358.6 generation_ms=8539.9 generated=64 generation_tps=7.494
CHILD index=0 mig=fafc828a exit=0 text=c762b6e82f144cca role=child prefix_tokens=4081 suffix_tokens=16 model_ms=941.4 context_ms=33.6 state_ms=186.55 prefix_ms=0.0 suffix_ms=365.6 first_token_ms=1681.7 generation_ms=11894.4 generated=64 generation_tps=5.381
CHILD index=1 mig=fafc828a exit=0 text=5f0f74be36dfb05d role=child prefix_tokens=4081 suffix_tokens=16 model_ms=814.3 context_ms=29.9 state_ms=143.53 prefix_ms=0.0 suffix_ms=211.7 first_token_ms=1339.8 generation_ms=12003.0 generated=64 generation_tps=5.332
CHILD index=2 mig=fafc828a exit=0 text=45d93d75d8c246b5 role=child prefix_tokens=4081 suffix_tokens=16 model_ms=868.1 context_ms=29.2 state_ms=160.62 prefix_ms=0.0 suffix_ms=292.9 first_token_ms=1497.1 generation_ms=11991.9 generated=64 generation_tps=5.337
CHILD index=3 mig=fafc828a exit=0 text=4a8f18b77dbe0332 role=child prefix_tokens=4081 suffix_tokens=16 model_ms=940.0 context_ms=36.2 state_ms=194.38 prefix_ms=0.0 suffix_ms=372.6 first_token_ms=1691.1 generation_ms=11892.6 generated=64 generation_tps=5.381
MEMORY mem_available_drop_mib=4553 prefix_pss_mib=0 prefix_rss_mib=0 file_mib=0
END_CASE failed=0 timed_out=0 children_wall_ms=14047
CASE config=timeslice mode=extent children=4
PARENT mig=fafc828a exit=0 text=8e42d861853d43f0 prefix_tokens=4081 prefix_ms=4379.9 publish_ms=3.03 state_bytes=66005 suffix_tokens=13 model_ms=605.6 context_ms=22.7 suffix_ms=120.8 first_token_ms=5229.1 generation_ms=9294.3 generated=64 generation_tps=6.886
CHILD index=0 mig=fafc828a exit=0 text=c762b6e82f144cca role=child prefix_tokens=4081 suffix_tokens=16 model_ms=848.7 context_ms=22.9 state_ms=1.97 prefix_ms=0.0 suffix_ms=252.3 first_token_ms=1245.7 generation_ms=12253.5 generated=64 generation_tps=5.223
CHILD index=1 mig=fafc828a exit=0 text=5f0f74be36dfb05d role=child prefix_tokens=4081 suffix_tokens=16 model_ms=890.7 context_ms=53.2 state_ms=2.00 prefix_ms=0.0 suffix_ms=340.7 first_token_ms=1422.0 generation_ms=12197.8 generated=64 generation_tps=5.247
CHILD index=2 mig=fafc828a exit=0 text=45d93d75d8c246b5 role=child prefix_tokens=4081 suffix_tokens=16 model_ms=878.1 context_ms=26.3 state_ms=1.90 prefix_ms=0.0 suffix_ms=343.0 first_token_ms=1390.0 generation_ms=12206.3 generated=64 generation_tps=5.243
CHILD index=3 mig=fafc828a exit=0 text=4a8f18b77dbe0332 role=child prefix_tokens=4081 suffix_tokens=16 model_ms=916.7 context_ms=24.0 state_ms=1.93 prefix_ms=0.0 suffix_ms=380.4 first_token_ms=1468.4 generation_ms=12166.6 generated=64 generation_tps=5.260
MEMORY mem_available_drop_mib=2918 prefix_pss_mib=256 prefix_rss_mib=892 file_mib=224
END_CASE failed=0 timed_out=0 children_wall_ms=14083
CASE config=timeslice mode=copy children=8
PARENT mig=fafc828a exit=0 text=8e42d861853d43f0 prefix_tokens=4081 prefix_ms=4379.2 publish_ms=221.17 state_bytes=234086869 suffix_tokens=13 model_ms=588.6 context_ms=28.4 suffix_ms=57.8 first_token_ms=5391.7 generation_ms=13070.0 generated=64 generation_tps=4.897
CHILD index=0 mig=fafc828a exit=0 text=c762b6e82f144cca role=child prefix_tokens=4081 suffix_tokens=16 model_ms=807.6 context_ms=34.5 state_ms=128.02 prefix_ms=0.0 suffix_ms=160.2 first_token_ms=1352.0 generation_ms=21504.2 generated=64 generation_tps=2.976
CHILD index=1 mig=fafc828a exit=0 text=5f0f74be36dfb05d role=child prefix_tokens=4081 suffix_tokens=16 model_ms=1163.3 context_ms=40.5 state_ms=300.13 prefix_ms=0.0 suffix_ms=582.3 first_token_ms=2344.9 generation_ms=22254.7 generated=64 generation_tps=2.876
CHILD index=2 mig=fafc828a exit=0 text=45d93d75d8c246b5 role=child prefix_tokens=4081 suffix_tokens=16 model_ms=1219.6 context_ms=50.8 state_ms=251.18 prefix_ms=0.0 suffix_ms=561.5 first_token_ms=2362.9 generation_ms=22279.6 generated=64 generation_tps=2.873
CHILD index=3 mig=fafc828a exit=0 text=4a8f18b77dbe0332 role=child prefix_tokens=4081 suffix_tokens=16 model_ms=1156.0 context_ms=38.1 state_ms=281.47 prefix_ms=0.0 suffix_ms=569.0 first_token_ms=2337.8 generation_ms=22264.9 generated=64 generation_tps=2.874
CHILD index=4 mig=fafc828a exit=0 text=46404abc10d87546 role=child prefix_tokens=4081 suffix_tokens=16 model_ms=1200.0 context_ms=43.3 state_ms=259.39 prefix_ms=0.0 suffix_ms=572.6 first_token_ms=2369.2 generation_ms=22276.6 generated=64 generation_tps=2.873
CHILD index=5 mig=fafc828a exit=0 text=46404abc10d87546 role=child prefix_tokens=4081 suffix_tokens=16 model_ms=1129.4 context_ms=47.4 state_ms=283.70 prefix_ms=0.0 suffix_ms=566.5 first_token_ms=2323.7 generation_ms=22269.1 generated=64 generation_tps=2.874
CHILD index=6 mig=fafc828a exit=0 text=46404abc10d87546 role=child prefix_tokens=4081 suffix_tokens=16 model_ms=1212.2 context_ms=43.5 state_ms=245.52 prefix_ms=0.0 suffix_ms=617.7 first_token_ms=2408.2 generation_ms=22238.3 generated=64 generation_tps=2.878
CHILD index=7 mig=fafc828a exit=0 text=46404abc10d87546 role=child prefix_tokens=4081 suffix_tokens=16 model_ms=1130.9 context_ms=47.9 state_ms=283.31 prefix_ms=0.0 suffix_ms=566.9 first_token_ms=2318.4 generation_ms=22260.9 generated=64 generation_tps=2.875
MEMORY mem_available_drop_mib=9625 prefix_pss_mib=0 prefix_rss_mib=0 file_mib=0
END_CASE failed=0 timed_out=0 children_wall_ms=25220
CASE config=timeslice mode=extent children=8
PARENT mig=fafc828a exit=0 text=8e42d861853d43f0 prefix_tokens=4081 prefix_ms=4374.5 publish_ms=2.76 state_bytes=66005 suffix_tokens=13 model_ms=677.1 context_ms=21.9 suffix_ms=91.3 first_token_ms=5274.0 generation_ms=12741.8 generated=64 generation_tps=5.023
CHILD index=0 mig=fafc828a exit=0 text=c762b6e82f144cca role=child prefix_tokens=4081 suffix_tokens=16 model_ms=1185.8 context_ms=26.1 state_ms=1.75 prefix_ms=0.0 suffix_ms=394.0 first_token_ms=1848.6 generation_ms=22623.1 generated=64 generation_tps=2.829
CHILD index=1 mig=fafc828a exit=0 text=5f0f74be36dfb05d role=child prefix_tokens=4081 suffix_tokens=16 model_ms=1220.4 context_ms=30.4 state_ms=1.98 prefix_ms=0.0 suffix_ms=641.4 first_token_ms=2161.7 generation_ms=22530.1 generated=64 generation_tps=2.841
CHILD index=2 mig=fafc828a exit=0 text=45d93d75d8c246b5 role=child prefix_tokens=4081 suffix_tokens=16 model_ms=1196.0 context_ms=29.5 state_ms=1.75 prefix_ms=0.0 suffix_ms=610.0 first_token_ms=2135.5 generation_ms=22549.8 generated=64 generation_tps=2.838
CHILD index=3 mig=fafc828a exit=0 text=4a8f18b77dbe0332 role=child prefix_tokens=4081 suffix_tokens=16 model_ms=1208.1 context_ms=29.1 state_ms=1.75 prefix_ms=0.0 suffix_ms=577.3 first_token_ms=2103.3 generation_ms=22572.3 generated=64 generation_tps=2.835
CHILD index=4 mig=fafc828a exit=0 text=46404abc10d87546 role=child prefix_tokens=4081 suffix_tokens=16 model_ms=1127.1 context_ms=28.1 state_ms=1.76 prefix_ms=0.0 suffix_ms=397.7 first_token_ms=1837.1 generation_ms=22641.0 generated=64 generation_tps=2.827
CHILD index=5 mig=fafc828a exit=0 text=46404abc10d87546 role=child prefix_tokens=4081 suffix_tokens=16 model_ms=1226.0 context_ms=24.7 state_ms=1.75 prefix_ms=0.0 suffix_ms=597.9 first_token_ms=2140.4 generation_ms=22547.6 generated=64 generation_tps=2.838
CHILD index=6 mig=fafc828a exit=0 text=46404abc10d87546 role=child prefix_tokens=4081 suffix_tokens=16 model_ms=1107.1 context_ms=27.0 state_ms=2.03 prefix_ms=0.0 suffix_ms=290.1 first_token_ms=1702.6 generation_ms=22689.1 generated=64 generation_tps=2.821
CHILD index=7 mig=fafc828a exit=0 text=46404abc10d87546 role=child prefix_tokens=4081 suffix_tokens=16 model_ms=1184.6 context_ms=27.5 state_ms=1.80 prefix_ms=0.0 suffix_ms=574.0 first_token_ms=2079.7 generation_ms=22565.2 generated=64 generation_tps=2.836
MEMORY mem_available_drop_mib=6599 prefix_pss_mib=223 prefix_rss_mib=1785 file_mib=224
END_CASE failed=0 timed_out=0 children_wall_ms=25291
CASE config=mps mode=copy children=4
PARENT mig=fafc828a exit=0 text=8e42d861853d43f0 prefix_tokens=4081 prefix_ms=4388.0 publish_ms=225.74 state_bytes=234086869 suffix_tokens=13 model_ms=672.5 context_ms=29.1 suffix_ms=52.3 first_token_ms=5593.8 generation_ms=7980.9 generated=64 generation_tps=8.019
CHILD index=0 mig=fafc828a exit=0 text=c762b6e82f144cca role=child prefix_tokens=4081 suffix_tokens=16 model_ms=794.4 context_ms=33.1 state_ms=85.21 prefix_ms=0.0 suffix_ms=304.7 first_token_ms=1417.0 generation_ms=10733.3 generated=64 generation_tps=5.963
CHILD index=1 mig=fafc828a exit=0 text=5f0f74be36dfb05d role=child prefix_tokens=4081 suffix_tokens=16 model_ms=834.7 context_ms=30.2 state_ms=79.80 prefix_ms=0.0 suffix_ms=317.1 first_token_ms=1459.1 generation_ms=10724.4 generated=64 generation_tps=5.968
CHILD index=2 mig=fafc828a exit=0 text=45d93d75d8c246b5 role=child prefix_tokens=4081 suffix_tokens=16 model_ms=767.0 context_ms=34.9 state_ms=83.65 prefix_ms=0.0 suffix_ms=281.1 first_token_ms=1357.7 generation_ms=10766.8 generated=64 generation_tps=5.944
CHILD index=3 mig=fafc828a exit=0 text=4a8f18b77dbe0332 role=child prefix_tokens=4081 suffix_tokens=16 model_ms=760.7 context_ms=34.0 state_ms=94.99 prefix_ms=0.0 suffix_ms=293.4 first_token_ms=1379.1 generation_ms=10771.4 generated=64 generation_tps=5.942
MEMORY mem_available_drop_mib=5248 prefix_pss_mib=0 prefix_rss_mib=0 file_mib=0
END_CASE failed=0 timed_out=0 children_wall_ms=12670
CASE config=mps mode=extent children=4
PARENT mig=fafc828a exit=0 text=8e42d861853d43f0 prefix_tokens=4081 prefix_ms=4389.3 publish_ms=3.06 state_bytes=66005 suffix_tokens=13 model_ms=617.9 context_ms=21.6 suffix_ms=98.5 first_token_ms=5212.3 generation_ms=8613.3 generated=64 generation_tps=7.430
CHILD index=0 mig=fafc828a exit=0 text=c762b6e82f144cca role=child prefix_tokens=4081 suffix_tokens=16 model_ms=801.4 context_ms=26.6 state_ms=2.01 prefix_ms=0.0 suffix_ms=291.8 first_token_ms=1234.5 generation_ms=10944.2 generated=64 generation_tps=5.848
CHILD index=1 mig=fafc828a exit=0 text=5f0f74be36dfb05d role=child prefix_tokens=4081 suffix_tokens=16 model_ms=795.2 context_ms=27.3 state_ms=1.93 prefix_ms=0.0 suffix_ms=301.0 first_token_ms=1257.0 generation_ms=10925.2 generated=64 generation_tps=5.858
CHILD index=2 mig=fafc828a exit=0 text=45d93d75d8c246b5 role=child prefix_tokens=4081 suffix_tokens=16 model_ms=788.8 context_ms=29.9 state_ms=2.00 prefix_ms=0.0 suffix_ms=301.3 first_token_ms=1266.5 generation_ms=10941.7 generated=64 generation_tps=5.849
CHILD index=3 mig=fafc828a exit=0 text=4a8f18b77dbe0332 role=child prefix_tokens=4081 suffix_tokens=16 model_ms=766.3 context_ms=27.0 state_ms=1.91 prefix_ms=0.0 suffix_ms=332.9 first_token_ms=1270.1 generation_ms=10944.7 generated=64 generation_tps=5.848
MEMORY mem_available_drop_mib=2881 prefix_pss_mib=223 prefix_rss_mib=892 file_mib=224
END_CASE failed=0 timed_out=0 children_wall_ms=12694
CASE config=mps mode=copy children=8
PARENT mig=fafc828a exit=0 text=8e42d861853d43f0 prefix_tokens=4081 prefix_ms=4381.8 publish_ms=166.40 state_bytes=234086869 suffix_tokens=13 model_ms=621.7 context_ms=27.9 suffix_ms=56.8 first_token_ms=5355.4 generation_ms=12646.8 generated=64 generation_tps=5.061
CHILD index=0 mig=fafc828a exit=0 text=c762b6e82f144cca role=child prefix_tokens=4081 suffix_tokens=16 model_ms=1003.6 context_ms=30.5 state_ms=120.57 prefix_ms=0.0 suffix_ms=452.9 first_token_ms=1861.1 generation_ms=20064.5 generated=64 generation_tps=3.190
CHILD index=1 mig=fafc828a exit=0 text=5f0f74be36dfb05d role=child prefix_tokens=4081 suffix_tokens=16 model_ms=757.3 context_ms=28.6 state_ms=80.22 prefix_ms=0.0 suffix_ms=202.0 first_token_ms=1345.1 generation_ms=19784.9 generated=64 generation_tps=3.235
CHILD index=2 mig=fafc828a exit=0 text=45d93d75d8c246b5 role=child prefix_tokens=4081 suffix_tokens=16 model_ms=1018.5 context_ms=42.5 state_ms=92.54 prefix_ms=0.0 suffix_ms=502.1 first_token_ms=1951.0 generation_ms=20048.5 generated=64 generation_tps=3.192
CHILD index=3 mig=fafc828a exit=0 text=4a8f18b77dbe0332 role=child prefix_tokens=4081 suffix_tokens=16 model_ms=1072.4 context_ms=31.6 state_ms=94.70 prefix_ms=0.0 suffix_ms=532.2 first_token_ms=2031.5 generation_ms=19987.8 generated=64 generation_tps=3.202
CHILD index=4 mig=fafc828a exit=0 text=46404abc10d87546 role=child prefix_tokens=4081 suffix_tokens=16 model_ms=1041.5 context_ms=37.1 state_ms=86.61 prefix_ms=0.0 suffix_ms=511.6 first_token_ms=1980.7 generation_ms=20042.3 generated=64 generation_tps=3.193
CHILD index=5 mig=fafc828a exit=0 text=46404abc10d87546 role=child prefix_tokens=4081 suffix_tokens=16 model_ms=1066.5 context_ms=34.9 state_ms=92.21 prefix_ms=0.0 suffix_ms=526.0 first_token_ms=2010.2 generation_ms=20017.8 generated=64 generation_tps=3.197
CHILD index=6 mig=fafc828a exit=0 text=46404abc10d87546 role=child prefix_tokens=4081 suffix_tokens=16 model_ms=999.0 context_ms=34.5 state_ms=98.38 prefix_ms=0.0 suffix_ms=489.7 first_token_ms=1925.7 generation_ms=20048.2 generated=64 generation_tps=3.192
CHILD index=7 mig=fafc828a exit=0 text=46404abc10d87546 role=child prefix_tokens=4081 suffix_tokens=16 model_ms=1016.7 context_ms=34.8 state_ms=95.62 prefix_ms=0.0 suffix_ms=484.7 first_token_ms=1922.7 generation_ms=20033.3 generated=64 generation_tps=3.195
MEMORY mem_available_drop_mib=9220 prefix_pss_mib=0 prefix_rss_mib=0 file_mib=0
END_CASE failed=0 timed_out=0 children_wall_ms=22557
CASE config=mps mode=extent children=8
PARENT mig=fafc828a exit=0 text=8e42d861853d43f0 prefix_tokens=4081 prefix_ms=4379.8 publish_ms=3.13 state_bytes=66005 suffix_tokens=13 model_ms=614.4 context_ms=23.2 suffix_ms=99.0 first_token_ms=5214.1 generation_ms=12984.5 generated=64 generation_tps=4.929
CHILD index=0 mig=fafc828a exit=0 text=c762b6e82f144cca role=child prefix_tokens=4081 suffix_tokens=16 model_ms=912.9 context_ms=29.5 state_ms=1.98 prefix_ms=0.0 suffix_ms=220.2 first_token_ms=1403.1 generation_ms=20076.5 generated=64 generation_tps=3.188
CHILD index=1 mig=fafc828a exit=0 text=5f0f74be36dfb05d role=child prefix_tokens=4081 suffix_tokens=16 model_ms=1035.6 context_ms=31.1 state_ms=2.13 prefix_ms=0.0 suffix_ms=575.9 first_token_ms=1922.9 generation_ms=20084.3 generated=64 generation_tps=3.187
CHILD index=2 mig=fafc828a exit=0 text=45d93d75d8c246b5 role=child prefix_tokens=4081 suffix_tokens=16 model_ms=1040.2 context_ms=30.9 state_ms=2.03 prefix_ms=0.0 suffix_ms=588.7 first_token_ms=1973.4 generation_ms=20055.8 generated=64 generation_tps=3.191
CHILD index=3 mig=fafc828a exit=0 text=4a8f18b77dbe0332 role=child prefix_tokens=4081 suffix_tokens=16 model_ms=999.8 context_ms=30.5 state_ms=1.98 prefix_ms=0.0 suffix_ms=516.1 first_token_ms=1870.3 generation_ms=20114.4 generated=64 generation_tps=3.182
CHILD index=4 mig=fafc828a exit=0 text=46404abc10d87546 role=child prefix_tokens=4081 suffix_tokens=16 model_ms=1046.4 context_ms=34.5 state_ms=1.96 prefix_ms=0.0 suffix_ms=523.5 first_token_ms=1912.8 generation_ms=20072.7 generated=64 generation_tps=3.188
CHILD index=5 mig=fafc828a exit=0 text=46404abc10d87546 role=child prefix_tokens=4081 suffix_tokens=16 model_ms=1008.6 context_ms=28.5 state_ms=1.91 prefix_ms=0.0 suffix_ms=454.2 first_token_ms=1781.8 generation_ms=20115.2 generated=64 generation_tps=3.182
CHILD index=6 mig=fafc828a exit=0 text=46404abc10d87546 role=child prefix_tokens=4081 suffix_tokens=16 model_ms=1041.6 context_ms=34.6 state_ms=1.86 prefix_ms=0.0 suffix_ms=528.4 first_token_ms=1918.7 generation_ms=20091.8 generated=64 generation_tps=3.185
CHILD index=7 mig=fafc828a exit=0 text=46404abc10d87546 role=child prefix_tokens=4081 suffix_tokens=16 model_ms=936.4 context_ms=24.4 state_ms=1.95 prefix_ms=0.0 suffix_ms=329.9 first_token_ms=1580.8 generation_ms=20063.9 generated=64 generation_tps=3.190
MEMORY mem_available_drop_mib=6492 prefix_pss_mib=223 prefix_rss_mib=1785 file_mib=224
END_CASE failed=0 timed_out=0 children_wall_ms=22539
CASE config=mig mode=copy children=4
PARENT mig=fafc828a exit=0 text=8e42d861853d43f0 prefix_tokens=4081 prefix_ms=4384.2 publish_ms=174.29 state_bytes=234086869 suffix_tokens=13 model_ms=626.2 context_ms=28.4 suffix_ms=55.3 first_token_ms=5380.3 generation_ms=5623.2 generated=64 generation_tps=11.381
CHILD index=0 mig=fafc828a exit=0 text=c762b6e82f144cca role=child prefix_tokens=4081 suffix_tokens=16 model_ms=934.5 context_ms=41.6 state_ms=145.78 prefix_ms=0.0 suffix_ms=239.2 first_token_ms=1497.5 generation_ms=6989.4 generated=64 generation_tps=9.157
CHILD index=1 mig=31ffbfe4 exit=0 text=3e8e491b5e31337a role=child prefix_tokens=4081 suffix_tokens=16 model_ms=870.2 context_ms=32.6 state_ms=77.03 prefix_ms=0.0 suffix_ms=131.4 first_token_ms=1257.4 generation_ms=8685.6 generated=64 generation_tps=7.368
CHILD index=2 mig=fafc828a exit=0 text=45d93d75d8c246b5 role=child prefix_tokens=4081 suffix_tokens=16 model_ms=909.5 context_ms=40.8 state_ms=146.23 prefix_ms=0.0 suffix_ms=253.7 first_token_ms=1492.8 generation_ms=6978.3 generated=64 generation_tps=9.171
CHILD index=3 mig=31ffbfe4 exit=0 text=3fd8649867d4bb41 role=child prefix_tokens=4081 suffix_tokens=16 model_ms=908.3 context_ms=35.0 state_ms=107.64 prefix_ms=0.0 suffix_ms=234.1 first_token_ms=1431.1 generation_ms=8597.3 generated=64 generation_tps=7.444
MEMORY mem_available_drop_mib=5595 prefix_pss_mib=0 prefix_rss_mib=0 file_mib=0
END_CASE failed=0 timed_out=0 children_wall_ms=10543
CASE config=mig mode=extent children=4
PARENT mig=fafc828a exit=0 text=8e42d861853d43f0 prefix_tokens=4081 prefix_ms=4387.0 publish_ms=3.10 state_bytes=66005 suffix_tokens=13 model_ms=685.8 context_ms=21.7 suffix_ms=92.6 first_token_ms=5284.7 generation_ms=6287.7 generated=64 generation_tps=10.179
CHILD index=0 mig=fafc828a exit=0 text=c762b6e82f144cca role=child prefix_tokens=4081 suffix_tokens=16 model_ms=850.2 context_ms=31.4 state_ms=1.96 prefix_ms=0.0 suffix_ms=262.0 first_token_ms=1288.9 generation_ms=7367.1 generated=64 generation_tps=8.687
CHILD index=1 mig=31ffbfe4 exit=0 text=3e8e491b5e31337a role=child prefix_tokens=4081 suffix_tokens=16 model_ms=700.1 context_ms=23.0 state_ms=1.79 prefix_ms=0.0 suffix_ms=119.6 first_token_ms=965.7 generation_ms=8719.9 generated=64 generation_tps=7.340
CHILD index=2 mig=fafc828a exit=0 text=45d93d75d8c246b5 role=child prefix_tokens=4081 suffix_tokens=16 model_ms=845.6 context_ms=26.0 state_ms=1.90 prefix_ms=0.0 suffix_ms=194.3 first_token_ms=1206.3 generation_ms=7373.4 generated=64 generation_tps=8.680
CHILD index=3 mig=31ffbfe4 exit=0 text=3fd8649867d4bb41 role=child prefix_tokens=4081 suffix_tokens=16 model_ms=826.4 context_ms=28.6 state_ms=1.94 prefix_ms=0.0 suffix_ms=246.5 first_token_ms=1245.0 generation_ms=8623.8 generated=64 generation_tps=7.421
MEMORY mem_available_drop_mib=2687 prefix_pss_mib=223 prefix_rss_mib=892 file_mib=224
END_CASE failed=0 timed_out=0 children_wall_ms=10386
CASE config=mig mode=copy children=8
PARENT mig=fafc828a exit=0 text=8e42d861853d43f0 prefix_tokens=4081 prefix_ms=4371.1 publish_ms=159.43 state_bytes=234086869 suffix_tokens=13 model_ms=693.6 context_ms=29.9 suffix_ms=56.7 first_token_ms=5424.4 generation_ms=7803.3 generated=64 generation_tps=8.202
CHILD index=0 mig=fafc828a exit=0 text=c762b6e82f144cca role=child prefix_tokens=4081 suffix_tokens=16 model_ms=928.7 context_ms=31.7 state_ms=133.79 prefix_ms=0.0 suffix_ms=183.2 first_token_ms=1532.3 generation_ms=12218.0 generated=64 generation_tps=5.238
CHILD index=1 mig=31ffbfe4 exit=0 text=3e8e491b5e31337a role=child prefix_tokens=4081 suffix_tokens=16 model_ms=1088.6 context_ms=32.4 state_ms=109.62 prefix_ms=0.0 suffix_ms=262.9 first_token_ms=1808.0 generation_ms=17272.2 generated=64 generation_tps=3.705
CHILD index=2 mig=fafc828a exit=0 text=45d93d75d8c246b5 role=child prefix_tokens=4081 suffix_tokens=16 model_ms=1204.1 context_ms=39.2 state_ms=223.77 prefix_ms=0.0 suffix_ms=346.1 first_token_ms=2108.5 generation_ms=12207.4 generated=64 generation_tps=5.243
CHILD index=3 mig=31ffbfe4 exit=0 text=3fd8649867d4bb41 role=child prefix_tokens=4081 suffix_tokens=16 model_ms=1139.7 context_ms=50.9 state_ms=122.18 prefix_ms=0.0 suffix_ms=424.8 first_token_ms=2055.1 generation_ms=17192.6 generated=64 generation_tps=3.723
CHILD index=4 mig=fafc828a exit=0 text=46404abc10d87546 role=child prefix_tokens=4081 suffix_tokens=16 model_ms=1143.7 context_ms=41.7 state_ms=227.88 prefix_ms=0.0 suffix_ms=339.1 first_token_ms=2053.0 generation_ms=12207.6 generated=64 generation_tps=5.243
CHILD index=5 mig=31ffbfe4 exit=0 text=46404abc10d87546 role=child prefix_tokens=4081 suffix_tokens=16 model_ms=1164.9 context_ms=49.1 state_ms=123.05 prefix_ms=0.0 suffix_ms=432.8 first_token_ms=2053.9 generation_ms=17199.3 generated=64 generation_tps=3.721
CHILD index=6 mig=fafc828a exit=0 text=46404abc10d87546 role=child prefix_tokens=4081 suffix_tokens=16 model_ms=1149.5 context_ms=48.2 state_ms=225.02 prefix_ms=0.0 suffix_ms=371.7 first_token_ms=2094.7 generation_ms=12204.6 generated=64 generation_tps=5.244
CHILD index=7 mig=31ffbfe4 exit=0 text=46404abc10d87546 role=child prefix_tokens=4081 suffix_tokens=16 model_ms=1122.0 context_ms=29.8 state_ms=97.05 prefix_ms=0.0 suffix_ms=247.6 first_token_ms=1780.9 generation_ms=17340.5 generated=64 generation_tps=3.691
MEMORY mem_available_drop_mib=8850 prefix_pss_mib=0 prefix_rss_mib=0 file_mib=0
END_CASE failed=0 timed_out=0 children_wall_ms=19732
CASE config=mig mode=extent children=8
PARENT mig=fafc828a exit=0 text=8e42d861853d43f0 prefix_tokens=4081 prefix_ms=4383.2 publish_ms=2.34 state_bytes=66005 suffix_tokens=13 model_ms=643.3 context_ms=23.4 suffix_ms=100.8 first_token_ms=5263.5 generation_ms=9770.4 generated=64 generation_tps=6.550
CHILD index=0 mig=fafc828a exit=0 text=c762b6e82f144cca role=child prefix_tokens=4081 suffix_tokens=16 model_ms=708.8 context_ms=33.5 state_ms=1.76 prefix_ms=0.0 suffix_ms=160.8 first_token_ms=1081.4 generation_ms=12684.1 generated=64 generation_tps=5.046
CHILD index=1 mig=31ffbfe4 exit=0 text=3e8e491b5e31337a role=child prefix_tokens=4081 suffix_tokens=16 model_ms=1147.7 context_ms=26.9 state_ms=1.93 prefix_ms=0.0 suffix_ms=421.9 first_token_ms=1924.3 generation_ms=17694.1 generated=64 generation_tps=3.617
CHILD index=2 mig=fafc828a exit=0 text=45d93d75d8c246b5 role=child prefix_tokens=4081 suffix_tokens=16 model_ms=1194.1 context_ms=27.1 state_ms=2.00 prefix_ms=0.0 suffix_ms=354.0 first_token_ms=1868.6 generation_ms=12806.7 generated=64 generation_tps=4.997
CHILD index=3 mig=31ffbfe4 exit=0 text=3fd8649867d4bb41 role=child prefix_tokens=4081 suffix_tokens=16 model_ms=1105.4 context_ms=24.3 state_ms=1.83 prefix_ms=0.0 suffix_ms=185.4 first_token_ms=1582.2 generation_ms=17843.0 generated=64 generation_tps=3.587
CHILD index=4 mig=fafc828a exit=0 text=46404abc10d87546 role=child prefix_tokens=4081 suffix_tokens=16 model_ms=1108.1 context_ms=27.3 state_ms=1.73 prefix_ms=0.0 suffix_ms=308.2 first_token_ms=1749.9 generation_ms=12871.2 generated=64 generation_tps=4.972
CHILD index=5 mig=31ffbfe4 exit=0 text=46404abc10d87546 role=child prefix_tokens=4081 suffix_tokens=16 model_ms=1080.1 context_ms=28.2 state_ms=1.81 prefix_ms=0.0 suffix_ms=366.6 first_token_ms=1805.7 generation_ms=17751.1 generated=64 generation_tps=3.605
CHILD index=6 mig=fafc828a exit=0 text=46404abc10d87546 role=child prefix_tokens=4081 suffix_tokens=16 model_ms=1142.7 context_ms=25.0 state_ms=1.74 prefix_ms=0.0 suffix_ms=361.0 first_token_ms=1830.6 generation_ms=12832.4 generated=64 generation_tps=4.987
CHILD index=7 mig=31ffbfe4 exit=0 text=46404abc10d87546 role=child prefix_tokens=4081 suffix_tokens=16 model_ms=1115.0 context_ms=29.6 state_ms=1.87 prefix_ms=0.0 suffix_ms=390.8 first_token_ms=1840.4 generation_ms=17745.2 generated=64 generation_tps=3.607
MEMORY mem_available_drop_mib=5975 prefix_pss_mib=238 prefix_rss_mib=1785 file_mib=224
END_CASE failed=0 timed_out=0 children_wall_ms=20113
CASE config=mig_mps mode=copy children=4
PARENT mig=fafc828a exit=0 text=8e42d861853d43f0 prefix_tokens=4081 prefix_ms=4381.0 publish_ms=201.02 state_bytes=234086869 suffix_tokens=13 model_ms=654.3 context_ms=28.8 suffix_ms=54.9 first_token_ms=5538.1 generation_ms=5356.4 generated=64 generation_tps=11.948
CHILD index=0 mig=fafc828a exit=0 text=c762b6e82f144cca role=child prefix_tokens=4081 suffix_tokens=16 model_ms=795.1 context_ms=29.8 state_ms=92.98 prefix_ms=0.0 suffix_ms=232.9 first_token_ms=1318.8 generation_ms=6282.6 generated=64 generation_tps=10.187
CHILD index=1 mig=31ffbfe4 exit=0 text=3e8e491b5e31337a role=child prefix_tokens=4081 suffix_tokens=16 model_ms=788.4 context_ms=33.8 state_ms=47.74 prefix_ms=0.0 suffix_ms=179.0 first_token_ms=1289.3 generation_ms=7782.8 generated=64 generation_tps=8.223
CHILD index=2 mig=fafc828a exit=0 text=45d93d75d8c246b5 role=child prefix_tokens=4081 suffix_tokens=16 model_ms=748.0 context_ms=30.5 state_ms=86.92 prefix_ms=0.0 suffix_ms=240.1 first_token_ms=1286.4 generation_ms=6328.0 generated=64 generation_tps=10.114
CHILD index=3 mig=31ffbfe4 exit=0 text=3fd8649867d4bb41 role=child prefix_tokens=4081 suffix_tokens=16 model_ms=774.1 context_ms=31.2 state_ms=53.25 prefix_ms=0.0 suffix_ms=165.3 first_token_ms=1255.2 generation_ms=7776.7 generated=64 generation_tps=8.230
MEMORY mem_available_drop_mib=4623 prefix_pss_mib=0 prefix_rss_mib=0 file_mib=0
END_CASE failed=0 timed_out=0 children_wall_ms=9505
CASE config=mig_mps mode=extent children=4
PARENT mig=fafc828a exit=0 text=8e42d861853d43f0 prefix_tokens=4081 prefix_ms=4387.3 publish_ms=2.63 state_bytes=66005 suffix_tokens=13 model_ms=613.7 context_ms=22.3 suffix_ms=99.1 first_token_ms=5219.9 generation_ms=5762.9 generated=64 generation_tps=11.106
CHILD index=0 mig=fafc828a exit=0 text=c762b6e82f144cca role=child prefix_tokens=4081 suffix_tokens=16 model_ms=729.2 context_ms=24.6 state_ms=1.82 prefix_ms=0.0 suffix_ms=267.8 first_token_ms=1144.9 generation_ms=6672.9 generated=64 generation_tps=9.591
CHILD index=1 mig=31ffbfe4 exit=0 text=3e8e491b5e31337a role=child prefix_tokens=4081 suffix_tokens=16 model_ms=807.1 context_ms=26.6 state_ms=1.76 prefix_ms=0.0 suffix_ms=165.7 first_token_ms=1117.9 generation_ms=7988.0 generated=64 generation_tps=8.012
CHILD index=2 mig=fafc828a exit=0 text=45d93d75d8c246b5 role=child prefix_tokens=4081 suffix_tokens=16 model_ms=767.5 context_ms=26.1 state_ms=1.84 prefix_ms=0.0 suffix_ms=231.6 first_token_ms=1160.2 generation_ms=6661.8 generated=64 generation_tps=9.607
CHILD index=3 mig=31ffbfe4 exit=0 text=3fd8649867d4bb41 role=child prefix_tokens=4081 suffix_tokens=16 model_ms=806.2 context_ms=25.4 state_ms=1.81 prefix_ms=0.0 suffix_ms=197.5 first_token_ms=1166.6 generation_ms=7987.5 generated=64 generation_tps=8.013
MEMORY mem_available_drop_mib=3174 prefix_pss_mib=223 prefix_rss_mib=892 file_mib=224
END_CASE failed=0 timed_out=0 children_wall_ms=9605
CASE config=mig_mps mode=copy children=8
PARENT mig=fafc828a exit=0 text=8e42d861853d43f0 prefix_tokens=4081 prefix_ms=4381.7 publish_ms=202.09 state_bytes=234086869 suffix_tokens=13 model_ms=668.5 context_ms=28.2 suffix_ms=56.6 first_token_ms=5423.7 generation_ms=7689.7 generated=64 generation_tps=8.323
CHILD index=0 mig=fafc828a exit=0 text=c762b6e82f144cca role=child prefix_tokens=4081 suffix_tokens=16 model_ms=1060.6 context_ms=44.4 state_ms=105.00 prefix_ms=0.0 suffix_ms=365.6 first_token_ms=1865.6 generation_ms=10904.5 generated=64 generation_tps=5.869
CHILD index=1 mig=31ffbfe4 exit=0 text=3e8e491b5e31337a role=child prefix_tokens=4081 suffix_tokens=16 model_ms=957.2 context_ms=35.5 state_ms=109.58 prefix_ms=0.0 suffix_ms=258.8 first_token_ms=1665.8 generation_ms=15442.3 generated=64 generation_tps=4.144
CHILD index=2 mig=fafc828a exit=0 text=45d93d75d8c246b5 role=child prefix_tokens=4081 suffix_tokens=16 model_ms=755.3 context_ms=30.9 state_ms=83.47 prefix_ms=0.0 suffix_ms=195.8 first_token_ms=1314.4 generation_ms=10920.5 generated=64 generation_tps=5.861
CHILD index=3 mig=31ffbfe4 exit=0 text=3fd8649867d4bb41 role=child prefix_tokens=4081 suffix_tokens=16 model_ms=1009.9 context_ms=42.5 state_ms=76.74 prefix_ms=0.0 suffix_ms=324.1 first_token_ms=1755.4 generation_ms=15428.3 generated=64 generation_tps=4.148
CHILD index=4 mig=fafc828a exit=0 text=46404abc10d87546 role=child prefix_tokens=4081 suffix_tokens=16 model_ms=976.4 context_ms=33.0 state_ms=117.51 prefix_ms=0.0 suffix_ms=346.2 first_token_ms=1780.5 generation_ms=10955.4 generated=64 generation_tps=5.842
CHILD index=5 mig=31ffbfe4 exit=0 text=46404abc10d87546 role=child prefix_tokens=4081 suffix_tokens=16 model_ms=1039.3 context_ms=45.6 state_ms=73.48 prefix_ms=0.0 suffix_ms=356.9 first_token_ms=1804.6 generation_ms=15383.6 generated=64 generation_tps=4.160
CHILD index=6 mig=fafc828a exit=0 text=46404abc10d87546 role=child prefix_tokens=4081 suffix_tokens=16 model_ms=1013.2 context_ms=46.5 state_ms=112.55 prefix_ms=0.0 suffix_ms=354.3 first_token_ms=1818.3 generation_ms=10923.4 generated=64 generation_tps=5.859
CHILD index=7 mig=31ffbfe4 exit=0 text=46404abc10d87546 role=child prefix_tokens=4081 suffix_tokens=16 model_ms=1019.3 context_ms=47.3 state_ms=68.13 prefix_ms=0.0 suffix_ms=351.6 first_token_ms=1785.4 generation_ms=15419.8 generated=64 generation_tps=4.151
MEMORY mem_available_drop_mib=9517 prefix_pss_mib=0 prefix_rss_mib=0 file_mib=0
END_CASE failed=0 timed_out=0 children_wall_ms=17699
CASE config=mig_mps mode=extent children=8
PARENT mig=fafc828a exit=0 text=8e42d861853d43f0 prefix_tokens=4081 prefix_ms=4387.3 publish_ms=3.25 state_bytes=66005 suffix_tokens=13 model_ms=635.8 context_ms=23.2 suffix_ms=95.0 first_token_ms=5258.4 generation_ms=8051.2 generated=64 generation_tps=7.949
CHILD index=0 mig=fafc828a exit=0 text=c762b6e82f144cca role=child prefix_tokens=4081 suffix_tokens=16 model_ms=1030.7 context_ms=25.7 state_ms=1.96 prefix_ms=0.0 suffix_ms=237.3 first_token_ms=1458.6 generation_ms=11458.1 generated=64 generation_tps=5.586
CHILD index=1 mig=31ffbfe4 exit=0 text=3e8e491b5e31337a role=child prefix_tokens=4081 suffix_tokens=16 model_ms=1030.4 context_ms=24.8 state_ms=1.90 prefix_ms=0.0 suffix_ms=131.5 first_token_ms=1392.3 generation_ms=15727.6 generated=64 generation_tps=4.069
CHILD index=2 mig=fafc828a exit=0 text=45d93d75d8c246b5 role=child prefix_tokens=4081 suffix_tokens=16 model_ms=1054.6 context_ms=35.0 state_ms=2.03 prefix_ms=0.0 suffix_ms=365.0 first_token_ms=1706.2 generation_ms=11416.3 generated=64 generation_tps=5.606
CHILD index=3 mig=31ffbfe4 exit=0 text=3fd8649867d4bb41 role=child prefix_tokens=4081 suffix_tokens=16 model_ms=919.7 context_ms=30.7 state_ms=1.99 prefix_ms=0.0 suffix_ms=406.9 first_token_ms=1739.7 generation_ms=15774.1 generated=64 generation_tps=4.057
CHILD index=4 mig=fafc828a exit=0 text=46404abc10d87546 role=child prefix_tokens=4081 suffix_tokens=16 model_ms=956.1 context_ms=30.9 state_ms=2.08 prefix_ms=0.0 suffix_ms=354.5 first_token_ms=1667.1 generation_ms=11419.0 generated=64 generation_tps=5.605
CHILD index=5 mig=31ffbfe4 exit=0 text=46404abc10d87546 role=child prefix_tokens=4081 suffix_tokens=16 model_ms=967.8 context_ms=31.1 state_ms=2.10 prefix_ms=0.0 suffix_ms=401.3 first_token_ms=1751.5 generation_ms=15792.9 generated=64 generation_tps=4.052
CHILD index=6 mig=fafc828a exit=0 text=46404abc10d87546 role=child prefix_tokens=4081 suffix_tokens=16 model_ms=951.7 context_ms=25.3 state_ms=1.80 prefix_ms=0.0 suffix_ms=328.5 first_token_ms=1600.4 generation_ms=11445.2 generated=64 generation_tps=5.592
CHILD index=7 mig=31ffbfe4 exit=0 text=46404abc10d87546 role=child prefix_tokens=4081 suffix_tokens=16 model_ms=964.1 context_ms=28.7 state_ms=2.11 prefix_ms=0.0 suffix_ms=410.5 first_token_ms=1734.1 generation_ms=15797.4 generated=64 generation_tps=4.051
MEMORY mem_available_drop_mib=5987 prefix_pss_mib=223 prefix_rss_mib=1785 file_mib=224
END_CASE failed=0 timed_out=0 children_wall_ms=17995
END_KVMPS
BEGIN_KVMPS run=5 paragraphs=320 context=32768
REFERENCE who=0 mig=fafc828a text=d42c4c07975a6446
REFERENCE who=1 mig=fafc828a text=3fd8649867d4bb41
REFERENCE who=1 mig=31ffbfe4 text=3fd8649867d4bb41
REFERENCE who=2 mig=fafc828a text=3fd8649867d4bb41
REFERENCE who=3 mig=fafc828a text=3fd8649867d4bb41
REFERENCE who=3 mig=31ffbfe4 text=3e0fd62f5aa50665
REFERENCE who=4 mig=fafc828a text=3e0fd62f5aa50665
REFERENCE who=5 mig=fafc828a text=3e0fd62f5aa50665
REFERENCE who=5 mig=31ffbfe4 text=45d93d75d8c246b5
REFERENCE who=6 mig=fafc828a text=4a8f18b77dbe0332
REFERENCE who=7 mig=fafc828a text=4a8f18b77dbe0332
REFERENCE who=7 mig=31ffbfe4 text=4a8f18b77dbe0332
CASE config=timeslice mode=copy children=4
PARENT mig=fafc828a exit=0 text=c646470e58f73411 prefix_tokens=16321 prefix_ms=19731.8 publish_ms=510.89 state_bytes=936173269 suffix_tokens=13 model_ms=638.3 context_ms=58.6 suffix_ms=61.7 first_token_ms=21128.9 generation_ms=9267.7 generated=64 generation_tps=6.906
CHILD index=0 mig=fafc828a exit=0 text=d42c4c07975a6446 role=child prefix_tokens=16321 suffix_tokens=16 model_ms=767.1 context_ms=67.0 state_ms=303.68 prefix_ms=0.0 suffix_ms=195.0 first_token_ms=1427.6 generation_ms=12700.4 generated=64 generation_tps=5.039
CHILD index=1 mig=fafc828a exit=0 text=3fd8649867d4bb41 role=child prefix_tokens=16321 suffix_tokens=16 model_ms=868.7 context_ms=136.1 state_ms=350.63 prefix_ms=0.0 suffix_ms=401.0 first_token_ms=1890.4 generation_ms=12672.1 generated=64 generation_tps=5.050
CHILD index=2 mig=fafc828a exit=0 text=3fd8649867d4bb41 role=child prefix_tokens=16321 suffix_tokens=16 model_ms=862.8 context_ms=140.8 state_ms=347.48 prefix_ms=0.0 suffix_ms=392.6 first_token_ms=1887.6 generation_ms=12678.1 generated=64 generation_tps=5.048
CHILD index=3 mig=fafc828a exit=0 text=3fd8649867d4bb41 role=child prefix_tokens=16321 suffix_tokens=16 model_ms=867.1 context_ms=100.1 state_ms=376.20 prefix_ms=0.0 suffix_ms=383.5 first_token_ms=1861.8 generation_ms=12658.9 generated=64 generation_tps=5.056
MEMORY mem_available_drop_mib=10020 prefix_pss_mib=0 prefix_rss_mib=0 file_mib=0
END_CASE failed=0 timed_out=0 children_wall_ms=15109
CASE config=timeslice mode=extent children=4
PARENT mig=fafc828a exit=0 text=c646470e58f73411 prefix_tokens=16321 prefix_ms=19781.8 publish_ms=5.76 state_bytes=261845 suffix_tokens=13 model_ms=635.2 context_ms=38.0 suffix_ms=113.9 first_token_ms=20711.7 generation_ms=9702.8 generated=64 generation_tps=6.596
CHILD index=0 mig=fafc828a exit=0 text=d42c4c07975a6446 role=child prefix_tokens=16321 suffix_tokens=16 model_ms=802.9 context_ms=37.9 state_ms=7.50 prefix_ms=0.0 suffix_ms=225.9 first_token_ms=1188.9 generation_ms=12792.0 generated=64 generation_tps=5.003
CHILD index=1 mig=fafc828a exit=0 text=3fd8649867d4bb41 role=child prefix_tokens=16321 suffix_tokens=16 model_ms=900.9 context_ms=40.3 state_ms=45.09 prefix_ms=0.0 suffix_ms=363.8 first_token_ms=1483.0 generation_ms=12718.9 generated=64 generation_tps=5.032
CHILD index=2 mig=fafc828a exit=0 text=3fd8649867d4bb41 role=child prefix_tokens=16321 suffix_tokens=16 model_ms=945.7 context_ms=68.9 state_ms=8.84 prefix_ms=0.0 suffix_ms=466.5 first_token_ms=1626.5 generation_ms=12653.4 generated=64 generation_tps=5.058
CHILD index=3 mig=fafc828a exit=0 text=3fd8649867d4bb41 role=child prefix_tokens=16321 suffix_tokens=16 model_ms=916.9 context_ms=39.4 state_ms=7.84 prefix_ms=0.0 suffix_ms=437.4 first_token_ms=1527.3 generation_ms=12708.9 generated=64 generation_tps=5.036
MEMORY mem_available_drop_mib=3333 prefix_pss_mib=1080 prefix_rss_mib=3570 file_mib=896
END_CASE failed=0 timed_out=0 children_wall_ms=14794
CASE config=timeslice mode=copy children=8
PARENT mig=fafc828a exit=0 text=c646470e58f73411 prefix_tokens=16321 prefix_ms=19738.8 publish_ms=515.33 state_bytes=936173269 suffix_tokens=13 model_ms=688.0 context_ms=62.2 suffix_ms=62.9 first_token_ms=21212.9 generation_ms=13195.9 generated=64 generation_tps=4.850
CHILD index=0 mig=fafc828a exit=0 text=d42c4c07975a6446 role=child prefix_tokens=16321 suffix_tokens=16 model_ms=1223.0 context_ms=104.2 state_ms=472.48 prefix_ms=0.0 suffix_ms=579.1 first_token_ms=2622.9 generation_ms=23535.9 generated=64 generation_tps=2.719
CHILD index=1 mig=fafc828a exit=0 text=3fd8649867d4bb41 role=child prefix_tokens=16321 suffix_tokens=16 model_ms=888.1 context_ms=72.8 state_ms=279.31 prefix_ms=0.0 suffix_ms=267.9 first_token_ms=1681.2 generation_ms=23059.5 generated=64 generation_tps=2.775
CHILD index=2 mig=fafc828a exit=0 text=3fd8649867d4bb41 role=child prefix_tokens=16321 suffix_tokens=16 model_ms=1206.6 context_ms=146.6 state_ms=421.23 prefix_ms=0.0 suffix_ms=592.5 first_token_ms=2643.0 generation_ms=23585.7 generated=64 generation_tps=2.714
CHILD index=3 mig=fafc828a exit=0 text=3fd8649867d4bb41 role=child prefix_tokens=16321 suffix_tokens=16 model_ms=1200.0 context_ms=187.7 state_ms=399.47 prefix_ms=0.0 suffix_ms=634.5 first_token_ms=2731.8 generation_ms=23615.1 generated=64 generation_tps=2.710
CHILD index=4 mig=fafc828a exit=0 text=3e0fd62f5aa50665 role=child prefix_tokens=16321 suffix_tokens=16 model_ms=1234.5 context_ms=174.7 state_ms=371.73 prefix_ms=0.0 suffix_ms=644.9 first_token_ms=2744.3 generation_ms=23604.5 generated=64 generation_tps=2.711
CHILD index=5 mig=fafc828a exit=0 text=3e0fd62f5aa50665 role=child prefix_tokens=16321 suffix_tokens=16 model_ms=1206.1 context_ms=168.3 state_ms=397.38 prefix_ms=0.0 suffix_ms=632.3 first_token_ms=2710.7 generation_ms=23624.2 generated=64 generation_tps=2.709
CHILD index=6 mig=fafc828a exit=0 text=4a8f18b77dbe0332 role=child prefix_tokens=16321 suffix_tokens=16 model_ms=1199.6 context_ms=178.8 state_ms=374.32 prefix_ms=0.0 suffix_ms=639.6 first_token_ms=2735.4 generation_ms=23596.2 generated=64 generation_tps=2.712
CHILD index=7 mig=fafc828a exit=0 text=4a8f18b77dbe0332 role=child prefix_tokens=16321 suffix_tokens=16 model_ms=1180.9 context_ms=187.4 state_ms=400.05 prefix_ms=0.0 suffix_ms=650.1 first_token_ms=2732.1 generation_ms=23600.1 generated=64 generation_tps=2.712
MEMORY mem_available_drop_mib=20824 prefix_pss_mib=0 prefix_rss_mib=0 file_mib=0
END_CASE failed=0 timed_out=0 children_wall_ms=26997
CASE config=timeslice mode=extent children=8
PARENT mig=fafc828a exit=0 text=c646470e58f73411 prefix_tokens=16321 prefix_ms=19817.1 publish_ms=5.81 state_bytes=261845 suffix_tokens=13 model_ms=691.1 context_ms=38.0 suffix_ms=118.4 first_token_ms=20814.7 generation_ms=13363.6 generated=64 generation_tps=4.789
CHILD index=0 mig=fafc828a exit=0 text=d42c4c07975a6446 role=child prefix_tokens=16321 suffix_tokens=16 model_ms=1170.1 context_ms=39.4 state_ms=7.55 prefix_ms=0.0 suffix_ms=217.4 first_token_ms=1680.9 generation_ms=23659.2 generated=64 generation_tps=2.705
CHILD index=1 mig=fafc828a exit=0 text=3fd8649867d4bb41 role=child prefix_tokens=16321 suffix_tokens=16 model_ms=1186.1 context_ms=38.3 state_ms=7.61 prefix_ms=0.0 suffix_ms=553.6 first_token_ms=2072.3 generation_ms=23602.5 generated=64 generation_tps=2.712
CHILD index=2 mig=fafc828a exit=0 text=3fd8649867d4bb41 role=child prefix_tokens=16321 suffix_tokens=16 model_ms=1268.4 context_ms=40.6 state_ms=8.01 prefix_ms=0.0 suffix_ms=631.8 first_token_ms=2253.4 generation_ms=23555.0 generated=64 generation_tps=2.717
CHILD index=3 mig=fafc828a exit=0 text=3fd8649867d4bb41 role=child prefix_tokens=16321 suffix_tokens=16 model_ms=1227.1 context_ms=41.0 state_ms=7.67 prefix_ms=0.0 suffix_ms=666.8 first_token_ms=2261.2 generation_ms=23555.7 generated=64 generation_tps=2.717
CHILD index=4 mig=fafc828a exit=0 text=3e0fd62f5aa50665 role=child prefix_tokens=16321 suffix_tokens=16 model_ms=1276.7 context_ms=46.3 state_ms=7.63 prefix_ms=0.0 suffix_ms=682.9 first_token_ms=2315.0 generation_ms=23507.7 generated=64 generation_tps=2.723
CHILD index=5 mig=fafc828a exit=0 text=3e0fd62f5aa50665 role=child prefix_tokens=16321 suffix_tokens=16 model_ms=1257.6 context_ms=42.3 state_ms=7.53 prefix_ms=0.0 suffix_ms=646.4 first_token_ms=2263.2 generation_ms=23547.5 generated=64 generation_tps=2.718
CHILD index=6 mig=fafc828a exit=0 text=4a8f18b77dbe0332 role=child prefix_tokens=16321 suffix_tokens=16 model_ms=1195.8 context_ms=38.9 state_ms=7.51 prefix_ms=0.0 suffix_ms=452.6 first_token_ms=1985.0 generation_ms=23635.9 generated=64 generation_tps=2.708
CHILD index=7 mig=fafc828a exit=0 text=4a8f18b77dbe0332 role=child prefix_tokens=16321 suffix_tokens=16 model_ms=1215.6 context_ms=40.5 state_ms=7.50 prefix_ms=0.0 suffix_ms=534.1 first_token_ms=2108.1 generation_ms=23623.9 generated=64 generation_tps=2.709
MEMORY mem_available_drop_mib=5597 prefix_pss_mib=921 prefix_rss_mib=7140 file_mib=896
END_CASE failed=0 timed_out=0 children_wall_ms=26384
CASE config=mps mode=copy children=4
PARENT mig=fafc828a exit=0 text=c646470e58f73411 prefix_tokens=16321 prefix_ms=19745.3 publish_ms=510.34 state_bytes=936173269 suffix_tokens=13 model_ms=604.2 context_ms=59.7 suffix_ms=57.5 first_token_ms=21237.1 generation_ms=7717.8 generated=64 generation_tps=8.293
CHILD index=0 mig=fafc828a exit=0 text=d42c4c07975a6446 role=child prefix_tokens=16321 suffix_tokens=16 model_ms=806.4 context_ms=101.1 state_ms=253.81 prefix_ms=0.0 suffix_ms=218.6 first_token_ms=1572.5 generation_ms=11161.1 generated=64 generation_tps=5.734
CHILD index=1 mig=fafc828a exit=0 text=3fd8649867d4bb41 role=child prefix_tokens=16321 suffix_tokens=16 model_ms=871.6 context_ms=69.0 state_ms=341.22 prefix_ms=0.0 suffix_ms=343.6 first_token_ms=1822.1 generation_ms=11151.3 generated=64 generation_tps=5.739
CHILD index=2 mig=fafc828a exit=0 text=3fd8649867d4bb41 role=child prefix_tokens=16321 suffix_tokens=16 model_ms=805.1 context_ms=131.7 state_ms=347.22 prefix_ms=0.0 suffix_ms=349.7 first_token_ms=1822.8 generation_ms=11138.0 generated=64 generation_tps=5.746
CHILD index=3 mig=fafc828a exit=0 text=3fd8649867d4bb41 role=child prefix_tokens=16321 suffix_tokens=16 model_ms=798.3 context_ms=103.9 state_ms=377.34 prefix_ms=0.0 suffix_ms=353.3 first_token_ms=1820.5 generation_ms=11149.5 generated=64 generation_tps=5.740
MEMORY mem_available_drop_mib=10118 prefix_pss_mib=0 prefix_rss_mib=0 file_mib=0
END_CASE failed=0 timed_out=0 children_wall_ms=13486
CASE config=mps mode=extent children=4
PARENT mig=fafc828a exit=0 text=c646470e58f73411 prefix_tokens=16321 prefix_ms=19793.1 publish_ms=8.96 state_bytes=261845 suffix_tokens=13 model_ms=567.1 context_ms=37.4 suffix_ms=110.6 first_token_ms=20632.9 generation_ms=9023.7 generated=64 generation_tps=7.092
CHILD index=0 mig=fafc828a exit=0 text=d42c4c07975a6446 role=child prefix_tokens=16321 suffix_tokens=16 model_ms=771.5 context_ms=39.1 state_ms=7.71 prefix_ms=0.0 suffix_ms=255.6 first_token_ms=1212.1 generation_ms=11441.0 generated=64 generation_tps=5.594
CHILD index=1 mig=fafc828a exit=0 text=3fd8649867d4bb41 role=child prefix_tokens=16321 suffix_tokens=16 model_ms=865.0 context_ms=41.3 state_ms=7.37 prefix_ms=0.0 suffix_ms=415.2 first_token_ms=1478.5 generation_ms=11317.5 generated=64 generation_tps=5.655
CHILD index=2 mig=fafc828a exit=0 text=3fd8649867d4bb41 role=child prefix_tokens=16321 suffix_tokens=16 model_ms=770.7 context_ms=36.8 state_ms=7.41 prefix_ms=0.0 suffix_ms=274.2 first_token_ms=1242.8 generation_ms=11428.2 generated=64 generation_tps=5.600
CHILD index=3 mig=fafc828a exit=0 text=3fd8649867d4bb41 role=child prefix_tokens=16321 suffix_tokens=16 model_ms=863.2 context_ms=40.2 state_ms=7.46 prefix_ms=0.0 suffix_ms=341.5 first_token_ms=1394.6 generation_ms=11363.7 generated=64 generation_tps=5.632
MEMORY mem_available_drop_mib=2944 prefix_pss_mib=892 prefix_rss_mib=3570 file_mib=896
END_CASE failed=0 timed_out=0 children_wall_ms=13237
CASE config=mps mode=copy children=8
PARENT mig=fafc828a exit=0 text=c646470e58f73411 prefix_tokens=16321 prefix_ms=19745.3 publish_ms=542.27 state_bytes=936173269 suffix_tokens=13 model_ms=572.8 context_ms=60.8 suffix_ms=62.3 first_token_ms=21104.7 generation_ms=11434.2 generated=64 generation_tps=5.597
CHILD index=0 mig=fafc828a exit=0 text=d42c4c07975a6446 role=child prefix_tokens=16321 suffix_tokens=16 model_ms=941.4 context_ms=62.7 state_ms=353.46 prefix_ms=0.0 suffix_ms=240.8 first_token_ms=1873.4 generation_ms=20722.7 generated=64 generation_tps=3.088
CHILD index=1 mig=fafc828a exit=0 text=3fd8649867d4bb41 role=child prefix_tokens=16321 suffix_tokens=16 model_ms=1105.6 context_ms=147.6 state_ms=365.92 prefix_ms=0.0 suffix_ms=566.3 first_token_ms=2487.0 generation_ms=20997.0 generated=64 generation_tps=3.048
CHILD index=2 mig=fafc828a exit=0 text=3fd8649867d4bb41 role=child prefix_tokens=16321 suffix_tokens=16 model_ms=1126.1 context_ms=129.7 state_ms=354.32 prefix_ms=0.0 suffix_ms=566.4 first_token_ms=2487.1 generation_ms=20948.2 generated=64 generation_tps=3.055
CHILD index=3 mig=fafc828a exit=0 text=3fd8649867d4bb41 role=child prefix_tokens=16321 suffix_tokens=16 model_ms=1036.9 context_ms=158.3 state_ms=405.46 prefix_ms=0.0 suffix_ms=573.7 first_token_ms=2492.0 generation_ms=20985.5 generated=64 generation_tps=3.050
CHILD index=4 mig=fafc828a exit=0 text=3e0fd62f5aa50665 role=child prefix_tokens=16321 suffix_tokens=16 model_ms=1115.5 context_ms=124.3 state_ms=349.88 prefix_ms=0.0 suffix_ms=566.3 first_token_ms=2467.1 generation_ms=21006.8 generated=64 generation_tps=3.047
CHILD index=5 mig=fafc828a exit=0 text=3e0fd62f5aa50665 role=child prefix_tokens=16321 suffix_tokens=16 model_ms=1025.7 context_ms=108.0 state_ms=459.14 prefix_ms=0.0 suffix_ms=573.6 first_token_ms=2476.9 generation_ms=20994.6 generated=64 generation_tps=3.048
CHILD index=6 mig=fafc828a exit=0 text=4a8f18b77dbe0332 role=child prefix_tokens=16321 suffix_tokens=16 model_ms=1111.0 context_ms=117.4 state_ms=367.52 prefix_ms=0.0 suffix_ms=550.5 first_token_ms=2448.9 generation_ms=20995.9 generated=64 generation_tps=3.048
CHILD index=7 mig=fafc828a exit=0 text=4a8f18b77dbe0332 role=child prefix_tokens=16321 suffix_tokens=16 model_ms=1010.6 context_ms=135.6 state_ms=458.63 prefix_ms=0.0 suffix_ms=566.4 first_token_ms=2469.7 generation_ms=20968.5 generated=64 generation_tps=3.052
MEMORY mem_available_drop_mib=20195 prefix_pss_mib=0 prefix_rss_mib=0 file_mib=0
END_CASE failed=0 timed_out=0 children_wall_ms=24157
CASE config=mps mode=extent children=8
PARENT mig=fafc828a exit=0 text=c646470e58f73411 prefix_tokens=16321 prefix_ms=19824.0 publish_ms=9.06 state_bytes=261845 suffix_tokens=13 model_ms=567.4 context_ms=37.5 suffix_ms=99.0 first_token_ms=20685.4 generation_ms=14709.6 generated=64 generation_tps=4.351
CHILD index=0 mig=fafc828a exit=0 text=d42c4c07975a6446 role=child prefix_tokens=16321 suffix_tokens=16 model_ms=668.8 context_ms=38.4 state_ms=7.64 prefix_ms=0.0 suffix_ms=200.5 first_token_ms=1121.2 generation_ms=20365.1 generated=64 generation_tps=3.143
CHILD index=1 mig=fafc828a exit=0 text=3fd8649867d4bb41 role=child prefix_tokens=16321 suffix_tokens=16 model_ms=1005.2 context_ms=37.9 state_ms=7.66 prefix_ms=0.0 suffix_ms=632.5 first_token_ms=1992.4 generation_ms=21047.4 generated=64 generation_tps=3.041
CHILD index=2 mig=fafc828a exit=0 text=3fd8649867d4bb41 role=child prefix_tokens=16321 suffix_tokens=16 model_ms=1042.9 context_ms=50.5 state_ms=7.44 prefix_ms=0.0 suffix_ms=543.3 first_token_ms=1950.7 generation_ms=21072.5 generated=64 generation_tps=3.037
CHILD index=3 mig=fafc828a exit=0 text=3fd8649867d4bb41 role=child prefix_tokens=16321 suffix_tokens=16 model_ms=993.1 context_ms=37.0 state_ms=7.75 prefix_ms=0.0 suffix_ms=459.2 first_token_ms=1783.3 generation_ms=21115.1 generated=64 generation_tps=3.031
CHILD index=4 mig=fafc828a exit=0 text=3e0fd62f5aa50665 role=child prefix_tokens=16321 suffix_tokens=16 model_ms=1010.8 context_ms=38.9 state_ms=7.74 prefix_ms=0.0 suffix_ms=516.1 first_token_ms=1870.8 generation_ms=21095.1 generated=64 generation_tps=3.034
CHILD index=5 mig=fafc828a exit=0 text=3e0fd62f5aa50665 role=child prefix_tokens=16321 suffix_tokens=16 model_ms=1056.6 context_ms=43.0 state_ms=7.62 prefix_ms=0.0 suffix_ms=550.1 first_token_ms=1955.4 generation_ms=21069.1 generated=64 generation_tps=3.038
CHILD index=6 mig=fafc828a exit=0 text=4a8f18b77dbe0332 role=child prefix_tokens=16321 suffix_tokens=16 model_ms=1019.7 context_ms=42.4 state_ms=7.83 prefix_ms=0.0 suffix_ms=527.2 first_token_ms=1898.3 generation_ms=21083.5 generated=64 generation_tps=3.036
CHILD index=7 mig=fafc828a exit=0 text=4a8f18b77dbe0332 role=child prefix_tokens=16321 suffix_tokens=16 model_ms=1040.4 context_ms=42.3 state_ms=7.48 prefix_ms=0.0 suffix_ms=548.5 first_token_ms=1940.6 generation_ms=21055.6 generated=64 generation_tps=3.040
MEMORY mem_available_drop_mib=5859 prefix_pss_mib=892 prefix_rss_mib=7140 file_mib=896
END_CASE failed=0 timed_out=0 children_wall_ms=23560
CASE config=mig mode=copy children=4
PARENT mig=fafc828a exit=0 text=c646470e58f73411 prefix_tokens=16321 prefix_ms=19747.1 publish_ms=535.06 state_bytes=936173269 suffix_tokens=13 model_ms=601.6 context_ms=60.0 suffix_ms=60.5 first_token_ms=21132.3 generation_ms=6069.7 generated=64 generation_tps=10.544
CHILD index=0 mig=fafc828a exit=0 text=d42c4c07975a6446 role=child prefix_tokens=16321 suffix_tokens=16 model_ms=900.3 context_ms=97.8 state_ms=326.28 prefix_ms=0.0 suffix_ms=245.6 first_token_ms=1724.2 generation_ms=7570.5 generated=64 generation_tps=8.454
CHILD index=1 mig=31ffbfe4 exit=0 text=3fd8649867d4bb41 role=child prefix_tokens=16321 suffix_tokens=16 model_ms=825.8 context_ms=71.7 state_ms=235.76 prefix_ms=0.0 suffix_ms=144.9 first_token_ms=1423.1 generation_ms=9283.1 generated=64 generation_tps=6.894
CHILD index=2 mig=fafc828a exit=0 text=3fd8649867d4bb41 role=child prefix_tokens=16321 suffix_tokens=16 model_ms=857.1 context_ms=66.7 state_ms=392.81 prefix_ms=0.0 suffix_ms=270.1 first_token_ms=1743.2 generation_ms=7571.9 generated=64 generation_tps=8.452
CHILD index=3 mig=31ffbfe4 exit=0 text=3fd8649867d4bb41 role=child prefix_tokens=16321 suffix_tokens=16 model_ms=937.9 context_ms=73.4 state_ms=308.05 prefix_ms=0.0 suffix_ms=257.7 first_token_ms=1727.8 generation_ms=9190.4 generated=64 generation_tps=6.964
MEMORY mem_available_drop_mib=10133 prefix_pss_mib=0 prefix_rss_mib=0 file_mib=0
END_CASE failed=0 timed_out=0 children_wall_ms=11397
CASE config=mig mode=extent children=4
PARENT mig=fafc828a exit=0 text=c646470e58f73411 prefix_tokens=16321 prefix_ms=19782.3 publish_ms=8.95 state_bytes=261845 suffix_tokens=13 model_ms=586.7 context_ms=36.7 suffix_ms=117.3 first_token_ms=20670.4 generation_ms=6732.3 generated=64 generation_tps=9.506
CHILD index=0 mig=fafc828a exit=0 text=d42c4c07975a6446 role=child prefix_tokens=16321 suffix_tokens=16 model_ms=863.4 context_ms=67.0 state_ms=44.93 prefix_ms=0.0 suffix_ms=272.7 first_token_ms=1367.2 generation_ms=7952.9 generated=64 generation_tps=8.047
CHILD index=1 mig=31ffbfe4 exit=0 text=3fd8649867d4bb41 role=child prefix_tokens=16321 suffix_tokens=16 model_ms=928.5 context_ms=67.2 state_ms=7.67 prefix_ms=0.0 suffix_ms=211.9 first_token_ms=1356.0 generation_ms=9539.3 generated=64 generation_tps=6.709
CHILD index=2 mig=fafc828a exit=0 text=3fd8649867d4bb41 role=child prefix_tokens=16321 suffix_tokens=16 model_ms=870.3 context_ms=36.7 state_ms=7.46 prefix_ms=0.0 suffix_ms=211.8 first_token_ms=1275.0 generation_ms=8013.3 generated=64 generation_tps=7.987
CHILD index=3 mig=31ffbfe4 exit=0 text=3fd8649867d4bb41 role=child prefix_tokens=16321 suffix_tokens=16 model_ms=846.3 context_ms=41.2 state_ms=7.45 prefix_ms=0.0 suffix_ms=186.2 first_token_ms=1231.3 generation_ms=9568.7 generated=64 generation_tps=6.688
MEMORY mem_available_drop_mib=2977 prefix_pss_mib=981 prefix_rss_mib=3570 file_mib=896
END_CASE failed=0 timed_out=0 children_wall_ms=11380
CASE config=mig mode=copy children=8
PARENT mig=fafc828a exit=0 text=c646470e58f73411 prefix_tokens=16321 prefix_ms=19743.7 publish_ms=541.96 state_bytes=936173269 suffix_tokens=13 model_ms=607.6 context_ms=61.1 suffix_ms=62.7 first_token_ms=21173.2 generation_ms=8720.8 generated=64 generation_tps=7.339
CHILD index=0 mig=fafc828a exit=0 text=d42c4c07975a6446 role=child prefix_tokens=16321 suffix_tokens=16 model_ms=873.2 context_ms=70.0 state_ms=282.64 prefix_ms=0.0 suffix_ms=310.9 first_token_ms=1750.6 generation_ms=13392.4 generated=64 generation_tps=4.779
CHILD index=1 mig=31ffbfe4 exit=0 text=3fd8649867d4bb41 role=child prefix_tokens=16321 suffix_tokens=16 model_ms=1206.7 context_ms=120.7 state_ms=298.43 prefix_ms=0.0 suffix_ms=453.1 first_token_ms=2393.2 generation_ms=18493.4 generated=64 generation_tps=3.461
CHILD index=2 mig=fafc828a exit=0 text=3fd8649867d4bb41 role=child prefix_tokens=16321 suffix_tokens=16 model_ms=1189.4 context_ms=111.3 state_ms=385.26 prefix_ms=0.0 suffix_ms=366.3 first_token_ms=2340.0 generation_ms=13359.3 generated=64 generation_tps=4.791
CHILD index=3 mig=31ffbfe4 exit=0 text=3fd8649867d4bb41 role=child prefix_tokens=16321 suffix_tokens=16 model_ms=1133.0 context_ms=138.0 state_ms=311.84 prefix_ms=0.0 suffix_ms=443.3 first_token_ms=2334.3 generation_ms=18487.5 generated=64 generation_tps=3.462
CHILD index=4 mig=fafc828a exit=0 text=3e0fd62f5aa50665 role=child prefix_tokens=16321 suffix_tokens=16 model_ms=1233.7 context_ms=128.0 state_ms=356.31 prefix_ms=0.0 suffix_ms=422.6 first_token_ms=2449.8 generation_ms=13369.6 generated=64 generation_tps=4.787
CHILD index=5 mig=31ffbfe4 exit=0 text=3fd8649867d4bb41 role=child prefix_tokens=16321 suffix_tokens=16 model_ms=1035.9 context_ms=66.5 state_ms=342.05 prefix_ms=0.0 suffix_ms=185.3 first_token_ms=1921.7 generation_ms=18604.1 generated=64 generation_tps=3.440
CHILD index=6 mig=fafc828a exit=0 text=4a8f18b77dbe0332 role=child prefix_tokens=16321 suffix_tokens=16 model_ms=1225.4 context_ms=140.7 state_ms=358.98 prefix_ms=0.0 suffix_ms=421.8 first_token_ms=2432.4 generation_ms=13367.6 generated=64 generation_tps=4.788
CHILD index=7 mig=31ffbfe4 exit=0 text=4a8f18b77dbe0332 role=child prefix_tokens=16321 suffix_tokens=16 model_ms=1155.2 context_ms=143.7 state_ms=302.16 prefix_ms=0.0 suffix_ms=440.1 first_token_ms=2347.4 generation_ms=18519.9 generated=64 generation_tps=3.456
MEMORY mem_available_drop_mib=20218 prefix_pss_mib=0 prefix_rss_mib=0 file_mib=0
END_CASE failed=0 timed_out=0 children_wall_ms=21422
CASE config=mig mode=extent children=8
PARENT mig=fafc828a exit=0 text=c646470e58f73411 prefix_tokens=16321 prefix_ms=19799.5 publish_ms=8.94 state_bytes=261845 suffix_tokens=13 model_ms=588.6 context_ms=37.3 suffix_ms=113.4 first_token_ms=20689.9 generation_ms=8676.2 generated=64 generation_tps=7.377
CHILD index=0 mig=fafc828a exit=0 text=d42c4c07975a6446 role=child prefix_tokens=16321 suffix_tokens=16 model_ms=1258.6 context_ms=40.4 state_ms=7.60 prefix_ms=0.0 suffix_ms=418.9 first_token_ms=2018.2 generation_ms=13683.2 generated=64 generation_tps=4.677
CHILD index=1 mig=31ffbfe4 exit=0 text=3fd8649867d4bb41 role=child prefix_tokens=16321 suffix_tokens=16 model_ms=949.6 context_ms=37.2 state_ms=7.68 prefix_ms=0.0 suffix_ms=176.4 first_token_ms=1421.8 generation_ms=18823.2 generated=64 generation_tps=3.400
CHILD index=2 mig=fafc828a exit=0 text=3fd8649867d4bb41 role=child prefix_tokens=16321 suffix_tokens=16 model_ms=1227.8 context_ms=45.7 state_ms=7.90 prefix_ms=0.0 suffix_ms=383.6 first_token_ms=1966.0 generation_ms=13686.2 generated=64 generation_tps=4.676
CHILD index=3 mig=31ffbfe4 exit=0 text=3fd8649867d4bb41 role=child prefix_tokens=16321 suffix_tokens=16 model_ms=1141.2 context_ms=41.3 state_ms=7.65 prefix_ms=0.0 suffix_ms=449.8 first_token_ms=1929.2 generation_ms=18988.4 generated=64 generation_tps=3.370
CHILD index=4 mig=fafc828a exit=0 text=3e0fd62f5aa50665 role=child prefix_tokens=16321 suffix_tokens=16 model_ms=1232.9 context_ms=45.1 state_ms=7.44 prefix_ms=0.0 suffix_ms=400.0 first_token_ms=1969.8 generation_ms=13705.3 generated=64 generation_tps=4.670
CHILD index=5 mig=31ffbfe4 exit=0 text=3fd8649867d4bb41 role=child prefix_tokens=16321 suffix_tokens=16 model_ms=1132.6 context_ms=42.7 state_ms=7.24 prefix_ms=0.0 suffix_ms=423.8 first_token_ms=1909.8 generation_ms=19048.2 generated=64 generation_tps=3.360
CHILD index=6 mig=fafc828a exit=0 text=4a8f18b77dbe0332 role=child prefix_tokens=16321 suffix_tokens=16 model_ms=1181.9 context_ms=41.2 state_ms=7.60 prefix_ms=0.0 suffix_ms=263.9 first_token_ms=1787.8 generation_ms=13729.9 generated=64 generation_tps=4.661
CHILD index=7 mig=31ffbfe4 exit=0 text=4a8f18b77dbe0332 role=child prefix_tokens=16321 suffix_tokens=16 model_ms=1152.4 context_ms=41.8 state_ms=7.51 prefix_ms=0.0 suffix_ms=436.9 first_token_ms=1938.2 generation_ms=19009.3 generated=64 generation_tps=3.367
MEMORY mem_available_drop_mib=5861 prefix_pss_mib=892 prefix_rss_mib=7140 file_mib=896
END_CASE failed=0 timed_out=0 children_wall_ms=21464
CASE config=mig_mps mode=copy children=4
PARENT mig=fafc828a exit=0 text=c646470e58f73411 prefix_tokens=16321 prefix_ms=19735.7 publish_ms=538.41 state_bytes=936173269 suffix_tokens=13 model_ms=600.5 context_ms=60.4 suffix_ms=60.2 first_token_ms=21259.1 generation_ms=5922.5 generated=64 generation_tps=10.806
CHILD index=0 mig=fafc828a exit=0 text=d42c4c07975a6446 role=child prefix_tokens=16321 suffix_tokens=16 model_ms=624.5 context_ms=61.3 state_ms=248.74 prefix_ms=0.0 suffix_ms=204.9 first_token_ms=1311.9 generation_ms=6915.6 generated=64 generation_tps=9.254
CHILD index=1 mig=31ffbfe4 exit=0 text=3fd8649867d4bb41 role=child prefix_tokens=16321 suffix_tokens=16 model_ms=684.0 context_ms=85.7 state_ms=301.19 prefix_ms=0.0 suffix_ms=211.4 first_token_ms=1545.3 generation_ms=8461.4 generated=64 generation_tps=7.564
CHILD index=2 mig=fafc828a exit=0 text=3fd8649867d4bb41 role=child prefix_tokens=16321 suffix_tokens=16 model_ms=777.4 context_ms=71.3 state_ms=317.21 prefix_ms=0.0 suffix_ms=289.9 first_token_ms=1620.1 generation_ms=6756.8 generated=64 generation_tps=9.472
CHILD index=3 mig=31ffbfe4 exit=0 text=3fd8649867d4bb41 role=child prefix_tokens=16321 suffix_tokens=16 model_ms=776.6 context_ms=70.2 state_ms=216.74 prefix_ms=0.0 suffix_ms=211.6 first_token_ms=1542.7 generation_ms=8469.0 generated=64 generation_tps=7.557
MEMORY mem_available_drop_mib=10160 prefix_pss_mib=0 prefix_rss_mib=0 file_mib=0
END_CASE failed=0 timed_out=0 children_wall_ms=10521
CASE config=mig_mps mode=extent children=4
PARENT mig=fafc828a exit=0 text=c646470e58f73411 prefix_tokens=16321 prefix_ms=19821.2 publish_ms=6.88 state_bytes=261845 suffix_tokens=13 model_ms=574.1 context_ms=37.5 suffix_ms=115.0 first_token_ms=20682.8 generation_ms=6163.7 generated=64 generation_tps=10.383
CHILD index=0 mig=fafc828a exit=0 text=d42c4c07975a6446 role=child prefix_tokens=16321 suffix_tokens=16 model_ms=897.2 context_ms=39.9 state_ms=7.50 prefix_ms=0.0 suffix_ms=261.3 first_token_ms=1341.0 generation_ms=7146.1 generated=64 generation_tps=8.956
CHILD index=1 mig=31ffbfe4 exit=0 text=3fd8649867d4bb41 role=child prefix_tokens=16321 suffix_tokens=16 model_ms=802.3 context_ms=40.2 state_ms=7.35 prefix_ms=0.0 suffix_ms=221.8 first_token_ms=1220.5 generation_ms=8684.3 generated=64 generation_tps=7.370
CHILD index=2 mig=fafc828a exit=0 text=3fd8649867d4bb41 role=child prefix_tokens=16321 suffix_tokens=16 model_ms=791.8 context_ms=42.4 state_ms=7.76 prefix_ms=0.0 suffix_ms=216.7 first_token_ms=1213.0 generation_ms=7183.8 generated=64 generation_tps=8.909
CHILD index=3 mig=31ffbfe4 exit=0 text=3fd8649867d4bb41 role=child prefix_tokens=16321 suffix_tokens=16 model_ms=793.2 context_ms=39.2 state_ms=7.80 prefix_ms=0.0 suffix_ms=166.8 first_token_ms=1164.4 generation_ms=8780.8 generated=64 generation_tps=7.289
MEMORY mem_available_drop_mib=2948 prefix_pss_mib=892 prefix_rss_mib=3570 file_mib=896
END_CASE failed=0 timed_out=0 children_wall_ms=10470
CASE config=mig_mps mode=copy children=8
PARENT mig=fafc828a exit=0 text=c646470e58f73411 prefix_tokens=16321 prefix_ms=19757.0 publish_ms=523.76 state_bytes=936173269 suffix_tokens=13 model_ms=590.3 context_ms=58.0 suffix_ms=62.0 first_token_ms=21130.8 generation_ms=7877.6 generated=64 generation_tps=8.124
CHILD index=0 mig=fafc828a exit=0 text=d42c4c07975a6446 role=child prefix_tokens=16321 suffix_tokens=16 model_ms=1011.2 context_ms=191.1 state_ms=345.11 prefix_ms=0.0 suffix_ms=377.8 first_token_ms=2200.9 generation_ms=11859.2 generated=64 generation_tps=5.397
CHILD index=1 mig=31ffbfe4 exit=0 text=3fd8649867d4bb41 role=child prefix_tokens=16321 suffix_tokens=16 model_ms=1002.2 context_ms=179.7 state_ms=298.15 prefix_ms=0.0 suffix_ms=363.5 first_token_ms=2165.9 generation_ms=16622.0 generated=64 generation_tps=3.850
CHILD index=2 mig=fafc828a exit=0 text=3fd8649867d4bb41 role=child prefix_tokens=16321 suffix_tokens=16 model_ms=833.2 context_ms=61.9 state_ms=201.57 prefix_ms=0.0 suffix_ms=410.0 first_token_ms=1720.4 generation_ms=11870.2 generated=64 generation_tps=5.392
CHILD index=3 mig=31ffbfe4 exit=0 text=3fd8649867d4bb41 role=child prefix_tokens=16321 suffix_tokens=16 model_ms=985.9 context_ms=127.0 state_ms=354.02 prefix_ms=0.0 suffix_ms=384.2 first_token_ms=2186.6 generation_ms=16658.5 generated=64 generation_tps=3.842
CHILD index=4 mig=fafc828a exit=0 text=3e0fd62f5aa50665 role=child prefix_tokens=16321 suffix_tokens=16 model_ms=1007.9 context_ms=171.2 state_ms=309.53 prefix_ms=0.0 suffix_ms=384.5 first_token_ms=2189.0 generation_ms=11859.7 generated=64 generation_tps=5.396
CHILD index=5 mig=31ffbfe4 exit=0 text=3fd8649867d4bb41 role=child prefix_tokens=16321 suffix_tokens=16 model_ms=988.3 context_ms=174.7 state_ms=302.41 prefix_ms=0.0 suffix_ms=384.3 first_token_ms=2187.1 generation_ms=16630.6 generated=64 generation_tps=3.848
CHILD index=6 mig=fafc828a exit=0 text=4a8f18b77dbe0332 role=child prefix_tokens=16321 suffix_tokens=16 model_ms=947.3 context_ms=134.2 state_ms=404.65 prefix_ms=0.0 suffix_ms=390.3 first_token_ms=2181.3 generation_ms=11871.0 generated=64 generation_tps=5.391
CHILD index=7 mig=31ffbfe4 exit=0 text=4a8f18b77dbe0332 role=child prefix_tokens=16321 suffix_tokens=16 model_ms=1086.0 context_ms=87.7 state_ms=300.58 prefix_ms=0.0 suffix_ms=384.3 first_token_ms=2176.9 generation_ms=16644.8 generated=64 generation_tps=3.845
MEMORY mem_available_drop_mib=20340 prefix_pss_mib=0 prefix_rss_mib=0 file_mib=0
END_CASE failed=0 timed_out=0 children_wall_ms=19382
CASE config=mig_mps mode=extent children=8
PARENT mig=fafc828a exit=0 text=c646470e58f73411 prefix_tokens=16321 prefix_ms=19794.9 publish_ms=9.21 state_bytes=261845 suffix_tokens=13 model_ms=567.9 context_ms=37.4 suffix_ms=99.0 first_token_ms=20653.5 generation_ms=8632.8 generated=64 generation_tps=7.414
CHILD index=0 mig=fafc828a exit=0 text=d42c4c07975a6446 role=child prefix_tokens=16321 suffix_tokens=16 model_ms=1059.8 context_ms=45.1 state_ms=7.71 prefix_ms=0.0 suffix_ms=361.7 first_token_ms=1781.6 generation_ms=12378.4 generated=64 generation_tps=5.170
CHILD index=1 mig=31ffbfe4 exit=0 text=3fd8649867d4bb41 role=child prefix_tokens=16321 suffix_tokens=16 model_ms=746.8 context_ms=36.9 state_ms=7.46 prefix_ms=0.0 suffix_ms=168.5 first_token_ms=1194.7 generation_ms=16497.1 generated=64 generation_tps=3.879
CHILD index=2 mig=fafc828a exit=0 text=3fd8649867d4bb41 role=child prefix_tokens=16321 suffix_tokens=16 model_ms=1010.8 context_ms=40.8 state_ms=7.73 prefix_ms=0.0 suffix_ms=312.7 first_token_ms=1651.4 generation_ms=12420.3 generated=64 generation_tps=5.153
CHILD index=3 mig=31ffbfe4 exit=0 text=3fd8649867d4bb41 role=child prefix_tokens=16321 suffix_tokens=16 model_ms=977.4 context_ms=44.0 state_ms=7.80 prefix_ms=0.0 suffix_ms=429.7 first_token_ms=1765.2 generation_ms=16897.7 generated=64 generation_tps=3.787
CHILD index=4 mig=fafc828a exit=0 text=3e0fd62f5aa50665 role=child prefix_tokens=16321 suffix_tokens=16 model_ms=956.6 context_ms=46.5 state_ms=7.55 prefix_ms=0.0 suffix_ms=306.9 first_token_ms=1617.6 generation_ms=12428.2 generated=64 generation_tps=5.150
CHILD index=5 mig=31ffbfe4 exit=0 text=3fd8649867d4bb41 role=child prefix_tokens=16321 suffix_tokens=16 model_ms=966.2 context_ms=43.2 state_ms=7.75 prefix_ms=0.0 suffix_ms=429.0 first_token_ms=1752.0 generation_ms=16879.9 generated=64 generation_tps=3.791
CHILD index=6 mig=fafc828a exit=0 text=4a8f18b77dbe0332 role=child prefix_tokens=16321 suffix_tokens=16 model_ms=1073.5 context_ms=41.4 state_ms=7.87 prefix_ms=0.0 suffix_ms=351.9 first_token_ms=1760.7 generation_ms=12366.3 generated=64 generation_tps=5.175
CHILD index=7 mig=31ffbfe4 exit=0 text=4a8f18b77dbe0332 role=child prefix_tokens=16321 suffix_tokens=16 model_ms=1066.9 context_ms=40.7 state_ms=7.56 prefix_ms=0.0 suffix_ms=482.5 first_token_ms=1902.5 generation_ms=16802.7 generated=64 generation_tps=3.809
MEMORY mem_available_drop_mib=5864 prefix_pss_mib=892 prefix_rss_mib=7140 file_mib=896
END_CASE failed=0 timed_out=0 children_wall_ms=19212
END_KVMPS
BEGIN_KVMPS run=6 paragraphs=80 context=8192
REFERENCE who=0 mig=fafc828a text=c762b6e82f144cca
REFERENCE who=1 mig=fafc828a text=5f0f74be36dfb05d
REFERENCE who=1 mig=31ffbfe4 text=a6744d23ffb20e20
REFERENCE who=2 mig=fafc828a text=45d93d75d8c246b5
REFERENCE who=3 mig=fafc828a text=4a8f18b77dbe0332
REFERENCE who=3 mig=31ffbfe4 text=45d93d75d8c246b5
REFERENCE who=4 mig=fafc828a text=46404abc10d87546
REFERENCE who=5 mig=fafc828a text=46404abc10d87546
REFERENCE who=5 mig=31ffbfe4 text=46404abc10d87546
REFERENCE who=6 mig=fafc828a text=46404abc10d87546
REFERENCE who=7 mig=fafc828a text=46404abc10d87546
REFERENCE who=7 mig=31ffbfe4 text=46404abc10d87546
CASE config=mig_mps mode=extent children=4
PARENT mig=fafc828a exit=0 text=8e42d861853d43f0 prefix_tokens=4081 prefix_ms=4388.4 publish_ms=3.16 state_bytes=66005 suffix_tokens=13 model_ms=607.5 context_ms=22.7 suffix_ms=111.2 first_token_ms=5361.4 generation_ms=5883.5 generated=64 generation_tps=10.878
CHILD index=0 mig=fafc828a exit=0 text=c762b6e82f144cca role=child prefix_tokens=4081 suffix_tokens=16 model_ms=655.0 context_ms=25.9 state_ms=2.05 prefix_ms=0.0 suffix_ms=190.1 first_token_ms=1021.0 generation_ms=6696.2 generated=64 generation_tps=9.558
CHILD index=1 mig=31ffbfe4 exit=0 text=3e8e491b5e31337a role=child prefix_tokens=4081 suffix_tokens=16 model_ms=702.9 context_ms=27.5 state_ms=1.82 prefix_ms=0.0 suffix_ms=274.3 first_token_ms=1252.3 generation_ms=7959.7 generated=64 generation_tps=8.040
CHILD index=2 mig=fafc828a exit=0 text=45d93d75d8c246b5 role=child prefix_tokens=4081 suffix_tokens=16 model_ms=808.0 context_ms=24.8 state_ms=2.05 prefix_ms=0.0 suffix_ms=304.7 first_token_ms=1293.7 generation_ms=6546.9 generated=64 generation_tps=9.776
CHILD index=3 mig=31ffbfe4 exit=0 text=3fd8649867d4bb41 role=child prefix_tokens=4081 suffix_tokens=16 model_ms=708.0 context_ms=26.5 state_ms=2.07 prefix_ms=0.0 suffix_ms=188.7 first_token_ms=1162.6 generation_ms=7963.7 generated=64 generation_tps=8.036
MEMORY mem_available_drop_mib=2938 prefix_pss_mib=223 prefix_rss_mib=892 file_mib=224
END_CASE failed=0 timed_out=0 children_wall_ms=9645
CASE config=mig_mps mode=copy children=4
PARENT mig=fafc828a exit=0 text=8e42d861853d43f0 prefix_tokens=4081 prefix_ms=4374.5 publish_ms=212.79 state_bytes=234086869 suffix_tokens=13 model_ms=564.7 context_ms=28.4 suffix_ms=55.7 first_token_ms=5325.7 generation_ms=5447.8 generated=64 generation_tps=11.748
CHILD index=0 mig=fafc828a exit=0 text=c762b6e82f144cca role=child prefix_tokens=4081 suffix_tokens=16 model_ms=759.1 context_ms=29.9 state_ms=84.43 prefix_ms=0.0 suffix_ms=227.3 first_token_ms=1229.2 generation_ms=6348.4 generated=64 generation_tps=10.081
CHILD index=1 mig=31ffbfe4 exit=0 text=3e8e491b5e31337a role=child prefix_tokens=4081 suffix_tokens=16 model_ms=762.0 context_ms=32.4 state_ms=76.08 prefix_ms=0.0 suffix_ms=119.2 first_token_ms=1128.3 generation_ms=7732.4 generated=64 generation_tps=8.277
CHILD index=2 mig=fafc828a exit=0 text=45d93d75d8c246b5 role=child prefix_tokens=4081 suffix_tokens=16 model_ms=760.6 context_ms=31.2 state_ms=80.77 prefix_ms=0.0 suffix_ms=238.5 first_token_ms=1260.4 generation_ms=6321.8 generated=64 generation_tps=10.124
CHILD index=3 mig=31ffbfe4 exit=0 text=3fd8649867d4bb41 role=child prefix_tokens=4081 suffix_tokens=16 model_ms=831.9 context_ms=31.5 state_ms=69.09 prefix_ms=0.0 suffix_ms=237.7 first_token_ms=1313.9 generation_ms=7683.2 generated=64 generation_tps=8.330
MEMORY mem_available_drop_mib=4529 prefix_pss_mib=0 prefix_rss_mib=0 file_mib=0
END_CASE failed=0 timed_out=0 children_wall_ms=9491
CASE config=mig_mps mode=extent children=8
PARENT mig=fafc828a exit=0 text=8e42d861853d43f0 prefix_tokens=4081 prefix_ms=4383.4 publish_ms=2.37 state_bytes=66005 suffix_tokens=13 model_ms=589.4 context_ms=24.2 suffix_ms=93.7 first_token_ms=5202.1 generation_ms=8631.5 generated=64 generation_tps=7.415
CHILD index=0 mig=fafc828a exit=0 text=c762b6e82f144cca role=child prefix_tokens=4081 suffix_tokens=16 model_ms=643.9 context_ms=27.0 state_ms=2.07 prefix_ms=0.0 suffix_ms=189.6 first_token_ms=1072.5 generation_ms=11172.2 generated=64 generation_tps=5.728
CHILD index=1 mig=31ffbfe4 exit=0 text=3e8e491b5e31337a role=child prefix_tokens=4081 suffix_tokens=16 model_ms=986.1 context_ms=24.0 state_ms=1.79 prefix_ms=0.0 suffix_ms=239.5 first_token_ms=1510.5 generation_ms=15790.3 generated=64 generation_tps=4.053
CHILD index=2 mig=fafc828a exit=0 text=45d93d75d8c246b5 role=child prefix_tokens=4081 suffix_tokens=16 model_ms=987.7 context_ms=26.6 state_ms=2.04 prefix_ms=0.0 suffix_ms=398.1 first_token_ms=1704.1 generation_ms=11312.9 generated=64 generation_tps=5.657
CHILD index=3 mig=31ffbfe4 exit=0 text=3fd8649867d4bb41 role=child prefix_tokens=4081 suffix_tokens=16 model_ms=983.4 context_ms=30.5 state_ms=1.85 prefix_ms=0.0 suffix_ms=345.3 first_token_ms=1649.2 generation_ms=15827.7 generated=64 generation_tps=4.044
CHILD index=4 mig=fafc828a exit=0 text=46404abc10d87546 role=child prefix_tokens=4081 suffix_tokens=16 model_ms=971.2 context_ms=29.9 state_ms=2.10 prefix_ms=0.0 suffix_ms=359.8 first_token_ms=1663.5 generation_ms=11321.7 generated=64 generation_tps=5.653
CHILD index=5 mig=31ffbfe4 exit=0 text=46404abc10d87546 role=child prefix_tokens=4081 suffix_tokens=16 model_ms=965.4 context_ms=30.5 state_ms=1.82 prefix_ms=0.0 suffix_ms=325.5 first_token_ms=1613.8 generation_ms=15836.4 generated=64 generation_tps=4.041
CHILD index=6 mig=fafc828a exit=0 text=46404abc10d87546 role=child prefix_tokens=4081 suffix_tokens=16 model_ms=975.6 context_ms=31.8 state_ms=1.88 prefix_ms=0.0 suffix_ms=359.2 first_token_ms=1666.1 generation_ms=11328.4 generated=64 generation_tps=5.650
CHILD index=7 mig=31ffbfe4 exit=0 text=46404abc10d87546 role=child prefix_tokens=4081 suffix_tokens=16 model_ms=1029.2 context_ms=27.0 state_ms=1.92 prefix_ms=0.0 suffix_ms=403.1 first_token_ms=1752.1 generation_ms=15739.5 generated=64 generation_tps=4.066
MEMORY mem_available_drop_mib=5602 prefix_pss_mib=223 prefix_rss_mib=1785 file_mib=224
END_CASE failed=0 timed_out=0 children_wall_ms=18017
CASE config=mig_mps mode=copy children=8
PARENT mig=fafc828a exit=0 text=8e42d861853d43f0 prefix_tokens=4081 prefix_ms=4376.8 publish_ms=228.88 state_bytes=234086869 suffix_tokens=13 model_ms=569.1 context_ms=28.9 suffix_ms=57.2 first_token_ms=5358.4 generation_ms=7836.3 generated=64 generation_tps=8.167
CHILD index=0 mig=fafc828a exit=0 text=c762b6e82f144cca role=child prefix_tokens=4081 suffix_tokens=16 model_ms=754.5 context_ms=27.9 state_ms=78.20 prefix_ms=0.0 suffix_ms=181.1 first_token_ms=1266.4 generation_ms=10827.0 generated=64 generation_tps=5.911
CHILD index=1 mig=31ffbfe4 exit=0 text=3e8e491b5e31337a role=child prefix_tokens=4081 suffix_tokens=16 model_ms=999.8 context_ms=46.6 state_ms=102.20 prefix_ms=0.0 suffix_ms=326.7 first_token_ms=1725.6 generation_ms=15426.2 generated=64 generation_tps=4.149
CHILD index=2 mig=fafc828a exit=0 text=45d93d75d8c246b5 role=child prefix_tokens=4081 suffix_tokens=16 model_ms=1041.3 context_ms=36.4 state_ms=95.79 prefix_ms=0.0 suffix_ms=369.6 first_token_ms=1827.8 generation_ms=10855.3 generated=64 generation_tps=5.896
CHILD index=3 mig=31ffbfe4 exit=0 text=3fd8649867d4bb41 role=child prefix_tokens=4081 suffix_tokens=16 model_ms=974.9 context_ms=37.5 state_ms=84.89 prefix_ms=0.0 suffix_ms=341.4 first_token_ms=1725.3 generation_ms=15402.2 generated=64 generation_tps=4.155
CHILD index=4 mig=fafc828a exit=0 text=46404abc10d87546 role=child prefix_tokens=4081 suffix_tokens=16 model_ms=1022.5 context_ms=40.9 state_ms=96.53 prefix_ms=0.0 suffix_ms=369.4 first_token_ms=1827.0 generation_ms=10855.0 generated=64 generation_tps=5.896
CHILD index=5 mig=31ffbfe4 exit=0 text=46404abc10d87546 role=child prefix_tokens=4081 suffix_tokens=16 model_ms=950.2 context_ms=41.0 state_ms=102.89 prefix_ms=0.0 suffix_ms=347.2 first_token_ms=1725.3 generation_ms=15416.1 generated=64 generation_tps=4.151
CHILD index=6 mig=fafc828a exit=0 text=46404abc10d87546 role=child prefix_tokens=4081 suffix_tokens=16 model_ms=960.9 context_ms=42.0 state_ms=96.85 prefix_ms=0.0 suffix_ms=348.3 first_token_ms=1738.1 generation_ms=10891.5 generated=64 generation_tps=5.876
CHILD index=7 mig=31ffbfe4 exit=0 text=46404abc10d87546 role=child prefix_tokens=4081 suffix_tokens=16 model_ms=971.1 context_ms=43.0 state_ms=75.98 prefix_ms=0.0 suffix_ms=341.5 first_token_ms=1709.0 generation_ms=15384.7 generated=64 generation_tps=4.160
MEMORY mem_available_drop_mib=9016 prefix_pss_mib=0 prefix_rss_mib=0 file_mib=0
END_CASE failed=0 timed_out=0 children_wall_ms=17574
CASE config=mig mode=extent children=4
PARENT mig=fafc828a exit=0 text=8e42d861853d43f0 prefix_tokens=4081 prefix_ms=4384.8 publish_ms=3.12 state_bytes=66005 suffix_tokens=13 model_ms=590.6 context_ms=23.2 suffix_ms=99.6 first_token_ms=5202.7 generation_ms=6125.3 generated=64 generation_tps=10.449
CHILD index=0 mig=fafc828a exit=0 text=c762b6e82f144cca role=child prefix_tokens=4081 suffix_tokens=16 model_ms=922.5 context_ms=24.7 state_ms=1.99 prefix_ms=0.0 suffix_ms=224.7 first_token_ms=1326.5 generation_ms=7269.3 generated=64 generation_tps=8.804
CHILD index=1 mig=31ffbfe4 exit=0 text=3e8e491b5e31337a role=child prefix_tokens=4081 suffix_tokens=16 model_ms=825.2 context_ms=23.6 state_ms=1.92 prefix_ms=0.0 suffix_ms=190.3 first_token_ms=1162.2 generation_ms=8715.9 generated=64 generation_tps=7.343
CHILD index=2 mig=fafc828a exit=0 text=45d93d75d8c246b5 role=child prefix_tokens=4081 suffix_tokens=16 model_ms=861.3 context_ms=24.7 state_ms=1.85 prefix_ms=0.0 suffix_ms=330.9 first_token_ms=1359.9 generation_ms=7257.0 generated=64 generation_tps=8.819
CHILD index=3 mig=31ffbfe4 exit=0 text=3fd8649867d4bb41 role=child prefix_tokens=4081 suffix_tokens=16 model_ms=813.3 context_ms=23.4 state_ms=1.76 prefix_ms=0.0 suffix_ms=288.4 first_token_ms=1276.1 generation_ms=8714.8 generated=64 generation_tps=7.344
MEMORY mem_available_drop_mib=2917 prefix_pss_mib=223 prefix_rss_mib=892 file_mib=224
END_CASE failed=0 timed_out=0 children_wall_ms=10431
CASE config=mig mode=copy children=4
PARENT mig=fafc828a exit=0 text=8e42d861853d43f0 prefix_tokens=4081 prefix_ms=4374.3 publish_ms=227.96 state_bytes=234086869 suffix_tokens=13 model_ms=589.5 context_ms=28.8 suffix_ms=55.5 first_token_ms=5370.2 generation_ms=5697.4 generated=64 generation_tps=11.233
CHILD index=0 mig=fafc828a exit=0 text=c762b6e82f144cca role=child prefix_tokens=4081 suffix_tokens=16 model_ms=875.5 context_ms=32.9 state_ms=144.52 prefix_ms=0.0 suffix_ms=231.6 first_token_ms=1433.5 generation_ms=6956.9 generated=64 generation_tps=9.200
CHILD index=1 mig=31ffbfe4 exit=0 text=3e8e491b5e31337a role=child prefix_tokens=4081 suffix_tokens=16 model_ms=827.6 context_ms=30.7 state_ms=66.98 prefix_ms=0.0 suffix_ms=197.9 first_token_ms=1258.7 generation_ms=8591.2 generated=64 generation_tps=7.450
CHILD index=2 mig=fafc828a exit=0 text=45d93d75d8c246b5 role=child prefix_tokens=4081 suffix_tokens=16 model_ms=933.8 context_ms=34.6 state_ms=142.20 prefix_ms=0.0 suffix_ms=237.0 first_token_ms=1492.2 generation_ms=6928.6 generated=64 generation_tps=9.237
CHILD index=3 mig=31ffbfe4 exit=0 text=3fd8649867d4bb41 role=child prefix_tokens=4081 suffix_tokens=16 model_ms=818.1 context_ms=29.9 state_ms=80.65 prefix_ms=0.0 suffix_ms=213.1 first_token_ms=1279.8 generation_ms=8600.6 generated=64 generation_tps=7.441
MEMORY mem_available_drop_mib=4534 prefix_pss_mib=0 prefix_rss_mib=0 file_mib=0
END_CASE failed=0 timed_out=0 children_wall_ms=10323
CASE config=mig mode=extent children=8
PARENT mig=fafc828a exit=0 text=8e42d861853d43f0 prefix_tokens=4081 prefix_ms=4381.3 publish_ms=3.10 state_bytes=66005 suffix_tokens=13 model_ms=595.6 context_ms=23.6 suffix_ms=99.3 first_token_ms=5227.2 generation_ms=7626.7 generated=64 generation_tps=8.392
CHILD index=0 mig=fafc828a exit=0 text=c762b6e82f144cca role=child prefix_tokens=4081 suffix_tokens=16 model_ms=1199.8 context_ms=23.5 state_ms=2.03 prefix_ms=0.0 suffix_ms=398.3 first_token_ms=1889.3 generation_ms=12568.8 generated=64 generation_tps=5.092
CHILD index=1 mig=31ffbfe4 exit=0 text=3e8e491b5e31337a role=child prefix_tokens=4081 suffix_tokens=16 model_ms=1209.9 context_ms=30.6 state_ms=1.86 prefix_ms=0.0 suffix_ms=375.2 first_token_ms=1907.9 generation_ms=17733.5 generated=64 generation_tps=3.609
CHILD index=2 mig=fafc828a exit=0 text=45d93d75d8c246b5 role=child prefix_tokens=4081 suffix_tokens=16 model_ms=1251.3 context_ms=25.5 state_ms=2.01 prefix_ms=0.0 suffix_ms=384.3 first_token_ms=1960.6 generation_ms=12521.2 generated=64 generation_tps=5.111
CHILD index=3 mig=31ffbfe4 exit=0 text=3fd8649867d4bb41 role=child prefix_tokens=4081 suffix_tokens=16 model_ms=1210.7 context_ms=30.8 state_ms=1.75 prefix_ms=0.0 suffix_ms=385.5 first_token_ms=1921.1 generation_ms=17728.8 generated=64 generation_tps=3.610
CHILD index=4 mig=fafc828a exit=0 text=46404abc10d87546 role=child prefix_tokens=4081 suffix_tokens=16 model_ms=1210.4 context_ms=36.8 state_ms=2.17 prefix_ms=0.0 suffix_ms=325.0 first_token_ms=1867.9 generation_ms=12546.4 generated=64 generation_tps=5.101
CHILD index=5 mig=31ffbfe4 exit=0 text=46404abc10d87546 role=child prefix_tokens=4081 suffix_tokens=16 model_ms=1180.5 context_ms=36.9 state_ms=1.71 prefix_ms=0.0 suffix_ms=365.5 first_token_ms=1879.6 generation_ms=17701.0 generated=64 generation_tps=3.616
CHILD index=6 mig=fafc828a exit=0 text=46404abc10d87546 role=child prefix_tokens=4081 suffix_tokens=16 model_ms=1196.5 context_ms=37.3 state_ms=2.01 prefix_ms=0.0 suffix_ms=349.2 first_token_ms=1878.0 generation_ms=12552.7 generated=64 generation_tps=5.098
CHILD index=7 mig=31ffbfe4 exit=0 text=46404abc10d87546 role=child prefix_tokens=4081 suffix_tokens=16 model_ms=1197.0 context_ms=36.6 state_ms=1.72 prefix_ms=0.0 suffix_ms=399.7 first_token_ms=1928.8 generation_ms=17712.0 generated=64 generation_tps=3.613
MEMORY mem_available_drop_mib=5777 prefix_pss_mib=223 prefix_rss_mib=1785 file_mib=224
END_CASE failed=0 timed_out=0 children_wall_ms=20180
CASE config=mig mode=copy children=8
PARENT mig=fafc828a exit=0 text=8e42d861853d43f0 prefix_tokens=4081 prefix_ms=4379.5 publish_ms=233.40 state_bytes=234086869 suffix_tokens=13 model_ms=631.2 context_ms=28.2 suffix_ms=57.2 first_token_ms=5447.5 generation_ms=7631.1 generated=64 generation_tps=8.387
CHILD index=0 mig=fafc828a exit=0 text=c762b6e82f144cca role=child prefix_tokens=4081 suffix_tokens=16 model_ms=1071.1 context_ms=31.6 state_ms=146.73 prefix_ms=0.0 suffix_ms=212.1 first_token_ms=1693.9 generation_ms=12255.5 generated=64 generation_tps=5.222
CHILD index=1 mig=31ffbfe4 exit=0 text=3e8e491b5e31337a role=child prefix_tokens=4081 suffix_tokens=16 model_ms=1118.9 context_ms=33.8 state_ms=113.87 prefix_ms=0.0 suffix_ms=230.9 first_token_ms=1770.7 generation_ms=17266.5 generated=64 generation_tps=3.707
CHILD index=2 mig=fafc828a exit=0 text=45d93d75d8c246b5 role=child prefix_tokens=4081 suffix_tokens=16 model_ms=1176.3 context_ms=42.9 state_ms=213.07 prefix_ms=0.0 suffix_ms=386.9 first_token_ms=2114.7 generation_ms=12148.0 generated=64 generation_tps=5.268
CHILD index=3 mig=31ffbfe4 exit=0 text=3fd8649867d4bb41 role=child prefix_tokens=4081 suffix_tokens=16 model_ms=1162.1 context_ms=40.6 state_ms=98.39 prefix_ms=0.0 suffix_ms=355.6 first_token_ms=1942.4 generation_ms=17225.5 generated=64 generation_tps=3.715
CHILD index=4 mig=fafc828a exit=0 text=46404abc10d87546 role=child prefix_tokens=4081 suffix_tokens=16 model_ms=1138.0 context_ms=37.7 state_ms=209.03 prefix_ms=0.0 suffix_ms=344.9 first_token_ms=2027.2 generation_ms=12214.5 generated=64 generation_tps=5.240
CHILD index=5 mig=31ffbfe4 exit=0 text=46404abc10d87546 role=child prefix_tokens=4081 suffix_tokens=16 model_ms=1126.4 context_ms=35.7 state_ms=96.48 prefix_ms=0.0 suffix_ms=272.3 first_token_ms=1817.5 generation_ms=17278.4 generated=64 generation_tps=3.704
CHILD index=6 mig=fafc828a exit=0 text=46404abc10d87546 role=child prefix_tokens=4081 suffix_tokens=16 model_ms=1108.0 context_ms=48.1 state_ms=204.83 prefix_ms=0.0 suffix_ms=354.9 first_token_ms=2005.1 generation_ms=12217.7 generated=64 generation_tps=5.238
CHILD index=7 mig=31ffbfe4 exit=0 text=46404abc10d87546 role=child prefix_tokens=4081 suffix_tokens=16 model_ms=1179.1 context_ms=35.8 state_ms=166.47 prefix_ms=0.0 suffix_ms=445.0 first_token_ms=2123.7 generation_ms=17083.8 generated=64 generation_tps=3.746
MEMORY mem_available_drop_mib=9073 prefix_pss_mib=0 prefix_rss_mib=0 file_mib=0
END_CASE failed=0 timed_out=0 children_wall_ms=19685
CASE config=mps mode=extent children=4
PARENT mig=fafc828a exit=0 text=8e42d861853d43f0 prefix_tokens=4081 prefix_ms=4387.3 publish_ms=3.09 state_bytes=66005 suffix_tokens=13 model_ms=604.9 context_ms=23.1 suffix_ms=109.6 first_token_ms=5366.8 generation_ms=8296.3 generated=64 generation_tps=7.714
CHILD index=0 mig=fafc828a exit=0 text=c762b6e82f144cca role=child prefix_tokens=4081 suffix_tokens=16 model_ms=789.7 context_ms=24.9 state_ms=2.01 prefix_ms=0.0 suffix_ms=364.8 first_token_ms=1341.9 generation_ms=10841.2 generated=64 generation_tps=5.903
CHILD index=1 mig=fafc828a exit=0 text=5f0f74be36dfb05d role=child prefix_tokens=4081 suffix_tokens=16 model_ms=797.8 context_ms=31.4 state_ms=1.98 prefix_ms=0.0 suffix_ms=364.6 first_token_ms=1371.8 generation_ms=10819.6 generated=64 generation_tps=5.915
CHILD index=2 mig=fafc828a exit=0 text=45d93d75d8c246b5 role=child prefix_tokens=4081 suffix_tokens=16 model_ms=800.1 context_ms=26.9 state_ms=2.04 prefix_ms=0.0 suffix_ms=293.3 first_token_ms=1290.2 generation_ms=10850.2 generated=64 generation_tps=5.899
CHILD index=3 mig=fafc828a exit=0 text=4a8f18b77dbe0332 role=child prefix_tokens=4081 suffix_tokens=16 model_ms=804.7 context_ms=30.9 state_ms=1.76 prefix_ms=0.0 suffix_ms=295.1 first_token_ms=1291.4 generation_ms=10856.7 generated=64 generation_tps=5.895
MEMORY mem_available_drop_mib=2903 prefix_pss_mib=223 prefix_rss_mib=892 file_mib=224
END_CASE failed=0 timed_out=0 children_wall_ms=12703
CASE config=mps mode=copy children=4
PARENT mig=fafc828a exit=0 text=8e42d861853d43f0 prefix_tokens=4081 prefix_ms=4373.5 publish_ms=233.57 state_bytes=234086869 suffix_tokens=13 model_ms=568.2 context_ms=29.6 suffix_ms=55.9 first_token_ms=5352.6 generation_ms=8046.8 generated=64 generation_tps=7.953
CHILD index=0 mig=fafc828a exit=0 text=c762b6e82f144cca role=child prefix_tokens=4081 suffix_tokens=16 model_ms=831.8 context_ms=30.1 state_ms=93.69 prefix_ms=0.0 suffix_ms=318.0 first_token_ms=1422.6 generation_ms=10723.9 generated=64 generation_tps=5.968
CHILD index=1 mig=fafc828a exit=0 text=5f0f74be36dfb05d role=child prefix_tokens=4081 suffix_tokens=16 model_ms=766.0 context_ms=30.8 state_ms=96.27 prefix_ms=0.0 suffix_ms=263.7 first_token_ms=1299.3 generation_ms=10750.7 generated=64 generation_tps=5.953
CHILD index=2 mig=fafc828a exit=0 text=45d93d75d8c246b5 role=child prefix_tokens=4081 suffix_tokens=16 model_ms=824.8 context_ms=34.9 state_ms=83.84 prefix_ms=0.0 suffix_ms=315.8 first_token_ms=1409.8 generation_ms=10730.0 generated=64 generation_tps=5.965
CHILD index=3 mig=fafc828a exit=0 text=4a8f18b77dbe0332 role=child prefix_tokens=4081 suffix_tokens=16 model_ms=749.3 context_ms=36.1 state_ms=125.14 prefix_ms=0.0 suffix_ms=299.1 first_token_ms=1361.7 generation_ms=10737.8 generated=64 generation_tps=5.960
MEMORY mem_available_drop_mib=4534 prefix_pss_mib=0 prefix_rss_mib=0 file_mib=0
END_CASE failed=0 timed_out=0 children_wall_ms=12629
CASE config=mps mode=extent children=8
PARENT mig=fafc828a exit=0 text=8e42d861853d43f0 prefix_tokens=4081 prefix_ms=4386.9 publish_ms=3.05 state_bytes=66005 suffix_tokens=13 model_ms=564.5 context_ms=22.7 suffix_ms=98.8 first_token_ms=5167.8 generation_ms=12403.1 generated=64 generation_tps=5.160
CHILD index=0 mig=fafc828a exit=0 text=c762b6e82f144cca role=child prefix_tokens=4081 suffix_tokens=16 model_ms=1072.5 context_ms=32.4 state_ms=1.91 prefix_ms=0.0 suffix_ms=504.4 first_token_ms=1886.2 generation_ms=20069.8 generated=64 generation_tps=3.189
CHILD index=1 mig=fafc828a exit=0 text=5f0f74be36dfb05d role=child prefix_tokens=4081 suffix_tokens=16 model_ms=965.1 context_ms=23.8 state_ms=2.04 prefix_ms=0.0 suffix_ms=216.6 first_token_ms=1455.3 generation_ms=19978.6 generated=64 generation_tps=3.203
CHILD index=2 mig=fafc828a exit=0 text=45d93d75d8c246b5 role=child prefix_tokens=4081 suffix_tokens=16 model_ms=1030.6 context_ms=23.9 state_ms=1.78 prefix_ms=0.0 suffix_ms=555.8 first_token_ms=1903.0 generation_ms=20032.5 generated=64 generation_tps=3.195
CHILD index=3 mig=fafc828a exit=0 text=4a8f18b77dbe0332 role=child prefix_tokens=4081 suffix_tokens=16 model_ms=1026.6 context_ms=41.0 state_ms=1.82 prefix_ms=0.0 suffix_ms=484.4 first_token_ms=1847.1 generation_ms=20062.7 generated=64 generation_tps=3.190
CHILD index=4 mig=fafc828a exit=0 text=46404abc10d87546 role=child prefix_tokens=4081 suffix_tokens=16 model_ms=1016.9 context_ms=29.2 state_ms=2.10 prefix_ms=0.0 suffix_ms=488.6 first_token_ms=1834.9 generation_ms=20037.7 generated=64 generation_tps=3.194
CHILD index=5 mig=fafc828a exit=0 text=46404abc10d87546 role=child prefix_tokens=4081 suffix_tokens=16 model_ms=1029.5 context_ms=28.7 state_ms=1.99 prefix_ms=0.0 suffix_ms=481.9 first_token_ms=1822.4 generation_ms=20070.4 generated=64 generation_tps=3.189
CHILD index=6 mig=fafc828a exit=0 text=46404abc10d87546 role=child prefix_tokens=4081 suffix_tokens=16 model_ms=1066.5 context_ms=28.2 state_ms=1.79 prefix_ms=0.0 suffix_ms=509.1 first_token_ms=1895.3 generation_ms=20028.8 generated=64 generation_tps=3.195
CHILD index=7 mig=fafc828a exit=0 text=46404abc10d87546 role=child prefix_tokens=4081 suffix_tokens=16 model_ms=1049.6 context_ms=30.7 state_ms=1.89 prefix_ms=0.0 suffix_ms=511.3 first_token_ms=1886.4 generation_ms=20040.3 generated=64 generation_tps=3.194
MEMORY mem_available_drop_mib=5719 prefix_pss_mib=223 prefix_rss_mib=1785 file_mib=224
END_CASE failed=0 timed_out=0 children_wall_ms=22538
CASE config=mps mode=copy children=8
PARENT mig=fafc828a exit=0 text=8e42d861853d43f0 prefix_tokens=4081 prefix_ms=4379.2 publish_ms=225.22 state_bytes=234086869 suffix_tokens=13 model_ms=575.3 context_ms=29.5 suffix_ms=57.3 first_token_ms=5363.7 generation_ms=12539.4 generated=64 generation_tps=5.104
CHILD index=0 mig=fafc828a exit=0 text=c762b6e82f144cca role=child prefix_tokens=4081 suffix_tokens=16 model_ms=704.7 context_ms=29.1 state_ms=80.67 prefix_ms=0.0 suffix_ms=186.9 first_token_ms=1230.4 generation_ms=19272.4 generated=64 generation_tps=3.321
CHILD index=1 mig=fafc828a exit=0 text=5f0f74be36dfb05d role=child prefix_tokens=4081 suffix_tokens=16 model_ms=960.4 context_ms=30.0 state_ms=158.69 prefix_ms=0.0 suffix_ms=461.9 first_token_ms=1907.0 generation_ms=19933.0 generated=64 generation_tps=3.211
CHILD index=2 mig=fafc828a exit=0 text=45d93d75d8c246b5 role=child prefix_tokens=4081 suffix_tokens=16 model_ms=1064.6 context_ms=48.1 state_ms=125.93 prefix_ms=0.0 suffix_ms=515.8 first_token_ms=2022.6 generation_ms=19914.2 generated=64 generation_tps=3.214
CHILD index=3 mig=fafc828a exit=0 text=4a8f18b77dbe0332 role=child prefix_tokens=4081 suffix_tokens=16 model_ms=1035.4 context_ms=53.3 state_ms=118.30 prefix_ms=0.0 suffix_ms=503.7 first_token_ms=2006.9 generation_ms=19908.9 generated=64 generation_tps=3.215
CHILD index=4 mig=fafc828a exit=0 text=46404abc10d87546 role=child prefix_tokens=4081 suffix_tokens=16 model_ms=1048.6 context_ms=48.5 state_ms=106.12 prefix_ms=0.0 suffix_ms=522.9 first_token_ms=2031.8 generation_ms=19921.3 generated=64 generation_tps=3.213
CHILD index=5 mig=fafc828a exit=0 text=46404abc10d87546 role=child prefix_tokens=4081 suffix_tokens=16 model_ms=1052.6 context_ms=49.8 state_ms=109.40 prefix_ms=0.0 suffix_ms=529.1 first_token_ms=2027.6 generation_ms=19921.7 generated=64 generation_tps=3.213
CHILD index=6 mig=fafc828a exit=0 text=46404abc10d87546 role=child prefix_tokens=4081 suffix_tokens=16 model_ms=1030.3 context_ms=53.1 state_ms=112.88 prefix_ms=0.0 suffix_ms=525.0 first_token_ms=2020.2 generation_ms=19915.8 generated=64 generation_tps=3.214
CHILD index=7 mig=fafc828a exit=0 text=46404abc10d87546 role=child prefix_tokens=4081 suffix_tokens=16 model_ms=1024.2 context_ms=60.6 state_ms=119.08 prefix_ms=0.0 suffix_ms=520.2 first_token_ms=2014.5 generation_ms=19914.3 generated=64 generation_tps=3.214
MEMORY mem_available_drop_mib=9175 prefix_pss_mib=0 prefix_rss_mib=0 file_mib=0
END_CASE failed=0 timed_out=0 children_wall_ms=22557
CASE config=timeslice mode=extent children=4
PARENT mig=fafc828a exit=0 text=8e42d861853d43f0 prefix_tokens=4081 prefix_ms=4386.0 publish_ms=3.11 state_bytes=66005 suffix_tokens=13 model_ms=587.4 context_ms=23.2 suffix_ms=113.2 first_token_ms=5219.4 generation_ms=9288.7 generated=64 generation_tps=6.890
CHILD index=0 mig=fafc828a exit=0 text=c762b6e82f144cca role=child prefix_tokens=4081 suffix_tokens=16 model_ms=829.7 context_ms=23.7 state_ms=1.90 prefix_ms=0.0 suffix_ms=336.6 first_token_ms=1324.4 generation_ms=12226.4 generated=64 generation_tps=5.235
CHILD index=1 mig=fafc828a exit=0 text=5f0f74be36dfb05d role=child prefix_tokens=4081 suffix_tokens=16 model_ms=945.0 context_ms=28.9 state_ms=2.15 prefix_ms=0.0 suffix_ms=403.9 first_token_ms=1520.3 generation_ms=12112.7 generated=64 generation_tps=5.284
CHILD index=2 mig=fafc828a exit=0 text=45d93d75d8c246b5 role=child prefix_tokens=4081 suffix_tokens=16 model_ms=860.3 context_ms=27.6 state_ms=1.89 prefix_ms=0.0 suffix_ms=328.6 first_token_ms=1368.8 generation_ms=12223.1 generated=64 generation_tps=5.236
CHILD index=3 mig=fafc828a exit=0 text=4a8f18b77dbe0332 role=child prefix_tokens=4081 suffix_tokens=16 model_ms=865.0 context_ms=26.3 state_ms=1.71 prefix_ms=0.0 suffix_ms=271.1 first_token_ms=1309.5 generation_ms=12266.2 generated=64 generation_tps=5.218
MEMORY mem_available_drop_mib=2939 prefix_pss_mib=223 prefix_rss_mib=892 file_mib=224
END_CASE failed=0 timed_out=0 children_wall_ms=14107
CASE config=timeslice mode=copy children=4
PARENT mig=fafc828a exit=0 text=8e42d861853d43f0 prefix_tokens=4081 prefix_ms=4387.5 publish_ms=229.56 state_bytes=234086869 suffix_tokens=13 model_ms=592.9 context_ms=28.4 suffix_ms=55.5 first_token_ms=5398.1 generation_ms=8772.4 generated=64 generation_tps=7.296
CHILD index=0 mig=fafc828a exit=0 text=c762b6e82f144cca role=child prefix_tokens=4081 suffix_tokens=16 model_ms=801.3 context_ms=28.7 state_ms=146.74 prefix_ms=0.0 suffix_ms=209.6 first_token_ms=1300.7 generation_ms=12083.0 generated=64 generation_tps=5.297
CHILD index=1 mig=fafc828a exit=0 text=5f0f74be36dfb05d role=child prefix_tokens=4081 suffix_tokens=16 model_ms=861.2 context_ms=29.5 state_ms=168.81 prefix_ms=0.0 suffix_ms=359.9 first_token_ms=1567.3 generation_ms=12023.2 generated=64 generation_tps=5.323
CHILD index=2 mig=fafc828a exit=0 text=45d93d75d8c246b5 role=child prefix_tokens=4081 suffix_tokens=16 model_ms=870.5 context_ms=35.6 state_ms=171.29 prefix_ms=0.0 suffix_ms=360.2 first_token_ms=1579.8 generation_ms=12000.9 generated=64 generation_tps=5.333
CHILD index=3 mig=fafc828a exit=0 text=4a8f18b77dbe0332 role=child prefix_tokens=4081 suffix_tokens=16 model_ms=906.5 context_ms=32.5 state_ms=184.61 prefix_ms=0.0 suffix_ms=363.1 first_token_ms=1633.1 generation_ms=11973.5 generated=64 generation_tps=5.345
MEMORY mem_available_drop_mib=4573 prefix_pss_mib=0 prefix_rss_mib=0 file_mib=0
END_CASE failed=0 timed_out=0 children_wall_ms=14128
CASE config=timeslice mode=extent children=8
PARENT mig=fafc828a exit=0 text=8e42d861853d43f0 prefix_tokens=4081 prefix_ms=4385.1 publish_ms=3.14 state_bytes=66005 suffix_tokens=13 model_ms=588.5 context_ms=23.8 suffix_ms=100.6 first_token_ms=5215.9 generation_ms=13813.8 generated=64 generation_tps=4.633
CHILD index=0 mig=fafc828a exit=0 text=c762b6e82f144cca role=child prefix_tokens=4081 suffix_tokens=16 model_ms=973.7 context_ms=23.4 state_ms=1.95 prefix_ms=0.0 suffix_ms=164.4 first_token_ms=1384.6 generation_ms=22243.8 generated=64 generation_tps=2.877
CHILD index=1 mig=fafc828a exit=0 text=5f0f74be36dfb05d role=child prefix_tokens=4081 suffix_tokens=16 model_ms=1167.3 context_ms=25.2 state_ms=1.85 prefix_ms=0.0 suffix_ms=417.6 first_token_ms=1858.4 generation_ms=22576.8 generated=64 generation_tps=2.835
CHILD index=2 mig=fafc828a exit=0 text=45d93d75d8c246b5 role=child prefix_tokens=4081 suffix_tokens=16 model_ms=1164.5 context_ms=26.8 state_ms=1.92 prefix_ms=0.0 suffix_ms=549.5 first_token_ms=2040.1 generation_ms=22565.8 generated=64 generation_tps=2.836
CHILD index=3 mig=fafc828a exit=0 text=4a8f18b77dbe0332 role=child prefix_tokens=4081 suffix_tokens=16 model_ms=1221.3 context_ms=24.9 state_ms=1.76 prefix_ms=0.0 suffix_ms=580.0 first_token_ms=2113.9 generation_ms=22552.1 generated=64 generation_tps=2.838
CHILD index=4 mig=fafc828a exit=0 text=46404abc10d87546 role=child prefix_tokens=4081 suffix_tokens=16 model_ms=1157.9 context_ms=27.9 state_ms=1.86 prefix_ms=0.0 suffix_ms=521.2 first_token_ms=2009.6 generation_ms=22579.8 generated=64 generation_tps=2.834
CHILD index=5 mig=fafc828a exit=0 text=46404abc10d87546 role=child prefix_tokens=4081 suffix_tokens=16 model_ms=1230.3 context_ms=24.8 state_ms=1.75 prefix_ms=0.0 suffix_ms=574.3 first_token_ms=2094.6 generation_ms=22539.7 generated=64 generation_tps=2.839
CHILD index=6 mig=fafc828a exit=0 text=46404abc10d87546 role=child prefix_tokens=4081 suffix_tokens=16 model_ms=1133.0 context_ms=23.6 state_ms=1.82 prefix_ms=0.0 suffix_ms=620.7 first_token_ms=2078.0 generation_ms=22560.9 generated=64 generation_tps=2.837
CHILD index=7 mig=fafc828a exit=0 text=46404abc10d87546 role=child prefix_tokens=4081 suffix_tokens=16 model_ms=1174.3 context_ms=26.9 state_ms=1.91 prefix_ms=0.0 suffix_ms=617.9 first_token_ms=2119.0 generation_ms=22537.3 generated=64 generation_tps=2.840
MEMORY mem_available_drop_mib=5785 prefix_pss_mib=242 prefix_rss_mib=1785 file_mib=224
END_CASE failed=0 timed_out=0 children_wall_ms=25238
CASE config=timeslice mode=copy children=8
PARENT mig=fafc828a exit=0 text=8e42d861853d43f0 prefix_tokens=4081 prefix_ms=4387.1 publish_ms=235.04 state_bytes=234086869 suffix_tokens=13 model_ms=589.6 context_ms=28.5 suffix_ms=56.9 first_token_ms=5418.2 generation_ms=12427.8 generated=64 generation_tps=5.150
CHILD index=0 mig=fafc828a exit=0 text=c762b6e82f144cca role=child prefix_tokens=4081 suffix_tokens=16 model_ms=1161.6 context_ms=34.6 state_ms=266.09 prefix_ms=0.0 suffix_ms=518.3 first_token_ms=2258.6 generation_ms=22233.7 generated=64 generation_tps=2.879
CHILD index=1 mig=fafc828a exit=0 text=5f0f74be36dfb05d role=child prefix_tokens=4081 suffix_tokens=16 model_ms=893.7 context_ms=33.7 state_ms=137.47 prefix_ms=0.0 suffix_ms=189.1 first_token_ms=1477.8 generation_ms=21727.0 generated=64 generation_tps=2.946
CHILD index=2 mig=fafc828a exit=0 text=45d93d75d8c246b5 role=child prefix_tokens=4081 suffix_tokens=16 model_ms=1151.5 context_ms=30.9 state_ms=278.67 prefix_ms=0.0 suffix_ms=571.0 first_token_ms=2335.2 generation_ms=22240.4 generated=64 generation_tps=2.878
CHILD index=3 mig=fafc828a exit=0 text=4a8f18b77dbe0332 role=child prefix_tokens=4081 suffix_tokens=16 model_ms=1195.3 context_ms=42.5 state_ms=263.87 prefix_ms=0.0 suffix_ms=567.8 first_token_ms=2371.0 generation_ms=22238.6 generated=64 generation_tps=2.878
CHILD index=4 mig=fafc828a exit=0 text=46404abc10d87546 role=child prefix_tokens=4081 suffix_tokens=16 model_ms=1123.2 context_ms=37.3 state_ms=266.02 prefix_ms=0.0 suffix_ms=503.2 first_token_ms=2228.4 generation_ms=22224.7 generated=64 generation_tps=2.880
CHILD index=5 mig=fafc828a exit=0 text=46404abc10d87546 role=child prefix_tokens=4081 suffix_tokens=16 model_ms=1224.9 context_ms=45.1 state_ms=254.44 prefix_ms=0.0 suffix_ms=578.2 first_token_ms=2385.4 generation_ms=22241.0 generated=64 generation_tps=2.878
CHILD index=6 mig=fafc828a exit=0 text=46404abc10d87546 role=child prefix_tokens=4081 suffix_tokens=16 model_ms=1223.3 context_ms=50.9 state_ms=255.76 prefix_ms=0.0 suffix_ms=578.9 first_token_ms=2397.0 generation_ms=22222.7 generated=64 generation_tps=2.880
CHILD index=7 mig=fafc828a exit=0 text=46404abc10d87546 role=child prefix_tokens=4081 suffix_tokens=16 model_ms=1217.3 context_ms=39.5 state_ms=255.61 prefix_ms=0.0 suffix_ms=583.2 first_token_ms=2394.9 generation_ms=22225.9 generated=64 generation_tps=2.880
MEMORY mem_available_drop_mib=9148 prefix_pss_mib=0 prefix_rss_mib=0 file_mib=0
END_CASE failed=0 timed_out=0 children_wall_ms=25097
END_KVMPS
BEGIN_KVMPS run=6 paragraphs=320 context=32768
REFERENCE who=0 mig=fafc828a text=d42c4c07975a6446
REFERENCE who=1 mig=fafc828a text=3fd8649867d4bb41
REFERENCE who=1 mig=31ffbfe4 text=3fd8649867d4bb41
REFERENCE who=2 mig=fafc828a text=3fd8649867d4bb41
REFERENCE who=3 mig=fafc828a text=3fd8649867d4bb41
REFERENCE who=3 mig=31ffbfe4 text=3e0fd62f5aa50665
REFERENCE who=4 mig=fafc828a text=3e0fd62f5aa50665
REFERENCE who=5 mig=fafc828a text=3e0fd62f5aa50665
REFERENCE who=5 mig=31ffbfe4 text=45d93d75d8c246b5
REFERENCE who=6 mig=fafc828a text=4a8f18b77dbe0332
REFERENCE who=7 mig=fafc828a text=4a8f18b77dbe0332
REFERENCE who=7 mig=31ffbfe4 text=4a8f18b77dbe0332
CASE config=mig_mps mode=extent children=4
PARENT mig=fafc828a exit=0 text=c646470e58f73411 prefix_tokens=16321 prefix_ms=19809.1 publish_ms=9.06 state_bytes=261845 suffix_tokens=13 model_ms=600.0 context_ms=39.2 suffix_ms=105.0 first_token_ms=20818.5 generation_ms=6376.9 generated=64 generation_tps=10.036
CHILD index=0 mig=fafc828a exit=0 text=d42c4c07975a6446 role=child prefix_tokens=16321 suffix_tokens=16 model_ms=711.2 context_ms=38.8 state_ms=7.77 prefix_ms=0.0 suffix_ms=237.2 first_token_ms=1167.2 generation_ms=7259.8 generated=64 generation_tps=8.816
CHILD index=1 mig=31ffbfe4 exit=0 text=3fd8649867d4bb41 role=child prefix_tokens=16321 suffix_tokens=16 model_ms=682.9 context_ms=39.4 state_ms=7.67 prefix_ms=0.0 suffix_ms=127.7 first_token_ms=1108.7 generation_ms=8683.4 generated=64 generation_tps=7.370
CHILD index=2 mig=fafc828a exit=0 text=3fd8649867d4bb41 role=child prefix_tokens=16321 suffix_tokens=16 model_ms=736.7 context_ms=39.1 state_ms=7.57 prefix_ms=0.0 suffix_ms=247.2 first_token_ms=1190.5 generation_ms=7297.9 generated=64 generation_tps=8.770
CHILD index=3 mig=31ffbfe4 exit=0 text=3fd8649867d4bb41 role=child prefix_tokens=16321 suffix_tokens=16 model_ms=776.2 context_ms=40.8 state_ms=7.53 prefix_ms=0.0 suffix_ms=272.0 first_token_ms=1337.0 generation_ms=8569.8 generated=64 generation_tps=7.468
MEMORY mem_available_drop_mib=3026 prefix_pss_mib=892 prefix_rss_mib=3570 file_mib=896
END_CASE failed=0 timed_out=0 children_wall_ms=10367
CASE config=mig_mps mode=copy children=4
PARENT mig=fafc828a exit=0 text=c646470e58f73411 prefix_tokens=16321 prefix_ms=19751.9 publish_ms=563.85 state_bytes=936173269 suffix_tokens=13 model_ms=595.4 context_ms=59.4 suffix_ms=61.1 first_token_ms=21158.2 generation_ms=5513.0 generated=64 generation_tps=11.609
CHILD index=0 mig=fafc828a exit=0 text=d42c4c07975a6446 role=child prefix_tokens=16321 suffix_tokens=16 model_ms=845.6 context_ms=79.2 state_ms=329.64 prefix_ms=0.0 suffix_ms=252.9 first_token_ms=1646.5 generation_ms=6743.2 generated=64 generation_tps=9.491
CHILD index=1 mig=31ffbfe4 exit=0 text=3fd8649867d4bb41 role=child prefix_tokens=16321 suffix_tokens=16 model_ms=764.8 context_ms=115.6 state_ms=360.98 prefix_ms=0.0 suffix_ms=258.8 first_token_ms=1653.2 generation_ms=8270.9 generated=64 generation_tps=7.738
CHILD index=2 mig=fafc828a exit=0 text=3fd8649867d4bb41 role=child prefix_tokens=16321 suffix_tokens=16 model_ms=841.2 context_ms=81.7 state_ms=315.74 prefix_ms=0.0 suffix_ms=259.7 first_token_ms=1650.4 generation_ms=6749.0 generated=64 generation_tps=9.483
CHILD index=3 mig=31ffbfe4 exit=0 text=3fd8649867d4bb41 role=child prefix_tokens=16321 suffix_tokens=16 model_ms=757.1 context_ms=72.9 state_ms=278.98 prefix_ms=0.0 suffix_ms=136.4 first_token_ms=1398.7 generation_ms=8331.5 generated=64 generation_tps=7.682
MEMORY mem_available_drop_mib=10082 prefix_pss_mib=0 prefix_rss_mib=0 file_mib=0
END_CASE failed=0 timed_out=0 children_wall_ms=10419
CASE config=mig_mps mode=extent children=8
PARENT mig=fafc828a exit=0 text=c646470e58f73411 prefix_tokens=16321 prefix_ms=19836.5 publish_ms=9.03 state_bytes=261845 suffix_tokens=13 model_ms=585.2 context_ms=36.6 suffix_ms=103.2 first_token_ms=20701.8 generation_ms=8702.9 generated=64 generation_tps=7.354
CHILD index=0 mig=fafc828a exit=0 text=d42c4c07975a6446 role=child prefix_tokens=16321 suffix_tokens=16 model_ms=1004.0 context_ms=41.4 state_ms=9.49 prefix_ms=0.0 suffix_ms=316.3 first_token_ms=1625.7 generation_ms=12441.8 generated=64 generation_tps=5.144
CHILD index=1 mig=31ffbfe4 exit=0 text=3fd8649867d4bb41 role=child prefix_tokens=16321 suffix_tokens=16 model_ms=849.9 context_ms=118.0 state_ms=8.67 prefix_ms=0.0 suffix_ms=137.1 first_token_ms=1294.7 generation_ms=16706.8 generated=64 generation_tps=3.831
CHILD index=2 mig=fafc828a exit=0 text=3fd8649867d4bb41 role=child prefix_tokens=16321 suffix_tokens=16 model_ms=995.2 context_ms=46.3 state_ms=7.44 prefix_ms=0.0 suffix_ms=324.8 first_token_ms=1653.2 generation_ms=12455.5 generated=64 generation_tps=5.138
CHILD index=3 mig=31ffbfe4 exit=0 text=3fd8649867d4bb41 role=child prefix_tokens=16321 suffix_tokens=16 model_ms=1046.4 context_ms=40.3 state_ms=7.66 prefix_ms=0.0 suffix_ms=443.1 first_token_ms=1837.1 generation_ms=16922.1 generated=64 generation_tps=3.782
CHILD index=4 mig=fafc828a exit=0 text=3e0fd62f5aa50665 role=child prefix_tokens=16321 suffix_tokens=16 model_ms=1061.7 context_ms=45.8 state_ms=7.79 prefix_ms=0.0 suffix_ms=360.4 first_token_ms=1766.3 generation_ms=12390.1 generated=64 generation_tps=5.165
CHILD index=5 mig=31ffbfe4 exit=0 text=3fd8649867d4bb41 role=child prefix_tokens=16321 suffix_tokens=16 model_ms=1002.7 context_ms=49.7 state_ms=7.61 prefix_ms=0.0 suffix_ms=437.7 first_token_ms=1792.8 generation_ms=16980.3 generated=64 generation_tps=3.769
CHILD index=6 mig=fafc828a exit=0 text=4a8f18b77dbe0332 role=child prefix_tokens=16321 suffix_tokens=16 model_ms=988.6 context_ms=44.5 state_ms=7.80 prefix_ms=0.0 suffix_ms=350.3 first_token_ms=1695.4 generation_ms=12444.8 generated=64 generation_tps=5.143
CHILD index=7 mig=31ffbfe4 exit=0 text=4a8f18b77dbe0332 role=child prefix_tokens=16321 suffix_tokens=16 model_ms=989.4 context_ms=46.5 state_ms=7.69 prefix_ms=0.0 suffix_ms=444.9 first_token_ms=1791.0 generation_ms=16943.8 generated=64 generation_tps=3.777
MEMORY mem_available_drop_mib=5717 prefix_pss_mib=892 prefix_rss_mib=7140 file_mib=896
END_CASE failed=0 timed_out=0 children_wall_ms=19322
CASE config=mig_mps mode=copy children=8
PARENT mig=fafc828a exit=0 text=c646470e58f73411 prefix_tokens=16321 prefix_ms=19737.7 publish_ms=553.45 state_bytes=936173269 suffix_tokens=13 model_ms=569.0 context_ms=60.4 suffix_ms=63.0 first_token_ms=21116.3 generation_ms=8213.6 generated=64 generation_tps=7.792
CHILD index=0 mig=fafc828a exit=0 text=d42c4c07975a6446 role=child prefix_tokens=16321 suffix_tokens=16 model_ms=758.9 context_ms=62.4 state_ms=276.90 prefix_ms=0.0 suffix_ms=316.6 first_token_ms=1608.6 generation_ms=11900.1 generated=64 generation_tps=5.378
CHILD index=1 mig=31ffbfe4 exit=0 text=3fd8649867d4bb41 role=child prefix_tokens=16321 suffix_tokens=16 model_ms=1029.1 context_ms=165.5 state_ms=323.94 prefix_ms=0.0 suffix_ms=422.7 first_token_ms=2254.2 generation_ms=16510.5 generated=64 generation_tps=3.876
CHILD index=2 mig=fafc828a exit=0 text=3fd8649867d4bb41 role=child prefix_tokens=16321 suffix_tokens=16 model_ms=1099.9 context_ms=110.2 state_ms=319.62 prefix_ms=0.0 suffix_ms=397.6 first_token_ms=2233.2 generation_ms=11855.8 generated=64 generation_tps=5.398
CHILD index=3 mig=31ffbfe4 exit=0 text=3fd8649867d4bb41 role=child prefix_tokens=16321 suffix_tokens=16 model_ms=967.3 context_ms=79.5 state_ms=399.53 prefix_ms=0.0 suffix_ms=155.6 first_token_ms=1881.2 generation_ms=16413.8 generated=64 generation_tps=3.899
CHILD index=4 mig=fafc828a exit=0 text=3e0fd62f5aa50665 role=child prefix_tokens=16321 suffix_tokens=16 model_ms=1014.3 context_ms=68.6 state_ms=383.82 prefix_ms=0.0 suffix_ms=360.9 first_token_ms=2082.4 generation_ms=11931.3 generated=64 generation_tps=5.364
CHILD index=5 mig=31ffbfe4 exit=0 text=3fd8649867d4bb41 role=child prefix_tokens=16321 suffix_tokens=16 model_ms=1025.1 context_ms=174.5 state_ms=315.20 prefix_ms=0.0 suffix_ms=432.2 first_token_ms=2251.7 generation_ms=16476.3 generated=64 generation_tps=3.884
CHILD index=6 mig=fafc828a exit=0 text=4a8f18b77dbe0332 role=child prefix_tokens=16321 suffix_tokens=16 model_ms=1015.9 context_ms=142.6 state_ms=329.92 prefix_ms=0.0 suffix_ms=391.7 first_token_ms=2193.6 generation_ms=11873.8 generated=64 generation_tps=5.390
CHILD index=7 mig=31ffbfe4 exit=0 text=4a8f18b77dbe0332 role=child prefix_tokens=16321 suffix_tokens=16 model_ms=1050.9 context_ms=147.2 state_ms=329.75 prefix_ms=0.0 suffix_ms=448.9 first_token_ms=2282.6 generation_ms=16486.0 generated=64 generation_tps=3.882
MEMORY mem_available_drop_mib=20160 prefix_pss_mib=0 prefix_rss_mib=0 file_mib=0
END_CASE failed=0 timed_out=0 children_wall_ms=19277
CASE config=mig mode=extent children=4
PARENT mig=fafc828a exit=0 text=c646470e58f73411 prefix_tokens=16321 prefix_ms=19797.3 publish_ms=7.89 state_bytes=261845 suffix_tokens=13 model_ms=589.1 context_ms=37.4 suffix_ms=109.3 first_token_ms=20686.6 generation_ms=6664.9 generated=64 generation_tps=9.603
CHILD index=0 mig=fafc828a exit=0 text=d42c4c07975a6446 role=child prefix_tokens=16321 suffix_tokens=16 model_ms=970.5 context_ms=41.7 state_ms=7.65 prefix_ms=0.0 suffix_ms=249.1 first_token_ms=1405.2 generation_ms=7888.7 generated=64 generation_tps=8.113
CHILD index=1 mig=31ffbfe4 exit=0 text=3fd8649867d4bb41 role=child prefix_tokens=16321 suffix_tokens=16 model_ms=930.9 context_ms=41.4 state_ms=7.59 prefix_ms=0.0 suffix_ms=150.4 first_token_ms=1278.4 generation_ms=9573.9 generated=64 generation_tps=6.685
CHILD index=2 mig=fafc828a exit=0 text=3fd8649867d4bb41 role=child prefix_tokens=16321 suffix_tokens=16 model_ms=876.8 context_ms=39.2 state_ms=7.50 prefix_ms=0.0 suffix_ms=270.1 first_token_ms=1341.2 generation_ms=7907.8 generated=64 generation_tps=8.093
CHILD index=3 mig=31ffbfe4 exit=0 text=3fd8649867d4bb41 role=child prefix_tokens=16321 suffix_tokens=16 model_ms=814.8 context_ms=39.3 state_ms=7.42 prefix_ms=0.0 suffix_ms=234.3 first_token_ms=1240.7 generation_ms=9579.5 generated=64 generation_tps=6.681
MEMORY mem_available_drop_mib=2970 prefix_pss_mib=892 prefix_rss_mib=3570 file_mib=896
END_CASE failed=0 timed_out=0 children_wall_ms=11336
CASE config=mig mode=copy children=4
PARENT mig=fafc828a exit=0 text=c646470e58f73411 prefix_tokens=16321 prefix_ms=19736.9 publish_ms=549.69 state_bytes=936173269 suffix_tokens=13 model_ms=589.2 context_ms=60.0 suffix_ms=61.4 first_token_ms=21133.5 generation_ms=6316.1 generated=64 generation_tps=10.133
CHILD index=0 mig=fafc828a exit=0 text=d42c4c07975a6446 role=child prefix_tokens=16321 suffix_tokens=16 model_ms=846.6 context_ms=83.3 state_ms=326.81 prefix_ms=0.0 suffix_ms=200.0 first_token_ms=1577.0 generation_ms=7676.3 generated=64 generation_tps=8.337
CHILD index=1 mig=31ffbfe4 exit=0 text=3fd8649867d4bb41 role=child prefix_tokens=16321 suffix_tokens=16 model_ms=859.3 context_ms=72.0 state_ms=340.27 prefix_ms=0.0 suffix_ms=236.5 first_token_ms=1659.3 generation_ms=9397.1 generated=64 generation_tps=6.811
CHILD index=2 mig=fafc828a exit=0 text=3fd8649867d4bb41 role=child prefix_tokens=16321 suffix_tokens=16 model_ms=846.2 context_ms=92.2 state_ms=348.97 prefix_ms=0.0 suffix_ms=282.8 first_token_ms=1710.7 generation_ms=7624.6 generated=64 generation_tps=8.394
CHILD index=3 mig=31ffbfe4 exit=0 text=3fd8649867d4bb41 role=child prefix_tokens=16321 suffix_tokens=16 model_ms=896.8 context_ms=84.4 state_ms=288.11 prefix_ms=0.0 suffix_ms=227.3 first_token_ms=1644.1 generation_ms=9373.6 generated=64 generation_tps=6.828
MEMORY mem_available_drop_mib=10134 prefix_pss_mib=0 prefix_rss_mib=0 file_mib=0
END_CASE failed=0 timed_out=0 children_wall_ms=11604
CASE config=mig mode=extent children=8
PARENT mig=fafc828a exit=0 text=c646470e58f73411 prefix_tokens=16321 prefix_ms=19807.6 publish_ms=6.90 state_bytes=261845 suffix_tokens=13 model_ms=586.8 context_ms=37.0 suffix_ms=107.7 first_token_ms=20695.7 generation_ms=9222.4 generated=64 generation_tps=6.940
CHILD index=0 mig=fafc828a exit=0 text=d42c4c07975a6446 role=child prefix_tokens=16321 suffix_tokens=16 model_ms=1093.0 context_ms=39.6 state_ms=7.58 prefix_ms=0.0 suffix_ms=186.6 first_token_ms=1566.2 generation_ms=13883.9 generated=64 generation_tps=4.610
CHILD index=1 mig=31ffbfe4 exit=0 text=3fd8649867d4bb41 role=child prefix_tokens=16321 suffix_tokens=16 model_ms=1146.1 context_ms=36.4 state_ms=7.41 prefix_ms=0.0 suffix_ms=280.2 first_token_ms=1763.7 generation_ms=19234.3 generated=64 generation_tps=3.327
CHILD index=2 mig=fafc828a exit=0 text=3fd8649867d4bb41 role=child prefix_tokens=16321 suffix_tokens=16 model_ms=1178.9 context_ms=43.5 state_ms=7.52 prefix_ms=0.0 suffix_ms=336.5 first_token_ms=1867.6 generation_ms=13795.0 generated=64 generation_tps=4.639
CHILD index=3 mig=31ffbfe4 exit=0 text=3fd8649867d4bb41 role=child prefix_tokens=16321 suffix_tokens=16 model_ms=1183.1 context_ms=50.8 state_ms=7.75 prefix_ms=0.0 suffix_ms=433.9 first_token_ms=1979.0 generation_ms=19068.8 generated=64 generation_tps=3.356
CHILD index=4 mig=fafc828a exit=0 text=3e0fd62f5aa50665 role=child prefix_tokens=16321 suffix_tokens=16 model_ms=1185.9 context_ms=51.8 state_ms=7.81 prefix_ms=0.0 suffix_ms=372.7 first_token_ms=1916.6 generation_ms=13778.5 generated=64 generation_tps=4.645
CHILD index=5 mig=31ffbfe4 exit=0 text=3fd8649867d4bb41 role=child prefix_tokens=16321 suffix_tokens=16 model_ms=1126.0 context_ms=37.9 state_ms=7.49 prefix_ms=0.0 suffix_ms=349.9 first_token_ms=1781.7 generation_ms=19148.4 generated=64 generation_tps=3.342
CHILD index=6 mig=fafc828a exit=0 text=4a8f18b77dbe0332 role=child prefix_tokens=16321 suffix_tokens=16 model_ms=1174.9 context_ms=67.9 state_ms=7.58 prefix_ms=0.0 suffix_ms=364.6 first_token_ms=1907.5 generation_ms=13778.5 generated=64 generation_tps=4.645
CHILD index=7 mig=31ffbfe4 exit=0 text=4a8f18b77dbe0332 role=child prefix_tokens=16321 suffix_tokens=16 model_ms=1193.9 context_ms=47.7 state_ms=47.68 prefix_ms=0.0 suffix_ms=478.6 first_token_ms=2067.8 generation_ms=19024.3 generated=64 generation_tps=3.364
MEMORY mem_available_drop_mib=5805 prefix_pss_mib=892 prefix_rss_mib=7140 file_mib=896
END_CASE failed=0 timed_out=0 children_wall_ms=21596
CASE config=mig mode=copy children=8
PARENT mig=fafc828a exit=0 text=c646470e58f73411 prefix_tokens=16321 prefix_ms=19740.2 publish_ms=570.21 state_bytes=936173269 suffix_tokens=13 model_ms=588.0 context_ms=60.4 suffix_ms=62.5 first_token_ms=21174.9 generation_ms=8154.2 generated=64 generation_tps=7.849
CHILD index=0 mig=fafc828a exit=0 text=d42c4c07975a6446 role=child prefix_tokens=16321 suffix_tokens=16 model_ms=978.8 context_ms=72.6 state_ms=340.22 prefix_ms=0.0 suffix_ms=276.1 first_token_ms=1896.9 generation_ms=13313.0 generated=64 generation_tps=4.807
CHILD index=1 mig=31ffbfe4 exit=0 text=3fd8649867d4bb41 role=child prefix_tokens=16321 suffix_tokens=16 model_ms=1190.9 context_ms=149.8 state_ms=412.41 prefix_ms=0.0 suffix_ms=418.9 first_token_ms=2432.7 generation_ms=18642.9 generated=64 generation_tps=3.433
CHILD index=2 mig=fafc828a exit=0 text=3fd8649867d4bb41 role=child prefix_tokens=16321 suffix_tokens=16 model_ms=1183.0 context_ms=147.4 state_ms=385.70 prefix_ms=0.0 suffix_ms=320.1 first_token_ms=2334.7 generation_ms=13367.1 generated=64 generation_tps=4.788
CHILD index=3 mig=31ffbfe4 exit=0 text=3fd8649867d4bb41 role=child prefix_tokens=16321 suffix_tokens=16 model_ms=1179.9 context_ms=161.6 state_ms=369.01 prefix_ms=0.0 suffix_ms=427.0 first_token_ms=2433.2 generation_ms=18593.9 generated=64 generation_tps=3.442
CHILD index=4 mig=fafc828a exit=0 text=3e0fd62f5aa50665 role=child prefix_tokens=16321 suffix_tokens=16 model_ms=1191.8 context_ms=162.9 state_ms=376.04 prefix_ms=0.0 suffix_ms=397.3 first_token_ms=2432.7 generation_ms=13286.7 generated=64 generation_tps=4.817
CHILD index=5 mig=31ffbfe4 exit=0 text=3fd8649867d4bb41 role=child prefix_tokens=16321 suffix_tokens=16 model_ms=1219.6 context_ms=162.1 state_ms=319.81 prefix_ms=0.0 suffix_ms=434.9 first_token_ms=2435.9 generation_ms=18609.1 generated=64 generation_tps=3.439
CHILD index=6 mig=fafc828a exit=0 text=4a8f18b77dbe0332 role=child prefix_tokens=16321 suffix_tokens=16 model_ms=1249.3 context_ms=162.5 state_ms=409.11 prefix_ms=0.0 suffix_ms=425.4 first_token_ms=2539.1 generation_ms=13215.4 generated=64 generation_tps=4.843
CHILD index=7 mig=31ffbfe4 exit=0 text=4a8f18b77dbe0332 role=child prefix_tokens=16321 suffix_tokens=16 model_ms=1232.0 context_ms=168.9 state_ms=312.81 prefix_ms=0.0 suffix_ms=437.2 first_token_ms=2435.4 generation_ms=18615.7 generated=64 generation_tps=3.438
MEMORY mem_available_drop_mib=20217 prefix_pss_mib=0 prefix_rss_mib=0 file_mib=0
END_CASE failed=0 timed_out=0 children_wall_ms=21624
CASE config=mps mode=extent children=4
PARENT mig=fafc828a exit=0 text=c646470e58f73411 prefix_tokens=16321 prefix_ms=19820.2 publish_ms=7.51 state_bytes=261845 suffix_tokens=13 model_ms=604.7 context_ms=37.2 suffix_ms=113.5 first_token_ms=20826.2 generation_ms=8837.8 generated=64 generation_tps=7.242
CHILD index=0 mig=fafc828a exit=0 text=d42c4c07975a6446 role=child prefix_tokens=16321 suffix_tokens=16 model_ms=809.9 context_ms=78.8 state_ms=7.45 prefix_ms=0.0 suffix_ms=317.9 first_token_ms=1385.8 generation_ms=11420.7 generated=64 generation_tps=5.604
CHILD index=1 mig=fafc828a exit=0 text=3fd8649867d4bb41 role=child prefix_tokens=16321 suffix_tokens=16 model_ms=792.9 context_ms=41.9 state_ms=7.51 prefix_ms=0.0 suffix_ms=380.3 first_token_ms=1406.0 generation_ms=11391.5 generated=64 generation_tps=5.618
CHILD index=2 mig=fafc828a exit=0 text=3fd8649867d4bb41 role=child prefix_tokens=16321 suffix_tokens=16 model_ms=791.9 context_ms=43.8 state_ms=7.52 prefix_ms=0.0 suffix_ms=303.3 first_token_ms=1335.1 generation_ms=11400.2 generated=64 generation_tps=5.614
CHILD index=3 mig=fafc828a exit=0 text=3fd8649867d4bb41 role=child prefix_tokens=16321 suffix_tokens=16 model_ms=803.3 context_ms=39.9 state_ms=7.51 prefix_ms=0.0 suffix_ms=305.1 first_token_ms=1346.7 generation_ms=11423.0 generated=64 generation_tps=5.603
MEMORY mem_available_drop_mib=2991 prefix_pss_mib=892 prefix_rss_mib=3570 file_mib=896
END_CASE failed=0 timed_out=0 children_wall_ms=13309
CASE config=mps mode=copy children=4
PARENT mig=fafc828a exit=0 text=c646470e58f73411 prefix_tokens=16321 prefix_ms=19747.0 publish_ms=556.54 state_bytes=936173269 suffix_tokens=13 model_ms=571.7 context_ms=59.9 suffix_ms=60.7 first_token_ms=21101.9 generation_ms=7764.1 generated=64 generation_tps=8.243
CHILD index=0 mig=fafc828a exit=0 text=d42c4c07975a6446 role=child prefix_tokens=16321 suffix_tokens=16 model_ms=805.8 context_ms=88.0 state_ms=293.61 prefix_ms=0.0 suffix_ms=250.4 first_token_ms=1595.0 generation_ms=11189.5 generated=64 generation_tps=5.720
CHILD index=1 mig=fafc828a exit=0 text=3fd8649867d4bb41 role=child prefix_tokens=16321 suffix_tokens=16 model_ms=787.4 context_ms=117.6 state_ms=390.69 prefix_ms=0.0 suffix_ms=346.9 first_token_ms=1792.6 generation_ms=11173.5 generated=64 generation_tps=5.728
CHILD index=2 mig=fafc828a exit=0 text=3fd8649867d4bb41 role=child prefix_tokens=16321 suffix_tokens=16 model_ms=865.3 context_ms=71.8 state_ms=348.11 prefix_ms=0.0 suffix_ms=346.8 first_token_ms=1789.1 generation_ms=11150.6 generated=64 generation_tps=5.740
CHILD index=3 mig=fafc828a exit=0 text=3fd8649867d4bb41 role=child prefix_tokens=16321 suffix_tokens=16 model_ms=802.8 context_ms=85.6 state_ms=392.52 prefix_ms=0.0 suffix_ms=346.7 first_token_ms=1786.6 generation_ms=11162.5 generated=64 generation_tps=5.733
MEMORY mem_available_drop_mib=10099 prefix_pss_mib=0 prefix_rss_mib=0 file_mib=0
END_CASE failed=0 timed_out=0 children_wall_ms=13497
CASE config=mps mode=extent children=8
PARENT mig=fafc828a exit=0 text=c646470e58f73411 prefix_tokens=16321 prefix_ms=19787.0 publish_ms=8.87 state_bytes=261845 suffix_tokens=13 model_ms=566.6 context_ms=37.3 suffix_ms=103.2 first_token_ms=20637.2 generation_ms=14621.7 generated=64 generation_tps=4.377
CHILD index=0 mig=fafc828a exit=0 text=d42c4c07975a6446 role=child prefix_tokens=16321 suffix_tokens=16 model_ms=728.6 context_ms=39.6 state_ms=7.67 prefix_ms=0.0 suffix_ms=183.6 first_token_ms=1169.5 generation_ms=20474.3 generated=64 generation_tps=3.126
CHILD index=1 mig=fafc828a exit=0 text=3fd8649867d4bb41 role=child prefix_tokens=16321 suffix_tokens=16 model_ms=1015.7 context_ms=46.1 state_ms=7.77 prefix_ms=0.0 suffix_ms=540.3 first_token_ms=1914.2 generation_ms=21094.5 generated=64 generation_tps=3.034
CHILD index=2 mig=fafc828a exit=0 text=3fd8649867d4bb41 role=child prefix_tokens=16321 suffix_tokens=16 model_ms=1061.0 context_ms=42.6 state_ms=7.46 prefix_ms=0.0 suffix_ms=548.2 first_token_ms=1942.3 generation_ms=21090.9 generated=64 generation_tps=3.034
CHILD index=3 mig=fafc828a exit=0 text=3fd8649867d4bb41 role=child prefix_tokens=16321 suffix_tokens=16 model_ms=1063.3 context_ms=42.4 state_ms=7.44 prefix_ms=0.0 suffix_ms=557.5 first_token_ms=1964.1 generation_ms=21075.3 generated=64 generation_tps=3.037
CHILD index=4 mig=fafc828a exit=0 text=3e0fd62f5aa50665 role=child prefix_tokens=16321 suffix_tokens=16 model_ms=1046.6 context_ms=47.4 state_ms=7.64 prefix_ms=0.0 suffix_ms=551.9 first_token_ms=1956.7 generation_ms=21073.2 generated=64 generation_tps=3.037
CHILD index=5 mig=fafc828a exit=0 text=3e0fd62f5aa50665 role=child prefix_tokens=16321 suffix_tokens=16 model_ms=1014.7 context_ms=40.1 state_ms=7.54 prefix_ms=0.0 suffix_ms=466.1 first_token_ms=1775.7 generation_ms=21156.0 generated=64 generation_tps=3.025
CHILD index=6 mig=fafc828a exit=0 text=4a8f18b77dbe0332 role=child prefix_tokens=16321 suffix_tokens=16 model_ms=992.8 context_ms=39.0 state_ms=7.36 prefix_ms=0.0 suffix_ms=521.0 first_token_ms=1847.0 generation_ms=21118.8 generated=64 generation_tps=3.030
CHILD index=7 mig=fafc828a exit=0 text=4a8f18b77dbe0332 role=child prefix_tokens=16321 suffix_tokens=16 model_ms=1010.3 context_ms=45.1 state_ms=7.52 prefix_ms=0.0 suffix_ms=541.5 first_token_ms=1904.3 generation_ms=21102.1 generated=64 generation_tps=3.033
MEMORY mem_available_drop_mib=5844 prefix_pss_mib=892 prefix_rss_mib=7140 file_mib=896
END_CASE failed=0 timed_out=0 children_wall_ms=23590
CASE config=mps mode=copy children=8
PARENT mig=fafc828a exit=0 text=c646470e58f73411 prefix_tokens=16321 prefix_ms=19750.9 publish_ms=565.83 state_bytes=936173269 suffix_tokens=13 model_ms=568.0 context_ms=60.4 suffix_ms=62.6 first_token_ms=21129.2 generation_ms=12227.9 generated=64 generation_tps=5.234
CHILD index=0 mig=fafc828a exit=0 text=d42c4c07975a6446 role=child prefix_tokens=16321 suffix_tokens=16 model_ms=771.7 context_ms=61.9 state_ms=282.98 prefix_ms=0.0 suffix_ms=391.4 first_token_ms=1752.0 generation_ms=20793.6 generated=64 generation_tps=3.078
CHILD index=1 mig=fafc828a exit=0 text=3fd8649867d4bb41 role=child prefix_tokens=16321 suffix_tokens=16 model_ms=1036.6 context_ms=107.4 state_ms=421.23 prefix_ms=0.0 suffix_ms=556.8 first_token_ms=2397.0 generation_ms=21069.6 generated=64 generation_tps=3.038
CHILD index=2 mig=fafc828a exit=0 text=3fd8649867d4bb41 role=child prefix_tokens=16321 suffix_tokens=16 model_ms=1096.6 context_ms=116.4 state_ms=315.25 prefix_ms=0.0 suffix_ms=561.3 first_token_ms=2393.9 generation_ms=21087.1 generated=64 generation_tps=3.035
CHILD index=3 mig=fafc828a exit=0 text=3fd8649867d4bb41 role=child prefix_tokens=16321 suffix_tokens=16 model_ms=981.6 context_ms=87.7 state_ms=471.88 prefix_ms=0.0 suffix_ms=538.4 first_token_ms=2373.1 generation_ms=21074.2 generated=64 generation_tps=3.037
CHILD index=4 mig=fafc828a exit=0 text=3e0fd62f5aa50665 role=child prefix_tokens=16321 suffix_tokens=16 model_ms=1056.1 context_ms=104.7 state_ms=360.08 prefix_ms=0.0 suffix_ms=557.0 first_token_ms=2386.8 generation_ms=21082.1 generated=64 generation_tps=3.036
CHILD index=5 mig=fafc828a exit=0 text=3e0fd62f5aa50665 role=child prefix_tokens=16321 suffix_tokens=16 model_ms=1016.0 context_ms=107.9 state_ms=393.53 prefix_ms=0.0 suffix_ms=556.8 first_token_ms=2383.8 generation_ms=21069.6 generated=64 generation_tps=3.038
CHILD index=6 mig=fafc828a exit=0 text=4a8f18b77dbe0332 role=child prefix_tokens=16321 suffix_tokens=16 model_ms=1075.4 context_ms=119.6 state_ms=330.71 prefix_ms=0.0 suffix_ms=567.1 first_token_ms=2385.4 generation_ms=21086.5 generated=64 generation_tps=3.035
CHILD index=7 mig=fafc828a exit=0 text=4a8f18b77dbe0332 role=child prefix_tokens=16321 suffix_tokens=16 model_ms=1083.4 context_ms=108.6 state_ms=322.99 prefix_ms=0.0 suffix_ms=560.6 first_token_ms=2378.3 generation_ms=21039.7 generated=64 generation_tps=3.042
MEMORY mem_available_drop_mib=20202 prefix_pss_mib=0 prefix_rss_mib=0 file_mib=0
END_CASE failed=0 timed_out=0 children_wall_ms=24177
CASE config=timeslice mode=extent children=4
PARENT mig=fafc828a exit=0 text=c646470e58f73411 prefix_tokens=16321 prefix_ms=19804.6 publish_ms=9.00 state_bytes=261845 suffix_tokens=13 model_ms=589.0 context_ms=37.5 suffix_ms=105.4 first_token_ms=20684.0 generation_ms=9707.8 generated=64 generation_tps=6.593
CHILD index=0 mig=fafc828a exit=0 text=d42c4c07975a6446 role=child prefix_tokens=16321 suffix_tokens=16 model_ms=858.0 context_ms=79.2 state_ms=47.04 prefix_ms=0.0 suffix_ms=361.9 first_token_ms=1462.0 generation_ms=12806.1 generated=64 generation_tps=4.998
CHILD index=1 mig=fafc828a exit=0 text=3fd8649867d4bb41 role=child prefix_tokens=16321 suffix_tokens=16 model_ms=891.4 context_ms=39.3 state_ms=7.24 prefix_ms=0.0 suffix_ms=449.0 first_token_ms=1529.0 generation_ms=12746.7 generated=64 generation_tps=5.021
CHILD index=2 mig=fafc828a exit=0 text=3fd8649867d4bb41 role=child prefix_tokens=16321 suffix_tokens=16 model_ms=873.1 context_ms=39.2 state_ms=7.71 prefix_ms=0.0 suffix_ms=247.2 first_token_ms=1299.4 generation_ms=12815.1 generated=64 generation_tps=4.994
CHILD index=3 mig=fafc828a exit=0 text=3fd8649867d4bb41 role=child prefix_tokens=16321 suffix_tokens=16 model_ms=922.1 context_ms=38.0 state_ms=7.68 prefix_ms=0.0 suffix_ms=365.7 first_token_ms=1473.4 generation_ms=12786.3 generated=64 generation_tps=5.005
MEMORY mem_available_drop_mib=2986 prefix_pss_mib=981 prefix_rss_mib=3570 file_mib=896
END_CASE failed=0 timed_out=0 children_wall_ms=14768
CASE config=timeslice mode=copy children=4
PARENT mig=fafc828a exit=0 text=c646470e58f73411 prefix_tokens=16321 prefix_ms=19740.8 publish_ms=568.73 state_bytes=936173269 suffix_tokens=13 model_ms=589.0 context_ms=62.1 suffix_ms=60.5 first_token_ms=21145.2 generation_ms=8287.2 generated=64 generation_tps=7.723
CHILD index=0 mig=fafc828a exit=0 text=d42c4c07975a6446 role=child prefix_tokens=16321 suffix_tokens=16 model_ms=892.4 context_ms=134.1 state_ms=329.47 prefix_ms=0.0 suffix_ms=184.6 first_token_ms=1653.4 generation_ms=12551.5 generated=64 generation_tps=5.099
CHILD index=1 mig=fafc828a exit=0 text=3fd8649867d4bb41 role=child prefix_tokens=16321 suffix_tokens=16 model_ms=891.5 context_ms=107.2 state_ms=477.43 prefix_ms=0.0 suffix_ms=373.5 first_token_ms=1990.1 generation_ms=12461.4 generated=64 generation_tps=5.136
CHILD index=2 mig=fafc828a exit=0 text=3fd8649867d4bb41 role=child prefix_tokens=16321 suffix_tokens=16 model_ms=875.7 context_ms=119.1 state_ms=464.53 prefix_ms=0.0 suffix_ms=397.5 first_token_ms=2012.0 generation_ms=12485.7 generated=64 generation_tps=5.126
CHILD index=3 mig=fafc828a exit=0 text=3fd8649867d4bb41 role=child prefix_tokens=16321 suffix_tokens=16 model_ms=871.7 context_ms=110.7 state_ms=473.86 prefix_ms=0.0 suffix_ms=390.3 first_token_ms=2001.5 generation_ms=12493.5 generated=64 generation_tps=5.123
MEMORY mem_available_drop_mib=10150 prefix_pss_mib=0 prefix_rss_mib=0 file_mib=0
END_CASE failed=0 timed_out=0 children_wall_ms=14980
CASE config=timeslice mode=extent children=8
PARENT mig=fafc828a exit=0 text=c646470e58f73411 prefix_tokens=16321 prefix_ms=19826.2 publish_ms=9.04 state_bytes=261845 suffix_tokens=13 model_ms=586.5 context_ms=36.9 suffix_ms=119.0 first_token_ms=20730.1 generation_ms=14710.5 generated=64 generation_tps=4.351
CHILD index=0 mig=fafc828a exit=0 text=d42c4c07975a6446 role=child prefix_tokens=16321 suffix_tokens=16 model_ms=990.4 context_ms=37.3 state_ms=7.50 prefix_ms=0.0 suffix_ms=221.2 first_token_ms=1459.1 generation_ms=23424.4 generated=64 generation_tps=2.732
CHILD index=1 mig=fafc828a exit=0 text=3fd8649867d4bb41 role=child prefix_tokens=16321 suffix_tokens=16 model_ms=1199.2 context_ms=38.3 state_ms=7.44 prefix_ms=0.0 suffix_ms=543.3 first_token_ms=2037.1 generation_ms=23676.2 generated=64 generation_tps=2.703
CHILD index=2 mig=fafc828a exit=0 text=3fd8649867d4bb41 role=child prefix_tokens=16321 suffix_tokens=16 model_ms=1161.1 context_ms=46.2 state_ms=7.63 prefix_ms=0.0 suffix_ms=564.6 first_token_ms=2074.0 generation_ms=23704.7 generated=64 generation_tps=2.700
CHILD index=3 mig=fafc828a exit=0 text=3fd8649867d4bb41 role=child prefix_tokens=16321 suffix_tokens=16 model_ms=1196.2 context_ms=47.1 state_ms=7.48 prefix_ms=0.0 suffix_ms=566.3 first_token_ms=2093.5 generation_ms=23704.5 generated=64 generation_tps=2.700
CHILD index=4 mig=fafc828a exit=0 text=3e0fd62f5aa50665 role=child prefix_tokens=16321 suffix_tokens=16 model_ms=1178.0 context_ms=46.0 state_ms=7.51 prefix_ms=0.0 suffix_ms=584.2 first_token_ms=2110.3 generation_ms=23709.5 generated=64 generation_tps=2.699
CHILD index=5 mig=fafc828a exit=0 text=3e0fd62f5aa50665 role=child prefix_tokens=16321 suffix_tokens=16 model_ms=1186.0 context_ms=47.1 state_ms=7.39 prefix_ms=0.0 suffix_ms=591.1 first_token_ms=2133.5 generation_ms=23689.7 generated=64 generation_tps=2.702
CHILD index=6 mig=fafc828a exit=0 text=4a8f18b77dbe0332 role=child prefix_tokens=16321 suffix_tokens=16 model_ms=1233.6 context_ms=37.5 state_ms=7.69 prefix_ms=0.0 suffix_ms=672.6 first_token_ms=2249.5 generation_ms=23612.4 generated=64 generation_tps=2.710
CHILD index=7 mig=fafc828a exit=0 text=4a8f18b77dbe0332 role=child prefix_tokens=16321 suffix_tokens=16 model_ms=1189.6 context_ms=53.4 state_ms=45.01 prefix_ms=0.0 suffix_ms=688.7 first_token_ms=2258.5 generation_ms=23605.1 generated=64 generation_tps=2.711
MEMORY mem_available_drop_mib=5894 prefix_pss_mib=892 prefix_rss_mib=7140 file_mib=896
END_CASE failed=0 timed_out=0 children_wall_ms=26435
CASE config=timeslice mode=copy children=8
PARENT mig=fafc828a exit=0 text=c646470e58f73411 prefix_tokens=16321 prefix_ms=19739.3 publish_ms=543.59 state_bytes=936173269 suffix_tokens=13 model_ms=584.8 context_ms=60.2 suffix_ms=62.9 first_token_ms=21151.0 generation_ms=12272.2 generated=64 generation_tps=5.215
CHILD index=0 mig=fafc828a exit=0 text=d42c4c07975a6446 role=child prefix_tokens=16321 suffix_tokens=16 model_ms=877.6 context_ms=72.3 state_ms=297.99 prefix_ms=0.0 suffix_ms=251.5 first_token_ms=1730.0 generation_ms=22298.2 generated=64 generation_tps=2.870
CHILD index=1 mig=fafc828a exit=0 text=3fd8649867d4bb41 role=child prefix_tokens=16321 suffix_tokens=16 model_ms=1231.3 context_ms=164.4 state_ms=632.92 prefix_ms=0.0 suffix_ms=612.7 first_token_ms=2909.7 generation_ms=23386.1 generated=64 generation_tps=2.737
CHILD index=2 mig=fafc828a exit=0 text=3fd8649867d4bb41 role=child prefix_tokens=16321 suffix_tokens=16 model_ms=1290.3 context_ms=157.7 state_ms=538.76 prefix_ms=0.0 suffix_ms=641.6 first_token_ms=2933.2 generation_ms=23330.4 generated=64 generation_tps=2.743
CHILD index=3 mig=fafc828a exit=0 text=3fd8649867d4bb41 role=child prefix_tokens=16321 suffix_tokens=16 model_ms=1273.2 context_ms=146.8 state_ms=553.74 prefix_ms=0.0 suffix_ms=644.2 first_token_ms=2933.7 generation_ms=23359.4 generated=64 generation_tps=2.740
CHILD index=4 mig=fafc828a exit=0 text=3e0fd62f5aa50665 role=child prefix_tokens=16321 suffix_tokens=16 model_ms=1212.5 context_ms=180.5 state_ms=585.05 prefix_ms=0.0 suffix_ms=644.6 first_token_ms=2931.8 generation_ms=23349.9 generated=64 generation_tps=2.741
CHILD index=5 mig=fafc828a exit=0 text=3e0fd62f5aa50665 role=child prefix_tokens=16321 suffix_tokens=16 model_ms=1202.9 context_ms=143.8 state_ms=625.12 prefix_ms=0.0 suffix_ms=612.3 first_token_ms=2895.7 generation_ms=23392.3 generated=64 generation_tps=2.736
CHILD index=6 mig=fafc828a exit=0 text=4a8f18b77dbe0332 role=child prefix_tokens=16321 suffix_tokens=16 model_ms=1215.0 context_ms=170.7 state_ms=596.48 prefix_ms=0.0 suffix_ms=648.4 first_token_ms=2930.8 generation_ms=23368.9 generated=64 generation_tps=2.739
CHILD index=7 mig=fafc828a exit=0 text=4a8f18b77dbe0332 role=child prefix_tokens=16321 suffix_tokens=16 model_ms=1293.8 context_ms=161.6 state_ms=538.62 prefix_ms=0.0 suffix_ms=641.6 first_token_ms=2916.0 generation_ms=23358.8 generated=64 generation_tps=2.740
MEMORY mem_available_drop_mib=20231 prefix_pss_mib=0 prefix_rss_mib=0 file_mib=0
END_CASE failed=0 timed_out=0 children_wall_ms=27099
END_KVMPS
