BEGIN_KVSHARE run=1 paragraphs=320 context=32768 publisher_mig=fafc828a
PUBLISH store=device prefix_tokens=16321 prefix_ms=19749.9 publish_ms=553.46 state_bytes=936173269
PUBLISH store=huge prefix_tokens=16321 prefix_ms=19825.3 publish_ms=9.17 state_bytes=261845 file_used_kib=917504
CASE mode=restore agents=8
AGENT index=0 mig=fafc828a exit=0 wall_ms=14756 text=d42c4c07975a6446 role=child prefix_tokens=16321 suffix_tokens=16 model_ms=1033.1 context_ms=178.7 state_ms=232.46 prefix_ms=0.0 suffix_ms=275.8 first_token_ms=2034.3 generation_ms=12278.7 generated=64 generation_tps=5.212
AGENT index=1 mig=31ffbfe4 exit=0 wall_ms=20844 text=3fd8649867d4bb41 role=child prefix_tokens=16321 suffix_tokens=16 model_ms=1058.3 context_ms=144.7 state_ms=299.47 prefix_ms=0.0 suffix_ms=430.7 first_token_ms=2219.9 generation_ms=18279.3 generated=64 generation_tps=3.501
AGENT index=2 mig=fafc828a exit=0 wall_ms=14832 text=3fd8649867d4bb41 role=child prefix_tokens=16321 suffix_tokens=16 model_ms=1095.4 context_ms=134.1 state_ms=223.51 prefix_ms=0.0 suffix_ms=292.5 first_token_ms=2062.2 generation_ms=12277.2 generated=64 generation_tps=5.213
AGENT index=3 mig=31ffbfe4 exit=0 wall_ms=20812 text=3fd8649867d4bb41 role=child prefix_tokens=16321 suffix_tokens=16 model_ms=1016.3 context_ms=122.8 state_ms=357.30 prefix_ms=0.0 suffix_ms=389.4 first_token_ms=2147.3 generation_ms=18250.5 generated=64 generation_tps=3.507
AGENT index=4 mig=fafc828a exit=0 wall_ms=14801 text=3e0fd62f5aa50665 role=child prefix_tokens=16321 suffix_tokens=16 model_ms=1103.7 context_ms=126.4 state_ms=223.87 prefix_ms=0.0 suffix_ms=278.3 first_token_ms=2043.3 generation_ms=12289.6 generated=64 generation_tps=5.208
AGENT index=5 mig=31ffbfe4 exit=0 wall_ms=20936 text=3fd8649867d4bb41 role=child prefix_tokens=16321 suffix_tokens=16 model_ms=1087.4 context_ms=116.7 state_ms=302.53 prefix_ms=0.0 suffix_ms=486.8 first_token_ms=2313.0 generation_ms=18219.4 generated=64 generation_tps=3.513
AGENT index=6 mig=fafc828a exit=0 wall_ms=14716 text=4a8f18b77dbe0332 role=child prefix_tokens=16321 suffix_tokens=16 model_ms=1020.4 context_ms=175.1 state_ms=230.94 prefix_ms=0.0 suffix_ms=266.1 first_token_ms=2011.0 generation_ms=12253.0 generated=64 generation_tps=5.223
AGENT index=7 mig=31ffbfe4 exit=0 wall_ms=20436 text=4a8f18b77dbe0332 role=child prefix_tokens=16321 suffix_tokens=16 model_ms=957.8 context_ms=88.7 state_ms=252.38 prefix_ms=0.0 suffix_ms=176.6 first_token_ms=1789.8 generation_ms=18298.1 generated=64 generation_tps=3.498
MEMORY mem_available_drop_mib=20324 prefix_pss_mib=0 prefix_rss_mib=0
END_CASE failed_agents=0
CASE mode=extent_lazy agents=8
AGENT index=0 mig=fafc828a exit=0 wall_ms=14338 text=d42c4c07975a6446 role=child prefix_tokens=16321 suffix_tokens=16 model_ms=1027.6 context_ms=83.2 state_ms=7.55 prefix_ms=0.0 suffix_ms=310.8 first_token_ms=1738.7 generation_ms=12260.5 generated=64 generation_tps=5.220
AGENT index=1 mig=31ffbfe4 exit=0 wall_ms=19994 text=3fd8649867d4bb41 role=child prefix_tokens=16321 suffix_tokens=16 model_ms=824.5 context_ms=33.8 state_ms=7.22 prefix_ms=0.0 suffix_ms=118.5 first_token_ms=1224.9 generation_ms=18431.1 generated=64 generation_tps=3.472
AGENT index=2 mig=fafc828a exit=0 wall_ms=14385 text=3fd8649867d4bb41 role=child prefix_tokens=16321 suffix_tokens=16 model_ms=1055.6 context_ms=45.3 state_ms=8.19 prefix_ms=0.0 suffix_ms=322.8 first_token_ms=1737.1 generation_ms=12260.0 generated=64 generation_tps=5.220
AGENT index=3 mig=31ffbfe4 exit=0 wall_ms=20829 text=3fd8649867d4bb41 role=child prefix_tokens=16321 suffix_tokens=16 model_ms=965.9 context_ms=34.9 state_ms=7.17 prefix_ms=0.0 suffix_ms=367.0 first_token_ms=1695.8 generation_ms=18798.4 generated=64 generation_tps=3.405
AGENT index=4 mig=fafc828a exit=0 wall_ms=14304 text=3e0fd62f5aa50665 role=child prefix_tokens=16321 suffix_tokens=16 model_ms=1012.6 context_ms=39.6 state_ms=7.44 prefix_ms=0.0 suffix_ms=211.5 first_token_ms=1587.5 generation_ms=12264.4 generated=64 generation_tps=5.218
AGENT index=5 mig=31ffbfe4 exit=0 wall_ms=21032 text=3fd8649867d4bb41 role=child prefix_tokens=16321 suffix_tokens=16 model_ms=1044.5 context_ms=48.0 state_ms=7.58 prefix_ms=0.0 suffix_ms=461.9 first_token_ms=1869.8 generation_ms=18731.0 generated=64 generation_tps=3.417
AGENT index=6 mig=fafc828a exit=0 wall_ms=14303 text=4a8f18b77dbe0332 role=child prefix_tokens=16321 suffix_tokens=16 model_ms=1016.6 context_ms=45.0 state_ms=7.37 prefix_ms=0.0 suffix_ms=204.7 first_token_ms=1583.7 generation_ms=12311.3 generated=64 generation_tps=5.198
AGENT index=7 mig=31ffbfe4 exit=0 wall_ms=20931 text=4a8f18b77dbe0332 role=child prefix_tokens=16321 suffix_tokens=16 model_ms=1029.2 context_ms=39.6 state_ms=7.67 prefix_ms=0.0 suffix_ms=465.6 first_token_ms=1857.9 generation_ms=18726.2 generated=64 generation_tps=3.418
MEMORY mem_available_drop_mib=5840 prefix_pss_mib=892 prefix_rss_mib=7140
END_CASE failed_agents=0
CASE mode=restore agents=16
AGENT index=0 mig=fafc828a exit=0 wall_ms=28486 text=d42c4c07975a6446 role=child prefix_tokens=16321 suffix_tokens=16 model_ms=1672.4 context_ms=278.7 state_ms=363.86 prefix_ms=0.0 suffix_ms=424.8 first_token_ms=3327.8 generation_ms=24613.7 generated=64 generation_tps=2.600
AGENT index=1 mig=31ffbfe4 exit=0 wall_ms=41529 text=3fd8649867d4bb41 role=child prefix_tokens=16321 suffix_tokens=16 model_ms=1910.7 context_ms=206.4 state_ms=391.36 prefix_ms=0.0 suffix_ms=851.5 first_token_ms=3956.8 generation_ms=36945.9 generated=64 generation_tps=1.732
AGENT index=2 mig=fafc828a exit=0 wall_ms=28558 text=3fd8649867d4bb41 role=child prefix_tokens=16321 suffix_tokens=16 model_ms=1713.3 context_ms=299.1 state_ms=366.95 prefix_ms=0.0 suffix_ms=472.5 first_token_ms=3449.6 generation_ms=24634.0 generated=64 generation_tps=2.598
AGENT index=3 mig=31ffbfe4 exit=0 wall_ms=41373 text=3fd8649867d4bb41 role=child prefix_tokens=16321 suffix_tokens=16 model_ms=1822.8 context_ms=300.8 state_ms=407.32 prefix_ms=0.0 suffix_ms=891.7 first_token_ms=4004.4 generation_ms=36877.6 generated=64 generation_tps=1.735
AGENT index=4 mig=fafc828a exit=0 wall_ms=28680 text=3e0fd62f5aa50665 role=child prefix_tokens=16321 suffix_tokens=16 model_ms=1680.5 context_ms=397.5 state_ms=375.25 prefix_ms=0.0 suffix_ms=523.9 first_token_ms=3552.3 generation_ms=24545.7 generated=64 generation_tps=2.607
AGENT index=5 mig=31ffbfe4 exit=0 wall_ms=41219 text=3fd8649867d4bb41 role=child prefix_tokens=16321 suffix_tokens=16 model_ms=1647.9 context_ms=281.7 state_ms=487.60 prefix_ms=0.0 suffix_ms=629.1 first_token_ms=3655.4 generation_ms=37055.4 generated=64 generation_tps=1.727
AGENT index=6 mig=fafc828a exit=0 wall_ms=28501 text=4a8f18b77dbe0332 role=child prefix_tokens=16321 suffix_tokens=16 model_ms=1643.0 context_ms=295.6 state_ms=356.37 prefix_ms=0.0 suffix_ms=335.5 first_token_ms=3237.2 generation_ms=24589.4 generated=64 generation_tps=2.603
AGENT index=7 mig=31ffbfe4 exit=0 wall_ms=41189 text=4a8f18b77dbe0332 role=child prefix_tokens=16321 suffix_tokens=16 model_ms=1720.6 context_ms=291.3 state_ms=463.50 prefix_ms=0.0 suffix_ms=794.7 first_token_ms=3846.9 generation_ms=36880.9 generated=64 generation_tps=1.735
AGENT index=8 mig=fafc828a exit=0 wall_ms=28702 text=51970896e5830780 role=child prefix_tokens=16321 suffix_tokens=17 model_ms=1942.6 context_ms=186.3 state_ms=371.36 prefix_ms=0.0 suffix_ms=696.0 first_token_ms=3815.1 generation_ms=24413.0 generated=64 generation_tps=2.622
AGENT index=9 mig=31ffbfe4 exit=0 wall_ms=41417 text=4a8f18b77dbe0332 role=child prefix_tokens=16321 suffix_tokens=17 model_ms=1800.2 context_ms=269.2 state_ms=432.14 prefix_ms=0.0 suffix_ms=964.5 first_token_ms=4059.2 generation_ms=36831.0 generated=64 generation_tps=1.738
AGENT index=10 mig=fafc828a exit=0 wall_ms=28775 text=50e6ef84ea7c1127 role=child prefix_tokens=16321 suffix_tokens=18 model_ms=2024.7 context_ms=110.6 state_ms=461.40 prefix_ms=0.0 suffix_ms=726.6 first_token_ms=3948.5 generation_ms=24307.8 generated=64 generation_tps=2.633
AGENT index=11 mig=31ffbfe4 exit=0 wall_ms=41384 text=f945037c9619a363 role=child prefix_tokens=16321 suffix_tokens=18 model_ms=1701.0 context_ms=277.0 state_ms=443.48 prefix_ms=0.0 suffix_ms=878.7 first_token_ms=3913.3 generation_ms=36964.4 generated=64 generation_tps=1.731
AGENT index=12 mig=fafc828a exit=0 wall_ms=28720 text=fca223769a13f6f7 role=child prefix_tokens=16321 suffix_tokens=18 model_ms=1734.4 context_ms=294.9 state_ms=408.75 prefix_ms=0.0 suffix_ms=664.1 first_token_ms=3719.2 generation_ms=24479.1 generated=64 generation_tps=2.614
AGENT index=13 mig=31ffbfe4 exit=0 wall_ms=41278 text=0b81f212dd158f78 role=child prefix_tokens=16321 suffix_tokens=18 model_ms=1641.4 context_ms=310.3 state_ms=436.15 prefix_ms=0.0 suffix_ms=644.7 first_token_ms=3618.3 generation_ms=37098.4 generated=64 generation_tps=1.725
AGENT index=14 mig=fafc828a exit=0 wall_ms=28604 text=379d45db82261c55 role=child prefix_tokens=16321 suffix_tokens=18 model_ms=1725.8 context_ms=279.0 state_ms=367.83 prefix_ms=0.0 suffix_ms=516.9 first_token_ms=3459.0 generation_ms=24600.3 generated=64 generation_tps=2.602
AGENT index=15 mig=31ffbfe4 exit=0 wall_ms=41317 text=fca223769a13f6f7 role=child prefix_tokens=16321 suffix_tokens=18 model_ms=1931.8 context_ms=252.8 state_ms=360.22 prefix_ms=0.0 suffix_ms=1093.0 first_token_ms=4245.0 generation_ms=36656.8 generated=64 generation_tps=1.746
MEMORY mem_available_drop_mib=40563 prefix_pss_mib=0 prefix_rss_mib=0
END_CASE failed_agents=0
CASE mode=extent_lazy agents=16
AGENT index=0 mig=fafc828a exit=0 wall_ms=28053 text=d42c4c07975a6446 role=child prefix_tokens=16321 suffix_tokens=16 model_ms=1769.8 context_ms=45.9 state_ms=7.57 prefix_ms=0.0 suffix_ms=358.7 first_token_ms=2764.3 generation_ms=24828.5 generated=64 generation_tps=2.578
AGENT index=1 mig=31ffbfe4 exit=0 wall_ms=41459 text=3fd8649867d4bb41 role=child prefix_tokens=16321 suffix_tokens=16 model_ms=1993.6 context_ms=35.6 state_ms=7.86 prefix_ms=0.0 suffix_ms=955.1 first_token_ms=3594.5 generation_ms=37427.8 generated=64 generation_tps=1.710
AGENT index=2 mig=fafc828a exit=0 wall_ms=28399 text=3fd8649867d4bb41 role=child prefix_tokens=16321 suffix_tokens=16 model_ms=1880.5 context_ms=37.1 state_ms=7.94 prefix_ms=0.0 suffix_ms=620.7 first_token_ms=3141.0 generation_ms=24686.2 generated=64 generation_tps=2.593
AGENT index=3 mig=31ffbfe4 exit=0 wall_ms=41096 text=3fd8649867d4bb41 role=child prefix_tokens=16321 suffix_tokens=16 model_ms=1737.4 context_ms=70.1 state_ms=9.41 prefix_ms=0.0 suffix_ms=769.9 first_token_ms=3168.9 generation_ms=37568.0 generated=64 generation_tps=1.704
AGENT index=4 mig=fafc828a exit=0 wall_ms=27992 text=3e0fd62f5aa50665 role=child prefix_tokens=16321 suffix_tokens=16 model_ms=1698.1 context_ms=51.4 state_ms=7.77 prefix_ms=0.0 suffix_ms=387.0 first_token_ms=2731.3 generation_ms=24839.6 generated=64 generation_tps=2.577
AGENT index=5 mig=31ffbfe4 exit=0 wall_ms=36700 text=3fd8649867d4bb41 role=child prefix_tokens=16321 suffix_tokens=16 model_ms=1234.2 context_ms=50.4 state_ms=7.30 prefix_ms=0.0 suffix_ms=185.9 first_token_ms=1933.5 generation_ms=34435.1 generated=64 generation_tps=1.859
AGENT index=6 mig=fafc828a exit=0 wall_ms=28393 text=4a8f18b77dbe0332 role=child prefix_tokens=16321 suffix_tokens=16 model_ms=1796.4 context_ms=48.7 state_ms=8.34 prefix_ms=0.0 suffix_ms=574.9 first_token_ms=3032.1 generation_ms=24752.4 generated=64 generation_tps=2.586
AGENT index=7 mig=31ffbfe4 exit=0 wall_ms=41319 text=4a8f18b77dbe0332 role=child prefix_tokens=16321 suffix_tokens=16 model_ms=1678.0 context_ms=124.7 state_ms=12.64 prefix_ms=0.0 suffix_ms=872.2 first_token_ms=3301.9 generation_ms=37606.2 generated=64 generation_tps=1.702
AGENT index=8 mig=fafc828a exit=0 wall_ms=28392 text=51970896e5830780 role=child prefix_tokens=16321 suffix_tokens=17 model_ms=1813.4 context_ms=39.7 state_ms=7.49 prefix_ms=0.0 suffix_ms=639.5 first_token_ms=3099.5 generation_ms=24726.3 generated=64 generation_tps=2.588
AGENT index=9 mig=31ffbfe4 exit=0 wall_ms=41317 text=4a8f18b77dbe0332 role=child prefix_tokens=16321 suffix_tokens=17 model_ms=1711.9 context_ms=51.7 state_ms=8.82 prefix_ms=0.0 suffix_ms=1080.9 first_token_ms=3419.0 generation_ms=37516.7 generated=64 generation_tps=1.706
AGENT index=10 mig=fafc828a exit=0 wall_ms=28390 text=50e6ef84ea7c1127 role=child prefix_tokens=16321 suffix_tokens=18 model_ms=1974.8 context_ms=36.7 state_ms=7.13 prefix_ms=0.0 suffix_ms=745.9 first_token_ms=3381.4 generation_ms=24479.9 generated=64 generation_tps=2.614
AGENT index=11 mig=31ffbfe4 exit=0 wall_ms=41411 text=f945037c9619a363 role=child prefix_tokens=16321 suffix_tokens=18 model_ms=1697.4 context_ms=67.6 state_ms=7.85 prefix_ms=0.0 suffix_ms=1032.0 first_token_ms=3430.8 generation_ms=37539.5 generated=64 generation_tps=1.705
AGENT index=12 mig=fafc828a exit=0 wall_ms=27892 text=fca223769a13f6f7 role=child prefix_tokens=16321 suffix_tokens=18 model_ms=1667.5 context_ms=70.1 state_ms=15.57 prefix_ms=0.0 suffix_ms=308.4 first_token_ms=2637.8 generation_ms=24857.3 generated=64 generation_tps=2.575
AGENT index=13 mig=31ffbfe4 exit=0 wall_ms=41173 text=0b81f212dd158f78 role=child prefix_tokens=16321 suffix_tokens=18 model_ms=1717.9 context_ms=58.8 state_ms=9.40 prefix_ms=0.0 suffix_ms=952.1 first_token_ms=3331.6 generation_ms=37479.4 generated=64 generation_tps=1.708
AGENT index=14 mig=fafc828a exit=0 wall_ms=28378 text=379d45db82261c55 role=child prefix_tokens=16321 suffix_tokens=18 model_ms=1753.2 context_ms=48.3 state_ms=7.69 prefix_ms=0.0 suffix_ms=582.5 first_token_ms=2977.7 generation_ms=24761.6 generated=64 generation_tps=2.585
AGENT index=15 mig=31ffbfe4 exit=0 wall_ms=41323 text=fca223769a13f6f7 role=child prefix_tokens=16321 suffix_tokens=18 model_ms=1780.3 context_ms=49.5 state_ms=7.47 prefix_ms=0.0 suffix_ms=983.8 first_token_ms=3385.4 generation_ms=37549.5 generated=64 generation_tps=1.704
MEMORY mem_available_drop_mib=11695 prefix_pss_mib=1432 prefix_rss_mib=14280
END_CASE failed_agents=0
CASE mode=restore agents=32
AGENT index=0 mig=fafc828a exit=0 wall_ms=294486 text=d42c4c07975a6446 role=child prefix_tokens=16321 suffix_tokens=16 model_ms=4037.0 context_ms=238480.8 state_ms=1700.45 prefix_ms=0.0 suffix_ms=6545.1 first_token_ms=252053.3 generation_ms=41883.0 generated=64 generation_tps=1.528
AGENT index=1 mig=31ffbfe4 exit=0 wall_ms=244267 text=3fd8649867d4bb41 role=child prefix_tokens=16321 suffix_tokens=16 model_ms=3154.7 context_ms=347.2 state_ms=417.93 prefix_ms=0.0 suffix_ms=83508.1 first_token_ms=88606.9 generation_ms=6763.4 generated=64 generation_tps=9.463
AGENT index=2 mig=fafc828a exit=0 wall_ms=294001 text=3fd8649867d4bb41 role=child prefix_tokens=16321 suffix_tokens=16 model_ms=3954.8 context_ms=83382.5 state_ms=194.87 prefix_ms=0.0 suffix_ms=159513.1 first_token_ms=248201.7 generation_ms=45184.1 generated=64 generation_tps=1.416
AGENT index=3 mig=31ffbfe4 exit=0 wall_ms=319731 text=3fd8649867d4bb41 role=child prefix_tokens=16321 suffix_tokens=16 model_ms=3285.6 context_ms=452.0 state_ms=462.65 prefix_ms=0.0 suffix_ms=243585.3 first_token_ms=248949.6 generation_ms=70434.3 generated=64 generation_tps=0.909
AGENT index=4 mig=fafc828a exit=0 wall_ms=293889 text=3e0fd62f5aa50665 role=child prefix_tokens=16321 suffix_tokens=16 model_ms=3823.2 context_ms=472.7 state_ms=317.41 prefix_ms=0.0 suffix_ms=242041.3 first_token_ms=247855.3 generation_ms=45313.6 generated=64 generation_tps=1.412
AGENT index=5 mig=31ffbfe4 exit=0 wall_ms=320543 text=3fd8649867d4bb41 role=child prefix_tokens=16321 suffix_tokens=16 model_ms=4023.0 context_ms=177424.3 state_ms=199.17 prefix_ms=0.0 suffix_ms=68458.6 first_token_ms=251272.1 generation_ms=68856.6 generated=64 generation_tps=0.929
AGENT index=6 mig=fafc828a exit=0 wall_ms=294477 text=4a8f18b77dbe0332 role=child prefix_tokens=16321 suffix_tokens=16 model_ms=4210.3 context_ms=238398.2 state_ms=1671.70 prefix_ms=0.0 suffix_ms=6568.6 first_token_ms=252024.9 generation_ms=41933.3 generated=64 generation_tps=1.526
AGENT index=7 mig=31ffbfe4 exit=0 wall_ms=321227 text=4a8f18b77dbe0332 role=child prefix_tokens=16321 suffix_tokens=16 model_ms=4255.7 context_ms=238397.6 state_ms=1610.41 prefix_ms=0.0 suffix_ms=7896.1 first_token_ms=253289.0 generation_ms=67398.1 generated=64 generation_tps=0.950
AGENT index=8 mig=fafc828a exit=0 wall_ms=293801 text=51970896e5830780 role=child prefix_tokens=16321 suffix_tokens=17 model_ms=3102.2 context_ms=416.8 state_ms=668.56 prefix_ms=0.0 suffix_ms=242468.4 first_token_ms=247805.0 generation_ms=45348.1 generated=64 generation_tps=1.411
AGENT index=9 mig=31ffbfe4 exit=0 wall_ms=320586 text=4a8f18b77dbe0332 role=child prefix_tokens=16321 suffix_tokens=17 model_ms=3965.3 context_ms=177493.7 state_ms=200.13 prefix_ms=0.0 suffix_ms=68598.0 first_token_ms=251404.6 generation_ms=68777.6 generated=64 generation_tps=0.931
AGENT index=10 mig=fafc828a exit=0 wall_ms=291736 text=50e6ef84ea7c1127 role=child prefix_tokens=16321 suffix_tokens=18 model_ms=3867.5 context_ms=165.8 state_ms=447.73 prefix_ms=0.0 suffix_ms=238306.2 first_token_ms=243837.4 generation_ms=47442.3 generated=64 generation_tps=1.349
AGENT index=11 mig=31ffbfe4 exit=0 wall_ms=321112 text=f945037c9619a363 role=child prefix_tokens=16321 suffix_tokens=18 model_ms=3968.7 context_ms=236613.4 state_ms=375.38 prefix_ms=0.0 suffix_ms=9771.2 first_token_ms=251960.9 generation_ms=68529.9 generated=64 generation_tps=0.934
AGENT index=12 mig=fafc828a exit=0 wall_ms=244276 text=fca223769a13f6f7 role=child prefix_tokens=16321 suffix_tokens=18 model_ms=2361.1 context_ms=114.8 state_ms=149.61 prefix_ms=0.0 suffix_ms=274.9 first_token_ms=4083.7 generation_ms=4856.1 generated=64 generation_tps=13.179
AGENT index=13 mig=31ffbfe4 exit=0 wall_ms=317876 text=0b81f212dd158f78 role=child prefix_tokens=16321 suffix_tokens=18 model_ms=3502.7 context_ms=244.7 state_ms=378.40 prefix_ms=0.0 suffix_ms=238571.6 first_token_ms=243868.5 generation_ms=73654.3 generated=64 generation_tps=0.869
AGENT index=14 mig=fafc828a exit=0 wall_ms=293943 text=379d45db82261c55 role=child prefix_tokens=16321 suffix_tokens=18 model_ms=3518.9 context_ms=261.2 state_ms=467.89 prefix_ms=0.0 suffix_ms=242484.8 first_token_ms=247841.2 generation_ms=45303.3 generated=64 generation_tps=1.413
AGENT index=15 mig=31ffbfe4 exit=0 wall_ms=321255 text=fca223769a13f6f7 role=child prefix_tokens=16321 suffix_tokens=18 model_ms=4160.8 context_ms=238405.3 state_ms=1694.14 prefix_ms=0.0 suffix_ms=8137.7 first_token_ms=253596.2 generation_ms=67146.3 generated=64 generation_tps=0.953
AGENT index=16 mig=fafc828a exit=0 wall_ms=294265 text=c93b483f41fc29ad role=child prefix_tokens=16321 suffix_tokens=18 model_ms=3873.6 context_ms=156286.8 state_ms=153.48 prefix_ms=0.0 suffix_ms=87214.8 first_token_ms=248735.2 generation_ms=44746.1 generated=64 generation_tps=1.430
AGENT index=17 mig=31ffbfe4 exit=0 wall_ms=321035 text=4a8f18b77dbe0332 role=child prefix_tokens=16321 suffix_tokens=18 model_ms=3830.8 context_ms=224143.4 state_ms=236.93 prefix_ms=0.0 suffix_ms=22434.8 first_token_ms=251982.4 generation_ms=68483.2 generated=64 generation_tps=0.935
AGENT index=18 mig=fafc828a exit=0 wall_ms=294491 text=73cc9b9ec69e2c3f role=child prefix_tokens=16321 suffix_tokens=18 model_ms=4169.7 context_ms=238405.7 state_ms=1747.53 prefix_ms=0.0 suffix_ms=6637.1 first_token_ms=252141.0 generation_ms=41817.0 generated=64 generation_tps=1.530
AGENT index=19 mig=31ffbfe4 exit=0 wall_ms=317326 text=e51f314fc15787c2 role=child prefix_tokens=16321 suffix_tokens=18 model_ms=3263.2 context_ms=342.2 state_ms=523.43 prefix_ms=0.0 suffix_ms=238627.3 first_token_ms=243884.7 generation_ms=73092.1 generated=64 generation_tps=0.876
AGENT index=20 mig=fafc828a exit=0 wall_ms=293891 text=d04a6700ca215bf1 role=child prefix_tokens=16321 suffix_tokens=18 model_ms=3647.2 context_ms=167.7 state_ms=488.77 prefix_ms=0.0 suffix_ms=242353.2 first_token_ms=247780.6 generation_ms=45323.0 generated=64 generation_tps=1.412
AGENT index=21 mig=31ffbfe4 exit=0 wall_ms=321233 text=ba544530a4765a20 role=child prefix_tokens=16321 suffix_tokens=18 model_ms=3876.6 context_ms=238570.4 state_ms=1639.27 prefix_ms=0.0 suffix_ms=8082.5 first_token_ms=253461.1 generation_ms=67258.8 generated=64 generation_tps=0.952
AGENT index=22 mig=fafc828a exit=0 wall_ms=293969 text=bd9ebe4702b17899 role=child prefix_tokens=16321 suffix_tokens=18 model_ms=3081.4 context_ms=435.5 state_ms=564.06 prefix_ms=0.0 suffix_ms=242537.3 first_token_ms=247946.5 generation_ms=45266.6 generated=64 generation_tps=1.414
AGENT index=23 mig=31ffbfe4 exit=0 wall_ms=320969 text=c9184700bf51f56d role=child prefix_tokens=16321 suffix_tokens=18 model_ms=3916.1 context_ms=238418.4 state_ms=206.94 prefix_ms=0.0 suffix_ms=7934.4 first_token_ms=251717.7 generation_ms=68660.2 generated=64 generation_tps=0.932
AGENT index=24 mig=fafc828a exit=0 wall_ms=291409 text=c93b483f41fc29ad role=child prefix_tokens=16321 suffix_tokens=18 model_ms=3127.2 context_ms=325.4 state_ms=692.77 prefix_ms=0.0 suffix_ms=238607.0 first_token_ms=243910.6 generation_ms=47083.4 generated=64 generation_tps=1.359
AGENT index=25 mig=31ffbfe4 exit=0 wall_ms=320936 text=09ad45242b7022fc role=child prefix_tokens=16321 suffix_tokens=18 model_ms=4010.7 context_ms=236516.1 state_ms=401.85 prefix_ms=0.0 suffix_ms=9628.3 first_token_ms=251796.9 generation_ms=68564.1 generated=64 generation_tps=0.933
AGENT index=26 mig=fafc828a exit=0 wall_ms=294238 text=3401c20d008f30d1 role=child prefix_tokens=16321 suffix_tokens=18 model_ms=3967.9 context_ms=238314.8 state_ms=193.02 prefix_ms=0.0 suffix_ms=4951.9 first_token_ms=248700.1 generation_ms=44769.5 generated=64 generation_tps=1.430
AGENT index=27 mig=31ffbfe4 exit=0 wall_ms=321092 text=0930c73838b0786e role=child prefix_tokens=16321 suffix_tokens=18 model_ms=3812.4 context_ms=122173.5 state_ms=169.74 prefix_ms=0.0 suffix_ms=124421.8 first_token_ms=251788.6 generation_ms=68607.2 generated=64 generation_tps=0.933
AGENT index=28 mig=fafc828a exit=0 wall_ms=294182 text=a3e013725ac6c791 role=child prefix_tokens=16321 suffix_tokens=18 model_ms=3852.9 context_ms=220018.1 state_ms=391.09 prefix_ms=0.0 suffix_ms=22973.7 first_token_ms=248549.0 generation_ms=44876.1 generated=64 generation_tps=1.426
AGENT index=29 mig=31ffbfe4 exit=0 wall_ms=317748 text=1b368227eeb9799d role=child prefix_tokens=16321 suffix_tokens=18 model_ms=3171.6 context_ms=347.6 state_ms=534.99 prefix_ms=0.0 suffix_ms=238575.0 first_token_ms=243853.1 generation_ms=73503.8 generated=64 generation_tps=0.871
AGENT index=30 mig=fafc828a exit=0 wall_ms=244267 text=1b368227eeb9799d role=child prefix_tokens=16321 suffix_tokens=18 model_ms=2971.0 context_ms=196.7 state_ms=586.29 prefix_ms=0.0 suffix_ms=220257.9 first_token_ms=225222.1 generation_ms=3558.4 generated=64 generation_tps=17.986
AGENT index=31 mig=31ffbfe4 exit=0 wall_ms=320715 text=1b368227eeb9799d role=child prefix_tokens=16321 suffix_tokens=18 model_ms=3889.4 context_ms=236611.7 state_ms=333.54 prefix_ms=0.0 suffix_ms=9430.9 first_token_ms=251521.7 generation_ms=68729.2 generated=64 generation_tps=0.931
MEMORY mem_available_drop_mib=78768 prefix_pss_mib=0 prefix_rss_mib=0
END_CASE failed_agents=0
CASE mode=extent_lazy agents=32
AGENT index=0 mig=fafc828a exit=0 wall_ms=57347 text=d42c4c07975a6446 role=child prefix_tokens=16321 suffix_tokens=16 model_ms=3948.0 context_ms=70.4 state_ms=7.33 prefix_ms=0.0 suffix_ms=1272.0 first_token_ms=6419.0 generation_ms=49824.5 generated=64 generation_tps=1.285
AGENT index=1 mig=31ffbfe4 exit=0 wall_ms=84097 text=3fd8649867d4bb41 role=child prefix_tokens=16321 suffix_tokens=16 model_ms=3839.2 context_ms=89.2 state_ms=7.43 prefix_ms=0.0 suffix_ms=1745.5 first_token_ms=6833.1 generation_ms=76691.0 generated=64 generation_tps=0.835
AGENT index=2 mig=fafc828a exit=0 wall_ms=57346 text=3fd8649867d4bb41 role=child prefix_tokens=16321 suffix_tokens=16 model_ms=3864.3 context_ms=94.0 state_ms=7.58 prefix_ms=0.0 suffix_ms=1265.6 first_token_ms=6390.2 generation_ms=49675.3 generated=64 generation_tps=1.288
AGENT index=3 mig=31ffbfe4 exit=0 wall_ms=84197 text=3fd8649867d4bb41 role=child prefix_tokens=16321 suffix_tokens=16 model_ms=3684.5 context_ms=89.1 state_ms=7.74 prefix_ms=0.0 suffix_ms=1802.3 first_token_ms=6934.7 generation_ms=76646.0 generated=64 generation_tps=0.835
AGENT index=4 mig=fafc828a exit=0 wall_ms=57344 text=3e0fd62f5aa50665 role=child prefix_tokens=16321 suffix_tokens=16 model_ms=3807.4 context_ms=86.8 state_ms=13.76 prefix_ms=0.0 suffix_ms=1206.3 first_token_ms=6237.1 generation_ms=49919.5 generated=64 generation_tps=1.282
AGENT index=5 mig=31ffbfe4 exit=0 wall_ms=84165 text=3fd8649867d4bb41 role=child prefix_tokens=16321 suffix_tokens=16 model_ms=3853.7 context_ms=121.5 state_ms=7.80 prefix_ms=0.0 suffix_ms=1770.1 first_token_ms=6908.5 generation_ms=76605.4 generated=64 generation_tps=0.835
AGENT index=6 mig=fafc828a exit=0 wall_ms=55950 text=4a8f18b77dbe0332 role=child prefix_tokens=16321 suffix_tokens=16 model_ms=3129.1 context_ms=107.7 state_ms=15.47 prefix_ms=0.0 suffix_ms=578.8 first_token_ms=5052.7 generation_ms=49882.2 generated=64 generation_tps=1.283
AGENT index=7 mig=31ffbfe4 exit=0 wall_ms=83930 text=4a8f18b77dbe0332 role=child prefix_tokens=16321 suffix_tokens=16 model_ms=3692.3 context_ms=94.7 state_ms=8.03 prefix_ms=0.0 suffix_ms=1681.9 first_token_ms=6731.0 generation_ms=76681.9 generated=64 generation_tps=0.835
AGENT index=8 mig=fafc828a exit=0 wall_ms=57339 text=51970896e5830780 role=child prefix_tokens=16321 suffix_tokens=17 model_ms=3853.6 context_ms=83.6 state_ms=9.48 prefix_ms=0.0 suffix_ms=1325.8 first_token_ms=6399.6 generation_ms=49835.1 generated=64 generation_tps=1.284
AGENT index=9 mig=31ffbfe4 exit=0 wall_ms=83745 text=4a8f18b77dbe0332 role=child prefix_tokens=16321 suffix_tokens=17 model_ms=3470.9 context_ms=126.8 state_ms=88.18 prefix_ms=0.0 suffix_ms=1372.5 first_token_ms=6191.2 generation_ms=76879.6 generated=64 generation_tps=0.832
AGENT index=10 mig=fafc828a exit=0 wall_ms=57337 text=50e6ef84ea7c1127 role=child prefix_tokens=16321 suffix_tokens=18 model_ms=3821.0 context_ms=38.1 state_ms=7.57 prefix_ms=0.0 suffix_ms=1456.6 first_token_ms=6654.5 generation_ms=49669.4 generated=64 generation_tps=1.289
AGENT index=11 mig=31ffbfe4 exit=0 wall_ms=84394 text=f945037c9619a363 role=child prefix_tokens=16321 suffix_tokens=18 model_ms=3705.5 context_ms=93.1 state_ms=7.47 prefix_ms=0.0 suffix_ms=2258.8 first_token_ms=7412.9 generation_ms=76307.6 generated=64 generation_tps=0.839
AGENT index=12 mig=fafc828a exit=0 wall_ms=55941 text=fca223769a13f6f7 role=child prefix_tokens=16321 suffix_tokens=18 model_ms=3366.5 context_ms=106.8 state_ms=16.15 prefix_ms=0.0 suffix_ms=518.6 first_token_ms=5179.5 generation_ms=50175.9 generated=64 generation_tps=1.276
AGENT index=13 mig=31ffbfe4 exit=0 wall_ms=84255 text=0b81f212dd158f78 role=child prefix_tokens=16321 suffix_tokens=18 model_ms=3870.0 context_ms=90.7 state_ms=7.48 prefix_ms=0.0 suffix_ms=2243.0 first_token_ms=7410.9 generation_ms=76309.1 generated=64 generation_tps=0.839
AGENT index=14 mig=fafc828a exit=0 wall_ms=57332 text=379d45db82261c55 role=child prefix_tokens=16321 suffix_tokens=18 model_ms=3452.1 context_ms=98.2 state_ms=19.45 prefix_ms=0.0 suffix_ms=1235.6 first_token_ms=6131.5 generation_ms=50023.0 generated=64 generation_tps=1.279
AGENT index=15 mig=31ffbfe4 exit=0 wall_ms=82642 text=fca223769a13f6f7 role=child prefix_tokens=16321 suffix_tokens=18 model_ms=3147.5 context_ms=140.3 state_ms=31.55 prefix_ms=0.0 suffix_ms=487.8 first_token_ms=5024.0 generation_ms=76690.6 generated=64 generation_tps=0.835
AGENT index=16 mig=fafc828a exit=0 wall_ms=55925 text=c93b483f41fc29ad role=child prefix_tokens=16321 suffix_tokens=18 model_ms=3133.2 context_ms=107.6 state_ms=15.73 prefix_ms=0.0 suffix_ms=228.0 first_token_ms=4701.9 generation_ms=49420.4 generated=64 generation_tps=1.295
AGENT index=17 mig=31ffbfe4 exit=0 wall_ms=84339 text=4a8f18b77dbe0332 role=child prefix_tokens=16321 suffix_tokens=18 model_ms=3858.0 context_ms=104.9 state_ms=7.54 prefix_ms=0.0 suffix_ms=2281.1 first_token_ms=7402.6 generation_ms=76272.5 generated=64 generation_tps=0.839
AGENT index=18 mig=fafc828a exit=0 wall_ms=56543 text=73cc9b9ec69e2c3f role=child prefix_tokens=16321 suffix_tokens=18 model_ms=3696.7 context_ms=95.7 state_ms=12.78 prefix_ms=0.0 suffix_ms=1146.4 first_token_ms=6080.5 generation_ms=49991.6 generated=64 generation_tps=1.280
AGENT index=19 mig=31ffbfe4 exit=0 wall_ms=83719 text=e51f314fc15787c2 role=child prefix_tokens=16321 suffix_tokens=18 model_ms=3522.0 context_ms=82.9 state_ms=9.88 prefix_ms=0.0 suffix_ms=1406.9 first_token_ms=6246.8 generation_ms=76845.9 generated=64 generation_tps=0.833
AGENT index=20 mig=fafc828a exit=0 wall_ms=57309 text=d04a6700ca215bf1 role=child prefix_tokens=16321 suffix_tokens=18 model_ms=3740.6 context_ms=97.8 state_ms=9.48 prefix_ms=0.0 suffix_ms=1273.5 first_token_ms=6248.5 generation_ms=49917.4 generated=64 generation_tps=1.282
AGENT index=21 mig=31ffbfe4 exit=0 wall_ms=83712 text=ba544530a4765a20 role=child prefix_tokens=16321 suffix_tokens=18 model_ms=3542.1 context_ms=65.6 state_ms=15.40 prefix_ms=0.0 suffix_ms=1481.3 first_token_ms=6332.9 generation_ms=76791.0 generated=64 generation_tps=0.833
AGENT index=22 mig=fafc828a exit=0 wall_ms=57302 text=bd9ebe4702b17899 role=child prefix_tokens=16321 suffix_tokens=18 model_ms=3894.9 context_ms=84.3 state_ms=8.93 prefix_ms=0.0 suffix_ms=1440.8 first_token_ms=6570.3 generation_ms=49724.2 generated=64 generation_tps=1.287
AGENT index=23 mig=31ffbfe4 exit=0 wall_ms=84110 text=c9184700bf51f56d role=child prefix_tokens=16321 suffix_tokens=18 model_ms=3522.4 context_ms=95.6 state_ms=15.66 prefix_ms=0.0 suffix_ms=2036.7 first_token_ms=6972.6 generation_ms=76613.0 generated=64 generation_tps=0.835
AGENT index=24 mig=fafc828a exit=0 wall_ms=57291 text=c93b483f41fc29ad role=child prefix_tokens=16321 suffix_tokens=18 model_ms=3658.3 context_ms=104.2 state_ms=7.60 prefix_ms=0.0 suffix_ms=1408.0 first_token_ms=6522.0 generation_ms=49780.4 generated=64 generation_tps=1.286
AGENT index=25 mig=31ffbfe4 exit=0 wall_ms=83951 text=09ad45242b7022fc role=child prefix_tokens=16321 suffix_tokens=18 model_ms=3713.6 context_ms=95.8 state_ms=13.44 prefix_ms=0.0 suffix_ms=2078.9 first_token_ms=7139.9 generation_ms=76332.9 generated=64 generation_tps=0.838
AGENT index=26 mig=fafc828a exit=0 wall_ms=55892 text=3401c20d008f30d1 role=child prefix_tokens=16321 suffix_tokens=18 model_ms=3148.7 context_ms=92.8 state_ms=14.47 prefix_ms=0.0 suffix_ms=239.0 first_token_ms=4671.4 generation_ms=49363.3 generated=64 generation_tps=1.297
AGENT index=27 mig=31ffbfe4 exit=0 wall_ms=80130 text=0930c73838b0786e role=child prefix_tokens=16321 suffix_tokens=18 model_ms=3197.9 context_ms=95.5 state_ms=15.33 prefix_ms=0.0 suffix_ms=209.6 first_token_ms=4677.2 generation_ms=74906.4 generated=64 generation_tps=0.854
AGENT index=28 mig=fafc828a exit=0 wall_ms=56340 text=a3e013725ac6c791 role=child prefix_tokens=16321 suffix_tokens=18 model_ms=3344.7 context_ms=89.7 state_ms=25.87 prefix_ms=0.0 suffix_ms=983.0 first_token_ms=5742.5 generation_ms=50143.7 generated=64 generation_tps=1.276
AGENT index=29 mig=31ffbfe4 exit=0 wall_ms=84298 text=1b368227eeb9799d role=child prefix_tokens=16321 suffix_tokens=18 model_ms=3852.7 context_ms=93.4 state_ms=10.77 prefix_ms=0.0 suffix_ms=2195.1 first_token_ms=7312.2 generation_ms=76370.7 generated=64 generation_tps=0.838
AGENT index=30 mig=fafc828a exit=0 wall_ms=55881 text=1b368227eeb9799d role=child prefix_tokens=16321 suffix_tokens=18 model_ms=3189.0 context_ms=119.4 state_ms=23.52 prefix_ms=0.0 suffix_ms=591.3 first_token_ms=5196.6 generation_ms=50198.9 generated=64 generation_tps=1.275
AGENT index=31 mig=31ffbfe4 exit=0 wall_ms=84207 text=1b368227eeb9799d role=child prefix_tokens=16321 suffix_tokens=18 model_ms=3793.1 context_ms=118.5 state_ms=7.79 prefix_ms=0.0 suffix_ms=2162.2 first_token_ms=7270.3 generation_ms=76387.8 generated=64 generation_tps=0.838
MEMORY mem_available_drop_mib=23245 prefix_pss_mib=892 prefix_rss_mib=28560
END_CASE failed_agents=0
END_KVSHARE
BEGIN_KVSHARE run=2 paragraphs=320 context=32768 publisher_mig=31ffbfe4
PUBLISH store=device prefix_tokens=16321 prefix_ms=29193.0 publish_ms=594.88 state_bytes=936173269
PUBLISH store=huge prefix_tokens=16321 prefix_ms=29525.4 publish_ms=9.10 state_bytes=261845 file_used_kib=917504
CASE mode=extent_lazy agents=8
AGENT index=0 mig=31ffbfe4 exit=0 wall_ms=20073 text=ffcbc30f8959d059 role=child prefix_tokens=16321 suffix_tokens=16 model_ms=774.8 context_ms=36.7 state_ms=7.97 prefix_ms=0.0 suffix_ms=124.4 first_token_ms=1152.8 generation_ms=18456.1 generated=64 generation_tps=3.468
AGENT index=1 mig=fafc828a exit=0 wall_ms=13406 text=3fd8649867d4bb41 role=child prefix_tokens=16321 suffix_tokens=16 model_ms=766.7 context_ms=37.9 state_ms=7.54 prefix_ms=0.0 suffix_ms=101.8 first_token_ms=1211.4 generation_ms=11806.0 generated=64 generation_tps=5.421
AGENT index=2 mig=31ffbfe4 exit=0 wall_ms=20891 text=3fd8649867d4bb41 role=child prefix_tokens=16321 suffix_tokens=16 model_ms=977.6 context_ms=40.5 state_ms=7.20 prefix_ms=0.0 suffix_ms=345.3 first_token_ms=1673.8 generation_ms=18859.0 generated=64 generation_tps=3.394
AGENT index=3 mig=fafc828a exit=0 wall_ms=14306 text=3fd8649867d4bb41 role=child prefix_tokens=16321 suffix_tokens=16 model_ms=1046.4 context_ms=42.8 state_ms=7.71 prefix_ms=0.0 suffix_ms=340.8 first_token_ms=1743.7 generation_ms=12161.6 generated=64 generation_tps=5.262
AGENT index=4 mig=31ffbfe4 exit=0 wall_ms=21010 text=3e0fd62f5aa50665 role=child prefix_tokens=16321 suffix_tokens=16 model_ms=1046.2 context_ms=44.8 state_ms=7.53 prefix_ms=0.0 suffix_ms=458.4 first_token_ms=1874.1 generation_ms=18781.7 generated=64 generation_tps=3.408
AGENT index=5 mig=fafc828a exit=0 wall_ms=14251 text=45d93d75d8c246b5 role=child prefix_tokens=16321 suffix_tokens=16 model_ms=1058.5 context_ms=39.2 state_ms=7.35 prefix_ms=0.0 suffix_ms=326.9 first_token_ms=1740.0 generation_ms=12149.5 generated=64 generation_tps=5.268
AGENT index=6 mig=31ffbfe4 exit=0 wall_ms=21179 text=45d93d75d8c246b5 role=child prefix_tokens=16321 suffix_tokens=16 model_ms=1075.5 context_ms=41.3 state_ms=7.31 prefix_ms=0.0 suffix_ms=458.3 first_token_ms=1882.5 generation_ms=18778.6 generated=64 generation_tps=3.408
AGENT index=7 mig=fafc828a exit=0 wall_ms=14149 text=4a8f18b77dbe0332 role=child prefix_tokens=16321 suffix_tokens=16 model_ms=965.6 context_ms=38.7 state_ms=7.44 prefix_ms=0.0 suffix_ms=215.6 first_token_ms=1529.3 generation_ms=12258.8 generated=64 generation_tps=5.221
MEMORY mem_available_drop_mib=5850 prefix_pss_mib=992 prefix_rss_mib=7140
END_CASE failed_agents=0
CASE mode=restore agents=8
AGENT index=0 mig=31ffbfe4 exit=0 wall_ms=20395 text=ffcbc30f8959d059 role=child prefix_tokens=16321 suffix_tokens=16 model_ms=925.1 context_ms=60.3 state_ms=285.40 prefix_ms=0.0 suffix_ms=198.8 first_token_ms=1709.3 generation_ms=18319.9 generated=64 generation_tps=3.493
AGENT index=1 mig=fafc828a exit=0 wall_ms=14916 text=3fd8649867d4bb41 role=child prefix_tokens=16321 suffix_tokens=16 model_ms=1094.4 context_ms=146.3 state_ms=319.95 prefix_ms=0.0 suffix_ms=328.6 first_token_ms=2196.4 generation_ms=12314.5 generated=64 generation_tps=5.197
AGENT index=2 mig=31ffbfe4 exit=0 wall_ms=21057 text=3fd8649867d4bb41 role=child prefix_tokens=16321 suffix_tokens=16 model_ms=1088.8 context_ms=171.5 state_ms=483.79 prefix_ms=0.0 suffix_ms=527.2 first_token_ms=2551.8 generation_ms=18097.9 generated=64 generation_tps=3.536
AGENT index=3 mig=fafc828a exit=0 wall_ms=14964 text=3fd8649867d4bb41 role=child prefix_tokens=16321 suffix_tokens=16 model_ms=1093.1 context_ms=147.1 state_ms=318.71 prefix_ms=0.0 suffix_ms=327.9 first_token_ms=2191.3 generation_ms=12321.8 generated=64 generation_tps=5.194
AGENT index=4 mig=31ffbfe4 exit=0 wall_ms=20783 text=3e0fd62f5aa50665 role=child prefix_tokens=16321 suffix_tokens=16 model_ms=971.5 context_ms=60.1 state_ms=396.66 prefix_ms=0.0 suffix_ms=281.0 first_token_ms=1986.4 generation_ms=18431.4 generated=64 generation_tps=3.472
AGENT index=5 mig=fafc828a exit=0 wall_ms=14417 text=45d93d75d8c246b5 role=child prefix_tokens=16321 suffix_tokens=16 model_ms=1002.2 context_ms=74.6 state_ms=315.86 prefix_ms=0.0 suffix_ms=124.8 first_token_ms=1826.7 generation_ms=12192.5 generated=64 generation_tps=5.249
AGENT index=6 mig=31ffbfe4 exit=0 wall_ms=20951 text=45d93d75d8c246b5 role=child prefix_tokens=16321 suffix_tokens=16 model_ms=1085.8 context_ms=124.6 state_ms=347.75 prefix_ms=0.0 suffix_ms=412.8 first_token_ms=2275.7 generation_ms=18301.7 generated=64 generation_tps=3.497
AGENT index=7 mig=fafc828a exit=0 wall_ms=14855 text=4a8f18b77dbe0332 role=child prefix_tokens=16321 suffix_tokens=16 model_ms=1081.3 context_ms=139.7 state_ms=321.60 prefix_ms=0.0 suffix_ms=321.1 first_token_ms=2173.3 generation_ms=12312.2 generated=64 generation_tps=5.198
MEMORY mem_available_drop_mib=20334 prefix_pss_mib=0 prefix_rss_mib=0
END_CASE failed_agents=0
CASE mode=extent_lazy agents=16
AGENT index=0 mig=31ffbfe4 exit=0 wall_ms=41825 text=ffcbc30f8959d059 role=child prefix_tokens=16321 suffix_tokens=16 model_ms=1650.6 context_ms=81.4 state_ms=7.30 prefix_ms=0.0 suffix_ms=696.0 first_token_ms=3035.1 generation_ms=38441.8 generated=64 generation_tps=1.665
AGENT index=1 mig=fafc828a exit=0 wall_ms=28374 text=3fd8649867d4bb41 role=child prefix_tokens=16321 suffix_tokens=16 model_ms=1724.1 context_ms=69.3 state_ms=13.64 prefix_ms=0.0 suffix_ms=302.5 first_token_ms=2702.8 generation_ms=25058.1 generated=64 generation_tps=2.554
AGENT index=2 mig=31ffbfe4 exit=0 wall_ms=42014 text=3fd8649867d4bb41 role=child prefix_tokens=16321 suffix_tokens=16 model_ms=1718.0 context_ms=189.5 state_ms=7.86 prefix_ms=0.0 suffix_ms=843.4 first_token_ms=3254.9 generation_ms=38359.0 generated=64 generation_tps=1.668
AGENT index=3 mig=fafc828a exit=0 wall_ms=28371 text=3fd8649867d4bb41 role=child prefix_tokens=16321 suffix_tokens=16 model_ms=1743.2 context_ms=76.4 state_ms=7.36 prefix_ms=0.0 suffix_ms=306.9 first_token_ms=2723.0 generation_ms=25008.4 generated=64 generation_tps=2.559
AGENT index=4 mig=31ffbfe4 exit=0 wall_ms=42086 text=3e0fd62f5aa50665 role=child prefix_tokens=16321 suffix_tokens=16 model_ms=1753.5 context_ms=97.7 state_ms=7.35 prefix_ms=0.0 suffix_ms=950.2 first_token_ms=3413.8 generation_ms=38283.0 generated=64 generation_tps=1.672
AGENT index=5 mig=fafc828a exit=0 wall_ms=28371 text=45d93d75d8c246b5 role=child prefix_tokens=16321 suffix_tokens=16 model_ms=1702.8 context_ms=69.8 state_ms=12.80 prefix_ms=0.0 suffix_ms=388.1 first_token_ms=2779.3 generation_ms=25104.0 generated=64 generation_tps=2.549
AGENT index=6 mig=31ffbfe4 exit=0 wall_ms=41981 text=45d93d75d8c246b5 role=child prefix_tokens=16321 suffix_tokens=16 model_ms=1678.4 context_ms=62.1 state_ms=7.59 prefix_ms=0.0 suffix_ms=762.9 first_token_ms=3141.9 generation_ms=38449.8 generated=64 generation_tps=1.665
AGENT index=7 mig=fafc828a exit=0 wall_ms=28600 text=4a8f18b77dbe0332 role=child prefix_tokens=16321 suffix_tokens=16 model_ms=1951.5 context_ms=54.1 state_ms=7.18 prefix_ms=0.0 suffix_ms=654.3 first_token_ms=3281.5 generation_ms=24885.7 generated=64 generation_tps=2.572
AGENT index=8 mig=31ffbfe4 exit=0 wall_ms=42155 text=4a8f18b77dbe0332 role=child prefix_tokens=16321 suffix_tokens=17 model_ms=1724.5 context_ms=57.4 state_ms=7.59 prefix_ms=0.0 suffix_ms=1087.3 first_token_ms=3499.2 generation_ms=38236.8 generated=64 generation_tps=1.674
AGENT index=9 mig=fafc828a exit=0 wall_ms=28570 text=4a8f18b77dbe0332 role=child prefix_tokens=16321 suffix_tokens=17 model_ms=1967.0 context_ms=40.6 state_ms=7.56 prefix_ms=0.0 suffix_ms=717.1 first_token_ms=3339.4 generation_ms=24822.8 generated=64 generation_tps=2.578
AGENT index=10 mig=31ffbfe4 exit=0 wall_ms=41267 text=50e6ef84ea7c1127 role=child prefix_tokens=16321 suffix_tokens=18 model_ms=1657.0 context_ms=38.9 state_ms=7.56 prefix_ms=0.0 suffix_ms=197.9 first_token_ms=2425.6 generation_ms=38489.6 generated=64 generation_tps=1.663
AGENT index=11 mig=fafc828a exit=0 wall_ms=28514 text=fca223769a13f6f7 role=child prefix_tokens=16321 suffix_tokens=18 model_ms=1895.1 context_ms=37.1 state_ms=7.59 prefix_ms=0.0 suffix_ms=664.5 first_token_ms=3227.3 generation_ms=24894.1 generated=64 generation_tps=2.571
AGENT index=12 mig=31ffbfe4 exit=0 wall_ms=42021 text=6b8b416287b3809b role=child prefix_tokens=16321 suffix_tokens=18 model_ms=1695.1 context_ms=57.0 state_ms=11.97 prefix_ms=0.0 suffix_ms=853.8 first_token_ms=3199.2 generation_ms=38380.9 generated=64 generation_tps=1.667
AGENT index=13 mig=fafc828a exit=0 wall_ms=28637 text=0b81f212dd158f78 role=child prefix_tokens=16321 suffix_tokens=18 model_ms=1982.6 context_ms=42.4 state_ms=7.23 prefix_ms=0.0 suffix_ms=730.2 first_token_ms=3341.7 generation_ms=24803.1 generated=64 generation_tps=2.580
AGENT index=14 mig=31ffbfe4 exit=0 wall_ms=42164 text=d739fe02e1791b9a role=child prefix_tokens=16321 suffix_tokens=18 model_ms=1717.4 context_ms=61.9 state_ms=7.61 prefix_ms=0.0 suffix_ms=1112.1 first_token_ms=3521.5 generation_ms=38198.8 generated=64 generation_tps=1.675
AGENT index=15 mig=fafc828a exit=0 wall_ms=28348 text=d739fe02e1791b9a role=child prefix_tokens=16321 suffix_tokens=18 model_ms=1674.3 context_ms=51.4 state_ms=7.48 prefix_ms=0.0 suffix_ms=155.7 first_token_ms=2463.8 generation_ms=24888.2 generated=64 generation_tps=2.571
MEMORY mem_available_drop_mib=11663 prefix_pss_mib=1278 prefix_rss_mib=14280
END_CASE failed_agents=0
CASE mode=restore agents=16
AGENT index=0 mig=31ffbfe4 exit=0 wall_ms=41223 text=ffcbc30f8959d059 role=child prefix_tokens=16321 suffix_tokens=16 model_ms=1719.8 context_ms=304.2 state_ms=467.90 prefix_ms=0.0 suffix_ms=481.2 first_token_ms=3572.9 generation_ms=37248.2 generated=64 generation_tps=1.718
AGENT index=1 mig=fafc828a exit=0 wall_ms=29047 text=3fd8649867d4bb41 role=child prefix_tokens=16321 suffix_tokens=16 model_ms=1717.5 context_ms=381.1 state_ms=432.88 prefix_ms=0.0 suffix_ms=341.5 first_token_ms=3467.2 generation_ms=24955.0 generated=64 generation_tps=2.565
AGENT index=2 mig=31ffbfe4 exit=0 wall_ms=41632 text=3fd8649867d4bb41 role=child prefix_tokens=16321 suffix_tokens=16 model_ms=1846.5 context_ms=263.0 state_ms=454.78 prefix_ms=0.0 suffix_ms=758.2 first_token_ms=3938.9 generation_ms=37203.1 generated=64 generation_tps=1.720
AGENT index=3 mig=fafc828a exit=0 wall_ms=29094 text=3fd8649867d4bb41 role=child prefix_tokens=16321 suffix_tokens=16 model_ms=1709.7 context_ms=353.3 state_ms=456.99 prefix_ms=0.0 suffix_ms=344.8 first_token_ms=3456.8 generation_ms=24969.2 generated=64 generation_tps=2.563
AGENT index=4 mig=31ffbfe4 exit=0 wall_ms=41242 text=3e0fd62f5aa50665 role=child prefix_tokens=16321 suffix_tokens=16 model_ms=1715.7 context_ms=314.6 state_ms=467.75 prefix_ms=0.0 suffix_ms=482.3 first_token_ms=3565.6 generation_ms=37276.9 generated=64 generation_tps=1.717
AGENT index=5 mig=fafc828a exit=0 wall_ms=29293 text=45d93d75d8c246b5 role=child prefix_tokens=16321 suffix_tokens=16 model_ms=2083.9 context_ms=125.5 state_ms=414.44 prefix_ms=0.0 suffix_ms=643.7 first_token_ms=3899.7 generation_ms=24810.8 generated=64 generation_tps=2.580
AGENT index=6 mig=31ffbfe4 exit=0 wall_ms=41778 text=45d93d75d8c246b5 role=child prefix_tokens=16321 suffix_tokens=16 model_ms=2080.1 context_ms=198.2 state_ms=620.89 prefix_ms=0.0 suffix_ms=960.4 first_token_ms=4492.6 generation_ms=36834.9 generated=64 generation_tps=1.737
AGENT index=7 mig=fafc828a exit=0 wall_ms=29088 text=4a8f18b77dbe0332 role=child prefix_tokens=16321 suffix_tokens=16 model_ms=1747.5 context_ms=317.6 state_ms=434.96 prefix_ms=0.0 suffix_ms=339.5 first_token_ms=3448.4 generation_ms=24966.0 generated=64 generation_tps=2.563
AGENT index=8 mig=31ffbfe4 exit=0 wall_ms=41745 text=4a8f18b77dbe0332 role=child prefix_tokens=16321 suffix_tokens=17 model_ms=1695.0 context_ms=341.9 state_ms=578.01 prefix_ms=0.0 suffix_ms=950.2 first_token_ms=4171.7 generation_ms=37054.0 generated=64 generation_tps=1.727
AGENT index=9 mig=fafc828a exit=0 wall_ms=29235 text=4a8f18b77dbe0332 role=child prefix_tokens=16321 suffix_tokens=17 model_ms=1861.1 context_ms=323.7 state_ms=431.23 prefix_ms=0.0 suffix_ms=642.1 first_token_ms=3846.6 generation_ms=24828.4 generated=64 generation_tps=2.578
AGENT index=10 mig=31ffbfe4 exit=0 wall_ms=41691 text=50e6ef84ea7c1127 role=child prefix_tokens=16321 suffix_tokens=18 model_ms=1813.3 context_ms=271.7 state_ms=478.20 prefix_ms=0.0 suffix_ms=874.0 first_token_ms=4028.8 generation_ms=37150.0 generated=64 generation_tps=1.723
AGENT index=11 mig=fafc828a exit=0 wall_ms=29333 text=fca223769a13f6f7 role=child prefix_tokens=16321 suffix_tokens=18 model_ms=1866.2 context_ms=268.6 state_ms=482.58 prefix_ms=0.0 suffix_ms=700.1 first_token_ms=3947.5 generation_ms=24776.0 generated=64 generation_tps=2.583
AGENT index=12 mig=31ffbfe4 exit=0 wall_ms=41739 text=6b8b416287b3809b role=child prefix_tokens=16321 suffix_tokens=18 model_ms=1716.6 context_ms=348.3 state_ms=481.69 prefix_ms=0.0 suffix_ms=898.3 first_token_ms=4059.8 generation_ms=37135.5 generated=64 generation_tps=1.723
AGENT index=13 mig=fafc828a exit=0 wall_ms=29278 text=0b81f212dd158f78 role=child prefix_tokens=16321 suffix_tokens=18 model_ms=1713.4 context_ms=330.3 state_ms=601.89 prefix_ms=0.0 suffix_ms=708.2 first_token_ms=3970.1 generation_ms=24749.0 generated=64 generation_tps=2.586
AGENT index=14 mig=31ffbfe4 exit=0 wall_ms=41812 text=d739fe02e1791b9a role=child prefix_tokens=16321 suffix_tokens=18 model_ms=1830.6 context_ms=326.8 state_ms=609.04 prefix_ms=0.0 suffix_ms=1086.0 first_token_ms=4444.6 generation_ms=36853.0 generated=64 generation_tps=1.737
AGENT index=15 mig=fafc828a exit=0 wall_ms=29119 text=d739fe02e1791b9a role=child prefix_tokens=16321 suffix_tokens=18 model_ms=1823.6 context_ms=280.3 state_ms=438.72 prefix_ms=0.0 suffix_ms=579.4 first_token_ms=3702.2 generation_ms=24862.5 generated=64 generation_tps=2.574
MEMORY mem_available_drop_mib=40652 prefix_pss_mib=0 prefix_rss_mib=0
END_CASE failed_agents=0
CASE mode=extent_lazy agents=32
AGENT index=0 mig=31ffbfe4 exit=0 wall_ms=70547 text=ffcbc30f8959d059 role=child prefix_tokens=16321 suffix_tokens=16 model_ms=2557.7 context_ms=104.8 state_ms=11.61 prefix_ms=0.0 suffix_ms=319.8 first_token_ms=3850.5 generation_ms=66366.1 generated=64 generation_tps=0.964
AGENT index=1 mig=fafc828a exit=0 wall_ms=56792 text=3fd8649867d4bb41 role=child prefix_tokens=16321 suffix_tokens=16 model_ms=3831.6 context_ms=56.1 state_ms=8.58 prefix_ms=0.0 suffix_ms=1203.6 first_token_ms=6270.4 generation_ms=49824.0 generated=64 generation_tps=1.285
AGENT index=2 mig=31ffbfe4 exit=0 wall_ms=83080 text=3fd8649867d4bb41 role=child prefix_tokens=16321 suffix_tokens=16 model_ms=3768.9 context_ms=67.7 state_ms=13.73 prefix_ms=0.0 suffix_ms=1702.6 first_token_ms=6716.9 generation_ms=75907.2 generated=64 generation_tps=0.843
AGENT index=3 mig=fafc828a exit=0 wall_ms=56790 text=3fd8649867d4bb41 role=child prefix_tokens=16321 suffix_tokens=16 model_ms=3272.5 context_ms=83.1 state_ms=15.61 prefix_ms=0.0 suffix_ms=834.2 first_token_ms=5566.4 generation_ms=50054.1 generated=64 generation_tps=1.279
AGENT index=4 mig=31ffbfe4 exit=0 wall_ms=83261 text=3e0fd62f5aa50665 role=child prefix_tokens=16321 suffix_tokens=16 model_ms=3743.0 context_ms=53.4 state_ms=7.56 prefix_ms=0.0 suffix_ms=1790.4 first_token_ms=6931.2 generation_ms=75891.3 generated=64 generation_tps=0.843
AGENT index=5 mig=fafc828a exit=0 wall_ms=56789 text=45d93d75d8c246b5 role=child prefix_tokens=16321 suffix_tokens=16 model_ms=3577.7 context_ms=58.3 state_ms=8.36 prefix_ms=0.0 suffix_ms=1083.5 first_token_ms=5929.5 generation_ms=49866.7 generated=64 generation_tps=1.283
AGENT index=6 mig=31ffbfe4 exit=0 wall_ms=83178 text=45d93d75d8c246b5 role=child prefix_tokens=16321 suffix_tokens=16 model_ms=3904.0 context_ms=63.0 state_ms=7.40 prefix_ms=0.0 suffix_ms=1806.6 first_token_ms=6949.0 generation_ms=75826.3 generated=64 generation_tps=0.844
AGENT index=7 mig=fafc828a exit=0 wall_ms=55336 text=4a8f18b77dbe0332 role=child prefix_tokens=16321 suffix_tokens=16 model_ms=3226.0 context_ms=98.3 state_ms=11.58 prefix_ms=0.0 suffix_ms=354.7 first_token_ms=4837.0 generation_ms=49370.8 generated=64 generation_tps=1.296
AGENT index=8 mig=31ffbfe4 exit=0 wall_ms=83278 text=4a8f18b77dbe0332 role=child prefix_tokens=16321 suffix_tokens=17 model_ms=3592.1 context_ms=110.4 state_ms=14.38 prefix_ms=0.0 suffix_ms=1950.1 first_token_ms=6835.9 generation_ms=75943.4 generated=64 generation_tps=0.843
AGENT index=9 mig=fafc828a exit=0 wall_ms=53272 text=4a8f18b77dbe0332 role=child prefix_tokens=16321 suffix_tokens=17 model_ms=3069.2 context_ms=87.2 state_ms=15.14 prefix_ms=0.0 suffix_ms=201.3 first_token_ms=4514.9 generation_ms=48314.5 generated=64 generation_tps=1.325
AGENT index=10 mig=31ffbfe4 exit=0 wall_ms=83066 text=50e6ef84ea7c1127 role=child prefix_tokens=16321 suffix_tokens=18 model_ms=3474.7 context_ms=74.5 state_ms=7.44 prefix_ms=0.0 suffix_ms=1861.4 first_token_ms=6684.1 generation_ms=75937.6 generated=64 generation_tps=0.843
AGENT index=11 mig=fafc828a exit=0 wall_ms=53842 text=fca223769a13f6f7 role=child prefix_tokens=16321 suffix_tokens=18 model_ms=3107.0 context_ms=87.1 state_ms=15.56 prefix_ms=0.0 suffix_ms=219.8 first_token_ms=4572.6 generation_ms=48848.2 generated=64 generation_tps=1.310
AGENT index=12 mig=31ffbfe4 exit=0 wall_ms=83349 text=6b8b416287b3809b role=child prefix_tokens=16321 suffix_tokens=18 model_ms=3838.5 context_ms=51.2 state_ms=9.66 prefix_ms=0.0 suffix_ms=2235.9 first_token_ms=7339.7 generation_ms=75573.7 generated=64 generation_tps=0.847
AGENT index=13 mig=fafc828a exit=0 wall_ms=56775 text=0b81f212dd158f78 role=child prefix_tokens=16321 suffix_tokens=18 model_ms=3572.5 context_ms=96.2 state_ms=17.44 prefix_ms=0.0 suffix_ms=1104.8 first_token_ms=6005.2 generation_ms=49904.6 generated=64 generation_tps=1.282
AGENT index=14 mig=31ffbfe4 exit=0 wall_ms=82418 text=d739fe02e1791b9a role=child prefix_tokens=16321 suffix_tokens=18 model_ms=3337.4 context_ms=80.5 state_ms=18.11 prefix_ms=0.0 suffix_ms=1419.7 first_token_ms=6017.6 generation_ms=76004.9 generated=64 generation_tps=0.842
AGENT index=15 mig=fafc828a exit=0 wall_ms=56766 text=d739fe02e1791b9a role=child prefix_tokens=16321 suffix_tokens=18 model_ms=3780.5 context_ms=53.8 state_ms=7.78 prefix_ms=0.0 suffix_ms=1479.6 first_token_ms=6627.6 generation_ms=49501.1 generated=64 generation_tps=1.293
AGENT index=16 mig=31ffbfe4 exit=0 wall_ms=83040 text=d739fe02e1791b9a role=child prefix_tokens=16321 suffix_tokens=18 model_ms=3552.1 context_ms=103.6 state_ms=15.41 prefix_ms=0.0 suffix_ms=1879.8 first_token_ms=6697.5 generation_ms=75811.8 generated=64 generation_tps=0.844
AGENT index=17 mig=fafc828a exit=0 wall_ms=56753 text=4a8f18b77dbe0332 role=child prefix_tokens=16321 suffix_tokens=18 model_ms=3485.2 context_ms=95.1 state_ms=15.72 prefix_ms=0.0 suffix_ms=1197.5 first_token_ms=6130.7 generation_ms=49817.3 generated=64 generation_tps=1.285
AGENT index=18 mig=31ffbfe4 exit=0 wall_ms=81471 text=95f1733ca6a2268d role=child prefix_tokens=16321 suffix_tokens=18 model_ms=3050.2 context_ms=79.1 state_ms=21.04 prefix_ms=0.0 suffix_ms=591.1 first_token_ms=4929.7 generation_ms=76192.2 generated=64 generation_tps=0.840
AGENT index=19 mig=fafc828a exit=0 wall_ms=55297 text=4a8f18b77dbe0332 role=child prefix_tokens=16321 suffix_tokens=18 model_ms=3230.9 context_ms=83.1 state_ms=15.53 prefix_ms=0.0 suffix_ms=422.4 first_token_ms=4903.0 generation_ms=49711.2 generated=64 generation_tps=1.287
AGENT index=20 mig=31ffbfe4 exit=0 wall_ms=82260 text=a40cb3dc6f965116 role=child prefix_tokens=16321 suffix_tokens=18 model_ms=3222.9 context_ms=89.0 state_ms=11.56 prefix_ms=0.0 suffix_ms=787.3 first_token_ms=5212.2 generation_ms=76339.0 generated=64 generation_tps=0.838
AGENT index=21 mig=fafc828a exit=0 wall_ms=56743 text=ba544530a4765a20 role=child prefix_tokens=16321 suffix_tokens=18 model_ms=3806.0 context_ms=49.1 state_ms=7.43 prefix_ms=0.0 suffix_ms=1443.1 first_token_ms=6567.0 generation_ms=49585.1 generated=64 generation_tps=1.291
AGENT index=22 mig=31ffbfe4 exit=0 wall_ms=83153 text=0930c73838b0786e role=child prefix_tokens=16321 suffix_tokens=18 model_ms=3553.1 context_ms=128.5 state_ms=18.94 prefix_ms=0.0 suffix_ms=1976.8 first_token_ms=6834.5 generation_ms=75853.4 generated=64 generation_tps=0.844
AGENT index=23 mig=fafc828a exit=0 wall_ms=56741 text=85595e6cc55900b6 role=child prefix_tokens=16321 suffix_tokens=18 model_ms=3617.4 context_ms=67.0 state_ms=16.08 prefix_ms=0.0 suffix_ms=1352.6 first_token_ms=6361.0 generation_ms=49720.6 generated=64 generation_tps=1.287
AGENT index=24 mig=31ffbfe4 exit=0 wall_ms=82252 text=272e7fac6b1f8cee role=child prefix_tokens=16321 suffix_tokens=18 model_ms=3125.6 context_ms=100.7 state_ms=18.15 prefix_ms=0.0 suffix_ms=873.2 first_token_ms=5325.4 generation_ms=76410.4 generated=64 generation_tps=0.838
AGENT index=25 mig=fafc828a exit=0 wall_ms=56739 text=5026c7a9fea946c0 role=child prefix_tokens=16321 suffix_tokens=18 model_ms=3619.4 context_ms=103.7 state_ms=15.56 prefix_ms=0.0 suffix_ms=1069.5 first_token_ms=5929.2 generation_ms=49843.1 generated=64 generation_tps=1.284
AGENT index=26 mig=31ffbfe4 exit=0 wall_ms=83267 text=0930c73838b0786e role=child prefix_tokens=16321 suffix_tokens=18 model_ms=3818.9 context_ms=44.9 state_ms=7.49 prefix_ms=0.0 suffix_ms=2246.5 first_token_ms=7373.7 generation_ms=75455.4 generated=64 generation_tps=0.848
AGENT index=27 mig=fafc828a exit=0 wall_ms=56760 text=0930c73838b0786e role=child prefix_tokens=16321 suffix_tokens=18 model_ms=3650.9 context_ms=64.0 state_ms=9.60 prefix_ms=0.0 suffix_ms=1414.8 first_token_ms=6450.6 generation_ms=49666.7 generated=64 generation_tps=1.289
AGENT index=28 mig=31ffbfe4 exit=0 wall_ms=83416 text=a3e013725ac6c791 role=child prefix_tokens=16321 suffix_tokens=18 model_ms=3753.6 context_ms=55.2 state_ms=7.45 prefix_ms=0.0 suffix_ms=2240.1 first_token_ms=7351.3 generation_ms=75525.2 generated=64 generation_tps=0.847
AGENT index=29 mig=fafc828a exit=0 wall_ms=56721 text=5026c7a9fea946c0 role=child prefix_tokens=16321 suffix_tokens=18 model_ms=3754.6 context_ms=56.7 state_ms=10.24 prefix_ms=0.0 suffix_ms=1438.6 first_token_ms=6494.0 generation_ms=49620.2 generated=64 generation_tps=1.290
AGENT index=30 mig=31ffbfe4 exit=0 wall_ms=83329 text=1b368227eeb9799d role=child prefix_tokens=16321 suffix_tokens=18 model_ms=3781.6 context_ms=41.4 state_ms=7.67 prefix_ms=0.0 suffix_ms=2249.9 first_token_ms=7378.4 generation_ms=75500.7 generated=64 generation_tps=0.848
AGENT index=31 mig=fafc828a exit=0 wall_ms=56719 text=75b4380072e82b68 role=child prefix_tokens=16321 suffix_tokens=18 model_ms=3816.8 context_ms=43.0 state_ms=7.60 prefix_ms=0.0 suffix_ms=1471.1 first_token_ms=6600.6 generation_ms=49534.0 generated=64 generation_tps=1.292
MEMORY mem_available_drop_mib=23245 prefix_pss_mib=943 prefix_rss_mib=28560
END_CASE failed_agents=0
CASE mode=restore agents=32
AGENT index=0 mig=31ffbfe4 exit=0 wall_ms=82955 text=ffcbc30f8959d059 role=child prefix_tokens=16321 suffix_tokens=16 model_ms=4030.6 context_ms=673.7 state_ms=1204.24 prefix_ms=0.0 suffix_ms=1857.1 first_token_ms=8938.1 generation_ms=73508.4 generated=64 generation_tps=0.871
AGENT index=1 mig=fafc828a exit=0 wall_ms=32773 text=3fd8649867d4bb41 role=child prefix_tokens=16321 suffix_tokens=16 model_ms=1810.6 context_ms=385.6 state_ms=248.34 prefix_ms=0.0 suffix_ms=233.4 first_token_ms=3867.0 generation_ms=28460.0 generated=64 generation_tps=2.249
AGENT index=2 mig=31ffbfe4 exit=0 wall_ms=81758 text=3fd8649867d4bb41 role=child prefix_tokens=16321 suffix_tokens=16 model_ms=3679.7 context_ms=221.5 state_ms=512.61 prefix_ms=0.0 suffix_ms=1434.9 first_token_ms=7039.7 generation_ms=74247.0 generated=64 generation_tps=0.862
AGENT index=3 mig=fafc828a exit=0 wall_ms=55080 text=3fd8649867d4bb41 role=child prefix_tokens=16321 suffix_tokens=16 model_ms=3135.4 context_ms=432.6 state_ms=753.17 prefix_ms=0.0 suffix_ms=937.2 first_token_ms=6515.8 generation_ms=48022.1 generated=64 generation_tps=1.333
AGENT index=4 mig=31ffbfe4 exit=0 wall_ms=81431 text=3e0fd62f5aa50665 role=child prefix_tokens=16321 suffix_tokens=16 model_ms=3196.6 context_ms=372.7 state_ms=679.98 prefix_ms=0.0 suffix_ms=1484.8 first_token_ms=6913.9 generation_ms=74134.8 generated=64 generation_tps=0.863
AGENT index=5 mig=fafc828a exit=0 wall_ms=55442 text=45d93d75d8c246b5 role=child prefix_tokens=16321 suffix_tokens=16 model_ms=3823.2 context_ms=286.8 state_ms=535.45 prefix_ms=0.0 suffix_ms=752.8 first_token_ms=6629.0 generation_ms=48205.2 generated=64 generation_tps=1.328
AGENT index=6 mig=31ffbfe4 exit=0 wall_ms=81902 text=45d93d75d8c246b5 role=child prefix_tokens=16321 suffix_tokens=16 model_ms=3607.5 context_ms=174.7 state_ms=484.15 prefix_ms=0.0 suffix_ms=1410.2 first_token_ms=6998.6 generation_ms=74336.6 generated=64 generation_tps=0.861
AGENT index=7 mig=fafc828a exit=0 wall_ms=55666 text=4a8f18b77dbe0332 role=child prefix_tokens=16321 suffix_tokens=16 model_ms=3953.4 context_ms=470.3 state_ms=798.56 prefix_ms=0.0 suffix_ms=918.6 first_token_ms=7298.6 generation_ms=47937.3 generated=64 generation_tps=1.335
AGENT index=8 mig=31ffbfe4 exit=0 wall_ms=83144 text=4a8f18b77dbe0332 role=child prefix_tokens=16321 suffix_tokens=17 model_ms=4011.5 context_ms=514.6 state_ms=1210.16 prefix_ms=0.0 suffix_ms=2058.4 first_token_ms=9091.6 generation_ms=73447.9 generated=64 generation_tps=0.871
AGENT index=9 mig=fafc828a exit=0 wall_ms=55354 text=4a8f18b77dbe0332 role=child prefix_tokens=16321 suffix_tokens=17 model_ms=3391.9 context_ms=366.3 state_ms=713.04 prefix_ms=0.0 suffix_ms=1069.0 first_token_ms=6624.4 generation_ms=48192.4 generated=64 generation_tps=1.328
AGENT index=10 mig=31ffbfe4 exit=0 wall_ms=83242 text=50e6ef84ea7c1127 role=child prefix_tokens=16321 suffix_tokens=18 model_ms=4019.3 context_ms=467.8 state_ms=1193.41 prefix_ms=0.0 suffix_ms=2144.2 first_token_ms=9200.6 generation_ms=73359.1 generated=64 generation_tps=0.872
AGENT index=11 mig=fafc828a exit=0 wall_ms=56061 text=fca223769a13f6f7 role=child prefix_tokens=16321 suffix_tokens=18 model_ms=3873.5 context_ms=492.5 state_ms=785.29 prefix_ms=0.0 suffix_ms=1044.4 first_token_ms=7416.9 generation_ms=48133.9 generated=64 generation_tps=1.330
AGENT index=12 mig=31ffbfe4 exit=0 wall_ms=81967 text=6b8b416287b3809b role=child prefix_tokens=16321 suffix_tokens=18 model_ms=3398.9 context_ms=286.4 state_ms=628.08 prefix_ms=0.0 suffix_ms=1600.0 first_token_ms=7060.5 generation_ms=74343.3 generated=64 generation_tps=0.861
AGENT index=13 mig=fafc828a exit=0 wall_ms=56657 text=0b81f212dd158f78 role=child prefix_tokens=16321 suffix_tokens=18 model_ms=3861.6 context_ms=619.4 state_ms=931.64 prefix_ms=0.0 suffix_ms=1392.3 first_token_ms=8098.4 generation_ms=47789.8 generated=64 generation_tps=1.339
AGENT index=14 mig=31ffbfe4 exit=0 wall_ms=82993 text=d739fe02e1791b9a role=child prefix_tokens=16321 suffix_tokens=18 model_ms=3844.0 context_ms=575.3 state_ms=1194.21 prefix_ms=0.0 suffix_ms=2019.3 first_token_ms=8952.6 generation_ms=73508.9 generated=64 generation_tps=0.871
AGENT index=15 mig=fafc828a exit=0 wall_ms=56459 text=d739fe02e1791b9a role=child prefix_tokens=16321 suffix_tokens=18 model_ms=4072.8 context_ms=508.1 state_ms=880.48 prefix_ms=0.0 suffix_ms=1365.4 first_token_ms=8012.5 generation_ms=47826.6 generated=64 generation_tps=1.338
AGENT index=16 mig=31ffbfe4 exit=0 wall_ms=81915 text=d739fe02e1791b9a role=child prefix_tokens=16321 suffix_tokens=18 model_ms=3002.0 context_ms=331.0 state_ms=630.52 prefix_ms=0.0 suffix_ms=1730.5 first_token_ms=7025.0 generation_ms=74257.5 generated=64 generation_tps=0.862
AGENT index=17 mig=fafc828a exit=0 wall_ms=55268 text=4a8f18b77dbe0332 role=child prefix_tokens=16321 suffix_tokens=18 model_ms=3558.1 context_ms=258.5 state_ms=651.53 prefix_ms=0.0 suffix_ms=933.3 first_token_ms=6572.0 generation_ms=48218.8 generated=64 generation_tps=1.327
AGENT index=18 mig=31ffbfe4 exit=0 wall_ms=82928 text=95f1733ca6a2268d role=child prefix_tokens=16321 suffix_tokens=18 model_ms=4221.7 context_ms=500.2 state_ms=1176.93 prefix_ms=0.0 suffix_ms=2139.1 first_token_ms=9166.6 generation_ms=73216.9 generated=64 generation_tps=0.874
AGENT index=19 mig=fafc828a exit=0 wall_ms=56525 text=4a8f18b77dbe0332 role=child prefix_tokens=16321 suffix_tokens=18 model_ms=4199.2 context_ms=456.9 state_ms=943.95 prefix_ms=0.0 suffix_ms=1428.5 first_token_ms=8181.6 generation_ms=47680.9 generated=64 generation_tps=1.342
AGENT index=20 mig=31ffbfe4 exit=0 wall_ms=82896 text=a40cb3dc6f965116 role=child prefix_tokens=16321 suffix_tokens=18 model_ms=3773.5 context_ms=556.6 state_ms=1141.22 prefix_ms=0.0 suffix_ms=1826.1 first_token_ms=8627.6 generation_ms=73670.8 generated=64 generation_tps=0.869
AGENT index=21 mig=fafc828a exit=0 wall_ms=56728 text=ba544530a4765a20 role=child prefix_tokens=16321 suffix_tokens=18 model_ms=3963.6 context_ms=565.1 state_ms=943.92 prefix_ms=0.0 suffix_ms=1436.1 first_token_ms=8204.7 generation_ms=47744.1 generated=64 generation_tps=1.340
AGENT index=22 mig=31ffbfe4 exit=0 wall_ms=83123 text=0930c73838b0786e role=child prefix_tokens=16321 suffix_tokens=18 model_ms=4073.0 context_ms=547.0 state_ms=1173.42 prefix_ms=0.0 suffix_ms=2081.9 first_token_ms=9065.6 generation_ms=73417.6 generated=64 generation_tps=0.872
AGENT index=23 mig=fafc828a exit=0 wall_ms=56591 text=85595e6cc55900b6 role=child prefix_tokens=16321 suffix_tokens=18 model_ms=4213.1 context_ms=307.4 state_ms=980.95 prefix_ms=0.0 suffix_ms=1447.7 first_token_ms=8290.6 generation_ms=47671.6 generated=64 generation_tps=1.343
AGENT index=24 mig=31ffbfe4 exit=0 wall_ms=81897 text=272e7fac6b1f8cee role=child prefix_tokens=16321 suffix_tokens=18 model_ms=3198.9 context_ms=315.3 state_ms=614.39 prefix_ms=0.0 suffix_ms=1731.3 first_token_ms=7003.5 generation_ms=74298.2 generated=64 generation_tps=0.861
AGENT index=25 mig=fafc828a exit=0 wall_ms=56309 text=5026c7a9fea946c0 role=child prefix_tokens=16321 suffix_tokens=18 model_ms=3823.1 context_ms=581.2 state_ms=847.88 prefix_ms=0.0 suffix_ms=1305.3 first_token_ms=7865.8 generation_ms=47920.5 generated=64 generation_tps=1.336
AGENT index=26 mig=31ffbfe4 exit=0 wall_ms=83030 text=0930c73838b0786e role=child prefix_tokens=16321 suffix_tokens=18 model_ms=3769.0 context_ms=624.7 state_ms=1187.00 prefix_ms=0.0 suffix_ms=2012.8 first_token_ms=8913.0 generation_ms=73555.4 generated=64 generation_tps=0.870
AGENT index=27 mig=fafc828a exit=0 wall_ms=56655 text=0930c73838b0786e role=child prefix_tokens=16321 suffix_tokens=18 model_ms=4056.5 context_ms=539.5 state_ms=956.29 prefix_ms=0.0 suffix_ms=1413.0 first_token_ms=8158.9 generation_ms=47745.5 generated=64 generation_tps=1.340
AGENT index=28 mig=31ffbfe4 exit=0 wall_ms=81957 text=a3e013725ac6c791 role=child prefix_tokens=16321 suffix_tokens=18 model_ms=3113.3 context_ms=199.9 state_ms=772.64 prefix_ms=0.0 suffix_ms=1812.7 first_token_ms=7021.6 generation_ms=74384.4 generated=64 generation_tps=0.860
AGENT index=29 mig=fafc828a exit=0 wall_ms=56565 text=5026c7a9fea946c0 role=child prefix_tokens=16321 suffix_tokens=18 model_ms=4143.6 context_ms=546.4 state_ms=944.26 prefix_ms=0.0 suffix_ms=1402.4 first_token_ms=8119.4 generation_ms=47759.4 generated=64 generation_tps=1.340
AGENT index=30 mig=31ffbfe4 exit=0 wall_ms=83108 text=1b368227eeb9799d role=child prefix_tokens=16321 suffix_tokens=18 model_ms=4006.6 context_ms=483.8 state_ms=1183.70 prefix_ms=0.0 suffix_ms=2065.0 first_token_ms=9048.8 generation_ms=73437.1 generated=64 generation_tps=0.871
AGENT index=31 mig=fafc828a exit=0 wall_ms=55085 text=75b4380072e82b68 role=child prefix_tokens=16321 suffix_tokens=18 model_ms=3339.0 context_ms=276.6 state_ms=716.80 prefix_ms=0.0 suffix_ms=1005.2 first_token_ms=6487.8 generation_ms=48127.0 generated=64 generation_tps=1.330
MEMORY mem_available_drop_mib=81073 prefix_pss_mib=0 prefix_rss_mib=0
END_CASE failed_agents=0
END_KVSHARE
BEGIN_KVSHARE run=3 paragraphs=320 context=32768 publisher_mig=fafc828a
PUBLISH store=device prefix_tokens=16321 prefix_ms=19784.5 publish_ms=591.08 state_bytes=936173269
PUBLISH store=huge prefix_tokens=16321 prefix_ms=19845.6 publish_ms=9.09 state_bytes=261845 file_used_kib=917504
CASE mode=restore agents=8
AGENT index=0 mig=fafc828a exit=0 wall_ms=15214 text=d42c4c07975a6446 role=child prefix_tokens=16321 suffix_tokens=16 model_ms=1131.6 context_ms=241.3 state_ms=432.17 prefix_ms=0.0 suffix_ms=303.6 first_token_ms=2421.7 generation_ms=12307.1 generated=64 generation_tps=5.200
AGENT index=1 mig=31ffbfe4 exit=0 wall_ms=21591 text=3fd8649867d4bb41 role=child prefix_tokens=16321 suffix_tokens=16 model_ms=1130.4 context_ms=253.5 state_ms=417.40 prefix_ms=0.0 suffix_ms=436.0 first_token_ms=2553.3 generation_ms=18576.9 generated=64 generation_tps=3.445
AGENT index=2 mig=fafc828a exit=0 wall_ms=15161 text=3fd8649867d4bb41 role=child prefix_tokens=16321 suffix_tokens=16 model_ms=1137.3 context_ms=255.1 state_ms=419.68 prefix_ms=0.0 suffix_ms=288.7 first_token_ms=2406.0 generation_ms=12292.9 generated=64 generation_tps=5.206
AGENT index=3 mig=31ffbfe4 exit=0 wall_ms=21687 text=3fd8649867d4bb41 role=child prefix_tokens=16321 suffix_tokens=16 model_ms=1130.9 context_ms=239.9 state_ms=437.62 prefix_ms=0.0 suffix_ms=434.5 first_token_ms=2552.1 generation_ms=18568.4 generated=64 generation_tps=3.447
AGENT index=4 mig=fafc828a exit=0 wall_ms=15129 text=3e0fd62f5aa50665 role=child prefix_tokens=16321 suffix_tokens=16 model_ms=1121.0 context_ms=248.2 state_ms=428.61 prefix_ms=0.0 suffix_ms=300.6 first_token_ms=2416.1 generation_ms=12300.3 generated=64 generation_tps=5.203
AGENT index=5 mig=31ffbfe4 exit=0 wall_ms=21535 text=3fd8649867d4bb41 role=child prefix_tokens=16321 suffix_tokens=16 model_ms=1116.3 context_ms=247.7 state_ms=429.41 prefix_ms=0.0 suffix_ms=423.5 first_token_ms=2535.6 generation_ms=18572.1 generated=64 generation_tps=3.446
AGENT index=6 mig=fafc828a exit=0 wall_ms=14561 text=4a8f18b77dbe0332 role=child prefix_tokens=16321 suffix_tokens=16 model_ms=1114.5 context_ms=215.3 state_ms=295.27 prefix_ms=0.0 suffix_ms=111.8 first_token_ms=2057.6 generation_ms=12155.4 generated=64 generation_tps=5.265
AGENT index=7 mig=31ffbfe4 exit=0 wall_ms=21628 text=4a8f18b77dbe0332 role=child prefix_tokens=16321 suffix_tokens=16 model_ms=1116.3 context_ms=253.8 state_ms=419.54 prefix_ms=0.0 suffix_ms=412.4 first_token_ms=2517.8 generation_ms=18590.0 generated=64 generation_tps=3.443
MEMORY mem_available_drop_mib=20366 prefix_pss_mib=0 prefix_rss_mib=0
END_CASE failed_agents=0
CASE mode=extent_lazy agents=8
AGENT index=0 mig=fafc828a exit=0 wall_ms=14440 text=d42c4c07975a6446 role=child prefix_tokens=16321 suffix_tokens=16 model_ms=1096.9 context_ms=49.2 state_ms=7.57 prefix_ms=0.0 suffix_ms=264.8 first_token_ms=1725.0 generation_ms=12325.6 generated=64 generation_tps=5.192
AGENT index=1 mig=31ffbfe4 exit=0 wall_ms=20954 text=3fd8649867d4bb41 role=child prefix_tokens=16321 suffix_tokens=16 model_ms=969.8 context_ms=35.1 state_ms=7.39 prefix_ms=0.0 suffix_ms=183.1 first_token_ms=1468.8 generation_ms=19122.6 generated=64 generation_tps=3.347
AGENT index=2 mig=fafc828a exit=0 wall_ms=14515 text=3fd8649867d4bb41 role=child prefix_tokens=16321 suffix_tokens=16 model_ms=1094.9 context_ms=87.3 state_ms=45.70 prefix_ms=0.0 suffix_ms=348.3 first_token_ms=1891.3 generation_ms=12223.5 generated=64 generation_tps=5.236
AGENT index=3 mig=31ffbfe4 exit=0 wall_ms=21386 text=3fd8649867d4bb41 role=child prefix_tokens=16321 suffix_tokens=16 model_ms=1102.0 context_ms=54.8 state_ms=7.50 prefix_ms=0.0 suffix_ms=496.0 first_token_ms=1972.2 generation_ms=18966.3 generated=64 generation_tps=3.374
AGENT index=4 mig=fafc828a exit=0 wall_ms=14008 text=3e0fd62f5aa50665 role=child prefix_tokens=16321 suffix_tokens=16 model_ms=958.9 context_ms=37.8 state_ms=7.82 prefix_ms=0.0 suffix_ms=100.3 first_token_ms=1428.3 generation_ms=12170.4 generated=64 generation_tps=5.259
AGENT index=5 mig=31ffbfe4 exit=0 wall_ms=21136 text=3fd8649867d4bb41 role=child prefix_tokens=16321 suffix_tokens=16 model_ms=1031.4 context_ms=37.1 state_ms=7.48 prefix_ms=0.0 suffix_ms=228.7 first_token_ms=1614.9 generation_ms=19160.9 generated=64 generation_tps=3.340
AGENT index=6 mig=fafc828a exit=0 wall_ms=14455 text=4a8f18b77dbe0332 role=child prefix_tokens=16321 suffix_tokens=16 model_ms=1092.9 context_ms=54.0 state_ms=7.50 prefix_ms=0.0 suffix_ms=273.8 first_token_ms=1741.2 generation_ms=12323.6 generated=64 generation_tps=5.193
AGENT index=7 mig=31ffbfe4 exit=0 wall_ms=21278 text=4a8f18b77dbe0332 role=child prefix_tokens=16321 suffix_tokens=16 model_ms=1076.6 context_ms=52.7 state_ms=7.56 prefix_ms=0.0 suffix_ms=429.1 first_token_ms=1884.2 generation_ms=19032.0 generated=64 generation_tps=3.363
MEMORY mem_available_drop_mib=5858 prefix_pss_mib=892 prefix_rss_mib=7140
END_CASE failed_agents=0
CASE mode=restore agents=16
AGENT index=0 mig=fafc828a exit=0 wall_ms=28949 text=d42c4c07975a6446 role=child prefix_tokens=16321 suffix_tokens=16 model_ms=1738.6 context_ms=232.5 state_ms=431.62 prefix_ms=0.0 suffix_ms=440.9 first_token_ms=3445.7 generation_ms=24890.1 generated=64 generation_tps=2.571
AGENT index=1 mig=31ffbfe4 exit=0 wall_ms=40945 text=3fd8649867d4bb41 role=child prefix_tokens=16321 suffix_tokens=16 model_ms=1660.5 context_ms=149.6 state_ms=445.77 prefix_ms=0.0 suffix_ms=520.6 first_token_ms=3300.2 generation_ms=37223.6 generated=64 generation_tps=1.719
AGENT index=2 mig=fafc828a exit=0 wall_ms=29177 text=3fd8649867d4bb41 role=child prefix_tokens=16321 suffix_tokens=16 model_ms=2050.6 context_ms=191.8 state_ms=567.25 prefix_ms=0.0 suffix_ms=651.3 first_token_ms=4072.6 generation_ms=24523.7 generated=64 generation_tps=2.610
AGENT index=3 mig=31ffbfe4 exit=0 wall_ms=40863 text=3fd8649867d4bb41 role=child prefix_tokens=16321 suffix_tokens=16 model_ms=1625.5 context_ms=167.9 state_ms=424.56 prefix_ms=0.0 suffix_ms=482.6 first_token_ms=3256.1 generation_ms=37157.8 generated=64 generation_tps=1.722
AGENT index=4 mig=fafc828a exit=0 wall_ms=29121 text=3e0fd62f5aa50665 role=child prefix_tokens=16321 suffix_tokens=16 model_ms=1733.3 context_ms=254.1 state_ms=468.98 prefix_ms=0.0 suffix_ms=585.1 first_token_ms=3634.7 generation_ms=24887.9 generated=64 generation_tps=2.572
AGENT index=5 mig=31ffbfe4 exit=0 wall_ms=41454 text=3fd8649867d4bb41 role=child prefix_tokens=16321 suffix_tokens=16 model_ms=1803.5 context_ms=231.3 state_ms=527.77 prefix_ms=0.0 suffix_ms=807.6 first_token_ms=3994.5 generation_ms=37012.5 generated=64 generation_tps=1.729
AGENT index=6 mig=fafc828a exit=0 wall_ms=29038 text=4a8f18b77dbe0332 role=child prefix_tokens=16321 suffix_tokens=16 model_ms=1791.4 context_ms=137.2 state_ms=444.63 prefix_ms=0.0 suffix_ms=543.8 first_token_ms=3556.5 generation_ms=24902.0 generated=64 generation_tps=2.570
AGENT index=7 mig=31ffbfe4 exit=0 wall_ms=41355 text=4a8f18b77dbe0332 role=child prefix_tokens=16321 suffix_tokens=16 model_ms=1643.7 context_ms=236.2 state_ms=601.29 prefix_ms=0.0 suffix_ms=759.1 first_token_ms=3870.4 generation_ms=37036.9 generated=64 generation_tps=1.728
AGENT index=8 mig=fafc828a exit=0 wall_ms=29115 text=51970896e5830780 role=child prefix_tokens=16321 suffix_tokens=17 model_ms=1730.9 context_ms=218.8 state_ms=447.91 prefix_ms=0.0 suffix_ms=599.9 first_token_ms=3620.8 generation_ms=24889.6 generated=64 generation_tps=2.571
AGENT index=9 mig=31ffbfe4 exit=0 wall_ms=41005 text=4a8f18b77dbe0332 role=child prefix_tokens=16321 suffix_tokens=17 model_ms=1631.2 context_ms=155.2 state_ms=445.30 prefix_ms=0.0 suffix_ms=530.0 first_token_ms=3344.7 generation_ms=37238.6 generated=64 generation_tps=1.719
AGENT index=10 mig=fafc828a exit=0 wall_ms=28854 text=50e6ef84ea7c1127 role=child prefix_tokens=16321 suffix_tokens=18 model_ms=1707.8 context_ms=213.2 state_ms=433.20 prefix_ms=0.0 suffix_ms=456.9 first_token_ms=3433.9 generation_ms=24890.0 generated=64 generation_tps=2.571
AGENT index=11 mig=31ffbfe4 exit=0 wall_ms=41489 text=f945037c9619a363 role=child prefix_tokens=16321 suffix_tokens=18 model_ms=2001.8 context_ms=167.2 state_ms=515.40 prefix_ms=0.0 suffix_ms=1063.0 first_token_ms=4351.4 generation_ms=36730.2 generated=64 generation_tps=1.742
AGENT index=12 mig=fafc828a exit=0 wall_ms=28998 text=fca223769a13f6f7 role=child prefix_tokens=16321 suffix_tokens=18 model_ms=1800.2 context_ms=187.6 state_ms=432.65 prefix_ms=0.0 suffix_ms=632.4 first_token_ms=3666.1 generation_ms=24861.7 generated=64 generation_tps=2.574
AGENT index=13 mig=31ffbfe4 exit=0 wall_ms=41511 text=0b81f212dd158f78 role=child prefix_tokens=16321 suffix_tokens=18 model_ms=2043.9 context_ms=136.5 state_ms=496.64 prefix_ms=0.0 suffix_ms=1067.7 first_token_ms=4332.6 generation_ms=36776.6 generated=64 generation_tps=1.740
AGENT index=14 mig=fafc828a exit=0 wall_ms=28791 text=379d45db82261c55 role=child prefix_tokens=16321 suffix_tokens=18 model_ms=1681.8 context_ms=247.7 state_ms=446.15 prefix_ms=0.0 suffix_ms=427.1 first_token_ms=3372.2 generation_ms=24885.9 generated=64 generation_tps=2.572
AGENT index=15 mig=31ffbfe4 exit=0 wall_ms=41570 text=fca223769a13f6f7 role=child prefix_tokens=16321 suffix_tokens=18 model_ms=2007.0 context_ms=193.5 state_ms=535.35 prefix_ms=0.0 suffix_ms=1127.6 first_token_ms=4479.9 generation_ms=36634.6 generated=64 generation_tps=1.747
MEMORY mem_available_drop_mib=40603 prefix_pss_mib=0 prefix_rss_mib=0
END_CASE failed_agents=0
CASE mode=extent_lazy agents=16
AGENT index=0 mig=fafc828a exit=0 wall_ms=28289 text=d42c4c07975a6446 role=child prefix_tokens=16321 suffix_tokens=16 model_ms=1637.9 context_ms=86.4 state_ms=10.82 prefix_ms=0.0 suffix_ms=242.1 first_token_ms=2558.9 generation_ms=25070.5 generated=64 generation_tps=2.553
AGENT index=1 mig=31ffbfe4 exit=0 wall_ms=38344 text=3fd8649867d4bb41 role=child prefix_tokens=16321 suffix_tokens=16 model_ms=1397.5 context_ms=67.3 state_ms=15.40 prefix_ms=0.0 suffix_ms=171.5 first_token_ms=2055.6 generation_ms=35958.8 generated=64 generation_tps=1.780
AGENT index=2 mig=fafc828a exit=0 wall_ms=28513 text=3fd8649867d4bb41 role=child prefix_tokens=16321 suffix_tokens=16 model_ms=1795.1 context_ms=60.7 state_ms=7.54 prefix_ms=0.0 suffix_ms=588.6 first_token_ms=3049.1 generation_ms=25025.9 generated=64 generation_tps=2.557
AGENT index=3 mig=31ffbfe4 exit=0 wall_ms=41586 text=3fd8649867d4bb41 role=child prefix_tokens=16321 suffix_tokens=16 model_ms=1713.8 context_ms=50.5 state_ms=7.44 prefix_ms=0.0 suffix_ms=840.8 first_token_ms=3192.8 generation_ms=38013.6 generated=64 generation_tps=1.684
AGENT index=4 mig=fafc828a exit=0 wall_ms=28588 text=3e0fd62f5aa50665 role=child prefix_tokens=16321 suffix_tokens=16 model_ms=2001.5 context_ms=35.9 state_ms=7.31 prefix_ms=0.0 suffix_ms=714.0 first_token_ms=3366.8 generation_ms=24777.8 generated=64 generation_tps=2.583
AGENT index=5 mig=31ffbfe4 exit=0 wall_ms=41504 text=3fd8649867d4bb41 role=child prefix_tokens=16321 suffix_tokens=16 model_ms=1689.4 context_ms=64.7 state_ms=9.72 prefix_ms=0.0 suffix_ms=681.2 first_token_ms=3035.5 generation_ms=38082.2 generated=64 generation_tps=1.681
AGENT index=6 mig=fafc828a exit=0 wall_ms=28280 text=4a8f18b77dbe0332 role=child prefix_tokens=16321 suffix_tokens=16 model_ms=1657.5 context_ms=57.7 state_ms=7.47 prefix_ms=0.0 suffix_ms=266.3 first_token_ms=2595.8 generation_ms=25102.3 generated=64 generation_tps=2.550
AGENT index=7 mig=31ffbfe4 exit=0 wall_ms=41473 text=4a8f18b77dbe0332 role=child prefix_tokens=16321 suffix_tokens=16 model_ms=1687.6 context_ms=54.4 state_ms=7.51 prefix_ms=0.0 suffix_ms=617.4 first_token_ms=2941.7 generation_ms=38141.3 generated=64 generation_tps=1.678
AGENT index=8 mig=fafc828a exit=0 wall_ms=28325 text=51970896e5830780 role=child prefix_tokens=16321 suffix_tokens=17 model_ms=1717.2 context_ms=73.6 state_ms=8.11 prefix_ms=0.0 suffix_ms=565.0 first_token_ms=2942.4 generation_ms=24998.5 generated=64 generation_tps=2.560
AGENT index=9 mig=31ffbfe4 exit=0 wall_ms=41843 text=4a8f18b77dbe0332 role=child prefix_tokens=16321 suffix_tokens=17 model_ms=1772.1 context_ms=53.4 state_ms=7.37 prefix_ms=0.0 suffix_ms=1161.7 first_token_ms=3621.4 generation_ms=37767.7 generated=64 generation_tps=1.695
AGENT index=10 mig=fafc828a exit=0 wall_ms=28499 text=50e6ef84ea7c1127 role=child prefix_tokens=16321 suffix_tokens=18 model_ms=1780.2 context_ms=47.7 state_ms=7.50 prefix_ms=0.0 suffix_ms=584.2 first_token_ms=3005.1 generation_ms=25037.7 generated=64 generation_tps=2.556
AGENT index=11 mig=31ffbfe4 exit=0 wall_ms=41690 text=f945037c9619a363 role=child prefix_tokens=16321 suffix_tokens=18 model_ms=1664.3 context_ms=69.5 state_ms=14.65 prefix_ms=0.0 suffix_ms=1030.3 first_token_ms=3389.9 generation_ms=37903.7 generated=64 generation_tps=1.688
AGENT index=12 mig=fafc828a exit=0 wall_ms=28600 text=fca223769a13f6f7 role=child prefix_tokens=16321 suffix_tokens=18 model_ms=1763.7 context_ms=47.9 state_ms=7.67 prefix_ms=0.0 suffix_ms=625.4 first_token_ms=3072.5 generation_ms=25010.0 generated=64 generation_tps=2.559
AGENT index=13 mig=31ffbfe4 exit=0 wall_ms=41884 text=0b81f212dd158f78 role=child prefix_tokens=16321 suffix_tokens=18 model_ms=1972.5 context_ms=36.8 state_ms=7.66 prefix_ms=0.0 suffix_ms=1227.9 first_token_ms=3833.5 generation_ms=37576.3 generated=64 generation_tps=1.703
AGENT index=14 mig=fafc828a exit=0 wall_ms=28569 text=379d45db82261c55 role=child prefix_tokens=16321 suffix_tokens=18 model_ms=1702.4 context_ms=45.3 state_ms=8.17 prefix_ms=0.0 suffix_ms=609.4 first_token_ms=3001.3 generation_ms=25069.0 generated=64 generation_tps=2.553
AGENT index=15 mig=31ffbfe4 exit=0 wall_ms=41703 text=fca223769a13f6f7 role=child prefix_tokens=16321 suffix_tokens=18 model_ms=1674.3 context_ms=61.2 state_ms=7.79 prefix_ms=0.0 suffix_ms=1001.2 first_token_ms=3370.4 generation_ms=37958.9 generated=64 generation_tps=1.686
MEMORY mem_available_drop_mib=11667 prefix_pss_mib=1622 prefix_rss_mib=14280
END_CASE failed_agents=0
CASE mode=restore agents=32
AGENT index=0 mig=fafc828a exit=0 wall_ms=57778 text=d42c4c07975a6446 role=child prefix_tokens=16321 suffix_tokens=16 model_ms=4090.1 context_ms=457.8 state_ms=907.38 prefix_ms=0.0 suffix_ms=1239.1 first_token_ms=7851.7 generation_ms=49346.2 generated=64 generation_tps=1.297
AGENT index=1 mig=31ffbfe4 exit=0 wall_ms=82047 text=3fd8649867d4bb41 role=child prefix_tokens=16321 suffix_tokens=16 model_ms=4210.5 context_ms=425.0 state_ms=1080.46 prefix_ms=0.0 suffix_ms=1683.4 first_token_ms=8562.6 generation_ms=72955.3 generated=64 generation_tps=0.877
AGENT index=2 mig=fafc828a exit=0 wall_ms=57644 text=3fd8649867d4bb41 role=child prefix_tokens=16321 suffix_tokens=16 model_ms=3672.0 context_ms=576.7 state_ms=863.35 prefix_ms=0.0 suffix_ms=956.7 first_token_ms=7365.9 generation_ms=49641.4 generated=64 generation_tps=1.289
AGENT index=3 mig=31ffbfe4 exit=0 wall_ms=81021 text=3fd8649867d4bb41 role=child prefix_tokens=16321 suffix_tokens=16 model_ms=3542.1 context_ms=256.0 state_ms=847.58 prefix_ms=0.0 suffix_ms=1045.6 first_token_ms=7031.2 generation_ms=73598.7 generated=64 generation_tps=0.870
AGENT index=4 mig=fafc828a exit=0 wall_ms=56291 text=3e0fd62f5aa50665 role=child prefix_tokens=16321 suffix_tokens=16 model_ms=3414.1 context_ms=320.6 state_ms=441.86 prefix_ms=0.0 suffix_ms=998.1 first_token_ms=6403.8 generation_ms=49464.1 generated=64 generation_tps=1.294
AGENT index=5 mig=31ffbfe4 exit=0 wall_ms=82064 text=3fd8649867d4bb41 role=child prefix_tokens=16321 suffix_tokens=16 model_ms=3837.2 context_ms=599.4 state_ms=1169.46 prefix_ms=0.0 suffix_ms=1668.6 first_token_ms=8476.3 generation_ms=72972.7 generated=64 generation_tps=0.877
AGENT index=6 mig=fafc828a exit=0 wall_ms=57922 text=4a8f18b77dbe0332 role=child prefix_tokens=16321 suffix_tokens=16 model_ms=4285.5 context_ms=237.9 state_ms=956.27 prefix_ms=0.0 suffix_ms=1331.4 first_token_ms=8135.1 generation_ms=49170.1 generated=64 generation_tps=1.302
AGENT index=7 mig=31ffbfe4 exit=0 wall_ms=65607 text=4a8f18b77dbe0332 role=child prefix_tokens=16321 suffix_tokens=16 model_ms=2442.1 context_ms=299.7 state_ms=262.54 prefix_ms=0.0 suffix_ms=388.4 first_token_ms=4151.9 generation_ms=61102.6 generated=64 generation_tps=1.047
AGENT index=8 mig=fafc828a exit=0 wall_ms=55519 text=51970896e5830780 role=child prefix_tokens=16321 suffix_tokens=17 model_ms=3082.7 context_ms=237.3 state_ms=601.67 prefix_ms=0.0 suffix_ms=579.0 first_token_ms=5801.7 generation_ms=49316.4 generated=64 generation_tps=1.298
AGENT index=9 mig=31ffbfe4 exit=0 wall_ms=82229 text=4a8f18b77dbe0332 role=child prefix_tokens=16321 suffix_tokens=17 model_ms=4336.0 context_ms=368.3 state_ms=980.63 prefix_ms=0.0 suffix_ms=2164.1 first_token_ms=9115.7 generation_ms=72553.8 generated=64 generation_tps=0.882
AGENT index=10 mig=fafc828a exit=0 wall_ms=56772 text=50e6ef84ea7c1127 role=child prefix_tokens=16321 suffix_tokens=18 model_ms=3405.4 context_ms=294.0 state_ms=561.48 prefix_ms=0.0 suffix_ms=1088.1 first_token_ms=6500.6 generation_ms=49619.9 generated=64 generation_tps=1.290
AGENT index=11 mig=31ffbfe4 exit=0 wall_ms=82251 text=f945037c9619a363 role=child prefix_tokens=16321 suffix_tokens=18 model_ms=3975.4 context_ms=548.3 state_ms=1040.69 prefix_ms=0.0 suffix_ms=2060.0 first_token_ms=8951.9 generation_ms=72696.4 generated=64 generation_tps=0.880
AGENT index=12 mig=fafc828a exit=0 wall_ms=56589 text=fca223769a13f6f7 role=child prefix_tokens=16321 suffix_tokens=18 model_ms=3379.5 context_ms=381.0 state_ms=438.33 prefix_ms=0.0 suffix_ms=972.0 first_token_ms=6474.2 generation_ms=49613.0 generated=64 generation_tps=1.290
AGENT index=13 mig=31ffbfe4 exit=0 wall_ms=80644 text=0b81f212dd158f78 role=child prefix_tokens=16321 suffix_tokens=18 model_ms=3215.5 context_ms=241.8 state_ms=663.36 prefix_ms=0.0 suffix_ms=1578.4 first_token_ms=6825.8 generation_ms=73345.1 generated=64 generation_tps=0.873
AGENT index=14 mig=fafc828a exit=0 wall_ms=57290 text=379d45db82261c55 role=child prefix_tokens=16321 suffix_tokens=18 model_ms=3787.5 context_ms=638.2 state_ms=927.51 prefix_ms=0.0 suffix_ms=1279.1 first_token_ms=7774.1 generation_ms=49052.1 generated=64 generation_tps=1.305
AGENT index=15 mig=31ffbfe4 exit=0 wall_ms=80866 text=fca223769a13f6f7 role=child prefix_tokens=16321 suffix_tokens=18 model_ms=3469.0 context_ms=272.4 state_ms=594.18 prefix_ms=0.0 suffix_ms=1406.5 first_token_ms=6900.0 generation_ms=73513.5 generated=64 generation_tps=0.871
AGENT index=16 mig=fafc828a exit=0 wall_ms=57839 text=c93b483f41fc29ad role=child prefix_tokens=16321 suffix_tokens=18 model_ms=3838.9 context_ms=586.6 state_ms=906.40 prefix_ms=0.0 suffix_ms=1301.1 first_token_ms=7815.0 generation_ms=49379.1 generated=64 generation_tps=1.296
AGENT index=17 mig=31ffbfe4 exit=0 wall_ms=80671 text=4a8f18b77dbe0332 role=child prefix_tokens=16321 suffix_tokens=18 model_ms=3014.6 context_ms=309.8 state_ms=730.06 prefix_ms=0.0 suffix_ms=1492.7 first_token_ms=6828.4 generation_ms=73381.8 generated=64 generation_tps=0.872
AGENT index=18 mig=fafc828a exit=0 wall_ms=57775 text=73cc9b9ec69e2c3f role=child prefix_tokens=16321 suffix_tokens=18 model_ms=4070.2 context_ms=495.9 state_ms=965.16 prefix_ms=0.0 suffix_ms=1396.9 first_token_ms=8051.2 generation_ms=49093.8 generated=64 generation_tps=1.304
AGENT index=19 mig=31ffbfe4 exit=0 wall_ms=82290 text=e51f314fc15787c2 role=child prefix_tokens=16321 suffix_tokens=18 model_ms=4232.9 context_ms=376.0 state_ms=1047.77 prefix_ms=0.0 suffix_ms=2103.8 first_token_ms=8973.7 generation_ms=72647.6 generated=64 generation_tps=0.881
AGENT index=20 mig=fafc828a exit=0 wall_ms=57977 text=d04a6700ca215bf1 role=child prefix_tokens=16321 suffix_tokens=18 model_ms=3742.7 context_ms=530.1 state_ms=911.55 prefix_ms=0.0 suffix_ms=1310.7 first_token_ms=7794.1 generation_ms=49383.4 generated=64 generation_tps=1.296
AGENT index=21 mig=31ffbfe4 exit=0 wall_ms=81779 text=ba544530a4765a20 role=child prefix_tokens=16321 suffix_tokens=18 model_ms=3762.8 context_ms=657.0 state_ms=1186.74 prefix_ms=0.0 suffix_ms=1970.6 first_token_ms=8705.1 generation_ms=72577.4 generated=64 generation_tps=0.882
AGENT index=22 mig=fafc828a exit=0 wall_ms=56728 text=bd9ebe4702b17899 role=child prefix_tokens=16321 suffix_tokens=18 model_ms=3440.2 context_ms=417.4 state_ms=430.70 prefix_ms=0.0 suffix_ms=931.5 first_token_ms=6469.9 generation_ms=49647.3 generated=64 generation_tps=1.289
AGENT index=23 mig=31ffbfe4 exit=0 wall_ms=82128 text=c9184700bf51f56d role=child prefix_tokens=16321 suffix_tokens=18 model_ms=3841.3 context_ms=595.7 state_ms=1194.14 prefix_ms=0.0 suffix_ms=2003.3 first_token_ms=8776.7 generation_ms=72794.7 generated=64 generation_tps=0.879
AGENT index=24 mig=fafc828a exit=0 wall_ms=57918 text=c93b483f41fc29ad role=child prefix_tokens=16321 suffix_tokens=18 model_ms=4259.0 context_ms=275.9 state_ms=978.24 prefix_ms=0.0 suffix_ms=1421.5 first_token_ms=8103.7 generation_ms=49157.6 generated=64 generation_tps=1.302
AGENT index=25 mig=31ffbfe4 exit=0 wall_ms=82023 text=09ad45242b7022fc role=child prefix_tokens=16321 suffix_tokens=18 model_ms=4142.1 context_ms=369.4 state_ms=1167.16 prefix_ms=0.0 suffix_ms=2002.8 first_token_ms=8798.5 generation_ms=72752.9 generated=64 generation_tps=0.880
AGENT index=26 mig=fafc828a exit=0 wall_ms=57779 text=3401c20d008f30d1 role=child prefix_tokens=16321 suffix_tokens=18 model_ms=3656.5 context_ms=551.2 state_ms=891.12 prefix_ms=0.0 suffix_ms=1214.1 first_token_ms=7628.7 generation_ms=49501.9 generated=64 generation_tps=1.293
AGENT index=27 mig=31ffbfe4 exit=0 wall_ms=82295 text=0930c73838b0786e role=child prefix_tokens=16321 suffix_tokens=18 model_ms=3773.0 context_ms=548.5 state_ms=1178.41 prefix_ms=0.0 suffix_ms=1981.9 first_token_ms=8779.3 generation_ms=72798.6 generated=64 generation_tps=0.879
AGENT index=28 mig=fafc828a exit=0 wall_ms=58005 text=a3e013725ac6c791 role=child prefix_tokens=16321 suffix_tokens=18 model_ms=4175.1 context_ms=237.7 state_ms=937.41 prefix_ms=0.0 suffix_ms=1418.1 first_token_ms=8072.4 generation_ms=49174.8 generated=64 generation_tps=1.301
AGENT index=29 mig=31ffbfe4 exit=0 wall_ms=82214 text=1b368227eeb9799d role=child prefix_tokens=16321 suffix_tokens=18 model_ms=3675.1 context_ms=590.6 state_ms=1187.95 prefix_ms=0.0 suffix_ms=1964.1 first_token_ms=8707.0 generation_ms=72843.5 generated=64 generation_tps=0.879
AGENT index=30 mig=fafc828a exit=0 wall_ms=56755 text=1b368227eeb9799d role=child prefix_tokens=16321 suffix_tokens=18 model_ms=3592.7 context_ms=431.6 state_ms=428.02 prefix_ms=0.0 suffix_ms=999.3 first_token_ms=6525.1 generation_ms=49714.9 generated=64 generation_tps=1.287
AGENT index=31 mig=31ffbfe4 exit=0 wall_ms=80731 text=1b368227eeb9799d role=child prefix_tokens=16321 suffix_tokens=18 model_ms=3033.8 context_ms=245.2 state_ms=675.24 prefix_ms=0.0 suffix_ms=1597.7 first_token_ms=6827.2 generation_ms=73435.6 generated=64 generation_tps=0.872
MEMORY mem_available_drop_mib=81116 prefix_pss_mib=0 prefix_rss_mib=0
END_CASE failed_agents=0
CASE mode=extent_lazy agents=32
AGENT index=0 mig=fafc828a exit=0 wall_ms=56554 text=d42c4c07975a6446 role=child prefix_tokens=16321 suffix_tokens=16 model_ms=3452.7 context_ms=76.3 state_ms=7.82 prefix_ms=0.0 suffix_ms=403.6 first_token_ms=5119.2 generation_ms=49800.9 generated=64 generation_tps=1.285
AGENT index=1 mig=31ffbfe4 exit=0 wall_ms=82796 text=3fd8649867d4bb41 role=child prefix_tokens=16321 suffix_tokens=16 model_ms=3284.0 context_ms=111.5 state_ms=115.48 prefix_ms=0.0 suffix_ms=869.9 first_token_ms=5556.6 generation_ms=76759.5 generated=64 generation_tps=0.834
AGENT index=2 mig=fafc828a exit=0 wall_ms=56791 text=3fd8649867d4bb41 role=child prefix_tokens=16321 suffix_tokens=16 model_ms=3695.1 context_ms=99.6 state_ms=7.43 prefix_ms=0.0 suffix_ms=1256.9 first_token_ms=6413.7 generation_ms=49836.0 generated=64 generation_tps=1.284
AGENT index=3 mig=31ffbfe4 exit=0 wall_ms=81963 text=3fd8649867d4bb41 role=child prefix_tokens=16321 suffix_tokens=16 model_ms=3299.5 context_ms=83.8 state_ms=15.48 prefix_ms=0.0 suffix_ms=501.4 first_token_ms=4919.7 generation_ms=76663.3 generated=64 generation_tps=0.835
AGENT index=4 mig=fafc828a exit=0 wall_ms=56550 text=3e0fd62f5aa50665 role=child prefix_tokens=16321 suffix_tokens=16 model_ms=3790.3 context_ms=102.1 state_ms=7.56 prefix_ms=0.0 suffix_ms=1115.2 first_token_ms=6205.1 generation_ms=49751.1 generated=64 generation_tps=1.286
AGENT index=5 mig=31ffbfe4 exit=0 wall_ms=83725 text=3fd8649867d4bb41 role=child prefix_tokens=16321 suffix_tokens=16 model_ms=3658.3 context_ms=82.7 state_ms=7.30 prefix_ms=0.0 suffix_ms=1719.9 first_token_ms=6660.7 generation_ms=76510.6 generated=64 generation_tps=0.836
AGENT index=6 mig=fafc828a exit=0 wall_ms=56579 text=4a8f18b77dbe0332 role=child prefix_tokens=16321 suffix_tokens=16 model_ms=3772.6 context_ms=108.6 state_ms=7.47 prefix_ms=0.0 suffix_ms=1133.8 first_token_ms=6239.7 generation_ms=49845.6 generated=64 generation_tps=1.284
AGENT index=7 mig=31ffbfe4 exit=0 wall_ms=81926 text=4a8f18b77dbe0332 role=child prefix_tokens=16321 suffix_tokens=16 model_ms=3178.7 context_ms=79.8 state_ms=13.06 prefix_ms=0.0 suffix_ms=407.3 first_token_ms=4883.1 generation_ms=76663.2 generated=64 generation_tps=0.835
AGENT index=8 mig=fafc828a exit=0 wall_ms=56835 text=51970896e5830780 role=child prefix_tokens=16321 suffix_tokens=17 model_ms=3709.2 context_ms=112.7 state_ms=7.44 prefix_ms=0.0 suffix_ms=1361.4 first_token_ms=6418.8 generation_ms=49796.5 generated=64 generation_tps=1.285
AGENT index=9 mig=31ffbfe4 exit=0 wall_ms=83909 text=4a8f18b77dbe0332 role=child prefix_tokens=16321 suffix_tokens=17 model_ms=3685.0 context_ms=67.2 state_ms=10.75 prefix_ms=0.0 suffix_ms=2175.1 first_token_ms=7162.7 generation_ms=76350.5 generated=64 generation_tps=0.838
AGENT index=10 mig=fafc828a exit=0 wall_ms=56540 text=50e6ef84ea7c1127 role=child prefix_tokens=16321 suffix_tokens=18 model_ms=3861.0 context_ms=105.1 state_ms=10.98 prefix_ms=0.0 suffix_ms=1372.8 first_token_ms=6521.3 generation_ms=49574.9 generated=64 generation_tps=1.291
AGENT index=11 mig=31ffbfe4 exit=0 wall_ms=84166 text=f945037c9619a363 role=child prefix_tokens=16321 suffix_tokens=18 model_ms=3811.8 context_ms=76.2 state_ms=7.32 prefix_ms=0.0 suffix_ms=2284.9 first_token_ms=7425.6 generation_ms=76144.0 generated=64 generation_tps=0.841
AGENT index=12 mig=fafc828a exit=0 wall_ms=54562 text=fca223769a13f6f7 role=child prefix_tokens=16321 suffix_tokens=18 model_ms=3176.4 context_ms=86.2 state_ms=15.43 prefix_ms=0.0 suffix_ms=260.8 first_token_ms=4686.3 generation_ms=48527.8 generated=64 generation_tps=1.319
AGENT index=13 mig=31ffbfe4 exit=0 wall_ms=84005 text=0b81f212dd158f78 role=child prefix_tokens=16321 suffix_tokens=18 model_ms=3633.1 context_ms=102.9 state_ms=12.09 prefix_ms=0.0 suffix_ms=2257.7 first_token_ms=7328.4 generation_ms=76189.6 generated=64 generation_tps=0.840
AGENT index=14 mig=fafc828a exit=0 wall_ms=56689 text=379d45db82261c55 role=child prefix_tokens=16321 suffix_tokens=18 model_ms=3718.3 context_ms=99.5 state_ms=8.61 prefix_ms=0.0 suffix_ms=1250.3 first_token_ms=6305.0 generation_ms=49789.4 generated=64 generation_tps=1.285
AGENT index=15 mig=31ffbfe4 exit=0 wall_ms=84047 text=fca223769a13f6f7 role=child prefix_tokens=16321 suffix_tokens=18 model_ms=3614.0 context_ms=125.3 state_ms=7.56 prefix_ms=0.0 suffix_ms=2273.6 first_token_ms=7351.9 generation_ms=76197.7 generated=64 generation_tps=0.840
AGENT index=16 mig=fafc828a exit=0 wall_ms=56520 text=c93b483f41fc29ad role=child prefix_tokens=16321 suffix_tokens=18 model_ms=3361.9 context_ms=113.4 state_ms=15.51 prefix_ms=0.0 suffix_ms=442.4 first_token_ms=5089.0 generation_ms=49850.6 generated=64 generation_tps=1.284
AGENT index=17 mig=31ffbfe4 exit=0 wall_ms=84087 text=4a8f18b77dbe0332 role=child prefix_tokens=16321 suffix_tokens=18 model_ms=3658.6 context_ms=83.5 state_ms=9.68 prefix_ms=0.0 suffix_ms=2165.8 first_token_ms=7060.9 generation_ms=76380.3 generated=64 generation_tps=0.838
AGENT index=18 mig=fafc828a exit=0 wall_ms=56954 text=73cc9b9ec69e2c3f role=child prefix_tokens=16321 suffix_tokens=18 model_ms=3776.2 context_ms=64.2 state_ms=9.69 prefix_ms=0.0 suffix_ms=1433.7 first_token_ms=6592.6 generation_ms=49638.3 generated=64 generation_tps=1.289
AGENT index=19 mig=31ffbfe4 exit=0 wall_ms=83951 text=e51f314fc15787c2 role=child prefix_tokens=16321 suffix_tokens=18 model_ms=3935.0 context_ms=49.5 state_ms=7.49 prefix_ms=0.0 suffix_ms=2297.3 first_token_ms=7451.3 generation_ms=76014.8 generated=64 generation_tps=0.842
AGENT index=20 mig=fafc828a exit=0 wall_ms=56508 text=d04a6700ca215bf1 role=child prefix_tokens=16321 suffix_tokens=18 model_ms=3597.0 context_ms=92.8 state_ms=11.81 prefix_ms=0.0 suffix_ms=802.9 first_token_ms=5624.1 generation_ms=49997.5 generated=64 generation_tps=1.280
AGENT index=21 mig=31ffbfe4 exit=0 wall_ms=80675 text=ba544530a4765a20 role=child prefix_tokens=16321 suffix_tokens=18 model_ms=3077.5 context_ms=81.2 state_ms=15.37 prefix_ms=0.0 suffix_ms=281.1 first_token_ms=4607.8 generation_ms=75687.8 generated=64 generation_tps=0.846
AGENT index=22 mig=fafc828a exit=0 wall_ms=56896 text=bd9ebe4702b17899 role=child prefix_tokens=16321 suffix_tokens=18 model_ms=3923.2 context_ms=55.5 state_ms=7.41 prefix_ms=0.0 suffix_ms=1437.5 first_token_ms=6619.6 generation_ms=49605.6 generated=64 generation_tps=1.290
AGENT index=23 mig=31ffbfe4 exit=0 wall_ms=83231 text=c9184700bf51f56d role=child prefix_tokens=16321 suffix_tokens=18 model_ms=3343.1 context_ms=115.8 state_ms=12.25 prefix_ms=0.0 suffix_ms=1436.6 first_token_ms=6106.3 generation_ms=76767.1 generated=64 generation_tps=0.834
AGENT index=24 mig=fafc828a exit=0 wall_ms=56815 text=c93b483f41fc29ad role=child prefix_tokens=16321 suffix_tokens=18 model_ms=3836.8 context_ms=56.3 state_ms=7.52 prefix_ms=0.0 suffix_ms=1447.9 first_token_ms=6630.9 generation_ms=49553.3 generated=64 generation_tps=1.292
AGENT index=25 mig=31ffbfe4 exit=0 wall_ms=84073 text=09ad45242b7022fc role=child prefix_tokens=16321 suffix_tokens=18 model_ms=3840.8 context_ms=54.2 state_ms=7.55 prefix_ms=0.0 suffix_ms=2287.7 first_token_ms=7463.3 generation_ms=76077.9 generated=64 generation_tps=0.841
AGENT index=26 mig=fafc828a exit=0 wall_ms=56594 text=3401c20d008f30d1 role=child prefix_tokens=16321 suffix_tokens=18 model_ms=3619.1 context_ms=75.2 state_ms=9.39 prefix_ms=0.0 suffix_ms=1234.9 first_token_ms=6215.6 generation_ms=49871.5 generated=64 generation_tps=1.283
AGENT index=27 mig=31ffbfe4 exit=0 wall_ms=83289 text=0930c73838b0786e role=child prefix_tokens=16321 suffix_tokens=18 model_ms=3273.6 context_ms=94.0 state_ms=18.60 prefix_ms=0.0 suffix_ms=1508.6 first_token_ms=6192.4 generation_ms=76735.7 generated=64 generation_tps=0.834
AGENT index=28 mig=fafc828a exit=0 wall_ms=56823 text=a3e013725ac6c791 role=child prefix_tokens=16321 suffix_tokens=18 model_ms=3731.8 context_ms=103.9 state_ms=7.41 prefix_ms=0.0 suffix_ms=1314.7 first_token_ms=6344.6 generation_ms=49763.7 generated=64 generation_tps=1.286
AGENT index=29 mig=31ffbfe4 exit=0 wall_ms=83893 text=1b368227eeb9799d role=child prefix_tokens=16321 suffix_tokens=18 model_ms=3437.1 context_ms=109.7 state_ms=15.65 prefix_ms=0.0 suffix_ms=2062.4 first_token_ms=6907.0 generation_ms=76459.3 generated=64 generation_tps=0.837
AGENT index=30 mig=fafc828a exit=0 wall_ms=52479 text=1b368227eeb9799d role=child prefix_tokens=16321 suffix_tokens=18 model_ms=3072.5 context_ms=86.7 state_ms=15.35 prefix_ms=0.0 suffix_ms=171.3 first_token_ms=4482.2 generation_ms=47604.4 generated=64 generation_tps=1.344
AGENT index=31 mig=31ffbfe4 exit=0 wall_ms=83784 text=1b368227eeb9799d role=child prefix_tokens=16321 suffix_tokens=18 model_ms=3433.3 context_ms=80.1 state_ms=7.70 prefix_ms=0.0 suffix_ms=2016.2 first_token_ms=6840.1 generation_ms=76500.8 generated=64 generation_tps=0.837
MEMORY mem_available_drop_mib=23254 prefix_pss_mib=1041 prefix_rss_mib=28560
END_CASE failed_agents=0
END_KVSHARE
BEGIN_KVSHARE run=4 paragraphs=320 context=32768 publisher_mig=31ffbfe4
PUBLISH store=device prefix_tokens=16321 prefix_ms=29231.4 publish_ms=594.90 state_bytes=936173269
PUBLISH store=huge prefix_tokens=16321 prefix_ms=29529.0 publish_ms=9.06 state_bytes=261845 file_used_kib=917504
CASE mode=extent_lazy agents=8
AGENT index=0 mig=31ffbfe4 exit=0 wall_ms=21204 text=ffcbc30f8959d059 role=child prefix_tokens=16321 suffix_tokens=16 model_ms=1072.9 context_ms=44.3 state_ms=7.23 prefix_ms=0.0 suffix_ms=411.1 first_token_ms=1849.2 generation_ms=18963.8 generated=64 generation_tps=3.375
AGENT index=1 mig=fafc828a exit=0 wall_ms=14622 text=3fd8649867d4bb41 role=child prefix_tokens=16321 suffix_tokens=16 model_ms=1119.3 context_ms=43.4 state_ms=8.17 prefix_ms=0.0 suffix_ms=319.2 first_token_ms=1797.7 generation_ms=12398.4 generated=64 generation_tps=5.162
AGENT index=2 mig=31ffbfe4 exit=0 wall_ms=21273 text=3fd8649867d4bb41 role=child prefix_tokens=16321 suffix_tokens=16 model_ms=1094.6 context_ms=74.9 state_ms=7.27 prefix_ms=0.0 suffix_ms=477.1 first_token_ms=1972.6 generation_ms=18864.3 generated=64 generation_tps=3.393
AGENT index=3 mig=fafc828a exit=0 wall_ms=14515 text=3fd8649867d4bb41 role=child prefix_tokens=16321 suffix_tokens=16 model_ms=1041.2 context_ms=50.8 state_ms=7.27 prefix_ms=0.0 suffix_ms=225.4 first_token_ms=1647.1 generation_ms=12446.7 generated=64 generation_tps=5.142
AGENT index=4 mig=31ffbfe4 exit=0 wall_ms=21131 text=3e0fd62f5aa50665 role=child prefix_tokens=16321 suffix_tokens=16 model_ms=1049.6 context_ms=50.1 state_ms=7.44 prefix_ms=0.0 suffix_ms=397.8 first_token_ms=1816.7 generation_ms=18959.9 generated=64 generation_tps=3.376
AGENT index=5 mig=fafc828a exit=0 wall_ms=14461 text=45d93d75d8c246b5 role=child prefix_tokens=16321 suffix_tokens=16 model_ms=1037.6 context_ms=47.3 state_ms=7.85 prefix_ms=0.0 suffix_ms=217.5 first_token_ms=1632.4 generation_ms=12445.9 generated=64 generation_tps=5.142
AGENT index=6 mig=31ffbfe4 exit=0 wall_ms=20393 text=45d93d75d8c246b5 role=child prefix_tokens=16321 suffix_tokens=16 model_ms=905.5 context_ms=35.3 state_ms=7.27 prefix_ms=0.0 suffix_ms=122.7 first_token_ms=1327.4 generation_ms=18722.7 generated=64 generation_tps=3.418
AGENT index=7 mig=fafc828a exit=0 wall_ms=14561 text=4a8f18b77dbe0332 role=child prefix_tokens=16321 suffix_tokens=16 model_ms=1068.1 context_ms=46.2 state_ms=8.54 prefix_ms=0.0 suffix_ms=316.0 first_token_ms=1756.3 generation_ms=12393.1 generated=64 generation_tps=5.164
MEMORY mem_available_drop_mib=5909 prefix_pss_mib=892 prefix_rss_mib=7140
END_CASE failed_agents=0
CASE mode=restore agents=8
AGENT index=0 mig=31ffbfe4 exit=0 wall_ms=21566 text=ffcbc30f8959d059 role=child prefix_tokens=16321 suffix_tokens=16 model_ms=1136.0 context_ms=233.4 state_ms=404.86 prefix_ms=0.0 suffix_ms=436.8 first_token_ms=2515.2 generation_ms=18571.4 generated=64 generation_tps=3.446
AGENT index=1 mig=fafc828a exit=0 wall_ms=15112 text=3fd8649867d4bb41 role=child prefix_tokens=16321 suffix_tokens=16 model_ms=1139.2 context_ms=233.6 state_ms=404.84 prefix_ms=0.0 suffix_ms=298.8 first_token_ms=2380.7 generation_ms=12311.8 generated=64 generation_tps=5.198
AGENT index=2 mig=31ffbfe4 exit=0 wall_ms=21565 text=3fd8649867d4bb41 role=child prefix_tokens=16321 suffix_tokens=16 model_ms=1131.0 context_ms=255.8 state_ms=380.14 prefix_ms=0.0 suffix_ms=428.7 first_token_ms=2502.9 generation_ms=18574.8 generated=64 generation_tps=3.446
AGENT index=3 mig=fafc828a exit=0 wall_ms=15160 text=3fd8649867d4bb41 role=child prefix_tokens=16321 suffix_tokens=16 model_ms=1132.7 context_ms=212.8 state_ms=427.21 prefix_ms=0.0 suffix_ms=317.5 first_token_ms=2389.6 generation_ms=12317.6 generated=64 generation_tps=5.196
AGENT index=4 mig=31ffbfe4 exit=0 wall_ms=21632 text=3e0fd62f5aa50665 role=child prefix_tokens=16321 suffix_tokens=16 model_ms=1121.0 context_ms=251.9 state_ms=384.47 prefix_ms=0.0 suffix_ms=417.5 first_token_ms=2488.4 generation_ms=18601.5 generated=64 generation_tps=3.441
AGENT index=5 mig=fafc828a exit=0 wall_ms=14636 text=45d93d75d8c246b5 role=child prefix_tokens=16321 suffix_tokens=16 model_ms=1124.0 context_ms=211.4 state_ms=285.93 prefix_ms=0.0 suffix_ms=117.3 first_token_ms=2047.5 generation_ms=12197.9 generated=64 generation_tps=5.247
AGENT index=6 mig=31ffbfe4 exit=0 wall_ms=21503 text=45d93d75d8c246b5 role=child prefix_tokens=16321 suffix_tokens=16 model_ms=1120.0 context_ms=263.8 state_ms=370.96 prefix_ms=0.0 suffix_ms=435.3 first_token_ms=2502.1 generation_ms=18569.7 generated=64 generation_tps=3.446
AGENT index=7 mig=fafc828a exit=0 wall_ms=15202 text=4a8f18b77dbe0332 role=child prefix_tokens=16321 suffix_tokens=16 model_ms=1126.8 context_ms=221.6 state_ms=416.04 prefix_ms=0.0 suffix_ms=321.0 first_token_ms=2386.2 generation_ms=12324.2 generated=64 generation_tps=5.193
MEMORY mem_available_drop_mib=20329 prefix_pss_mib=0 prefix_rss_mib=0
END_CASE failed_agents=0
CASE mode=extent_lazy agents=16
AGENT index=0 mig=31ffbfe4 exit=0 wall_ms=39701 text=ffcbc30f8959d059 role=child prefix_tokens=16321 suffix_tokens=16 model_ms=1579.7 context_ms=38.1 state_ms=8.69 prefix_ms=0.0 suffix_ms=133.5 first_token_ms=2218.1 generation_ms=37129.4 generated=64 generation_tps=1.724
AGENT index=1 mig=fafc828a exit=0 wall_ms=28167 text=3fd8649867d4bb41 role=child prefix_tokens=16321 suffix_tokens=16 model_ms=1762.7 context_ms=50.8 state_ms=7.91 prefix_ms=0.0 suffix_ms=365.3 first_token_ms=2772.5 generation_ms=24972.4 generated=64 generation_tps=2.563
AGENT index=2 mig=31ffbfe4 exit=0 wall_ms=41712 text=3fd8649867d4bb41 role=child prefix_tokens=16321 suffix_tokens=16 model_ms=1708.3 context_ms=63.6 state_ms=9.77 prefix_ms=0.0 suffix_ms=699.7 first_token_ms=3083.6 generation_ms=38232.2 generated=64 generation_tps=1.674
AGENT index=3 mig=fafc828a exit=0 wall_ms=28831 text=3fd8649867d4bb41 role=child prefix_tokens=16321 suffix_tokens=16 model_ms=2027.1 context_ms=37.7 state_ms=7.56 prefix_ms=0.0 suffix_ms=659.1 first_token_ms=3339.2 generation_ms=24744.1 generated=64 generation_tps=2.586
AGENT index=4 mig=31ffbfe4 exit=0 wall_ms=42028 text=3e0fd62f5aa50665 role=child prefix_tokens=16321 suffix_tokens=16 model_ms=1896.9 context_ms=36.1 state_ms=7.56 prefix_ms=0.0 suffix_ms=942.3 first_token_ms=3489.7 generation_ms=38051.3 generated=64 generation_tps=1.682
AGENT index=5 mig=fafc828a exit=0 wall_ms=28282 text=45d93d75d8c246b5 role=child prefix_tokens=16321 suffix_tokens=16 model_ms=1774.2 context_ms=49.3 state_ms=7.34 prefix_ms=0.0 suffix_ms=417.1 first_token_ms=2838.4 generation_ms=25019.2 generated=64 generation_tps=2.558
AGENT index=6 mig=31ffbfe4 exit=0 wall_ms=42104 text=45d93d75d8c246b5 role=child prefix_tokens=16321 suffix_tokens=16 model_ms=1928.3 context_ms=37.5 state_ms=7.47 prefix_ms=0.0 suffix_ms=961.3 first_token_ms=3550.1 generation_ms=38043.1 generated=64 generation_tps=1.682
AGENT index=7 mig=fafc828a exit=0 wall_ms=28356 text=4a8f18b77dbe0332 role=child prefix_tokens=16321 suffix_tokens=16 model_ms=1765.9 context_ms=47.8 state_ms=7.50 prefix_ms=0.0 suffix_ms=454.7 first_token_ms=2899.0 generation_ms=25014.1 generated=64 generation_tps=2.559
AGENT index=8 mig=31ffbfe4 exit=0 wall_ms=41947 text=4a8f18b77dbe0332 role=child prefix_tokens=16321 suffix_tokens=17 model_ms=1796.7 context_ms=56.0 state_ms=7.57 prefix_ms=0.0 suffix_ms=1054.1 first_token_ms=3509.3 generation_ms=38039.7 generated=64 generation_tps=1.682
AGENT index=9 mig=fafc828a exit=0 wall_ms=28301 text=4a8f18b77dbe0332 role=child prefix_tokens=16321 suffix_tokens=17 model_ms=1686.6 context_ms=106.6 state_ms=15.19 prefix_ms=0.0 suffix_ms=473.1 first_token_ms=2892.5 generation_ms=25012.8 generated=64 generation_tps=2.559
AGENT index=10 mig=31ffbfe4 exit=0 wall_ms=41843 text=50e6ef84ea7c1127 role=child prefix_tokens=16321 suffix_tokens=18 model_ms=1707.4 context_ms=95.5 state_ms=12.64 prefix_ms=0.0 suffix_ms=1029.0 first_token_ms=3423.9 generation_ms=38055.9 generated=64 generation_tps=1.682
AGENT index=11 mig=fafc828a exit=0 wall_ms=27829 text=fca223769a13f6f7 role=child prefix_tokens=16321 suffix_tokens=18 model_ms=1596.9 context_ms=46.3 state_ms=7.82 prefix_ms=0.0 suffix_ms=122.5 first_token_ms=2390.8 generation_ms=24620.3 generated=64 generation_tps=2.599
AGENT index=12 mig=31ffbfe4 exit=0 wall_ms=42016 text=6b8b416287b3809b role=child prefix_tokens=16321 suffix_tokens=18 model_ms=1746.3 context_ms=48.7 state_ms=7.46 prefix_ms=0.0 suffix_ms=1072.8 first_token_ms=3479.6 generation_ms=38084.2 generated=64 generation_tps=1.680
AGENT index=13 mig=fafc828a exit=0 wall_ms=28815 text=0b81f212dd158f78 role=child prefix_tokens=16321 suffix_tokens=18 model_ms=1835.0 context_ms=39.4 state_ms=7.68 prefix_ms=0.0 suffix_ms=697.9 first_token_ms=3214.2 generation_ms=24818.6 generated=64 generation_tps=2.579
AGENT index=14 mig=31ffbfe4 exit=0 wall_ms=41661 text=d739fe02e1791b9a role=child prefix_tokens=16321 suffix_tokens=18 model_ms=1669.5 context_ms=38.0 state_ms=8.37 prefix_ms=0.0 suffix_ms=754.9 first_token_ms=3029.7 generation_ms=38237.2 generated=64 generation_tps=1.674
AGENT index=15 mig=fafc828a exit=0 wall_ms=28811 text=d739fe02e1791b9a role=child prefix_tokens=16321 suffix_tokens=18 model_ms=1981.6 context_ms=64.3 state_ms=7.61 prefix_ms=0.0 suffix_ms=718.2 first_token_ms=3382.4 generation_ms=24690.2 generated=64 generation_tps=2.592
MEMORY mem_available_drop_mib=11686 prefix_pss_mib=1439 prefix_rss_mib=14280
END_CASE failed_agents=0
CASE mode=restore agents=16
AGENT index=0 mig=31ffbfe4 exit=0 wall_ms=41614 text=ffcbc30f8959d059 role=child prefix_tokens=16321 suffix_tokens=16 model_ms=1930.6 context_ms=285.7 state_ms=633.80 prefix_ms=0.0 suffix_ms=954.1 first_token_ms=4387.7 generation_ms=36723.9 generated=64 generation_tps=1.743
AGENT index=1 mig=fafc828a exit=0 wall_ms=27688 text=3fd8649867d4bb41 role=child prefix_tokens=16321 suffix_tokens=16 model_ms=1666.0 context_ms=114.3 state_ms=371.64 prefix_ms=0.0 suffix_ms=266.8 first_token_ms=2997.7 generation_ms=24272.5 generated=64 generation_tps=2.637
AGENT index=2 mig=31ffbfe4 exit=0 wall_ms=41458 text=3fd8649867d4bb41 role=child prefix_tokens=16321 suffix_tokens=16 model_ms=1785.6 context_ms=240.5 state_ms=595.36 prefix_ms=0.0 suffix_ms=859.2 first_token_ms=4068.5 generation_ms=36930.0 generated=64 generation_tps=1.733
AGENT index=3 mig=fafc828a exit=0 wall_ms=29114 text=3fd8649867d4bb41 role=child prefix_tokens=16321 suffix_tokens=16 model_ms=2074.8 context_ms=105.0 state_ms=499.93 prefix_ms=0.0 suffix_ms=667.2 first_token_ms=3958.1 generation_ms=24625.2 generated=64 generation_tps=2.599
AGENT index=4 mig=31ffbfe4 exit=0 wall_ms=40269 text=3e0fd62f5aa50665 role=child prefix_tokens=16321 suffix_tokens=16 model_ms=1532.5 context_ms=108.0 state_ms=309.45 prefix_ms=0.0 suffix_ms=550.9 first_token_ms=2933.6 generation_ms=36948.9 generated=64 generation_tps=1.732
AGENT index=5 mig=fafc828a exit=0 wall_ms=28959 text=45d93d75d8c246b5 role=child prefix_tokens=16321 suffix_tokens=16 model_ms=1862.7 context_ms=195.2 state_ms=465.53 prefix_ms=0.0 suffix_ms=435.2 first_token_ms=3550.7 generation_ms=24830.9 generated=64 generation_tps=2.577
AGENT index=6 mig=31ffbfe4 exit=0 wall_ms=40953 text=45d93d75d8c246b5 role=child prefix_tokens=16321 suffix_tokens=16 model_ms=1688.2 context_ms=135.8 state_ms=522.36 prefix_ms=0.0 suffix_ms=508.8 first_token_ms=3442.6 generation_ms=37111.6 generated=64 generation_tps=1.725
AGENT index=7 mig=fafc828a exit=0 wall_ms=28957 text=4a8f18b77dbe0332 role=child prefix_tokens=16321 suffix_tokens=16 model_ms=1830.7 context_ms=211.1 state_ms=482.50 prefix_ms=0.0 suffix_ms=422.8 first_token_ms=3521.2 generation_ms=24843.9 generated=64 generation_tps=2.576
AGENT index=8 mig=31ffbfe4 exit=0 wall_ms=41298 text=4a8f18b77dbe0332 role=child prefix_tokens=16321 suffix_tokens=17 model_ms=1717.4 context_ms=141.2 state_ms=522.37 prefix_ms=0.0 suffix_ms=772.7 first_token_ms=3737.8 generation_ms=37098.7 generated=64 generation_tps=1.725
AGENT index=9 mig=fafc828a exit=0 wall_ms=29156 text=4a8f18b77dbe0332 role=child prefix_tokens=16321 suffix_tokens=17 model_ms=2137.0 context_ms=112.1 state_ms=465.32 prefix_ms=0.0 suffix_ms=729.1 first_token_ms=4053.3 generation_ms=24544.9 generated=64 generation_tps=2.607
AGENT index=10 mig=31ffbfe4 exit=0 wall_ms=41469 text=50e6ef84ea7c1127 role=child prefix_tokens=16321 suffix_tokens=18 model_ms=1885.5 context_ms=245.6 state_ms=545.48 prefix_ms=0.0 suffix_ms=1046.1 first_token_ms=4319.6 generation_ms=36762.5 generated=64 generation_tps=1.741
AGENT index=11 mig=fafc828a exit=0 wall_ms=28870 text=fca223769a13f6f7 role=child prefix_tokens=16321 suffix_tokens=18 model_ms=1772.8 context_ms=222.1 state_ms=475.79 prefix_ms=0.0 suffix_ms=443.9 first_token_ms=3529.7 generation_ms=24833.2 generated=64 generation_tps=2.577
AGENT index=12 mig=31ffbfe4 exit=0 wall_ms=41340 text=6b8b416287b3809b role=child prefix_tokens=16321 suffix_tokens=18 model_ms=1766.9 context_ms=150.7 state_ms=515.28 prefix_ms=0.0 suffix_ms=802.2 first_token_ms=3795.8 generation_ms=37020.4 generated=64 generation_tps=1.729
AGENT index=13 mig=fafc828a exit=0 wall_ms=29018 text=0b81f212dd158f78 role=child prefix_tokens=16321 suffix_tokens=18 model_ms=1856.2 context_ms=183.2 state_ms=464.72 prefix_ms=0.0 suffix_ms=538.3 first_token_ms=3654.7 generation_ms=24778.8 generated=64 generation_tps=2.583
AGENT index=14 mig=31ffbfe4 exit=0 wall_ms=41535 text=d739fe02e1791b9a role=child prefix_tokens=16321 suffix_tokens=18 model_ms=1858.7 context_ms=213.3 state_ms=575.26 prefix_ms=0.0 suffix_ms=1057.5 first_token_ms=4270.3 generation_ms=36786.1 generated=64 generation_tps=1.740
AGENT index=15 mig=fafc828a exit=0 wall_ms=29081 text=d739fe02e1791b9a role=child prefix_tokens=16321 suffix_tokens=18 model_ms=2089.2 context_ms=96.0 state_ms=488.89 prefix_ms=0.0 suffix_ms=697.7 first_token_ms=3952.6 generation_ms=24602.1 generated=64 generation_tps=2.601
MEMORY mem_available_drop_mib=40608 prefix_pss_mib=0 prefix_rss_mib=0
END_CASE failed_agents=0
CASE mode=extent_lazy agents=32
AGENT index=0 mig=31ffbfe4 exit=0 wall_ms=83158 text=ffcbc30f8959d059 role=child prefix_tokens=16321 suffix_tokens=16 model_ms=4041.9 context_ms=55.9 state_ms=7.62 prefix_ms=0.0 suffix_ms=1924.5 first_token_ms=7179.8 generation_ms=75497.0 generated=64 generation_tps=0.848
AGENT index=1 mig=fafc828a exit=0 wall_ms=55208 text=3fd8649867d4bb41 role=child prefix_tokens=16321 suffix_tokens=16 model_ms=3354.2 context_ms=91.3 state_ms=9.30 prefix_ms=0.0 suffix_ms=517.9 first_token_ms=5110.5 generation_ms=49176.2 generated=64 generation_tps=1.301
AGENT index=2 mig=31ffbfe4 exit=0 wall_ms=81570 text=3fd8649867d4bb41 role=child prefix_tokens=16321 suffix_tokens=16 model_ms=3275.4 context_ms=94.4 state_ms=23.75 prefix_ms=0.0 suffix_ms=602.2 first_token_ms=5132.4 generation_ms=76078.2 generated=64 generation_tps=0.841
AGENT index=3 mig=fafc828a exit=0 wall_ms=56550 text=3fd8649867d4bb41 role=child prefix_tokens=16321 suffix_tokens=16 model_ms=3764.6 context_ms=173.8 state_ms=11.65 prefix_ms=0.0 suffix_ms=1232.8 first_token_ms=6387.1 generation_ms=49044.1 generated=64 generation_tps=1.305
AGENT index=4 mig=31ffbfe4 exit=0 wall_ms=82404 text=3e0fd62f5aa50665 role=child prefix_tokens=16321 suffix_tokens=16 model_ms=3804.7 context_ms=61.6 state_ms=7.53 prefix_ms=0.0 suffix_ms=1289.5 first_token_ms=6167.8 generation_ms=75888.2 generated=64 generation_tps=0.843
AGENT index=5 mig=fafc828a exit=0 wall_ms=55801 text=45d93d75d8c246b5 role=child prefix_tokens=16321 suffix_tokens=16 model_ms=3886.5 context_ms=102.9 state_ms=14.55 prefix_ms=0.0 suffix_ms=1187.5 first_token_ms=6355.2 generation_ms=48989.2 generated=64 generation_tps=1.306
AGENT index=6 mig=31ffbfe4 exit=0 wall_ms=71068 text=45d93d75d8c246b5 role=child prefix_tokens=16321 suffix_tokens=16 model_ms=1894.2 context_ms=153.3 state_ms=7.16 prefix_ms=0.0 suffix_ms=370.8 first_token_ms=3602.0 generation_ms=66970.8 generated=64 generation_tps=0.956
AGENT index=7 mig=fafc828a exit=0 wall_ms=56545 text=4a8f18b77dbe0332 role=child prefix_tokens=16321 suffix_tokens=16 model_ms=4052.0 context_ms=57.5 state_ms=7.41 prefix_ms=0.0 suffix_ms=1318.2 first_token_ms=6575.0 generation_ms=48870.5 generated=64 generation_tps=1.310
AGENT index=8 mig=31ffbfe4 exit=0 wall_ms=82753 text=4a8f18b77dbe0332 role=child prefix_tokens=16321 suffix_tokens=17 model_ms=3671.0 context_ms=98.0 state_ms=15.43 prefix_ms=0.0 suffix_ms=1865.3 first_token_ms=6792.7 generation_ms=75634.2 generated=64 generation_tps=0.846
AGENT index=9 mig=fafc828a exit=0 wall_ms=55195 text=4a8f18b77dbe0332 role=child prefix_tokens=16321 suffix_tokens=17 model_ms=3239.7 context_ms=114.4 state_ms=17.57 prefix_ms=0.0 suffix_ms=523.6 first_token_ms=5029.4 generation_ms=49194.3 generated=64 generation_tps=1.301
AGENT index=10 mig=31ffbfe4 exit=0 wall_ms=78910 text=50e6ef84ea7c1127 role=child prefix_tokens=16321 suffix_tokens=18 model_ms=2702.9 context_ms=84.7 state_ms=7.30 prefix_ms=0.0 suffix_ms=672.6 first_token_ms=4373.8 generation_ms=74178.2 generated=64 generation_tps=0.863
AGENT index=11 mig=fafc828a exit=0 wall_ms=44342 text=fca223769a13f6f7 role=child prefix_tokens=16321 suffix_tokens=18 model_ms=2032.2 context_ms=208.1 state_ms=13.81 prefix_ms=0.0 suffix_ms=266.4 first_token_ms=3665.1 generation_ms=39037.7 generated=64 generation_tps=1.639
AGENT index=12 mig=31ffbfe4 exit=0 wall_ms=82718 text=6b8b416287b3809b role=child prefix_tokens=16321 suffix_tokens=18 model_ms=3732.1 context_ms=61.2 state_ms=9.41 prefix_ms=0.0 suffix_ms=2019.6 first_token_ms=6968.5 generation_ms=75394.5 generated=64 generation_tps=0.849
AGENT index=13 mig=fafc828a exit=0 wall_ms=56535 text=0b81f212dd158f78 role=child prefix_tokens=16321 suffix_tokens=18 model_ms=4012.8 context_ms=47.8 state_ms=8.35 prefix_ms=0.0 suffix_ms=1385.1 first_token_ms=6587.1 generation_ms=48895.5 generated=64 generation_tps=1.309
AGENT index=14 mig=31ffbfe4 exit=0 wall_ms=83158 text=d739fe02e1791b9a role=child prefix_tokens=16321 suffix_tokens=18 model_ms=3729.8 context_ms=79.4 state_ms=13.89 prefix_ms=0.0 suffix_ms=2253.6 first_token_ms=7380.0 generation_ms=75322.5 generated=64 generation_tps=0.850
AGENT index=15 mig=fafc828a exit=0 wall_ms=55177 text=d739fe02e1791b9a role=child prefix_tokens=16321 suffix_tokens=18 model_ms=3285.8 context_ms=47.4 state_ms=7.50 prefix_ms=0.0 suffix_ms=606.2 first_token_ms=5227.6 generation_ms=49197.0 generated=64 generation_tps=1.301
AGENT index=16 mig=31ffbfe4 exit=0 wall_ms=83194 text=d739fe02e1791b9a role=child prefix_tokens=16321 suffix_tokens=18 model_ms=3906.8 context_ms=50.0 state_ms=7.48 prefix_ms=0.0 suffix_ms=2271.7 first_token_ms=7506.1 generation_ms=75228.0 generated=64 generation_tps=0.851
AGENT index=17 mig=fafc828a exit=0 wall_ms=55713 text=4a8f18b77dbe0332 role=child prefix_tokens=16321 suffix_tokens=18 model_ms=3939.4 context_ms=43.6 state_ms=9.77 prefix_ms=0.0 suffix_ms=1362.5 first_token_ms=6514.7 generation_ms=48807.5 generated=64 generation_tps=1.311
AGENT index=18 mig=31ffbfe4 exit=0 wall_ms=83239 text=95f1733ca6a2268d role=child prefix_tokens=16321 suffix_tokens=18 model_ms=3984.2 context_ms=41.8 state_ms=7.63 prefix_ms=0.0 suffix_ms=2271.5 first_token_ms=7508.1 generation_ms=75209.5 generated=64 generation_tps=0.851
AGENT index=19 mig=fafc828a exit=0 wall_ms=55494 text=4a8f18b77dbe0332 role=child prefix_tokens=16321 suffix_tokens=18 model_ms=3547.2 context_ms=97.5 state_ms=15.48 prefix_ms=0.0 suffix_ms=1027.3 first_token_ms=5912.9 generation_ms=49177.3 generated=64 generation_tps=1.301
AGENT index=20 mig=31ffbfe4 exit=0 wall_ms=81166 text=a40cb3dc6f965116 role=child prefix_tokens=16321 suffix_tokens=18 model_ms=3060.7 context_ms=81.1 state_ms=12.12 prefix_ms=0.0 suffix_ms=579.7 first_token_ms=4904.8 generation_ms=75847.9 generated=64 generation_tps=0.844
AGENT index=21 mig=fafc828a exit=0 wall_ms=56501 text=ba544530a4765a20 role=child prefix_tokens=16321 suffix_tokens=18 model_ms=3972.9 context_ms=48.7 state_ms=7.85 prefix_ms=0.0 suffix_ms=1417.7 first_token_ms=6641.1 generation_ms=48830.2 generated=64 generation_tps=1.311
AGENT index=22 mig=31ffbfe4 exit=0 wall_ms=83145 text=0930c73838b0786e role=child prefix_tokens=16321 suffix_tokens=18 model_ms=3662.5 context_ms=76.8 state_ms=7.36 prefix_ms=0.0 suffix_ms=2230.0 first_token_ms=7311.3 generation_ms=75362.7 generated=64 generation_tps=0.849
AGENT index=23 mig=fafc828a exit=0 wall_ms=56496 text=85595e6cc55900b6 role=child prefix_tokens=16321 suffix_tokens=18 model_ms=3831.6 context_ms=89.2 state_ms=9.81 prefix_ms=0.0 suffix_ms=1281.6 first_token_ms=6330.0 generation_ms=49031.1 generated=64 generation_tps=1.305
AGENT index=24 mig=31ffbfe4 exit=0 wall_ms=82953 text=272e7fac6b1f8cee role=child prefix_tokens=16321 suffix_tokens=18 model_ms=3826.9 context_ms=46.3 state_ms=11.55 prefix_ms=0.0 suffix_ms=2113.6 first_token_ms=7106.3 generation_ms=75441.0 generated=64 generation_tps=0.848
AGENT index=25 mig=fafc828a exit=0 wall_ms=55142 text=5026c7a9fea946c0 role=child prefix_tokens=16321 suffix_tokens=18 model_ms=2987.3 context_ms=97.1 state_ms=13.76 prefix_ms=0.0 suffix_ms=457.3 first_token_ms=4843.8 generation_ms=49058.0 generated=64 generation_tps=1.305
AGENT index=26 mig=31ffbfe4 exit=0 wall_ms=82949 text=0930c73838b0786e role=child prefix_tokens=16321 suffix_tokens=18 model_ms=3523.5 context_ms=70.7 state_ms=8.97 prefix_ms=0.0 suffix_ms=2035.5 first_token_ms=6951.8 generation_ms=75585.6 generated=64 generation_tps=0.847
AGENT index=27 mig=fafc828a exit=0 wall_ms=53064 text=0930c73838b0786e role=child prefix_tokens=16321 suffix_tokens=18 model_ms=2958.1 context_ms=77.8 state_ms=15.60 prefix_ms=0.0 suffix_ms=281.5 first_token_ms=4457.9 generation_ms=48220.1 generated=64 generation_tps=1.327
AGENT index=28 mig=31ffbfe4 exit=0 wall_ms=83072 text=a3e013725ac6c791 role=child prefix_tokens=16321 suffix_tokens=18 model_ms=3974.5 context_ms=51.9 state_ms=7.70 prefix_ms=0.0 suffix_ms=2263.3 first_token_ms=7342.1 generation_ms=75225.3 generated=64 generation_tps=0.851
AGENT index=29 mig=fafc828a exit=0 wall_ms=56478 text=5026c7a9fea946c0 role=child prefix_tokens=16321 suffix_tokens=18 model_ms=3772.9 context_ms=49.6 state_ms=7.64 prefix_ms=0.0 suffix_ms=1400.3 first_token_ms=6574.2 generation_ms=48880.9 generated=64 generation_tps=1.309
AGENT index=30 mig=31ffbfe4 exit=0 wall_ms=82473 text=1b368227eeb9799d role=child prefix_tokens=16321 suffix_tokens=18 model_ms=3467.1 context_ms=78.2 state_ms=13.45 prefix_ms=0.0 suffix_ms=1550.0 first_token_ms=6252.3 generation_ms=75850.7 generated=64 generation_tps=0.844
AGENT index=31 mig=fafc828a exit=0 wall_ms=56476 text=75b4380072e82b68 role=child prefix_tokens=16321 suffix_tokens=18 model_ms=3701.5 context_ms=52.3 state_ms=7.68 prefix_ms=0.0 suffix_ms=1324.9 first_token_ms=6410.8 generation_ms=49014.6 generated=64 generation_tps=1.306
MEMORY mem_available_drop_mib=23200 prefix_pss_mib=986 prefix_rss_mib=28560
END_CASE failed_agents=0
CASE mode=restore agents=32
AGENT index=0 mig=31ffbfe4 exit=0 wall_ms=81766 text=ffcbc30f8959d059 role=child prefix_tokens=16321 suffix_tokens=16 model_ms=3842.8 context_ms=488.8 state_ms=949.94 prefix_ms=0.0 suffix_ms=1597.8 first_token_ms=8050.8 generation_ms=73206.6 generated=64 generation_tps=0.874
AGENT index=1 mig=fafc828a exit=0 wall_ms=57163 text=3fd8649867d4bb41 role=child prefix_tokens=16321 suffix_tokens=16 model_ms=3707.9 context_ms=487.3 state_ms=877.41 prefix_ms=0.0 suffix_ms=865.7 first_token_ms=7240.2 generation_ms=49516.7 generated=64 generation_tps=1.292
AGENT index=2 mig=31ffbfe4 exit=0 wall_ms=81506 text=3fd8649867d4bb41 role=child prefix_tokens=16321 suffix_tokens=16 model_ms=3859.2 context_ms=522.6 state_ms=845.03 prefix_ms=0.0 suffix_ms=1440.8 first_token_ms=7711.7 generation_ms=73392.6 generated=64 generation_tps=0.872
AGENT index=3 mig=fafc828a exit=0 wall_ms=57661 text=3fd8649867d4bb41 role=child prefix_tokens=16321 suffix_tokens=16 model_ms=3855.3 context_ms=591.4 state_ms=960.92 prefix_ms=0.0 suffix_ms=1231.9 first_token_ms=7841.5 generation_ms=49249.5 generated=64 generation_tps=1.300
AGENT index=4 mig=31ffbfe4 exit=0 wall_ms=82034 text=3e0fd62f5aa50665 role=child prefix_tokens=16321 suffix_tokens=16 model_ms=4012.1 context_ms=498.3 state_ms=1078.61 prefix_ms=0.0 suffix_ms=1873.3 first_token_ms=8616.7 generation_ms=72908.2 generated=64 generation_tps=0.878
AGENT index=5 mig=fafc828a exit=0 wall_ms=56287 text=45d93d75d8c246b5 role=child prefix_tokens=16321 suffix_tokens=16 model_ms=3606.5 context_ms=337.0 state_ms=420.98 prefix_ms=0.0 suffix_ms=861.8 first_token_ms=6417.5 generation_ms=49389.8 generated=64 generation_tps=1.296
AGENT index=6 mig=31ffbfe4 exit=0 wall_ms=80575 text=45d93d75d8c246b5 role=child prefix_tokens=16321 suffix_tokens=16 model_ms=3438.1 context_ms=282.7 state_ms=531.06 prefix_ms=0.0 suffix_ms=1225.4 first_token_ms=6689.8 generation_ms=73514.8 generated=64 generation_tps=0.871
AGENT index=7 mig=fafc828a exit=0 wall_ms=57403 text=4a8f18b77dbe0332 role=child prefix_tokens=16321 suffix_tokens=16 model_ms=3847.0 context_ms=609.7 state_ms=992.59 prefix_ms=0.0 suffix_ms=1275.6 first_token_ms=7922.5 generation_ms=48979.5 generated=64 generation_tps=1.307
AGENT index=8 mig=31ffbfe4 exit=0 wall_ms=80846 text=4a8f18b77dbe0332 role=child prefix_tokens=16321 suffix_tokens=17 model_ms=3055.3 context_ms=147.5 state_ms=807.94 prefix_ms=0.0 suffix_ms=1641.9 first_token_ms=6811.3 generation_ms=73610.5 generated=64 generation_tps=0.869
AGENT index=9 mig=fafc828a exit=0 wall_ms=56588 text=4a8f18b77dbe0332 role=child prefix_tokens=16321 suffix_tokens=17 model_ms=3465.6 context_ms=335.5 state_ms=405.30 prefix_ms=0.0 suffix_ms=924.9 first_token_ms=6452.3 generation_ms=49586.4 generated=64 generation_tps=1.291
AGENT index=10 mig=31ffbfe4 exit=0 wall_ms=82023 text=50e6ef84ea7c1127 role=child prefix_tokens=16321 suffix_tokens=18 model_ms=4109.8 context_ms=384.3 state_ms=1107.70 prefix_ms=0.0 suffix_ms=2182.9 first_token_ms=8998.6 generation_ms=72441.7 generated=64 generation_tps=0.883
AGENT index=11 mig=fafc828a exit=0 wall_ms=58009 text=fca223769a13f6f7 role=child prefix_tokens=16321 suffix_tokens=18 model_ms=4087.0 context_ms=283.9 state_ms=960.09 prefix_ms=0.0 suffix_ms=1401.5 first_token_ms=8043.8 generation_ms=49195.9 generated=64 generation_tps=1.301
AGENT index=12 mig=31ffbfe4 exit=0 wall_ms=66040 text=6b8b416287b3809b role=child prefix_tokens=16321 suffix_tokens=18 model_ms=2534.1 context_ms=154.8 state_ms=240.25 prefix_ms=0.0 suffix_ms=308.2 first_token_ms=4069.5 generation_ms=61586.6 generated=64 generation_tps=1.039
AGENT index=13 mig=fafc828a exit=0 wall_ms=55488 text=0b81f212dd158f78 role=child prefix_tokens=16321 suffix_tokens=18 model_ms=3202.6 context_ms=177.4 state_ms=526.16 prefix_ms=0.0 suffix_ms=861.0 first_token_ms=5913.0 generation_ms=49160.0 generated=64 generation_tps=1.302
AGENT index=14 mig=31ffbfe4 exit=0 wall_ms=80881 text=d739fe02e1791b9a role=child prefix_tokens=16321 suffix_tokens=18 model_ms=3313.3 context_ms=245.3 state_ms=639.54 prefix_ms=0.0 suffix_ms=1513.9 first_token_ms=6836.3 generation_ms=73606.6 generated=64 generation_tps=0.869
AGENT index=15 mig=fafc828a exit=0 wall_ms=56314 text=d739fe02e1791b9a role=child prefix_tokens=16321 suffix_tokens=18 model_ms=3109.3 context_ms=132.2 state_ms=656.48 prefix_ms=0.0 suffix_ms=1367.6 first_token_ms=6367.1 generation_ms=49400.4 generated=64 generation_tps=1.296
AGENT index=16 mig=31ffbfe4 exit=0 wall_ms=81952 text=d739fe02e1791b9a role=child prefix_tokens=16321 suffix_tokens=18 model_ms=3661.0 context_ms=448.9 state_ms=946.31 prefix_ms=0.0 suffix_ms=1856.8 first_token_ms=8255.4 generation_ms=73136.8 generated=64 generation_tps=0.875
AGENT index=17 mig=fafc828a exit=0 wall_ms=56378 text=4a8f18b77dbe0332 role=child prefix_tokens=16321 suffix_tokens=18 model_ms=3151.1 context_ms=115.2 state_ms=662.68 prefix_ms=0.0 suffix_ms=1331.7 first_token_ms=6405.5 generation_ms=49511.4 generated=64 generation_tps=1.293
AGENT index=18 mig=31ffbfe4 exit=0 wall_ms=82168 text=95f1733ca6a2268d role=child prefix_tokens=16321 suffix_tokens=18 model_ms=3656.0 context_ms=596.3 state_ms=1075.34 prefix_ms=0.0 suffix_ms=2093.0 first_token_ms=8721.9 generation_ms=72819.2 generated=64 generation_tps=0.879
AGENT index=19 mig=fafc828a exit=0 wall_ms=56554 text=4a8f18b77dbe0332 role=child prefix_tokens=16321 suffix_tokens=18 model_ms=3249.3 context_ms=270.5 state_ms=495.90 prefix_ms=0.0 suffix_ms=1235.4 first_token_ms=6455.1 generation_ms=49558.7 generated=64 generation_tps=1.291
AGENT index=20 mig=31ffbfe4 exit=0 wall_ms=82088 text=a40cb3dc6f965116 role=child prefix_tokens=16321 suffix_tokens=18 model_ms=3839.1 context_ms=611.9 state_ms=1091.73 prefix_ms=0.0 suffix_ms=2092.2 first_token_ms=8768.9 generation_ms=72762.5 generated=64 generation_tps=0.880
AGENT index=21 mig=fafc828a exit=0 wall_ms=57811 text=ba544530a4765a20 role=child prefix_tokens=16321 suffix_tokens=18 model_ms=4026.5 context_ms=364.7 state_ms=972.68 prefix_ms=0.0 suffix_ms=1398.7 first_token_ms=8008.3 generation_ms=49220.2 generated=64 generation_tps=1.300
AGENT index=22 mig=31ffbfe4 exit=0 wall_ms=82105 text=0930c73838b0786e role=child prefix_tokens=16321 suffix_tokens=18 model_ms=4162.6 context_ms=365.7 state_ms=1052.36 prefix_ms=0.0 suffix_ms=2141.0 first_token_ms=8859.0 generation_ms=72653.3 generated=64 generation_tps=0.881
AGENT index=23 mig=fafc828a exit=0 wall_ms=57832 text=85595e6cc55900b6 role=child prefix_tokens=16321 suffix_tokens=18 model_ms=3837.2 context_ms=486.0 state_ms=1001.91 prefix_ms=0.0 suffix_ms=1392.0 first_token_ms=7988.4 generation_ms=49157.8 generated=64 generation_tps=1.302
AGENT index=24 mig=31ffbfe4 exit=0 wall_ms=81746 text=272e7fac6b1f8cee role=child prefix_tokens=16321 suffix_tokens=18 model_ms=3555.6 context_ms=515.8 state_ms=863.23 prefix_ms=0.0 suffix_ms=1739.1 first_token_ms=7965.7 generation_ms=73283.8 generated=64 generation_tps=0.873
AGENT index=25 mig=fafc828a exit=0 wall_ms=57798 text=5026c7a9fea946c0 role=child prefix_tokens=16321 suffix_tokens=18 model_ms=3710.2 context_ms=568.3 state_ms=922.83 prefix_ms=0.0 suffix_ms=1323.7 first_token_ms=7804.5 generation_ms=49309.8 generated=64 generation_tps=1.298
AGENT index=26 mig=31ffbfe4 exit=0 wall_ms=80886 text=0930c73838b0786e role=child prefix_tokens=16321 suffix_tokens=18 model_ms=3293.4 context_ms=250.8 state_ms=615.55 prefix_ms=0.0 suffix_ms=1503.8 first_token_ms=6775.2 generation_ms=73670.1 generated=64 generation_tps=0.869
AGENT index=27 mig=fafc828a exit=0 wall_ms=57894 text=0930c73838b0786e role=child prefix_tokens=16321 suffix_tokens=18 model_ms=4025.3 context_ms=417.6 state_ms=984.21 prefix_ms=0.0 suffix_ms=1367.6 first_token_ms=7951.8 generation_ms=49221.0 generated=64 generation_tps=1.300
AGENT index=28 mig=31ffbfe4 exit=0 wall_ms=81600 text=a3e013725ac6c791 role=child prefix_tokens=16321 suffix_tokens=18 model_ms=3478.9 context_ms=535.7 state_ms=798.20 prefix_ms=0.0 suffix_ms=1610.8 first_token_ms=7668.9 generation_ms=73356.1 generated=64 generation_tps=0.872
AGENT index=29 mig=fafc828a exit=0 wall_ms=57602 text=5026c7a9fea946c0 role=child prefix_tokens=16321 suffix_tokens=18 model_ms=3784.3 context_ms=462.5 state_ms=931.95 prefix_ms=0.0 suffix_ms=1275.4 first_token_ms=7716.4 generation_ms=49347.8 generated=64 generation_tps=1.297
AGENT index=30 mig=31ffbfe4 exit=0 wall_ms=82175 text=1b368227eeb9799d role=child prefix_tokens=16321 suffix_tokens=18 model_ms=3694.9 context_ms=602.0 state_ms=1107.60 prefix_ms=0.0 suffix_ms=2139.6 first_token_ms=8825.1 generation_ms=72678.8 generated=64 generation_tps=0.881
AGENT index=31 mig=fafc828a exit=0 wall_ms=57882 text=75b4380072e82b68 role=child prefix_tokens=16321 suffix_tokens=18 model_ms=3917.3 context_ms=404.4 state_ms=951.45 prefix_ms=0.0 suffix_ms=1349.7 first_token_ms=7879.7 generation_ms=49305.5 generated=64 generation_tps=1.298
MEMORY mem_available_drop_mib=81044 prefix_pss_mib=0 prefix_rss_mib=0
END_CASE failed_agents=0
END_KVSHARE
BEGIN_KVSHARE run=5 paragraphs=320 context=32768 publisher_mig=fafc828a
PUBLISH store=device prefix_tokens=16321 prefix_ms=19772.7 publish_ms=596.73 state_bytes=936173269
PUBLISH store=huge prefix_tokens=16321 prefix_ms=19827.2 publish_ms=9.19 state_bytes=261845 file_used_kib=917504
CASE mode=restore agents=8
AGENT index=0 mig=fafc828a exit=0 wall_ms=15026 text=d42c4c07975a6446 role=child prefix_tokens=16321 suffix_tokens=16 model_ms=1089.5 context_ms=241.7 state_ms=394.81 prefix_ms=0.0 suffix_ms=309.4 first_token_ms=2337.1 generation_ms=12282.2 generated=64 generation_tps=5.211
AGENT index=1 mig=31ffbfe4 exit=0 wall_ms=21531 text=3fd8649867d4bb41 role=child prefix_tokens=16321 suffix_tokens=16 model_ms=1132.5 context_ms=205.3 state_ms=380.08 prefix_ms=0.0 suffix_ms=435.8 first_token_ms=2461.0 generation_ms=18565.1 generated=64 generation_tps=3.447
AGENT index=2 mig=fafc828a exit=0 wall_ms=14508 text=3fd8649867d4bb41 role=child prefix_tokens=16321 suffix_tokens=16 model_ms=1070.7 context_ms=179.9 state_ms=300.14 prefix_ms=0.0 suffix_ms=115.8 first_token_ms=1980.8 generation_ms=12124.8 generated=64 generation_tps=5.278
AGENT index=3 mig=31ffbfe4 exit=0 wall_ms=21474 text=3fd8649867d4bb41 role=child prefix_tokens=16321 suffix_tokens=16 model_ms=1133.6 context_ms=195.0 state_ms=374.67 prefix_ms=0.0 suffix_ms=429.8 first_token_ms=2452.7 generation_ms=18577.3 generated=64 generation_tps=3.445
AGENT index=4 mig=fafc828a exit=0 wall_ms=15067 text=3e0fd62f5aa50665 role=child prefix_tokens=16321 suffix_tokens=16 model_ms=1116.3 context_ms=200.4 state_ms=383.61 prefix_ms=0.0 suffix_ms=310.8 first_token_ms=2331.8 generation_ms=12296.5 generated=64 generation_tps=5.205
AGENT index=5 mig=31ffbfe4 exit=0 wall_ms=21595 text=3fd8649867d4bb41 role=child prefix_tokens=16321 suffix_tokens=16 model_ms=1076.2 context_ms=221.6 state_ms=412.34 prefix_ms=0.0 suffix_ms=409.5 first_token_ms=2429.1 generation_ms=18610.0 generated=64 generation_tps=3.439
AGENT index=6 mig=fafc828a exit=0 wall_ms=15115 text=4a8f18b77dbe0332 role=child prefix_tokens=16321 suffix_tokens=16 model_ms=1113.1 context_ms=197.2 state_ms=388.14 prefix_ms=0.0 suffix_ms=316.3 first_token_ms=2333.8 generation_ms=12302.9 generated=64 generation_tps=5.202
AGENT index=7 mig=31ffbfe4 exit=0 wall_ms=21492 text=4a8f18b77dbe0332 role=child prefix_tokens=16321 suffix_tokens=16 model_ms=1132.7 context_ms=167.1 state_ms=414.17 prefix_ms=0.0 suffix_ms=434.4 first_token_ms=2443.1 generation_ms=18574.9 generated=64 generation_tps=3.446
MEMORY mem_available_drop_mib=20399 prefix_pss_mib=0 prefix_rss_mib=0
END_CASE failed_agents=0
CASE mode=extent_lazy agents=8
AGENT index=0 mig=fafc828a exit=0 wall_ms=14599 text=d42c4c07975a6446 role=child prefix_tokens=16321 suffix_tokens=16 model_ms=1104.4 context_ms=56.2 state_ms=7.42 prefix_ms=0.0 suffix_ms=258.4 first_token_ms=1731.3 generation_ms=12446.4 generated=64 generation_tps=5.142
AGENT index=1 mig=31ffbfe4 exit=0 wall_ms=21273 text=3fd8649867d4bb41 role=child prefix_tokens=16321 suffix_tokens=16 model_ms=1060.8 context_ms=41.0 state_ms=45.20 prefix_ms=0.0 suffix_ms=413.9 first_token_ms=1842.4 generation_ms=19118.2 generated=64 generation_tps=3.348
AGENT index=2 mig=fafc828a exit=0 wall_ms=14718 text=3fd8649867d4bb41 role=child prefix_tokens=16321 suffix_tokens=16 model_ms=1104.3 context_ms=78.9 state_ms=7.52 prefix_ms=0.0 suffix_ms=332.2 first_token_ms=1832.6 generation_ms=12381.0 generated=64 generation_tps=5.169
AGENT index=3 mig=31ffbfe4 exit=0 wall_ms=21196 text=3fd8649867d4bb41 role=child prefix_tokens=16321 suffix_tokens=16 model_ms=1080.0 context_ms=42.0 state_ms=7.17 prefix_ms=0.0 suffix_ms=206.9 first_token_ms=1594.3 generation_ms=19202.9 generated=64 generation_tps=3.333
AGENT index=4 mig=fafc828a exit=0 wall_ms=14565 text=3e0fd62f5aa50665 role=child prefix_tokens=16321 suffix_tokens=16 model_ms=1094.0 context_ms=44.3 state_ms=7.54 prefix_ms=0.0 suffix_ms=235.7 first_token_ms=1687.4 generation_ms=12452.9 generated=64 generation_tps=5.139
AGENT index=5 mig=31ffbfe4 exit=0 wall_ms=21355 text=3fd8649867d4bb41 role=child prefix_tokens=16321 suffix_tokens=16 model_ms=1082.2 context_ms=48.5 state_ms=7.39 prefix_ms=0.0 suffix_ms=436.0 first_token_ms=1885.8 generation_ms=19116.2 generated=64 generation_tps=3.348
AGENT index=6 mig=fafc828a exit=0 wall_ms=14511 text=4a8f18b77dbe0332 role=child prefix_tokens=16321 suffix_tokens=16 model_ms=1096.4 context_ms=44.2 state_ms=7.49 prefix_ms=0.0 suffix_ms=236.3 first_token_ms=1678.8 generation_ms=12444.4 generated=64 generation_tps=5.143
AGENT index=7 mig=31ffbfe4 exit=0 wall_ms=21474 text=4a8f18b77dbe0332 role=child prefix_tokens=16321 suffix_tokens=16 model_ms=1097.2 context_ms=52.8 state_ms=7.52 prefix_ms=0.0 suffix_ms=439.0 first_token_ms=1899.2 generation_ms=19106.0 generated=64 generation_tps=3.350
MEMORY mem_available_drop_mib=5812 prefix_pss_mib=1115 prefix_rss_mib=7140
END_CASE failed_agents=0
CASE mode=restore agents=16
AGENT index=0 mig=fafc828a exit=0 wall_ms=27388 text=d42c4c07975a6446 role=child prefix_tokens=16321 suffix_tokens=16 model_ms=1626.0 context_ms=68.8 state_ms=300.39 prefix_ms=0.0 suffix_ms=278.5 first_token_ms=2843.2 generation_ms=24119.5 generated=64 generation_tps=2.653
AGENT index=1 mig=31ffbfe4 exit=0 wall_ms=41604 text=3fd8649867d4bb41 role=child prefix_tokens=16321 suffix_tokens=16 model_ms=1683.3 context_ms=261.9 state_ms=511.13 prefix_ms=0.0 suffix_ms=751.3 first_token_ms=3841.1 generation_ms=37243.3 generated=64 generation_tps=1.718
AGENT index=2 mig=fafc828a exit=0 wall_ms=29072 text=3fd8649867d4bb41 role=child prefix_tokens=16321 suffix_tokens=16 model_ms=2044.8 context_ms=145.1 state_ms=612.76 prefix_ms=0.0 suffix_ms=652.1 first_token_ms=4068.6 generation_ms=24467.9 generated=64 generation_tps=2.616
AGENT index=3 mig=31ffbfe4 exit=0 wall_ms=41777 text=3fd8649867d4bb41 role=child prefix_tokens=16321 suffix_tokens=16 model_ms=1788.5 context_ms=288.0 state_ms=477.31 prefix_ms=0.0 suffix_ms=882.2 first_token_ms=4052.6 generation_ms=37142.7 generated=64 generation_tps=1.723
AGENT index=4 mig=fafc828a exit=0 wall_ms=28993 text=3e0fd62f5aa50665 role=child prefix_tokens=16321 suffix_tokens=16 model_ms=1979.8 context_ms=162.7 state_ms=561.51 prefix_ms=0.0 suffix_ms=642.4 first_token_ms=3967.7 generation_ms=24529.3 generated=64 generation_tps=2.609
AGENT index=5 mig=31ffbfe4 exit=0 wall_ms=41649 text=3fd8649867d4bb41 role=child prefix_tokens=16321 suffix_tokens=16 model_ms=1817.4 context_ms=170.0 state_ms=495.18 prefix_ms=0.0 suffix_ms=703.0 first_token_ms=3775.1 generation_ms=37285.8 generated=64 generation_tps=1.716
AGENT index=6 mig=fafc828a exit=0 wall_ms=28834 text=4a8f18b77dbe0332 role=child prefix_tokens=16321 suffix_tokens=16 model_ms=1802.6 context_ms=176.5 state_ms=498.78 prefix_ms=0.0 suffix_ms=439.1 first_token_ms=3519.2 generation_ms=24739.2 generated=64 generation_tps=2.587
AGENT index=7 mig=31ffbfe4 exit=0 wall_ms=41844 text=4a8f18b77dbe0332 role=child prefix_tokens=16321 suffix_tokens=16 model_ms=2117.9 context_ms=147.8 state_ms=657.81 prefix_ms=0.0 suffix_ms=944.8 first_token_ms=4455.6 generation_ms=36775.5 generated=64 generation_tps=1.740
AGENT index=8 mig=fafc828a exit=0 wall_ms=28730 text=51970896e5830780 role=child prefix_tokens=16321 suffix_tokens=17 model_ms=1670.7 context_ms=242.6 state_ms=524.38 prefix_ms=0.0 suffix_ms=417.9 first_token_ms=3426.6 generation_ms=24711.8 generated=64 generation_tps=2.590
AGENT index=9 mig=31ffbfe4 exit=0 wall_ms=41767 text=4a8f18b77dbe0332 role=child prefix_tokens=16321 suffix_tokens=17 model_ms=1708.4 context_ms=272.4 state_ms=504.39 prefix_ms=0.0 suffix_ms=888.3 first_token_ms=3968.7 generation_ms=37154.7 generated=64 generation_tps=1.723
AGENT index=10 mig=fafc828a exit=0 wall_ms=28854 text=50e6ef84ea7c1127 role=child prefix_tokens=16321 suffix_tokens=18 model_ms=1769.8 context_ms=194.7 state_ms=532.97 prefix_ms=0.0 suffix_ms=543.6 first_token_ms=3667.0 generation_ms=24701.4 generated=64 generation_tps=2.591
AGENT index=11 mig=31ffbfe4 exit=0 wall_ms=41837 text=f945037c9619a363 role=child prefix_tokens=16321 suffix_tokens=18 model_ms=1766.7 context_ms=236.0 state_ms=457.07 prefix_ms=0.0 suffix_ms=958.3 first_token_ms=4045.7 generation_ms=37123.5 generated=64 generation_tps=1.724
AGENT index=12 mig=fafc828a exit=0 wall_ms=28594 text=fca223769a13f6f7 role=child prefix_tokens=16321 suffix_tokens=18 model_ms=1699.2 context_ms=194.4 state_ms=503.15 prefix_ms=0.0 suffix_ms=392.1 first_token_ms=3384.5 generation_ms=24738.1 generated=64 generation_tps=2.587
AGENT index=13 mig=31ffbfe4 exit=0 wall_ms=41680 text=0b81f212dd158f78 role=child prefix_tokens=16321 suffix_tokens=18 model_ms=1676.9 context_ms=244.4 state_ms=513.56 prefix_ms=0.0 suffix_ms=792.0 first_token_ms=3825.3 generation_ms=37231.8 generated=64 generation_tps=1.719
AGENT index=14 mig=fafc828a exit=0 wall_ms=28916 text=379d45db82261c55 role=child prefix_tokens=16321 suffix_tokens=18 model_ms=2096.6 context_ms=133.9 state_ms=519.20 prefix_ms=0.0 suffix_ms=695.5 first_token_ms=4030.2 generation_ms=24447.1 generated=64 generation_tps=2.618
AGENT index=15 mig=31ffbfe4 exit=0 wall_ms=41517 text=fca223769a13f6f7 role=child prefix_tokens=16321 suffix_tokens=18 model_ms=1718.4 context_ms=223.8 state_ms=521.56 prefix_ms=0.0 suffix_ms=765.2 first_token_ms=3792.9 generation_ms=37212.5 generated=64 generation_tps=1.720
MEMORY mem_available_drop_mib=40567 prefix_pss_mib=0 prefix_rss_mib=0
END_CASE failed_agents=0
CASE mode=extent_lazy agents=16
AGENT index=0 mig=fafc828a exit=0 wall_ms=28604 text=d42c4c07975a6446 role=child prefix_tokens=16321 suffix_tokens=16 model_ms=1694.5 context_ms=81.6 state_ms=15.66 prefix_ms=0.0 suffix_ms=370.3 first_token_ms=2748.3 generation_ms=25139.5 generated=64 generation_tps=2.546
AGENT index=1 mig=31ffbfe4 exit=0 wall_ms=41995 text=3fd8649867d4bb41 role=child prefix_tokens=16321 suffix_tokens=16 model_ms=1700.4 context_ms=95.7 state_ms=15.52 prefix_ms=0.0 suffix_ms=747.3 first_token_ms=3148.9 generation_ms=38474.4 generated=64 generation_tps=1.663
AGENT index=2 mig=fafc828a exit=0 wall_ms=28601 text=3fd8649867d4bb41 role=child prefix_tokens=16321 suffix_tokens=16 model_ms=1715.3 context_ms=55.1 state_ms=9.08 prefix_ms=0.0 suffix_ms=341.9 first_token_ms=2721.4 generation_ms=25103.3 generated=64 generation_tps=2.549
AGENT index=3 mig=31ffbfe4 exit=0 wall_ms=42222 text=3fd8649867d4bb41 role=child prefix_tokens=16321 suffix_tokens=16 model_ms=1945.3 context_ms=36.6 state_ms=7.34 prefix_ms=0.0 suffix_ms=946.3 first_token_ms=3548.1 generation_ms=38261.4 generated=64 generation_tps=1.673
AGENT index=4 mig=fafc828a exit=0 wall_ms=28600 text=3e0fd62f5aa50665 role=child prefix_tokens=16321 suffix_tokens=16 model_ms=1750.1 context_ms=47.7 state_ms=7.50 prefix_ms=0.0 suffix_ms=350.8 first_token_ms=2743.8 generation_ms=25127.5 generated=64 generation_tps=2.547
AGENT index=5 mig=31ffbfe4 exit=0 wall_ms=42041 text=3fd8649867d4bb41 role=child prefix_tokens=16321 suffix_tokens=16 model_ms=1696.6 context_ms=87.6 state_ms=7.52 prefix_ms=0.0 suffix_ms=764.1 first_token_ms=3175.9 generation_ms=38509.3 generated=64 generation_tps=1.662
AGENT index=6 mig=fafc828a exit=0 wall_ms=28598 text=4a8f18b77dbe0332 role=child prefix_tokens=16321 suffix_tokens=16 model_ms=1683.7 context_ms=53.9 state_ms=8.14 prefix_ms=0.0 suffix_ms=399.5 first_token_ms=2738.7 generation_ms=25116.5 generated=64 generation_tps=2.548
AGENT index=7 mig=31ffbfe4 exit=0 wall_ms=41748 text=4a8f18b77dbe0332 role=child prefix_tokens=16321 suffix_tokens=16 model_ms=1667.0 context_ms=56.5 state_ms=7.92 prefix_ms=0.0 suffix_ms=491.0 first_token_ms=2828.8 generation_ms=38514.2 generated=64 generation_tps=1.662
AGENT index=8 mig=fafc828a exit=0 wall_ms=28597 text=51970896e5830780 role=child prefix_tokens=16321 suffix_tokens=17 model_ms=1964.5 context_ms=36.2 state_ms=7.40 prefix_ms=0.0 suffix_ms=747.0 first_token_ms=3378.0 generation_ms=24790.8 generated=64 generation_tps=2.582
AGENT index=9 mig=31ffbfe4 exit=0 wall_ms=42182 text=4a8f18b77dbe0332 role=child prefix_tokens=16321 suffix_tokens=17 model_ms=1740.4 context_ms=46.2 state_ms=7.34 prefix_ms=0.0 suffix_ms=953.6 first_token_ms=3348.6 generation_ms=38398.1 generated=64 generation_tps=1.667
AGENT index=10 mig=fafc828a exit=0 wall_ms=28623 text=50e6ef84ea7c1127 role=child prefix_tokens=16321 suffix_tokens=18 model_ms=1987.2 context_ms=62.3 state_ms=7.93 prefix_ms=0.0 suffix_ms=744.0 first_token_ms=3389.0 generation_ms=24761.9 generated=64 generation_tps=2.585
AGENT index=11 mig=31ffbfe4 exit=0 wall_ms=42305 text=f945037c9619a363 role=child prefix_tokens=16321 suffix_tokens=18 model_ms=2004.9 context_ms=36.4 state_ms=41.40 prefix_ms=0.0 suffix_ms=1129.4 first_token_ms=3800.4 generation_ms=38030.7 generated=64 generation_tps=1.683
AGENT index=12 mig=fafc828a exit=0 wall_ms=28590 text=fca223769a13f6f7 role=child prefix_tokens=16321 suffix_tokens=18 model_ms=1829.8 context_ms=36.5 state_ms=7.34 prefix_ms=0.0 suffix_ms=649.6 first_token_ms=3148.4 generation_ms=24963.7 generated=64 generation_tps=2.564
AGENT index=13 mig=31ffbfe4 exit=0 wall_ms=42175 text=0b81f212dd158f78 role=child prefix_tokens=16321 suffix_tokens=18 model_ms=1720.5 context_ms=43.5 state_ms=7.41 prefix_ms=0.0 suffix_ms=987.7 first_token_ms=3388.7 generation_ms=38366.2 generated=64 generation_tps=1.668
AGENT index=14 mig=fafc828a exit=0 wall_ms=28586 text=379d45db82261c55 role=child prefix_tokens=16321 suffix_tokens=18 model_ms=1782.2 context_ms=41.0 state_ms=7.43 prefix_ms=0.0 suffix_ms=602.7 first_token_ms=3026.1 generation_ms=24995.1 generated=64 generation_tps=2.560
AGENT index=15 mig=31ffbfe4 exit=0 wall_ms=41959 text=fca223769a13f6f7 role=child prefix_tokens=16321 suffix_tokens=18 model_ms=1639.6 context_ms=53.1 state_ms=7.41 prefix_ms=0.0 suffix_ms=655.8 first_token_ms=2962.8 generation_ms=38516.2 generated=64 generation_tps=1.662
MEMORY mem_available_drop_mib=11651 prefix_pss_mib=921 prefix_rss_mib=14280
END_CASE failed_agents=0
CASE mode=restore agents=32
AGENT index=0 mig=fafc828a exit=0 wall_ms=55530 text=d42c4c07975a6446 role=child prefix_tokens=16321 suffix_tokens=16 model_ms=3349.7 context_ms=325.6 state_ms=695.15 prefix_ms=0.0 suffix_ms=801.8 first_token_ms=6495.9 generation_ms=48584.2 generated=64 generation_tps=1.317
AGENT index=1 mig=31ffbfe4 exit=0 wall_ms=70340 text=3fd8649867d4bb41 role=child prefix_tokens=16321 suffix_tokens=16 model_ms=2631.4 context_ms=133.1 state_ms=244.23 prefix_ms=0.0 suffix_ms=320.6 first_token_ms=4220.8 generation_ms=65752.6 generated=64 generation_tps=0.973
AGENT index=2 mig=fafc828a exit=0 wall_ms=40478 text=3fd8649867d4bb41 role=child prefix_tokens=16321 suffix_tokens=16 model_ms=2254.3 context_ms=117.8 state_ms=237.34 prefix_ms=0.0 suffix_ms=290.9 first_token_ms=4167.4 generation_ms=35907.9 generated=64 generation_tps=1.782
AGENT index=3 mig=31ffbfe4 exit=0 wall_ms=81002 text=3fd8649867d4bb41 role=child prefix_tokens=16321 suffix_tokens=16 model_ms=3108.7 context_ms=182.8 state_ms=755.79 prefix_ms=0.0 suffix_ms=1645.6 first_token_ms=6877.8 generation_ms=73694.6 generated=64 generation_tps=0.868
AGENT index=4 mig=fafc828a exit=0 wall_ms=57025 text=3e0fd62f5aa50665 role=child prefix_tokens=16321 suffix_tokens=16 model_ms=4197.3 context_ms=381.5 state_ms=898.43 prefix_ms=0.0 suffix_ms=1264.3 first_token_ms=7944.0 generation_ms=48417.8 generated=64 generation_tps=1.322
AGENT index=5 mig=31ffbfe4 exit=0 wall_ms=81326 text=3fd8649867d4bb41 role=child prefix_tokens=16321 suffix_tokens=16 model_ms=3252.7 context_ms=459.3 state_ms=882.72 prefix_ms=0.0 suffix_ms=1321.5 first_token_ms=7100.9 generation_ms=73752.4 generated=64 generation_tps=0.868
AGENT index=6 mig=fafc828a exit=0 wall_ms=56996 text=4a8f18b77dbe0332 role=child prefix_tokens=16321 suffix_tokens=16 model_ms=4026.7 context_ms=402.8 state_ms=905.34 prefix_ms=0.0 suffix_ms=1252.9 first_token_ms=7917.7 generation_ms=48429.1 generated=64 generation_tps=1.322
AGENT index=7 mig=31ffbfe4 exit=0 wall_ms=82044 text=4a8f18b77dbe0332 role=child prefix_tokens=16321 suffix_tokens=16 model_ms=3864.0 context_ms=465.6 state_ms=1090.55 prefix_ms=0.0 suffix_ms=1574.4 first_token_ms=8146.4 generation_ms=73331.2 generated=64 generation_tps=0.873
AGENT index=8 mig=fafc828a exit=0 wall_ms=57149 text=51970896e5830780 role=child prefix_tokens=16321 suffix_tokens=17 model_ms=4291.1 context_ms=406.9 state_ms=868.68 prefix_ms=0.0 suffix_ms=1404.9 first_token_ms=8116.1 generation_ms=48283.3 generated=64 generation_tps=1.326
AGENT index=9 mig=31ffbfe4 exit=0 wall_ms=81765 text=4a8f18b77dbe0332 role=child prefix_tokens=16321 suffix_tokens=17 model_ms=3540.1 context_ms=455.4 state_ms=802.39 prefix_ms=0.0 suffix_ms=1605.7 first_token_ms=7642.5 generation_ms=73580.0 generated=64 generation_tps=0.870
AGENT index=10 mig=fafc828a exit=0 wall_ms=57118 text=50e6ef84ea7c1127 role=child prefix_tokens=16321 suffix_tokens=18 model_ms=3981.5 context_ms=557.5 state_ms=902.38 prefix_ms=0.0 suffix_ms=1366.0 first_token_ms=8028.7 generation_ms=48353.1 generated=64 generation_tps=1.324
AGENT index=11 mig=31ffbfe4 exit=0 wall_ms=81467 text=f945037c9619a363 role=child prefix_tokens=16321 suffix_tokens=18 model_ms=3292.5 context_ms=341.5 state_ms=758.65 prefix_ms=0.0 suffix_ms=1536.5 first_token_ms=7271.8 generation_ms=73657.0 generated=64 generation_tps=0.869
AGENT index=12 mig=fafc828a exit=0 wall_ms=56785 text=fca223769a13f6f7 role=child prefix_tokens=16321 suffix_tokens=18 model_ms=4075.1 context_ms=488.0 state_ms=893.42 prefix_ms=0.0 suffix_ms=1372.4 first_token_ms=8004.5 generation_ms=48091.8 generated=64 generation_tps=1.331
AGENT index=13 mig=31ffbfe4 exit=0 wall_ms=82304 text=0b81f212dd158f78 role=child prefix_tokens=16321 suffix_tokens=18 model_ms=4249.0 context_ms=466.2 state_ms=1278.73 prefix_ms=0.0 suffix_ms=2194.5 first_token_ms=9342.3 generation_ms=72442.2 generated=64 generation_tps=0.883
AGENT index=14 mig=fafc828a exit=0 wall_ms=55982 text=379d45db82261c55 role=child prefix_tokens=16321 suffix_tokens=18 model_ms=3590.3 context_ms=337.9 state_ms=741.60 prefix_ms=0.0 suffix_ms=787.2 first_token_ms=6748.7 generation_ms=48814.4 generated=64 generation_tps=1.311
AGENT index=15 mig=31ffbfe4 exit=0 wall_ms=82192 text=fca223769a13f6f7 role=child prefix_tokens=16321 suffix_tokens=18 model_ms=4146.6 context_ms=468.1 state_ms=1326.27 prefix_ms=0.0 suffix_ms=2133.1 first_token_ms=9209.7 generation_ms=72556.2 generated=64 generation_tps=0.882
AGENT index=16 mig=fafc828a exit=0 wall_ms=57057 text=c93b483f41fc29ad role=child prefix_tokens=16321 suffix_tokens=18 model_ms=4051.9 context_ms=283.7 state_ms=923.91 prefix_ms=0.0 suffix_ms=1318.1 first_token_ms=7916.7 generation_ms=48427.5 generated=64 generation_tps=1.322
AGENT index=17 mig=31ffbfe4 exit=0 wall_ms=82008 text=4a8f18b77dbe0332 role=child prefix_tokens=16321 suffix_tokens=18 model_ms=3940.0 context_ms=440.4 state_ms=1177.14 prefix_ms=0.0 suffix_ms=1901.4 first_token_ms=8582.4 generation_ms=72825.2 generated=64 generation_tps=0.879
AGENT index=18 mig=fafc828a exit=0 wall_ms=55530 text=73cc9b9ec69e2c3f role=child prefix_tokens=16321 suffix_tokens=18 model_ms=3295.4 context_ms=265.2 state_ms=683.50 prefix_ms=0.0 suffix_ms=1048.6 first_token_ms=6447.7 generation_ms=48608.1 generated=64 generation_tps=1.317
AGENT index=19 mig=31ffbfe4 exit=0 wall_ms=81877 text=e51f314fc15787c2 role=child prefix_tokens=16321 suffix_tokens=18 model_ms=3632.5 context_ms=463.6 state_ms=875.60 prefix_ms=0.0 suffix_ms=1677.4 first_token_ms=7811.4 generation_ms=73519.4 generated=64 generation_tps=0.871
AGENT index=20 mig=fafc828a exit=0 wall_ms=57051 text=d04a6700ca215bf1 role=child prefix_tokens=16321 suffix_tokens=18 model_ms=3972.8 context_ms=415.8 state_ms=909.86 prefix_ms=0.0 suffix_ms=1370.1 first_token_ms=7965.2 generation_ms=48372.7 generated=64 generation_tps=1.323
AGENT index=21 mig=31ffbfe4 exit=0 wall_ms=81170 text=ba544530a4765a20 role=child prefix_tokens=16321 suffix_tokens=18 model_ms=3313.9 context_ms=343.6 state_ms=722.81 prefix_ms=0.0 suffix_ms=1454.7 first_token_ms=7049.2 generation_ms=73658.3 generated=64 generation_tps=0.869
AGENT index=22 mig=fafc828a exit=0 wall_ms=56694 text=bd9ebe4702b17899 role=child prefix_tokens=16321 suffix_tokens=18 model_ms=3838.9 context_ms=340.0 state_ms=922.81 prefix_ms=0.0 suffix_ms=1119.5 first_token_ms=7501.4 generation_ms=48540.7 generated=64 generation_tps=1.318
AGENT index=23 mig=31ffbfe4 exit=0 wall_ms=82141 text=c9184700bf51f56d role=child prefix_tokens=16321 suffix_tokens=18 model_ms=4064.9 context_ms=506.9 state_ms=1288.45 prefix_ms=0.0 suffix_ms=2215.5 first_token_ms=9240.1 generation_ms=72460.0 generated=64 generation_tps=0.883
AGENT index=24 mig=fafc828a exit=0 wall_ms=55001 text=c93b483f41fc29ad role=child prefix_tokens=16321 suffix_tokens=18 model_ms=3062.4 context_ms=247.4 state_ms=729.77 prefix_ms=0.0 suffix_ms=852.5 first_token_ms=6138.9 generation_ms=48459.6 generated=64 generation_tps=1.321
AGENT index=25 mig=31ffbfe4 exit=0 wall_ms=82084 text=09ad45242b7022fc role=child prefix_tokens=16321 suffix_tokens=18 model_ms=3708.3 context_ms=575.6 state_ms=1229.10 prefix_ms=0.0 suffix_ms=1985.1 first_token_ms=8780.7 generation_ms=72864.9 generated=64 generation_tps=0.878
AGENT index=26 mig=fafc828a exit=0 wall_ms=57139 text=3401c20d008f30d1 role=child prefix_tokens=16321 suffix_tokens=18 model_ms=3891.9 context_ms=462.5 state_ms=913.20 prefix_ms=0.0 suffix_ms=1328.0 first_token_ms=7909.1 generation_ms=48415.7 generated=64 generation_tps=1.322
AGENT index=27 mig=31ffbfe4 exit=0 wall_ms=82355 text=0930c73838b0786e role=child prefix_tokens=16321 suffix_tokens=18 model_ms=4250.6 context_ms=468.6 state_ms=1280.00 prefix_ms=0.0 suffix_ms=2192.9 first_token_ms=9293.8 generation_ms=72446.5 generated=64 generation_tps=0.883
AGENT index=28 mig=fafc828a exit=0 wall_ms=55705 text=a3e013725ac6c791 role=child prefix_tokens=16321 suffix_tokens=18 model_ms=3564.3 context_ms=435.9 state_ms=661.70 prefix_ms=0.0 suffix_ms=770.8 first_token_ms=6518.3 generation_ms=48755.6 generated=64 generation_tps=1.313
AGENT index=29 mig=31ffbfe4 exit=0 wall_ms=81324 text=1b368227eeb9799d role=child prefix_tokens=16321 suffix_tokens=18 model_ms=2971.9 context_ms=283.9 state_ms=764.66 prefix_ms=0.0 suffix_ms=1725.2 first_token_ms=7087.6 generation_ms=73755.8 generated=64 generation_tps=0.868
AGENT index=30 mig=fafc828a exit=0 wall_ms=56818 text=1b368227eeb9799d role=child prefix_tokens=16321 suffix_tokens=18 model_ms=3875.3 context_ms=429.5 state_ms=879.07 prefix_ms=0.0 suffix_ms=1275.7 first_token_ms=7764.9 generation_ms=48489.7 generated=64 generation_tps=1.320
AGENT index=31 mig=31ffbfe4 exit=0 wall_ms=81465 text=1b368227eeb9799d role=child prefix_tokens=16321 suffix_tokens=18 model_ms=3487.9 context_ms=247.5 state_ms=889.46 prefix_ms=0.0 suffix_ms=1482.0 first_token_ms=7181.8 generation_ms=73652.2 generated=64 generation_tps=0.869
MEMORY mem_available_drop_mib=81001 prefix_pss_mib=0 prefix_rss_mib=0
END_CASE failed_agents=0
CASE mode=extent_lazy agents=32
AGENT index=0 mig=fafc828a exit=0 wall_ms=55294 text=d42c4c07975a6446 role=child prefix_tokens=16321 suffix_tokens=16 model_ms=3855.4 context_ms=144.9 state_ms=16.91 prefix_ms=0.0 suffix_ms=1101.7 first_token_ms=6148.6 generation_ms=48727.9 generated=64 generation_tps=1.313
AGENT index=1 mig=31ffbfe4 exit=0 wall_ms=82963 text=3fd8649867d4bb41 role=child prefix_tokens=16321 suffix_tokens=16 model_ms=3329.7 context_ms=75.6 state_ms=15.61 prefix_ms=0.0 suffix_ms=1193.0 first_token_ms=5902.2 generation_ms=76707.6 generated=64 generation_tps=0.834
AGENT index=2 mig=fafc828a exit=0 wall_ms=40333 text=3fd8649867d4bb41 role=child prefix_tokens=16321 suffix_tokens=16 model_ms=2232.5 context_ms=88.3 state_ms=7.82 prefix_ms=0.0 suffix_ms=250.0 first_token_ms=3704.5 generation_ms=35493.8 generated=64 generation_tps=1.803
AGENT index=3 mig=31ffbfe4 exit=0 wall_ms=82103 text=3fd8649867d4bb41 role=child prefix_tokens=16321 suffix_tokens=16 model_ms=3342.6 context_ms=85.7 state_ms=15.90 prefix_ms=0.0 suffix_ms=437.4 first_token_ms=5041.7 generation_ms=76681.8 generated=64 generation_tps=0.835
AGENT index=4 mig=fafc828a exit=0 wall_ms=54754 text=3e0fd62f5aa50665 role=child prefix_tokens=16321 suffix_tokens=16 model_ms=3199.8 context_ms=101.4 state_ms=16.19 prefix_ms=0.0 suffix_ms=361.6 first_token_ms=4793.1 generation_ms=48327.6 generated=64 generation_tps=1.324
AGENT index=5 mig=31ffbfe4 exit=0 wall_ms=83664 text=3fd8649867d4bb41 role=child prefix_tokens=16321 suffix_tokens=16 model_ms=3861.2 context_ms=102.3 state_ms=8.59 prefix_ms=0.0 suffix_ms=1828.0 first_token_ms=6995.3 generation_ms=76296.6 generated=64 generation_tps=0.839
AGENT index=6 mig=fafc828a exit=0 wall_ms=56145 text=4a8f18b77dbe0332 role=child prefix_tokens=16321 suffix_tokens=16 model_ms=3776.6 context_ms=78.4 state_ms=7.98 prefix_ms=0.0 suffix_ms=1228.1 first_token_ms=6437.2 generation_ms=48885.4 generated=64 generation_tps=1.309
AGENT index=7 mig=31ffbfe4 exit=0 wall_ms=81528 text=4a8f18b77dbe0332 role=child prefix_tokens=16321 suffix_tokens=16 model_ms=3215.2 context_ms=121.8 state_ms=15.71 prefix_ms=0.0 suffix_ms=380.8 first_token_ms=4899.1 generation_ms=76169.3 generated=64 generation_tps=0.840
AGENT index=8 mig=fafc828a exit=0 wall_ms=56143 text=51970896e5830780 role=child prefix_tokens=16321 suffix_tokens=17 model_ms=3816.4 context_ms=103.7 state_ms=8.53 prefix_ms=0.0 suffix_ms=1449.3 first_token_ms=6568.1 generation_ms=48798.8 generated=64 generation_tps=1.312
AGENT index=9 mig=31ffbfe4 exit=0 wall_ms=83952 text=4a8f18b77dbe0332 role=child prefix_tokens=16321 suffix_tokens=17 model_ms=3598.1 context_ms=148.4 state_ms=11.58 prefix_ms=0.0 suffix_ms=2225.8 first_token_ms=7303.4 generation_ms=76137.2 generated=64 generation_tps=0.841
AGENT index=10 mig=fafc828a exit=0 wall_ms=56141 text=50e6ef84ea7c1127 role=child prefix_tokens=16321 suffix_tokens=18 model_ms=3915.6 context_ms=109.5 state_ms=7.63 prefix_ms=0.0 suffix_ms=1462.5 first_token_ms=6653.3 generation_ms=48699.2 generated=64 generation_tps=1.314
AGENT index=11 mig=31ffbfe4 exit=0 wall_ms=83723 text=f945037c9619a363 role=child prefix_tokens=16321 suffix_tokens=18 model_ms=3756.6 context_ms=96.6 state_ms=19.72 prefix_ms=0.0 suffix_ms=2150.2 first_token_ms=7184.1 generation_ms=76166.3 generated=64 generation_tps=0.840
AGENT index=12 mig=fafc828a exit=0 wall_ms=56140 text=fca223769a13f6f7 role=child prefix_tokens=16321 suffix_tokens=18 model_ms=4004.5 context_ms=48.1 state_ms=7.56 prefix_ms=0.0 suffix_ms=1360.2 first_token_ms=6561.7 generation_ms=48838.5 generated=64 generation_tps=1.310
AGENT index=13 mig=31ffbfe4 exit=0 wall_ms=83617 text=0b81f212dd158f78 role=child prefix_tokens=16321 suffix_tokens=18 model_ms=3508.4 context_ms=124.2 state_ms=10.60 prefix_ms=0.0 suffix_ms=1978.7 first_token_ms=6905.3 generation_ms=76272.0 generated=64 generation_tps=0.839
AGENT index=14 mig=fafc828a exit=0 wall_ms=56136 text=379d45db82261c55 role=child prefix_tokens=16321 suffix_tokens=18 model_ms=3754.1 context_ms=61.5 state_ms=7.76 prefix_ms=0.0 suffix_ms=1340.9 first_token_ms=6476.0 generation_ms=48852.3 generated=64 generation_tps=1.310
AGENT index=15 mig=31ffbfe4 exit=0 wall_ms=83879 text=fca223769a13f6f7 role=child prefix_tokens=16321 suffix_tokens=18 model_ms=3842.8 context_ms=122.7 state_ms=11.84 prefix_ms=0.0 suffix_ms=2245.0 first_token_ms=7373.6 generation_ms=76034.5 generated=64 generation_tps=0.842
AGENT index=16 mig=fafc828a exit=0 wall_ms=56122 text=c93b483f41fc29ad role=child prefix_tokens=16321 suffix_tokens=18 model_ms=3714.7 context_ms=151.0 state_ms=9.71 prefix_ms=0.0 suffix_ms=1267.7 first_token_ms=6337.7 generation_ms=48824.9 generated=64 generation_tps=1.311
AGENT index=17 mig=31ffbfe4 exit=0 wall_ms=84044 text=4a8f18b77dbe0332 role=child prefix_tokens=16321 suffix_tokens=18 model_ms=3833.8 context_ms=50.2 state_ms=7.84 prefix_ms=0.0 suffix_ms=2294.6 first_token_ms=7495.5 generation_ms=75960.4 generated=64 generation_tps=0.843
AGENT index=18 mig=fafc828a exit=0 wall_ms=56117 text=73cc9b9ec69e2c3f role=child prefix_tokens=16321 suffix_tokens=18 model_ms=3806.5 context_ms=97.9 state_ms=7.78 prefix_ms=0.0 suffix_ms=1318.7 first_token_ms=6451.6 generation_ms=48829.9 generated=64 generation_tps=1.311
AGENT index=19 mig=31ffbfe4 exit=0 wall_ms=83592 text=e51f314fc15787c2 role=child prefix_tokens=16321 suffix_tokens=18 model_ms=3622.8 context_ms=94.0 state_ms=12.29 prefix_ms=0.0 suffix_ms=1827.0 first_token_ms=6690.7 generation_ms=76397.4 generated=64 generation_tps=0.838
AGENT index=20 mig=fafc828a exit=0 wall_ms=54811 text=d04a6700ca215bf1 role=child prefix_tokens=16321 suffix_tokens=18 model_ms=3500.4 context_ms=97.7 state_ms=7.58 prefix_ms=0.0 suffix_ms=543.5 first_token_ms=5293.9 generation_ms=49149.1 generated=64 generation_tps=1.302
AGENT index=21 mig=31ffbfe4 exit=0 wall_ms=83785 text=ba544530a4765a20 role=child prefix_tokens=16321 suffix_tokens=18 model_ms=3893.4 context_ms=105.7 state_ms=15.47 prefix_ms=0.0 suffix_ms=2235.2 first_token_ms=7349.9 generation_ms=75962.3 generated=64 generation_tps=0.843
AGENT index=22 mig=fafc828a exit=0 wall_ms=56109 text=bd9ebe4702b17899 role=child prefix_tokens=16321 suffix_tokens=18 model_ms=3766.4 context_ms=61.3 state_ms=8.07 prefix_ms=0.0 suffix_ms=1327.5 first_token_ms=6466.1 generation_ms=48894.9 generated=64 generation_tps=1.309
AGENT index=23 mig=31ffbfe4 exit=0 wall_ms=83581 text=c9184700bf51f56d role=child prefix_tokens=16321 suffix_tokens=18 model_ms=3500.2 context_ms=61.4 state_ms=8.43 prefix_ms=0.0 suffix_ms=1685.6 first_token_ms=6512.8 generation_ms=76477.7 generated=64 generation_tps=0.837
AGENT index=24 mig=fafc828a exit=0 wall_ms=56104 text=c93b483f41fc29ad role=child prefix_tokens=16321 suffix_tokens=18 model_ms=3729.8 context_ms=91.6 state_ms=8.18 prefix_ms=0.0 suffix_ms=1326.2 first_token_ms=6455.3 generation_ms=48882.8 generated=64 generation_tps=1.309
AGENT index=25 mig=31ffbfe4 exit=0 wall_ms=83922 text=09ad45242b7022fc role=child prefix_tokens=16321 suffix_tokens=18 model_ms=3740.1 context_ms=53.3 state_ms=7.47 prefix_ms=0.0 suffix_ms=2240.0 first_token_ms=7300.0 generation_ms=76101.5 generated=64 generation_tps=0.841
AGENT index=26 mig=fafc828a exit=0 wall_ms=56099 text=3401c20d008f30d1 role=child prefix_tokens=16321 suffix_tokens=18 model_ms=3976.7 context_ms=43.0 state_ms=7.40 prefix_ms=0.0 suffix_ms=1401.9 first_token_ms=6595.1 generation_ms=48758.5 generated=64 generation_tps=1.313
AGENT index=27 mig=31ffbfe4 exit=0 wall_ms=83839 text=0930c73838b0786e role=child prefix_tokens=16321 suffix_tokens=18 model_ms=3634.3 context_ms=134.5 state_ms=8.05 prefix_ms=0.0 suffix_ms=2188.4 first_token_ms=7218.4 generation_ms=76153.3 generated=64 generation_tps=0.840
AGENT index=28 mig=fafc828a exit=0 wall_ms=54679 text=a3e013725ac6c791 role=child prefix_tokens=16321 suffix_tokens=18 model_ms=3168.7 context_ms=94.8 state_ms=12.83 prefix_ms=0.0 suffix_ms=362.2 first_token_ms=4720.5 generation_ms=48331.7 generated=64 generation_tps=1.324
AGENT index=29 mig=31ffbfe4 exit=0 wall_ms=78109 text=1b368227eeb9799d role=child prefix_tokens=16321 suffix_tokens=18 model_ms=2997.4 context_ms=80.1 state_ms=12.08 prefix_ms=0.0 suffix_ms=233.4 first_token_ms=4413.0 generation_ms=73364.7 generated=64 generation_tps=0.872
AGENT index=30 mig=fafc828a exit=0 wall_ms=54675 text=1b368227eeb9799d role=child prefix_tokens=16321 suffix_tokens=18 model_ms=3222.7 context_ms=129.6 state_ms=23.52 prefix_ms=0.0 suffix_ms=475.1 first_token_ms=4987.8 generation_ms=48879.9 generated=64 generation_tps=1.309
AGENT index=31 mig=31ffbfe4 exit=0 wall_ms=83750 text=1b368227eeb9799d role=child prefix_tokens=16321 suffix_tokens=18 model_ms=3646.6 context_ms=101.8 state_ms=15.31 prefix_ms=0.0 suffix_ms=2186.2 first_token_ms=7069.5 generation_ms=76220.8 generated=64 generation_tps=0.840
MEMORY mem_available_drop_mib=23067 prefix_pss_mib=1016 prefix_rss_mib=28560
END_CASE failed_agents=0
END_KVSHARE
BEGIN_KVSHARE run=6 paragraphs=320 context=32768 publisher_mig=31ffbfe4
PUBLISH store=device prefix_tokens=16321 prefix_ms=29216.7 publish_ms=596.23 state_bytes=936173269
PUBLISH store=huge prefix_tokens=16321 prefix_ms=29514.4 publish_ms=8.94 state_bytes=261845 file_used_kib=917504
CASE mode=extent_lazy agents=8
AGENT index=0 mig=31ffbfe4 exit=0 wall_ms=21372 text=ffcbc30f8959d059 role=child prefix_tokens=16321 suffix_tokens=16 model_ms=1123.0 context_ms=43.8 state_ms=7.62 prefix_ms=0.0 suffix_ms=424.8 first_token_ms=1917.5 generation_ms=19120.4 generated=64 generation_tps=3.347
AGENT index=1 mig=fafc828a exit=0 wall_ms=14559 text=3fd8649867d4bb41 role=child prefix_tokens=16321 suffix_tokens=16 model_ms=1099.7 context_ms=41.1 state_ms=7.63 prefix_ms=0.0 suffix_ms=201.2 first_token_ms=1655.2 generation_ms=12454.1 generated=64 generation_tps=5.139
AGENT index=2 mig=31ffbfe4 exit=0 wall_ms=21395 text=3fd8649867d4bb41 role=child prefix_tokens=16321 suffix_tokens=16 model_ms=1128.5 context_ms=52.1 state_ms=7.04 prefix_ms=0.0 suffix_ms=428.3 first_token_ms=1931.5 generation_ms=19114.8 generated=64 generation_tps=3.348
AGENT index=3 mig=fafc828a exit=0 wall_ms=14655 text=3fd8649867d4bb41 role=child prefix_tokens=16321 suffix_tokens=16 model_ms=1121.2 context_ms=114.6 state_ms=8.68 prefix_ms=0.0 suffix_ms=340.8 first_token_ms=1895.2 generation_ms=12325.7 generated=64 generation_tps=5.192
AGENT index=4 mig=31ffbfe4 exit=0 wall_ms=21514 text=3e0fd62f5aa50665 role=child prefix_tokens=16321 suffix_tokens=16 model_ms=1122.6 context_ms=47.0 state_ms=7.30 prefix_ms=0.0 suffix_ms=497.4 first_token_ms=1996.0 generation_ms=19062.6 generated=64 generation_tps=3.357
AGENT index=5 mig=fafc828a exit=0 wall_ms=14453 text=45d93d75d8c246b5 role=child prefix_tokens=16321 suffix_tokens=16 model_ms=1088.4 context_ms=44.0 state_ms=7.49 prefix_ms=0.0 suffix_ms=195.5 first_token_ms=1635.4 generation_ms=12454.3 generated=64 generation_tps=5.139
AGENT index=6 mig=31ffbfe4 exit=0 wall_ms=21166 text=45d93d75d8c246b5 role=child prefix_tokens=16321 suffix_tokens=16 model_ms=1069.5 context_ms=42.8 state_ms=7.43 prefix_ms=0.0 suffix_ms=181.4 first_token_ms=1612.9 generation_ms=19161.0 generated=64 generation_tps=3.340
AGENT index=7 mig=fafc828a exit=0 wall_ms=14598 text=4a8f18b77dbe0332 role=child prefix_tokens=16321 suffix_tokens=16 model_ms=1120.0 context_ms=47.7 state_ms=7.35 prefix_ms=0.0 suffix_ms=286.5 first_token_ms=1780.4 generation_ms=12388.5 generated=64 generation_tps=5.166
MEMORY mem_available_drop_mib=5862 prefix_pss_mib=892 prefix_rss_mib=7140
END_CASE failed_agents=0
CASE mode=restore agents=8
AGENT index=0 mig=31ffbfe4 exit=0 wall_ms=20814 text=ffcbc30f8959d059 role=child prefix_tokens=16321 suffix_tokens=16 model_ms=1043.2 context_ms=185.4 state_ms=454.94 prefix_ms=0.0 suffix_ms=479.6 first_token_ms=2471.4 generation_ms=17941.8 generated=64 generation_tps=3.567
AGENT index=1 mig=fafc828a exit=0 wall_ms=14621 text=3fd8649867d4bb41 role=child prefix_tokens=16321 suffix_tokens=16 model_ms=1008.5 context_ms=63.5 state_ms=371.85 prefix_ms=0.0 suffix_ms=128.4 first_token_ms=1879.1 generation_ms=12327.1 generated=64 generation_tps=5.192
AGENT index=2 mig=31ffbfe4 exit=0 wall_ms=19016 text=3fd8649867d4bb41 role=child prefix_tokens=16321 suffix_tokens=16 model_ms=749.2 context_ms=61.2 state_ms=212.99 prefix_ms=0.0 suffix_ms=118.8 first_token_ms=1311.0 generation_ms=17323.8 generated=64 generation_tps=3.694
AGENT index=3 mig=fafc828a exit=0 wall_ms=14941 text=3fd8649867d4bb41 role=child prefix_tokens=16321 suffix_tokens=16 model_ms=1094.8 context_ms=130.0 state_ms=323.04 prefix_ms=0.0 suffix_ms=302.4 first_token_ms=2156.7 generation_ms=12362.2 generated=64 generation_tps=5.177
AGENT index=4 mig=31ffbfe4 exit=0 wall_ms=20881 text=3e0fd62f5aa50665 role=child prefix_tokens=16321 suffix_tokens=16 model_ms=1078.8 context_ms=162.2 state_ms=412.84 prefix_ms=0.0 suffix_ms=464.8 first_token_ms=2438.3 generation_ms=17958.1 generated=64 generation_tps=3.564
AGENT index=5 mig=fafc828a exit=0 wall_ms=15013 text=45d93d75d8c246b5 role=child prefix_tokens=16321 suffix_tokens=16 model_ms=1054.1 context_ms=150.5 state_ms=321.03 prefix_ms=0.0 suffix_ms=322.0 first_token_ms=2162.2 generation_ms=12363.4 generated=64 generation_tps=5.177
AGENT index=6 mig=31ffbfe4 exit=0 wall_ms=20702 text=45d93d75d8c246b5 role=child prefix_tokens=16321 suffix_tokens=16 model_ms=1060.9 context_ms=147.6 state_ms=417.99 prefix_ms=0.0 suffix_ms=418.7 first_token_ms=2352.7 generation_ms=17989.9 generated=64 generation_tps=3.558
AGENT index=7 mig=fafc828a exit=0 wall_ms=14960 text=4a8f18b77dbe0332 role=child prefix_tokens=16321 suffix_tokens=16 model_ms=1073.3 context_ms=132.0 state_ms=320.53 prefix_ms=0.0 suffix_ms=303.1 first_token_ms=2151.4 generation_ms=12366.5 generated=64 generation_tps=5.175
MEMORY mem_available_drop_mib=20305 prefix_pss_mib=0 prefix_rss_mib=0
END_CASE failed_agents=0
CASE mode=extent_lazy agents=16
AGENT index=0 mig=31ffbfe4 exit=0 wall_ms=39064 text=ffcbc30f8959d059 role=child prefix_tokens=16321 suffix_tokens=16 model_ms=1469.7 context_ms=41.6 state_ms=7.58 prefix_ms=0.0 suffix_ms=141.3 first_token_ms=2054.7 generation_ms=36674.7 generated=64 generation_tps=1.745
AGENT index=1 mig=fafc828a exit=0 wall_ms=28593 text=3fd8649867d4bb41 role=child prefix_tokens=16321 suffix_tokens=16 model_ms=1776.9 context_ms=47.8 state_ms=7.51 prefix_ms=0.0 suffix_ms=544.2 first_token_ms=2966.6 generation_ms=25035.8 generated=64 generation_tps=2.556
AGENT index=2 mig=31ffbfe4 exit=0 wall_ms=40980 text=3fd8649867d4bb41 role=child prefix_tokens=16321 suffix_tokens=16 model_ms=1680.1 context_ms=39.8 state_ms=11.45 prefix_ms=0.0 suffix_ms=296.8 first_token_ms=2469.0 generation_ms=38126.2 generated=64 generation_tps=1.679
AGENT index=3 mig=fafc828a exit=0 wall_ms=28625 text=3fd8649867d4bb41 role=child prefix_tokens=16321 suffix_tokens=16 model_ms=1855.4 context_ms=39.0 state_ms=7.43 prefix_ms=0.0 suffix_ms=653.0 first_token_ms=3130.4 generation_ms=24974.3 generated=64 generation_tps=2.563
AGENT index=4 mig=31ffbfe4 exit=0 wall_ms=41682 text=3e0fd62f5aa50665 role=child prefix_tokens=16321 suffix_tokens=16 model_ms=1765.0 context_ms=67.2 state_ms=62.92 prefix_ms=0.0 suffix_ms=838.4 first_token_ms=3314.4 generation_ms=37963.1 generated=64 generation_tps=1.686
AGENT index=5 mig=fafc828a exit=0 wall_ms=28587 text=45d93d75d8c246b5 role=child prefix_tokens=16321 suffix_tokens=16 model_ms=1870.9 context_ms=60.7 state_ms=7.54 prefix_ms=0.0 suffix_ms=676.7 first_token_ms=3206.3 generation_ms=24920.0 generated=64 generation_tps=2.568
AGENT index=6 mig=31ffbfe4 exit=0 wall_ms=41577 text=45d93d75d8c246b5 role=child prefix_tokens=16321 suffix_tokens=16 model_ms=1741.0 context_ms=54.5 state_ms=7.88 prefix_ms=0.0 suffix_ms=713.4 first_token_ms=3078.2 generation_ms=38080.8 generated=64 generation_tps=1.681
AGENT index=7 mig=fafc828a exit=0 wall_ms=27892 text=4a8f18b77dbe0332 role=child prefix_tokens=16321 suffix_tokens=16 model_ms=1674.7 context_ms=44.7 state_ms=7.66 prefix_ms=0.0 suffix_ms=152.4 first_token_ms=2432.2 generation_ms=25056.4 generated=64 generation_tps=2.554
AGENT index=8 mig=31ffbfe4 exit=0 wall_ms=41897 text=4a8f18b77dbe0332 role=child prefix_tokens=16321 suffix_tokens=17 model_ms=1974.0 context_ms=37.6 state_ms=7.38 prefix_ms=0.0 suffix_ms=1191.8 first_token_ms=3799.3 generation_ms=37629.8 generated=64 generation_tps=1.701
AGENT index=9 mig=fafc828a exit=0 wall_ms=28581 text=4a8f18b77dbe0332 role=child prefix_tokens=16321 suffix_tokens=17 model_ms=1732.7 context_ms=50.8 state_ms=7.42 prefix_ms=0.0 suffix_ms=680.1 first_token_ms=3109.8 generation_ms=24983.2 generated=64 generation_tps=2.562
AGENT index=10 mig=31ffbfe4 exit=0 wall_ms=41646 text=50e6ef84ea7c1127 role=child prefix_tokens=16321 suffix_tokens=18 model_ms=1664.4 context_ms=45.8 state_ms=8.43 prefix_ms=0.0 suffix_ms=849.7 first_token_ms=3160.3 generation_ms=38082.4 generated=64 generation_tps=1.681
AGENT index=11 mig=fafc828a exit=0 wall_ms=28579 text=fca223769a13f6f7 role=child prefix_tokens=16321 suffix_tokens=18 model_ms=1671.1 context_ms=65.9 state_ms=8.09 prefix_ms=0.0 suffix_ms=483.9 first_token_ms=2845.3 generation_ms=25083.3 generated=64 generation_tps=2.551
AGENT index=12 mig=31ffbfe4 exit=0 wall_ms=41743 text=6b8b416287b3809b role=child prefix_tokens=16321 suffix_tokens=18 model_ms=2002.4 context_ms=37.3 state_ms=7.44 prefix_ms=0.0 suffix_ms=1152.7 first_token_ms=3759.6 generation_ms=37651.1 generated=64 generation_tps=1.700
AGENT index=13 mig=fafc828a exit=0 wall_ms=28577 text=0b81f212dd158f78 role=child prefix_tokens=16321 suffix_tokens=18 model_ms=1748.8 context_ms=62.7 state_ms=7.40 prefix_ms=0.0 suffix_ms=624.4 first_token_ms=3018.9 generation_ms=25011.3 generated=64 generation_tps=2.559
AGENT index=14 mig=31ffbfe4 exit=0 wall_ms=41712 text=d739fe02e1791b9a role=child prefix_tokens=16321 suffix_tokens=18 model_ms=1747.2 context_ms=54.8 state_ms=9.44 prefix_ms=0.0 suffix_ms=980.1 first_token_ms=3378.7 generation_ms=37925.8 generated=64 generation_tps=1.688
AGENT index=15 mig=fafc828a exit=0 wall_ms=28571 text=d739fe02e1791b9a role=child prefix_tokens=16321 suffix_tokens=18 model_ms=1723.5 context_ms=52.5 state_ms=8.26 prefix_ms=0.0 suffix_ms=417.6 first_token_ms=2742.4 generation_ms=25069.3 generated=64 generation_tps=2.553
MEMORY mem_available_drop_mib=11618 prefix_pss_mib=1276 prefix_rss_mib=14280
END_CASE failed_agents=0
CASE mode=restore agents=16
AGENT index=0 mig=31ffbfe4 exit=0 wall_ms=41099 text=ffcbc30f8959d059 role=child prefix_tokens=16321 suffix_tokens=16 model_ms=1691.0 context_ms=316.7 state_ms=471.19 prefix_ms=0.0 suffix_ms=384.6 first_token_ms=3457.1 generation_ms=37227.3 generated=64 generation_tps=1.719
AGENT index=1 mig=fafc828a exit=0 wall_ms=29128 text=3fd8649867d4bb41 role=child prefix_tokens=16321 suffix_tokens=16 model_ms=1703.8 context_ms=314.8 state_ms=556.49 prefix_ms=0.0 suffix_ms=532.1 first_token_ms=3688.1 generation_ms=24875.7 generated=64 generation_tps=2.573
AGENT index=2 mig=31ffbfe4 exit=0 wall_ms=41635 text=3fd8649867d4bb41 role=child prefix_tokens=16321 suffix_tokens=16 model_ms=1723.2 context_ms=333.3 state_ms=620.79 prefix_ms=0.0 suffix_ms=812.3 first_token_ms=4071.6 generation_ms=37077.0 generated=64 generation_tps=1.726
AGENT index=3 mig=fafc828a exit=0 wall_ms=29074 text=3fd8649867d4bb41 role=child prefix_tokens=16321 suffix_tokens=16 model_ms=1802.9 context_ms=276.8 state_ms=454.34 prefix_ms=0.0 suffix_ms=502.4 first_token_ms=3623.5 generation_ms=24917.8 generated=64 generation_tps=2.568
AGENT index=4 mig=31ffbfe4 exit=0 wall_ms=41506 text=3e0fd62f5aa50665 role=child prefix_tokens=16321 suffix_tokens=16 model_ms=1701.0 context_ms=345.7 state_ms=482.87 prefix_ms=0.0 suffix_ms=575.6 first_token_ms=3682.7 generation_ms=37242.9 generated=64 generation_tps=1.718
AGENT index=5 mig=fafc828a exit=0 wall_ms=29020 text=45d93d75d8c246b5 role=child prefix_tokens=16321 suffix_tokens=16 model_ms=1785.1 context_ms=271.0 state_ms=441.59 prefix_ms=0.0 suffix_ms=477.7 first_token_ms=3588.5 generation_ms=24924.2 generated=64 generation_tps=2.568
AGENT index=6 mig=31ffbfe4 exit=0 wall_ms=41804 text=45d93d75d8c246b5 role=child prefix_tokens=16321 suffix_tokens=16 model_ms=2088.3 context_ms=209.4 state_ms=569.05 prefix_ms=0.0 suffix_ms=963.4 first_token_ms=4443.5 generation_ms=36852.1 generated=64 generation_tps=1.737
AGENT index=7 mig=fafc828a exit=0 wall_ms=28990 text=4a8f18b77dbe0332 role=child prefix_tokens=16321 suffix_tokens=16 model_ms=1719.7 context_ms=326.6 state_ms=440.49 prefix_ms=0.0 suffix_ms=486.5 first_token_ms=3558.8 generation_ms=24916.6 generated=64 generation_tps=2.569
AGENT index=8 mig=31ffbfe4 exit=0 wall_ms=41725 text=4a8f18b77dbe0332 role=child prefix_tokens=16321 suffix_tokens=17 model_ms=1788.1 context_ms=261.7 state_ms=627.09 prefix_ms=0.0 suffix_ms=1031.9 first_token_ms=4303.0 generation_ms=36968.0 generated=64 generation_tps=1.731
AGENT index=9 mig=fafc828a exit=0 wall_ms=28904 text=4a8f18b77dbe0332 role=child prefix_tokens=16321 suffix_tokens=17 model_ms=1708.7 context_ms=306.9 state_ms=432.08 prefix_ms=0.0 suffix_ms=443.0 first_token_ms=3510.6 generation_ms=24916.4 generated=64 generation_tps=2.569
AGENT index=10 mig=31ffbfe4 exit=0 wall_ms=41469 text=50e6ef84ea7c1127 role=child prefix_tokens=16321 suffix_tokens=18 model_ms=1688.9 context_ms=336.1 state_ms=474.20 prefix_ms=0.0 suffix_ms=637.2 first_token_ms=3718.2 generation_ms=37237.6 generated=64 generation_tps=1.719
AGENT index=11 mig=fafc828a exit=0 wall_ms=28750 text=fca223769a13f6f7 role=child prefix_tokens=16321 suffix_tokens=18 model_ms=1653.6 context_ms=285.4 state_ms=477.33 prefix_ms=0.0 suffix_ms=301.3 first_token_ms=3324.4 generation_ms=24886.9 generated=64 generation_tps=2.572
AGENT index=12 mig=31ffbfe4 exit=0 wall_ms=41617 text=6b8b416287b3809b role=child prefix_tokens=16321 suffix_tokens=18 model_ms=1702.4 context_ms=324.5 state_ms=531.87 prefix_ms=0.0 suffix_ms=895.5 first_token_ms=4043.6 generation_ms=37090.0 generated=64 generation_tps=1.726
AGENT index=13 mig=fafc828a exit=0 wall_ms=29153 text=0b81f212dd158f78 role=child prefix_tokens=16321 suffix_tokens=18 model_ms=2069.7 context_ms=131.2 state_ms=481.02 prefix_ms=0.0 suffix_ms=716.8 first_token_ms=4004.8 generation_ms=24638.8 generated=64 generation_tps=2.598
AGENT index=14 mig=31ffbfe4 exit=0 wall_ms=41757 text=d739fe02e1791b9a role=child prefix_tokens=16321 suffix_tokens=18 model_ms=2077.9 context_ms=199.7 state_ms=460.20 prefix_ms=0.0 suffix_ms=1061.9 first_token_ms=4397.6 generation_ms=36857.8 generated=64 generation_tps=1.736
AGENT index=15 mig=fafc828a exit=0 wall_ms=29193 text=d739fe02e1791b9a role=child prefix_tokens=16321 suffix_tokens=18 model_ms=2064.5 context_ms=168.2 state_ms=514.98 prefix_ms=0.0 suffix_ms=706.1 first_token_ms=4065.9 generation_ms=24596.6 generated=64 generation_tps=2.602
MEMORY mem_available_drop_mib=40608 prefix_pss_mib=0 prefix_rss_mib=0
END_CASE failed_agents=0
CASE mode=extent_lazy agents=32
AGENT index=0 mig=31ffbfe4 exit=0 wall_ms=83578 text=ffcbc30f8959d059 role=child prefix_tokens=16321 suffix_tokens=16 model_ms=3418.2 context_ms=90.3 state_ms=17.04 prefix_ms=0.0 suffix_ms=1330.6 first_token_ms=6071.3 generation_ms=76772.3 generated=64 generation_tps=0.834
AGENT index=1 mig=fafc828a exit=0 wall_ms=56692 text=3fd8649867d4bb41 role=child prefix_tokens=16321 suffix_tokens=16 model_ms=3784.5 context_ms=112.0 state_ms=17.94 prefix_ms=0.0 suffix_ms=1135.6 first_token_ms=6188.5 generation_ms=49608.5 generated=64 generation_tps=1.290
AGENT index=2 mig=31ffbfe4 exit=0 wall_ms=83577 text=3fd8649867d4bb41 role=child prefix_tokens=16321 suffix_tokens=16 model_ms=3622.5 context_ms=150.0 state_ms=15.78 prefix_ms=0.0 suffix_ms=1640.7 first_token_ms=6607.2 generation_ms=76615.5 generated=64 generation_tps=0.835
AGENT index=3 mig=fafc828a exit=0 wall_ms=55243 text=3fd8649867d4bb41 role=child prefix_tokens=16321 suffix_tokens=16 model_ms=3173.1 context_ms=88.4 state_ms=15.47 prefix_ms=0.0 suffix_ms=421.9 first_token_ms=4857.3 generation_ms=49305.9 generated=64 generation_tps=1.298
AGENT index=4 mig=31ffbfe4 exit=0 wall_ms=83734 text=3e0fd62f5aa50665 role=child prefix_tokens=16321 suffix_tokens=16 model_ms=3605.0 context_ms=86.4 state_ms=15.51 prefix_ms=0.0 suffix_ms=1724.4 first_token_ms=6736.2 generation_ms=76598.7 generated=64 generation_tps=0.836
AGENT index=5 mig=fafc828a exit=0 wall_ms=56686 text=45d93d75d8c246b5 role=child prefix_tokens=16321 suffix_tokens=16 model_ms=3854.9 context_ms=58.0 state_ms=7.59 prefix_ms=0.0 suffix_ms=1303.4 first_token_ms=6414.1 generation_ms=49545.7 generated=64 generation_tps=1.292
AGENT index=6 mig=31ffbfe4 exit=0 wall_ms=81373 text=45d93d75d8c246b5 role=child prefix_tokens=16321 suffix_tokens=16 model_ms=3127.2 context_ms=82.2 state_ms=11.36 prefix_ms=0.0 suffix_ms=289.1 first_token_ms=4652.0 generation_ms=76008.9 generated=64 generation_tps=0.842
AGENT index=7 mig=fafc828a exit=0 wall_ms=56684 text=4a8f18b77dbe0332 role=child prefix_tokens=16321 suffix_tokens=16 model_ms=3694.9 context_ms=57.0 state_ms=9.52 prefix_ms=0.0 suffix_ms=1294.5 first_token_ms=6421.3 generation_ms=49595.1 generated=64 generation_tps=1.290
AGENT index=8 mig=31ffbfe4 exit=0 wall_ms=84090 text=4a8f18b77dbe0332 role=child prefix_tokens=16321 suffix_tokens=17 model_ms=3958.7 context_ms=49.3 state_ms=7.50 prefix_ms=0.0 suffix_ms=2295.1 first_token_ms=7471.8 generation_ms=76032.2 generated=64 generation_tps=0.842
AGENT index=9 mig=fafc828a exit=0 wall_ms=55233 text=4a8f18b77dbe0332 role=child prefix_tokens=16321 suffix_tokens=17 model_ms=3168.5 context_ms=83.3 state_ms=15.73 prefix_ms=0.0 suffix_ms=408.2 first_token_ms=4859.6 generation_ms=49452.6 generated=64 generation_tps=1.294
AGENT index=10 mig=31ffbfe4 exit=0 wall_ms=84005 text=50e6ef84ea7c1127 role=child prefix_tokens=16321 suffix_tokens=18 model_ms=3782.6 context_ms=85.4 state_ms=7.50 prefix_ms=0.0 suffix_ms=2369.9 first_token_ms=7588.7 generation_ms=75978.3 generated=64 generation_tps=0.842
AGENT index=11 mig=fafc828a exit=0 wall_ms=55809 text=fca223769a13f6f7 role=child prefix_tokens=16321 suffix_tokens=18 model_ms=3585.9 context_ms=125.1 state_ms=12.15 prefix_ms=0.0 suffix_ms=982.5 first_token_ms=5852.1 generation_ms=49554.2 generated=64 generation_tps=1.292
AGENT index=12 mig=31ffbfe4 exit=0 wall_ms=82555 text=6b8b416287b3809b role=child prefix_tokens=16321 suffix_tokens=18 model_ms=3164.6 context_ms=73.1 state_ms=15.45 prefix_ms=0.0 suffix_ms=673.7 first_token_ms=5218.0 generation_ms=76933.9 generated=64 generation_tps=0.832
AGENT index=13 mig=fafc828a exit=0 wall_ms=53228 text=0b81f212dd158f78 role=child prefix_tokens=16321 suffix_tokens=18 model_ms=2981.2 context_ms=76.7 state_ms=15.44 prefix_ms=0.0 suffix_ms=194.8 first_token_ms=4399.8 generation_ms=47733.3 generated=64 generation_tps=1.341
AGENT index=14 mig=31ffbfe4 exit=0 wall_ms=80523 text=d739fe02e1791b9a role=child prefix_tokens=16321 suffix_tokens=18 model_ms=3051.6 context_ms=89.5 state_ms=12.93 prefix_ms=0.0 suffix_ms=299.3 first_token_ms=4580.8 generation_ms=75525.4 generated=64 generation_tps=0.847
AGENT index=15 mig=fafc828a exit=0 wall_ms=56668 text=d739fe02e1791b9a role=child prefix_tokens=16321 suffix_tokens=18 model_ms=3801.1 context_ms=58.2 state_ms=7.53 prefix_ms=0.0 suffix_ms=1317.9 first_token_ms=6368.2 generation_ms=49505.1 generated=64 generation_tps=1.293
AGENT index=16 mig=31ffbfe4 exit=0 wall_ms=83985 text=d739fe02e1791b9a role=child prefix_tokens=16321 suffix_tokens=18 model_ms=3673.9 context_ms=147.0 state_ms=15.51 prefix_ms=0.0 suffix_ms=2140.2 first_token_ms=7110.1 generation_ms=76370.7 generated=64 generation_tps=0.838
AGENT index=17 mig=fafc828a exit=0 wall_ms=56658 text=4a8f18b77dbe0332 role=child prefix_tokens=16321 suffix_tokens=18 model_ms=3566.1 context_ms=90.4 state_ms=8.41 prefix_ms=0.0 suffix_ms=1224.6 first_token_ms=6213.4 generation_ms=49635.6 generated=64 generation_tps=1.289
AGENT index=18 mig=31ffbfe4 exit=0 wall_ms=83920 text=95f1733ca6a2268d role=child prefix_tokens=16321 suffix_tokens=18 model_ms=3774.1 context_ms=70.7 state_ms=7.38 prefix_ms=0.0 suffix_ms=2347.1 first_token_ms=7484.6 generation_ms=76035.1 generated=64 generation_tps=0.842
AGENT index=19 mig=fafc828a exit=0 wall_ms=53200 text=4a8f18b77dbe0332 role=child prefix_tokens=16321 suffix_tokens=18 model_ms=2983.1 context_ms=40.6 state_ms=9.08 prefix_ms=0.0 suffix_ms=156.4 first_token_ms=4318.5 generation_ms=47294.7 generated=64 generation_tps=1.353
AGENT index=20 mig=31ffbfe4 exit=0 wall_ms=83551 text=a40cb3dc6f965116 role=child prefix_tokens=16321 suffix_tokens=18 model_ms=3528.3 context_ms=145.6 state_ms=9.23 prefix_ms=0.0 suffix_ms=1984.7 first_token_ms=6857.5 generation_ms=76268.6 generated=64 generation_tps=0.839
AGENT index=21 mig=fafc828a exit=0 wall_ms=56643 text=ba544530a4765a20 role=child prefix_tokens=16321 suffix_tokens=18 model_ms=3675.8 context_ms=145.9 state_ms=8.78 prefix_ms=0.0 suffix_ms=1117.2 first_token_ms=6043.3 generation_ms=49565.7 generated=64 generation_tps=1.291
AGENT index=22 mig=31ffbfe4 exit=0 wall_ms=83519 text=0930c73838b0786e role=child prefix_tokens=16321 suffix_tokens=18 model_ms=3354.1 context_ms=98.7 state_ms=15.75 prefix_ms=0.0 suffix_ms=1666.5 first_token_ms=6334.3 generation_ms=76582.2 generated=64 generation_tps=0.836
AGENT index=23 mig=fafc828a exit=0 wall_ms=56641 text=85595e6cc55900b6 role=child prefix_tokens=16321 suffix_tokens=18 model_ms=3728.9 context_ms=62.6 state_ms=7.25 prefix_ms=0.0 suffix_ms=1392.0 first_token_ms=6447.0 generation_ms=49499.8 generated=64 generation_tps=1.293
AGENT index=24 mig=31ffbfe4 exit=0 wall_ms=83780 text=272e7fac6b1f8cee role=child prefix_tokens=16321 suffix_tokens=18 model_ms=3548.0 context_ms=173.6 state_ms=7.89 prefix_ms=0.0 suffix_ms=2121.3 first_token_ms=7024.8 generation_ms=76395.9 generated=64 generation_tps=0.838
AGENT index=25 mig=fafc828a exit=0 wall_ms=56637 text=5026c7a9fea946c0 role=child prefix_tokens=16321 suffix_tokens=18 model_ms=3476.6 context_ms=117.2 state_ms=14.78 prefix_ms=0.0 suffix_ms=1132.3 first_token_ms=6017.5 generation_ms=49681.6 generated=64 generation_tps=1.288
AGENT index=26 mig=31ffbfe4 exit=0 wall_ms=83977 text=0930c73838b0786e role=child prefix_tokens=16321 suffix_tokens=18 model_ms=3530.9 context_ms=123.6 state_ms=8.89 prefix_ms=0.0 suffix_ms=2164.0 first_token_ms=7111.1 generation_ms=76342.1 generated=64 generation_tps=0.838
AGENT index=27 mig=fafc828a exit=0 wall_ms=56629 text=0930c73838b0786e role=child prefix_tokens=16321 suffix_tokens=18 model_ms=3680.5 context_ms=70.0 state_ms=9.66 prefix_ms=0.0 suffix_ms=1406.4 first_token_ms=6432.7 generation_ms=49515.8 generated=64 generation_tps=1.293
AGENT index=28 mig=31ffbfe4 exit=0 wall_ms=83501 text=a3e013725ac6c791 role=child prefix_tokens=16321 suffix_tokens=18 model_ms=3440.0 context_ms=80.3 state_ms=16.50 prefix_ms=0.0 suffix_ms=1639.8 first_token_ms=6319.4 generation_ms=76624.4 generated=64 generation_tps=0.835
AGENT index=29 mig=fafc828a exit=0 wall_ms=56621 text=5026c7a9fea946c0 role=child prefix_tokens=16321 suffix_tokens=18 model_ms=3891.4 context_ms=44.4 state_ms=8.45 prefix_ms=0.0 suffix_ms=1478.0 first_token_ms=6613.5 generation_ms=49363.3 generated=64 generation_tps=1.297
AGENT index=30 mig=31ffbfe4 exit=0 wall_ms=83674 text=1b368227eeb9799d role=child prefix_tokens=16321 suffix_tokens=18 model_ms=3691.6 context_ms=94.6 state_ms=12.15 prefix_ms=0.0 suffix_ms=2146.2 first_token_ms=7073.7 generation_ms=76231.3 generated=64 generation_tps=0.840
AGENT index=31 mig=fafc828a exit=0 wall_ms=56619 text=75b4380072e82b68 role=child prefix_tokens=16321 suffix_tokens=18 model_ms=3778.9 context_ms=48.9 state_ms=7.51 prefix_ms=0.0 suffix_ms=1433.8 first_token_ms=6506.2 generation_ms=49458.1 generated=64 generation_tps=1.294
MEMORY mem_available_drop_mib=23251 prefix_pss_mib=930 prefix_rss_mib=28560
END_CASE failed_agents=0
CASE mode=restore agents=32
AGENT index=0 mig=31ffbfe4 exit=0 wall_ms=81138 text=ffcbc30f8959d059 role=child prefix_tokens=16321 suffix_tokens=16 model_ms=3529.3 context_ms=531.7 state_ms=951.57 prefix_ms=0.0 suffix_ms=1304.1 first_token_ms=7458.3 generation_ms=73243.4 generated=64 generation_tps=0.874
AGENT index=1 mig=fafc828a exit=0 wall_ms=57757 text=3fd8649867d4bb41 role=child prefix_tokens=16321 suffix_tokens=16 model_ms=3981.5 context_ms=419.4 state_ms=795.55 prefix_ms=0.0 suffix_ms=1249.6 first_token_ms=7705.1 generation_ms=49411.1 generated=64 generation_tps=1.295
AGENT index=2 mig=31ffbfe4 exit=0 wall_ms=81907 text=3fd8649867d4bb41 role=child prefix_tokens=16321 suffix_tokens=16 model_ms=4033.0 context_ms=598.8 state_ms=1334.60 prefix_ms=0.0 suffix_ms=1848.9 first_token_ms=8996.6 generation_ms=72371.2 generated=64 generation_tps=0.884
AGENT index=3 mig=fafc828a exit=0 wall_ms=57164 text=3fd8649867d4bb41 role=child prefix_tokens=16321 suffix_tokens=16 model_ms=3666.7 context_ms=495.4 state_ms=778.46 prefix_ms=0.0 suffix_ms=1070.4 first_token_ms=7358.4 generation_ms=49374.7 generated=64 generation_tps=1.296
AGENT index=4 mig=31ffbfe4 exit=0 wall_ms=81103 text=3e0fd62f5aa50665 role=child prefix_tokens=16321 suffix_tokens=16 model_ms=3511.7 context_ms=425.4 state_ms=877.90 prefix_ms=0.0 suffix_ms=1274.6 first_token_ms=7286.4 generation_ms=73311.9 generated=64 generation_tps=0.873
AGENT index=5 mig=fafc828a exit=0 wall_ms=57006 text=45d93d75d8c246b5 role=child prefix_tokens=16321 suffix_tokens=16 model_ms=3548.6 context_ms=492.6 state_ms=694.32 prefix_ms=0.0 suffix_ms=684.0 first_token_ms=6744.2 generation_ms=49796.6 generated=64 generation_tps=1.285
AGENT index=6 mig=31ffbfe4 exit=0 wall_ms=80456 text=45d93d75d8c246b5 role=child prefix_tokens=16321 suffix_tokens=16 model_ms=3147.7 context_ms=326.9 state_ms=771.86 prefix_ms=0.0 suffix_ms=1400.8 first_token_ms=6835.6 generation_ms=73270.7 generated=64 generation_tps=0.873
AGENT index=7 mig=fafc828a exit=0 wall_ms=57588 text=4a8f18b77dbe0332 role=child prefix_tokens=16321 suffix_tokens=16 model_ms=3833.6 context_ms=549.5 state_ms=779.89 prefix_ms=0.0 suffix_ms=1097.6 first_token_ms=7428.7 generation_ms=49567.1 generated=64 generation_tps=1.291
AGENT index=8 mig=31ffbfe4 exit=0 wall_ms=72580 text=4a8f18b77dbe0332 role=child prefix_tokens=16321 suffix_tokens=17 model_ms=2211.5 context_ms=293.8 state_ms=271.60 prefix_ms=0.0 suffix_ms=370.9 first_token_ms=4047.8 generation_ms=68141.3 generated=64 generation_tps=0.939
AGENT index=9 mig=fafc828a exit=0 wall_ms=57791 text=4a8f18b77dbe0332 role=child prefix_tokens=16321 suffix_tokens=17 model_ms=3689.0 context_ms=544.2 state_ms=767.46 prefix_ms=0.0 suffix_ms=1290.8 first_token_ms=7619.5 generation_ms=49497.4 generated=64 generation_tps=1.293
AGENT index=10 mig=31ffbfe4 exit=0 wall_ms=81787 text=50e6ef84ea7c1127 role=child prefix_tokens=16321 suffix_tokens=18 model_ms=3912.0 context_ms=603.2 state_ms=1325.77 prefix_ms=0.0 suffix_ms=2139.1 first_token_ms=9281.1 generation_ms=72008.8 generated=64 generation_tps=0.889
AGENT index=11 mig=fafc828a exit=0 wall_ms=56639 text=fca223769a13f6f7 role=child prefix_tokens=16321 suffix_tokens=18 model_ms=3470.9 context_ms=332.6 state_ms=570.70 prefix_ms=0.0 suffix_ms=716.0 first_token_ms=6488.6 generation_ms=49739.0 generated=64 generation_tps=1.287
AGENT index=12 mig=31ffbfe4 exit=0 wall_ms=81961 text=6b8b416287b3809b role=child prefix_tokens=16321 suffix_tokens=18 model_ms=3818.6 context_ms=622.8 state_ms=1346.69 prefix_ms=0.0 suffix_ms=2051.3 first_token_ms=8992.7 generation_ms=72331.4 generated=64 generation_tps=0.885
AGENT index=13 mig=fafc828a exit=0 wall_ms=57939 text=0b81f212dd158f78 role=child prefix_tokens=16321 suffix_tokens=18 model_ms=3950.7 context_ms=462.1 state_ms=750.23 prefix_ms=0.0 suffix_ms=1310.8 first_token_ms=7640.1 generation_ms=49529.3 generated=64 generation_tps=1.292
AGENT index=14 mig=31ffbfe4 exit=0 wall_ms=81929 text=d739fe02e1791b9a role=child prefix_tokens=16321 suffix_tokens=18 model_ms=3962.2 context_ms=506.2 state_ms=1351.77 prefix_ms=0.0 suffix_ms=2164.7 first_token_ms=9328.0 generation_ms=72049.8 generated=64 generation_tps=0.888
AGENT index=15 mig=fafc828a exit=0 wall_ms=57955 text=d739fe02e1791b9a role=child prefix_tokens=16321 suffix_tokens=18 model_ms=4054.9 context_ms=379.7 state_ms=790.28 prefix_ms=0.0 suffix_ms=1373.4 first_token_ms=7807.1 generation_ms=49408.1 generated=64 generation_tps=1.295
AGENT index=16 mig=31ffbfe4 exit=0 wall_ms=81415 text=d739fe02e1791b9a role=child prefix_tokens=16321 suffix_tokens=18 model_ms=3413.6 context_ms=496.1 state_ms=988.88 prefix_ms=0.0 suffix_ms=1669.2 first_token_ms=7880.9 generation_ms=73062.8 generated=64 generation_tps=0.876
AGENT index=17 mig=fafc828a exit=0 wall_ms=55088 text=4a8f18b77dbe0332 role=child prefix_tokens=16321 suffix_tokens=18 model_ms=3198.2 context_ms=295.4 state_ms=415.45 prefix_ms=0.0 suffix_ms=567.9 first_token_ms=5606.8 generation_ms=49103.0 generated=64 generation_tps=1.303
AGENT index=18 mig=31ffbfe4 exit=0 wall_ms=81034 text=95f1733ca6a2268d role=child prefix_tokens=16321 suffix_tokens=18 model_ms=3445.0 context_ms=276.4 state_ms=844.65 prefix_ms=0.0 suffix_ms=1519.6 first_token_ms=7240.6 generation_ms=73334.0 generated=64 generation_tps=0.873
AGENT index=19 mig=fafc828a exit=0 wall_ms=56233 text=4a8f18b77dbe0332 role=child prefix_tokens=16321 suffix_tokens=18 model_ms=3247.4 context_ms=369.0 state_ms=508.77 prefix_ms=0.0 suffix_ms=926.7 first_token_ms=6266.9 generation_ms=49516.6 generated=64 generation_tps=1.292
AGENT index=20 mig=31ffbfe4 exit=0 wall_ms=80901 text=a40cb3dc6f965116 role=child prefix_tokens=16321 suffix_tokens=18 model_ms=3449.1 context_ms=493.1 state_ms=679.09 prefix_ms=0.0 suffix_ms=1524.8 first_token_ms=7151.5 generation_ms=73240.9 generated=64 generation_tps=0.874
AGENT index=21 mig=fafc828a exit=0 wall_ms=57987 text=ba544530a4765a20 role=child prefix_tokens=16321 suffix_tokens=18 model_ms=4030.3 context_ms=403.3 state_ms=800.69 prefix_ms=0.0 suffix_ms=1381.4 first_token_ms=7764.2 generation_ms=49415.6 generated=64 generation_tps=1.295
AGENT index=22 mig=31ffbfe4 exit=0 wall_ms=80791 text=0930c73838b0786e role=child prefix_tokens=16321 suffix_tokens=18 model_ms=3074.3 context_ms=358.0 state_ms=708.69 prefix_ms=0.0 suffix_ms=1587.0 first_token_ms=7008.8 generation_ms=73309.3 generated=64 generation_tps=0.873
AGENT index=23 mig=fafc828a exit=0 wall_ms=57845 text=85595e6cc55900b6 role=child prefix_tokens=16321 suffix_tokens=18 model_ms=4003.9 context_ms=419.7 state_ms=787.37 prefix_ms=0.0 suffix_ms=1357.0 first_token_ms=7735.4 generation_ms=49450.5 generated=64 generation_tps=1.294
AGENT index=24 mig=31ffbfe4 exit=0 wall_ms=80835 text=272e7fac6b1f8cee role=child prefix_tokens=16321 suffix_tokens=18 model_ms=2935.6 context_ms=212.1 state_ms=753.41 prefix_ms=0.0 suffix_ms=1821.7 first_token_ms=7024.7 generation_ms=73287.0 generated=64 generation_tps=0.873
AGENT index=25 mig=fafc828a exit=0 wall_ms=56265 text=5026c7a9fea946c0 role=child prefix_tokens=16321 suffix_tokens=18 model_ms=3442.2 context_ms=431.1 state_ms=431.82 prefix_ms=0.0 suffix_ms=810.2 first_token_ms=6248.6 generation_ms=49556.7 generated=64 generation_tps=1.291
AGENT index=26 mig=31ffbfe4 exit=0 wall_ms=81985 text=0930c73838b0786e role=child prefix_tokens=16321 suffix_tokens=18 model_ms=3983.4 context_ms=607.2 state_ms=1295.26 prefix_ms=0.0 suffix_ms=2097.0 first_token_ms=9153.1 generation_ms=72172.6 generated=64 generation_tps=0.887
AGENT index=27 mig=fafc828a exit=0 wall_ms=57829 text=0930c73838b0786e role=child prefix_tokens=16321 suffix_tokens=18 model_ms=3687.9 context_ms=558.6 state_ms=775.66 prefix_ms=0.0 suffix_ms=1356.2 first_token_ms=7699.1 generation_ms=49469.8 generated=64 generation_tps=1.294
AGENT index=28 mig=31ffbfe4 exit=0 wall_ms=72881 text=a3e013725ac6c791 role=child prefix_tokens=16321 suffix_tokens=18 model_ms=1922.5 context_ms=340.0 state_ms=262.61 prefix_ms=0.0 suffix_ms=376.1 first_token_ms=4021.1 generation_ms=68503.6 generated=64 generation_tps=0.934
AGENT index=29 mig=fafc828a exit=0 wall_ms=57619 text=5026c7a9fea946c0 role=child prefix_tokens=16321 suffix_tokens=18 model_ms=3539.7 context_ms=583.2 state_ms=773.08 prefix_ms=0.0 suffix_ms=1222.0 first_token_ms=7454.8 generation_ms=49554.9 generated=64 generation_tps=1.291
AGENT index=30 mig=31ffbfe4 exit=0 wall_ms=81790 text=1b368227eeb9799d role=child prefix_tokens=16321 suffix_tokens=18 model_ms=3972.4 context_ms=454.4 state_ms=1290.80 prefix_ms=0.0 suffix_ms=2075.7 first_token_ms=9079.2 generation_ms=72215.7 generated=64 generation_tps=0.886
AGENT index=31 mig=fafc828a exit=0 wall_ms=58004 text=75b4380072e82b68 role=child prefix_tokens=16321 suffix_tokens=18 model_ms=3852.5 context_ms=353.2 state_ms=783.35 prefix_ms=0.0 suffix_ms=1386.4 first_token_ms=7746.1 generation_ms=49433.9 generated=64 generation_tps=1.295
MEMORY mem_available_drop_mib=81068 prefix_pss_mib=0 prefix_rss_mib=0
END_CASE failed_agents=0
END_KVSHARE
