BEGIN_KVSTACK run=1 context=16384 publisher_mig=fafc828a mem_free_mib=48882 kernel_reclaimable_mib=68125
PUBLISH store=stock prefix_tokens=14282 prefix_ms=16882.3 publish_ms=498.07 state_bytes=819216229
PUBLISH store=device prefix_tokens=14282 prefix_ms=17001.8 publish_ms=508.01 state_bytes=819216229
PUBLISH store=huge prefix_tokens=14282 prefix_ms=17053.8 publish_ms=7.91 state_bytes=229221 file_used_kib=802816
CASE mode=none agents=1
AGENT index=0 mig=fafc828a exit=0 wall_ms=4369 text=bb92e4befc7eddec role=child prefix_tokens=14282 suffix_tokens=27 model_ms=1143.8 context_ms=35.7 state_ms=115.79 prefix_ms=0.0 suffix_ms=110.2 first_token_ms=1461.4 generation_ms=2570.7 generated=64 generation_tps=24.896
MEMORY mem_available_drop_mib=6165 mem_available_before_mib=120112 mem_free_before_mib=46143 pss_anon_mib=226 pss_file_mib=97 pss_shmem_mib=350 device_mib=5460 samples=1
END_CASE failed_agents=0 wall_ms=4404
CASE mode=none agents=2
AGENT index=0 mig=fafc828a exit=0 wall_ms=4950 text=bb92e4befc7eddec role=child prefix_tokens=14282 suffix_tokens=27 model_ms=1254.3 context_ms=36.0 state_ms=190.50 prefix_ms=0.0 suffix_ms=114.0 first_token_ms=1685.3 generation_ms=2859.2 generated=64 generation_tps=22.384
AGENT index=1 mig=31ffbfe4 exit=0 wall_ms=6165 text=a8d47b5298abb2fc role=child prefix_tokens=14282 suffix_tokens=22 model_ms=1292.2 context_ms=38.8 state_ms=144.59 prefix_ms=0.0 suffix_ms=133.4 first_token_ms=1701.2 generation_ms=4073.2 generated=64 generation_tps=15.712
MEMORY mem_available_drop_mib=12253 mem_available_before_mib=120076 mem_free_before_mib=46101 pss_anon_mib=455 pss_file_mib=119 pss_shmem_mib=701 device_mib=10906 samples=1
END_CASE failed_agents=0 wall_ms=6208
CASE mode=none agents=4
AGENT index=0 mig=fafc828a exit=0 wall_ms=8330 text=bb92e4befc7eddec role=child prefix_tokens=14282 suffix_tokens=27 model_ms=1506.5 context_ms=39.6 state_ms=138.68 prefix_ms=0.0 suffix_ms=137.1 first_token_ms=1985.3 generation_ms=5919.2 generated=64 generation_tps=10.812
AGENT index=1 mig=31ffbfe4 exit=0 wall_ms=11284 text=a8d47b5298abb2fc role=child prefix_tokens=14282 suffix_tokens=22 model_ms=1604.3 context_ms=40.1 state_ms=154.16 prefix_ms=0.0 suffix_ms=251.9 first_token_ms=2214.3 generation_ms=8604.5 generated=64 generation_tps=7.438
AGENT index=2 mig=fafc828a exit=0 wall_ms=8427 text=abfd4eb3fb8ebdd8 role=child prefix_tokens=14282 suffix_tokens=24 model_ms=1641.4 context_ms=39.6 state_ms=150.18 prefix_ms=0.0 suffix_ms=202.8 first_token_ms=2200.8 generation_ms=5870.2 generated=64 generation_tps=10.903
AGENT index=3 mig=31ffbfe4 exit=0 wall_ms=11256 text=077e38d3762a4e5d role=child prefix_tokens=14282 suffix_tokens=32 model_ms=1550.6 context_ms=38.5 state_ms=145.66 prefix_ms=0.0 suffix_ms=222.0 first_token_ms=2124.8 generation_ms=8643.5 generated=64 generation_tps=7.404
MEMORY mem_available_drop_mib=24532 mem_available_before_mib=120119 mem_free_before_mib=46144 pss_anon_mib=911 pss_file_mib=162 pss_shmem_mib=1402 device_mib=21812 samples=2
END_CASE failed_agents=0 wall_ms=11337
CASE mode=none agents=8
AGENT index=0 mig=fafc828a exit=0 wall_ms=15198 text=bb92e4befc7eddec role=child prefix_tokens=14282 suffix_tokens=27 model_ms=2095.5 context_ms=44.4 state_ms=183.84 prefix_ms=0.0 suffix_ms=166.4 first_token_ms=2793.6 generation_ms=11865.2 generated=64 generation_tps=5.394
AGENT index=1 mig=31ffbfe4 exit=0 wall_ms=21150 text=a8d47b5298abb2fc role=child prefix_tokens=14282 suffix_tokens=22 model_ms=2412.8 context_ms=57.2 state_ms=183.31 prefix_ms=0.0 suffix_ms=528.3 first_token_ms=3490.6 generation_ms=17159.6 generated=64 generation_tps=3.730
AGENT index=2 mig=fafc828a exit=0 wall_ms=15631 text=abfd4eb3fb8ebdd8 role=child prefix_tokens=14282 suffix_tokens=24 model_ms=2410.9 context_ms=68.9 state_ms=342.36 prefix_ms=0.0 suffix_ms=401.5 first_token_ms=3536.0 generation_ms=11563.1 generated=64 generation_tps=5.535
AGENT index=3 mig=31ffbfe4 exit=0 wall_ms=21271 text=077e38d3762a4e5d role=child prefix_tokens=14282 suffix_tokens=32 model_ms=2394.7 context_ms=70.2 state_ms=185.39 prefix_ms=0.0 suffix_ms=589.4 first_token_ms=3549.4 generation_ms=17162.0 generated=64 generation_tps=3.729
AGENT index=4 mig=fafc828a exit=0 wall_ms=15532 text=16f8c0610a09645d role=child prefix_tokens=14282 suffix_tokens=23 model_ms=2153.9 context_ms=67.1 state_ms=190.46 prefix_ms=0.0 suffix_ms=309.3 first_token_ms=3037.7 generation_ms=11886.6 generated=64 generation_tps=5.384
AGENT index=5 mig=31ffbfe4 exit=0 wall_ms=21217 text=ff4188d71e02bfdb role=child prefix_tokens=14282 suffix_tokens=26 model_ms=2395.4 context_ms=63.0 state_ms=186.08 prefix_ms=0.0 suffix_ms=568.4 first_token_ms=3531.5 generation_ms=17170.1 generated=64 generation_tps=3.727
AGENT index=6 mig=fafc828a exit=0 wall_ms=15455 text=f88f503d1005fa22 role=child prefix_tokens=14282 suffix_tokens=21 model_ms=2153.6 context_ms=67.5 state_ms=190.38 prefix_ms=0.0 suffix_ms=305.9 first_token_ms=3033.2 generation_ms=11886.4 generated=64 generation_tps=5.384
AGENT index=7 mig=31ffbfe4 exit=0 wall_ms=21021 text=f9c832b7cad1a509 role=child prefix_tokens=14282 suffix_tokens=31 model_ms=2312.1 context_ms=42.9 state_ms=179.78 prefix_ms=0.0 suffix_ms=294.5 first_token_ms=3148.4 generation_ms=17264.8 generated=64 generation_tps=3.707
MEMORY mem_available_drop_mib=49057 mem_available_before_mib=120129 mem_free_before_mib=46151 pss_anon_mib=1829 pss_file_mib=245 pss_shmem_mib=2804 device_mib=43624 samples=4
END_CASE failed_agents=0 wall_ms=21347
CASE mode=none agents=12
AGENT index=0 mig=fafc828a exit=0 wall_ms=22973 text=bb92e4befc7eddec role=child prefix_tokens=14282 suffix_tokens=27 model_ms=2913.8 context_ms=87.3 state_ms=205.72 prefix_ms=0.0 suffix_ms=512.0 first_token_ms=4158.1 generation_ms=17902.1 generated=64 generation_tps=3.575
AGENT index=1 mig=31ffbfe4 exit=0 wall_ms=31422 text=a8d47b5298abb2fc role=child prefix_tokens=14282 suffix_tokens=22 model_ms=3202.1 context_ms=114.4 state_ms=234.25 prefix_ms=0.0 suffix_ms=757.3 first_token_ms=4771.0 generation_ms=25814.6 generated=64 generation_tps=2.479
AGENT index=2 mig=fafc828a exit=0 wall_ms=22891 text=abfd4eb3fb8ebdd8 role=child prefix_tokens=14282 suffix_tokens=24 model_ms=2903.0 context_ms=89.6 state_ms=208.73 prefix_ms=0.0 suffix_ms=486.5 first_token_ms=4131.2 generation_ms=17854.0 generated=64 generation_tps=3.585
AGENT index=3 mig=31ffbfe4 exit=0 wall_ms=31295 text=077e38d3762a4e5d role=child prefix_tokens=14282 suffix_tokens=32 model_ms=3225.8 context_ms=99.0 state_ms=229.93 prefix_ms=0.0 suffix_ms=796.6 first_token_ms=4791.6 generation_ms=25787.7 generated=64 generation_tps=2.482
AGENT index=4 mig=fafc828a exit=0 wall_ms=22891 text=16f8c0610a09645d role=child prefix_tokens=14282 suffix_tokens=23 model_ms=2883.5 context_ms=89.9 state_ms=208.64 prefix_ms=0.0 suffix_ms=479.6 first_token_ms=4124.1 generation_ms=17884.6 generated=64 generation_tps=3.578
AGENT index=5 mig=31ffbfe4 exit=0 wall_ms=31367 text=ff4188d71e02bfdb role=child prefix_tokens=14282 suffix_tokens=26 model_ms=3214.5 context_ms=92.2 state_ms=236.76 prefix_ms=0.0 suffix_ms=785.8 first_token_ms=4773.4 generation_ms=25803.5 generated=64 generation_tps=2.480
AGENT index=6 mig=fafc828a exit=0 wall_ms=22890 text=f88f503d1005fa22 role=child prefix_tokens=14282 suffix_tokens=21 model_ms=2902.8 context_ms=99.8 state_ms=203.40 prefix_ms=0.0 suffix_ms=466.3 first_token_ms=4112.8 generation_ms=17916.2 generated=64 generation_tps=3.572
AGENT index=7 mig=31ffbfe4 exit=0 wall_ms=31337 text=f9c832b7cad1a509 role=child prefix_tokens=14282 suffix_tokens=31 model_ms=3189.4 context_ms=94.7 state_ms=238.97 prefix_ms=0.0 suffix_ms=799.2 first_token_ms=4787.2 generation_ms=25800.3 generated=64 generation_tps=2.481
AGENT index=8 mig=fafc828a exit=0 wall_ms=22961 text=ae3f57b141780268 role=child prefix_tokens=14282 suffix_tokens=18 model_ms=3175.7 context_ms=82.3 state_ms=437.19 prefix_ms=0.0 suffix_ms=556.3 first_token_ms=4722.2 generation_ms=17601.1 generated=64 generation_tps=3.636
AGENT index=9 mig=31ffbfe4 exit=0 wall_ms=31234 text=a2d016def74ecc62 role=child prefix_tokens=14282 suffix_tokens=18 model_ms=3206.3 context_ms=107.7 state_ms=239.69 prefix_ms=0.0 suffix_ms=741.4 first_token_ms=4742.9 generation_ms=25806.8 generated=64 generation_tps=2.480
AGENT index=10 mig=fafc828a exit=0 wall_ms=23009 text=a733f3a39259263c role=child prefix_tokens=14282 suffix_tokens=18 model_ms=3170.4 context_ms=85.4 state_ms=412.73 prefix_ms=0.0 suffix_ms=534.2 first_token_ms=4662.7 generation_ms=17649.5 generated=64 generation_tps=3.626
AGENT index=11 mig=31ffbfe4 exit=0 wall_ms=30307 text=087278665f3dec68 role=child prefix_tokens=14282 suffix_tokens=22 model_ms=2898.9 context_ms=96.8 state_ms=209.76 prefix_ms=0.0 suffix_ms=350.0 first_token_ms=3995.3 generation_ms=25903.4 generated=64 generation_tps=2.471
MEMORY mem_available_drop_mib=73615 mem_available_before_mib=120141 mem_free_before_mib=46153 pss_anon_mib=2738 pss_file_mib=328 pss_shmem_mib=4206 device_mib=65436 samples=6
END_CASE failed_agents=0 wall_ms=31517
CASE mode=kv agents=1
AGENT index=0 mig=fafc828a exit=0 wall_ms=4325 text=bb92e4befc7eddec role=child prefix_tokens=14282 suffix_tokens=27 model_ms=1143.5 context_ms=26.3 state_ms=6.28 prefix_ms=0.0 suffix_ms=116.0 first_token_ms=1347.1 generation_ms=2566.7 generated=64 generation_tps=24.935
MEMORY mem_available_drop_mib=5282 mem_available_before_mib=120147 mem_free_before_mib=46158 pss_anon_mib=245 pss_file_mib=97 pss_shmem_mib=1131 device_mib=4564 samples=1
END_CASE failed_agents=0 wall_ms=4363
CASE mode=kv agents=2
AGENT index=0 mig=fafc828a exit=0 wall_ms=4938 text=bb92e4befc7eddec role=child prefix_tokens=14282 suffix_tokens=27 model_ms=1315.9 context_ms=27.3 state_ms=6.07 prefix_ms=0.0 suffix_ms=116.8 first_token_ms=1557.0 generation_ms=2943.3 generated=64 generation_tps=21.745
AGENT index=1 mig=31ffbfe4 exit=0 wall_ms=6085 text=a8d47b5298abb2fc role=child prefix_tokens=14282 suffix_tokens=22 model_ms=1238.5 context_ms=26.5 state_ms=6.14 prefix_ms=0.0 suffix_ms=145.4 first_token_ms=1489.3 generation_ms=4233.9 generated=64 generation_tps=15.116
MEMORY mem_available_drop_mib=10465 mem_available_before_mib=119919 mem_free_before_mib=45928 pss_anon_mib=461 pss_file_mib=119 pss_shmem_mib=1482 device_mib=9114 samples=1
END_CASE failed_agents=0 wall_ms=6127
CASE mode=kv agents=4
AGENT index=0 mig=fafc828a exit=0 wall_ms=8340 text=bb92e4befc7eddec role=child prefix_tokens=14282 suffix_tokens=27 model_ms=1539.5 context_ms=27.7 state_ms=6.29 prefix_ms=0.0 suffix_ms=127.5 first_token_ms=1863.2 generation_ms=5983.1 generated=64 generation_tps=10.697
AGENT index=1 mig=31ffbfe4 exit=0 wall_ms=11508 text=a8d47b5298abb2fc role=child prefix_tokens=14282 suffix_tokens=22 model_ms=1638.3 context_ms=27.5 state_ms=6.07 prefix_ms=0.0 suffix_ms=224.1 first_token_ms=2060.1 generation_ms=8980.2 generated=64 generation_tps=7.127
AGENT index=2 mig=fafc828a exit=0 wall_ms=8506 text=abfd4eb3fb8ebdd8 role=child prefix_tokens=14282 suffix_tokens=24 model_ms=1758.5 context_ms=27.7 state_ms=6.08 prefix_ms=0.0 suffix_ms=208.9 first_token_ms=2169.3 generation_ms=5933.4 generated=64 generation_tps=10.786
AGENT index=3 mig=31ffbfe4 exit=0 wall_ms=11531 text=077e38d3762a4e5d role=child prefix_tokens=14282 suffix_tokens=32 model_ms=1672.6 context_ms=28.6 state_ms=5.93 prefix_ms=0.0 suffix_ms=304.3 first_token_ms=2174.5 generation_ms=8931.7 generated=64 generation_tps=7.166
MEMORY mem_available_drop_mib=20770 mem_available_before_mib=119841 mem_free_before_mib=45849 pss_anon_mib=970 pss_file_mib=161 pss_shmem_mib=2183 device_mib=18228 samples=2
END_CASE failed_agents=0 wall_ms=11589
CASE mode=kv agents=8
AGENT index=0 mig=fafc828a exit=0 wall_ms=15771 text=bb92e4befc7eddec role=child prefix_tokens=14282 suffix_tokens=27 model_ms=2185.6 context_ms=33.1 state_ms=6.63 prefix_ms=0.0 suffix_ms=286.6 first_token_ms=2810.2 generation_ms=12293.8 generated=64 generation_tps=5.206
AGENT index=1 mig=31ffbfe4 exit=0 wall_ms=21101 text=a8d47b5298abb2fc role=child prefix_tokens=14282 suffix_tokens=22 model_ms=2210.5 context_ms=31.8 state_ms=6.66 prefix_ms=0.0 suffix_ms=158.3 first_token_ms=2713.4 generation_ms=17958.9 generated=64 generation_tps=3.564
AGENT index=2 mig=fafc828a exit=0 wall_ms=15742 text=abfd4eb3fb8ebdd8 role=child prefix_tokens=14282 suffix_tokens=24 model_ms=2204.2 context_ms=30.9 state_ms=6.35 prefix_ms=0.0 suffix_ms=278.9 first_token_ms=2820.3 generation_ms=12295.4 generated=64 generation_tps=5.205
AGENT index=3 mig=31ffbfe4 exit=0 wall_ms=21772 text=077e38d3762a4e5d role=child prefix_tokens=14282 suffix_tokens=32 model_ms=2355.7 context_ms=31.4 state_ms=6.17 prefix_ms=0.0 suffix_ms=571.9 first_token_ms=3269.0 generation_ms=17892.6 generated=64 generation_tps=3.577
AGENT index=4 mig=fafc828a exit=0 wall_ms=15617 text=16f8c0610a09645d role=child prefix_tokens=14282 suffix_tokens=23 model_ms=2175.5 context_ms=37.1 state_ms=6.21 prefix_ms=0.0 suffix_ms=275.2 first_token_ms=2795.4 generation_ms=12234.0 generated=64 generation_tps=5.231
AGENT index=5 mig=31ffbfe4 exit=0 wall_ms=21741 text=ff4188d71e02bfdb role=child prefix_tokens=14282 suffix_tokens=26 model_ms=2344.5 context_ms=32.7 state_ms=6.27 prefix_ms=0.0 suffix_ms=586.8 first_token_ms=3285.8 generation_ms=17882.3 generated=64 generation_tps=3.579
AGENT index=6 mig=fafc828a exit=0 wall_ms=15812 text=f88f503d1005fa22 role=child prefix_tokens=14282 suffix_tokens=21 model_ms=2566.7 context_ms=30.5 state_ms=6.32 prefix_ms=0.0 suffix_ms=384.2 first_token_ms=3298.3 generation_ms=11985.1 generated=64 generation_tps=5.340
AGENT index=7 mig=31ffbfe4 exit=0 wall_ms=21569 text=f9c832b7cad1a509 role=child prefix_tokens=14282 suffix_tokens=31 model_ms=2336.8 context_ms=32.5 state_ms=6.32 prefix_ms=0.0 suffix_ms=549.2 first_token_ms=3230.0 generation_ms=17876.0 generated=64 generation_tps=3.580
MEMORY mem_available_drop_mib=41906 mem_available_before_mib=120096 mem_free_before_mib=46105 pss_anon_mib=1969 pss_file_mib=245 pss_shmem_mib=3585 device_mib=36456 samples=4
END_CASE failed_agents=0 wall_ms=21850
CASE mode=kv agents=12
AGENT index=0 mig=fafc828a exit=0 wall_ms=22171 text=bb92e4befc7eddec role=child prefix_tokens=14282 suffix_tokens=27 model_ms=3004.2 context_ms=40.2 state_ms=6.33 prefix_ms=0.0 suffix_ms=258.2 first_token_ms=3749.5 generation_ms=17995.6 generated=64 generation_tps=3.556
AGENT index=1 mig=31ffbfe4 exit=0 wall_ms=30774 text=a8d47b5298abb2fc role=child prefix_tokens=14282 suffix_tokens=22 model_ms=2971.6 context_ms=39.6 state_ms=7.09 prefix_ms=0.0 suffix_ms=221.2 first_token_ms=3683.6 generation_ms=26697.2 generated=64 generation_tps=2.397
AGENT index=2 mig=fafc828a exit=0 wall_ms=22022 text=abfd4eb3fb8ebdd8 role=child prefix_tokens=14282 suffix_tokens=24 model_ms=2995.9 context_ms=40.5 state_ms=6.70 prefix_ms=0.0 suffix_ms=231.8 first_token_ms=3715.4 generation_ms=17864.2 generated=64 generation_tps=3.583
AGENT index=3 mig=31ffbfe4 exit=0 wall_ms=31675 text=077e38d3762a4e5d role=child prefix_tokens=14282 suffix_tokens=32 model_ms=3163.7 context_ms=29.7 state_ms=6.41 prefix_ms=0.0 suffix_ms=472.8 first_token_ms=4133.1 generation_ms=26902.3 generated=64 generation_tps=2.379
AGENT index=4 mig=fafc828a exit=0 wall_ms=23338 text=16f8c0610a09645d role=child prefix_tokens=14282 suffix_tokens=23 model_ms=3591.8 context_ms=33.5 state_ms=6.14 prefix_ms=0.0 suffix_ms=531.0 first_token_ms=4611.2 generation_ms=18125.2 generated=64 generation_tps=3.531
AGENT index=5 mig=31ffbfe4 exit=0 wall_ms=32011 text=ff4188d71e02bfdb role=child prefix_tokens=14282 suffix_tokens=26 model_ms=3310.0 context_ms=38.4 state_ms=6.36 prefix_ms=0.0 suffix_ms=704.4 first_token_ms=4525.2 generation_ms=26801.2 generated=64 generation_tps=2.388
AGENT index=6 mig=fafc828a exit=0 wall_ms=23135 text=f88f503d1005fa22 role=child prefix_tokens=14282 suffix_tokens=21 model_ms=3410.4 context_ms=32.6 state_ms=6.49 prefix_ms=0.0 suffix_ms=326.9 first_token_ms=4226.0 generation_ms=18250.5 generated=64 generation_tps=3.507
AGENT index=7 mig=31ffbfe4 exit=0 wall_ms=32034 text=f9c832b7cad1a509 role=child prefix_tokens=14282 suffix_tokens=31 model_ms=4174.0 context_ms=30.5 state_ms=6.19 prefix_ms=0.0 suffix_ms=885.9 first_token_ms=5538.0 generation_ms=25937.5 generated=64 generation_tps=2.467
AGENT index=8 mig=fafc828a exit=0 wall_ms=23256 text=ae3f57b141780268 role=child prefix_tokens=14282 suffix_tokens=18 model_ms=3618.8 context_ms=29.8 state_ms=6.40 prefix_ms=0.0 suffix_ms=528.4 first_token_ms=4621.3 generation_ms=18092.5 generated=64 generation_tps=3.537
AGENT index=9 mig=31ffbfe4 exit=0 wall_ms=31880 text=a2d016def74ecc62 role=child prefix_tokens=14282 suffix_tokens=18 model_ms=3305.5 context_ms=38.4 state_ms=6.41 prefix_ms=0.0 suffix_ms=690.5 first_token_ms=4504.1 generation_ms=26802.7 generated=64 generation_tps=2.388
AGENT index=10 mig=fafc828a exit=0 wall_ms=23376 text=a733f3a39259263c role=child prefix_tokens=14282 suffix_tokens=18 model_ms=3569.4 context_ms=33.5 state_ms=6.45 prefix_ms=0.0 suffix_ms=540.7 first_token_ms=4614.1 generation_ms=18118.2 generated=64 generation_tps=3.532
AGENT index=11 mig=31ffbfe4 exit=0 wall_ms=31928 text=087278665f3dec68 role=child prefix_tokens=14282 suffix_tokens=22 model_ms=3312.6 context_ms=36.3 state_ms=6.32 prefix_ms=0.0 suffix_ms=668.9 first_token_ms=4474.8 generation_ms=26800.0 generated=64 generation_tps=2.388
MEMORY mem_available_drop_mib=62909 mem_available_before_mib=120157 mem_free_before_mib=46164 pss_anon_mib=2934 pss_file_mib=328 pss_shmem_mib=4987 device_mib=54684 samples=5
END_CASE failed_agents=0 wall_ms=32143
CASE mode=weights agents=1
AGENT index=0 mig=fafc828a exit=0 wall_ms=4073 text=bb92e4befc7eddec role=child prefix_tokens=14282 suffix_tokens=27 model_ms=629.7 context_ms=37.4 state_ms=114.93 prefix_ms=0.0 suffix_ms=112.6 first_token_ms=949.3 generation_ms=2680.4 generated=64 generation_tps=23.877
MEMORY mem_available_drop_mib=1660 mem_available_before_mib=120166 mem_free_before_mib=46173 pss_anon_mib=228 pss_file_mib=4558 pss_shmem_mib=58 device_mib=1290 samples=1
END_CASE failed_agents=0 wall_ms=4108
CASE mode=weights agents=2
AGENT index=0 mig=fafc828a exit=0 wall_ms=4402 text=bb92e4befc7eddec role=child prefix_tokens=14282 suffix_tokens=27 model_ms=699.3 context_ms=45.3 state_ms=206.08 prefix_ms=0.0 suffix_ms=114.8 first_token_ms=1155.1 generation_ms=2902.8 generated=64 generation_tps=22.047
AGENT index=1 mig=31ffbfe4 exit=0 wall_ms=5898 text=a8d47b5298abb2fc role=child prefix_tokens=14282 suffix_tokens=22 model_ms=697.2 context_ms=51.0 state_ms=200.32 prefix_ms=0.0 suffix_ms=140.5 first_token_ms=1177.1 generation_ms=4275.3 generated=64 generation_tps=14.970
MEMORY mem_available_drop_mib=3248 mem_available_before_mib=120093 mem_free_before_mib=46100 pss_anon_mib=456 pss_file_mib=4580 pss_shmem_mib=116 device_mib=2566 samples=1
END_CASE failed_agents=0 wall_ms=5940
CASE mode=weights agents=4
AGENT index=0 mig=fafc828a exit=0 wall_ms=7937 text=bb92e4befc7eddec role=child prefix_tokens=14282 suffix_tokens=27 model_ms=888.3 context_ms=61.2 state_ms=144.25 prefix_ms=0.0 suffix_ms=184.7 first_token_ms=1439.4 generation_ms=6105.2 generated=64 generation_tps=10.483
AGENT index=1 mig=31ffbfe4 exit=0 wall_ms=10961 text=a8d47b5298abb2fc role=child prefix_tokens=14282 suffix_tokens=22 model_ms=884.1 context_ms=65.8 state_ms=142.39 prefix_ms=0.0 suffix_ms=264.6 first_token_ms=1522.4 generation_ms=9078.8 generated=64 generation_tps=7.049
AGENT index=2 mig=fafc828a exit=0 wall_ms=7959 text=abfd4eb3fb8ebdd8 role=child prefix_tokens=14282 suffix_tokens=24 model_ms=879.2 context_ms=81.3 state_ms=143.41 prefix_ms=0.0 suffix_ms=188.7 first_token_ms=1462.4 generation_ms=6120.6 generated=64 generation_tps=10.457
AGENT index=3 mig=31ffbfe4 exit=0 wall_ms=11103 text=077e38d3762a4e5d role=child prefix_tokens=14282 suffix_tokens=32 model_ms=879.9 context_ms=73.3 state_ms=139.85 prefix_ms=0.0 suffix_ms=290.1 first_token_ms=1551.3 generation_ms=9095.6 generated=64 generation_tps=7.036
MEMORY mem_available_drop_mib=6447 mem_available_before_mib=120045 mem_free_before_mib=46051 pss_anon_mib=915 pss_file_mib=4622 pss_shmem_mib=232 device_mib=5132 samples=2
END_CASE failed_agents=0 wall_ms=11161
CASE mode=weights agents=8
AGENT index=0 mig=fafc828a exit=0 wall_ms=15005 text=bb92e4befc7eddec role=child prefix_tokens=14282 suffix_tokens=27 model_ms=1187.6 context_ms=123.8 state_ms=190.56 prefix_ms=0.0 suffix_ms=320.4 first_token_ms=2127.3 generation_ms=12398.2 generated=64 generation_tps=5.162
AGENT index=1 mig=31ffbfe4 exit=0 wall_ms=21110 text=a8d47b5298abb2fc role=child prefix_tokens=14282 suffix_tokens=22 model_ms=1189.8 context_ms=138.9 state_ms=194.28 prefix_ms=0.0 suffix_ms=513.9 first_token_ms=2345.2 generation_ms=18326.8 generated=64 generation_tps=3.492
AGENT index=2 mig=fafc828a exit=0 wall_ms=14973 text=abfd4eb3fb8ebdd8 role=child prefix_tokens=14282 suffix_tokens=24 model_ms=1176.1 context_ms=152.4 state_ms=186.12 prefix_ms=0.0 suffix_ms=339.9 first_token_ms=2171.6 generation_ms=12344.7 generated=64 generation_tps=5.184
AGENT index=3 mig=31ffbfe4 exit=0 wall_ms=20983 text=077e38d3762a4e5d role=child prefix_tokens=14282 suffix_tokens=32 model_ms=1182.4 context_ms=143.0 state_ms=188.81 prefix_ms=0.0 suffix_ms=536.4 first_token_ms=2358.1 generation_ms=18277.5 generated=64 generation_tps=3.502
AGENT index=4 mig=fafc828a exit=0 wall_ms=14972 text=16f8c0610a09645d role=child prefix_tokens=14282 suffix_tokens=23 model_ms=1172.9 context_ms=126.8 state_ms=196.32 prefix_ms=0.0 suffix_ms=327.5 first_token_ms=2143.7 generation_ms=12337.1 generated=64 generation_tps=5.188
AGENT index=5 mig=31ffbfe4 exit=0 wall_ms=21075 text=ff4188d71e02bfdb role=child prefix_tokens=14282 suffix_tokens=26 model_ms=1178.0 context_ms=124.4 state_ms=201.35 prefix_ms=0.0 suffix_ms=523.7 first_token_ms=2331.7 generation_ms=18322.1 generated=64 generation_tps=3.493
AGENT index=6 mig=fafc828a exit=0 wall_ms=14970 text=f88f503d1005fa22 role=child prefix_tokens=14282 suffix_tokens=21 model_ms=1162.3 context_ms=129.6 state_ms=198.46 prefix_ms=0.0 suffix_ms=320.7 first_token_ms=2131.3 generation_ms=12322.7 generated=64 generation_tps=5.194
AGENT index=7 mig=31ffbfe4 exit=0 wall_ms=20949 text=f9c832b7cad1a509 role=child prefix_tokens=14282 suffix_tokens=31 model_ms=1164.9 context_ms=118.1 state_ms=195.05 prefix_ms=0.0 suffix_ms=514.1 first_token_ms=2312.0 generation_ms=18274.9 generated=64 generation_tps=3.502
MEMORY mem_available_drop_mib=12844 mem_available_before_mib=120019 mem_free_before_mib=46025 pss_anon_mib=1833 pss_file_mib=4923 pss_shmem_mib=465 device_mib=10264 samples=4
END_CASE failed_agents=0 wall_ms=21186
CASE mode=weights agents=12
AGENT index=0 mig=fafc828a exit=0 wall_ms=21730 text=bb92e4befc7eddec role=child prefix_tokens=14282 suffix_tokens=27 model_ms=1401.2 context_ms=120.6 state_ms=237.85 prefix_ms=0.0 suffix_ms=532.4 first_token_ms=2740.2 generation_ms=18508.3 generated=64 generation_tps=3.458
AGENT index=1 mig=31ffbfe4 exit=0 wall_ms=30828 text=a8d47b5298abb2fc role=child prefix_tokens=14282 suffix_tokens=22 model_ms=1447.9 context_ms=120.7 state_ms=238.20 prefix_ms=0.0 suffix_ms=735.7 first_token_ms=2994.4 generation_ms=27443.0 generated=64 generation_tps=2.332
AGENT index=2 mig=fafc828a exit=0 wall_ms=21374 text=abfd4eb3fb8ebdd8 role=child prefix_tokens=14282 suffix_tokens=24 model_ms=1385.9 context_ms=102.4 state_ms=221.68 prefix_ms=0.0 suffix_ms=276.8 first_token_ms=2423.2 generation_ms=18573.8 generated=64 generation_tps=3.446
AGENT index=3 mig=31ffbfe4 exit=0 wall_ms=30972 text=077e38d3762a4e5d role=child prefix_tokens=14282 suffix_tokens=32 model_ms=1379.2 context_ms=155.4 state_ms=258.96 prefix_ms=0.0 suffix_ms=754.5 first_token_ms=2986.3 generation_ms=27509.3 generated=64 generation_tps=2.326
AGENT index=4 mig=fafc828a exit=0 wall_ms=21773 text=16f8c0610a09645d role=child prefix_tokens=14282 suffix_tokens=23 model_ms=1375.4 context_ms=133.7 state_ms=241.63 prefix_ms=0.0 suffix_ms=497.7 first_token_ms=2720.1 generation_ms=18558.8 generated=64 generation_tps=3.448
AGENT index=5 mig=31ffbfe4 exit=0 wall_ms=30921 text=ff4188d71e02bfdb role=child prefix_tokens=14282 suffix_tokens=26 model_ms=1432.0 context_ms=130.3 state_ms=236.39 prefix_ms=0.0 suffix_ms=800.5 first_token_ms=3048.8 generation_ms=27482.4 generated=64 generation_tps=2.329
AGENT index=6 mig=fafc828a exit=0 wall_ms=21695 text=f88f503d1005fa22 role=child prefix_tokens=14282 suffix_tokens=21 model_ms=1415.5 context_ms=132.6 state_ms=236.52 prefix_ms=0.0 suffix_ms=493.4 first_token_ms=2740.2 generation_ms=18502.8 generated=64 generation_tps=3.459
AGENT index=7 mig=31ffbfe4 exit=0 wall_ms=30993 text=f9c832b7cad1a509 role=child prefix_tokens=14282 suffix_tokens=31 model_ms=1393.5 context_ms=143.2 state_ms=237.39 prefix_ms=0.0 suffix_ms=831.6 first_token_ms=3060.7 generation_ms=27484.0 generated=64 generation_tps=2.329
AGENT index=8 mig=fafc828a exit=0 wall_ms=21795 text=ae3f57b141780268 role=child prefix_tokens=14282 suffix_tokens=18 model_ms=1430.3 context_ms=114.5 state_ms=244.01 prefix_ms=0.0 suffix_ms=505.6 first_token_ms=2741.9 generation_ms=18527.1 generated=64 generation_tps=3.454
AGENT index=9 mig=31ffbfe4 exit=0 wall_ms=31037 text=a2d016def74ecc62 role=child prefix_tokens=14282 suffix_tokens=18 model_ms=1446.3 context_ms=135.3 state_ms=222.35 prefix_ms=0.0 suffix_ms=773.9 first_token_ms=3022.7 generation_ms=27520.6 generated=64 generation_tps=2.326
AGENT index=10 mig=fafc828a exit=0 wall_ms=21636 text=a733f3a39259263c role=child prefix_tokens=14282 suffix_tokens=18 model_ms=1383.1 context_ms=130.1 state_ms=236.22 prefix_ms=0.0 suffix_ms=453.6 first_token_ms=2625.5 generation_ms=18551.6 generated=64 generation_tps=3.450
AGENT index=11 mig=31ffbfe4 exit=0 wall_ms=30885 text=087278665f3dec68 role=child prefix_tokens=14282 suffix_tokens=22 model_ms=1423.5 context_ms=134.9 state_ms=230.20 prefix_ms=0.0 suffix_ms=763.3 first_token_ms=3012.8 generation_ms=27468.0 generated=64 generation_tps=2.330
MEMORY mem_available_drop_mib=19362 mem_available_before_mib=120113 mem_free_before_mib=46118 pss_anon_mib=2748 pss_file_mib=4788 pss_shmem_mib=698 device_mib=15396 samples=5
END_CASE failed_agents=0 wall_ms=31144
CASE mode=weights agents=16
AGENT index=0 mig=fafc828a exit=0 wall_ms=28673 text=bb92e4befc7eddec role=child prefix_tokens=14282 suffix_tokens=27 model_ms=2071.4 context_ms=54.5 state_ms=406.63 prefix_ms=0.0 suffix_ms=722.0 first_token_ms=3844.2 generation_ms=24412.0 generated=64 generation_tps=2.622
AGENT index=1 mig=31ffbfe4 exit=0 wall_ms=40801 text=a8d47b5298abb2fc role=child prefix_tokens=14282 suffix_tokens=22 model_ms=1795.6 context_ms=230.1 state_ms=501.50 prefix_ms=0.0 suffix_ms=1002.8 first_token_ms=4154.5 generation_ms=36297.6 generated=64 generation_tps=1.763
AGENT index=2 mig=fafc828a exit=0 wall_ms=28469 text=abfd4eb3fb8ebdd8 role=child prefix_tokens=14282 suffix_tokens=24 model_ms=1836.6 context_ms=122.6 state_ms=238.57 prefix_ms=0.0 suffix_ms=509.1 first_token_ms=3302.4 generation_ms=24699.2 generated=64 generation_tps=2.591
AGENT index=3 mig=31ffbfe4 exit=0 wall_ms=40175 text=077e38d3762a4e5d role=child prefix_tokens=14282 suffix_tokens=32 model_ms=1634.6 context_ms=39.5 state_ms=215.90 prefix_ms=0.0 suffix_ms=637.3 first_token_ms=3166.3 generation_ms=36669.2 generated=64 generation_tps=1.745
AGENT index=4 mig=fafc828a exit=0 wall_ms=28567 text=16f8c0610a09645d role=child prefix_tokens=14282 suffix_tokens=23 model_ms=1820.9 context_ms=140.9 state_ms=239.84 prefix_ms=0.0 suffix_ms=664.5 first_token_ms=3478.0 generation_ms=24669.0 generated=64 generation_tps=2.594
AGENT index=5 mig=31ffbfe4 exit=0 wall_ms=40991 text=ff4188d71e02bfdb role=child prefix_tokens=14282 suffix_tokens=26 model_ms=2145.6 context_ms=83.1 state_ms=454.21 prefix_ms=0.0 suffix_ms=1215.5 first_token_ms=4523.7 generation_ms=36067.4 generated=64 generation_tps=1.774
AGENT index=6 mig=fafc828a exit=0 wall_ms=28487 text=f88f503d1005fa22 role=child prefix_tokens=14282 suffix_tokens=21 model_ms=1773.3 context_ms=153.5 state_ms=244.63 prefix_ms=0.0 suffix_ms=527.8 first_token_ms=3314.8 generation_ms=24679.2 generated=64 generation_tps=2.593
AGENT index=7 mig=31ffbfe4 exit=0 wall_ms=40288 text=f9c832b7cad1a509 role=child prefix_tokens=14282 suffix_tokens=31 model_ms=1744.2 context_ms=44.9 state_ms=200.23 prefix_ms=0.0 suffix_ms=639.1 first_token_ms=3222.9 generation_ms=36719.0 generated=64 generation_tps=1.743
AGENT index=8 mig=fafc828a exit=0 wall_ms=28756 text=ae3f57b141780268 role=child prefix_tokens=14282 suffix_tokens=18 model_ms=2156.1 context_ms=56.8 state_ms=644.45 prefix_ms=0.0 suffix_ms=759.4 first_token_ms=4243.2 generation_ms=24048.8 generated=64 generation_tps=2.661
AGENT index=9 mig=31ffbfe4 exit=0 wall_ms=40959 text=a2d016def74ecc62 role=child prefix_tokens=14282 suffix_tokens=18 model_ms=2025.8 context_ms=86.8 state_ms=464.16 prefix_ms=0.0 suffix_ms=1118.7 first_token_ms=4284.4 generation_ms=36267.5 generated=64 generation_tps=1.765
AGENT index=10 mig=fafc828a exit=0 wall_ms=27963 text=a733f3a39259263c role=child prefix_tokens=14282 suffix_tokens=18 model_ms=1710.5 context_ms=80.0 state_ms=225.60 prefix_ms=0.0 suffix_ms=262.2 first_token_ms=2920.2 generation_ms=24648.8 generated=64 generation_tps=2.596
AGENT index=11 mig=31ffbfe4 exit=0 wall_ms=40834 text=087278665f3dec68 role=child prefix_tokens=14282 suffix_tokens=22 model_ms=1829.1 context_ms=156.2 state_ms=499.12 prefix_ms=0.0 suffix_ms=1010.7 first_token_ms=4089.5 generation_ms=36356.3 generated=64 generation_tps=1.760
AGENT index=12 mig=fafc828a exit=0 wall_ms=28526 text=2c93819fe85df763 role=child prefix_tokens=14282 suffix_tokens=21 model_ms=1834.6 context_ms=123.1 state_ms=235.21 prefix_ms=0.0 suffix_ms=531.4 first_token_ms=3333.8 generation_ms=24740.9 generated=64 generation_tps=2.587
AGENT index=13 mig=31ffbfe4 exit=0 wall_ms=40854 text=5d483815f91685a6 role=child prefix_tokens=14282 suffix_tokens=31 model_ms=1816.5 context_ms=149.3 state_ms=510.05 prefix_ms=0.0 suffix_ms=1056.0 first_token_ms=4151.3 generation_ms=36361.7 generated=64 generation_tps=1.760
AGENT index=14 mig=fafc828a exit=0 wall_ms=28391 text=3f33f20708943e2f role=child prefix_tokens=14282 suffix_tokens=21 model_ms=1733.0 context_ms=132.6 state_ms=248.39 prefix_ms=0.0 suffix_ms=507.2 first_token_ms=3252.3 generation_ms=24690.8 generated=64 generation_tps=2.592
AGENT index=15 mig=31ffbfe4 exit=0 wall_ms=40121 text=0502c45076359254 role=child prefix_tokens=14282 suffix_tokens=26 model_ms=1634.7 context_ms=48.4 state_ms=198.62 prefix_ms=0.0 suffix_ms=657.1 first_token_ms=3100.6 generation_ms=36604.8 generated=64 generation_tps=1.748
MEMORY mem_available_drop_mib=25815 mem_available_before_mib=120131 mem_free_before_mib=46135 pss_anon_mib=3662 pss_file_mib=4872 pss_shmem_mib=931 device_mib=20528 samples=7
END_CASE failed_agents=0 wall_ms=41118
CASE mode=weights agents=32
AGENT index=0 mig=fafc828a exit=0 wall_ms=56019 text=bb92e4befc7eddec role=child prefix_tokens=14282 suffix_tokens=27 model_ms=4223.1 context_ms=153.9 state_ms=875.89 prefix_ms=0.0 suffix_ms=1617.5 first_token_ms=8023.7 generation_ms=47545.6 generated=64 generation_tps=1.346
AGENT index=1 mig=31ffbfe4 exit=0 wall_ms=80717 text=a8d47b5298abb2fc role=child prefix_tokens=14282 suffix_tokens=22 model_ms=4231.1 context_ms=179.0 state_ms=884.85 prefix_ms=0.0 suffix_ms=2166.9 first_token_ms=8636.1 generation_ms=71673.4 generated=64 generation_tps=0.893
AGENT index=2 mig=fafc828a exit=0 wall_ms=54709 text=abfd4eb3fb8ebdd8 role=child prefix_tokens=14282 suffix_tokens=24 model_ms=3462.9 context_ms=190.8 state_ms=464.22 prefix_ms=0.0 suffix_ms=879.6 first_token_ms=6207.3 generation_ms=48060.9 generated=64 generation_tps=1.332
AGENT index=3 mig=31ffbfe4 exit=0 wall_ms=74020 text=077e38d3762a4e5d role=child prefix_tokens=14282 suffix_tokens=32 model_ms=2469.7 context_ms=118.8 state_ms=168.73 prefix_ms=0.0 suffix_ms=481.4 first_token_ms=4388.4 generation_ms=69265.0 generated=64 generation_tps=0.924
AGENT index=4 mig=fafc828a exit=0 wall_ms=55661 text=16f8c0610a09645d role=child prefix_tokens=14282 suffix_tokens=23 model_ms=4175.5 context_ms=165.8 state_ms=838.12 prefix_ms=0.0 suffix_ms=1316.9 first_token_ms=7653.5 generation_ms=47552.3 generated=64 generation_tps=1.346
AGENT index=5 mig=31ffbfe4 exit=0 wall_ms=80383 text=ff4188d71e02bfdb role=child prefix_tokens=14282 suffix_tokens=26 model_ms=3747.0 context_ms=271.4 state_ms=793.11 prefix_ms=0.0 suffix_ms=1863.4 first_token_ms=7822.7 generation_ms=72184.5 generated=64 generation_tps=0.887
AGENT index=6 mig=fafc828a exit=0 wall_ms=55252 text=f88f503d1005fa22 role=child prefix_tokens=14282 suffix_tokens=21 model_ms=3391.8 context_ms=267.7 state_ms=627.12 prefix_ms=0.0 suffix_ms=861.8 first_token_ms=6587.8 generation_ms=48253.0 generated=64 generation_tps=1.326
AGENT index=7 mig=31ffbfe4 exit=0 wall_ms=80780 text=f9c832b7cad1a509 role=child prefix_tokens=14282 suffix_tokens=31 model_ms=3797.9 context_ms=260.2 state_ms=847.62 prefix_ms=0.0 suffix_ms=2215.1 first_token_ms=8432.5 generation_ms=71901.1 generated=64 generation_tps=0.890
AGENT index=8 mig=fafc828a exit=0 wall_ms=55274 text=ae3f57b141780268 role=child prefix_tokens=14282 suffix_tokens=18 model_ms=3821.3 context_ms=273.8 state_ms=624.64 prefix_ms=0.0 suffix_ms=879.9 first_token_ms=6660.7 generation_ms=48233.8 generated=64 generation_tps=1.327
AGENT index=9 mig=31ffbfe4 exit=0 wall_ms=80802 text=a2d016def74ecc62 role=child prefix_tokens=14282 suffix_tokens=18 model_ms=4235.1 context_ms=170.7 state_ms=894.92 prefix_ms=0.0 suffix_ms=2131.7 first_token_ms=8573.4 generation_ms=71765.9 generated=64 generation_tps=0.892
AGENT index=10 mig=fafc828a exit=0 wall_ms=55800 text=a733f3a39259263c role=child prefix_tokens=14282 suffix_tokens=18 model_ms=3951.8 context_ms=248.7 state_ms=818.67 prefix_ms=0.0 suffix_ms=1235.5 first_token_ms=7421.8 generation_ms=47903.0 generated=64 generation_tps=1.336
AGENT index=11 mig=31ffbfe4 exit=0 wall_ms=80246 text=087278665f3dec68 role=child prefix_tokens=14282 suffix_tokens=22 model_ms=3523.2 context_ms=337.3 state_ms=791.15 prefix_ms=0.0 suffix_ms=1742.8 first_token_ms=7737.3 generation_ms=72118.3 generated=64 generation_tps=0.887
AGENT index=12 mig=fafc828a exit=0 wall_ms=36823 text=2c93819fe85df763 role=child prefix_tokens=14282 suffix_tokens=21 model_ms=2128.6 context_ms=188.4 state_ms=149.62 prefix_ms=0.0 suffix_ms=207.8 first_token_ms=3828.5 generation_ms=32139.6 generated=64 generation_tps=1.991
AGENT index=13 mig=31ffbfe4 exit=0 wall_ms=79552 text=5d483815f91685a6 role=child prefix_tokens=14282 suffix_tokens=31 model_ms=3167.7 context_ms=113.4 state_ms=504.25 prefix_ms=0.0 suffix_ms=1329.5 first_token_ms=6411.5 generation_ms=72738.6 generated=64 generation_tps=0.880
AGENT index=14 mig=fafc828a exit=0 wall_ms=53909 text=3f33f20708943e2f role=child prefix_tokens=14282 suffix_tokens=21 model_ms=3187.9 context_ms=95.5 state_ms=381.45 prefix_ms=0.0 suffix_ms=826.5 first_token_ms=5671.3 generation_ms=47810.5 generated=64 generation_tps=1.339
AGENT index=15 mig=31ffbfe4 exit=0 wall_ms=80813 text=0502c45076359254 role=child prefix_tokens=14282 suffix_tokens=26 model_ms=4051.4 context_ms=215.5 state_ms=887.39 prefix_ms=0.0 suffix_ms=2275.9 first_token_ms=8571.2 generation_ms=71716.0 generated=64 generation_tps=0.892
AGENT index=16 mig=fafc828a exit=0 wall_ms=56059 text=0ebc8757605c5571 role=child prefix_tokens=14282 suffix_tokens=25 model_ms=4216.5 context_ms=193.8 state_ms=862.29 prefix_ms=0.0 suffix_ms=1550.5 first_token_ms=7900.1 generation_ms=47622.5 generated=64 generation_tps=1.344
AGENT index=17 mig=31ffbfe4 exit=0 wall_ms=80247 text=5d7dbcf0a7eca76c role=child prefix_tokens=14282 suffix_tokens=22 model_ms=3515.0 context_ms=282.3 state_ms=768.92 prefix_ms=0.0 suffix_ms=1686.1 first_token_ms=7587.5 generation_ms=72300.2 generated=64 generation_tps=0.885
AGENT index=18 mig=fafc828a exit=0 wall_ms=55999 text=cb99e4b1c2fd84d5 role=child prefix_tokens=14282 suffix_tokens=21 model_ms=4131.6 context_ms=100.2 state_ms=885.51 prefix_ms=0.0 suffix_ms=1426.3 first_token_ms=7906.3 generation_ms=47627.2 generated=64 generation_tps=1.344
AGENT index=19 mig=31ffbfe4 exit=0 wall_ms=71285 text=4c7501e634d9bf23 role=child prefix_tokens=14282 suffix_tokens=18 model_ms=2099.7 context_ms=225.0 state_ms=165.07 prefix_ms=0.0 suffix_ms=372.6 first_token_ms=4030.0 generation_ms=66885.8 generated=64 generation_tps=0.957
AGENT index=20 mig=fafc828a exit=0 wall_ms=55914 text=b3893059e7e79532 role=child prefix_tokens=14282 suffix_tokens=21 model_ms=4176.1 context_ms=144.6 state_ms=854.54 prefix_ms=0.0 suffix_ms=1353.0 first_token_ms=7706.1 generation_ms=47751.0 generated=64 generation_tps=1.340
AGENT index=21 mig=31ffbfe4 exit=0 wall_ms=80739 text=284eef78a2286715 role=child prefix_tokens=14282 suffix_tokens=26 model_ms=3864.9 context_ms=205.2 state_ms=860.45 prefix_ms=0.0 suffix_ms=2200.3 first_token_ms=8396.3 generation_ms=71889.4 generated=64 generation_tps=0.890
AGENT index=22 mig=fafc828a exit=0 wall_ms=55965 text=ad3122b47bf9d41d role=child prefix_tokens=14282 suffix_tokens=27 model_ms=4318.3 context_ms=119.1 state_ms=843.68 prefix_ms=0.0 suffix_ms=1554.6 first_token_ms=7960.5 generation_ms=47508.4 generated=64 generation_tps=1.347
AGENT index=23 mig=31ffbfe4 exit=0 wall_ms=79985 text=f79224e341ba5115 role=child prefix_tokens=14282 suffix_tokens=17 model_ms=3532.6 context_ms=244.5 state_ms=723.67 prefix_ms=0.0 suffix_ms=1382.4 first_token_ms=7064.8 generation_ms=72566.7 generated=64 generation_tps=0.882
AGENT index=24 mig=fafc828a exit=0 wall_ms=55376 text=9834d2c93010cb40 role=child prefix_tokens=14282 suffix_tokens=22 model_ms=3805.1 context_ms=162.3 state_ms=669.14 prefix_ms=0.0 suffix_ms=931.9 first_token_ms=6730.4 generation_ms=48217.4 generated=64 generation_tps=1.327
AGENT index=25 mig=31ffbfe4 exit=0 wall_ms=80552 text=da4c2dca73ac54e0 role=child prefix_tokens=14282 suffix_tokens=23 model_ms=3907.9 context_ms=262.9 state_ms=830.81 prefix_ms=0.0 suffix_ms=1985.9 first_token_ms=8125.7 generation_ms=72035.1 generated=64 generation_tps=0.888
AGENT index=26 mig=fafc828a exit=0 wall_ms=54070 text=07ec2de36a00f7a1 role=child prefix_tokens=14282 suffix_tokens=19 model_ms=3211.3 context_ms=100.1 state_ms=392.80 prefix_ms=0.0 suffix_ms=809.9 first_token_ms=5721.5 generation_ms=47927.5 generated=64 generation_tps=1.335
AGENT index=27 mig=31ffbfe4 exit=0 wall_ms=80815 text=e1e29071a16e2061 role=child prefix_tokens=14282 suffix_tokens=21 model_ms=3972.6 context_ms=153.1 state_ms=874.58 prefix_ms=0.0 suffix_ms=2171.3 first_token_ms=8564.5 generation_ms=71727.6 generated=64 generation_tps=0.892
AGENT index=28 mig=fafc828a exit=0 wall_ms=55686 text=1c65ed1020843e8d role=child prefix_tokens=14282 suffix_tokens=20 model_ms=4108.8 context_ms=176.6 state_ms=833.22 prefix_ms=0.0 suffix_ms=1272.2 first_token_ms=7451.2 generation_ms=47838.9 generated=64 generation_tps=1.338
AGENT index=29 mig=31ffbfe4 exit=0 wall_ms=79616 text=a72f71cd80731afe role=child prefix_tokens=14282 suffix_tokens=22 model_ms=3544.0 context_ms=211.0 state_ms=664.14 prefix_ms=0.0 suffix_ms=1187.4 first_token_ms=6694.2 generation_ms=72555.7 generated=64 generation_tps=0.882
AGENT index=30 mig=fafc828a exit=0 wall_ms=55002 text=317f6f38771a1e41 role=child prefix_tokens=14282 suffix_tokens=20 model_ms=3428.2 context_ms=284.2 state_ms=604.43 prefix_ms=0.0 suffix_ms=798.3 first_token_ms=6377.0 generation_ms=48202.8 generated=64 generation_tps=1.328
AGENT index=31 mig=31ffbfe4 exit=0 wall_ms=80454 text=1b4036771dcdadef role=child prefix_tokens=14282 suffix_tokens=22 model_ms=3994.5 context_ms=198.5 state_ms=831.52 prefix_ms=0.0 suffix_ms=1997.1 first_token_ms=8128.7 generation_ms=71913.3 generated=64 generation_tps=0.890
MEMORY mem_available_drop_mib=51449 mem_available_before_mib=120130 mem_free_before_mib=46131 pss_anon_mib=7312 pss_file_mib=5245 pss_shmem_mib=1862 device_mib=41056 samples=9
END_CASE failed_agents=0 wall_ms=81092
CASE mode=both agents=1
AGENT index=0 mig=fafc828a exit=0 wall_ms=3994 text=bb92e4befc7eddec role=child prefix_tokens=14282 suffix_tokens=27 model_ms=629.7 context_ms=26.3 state_ms=6.51 prefix_ms=0.0 suffix_ms=111.3 first_token_ms=830.2 generation_ms=2694.6 generated=64 generation_tps=23.751
MEMORY mem_available_drop_mib=767 mem_available_before_mib=120165 mem_free_before_mib=46160 pss_anon_mib=246 pss_file_mib=4558 pss_shmem_mib=839 device_mib=394 samples=1
END_CASE failed_agents=0 wall_ms=4030
CASE mode=both agents=2
AGENT index=0 mig=fafc828a exit=0 wall_ms=4297 text=bb92e4befc7eddec role=child prefix_tokens=14282 suffix_tokens=27 model_ms=708.3 context_ms=31.9 state_ms=6.19 prefix_ms=0.0 suffix_ms=118.2 first_token_ms=958.2 generation_ms=2955.0 generated=64 generation_tps=21.658
AGENT index=1 mig=31ffbfe4 exit=0 wall_ms=5875 text=a8d47b5298abb2fc role=child prefix_tokens=14282 suffix_tokens=22 model_ms=729.4 context_ms=31.8 state_ms=6.09 prefix_ms=0.0 suffix_ms=148.2 first_token_ms=988.2 generation_ms=4437.2 generated=64 generation_tps=14.424
MEMORY mem_available_drop_mib=1500 mem_available_before_mib=120088 mem_free_before_mib=46082 pss_anon_mib=478 pss_file_mib=4580 pss_shmem_mib=897 device_mib=774 samples=1
END_CASE failed_agents=0 wall_ms=5917
CASE mode=both agents=4
AGENT index=0 mig=fafc828a exit=0 wall_ms=7736 text=bb92e4befc7eddec role=child prefix_tokens=14282 suffix_tokens=27 model_ms=869.4 context_ms=34.6 state_ms=6.36 prefix_ms=0.0 suffix_ms=185.5 first_token_ms=1259.5 generation_ms=6095.2 generated=64 generation_tps=10.500
AGENT index=1 mig=31ffbfe4 exit=0 wall_ms=11063 text=a8d47b5298abb2fc role=child prefix_tokens=14282 suffix_tokens=22 model_ms=859.8 context_ms=36.6 state_ms=6.15 prefix_ms=0.0 suffix_ms=294.7 first_token_ms=1368.2 generation_ms=9331.4 generated=64 generation_tps=6.859
AGENT index=2 mig=fafc828a exit=0 wall_ms=7781 text=abfd4eb3fb8ebdd8 role=child prefix_tokens=14282 suffix_tokens=24 model_ms=871.2 context_ms=38.4 state_ms=7.16 prefix_ms=0.0 suffix_ms=196.6 first_token_ms=1282.7 generation_ms=6098.7 generated=64 generation_tps=10.494
AGENT index=3 mig=31ffbfe4 exit=0 wall_ms=11182 text=077e38d3762a4e5d role=child prefix_tokens=14282 suffix_tokens=32 model_ms=868.7 context_ms=36.2 state_ms=6.13 prefix_ms=0.0 suffix_ms=291.0 first_token_ms=1359.5 generation_ms=9352.4 generated=64 generation_tps=6.843
MEMORY mem_available_drop_mib=2801 mem_available_before_mib=119944 mem_free_before_mib=45939 pss_anon_mib=985 pss_file_mib=4622 pss_shmem_mib=1013 device_mib=1548 samples=2
END_CASE failed_agents=0 wall_ms=11240
CASE mode=both agents=8
AGENT index=0 mig=fafc828a exit=0 wall_ms=14350 text=bb92e4befc7eddec role=child prefix_tokens=14282 suffix_tokens=27 model_ms=1040.0 context_ms=32.1 state_ms=6.09 prefix_ms=0.0 suffix_ms=205.9 first_token_ms=1589.3 generation_ms=12354.9 generated=64 generation_tps=5.180
AGENT index=1 mig=31ffbfe4 exit=0 wall_ms=20371 text=a8d47b5298abb2fc role=child prefix_tokens=14282 suffix_tokens=22 model_ms=933.3 context_ms=25.4 state_ms=6.23 prefix_ms=0.0 suffix_ms=151.0 first_token_ms=1345.0 generation_ms=18635.5 generated=64 generation_tps=3.434
AGENT index=2 mig=fafc828a exit=0 wall_ms=14523 text=abfd4eb3fb8ebdd8 role=child prefix_tokens=14282 suffix_tokens=24 model_ms=1078.7 context_ms=30.9 state_ms=6.45 prefix_ms=0.0 suffix_ms=345.6 first_token_ms=1775.2 generation_ms=12322.5 generated=64 generation_tps=5.194
AGENT index=3 mig=31ffbfe4 exit=0 wall_ms=21019 text=077e38d3762a4e5d role=child prefix_tokens=14282 suffix_tokens=32 model_ms=1058.0 context_ms=32.0 state_ms=6.36 prefix_ms=0.0 suffix_ms=568.1 first_token_ms=1943.5 generation_ms=18657.5 generated=64 generation_tps=3.430
AGENT index=4 mig=fafc828a exit=0 wall_ms=14491 text=16f8c0610a09645d role=child prefix_tokens=14282 suffix_tokens=23 model_ms=1094.8 context_ms=30.9 state_ms=6.22 prefix_ms=0.0 suffix_ms=352.4 first_token_ms=1793.3 generation_ms=12306.4 generated=64 generation_tps=5.201
AGENT index=5 mig=31ffbfe4 exit=0 wall_ms=20988 text=ff4188d71e02bfdb role=child prefix_tokens=14282 suffix_tokens=26 model_ms=1002.6 context_ms=26.6 state_ms=6.55 prefix_ms=0.0 suffix_ms=545.0 first_token_ms=1889.3 generation_ms=18677.8 generated=64 generation_tps=3.427
AGENT index=6 mig=fafc828a exit=0 wall_ms=14439 text=f88f503d1005fa22 role=child prefix_tokens=14282 suffix_tokens=21 model_ms=1060.6 context_ms=28.1 state_ms=6.34 prefix_ms=0.0 suffix_ms=328.9 first_token_ms=1742.2 generation_ms=12305.6 generated=64 generation_tps=5.201
AGENT index=7 mig=31ffbfe4 exit=0 wall_ms=20987 text=f9c832b7cad1a509 role=child prefix_tokens=14282 suffix_tokens=31 model_ms=1020.7 context_ms=32.6 state_ms=6.15 prefix_ms=0.0 suffix_ms=581.5 first_token_ms=1957.3 generation_ms=18616.2 generated=64 generation_tps=3.438
MEMORY mem_available_drop_mib=5789 mem_available_before_mib=120078 mem_free_before_mib=46072 pss_anon_mib=1953 pss_file_mib=4705 pss_shmem_mib=1246 device_mib=3096 samples=3
END_CASE failed_agents=0 wall_ms=21096
CASE mode=both agents=12
AGENT index=0 mig=fafc828a exit=0 wall_ms=21306 text=bb92e4befc7eddec role=child prefix_tokens=14282 suffix_tokens=27 model_ms=1410.7 context_ms=47.1 state_ms=6.11 prefix_ms=0.0 suffix_ms=434.2 first_token_ms=2346.7 generation_ms=18478.5 generated=64 generation_tps=3.463
AGENT index=1 mig=31ffbfe4 exit=0 wall_ms=31481 text=a8d47b5298abb2fc role=child prefix_tokens=14282 suffix_tokens=22 model_ms=1480.5 context_ms=34.8 state_ms=6.14 prefix_ms=0.0 suffix_ms=851.0 first_token_ms=2841.5 generation_ms=28216.0 generated=64 generation_tps=2.268
AGENT index=2 mig=fafc828a exit=0 wall_ms=20331 text=abfd4eb3fb8ebdd8 role=child prefix_tokens=14282 suffix_tokens=24 model_ms=1287.8 context_ms=26.7 state_ms=6.24 prefix_ms=0.0 suffix_ms=104.3 first_token_ms=1867.0 generation_ms=18065.8 generated=64 generation_tps=3.543
AGENT index=3 mig=31ffbfe4 exit=0 wall_ms=31424 text=077e38d3762a4e5d role=child prefix_tokens=14282 suffix_tokens=32 model_ms=1407.0 context_ms=50.9 state_ms=6.26 prefix_ms=0.0 suffix_ms=729.5 first_token_ms=2647.7 generation_ms=28349.6 generated=64 generation_tps=2.258
AGENT index=4 mig=fafc828a exit=0 wall_ms=21351 text=16f8c0610a09645d role=child prefix_tokens=14282 suffix_tokens=23 model_ms=1477.0 context_ms=36.1 state_ms=6.56 prefix_ms=0.0 suffix_ms=524.7 first_token_ms=2508.8 generation_ms=18398.2 generated=64 generation_tps=3.479
AGENT index=5 mig=31ffbfe4 exit=0 wall_ms=31348 text=ff4188d71e02bfdb role=child prefix_tokens=14282 suffix_tokens=26 model_ms=1414.7 context_ms=45.3 state_ms=6.19 prefix_ms=0.0 suffix_ms=710.7 first_token_ms=2619.4 generation_ms=28299.3 generated=64 generation_tps=2.262
AGENT index=6 mig=fafc828a exit=0 wall_ms=21298 text=f88f503d1005fa22 role=child prefix_tokens=14282 suffix_tokens=21 model_ms=1399.9 context_ms=51.5 state_ms=6.30 prefix_ms=0.0 suffix_ms=470.8 first_token_ms=2382.5 generation_ms=18455.2 generated=64 generation_tps=3.468
AGENT index=7 mig=31ffbfe4 exit=0 wall_ms=31521 text=f9c832b7cad1a509 role=child prefix_tokens=14282 suffix_tokens=31 model_ms=1467.9 context_ms=36.1 state_ms=6.04 prefix_ms=0.0 suffix_ms=853.7 first_token_ms=2838.6 generation_ms=28215.0 generated=64 generation_tps=2.268
AGENT index=8 mig=fafc828a exit=0 wall_ms=21347 text=ae3f57b141780268 role=child prefix_tokens=14282 suffix_tokens=18 model_ms=1453.8 context_ms=36.8 state_ms=6.34 prefix_ms=0.0 suffix_ms=511.9 first_token_ms=2473.3 generation_ms=18430.8 generated=64 generation_tps=3.472
AGENT index=9 mig=31ffbfe4 exit=0 wall_ms=31245 text=a2d016def74ecc62 role=child prefix_tokens=14282 suffix_tokens=18 model_ms=1386.8 context_ms=52.3 state_ms=6.61 prefix_ms=0.0 suffix_ms=715.5 first_token_ms=2620.2 generation_ms=28255.1 generated=64 generation_tps=2.265
AGENT index=10 mig=fafc828a exit=0 wall_ms=21393 text=a733f3a39259263c role=child prefix_tokens=14282 suffix_tokens=18 model_ms=1431.5 context_ms=38.4 state_ms=6.42 prefix_ms=0.0 suffix_ms=516.1 first_token_ms=2464.0 generation_ms=18404.7 generated=64 generation_tps=3.477
AGENT index=11 mig=31ffbfe4 exit=0 wall_ms=31410 text=087278665f3dec68 role=child prefix_tokens=14282 suffix_tokens=22 model_ms=1432.4 context_ms=46.7 state_ms=8.40 prefix_ms=0.0 suffix_ms=780.7 first_token_ms=2706.0 generation_ms=28283.6 generated=64 generation_tps=2.263
MEMORY mem_available_drop_mib=8642 mem_available_before_mib=120104 mem_free_before_mib=46098 pss_anon_mib=2955 pss_file_mib=4788 pss_shmem_mib=1479 device_mib=4644 samples=5
END_CASE failed_agents=0 wall_ms=31626
CASE mode=both agents=16
AGENT index=0 mig=fafc828a exit=0 wall_ms=28421 text=bb92e4befc7eddec role=child prefix_tokens=14282 suffix_tokens=27 model_ms=1826.9 context_ms=66.1 state_ms=6.20 prefix_ms=0.0 suffix_ms=647.4 first_token_ms=3090.7 generation_ms=24810.7 generated=64 generation_tps=2.580
AGENT index=1 mig=31ffbfe4 exit=0 wall_ms=41746 text=a8d47b5298abb2fc role=child prefix_tokens=14282 suffix_tokens=22 model_ms=1754.3 context_ms=76.9 state_ms=11.68 prefix_ms=0.0 suffix_ms=1069.2 first_token_ms=3504.4 generation_ms=37745.9 generated=64 generation_tps=1.696
AGENT index=2 mig=fafc828a exit=0 wall_ms=28343 text=abfd4eb3fb8ebdd8 role=child prefix_tokens=14282 suffix_tokens=24 model_ms=1817.8 context_ms=46.2 state_ms=7.06 prefix_ms=0.0 suffix_ms=558.4 first_token_ms=3017.6 generation_ms=24865.9 generated=64 generation_tps=2.574
AGENT index=3 mig=31ffbfe4 exit=0 wall_ms=41664 text=077e38d3762a4e5d role=child prefix_tokens=14282 suffix_tokens=32 model_ms=1770.0 context_ms=67.9 state_ms=7.00 prefix_ms=0.0 suffix_ms=947.0 first_token_ms=3372.4 generation_ms=37786.8 generated=64 generation_tps=1.694
AGENT index=4 mig=fafc828a exit=0 wall_ms=28468 text=16f8c0610a09645d role=child prefix_tokens=14282 suffix_tokens=23 model_ms=2031.8 context_ms=33.1 state_ms=6.29 prefix_ms=0.0 suffix_ms=763.0 first_token_ms=3441.0 generation_ms=24561.1 generated=64 generation_tps=2.606
AGENT index=5 mig=31ffbfe4 exit=0 wall_ms=41636 text=ff4188d71e02bfdb role=child prefix_tokens=14282 suffix_tokens=26 model_ms=1751.0 context_ms=66.3 state_ms=6.02 prefix_ms=0.0 suffix_ms=964.2 first_token_ms=3403.5 generation_ms=37778.9 generated=64 generation_tps=1.694
AGENT index=6 mig=fafc828a exit=0 wall_ms=28188 text=f88f503d1005fa22 role=child prefix_tokens=14282 suffix_tokens=21 model_ms=1758.3 context_ms=57.6 state_ms=7.80 prefix_ms=0.0 suffix_ms=402.6 first_token_ms=2814.5 generation_ms=24936.0 generated=64 generation_tps=2.567
AGENT index=7 mig=31ffbfe4 exit=0 wall_ms=41709 text=f9c832b7cad1a509 role=child prefix_tokens=14282 suffix_tokens=31 model_ms=1767.2 context_ms=64.6 state_ms=6.15 prefix_ms=0.0 suffix_ms=988.0 first_token_ms=3425.2 generation_ms=37775.9 generated=64 generation_tps=1.694
AGENT index=8 mig=fafc828a exit=0 wall_ms=28410 text=ae3f57b141780268 role=child prefix_tokens=14282 suffix_tokens=18 model_ms=1759.0 context_ms=67.8 state_ms=10.43 prefix_ms=0.0 suffix_ms=532.0 first_token_ms=2972.2 generation_ms=24888.5 generated=64 generation_tps=2.571
AGENT index=9 mig=31ffbfe4 exit=0 wall_ms=41577 text=a2d016def74ecc62 role=child prefix_tokens=14282 suffix_tokens=18 model_ms=1745.4 context_ms=51.3 state_ms=11.16 prefix_ms=0.0 suffix_ms=982.0 first_token_ms=3345.6 generation_ms=37770.8 generated=64 generation_tps=1.694
AGENT index=10 mig=fafc828a exit=0 wall_ms=28432 text=a733f3a39259263c role=child prefix_tokens=14282 suffix_tokens=18 model_ms=2027.3 context_ms=29.0 state_ms=6.15 prefix_ms=0.0 suffix_ms=722.6 first_token_ms=3403.7 generation_ms=24577.6 generated=64 generation_tps=2.604
AGENT index=11 mig=31ffbfe4 exit=0 wall_ms=41806 text=087278665f3dec68 role=child prefix_tokens=14282 suffix_tokens=22 model_ms=2001.7 context_ms=32.3 state_ms=6.28 prefix_ms=0.0 suffix_ms=1148.3 first_token_ms=3799.4 generation_ms=37484.3 generated=64 generation_tps=1.707
AGENT index=12 mig=fafc828a exit=0 wall_ms=28202 text=2c93819fe85df763 role=child prefix_tokens=14282 suffix_tokens=21 model_ms=1742.6 context_ms=71.3 state_ms=6.24 prefix_ms=0.0 suffix_ms=456.2 first_token_ms=2845.1 generation_ms=24892.0 generated=64 generation_tps=2.571
AGENT index=13 mig=31ffbfe4 exit=0 wall_ms=41543 text=5d483815f91685a6 role=child prefix_tokens=14282 suffix_tokens=31 model_ms=1669.4 context_ms=46.1 state_ms=6.29 prefix_ms=0.0 suffix_ms=944.8 first_token_ms=3286.5 generation_ms=37830.6 generated=64 generation_tps=1.692
AGENT index=14 mig=fafc828a exit=0 wall_ms=27915 text=3f33f20708943e2f role=child prefix_tokens=14282 suffix_tokens=21 model_ms=1753.1 context_ms=56.8 state_ms=6.68 prefix_ms=0.0 suffix_ms=337.3 first_token_ms=2701.6 generation_ms=24809.8 generated=64 generation_tps=2.580
AGENT index=15 mig=31ffbfe4 exit=0 wall_ms=41767 text=0502c45076359254 role=child prefix_tokens=14282 suffix_tokens=26 model_ms=1781.5 context_ms=72.1 state_ms=8.15 prefix_ms=0.0 suffix_ms=1179.5 first_token_ms=3620.1 generation_ms=37642.7 generated=64 generation_tps=1.700
MEMORY mem_available_drop_mib=11583 mem_available_before_mib=120188 mem_free_before_mib=46181 pss_anon_mib=3937 pss_file_mib=4925 pss_shmem_mib=1743 device_mib=6192 samples=7
END_CASE failed_agents=0 wall_ms=41940
CASE mode=both agents=32
AGENT index=0 mig=fafc828a exit=0 wall_ms=37000 text=bb92e4befc7eddec role=child prefix_tokens=14282 suffix_tokens=27 model_ms=2167.7 context_ms=241.2 state_ms=15.12 prefix_ms=0.0 suffix_ms=274.7 first_token_ms=3692.7 generation_ms=31622.1 generated=64 generation_tps=2.024
AGENT index=1 mig=31ffbfe4 exit=0 wall_ms=81562 text=a8d47b5298abb2fc role=child prefix_tokens=14282 suffix_tokens=22 model_ms=3130.5 context_ms=97.7 state_ms=16.69 prefix_ms=0.0 suffix_ms=1025.1 first_token_ms=5455.3 generation_ms=75712.0 generated=64 generation_tps=0.845
AGENT index=2 mig=fafc828a exit=0 wall_ms=55554 text=abfd4eb3fb8ebdd8 role=child prefix_tokens=14282 suffix_tokens=24 model_ms=4008.2 context_ms=42.2 state_ms=12.13 prefix_ms=0.0 suffix_ms=1384.6 first_token_ms=6606.5 generation_ms=48276.6 generated=64 generation_tps=1.326
AGENT index=3 mig=31ffbfe4 exit=0 wall_ms=82545 text=077e38d3762a4e5d role=child prefix_tokens=14282 suffix_tokens=32 model_ms=3881.6 context_ms=66.3 state_ms=6.86 prefix_ms=0.0 suffix_ms=2177.7 first_token_ms=7227.0 generation_ms=74895.8 generated=64 generation_tps=0.855
AGENT index=4 mig=fafc828a exit=0 wall_ms=55496 text=16f8c0610a09645d role=child prefix_tokens=14282 suffix_tokens=23 model_ms=4019.4 context_ms=42.0 state_ms=6.51 prefix_ms=0.0 suffix_ms=1343.7 first_token_ms=6551.0 generation_ms=48325.1 generated=64 generation_tps=1.324
AGENT index=5 mig=31ffbfe4 exit=0 wall_ms=82270 text=ff4188d71e02bfdb role=child prefix_tokens=14282 suffix_tokens=26 model_ms=3766.4 context_ms=49.5 state_ms=8.31 prefix_ms=0.0 suffix_ms=2118.3 first_token_ms=7110.6 generation_ms=74791.1 generated=64 generation_tps=0.856
AGENT index=6 mig=fafc828a exit=0 wall_ms=55264 text=f88f503d1005fa22 role=child prefix_tokens=14282 suffix_tokens=21 model_ms=3670.6 context_ms=45.8 state_ms=6.44 prefix_ms=0.0 suffix_ms=1187.3 first_token_ms=6275.5 generation_ms=48501.8 generated=64 generation_tps=1.320
AGENT index=7 mig=31ffbfe4 exit=0 wall_ms=81091 text=f9c832b7cad1a509 role=child prefix_tokens=14282 suffix_tokens=31 model_ms=3023.2 context_ms=88.0 state_ms=12.91 prefix_ms=0.0 suffix_ms=740.1 first_token_ms=5115.6 generation_ms=75576.9 generated=64 generation_tps=0.847
AGENT index=8 mig=fafc828a exit=0 wall_ms=54295 text=ae3f57b141780268 role=child prefix_tokens=14282 suffix_tokens=18 model_ms=3480.1 context_ms=71.7 state_ms=22.44 prefix_ms=0.0 suffix_ms=516.7 first_token_ms=5260.3 generation_ms=48619.3 generated=64 generation_tps=1.316
AGENT index=9 mig=31ffbfe4 exit=0 wall_ms=82773 text=a2d016def74ecc62 role=child prefix_tokens=14282 suffix_tokens=18 model_ms=4070.9 context_ms=28.9 state_ms=6.44 prefix_ms=0.0 suffix_ms=2279.1 first_token_ms=7558.0 generation_ms=74655.1 generated=64 generation_tps=0.857
AGENT index=10 mig=fafc828a exit=0 wall_ms=55309 text=a733f3a39259263c role=child prefix_tokens=14282 suffix_tokens=18 model_ms=3894.4 context_ms=36.5 state_ms=6.06 prefix_ms=0.0 suffix_ms=1228.8 first_token_ms=6333.7 generation_ms=48468.6 generated=64 generation_tps=1.320
AGENT index=11 mig=31ffbfe4 exit=0 wall_ms=80934 text=087278665f3dec68 role=child prefix_tokens=14282 suffix_tokens=22 model_ms=3057.0 context_ms=73.5 state_ms=14.81 prefix_ms=0.0 suffix_ms=679.5 first_token_ms=5017.0 generation_ms=75495.7 generated=64 generation_tps=0.848
AGENT index=12 mig=fafc828a exit=0 wall_ms=55035 text=2c93819fe85df763 role=child prefix_tokens=14282 suffix_tokens=21 model_ms=3830.8 context_ms=44.9 state_ms=6.85 prefix_ms=0.0 suffix_ms=1068.4 first_token_ms=6089.4 generation_ms=48508.7 generated=64 generation_tps=1.319
AGENT index=13 mig=31ffbfe4 exit=0 wall_ms=82637 text=5d483815f91685a6 role=child prefix_tokens=14282 suffix_tokens=31 model_ms=3532.6 context_ms=78.9 state_ms=7.48 prefix_ms=0.0 suffix_ms=2114.5 first_token_ms=7072.2 generation_ms=75035.4 generated=64 generation_tps=0.853
AGENT index=14 mig=fafc828a exit=0 wall_ms=55173 text=3f33f20708943e2f role=child prefix_tokens=14282 suffix_tokens=21 model_ms=3871.1 context_ms=59.6 state_ms=6.20 prefix_ms=0.0 suffix_ms=1199.2 first_token_ms=6264.9 generation_ms=48436.1 generated=64 generation_tps=1.321
AGENT index=15 mig=31ffbfe4 exit=0 wall_ms=81658 text=0502c45076359254 role=child prefix_tokens=14282 suffix_tokens=26 model_ms=3141.0 context_ms=95.6 state_ms=14.36 prefix_ms=0.0 suffix_ms=1121.7 first_token_ms=5548.6 generation_ms=75681.3 generated=64 generation_tps=0.846
AGENT index=16 mig=fafc828a exit=0 wall_ms=54373 text=0ebc8757605c5571 role=child prefix_tokens=14282 suffix_tokens=25 model_ms=3362.5 context_ms=83.3 state_ms=11.29 prefix_ms=0.0 suffix_ms=536.6 first_token_ms=5269.5 generation_ms=48639.8 generated=64 generation_tps=1.316
AGENT index=17 mig=31ffbfe4 exit=0 wall_ms=81870 text=5d7dbcf0a7eca76c role=child prefix_tokens=14282 suffix_tokens=22 model_ms=3296.0 context_ms=61.7 state_ms=14.62 prefix_ms=0.0 suffix_ms=1502.1 first_token_ms=6062.5 generation_ms=75430.0 generated=64 generation_tps=0.848
AGENT index=18 mig=fafc828a exit=0 wall_ms=55588 text=cb99e4b1c2fd84d5 role=child prefix_tokens=14282 suffix_tokens=21 model_ms=3860.7 context_ms=27.9 state_ms=6.39 prefix_ms=0.0 suffix_ms=1387.1 first_token_ms=6615.7 generation_ms=48256.8 generated=64 generation_tps=1.326
AGENT index=19 mig=31ffbfe4 exit=0 wall_ms=82585 text=4c7501e634d9bf23 role=child prefix_tokens=14282 suffix_tokens=18 model_ms=3524.5 context_ms=67.4 state_ms=14.49 prefix_ms=0.0 suffix_ms=2042.6 first_token_ms=6975.9 generation_ms=75100.4 generated=64 generation_tps=0.852
AGENT index=20 mig=fafc828a exit=0 wall_ms=53887 text=b3893059e7e79532 role=child prefix_tokens=14282 suffix_tokens=21 model_ms=3337.2 context_ms=67.2 state_ms=18.33 prefix_ms=0.0 suffix_ms=410.2 first_token_ms=5058.0 generation_ms=48429.6 generated=64 generation_tps=1.322
AGENT index=21 mig=31ffbfe4 exit=0 wall_ms=82707 text=284eef78a2286715 role=child prefix_tokens=14282 suffix_tokens=26 model_ms=3960.9 context_ms=27.6 state_ms=6.32 prefix_ms=0.0 suffix_ms=2343.5 first_token_ms=7625.9 generation_ms=74564.6 generated=64 generation_tps=0.858
AGENT index=22 mig=fafc828a exit=0 wall_ms=55272 text=ad3122b47bf9d41d role=child prefix_tokens=14282 suffix_tokens=27 model_ms=3550.9 context_ms=60.1 state_ms=14.27 prefix_ms=0.0 suffix_ms=1269.6 first_token_ms=6206.5 generation_ms=48495.9 generated=64 generation_tps=1.320
AGENT index=23 mig=31ffbfe4 exit=0 wall_ms=80944 text=f79224e341ba5115 role=child prefix_tokens=14282 suffix_tokens=17 model_ms=2897.4 context_ms=106.2 state_ms=10.32 prefix_ms=0.0 suffix_ms=715.3 first_token_ms=5028.8 generation_ms=75526.5 generated=64 generation_tps=0.847
AGENT index=24 mig=fafc828a exit=0 wall_ms=55517 text=9834d2c93010cb40 role=child prefix_tokens=14282 suffix_tokens=22 model_ms=3876.5 context_ms=31.5 state_ms=6.31 prefix_ms=0.0 suffix_ms=1270.9 first_token_ms=6360.4 generation_ms=48416.6 generated=64 generation_tps=1.322
AGENT index=25 mig=31ffbfe4 exit=0 wall_ms=82643 text=da4c2dca73ac54e0 role=child prefix_tokens=14282 suffix_tokens=23 model_ms=3991.7 context_ms=37.8 state_ms=6.42 prefix_ms=0.0 suffix_ms=2280.4 first_token_ms=7433.5 generation_ms=74688.6 generated=64 generation_tps=0.857
AGENT index=26 mig=fafc828a exit=0 wall_ms=55433 text=07ec2de36a00f7a1 role=child prefix_tokens=14282 suffix_tokens=19 model_ms=4058.6 context_ms=30.0 state_ms=6.60 prefix_ms=0.0 suffix_ms=1408.4 first_token_ms=6636.7 generation_ms=48202.1 generated=64 generation_tps=1.328
AGENT index=27 mig=31ffbfe4 exit=0 wall_ms=82534 text=e1e29071a16e2061 role=child prefix_tokens=14282 suffix_tokens=21 model_ms=3628.7 context_ms=47.9 state_ms=6.37 prefix_ms=0.0 suffix_ms=2129.4 first_token_ms=7117.7 generation_ms=74979.6 generated=64 generation_tps=0.854
AGENT index=28 mig=fafc828a exit=0 wall_ms=55322 text=1c65ed1020843e8d role=child prefix_tokens=14282 suffix_tokens=20 model_ms=4136.5 context_ms=27.8 state_ms=6.40 prefix_ms=0.0 suffix_ms=1488.1 first_token_ms=6811.3 generation_ms=47985.8 generated=64 generation_tps=1.334
AGENT index=29 mig=31ffbfe4 exit=0 wall_ms=82023 text=a72f71cd80731afe role=child prefix_tokens=14282 suffix_tokens=22 model_ms=3500.4 context_ms=93.1 state_ms=10.17 prefix_ms=0.0 suffix_ms=1718.9 first_token_ms=6411.9 generation_ms=75262.4 generated=64 generation_tps=0.850
AGENT index=30 mig=fafc828a exit=0 wall_ms=54574 text=317f6f38771a1e41 role=child prefix_tokens=14282 suffix_tokens=20 model_ms=3561.3 context_ms=63.6 state_ms=10.99 prefix_ms=0.0 suffix_ms=642.0 first_token_ms=5401.6 generation_ms=48730.9 generated=64 generation_tps=1.313
AGENT index=31 mig=31ffbfe4 exit=0 wall_ms=82359 text=1b4036771dcdadef role=child prefix_tokens=14282 suffix_tokens=22 model_ms=3531.1 context_ms=41.5 state_ms=6.52 prefix_ms=0.0 suffix_ms=2001.1 first_token_ms=6883.8 generation_ms=75098.2 generated=64 generation_tps=0.852
MEMORY mem_available_drop_mib=22723 mem_available_before_mib=120155 mem_free_before_mib=46147 pss_anon_mib=7671 pss_file_mib=5297 pss_shmem_mib=2657 device_mib=12384 samples=9
END_CASE failed_agents=0 wall_ms=82989
CASE mode=both agents=64
AGENT index=0 mig=fafc828a exit=0 wall_ms=109262 text=bb92e4befc7eddec role=child prefix_tokens=14282 suffix_tokens=27 model_ms=7902.8 context_ms=137.4 state_ms=30.49 prefix_ms=0.0 suffix_ms=2281.9 first_token_ms=12665.3 generation_ms=96143.6 generated=64 generation_tps=0.666
AGENT index=1 mig=31ffbfe4 exit=0 wall_ms=133385 text=a8d47b5298abb2fc role=child prefix_tokens=14282 suffix_tokens=22 model_ms=5244.3 context_ms=677.8 state_ms=15.36 prefix_ms=0.0 suffix_ms=623.9 first_token_ms=7785.1 generation_ms=125262.9 generated=64 generation_tps=0.511
AGENT index=2 mig=fafc828a exit=0 wall_ms=111553 text=abfd4eb3fb8ebdd8 role=child prefix_tokens=14282 suffix_tokens=24 model_ms=8620.0 context_ms=129.8 state_ms=12.69 prefix_ms=0.0 suffix_ms=2794.9 first_token_ms=14117.4 generation_ms=96446.8 generated=64 generation_tps=0.664
AGENT index=3 mig=31ffbfe4 exit=0 wall_ms=131436 text=077e38d3762a4e5d role=child prefix_tokens=14282 suffix_tokens=32 model_ms=3572.2 context_ms=1132.3 state_ms=13.46 prefix_ms=0.0 suffix_ms=1018.8 first_token_ms=7540.5 generation_ms=123519.9 generated=64 generation_tps=0.518
AGENT index=4 mig=fafc828a exit=0 wall_ms=111632 text=16f8c0610a09645d role=child prefix_tokens=14282 suffix_tokens=23 model_ms=8502.9 context_ms=176.5 state_ms=7.03 prefix_ms=0.0 suffix_ms=2784.9 first_token_ms=14124.4 generation_ms=96475.9 generated=64 generation_tps=0.663
AGENT index=5 mig=31ffbfe4 exit=0 wall_ms=161520 text=ff4188d71e02bfdb role=child prefix_tokens=14282 suffix_tokens=26 model_ms=7400.9 context_ms=144.0 state_ms=17.28 prefix_ms=0.0 suffix_ms=2000.5 first_token_ms=11893.2 generation_ms=149234.0 generated=64 generation_tps=0.429
AGENT index=6 mig=fafc828a exit=0 wall_ms=111600 text=f88f503d1005fa22 role=child prefix_tokens=14282 suffix_tokens=21 model_ms=8786.2 context_ms=187.4 state_ms=6.90 prefix_ms=0.0 suffix_ms=2753.6 first_token_ms=14053.4 generation_ms=96513.1 generated=64 generation_tps=0.663
AGENT index=7 mig=31ffbfe4 exit=0 wall_ms=163887 text=f9c832b7cad1a509 role=child prefix_tokens=14282 suffix_tokens=31 model_ms=8595.6 context_ms=144.1 state_ms=18.70 prefix_ms=0.0 suffix_ms=4548.6 first_token_ms=15657.9 generation_ms=147724.6 generated=64 generation_tps=0.433
AGENT index=8 mig=fafc828a exit=0 wall_ms=101398 text=ae3f57b141780268 role=child prefix_tokens=14282 suffix_tokens=18 model_ms=6303.7 context_ms=373.4 state_ms=30.36 prefix_ms=0.0 suffix_ms=591.0 first_token_ms=9601.6 generation_ms=91415.1 generated=64 generation_tps=0.700
AGENT index=9 mig=31ffbfe4 exit=0 wall_ms=159368 text=a2d016def74ecc62 role=child prefix_tokens=14282 suffix_tokens=18 model_ms=6904.3 context_ms=126.2 state_ms=35.85 prefix_ms=0.0 suffix_ms=1212.7 first_token_ms=10616.3 generation_ms=148369.1 generated=64 generation_tps=0.431
AGENT index=10 mig=fafc828a exit=0 wall_ms=111103 text=a733f3a39259263c role=child prefix_tokens=14282 suffix_tokens=18 model_ms=8965.2 context_ms=65.0 state_ms=6.17 prefix_ms=0.0 suffix_ms=2827.0 first_token_ms=14190.7 generation_ms=96268.1 generated=64 generation_tps=0.665
AGENT index=11 mig=31ffbfe4 exit=0 wall_ms=162453 text=087278665f3dec68 role=child prefix_tokens=14282 suffix_tokens=22 model_ms=8342.1 context_ms=182.8 state_ms=21.86 prefix_ms=0.0 suffix_ms=4437.6 first_token_ms=15263.2 generation_ms=146764.1 generated=64 generation_tps=0.436
AGENT index=12 mig=fafc828a exit=0 wall_ms=111802 text=2c93819fe85df763 role=child prefix_tokens=14282 suffix_tokens=21 model_ms=8335.6 context_ms=123.6 state_ms=7.30 prefix_ms=0.0 suffix_ms=2768.4 first_token_ms=14065.2 generation_ms=96598.8 generated=64 generation_tps=0.663
AGENT index=13 mig=31ffbfe4 exit=0 wall_ms=163752 text=5d483815f91685a6 role=child prefix_tokens=14282 suffix_tokens=31 model_ms=8479.6 context_ms=143.9 state_ms=19.70 prefix_ms=0.0 suffix_ms=4494.9 first_token_ms=15440.2 generation_ms=147744.5 generated=64 generation_tps=0.433
AGENT index=14 mig=fafc828a exit=0 wall_ms=111876 text=3f33f20708943e2f role=child prefix_tokens=14282 suffix_tokens=21 model_ms=8677.6 context_ms=140.4 state_ms=7.09 prefix_ms=0.0 suffix_ms=2741.9 first_token_ms=14051.6 generation_ms=96555.3 generated=64 generation_tps=0.663
AGENT index=15 mig=31ffbfe4 exit=0 wall_ms=164069 text=0502c45076359254 role=child prefix_tokens=14282 suffix_tokens=26 model_ms=8774.3 context_ms=129.1 state_ms=6.58 prefix_ms=0.0 suffix_ms=4598.6 first_token_ms=15884.2 generation_ms=147494.4 generated=64 generation_tps=0.434
AGENT index=16 mig=fafc828a exit=0 wall_ms=111525 text=0ebc8757605c5571 role=child prefix_tokens=14282 suffix_tokens=25 model_ms=8462.2 context_ms=172.3 state_ms=11.24 prefix_ms=0.0 suffix_ms=3013.0 first_token_ms=14258.6 generation_ms=96303.8 generated=64 generation_tps=0.665
AGENT index=17 mig=31ffbfe4 exit=0 wall_ms=157817 text=5d7dbcf0a7eca76c role=child prefix_tokens=14282 suffix_tokens=22 model_ms=6228.1 context_ms=383.8 state_ms=34.66 prefix_ms=0.0 suffix_ms=842.9 first_token_ms=9968.3 generation_ms=147431.5 generated=64 generation_tps=0.434
AGENT index=18 mig=fafc828a exit=0 wall_ms=107156 text=cb99e4b1c2fd84d5 role=child prefix_tokens=14282 suffix_tokens=21 model_ms=7138.9 context_ms=144.6 state_ms=38.36 prefix_ms=0.0 suffix_ms=832.2 first_token_ms=10634.4 generation_ms=96106.4 generated=64 generation_tps=0.666
AGENT index=19 mig=31ffbfe4 exit=0 wall_ms=163774 text=4c7501e634d9bf23 role=child prefix_tokens=14282 suffix_tokens=18 model_ms=8312.8 context_ms=133.6 state_ms=11.94 prefix_ms=0.0 suffix_ms=4340.3 first_token_ms=15367.9 generation_ms=147902.4 generated=64 generation_tps=0.433
AGENT index=20 mig=fafc828a exit=0 wall_ms=111170 text=b3893059e7e79532 role=child prefix_tokens=14282 suffix_tokens=21 model_ms=8688.7 context_ms=102.9 state_ms=6.43 prefix_ms=0.0 suffix_ms=2806.4 first_token_ms=14123.7 generation_ms=96430.1 generated=64 generation_tps=0.664
AGENT index=21 mig=31ffbfe4 exit=0 wall_ms=164176 text=284eef78a2286715 role=child prefix_tokens=14282 suffix_tokens=26 model_ms=8380.7 context_ms=117.7 state_ms=13.16 prefix_ms=0.0 suffix_ms=4485.2 first_token_ms=15625.8 generation_ms=147823.6 generated=64 generation_tps=0.433
AGENT index=22 mig=fafc828a exit=0 wall_ms=109920 text=ad3122b47bf9d41d role=child prefix_tokens=14282 suffix_tokens=27 model_ms=8040.1 context_ms=192.9 state_ms=8.48 prefix_ms=0.0 suffix_ms=2449.7 first_token_ms=13060.4 generation_ms=96450.2 generated=64 generation_tps=0.664
AGENT index=23 mig=31ffbfe4 exit=0 wall_ms=157844 text=f79224e341ba5115 role=child prefix_tokens=14282 suffix_tokens=17 model_ms=6195.9 context_ms=285.3 state_ms=26.35 prefix_ms=0.0 suffix_ms=1131.9 first_token_ms=9978.7 generation_ms=147479.9 generated=64 generation_tps=0.434
AGENT index=24 mig=fafc828a exit=0 wall_ms=104632 text=9834d2c93010cb40 role=child prefix_tokens=14282 suffix_tokens=22 model_ms=6767.0 context_ms=147.0 state_ms=30.26 prefix_ms=0.0 suffix_ms=519.0 first_token_ms=9988.2 generation_ms=94215.9 generated=64 generation_tps=0.679
AGENT index=25 mig=31ffbfe4 exit=0 wall_ms=163306 text=da4c2dca73ac54e0 role=child prefix_tokens=14282 suffix_tokens=23 model_ms=7909.0 context_ms=212.7 state_ms=29.28 prefix_ms=0.0 suffix_ms=3945.8 first_token_ms=14527.1 generation_ms=148324.5 generated=64 generation_tps=0.431
AGENT index=26 mig=fafc828a exit=0 wall_ms=78486 text=07ec2de36a00f7a1 role=child prefix_tokens=14282 suffix_tokens=19 model_ms=4545.4 context_ms=276.4 state_ms=15.37 prefix_ms=0.0 suffix_ms=398.7 first_token_ms=7786.2 generation_ms=69147.9 generated=64 generation_tps=0.926
AGENT index=27 mig=31ffbfe4 exit=0 wall_ms=163975 text=e1e29071a16e2061 role=child prefix_tokens=14282 suffix_tokens=21 model_ms=8350.2 context_ms=163.0 state_ms=10.72 prefix_ms=0.0 suffix_ms=4515.3 first_token_ms=15717.8 generation_ms=147731.4 generated=64 generation_tps=0.433
AGENT index=28 mig=fafc828a exit=0 wall_ms=111589 text=1c65ed1020843e8d role=child prefix_tokens=14282 suffix_tokens=20 model_ms=8154.3 context_ms=229.7 state_ms=7.37 prefix_ms=0.0 suffix_ms=2708.9 first_token_ms=13878.1 generation_ms=96712.0 generated=64 generation_tps=0.662
AGENT index=29 mig=31ffbfe4 exit=0 wall_ms=164095 text=a72f71cd80731afe role=child prefix_tokens=14282 suffix_tokens=22 model_ms=8382.5 context_ms=136.1 state_ms=6.19 prefix_ms=0.0 suffix_ms=4485.2 first_token_ms=15769.6 generation_ms=147679.1 generated=64 generation_tps=0.433
AGENT index=30 mig=fafc828a exit=0 wall_ms=110352 text=317f6f38771a1e41 role=child prefix_tokens=14282 suffix_tokens=20 model_ms=8181.2 context_ms=178.2 state_ms=17.20 prefix_ms=0.0 suffix_ms=2433.1 first_token_ms=13264.0 generation_ms=96689.2 generated=64 generation_tps=0.662
AGENT index=31 mig=31ffbfe4 exit=0 wall_ms=164116 text=1b4036771dcdadef role=child prefix_tokens=14282 suffix_tokens=22 model_ms=8099.3 context_ms=146.4 state_ms=9.02 prefix_ms=0.0 suffix_ms=4370.3 first_token_ms=15392.4 generation_ms=148011.6 generated=64 generation_tps=0.432
AGENT index=32 mig=fafc828a exit=0 wall_ms=111762 text=3f50371ecb0032a2 role=child prefix_tokens=14282 suffix_tokens=28 model_ms=8381.5 context_ms=102.9 state_ms=8.69 prefix_ms=0.0 suffix_ms=3005.6 first_token_ms=14255.6 generation_ms=96354.9 generated=64 generation_tps=0.664
AGENT index=33 mig=31ffbfe4 exit=0 wall_ms=164215 text=5b450cf9627e77b9 role=child prefix_tokens=14282 suffix_tokens=23 model_ms=8535.7 context_ms=183.3 state_ms=8.50 prefix_ms=0.0 suffix_ms=4479.5 first_token_ms=15690.8 generation_ms=147725.0 generated=64 generation_tps=0.433
AGENT index=34 mig=fafc828a exit=0 wall_ms=110867 text=8fe64643182c4081 role=child prefix_tokens=14282 suffix_tokens=25 model_ms=8752.0 context_ms=70.3 state_ms=6.27 prefix_ms=0.0 suffix_ms=3092.0 first_token_ms=14372.8 generation_ms=95894.4 generated=64 generation_tps=0.667
AGENT index=35 mig=31ffbfe4 exit=0 wall_ms=163746 text=ab418a5e41977b06 role=child prefix_tokens=14282 suffix_tokens=33 model_ms=7621.4 context_ms=164.7 state_ms=15.05 prefix_ms=0.0 suffix_ms=4753.4 first_token_ms=15138.9 generation_ms=148078.7 generated=64 generation_tps=0.432
AGENT index=36 mig=fafc828a exit=0 wall_ms=111424 text=2852504019aca3b6 role=child prefix_tokens=14282 suffix_tokens=24 model_ms=8203.8 context_ms=124.9 state_ms=6.53 prefix_ms=0.0 suffix_ms=2643.5 first_token_ms=13739.8 generation_ms=96787.6 generated=64 generation_tps=0.661
AGENT index=37 mig=31ffbfe4 exit=0 wall_ms=163442 text=bef1e0801c6e655f role=child prefix_tokens=14282 suffix_tokens=27 model_ms=8453.4 context_ms=137.3 state_ms=14.75 prefix_ms=0.0 suffix_ms=4466.3 first_token_ms=15332.0 generation_ms=147656.7 generated=64 generation_tps=0.433
AGENT index=38 mig=fafc828a exit=0 wall_ms=109973 text=03d3cecc4e2c4ef7 role=child prefix_tokens=14282 suffix_tokens=22 model_ms=8090.5 context_ms=109.7 state_ms=24.33 prefix_ms=0.0 suffix_ms=1900.5 first_token_ms=12502.9 generation_ms=97057.7 generated=64 generation_tps=0.659
AGENT index=39 mig=31ffbfe4 exit=0 wall_ms=160751 text=f9c832b7cad1a509 role=child prefix_tokens=14282 suffix_tokens=32 model_ms=7107.9 context_ms=159.0 state_ms=34.44 prefix_ms=0.0 suffix_ms=1552.2 first_token_ms=11111.9 generation_ms=149243.5 generated=64 generation_tps=0.429
AGENT index=40 mig=fafc828a exit=0 wall_ms=108306 text=1bedc9985ebffdf3 role=child prefix_tokens=14282 suffix_tokens=19 model_ms=7156.9 context_ms=154.6 state_ms=22.43 prefix_ms=0.0 suffix_ms=937.1 first_token_ms=10929.3 generation_ms=96984.3 generated=64 generation_tps=0.660
AGENT index=41 mig=31ffbfe4 exit=0 wall_ms=164135 text=45248c21a8c64213 role=child prefix_tokens=14282 suffix_tokens=19 model_ms=8715.2 context_ms=96.4 state_ms=10.31 prefix_ms=0.0 suffix_ms=4438.5 first_token_ms=15594.3 generation_ms=147723.3 generated=64 generation_tps=0.433
AGENT index=42 mig=fafc828a exit=0 wall_ms=110894 text=c2b860976d76c188 role=child prefix_tokens=14282 suffix_tokens=18 model_ms=8488.4 context_ms=202.8 state_ms=22.87 prefix_ms=0.0 suffix_ms=2710.5 first_token_ms=13809.1 generation_ms=96480.1 generated=64 generation_tps=0.663
AGENT index=43 mig=31ffbfe4 exit=0 wall_ms=163143 text=7f088fd1d1738f8b role=child prefix_tokens=14282 suffix_tokens=22 model_ms=8114.6 context_ms=115.8 state_ms=14.21 prefix_ms=0.0 suffix_ms=4023.4 first_token_ms=14655.0 generation_ms=148013.2 generated=64 generation_tps=0.432
AGENT index=44 mig=fafc828a exit=0 wall_ms=111669 text=f631ba01e55b49fa role=child prefix_tokens=14282 suffix_tokens=21 model_ms=8465.5 context_ms=74.8 state_ms=6.20 prefix_ms=0.0 suffix_ms=2859.8 first_token_ms=14090.5 generation_ms=96479.9 generated=64 generation_tps=0.663
AGENT index=45 mig=31ffbfe4 exit=0 wall_ms=163567 text=5d483815f91685a6 role=child prefix_tokens=14282 suffix_tokens=31 model_ms=8445.8 context_ms=191.2 state_ms=12.75 prefix_ms=0.0 suffix_ms=4311.9 first_token_ms=15148.7 generation_ms=147975.6 generated=64 generation_tps=0.433
AGENT index=46 mig=fafc828a exit=0 wall_ms=109175 text=56be8609eb72cb4a role=child prefix_tokens=14282 suffix_tokens=21 model_ms=8084.4 context_ms=256.9 state_ms=12.60 prefix_ms=0.0 suffix_ms=1353.2 first_token_ms=11879.1 generation_ms=96826.8 generated=64 generation_tps=0.661
AGENT index=47 mig=31ffbfe4 exit=0 wall_ms=163782 text=0d9668c2f9cbc9fc role=child prefix_tokens=14282 suffix_tokens=26 model_ms=8147.1 context_ms=143.9 state_ms=28.71 prefix_ms=0.0 suffix_ms=4510.1 first_token_ms=15382.5 generation_ms=147833.6 generated=64 generation_tps=0.433
AGENT index=48 mig=fafc828a exit=0 wall_ms=107918 text=27f58a7742c668f5 role=child prefix_tokens=14282 suffix_tokens=25 model_ms=7207.9 context_ms=136.9 state_ms=21.41 prefix_ms=0.0 suffix_ms=855.7 first_token_ms=10778.1 generation_ms=96706.2 generated=64 generation_tps=0.662
AGENT index=49 mig=31ffbfe4 exit=0 wall_ms=163422 text=facc2c2ea4689e1e role=child prefix_tokens=14282 suffix_tokens=22 model_ms=7714.6 context_ms=164.4 state_ms=18.62 prefix_ms=0.0 suffix_ms=4126.3 first_token_ms=14748.3 generation_ms=148238.2 generated=64 generation_tps=0.432
AGENT index=50 mig=fafc828a exit=0 wall_ms=110590 text=64fd37c296cb1dd5 role=child prefix_tokens=14282 suffix_tokens=21 model_ms=7945.6 context_ms=193.3 state_ms=23.62 prefix_ms=0.0 suffix_ms=2502.4 first_token_ms=13327.2 generation_ms=96836.2 generated=64 generation_tps=0.661
AGENT index=51 mig=31ffbfe4 exit=0 wall_ms=163082 text=4c7501e634d9bf23 role=child prefix_tokens=14282 suffix_tokens=18 model_ms=8369.2 context_ms=170.7 state_ms=23.97 prefix_ms=0.0 suffix_ms=4254.3 first_token_ms=14977.1 generation_ms=147665.0 generated=64 generation_tps=0.433
AGENT index=52 mig=fafc828a exit=0 wall_ms=107950 text=b3893059e7e79532 role=child prefix_tokens=14282 suffix_tokens=21 model_ms=7478.9 context_ms=85.4 state_ms=14.88 prefix_ms=0.0 suffix_ms=834.3 first_token_ms=10793.9 generation_ms=96743.4 generated=64 generation_tps=0.662
AGENT index=53 mig=31ffbfe4 exit=0 wall_ms=161411 text=11e4c2a85150fa06 role=child prefix_tokens=14282 suffix_tokens=26 model_ms=7251.9 context_ms=115.7 state_ms=22.39 prefix_ms=0.0 suffix_ms=1903.0 first_token_ms=11637.1 generation_ms=149337.8 generated=64 generation_tps=0.429
AGENT index=54 mig=fafc828a exit=0 wall_ms=78386 text=3b6f5b9c968721eb role=child prefix_tokens=14282 suffix_tokens=27 model_ms=3678.8 context_ms=782.5 state_ms=16.58 prefix_ms=0.0 suffix_ms=614.7 first_token_ms=7549.3 generation_ms=67474.3 generated=64 generation_tps=0.949
AGENT index=55 mig=31ffbfe4 exit=0 wall_ms=159434 text=7e4fad52bd577abf role=child prefix_tokens=14282 suffix_tokens=17 model_ms=6552.2 context_ms=114.0 state_ms=21.66 prefix_ms=0.0 suffix_ms=1124.0 first_token_ms=10417.4 generation_ms=148608.7 generated=64 generation_tps=0.431
AGENT index=56 mig=fafc828a exit=0 wall_ms=109546 text=9834d2c93010cb40 role=child prefix_tokens=14282 suffix_tokens=22 model_ms=7685.4 context_ms=152.4 state_ms=36.61 prefix_ms=0.0 suffix_ms=1563.1 first_token_ms=11908.0 generation_ms=97236.7 generated=64 generation_tps=0.658
AGENT index=57 mig=31ffbfe4 exit=0 wall_ms=162348 text=a4e76b0a1993f6d6 role=child prefix_tokens=14282 suffix_tokens=23 model_ms=7889.4 context_ms=139.6 state_ms=16.67 prefix_ms=0.0 suffix_ms=3455.2 first_token_ms=13689.8 generation_ms=148246.1 generated=64 generation_tps=0.432
AGENT index=58 mig=fafc828a exit=0 wall_ms=110886 text=359d7b30e6a9a9fc role=child prefix_tokens=14282 suffix_tokens=19 model_ms=8496.1 context_ms=141.0 state_ms=6.96 prefix_ms=0.0 suffix_ms=2684.9 first_token_ms=13746.7 generation_ms=96546.2 generated=64 generation_tps=0.663
AGENT index=59 mig=31ffbfe4 exit=0 wall_ms=163312 text=7b1e906b43903ada role=child prefix_tokens=14282 suffix_tokens=21 model_ms=7835.1 context_ms=188.6 state_ms=17.44 prefix_ms=0.0 suffix_ms=3993.7 first_token_ms=14535.0 generation_ms=148379.0 generated=64 generation_tps=0.431
AGENT index=60 mig=fafc828a exit=0 wall_ms=111556 text=23f27e20526aad11 role=child prefix_tokens=14282 suffix_tokens=20 model_ms=8198.8 context_ms=182.4 state_ms=6.34 prefix_ms=0.0 suffix_ms=2729.2 first_token_ms=13770.3 generation_ms=96722.6 generated=64 generation_tps=0.662
AGENT index=61 mig=31ffbfe4 exit=0 wall_ms=163987 text=a61a16a4bc46c53d role=child prefix_tokens=14282 suffix_tokens=22 model_ms=8465.0 context_ms=121.1 state_ms=10.84 prefix_ms=0.0 suffix_ms=4414.7 first_token_ms=15457.8 generation_ms=147876.2 generated=64 generation_tps=0.433
AGENT index=62 mig=fafc828a exit=0 wall_ms=111526 text=dbac730f9e3a3df4 role=child prefix_tokens=14282 suffix_tokens=20 model_ms=8435.7 context_ms=57.3 state_ms=6.32 prefix_ms=0.0 suffix_ms=2806.3 first_token_ms=13992.9 generation_ms=96508.1 generated=64 generation_tps=0.663
AGENT index=63 mig=31ffbfe4 exit=0 wall_ms=161710 text=cd56b7d8c4ff1887 role=child prefix_tokens=14282 suffix_tokens=22 model_ms=7206.6 context_ms=131.3 state_ms=26.16 prefix_ms=0.0 suffix_ms=2114.5 first_token_ms=12006.8 generation_ms=149318.7 generated=64 generation_tps=0.429
MEMORY mem_available_drop_mib=45183 mem_available_before_mib=120182 mem_free_before_mib=46172 pss_anon_mib=15320 pss_file_mib=5869 pss_shmem_mib=4505 device_mib=24768 samples=17
END_CASE failed_agents=0 wall_ms=164690
END_KVSTACK
BEGIN_KVSTACK run=2 context=16384 publisher_mig=31ffbfe4 mem_free_mib=48878 kernel_reclaimable_mib=68139
PUBLISH store=stock prefix_tokens=14282 prefix_ms=24852.7 publish_ms=500.92 state_bytes=819216229
PUBLISH store=device prefix_tokens=14282 prefix_ms=25089.7 publish_ms=493.52 state_bytes=819216229
PUBLISH store=huge prefix_tokens=14282 prefix_ms=25144.4 publish_ms=8.36 state_bytes=229221 file_used_kib=802816
CASE mode=both agents=1
AGENT index=0 mig=31ffbfe4 exit=0 wall_ms=5515 text=4605b6e04b2228eb role=child prefix_tokens=14282 suffix_tokens=27 model_ms=622.9 context_ms=26.5 state_ms=6.23 prefix_ms=0.0 suffix_ms=147.3 first_token_ms=839.8 generation_ms=4245.6 generated=64 generation_tps=15.074
MEMORY mem_available_drop_mib=726 mem_available_before_mib=120114 mem_free_before_mib=46129 pss_anon_mib=230 pss_file_mib=4558 pss_shmem_mib=839 device_mib=380 samples=1
END_CASE failed_agents=0 wall_ms=5551
CASE mode=both agents=2
AGENT index=0 mig=31ffbfe4 exit=0 wall_ms=5882 text=4605b6e04b2228eb role=child prefix_tokens=14282 suffix_tokens=27 model_ms=732.6 context_ms=31.7 state_ms=6.24 prefix_ms=0.0 suffix_ms=151.2 first_token_ms=993.5 generation_ms=4434.8 generated=64 generation_tps=14.431
AGENT index=1 mig=fafc828a exit=0 wall_ms=4264 text=a5af93194a2d1ced role=child prefix_tokens=14282 suffix_tokens=22 model_ms=713.3 context_ms=31.6 state_ms=5.90 prefix_ms=0.0 suffix_ms=102.2 first_token_ms=943.9 generation_ms=2969.6 generated=64 generation_tps=21.552
MEMORY mem_available_drop_mib=1464 mem_available_before_mib=120046 mem_free_before_mib=46055 pss_anon_mib=477 pss_file_mib=4580 pss_shmem_mib=897 device_mib=774 samples=1
END_CASE failed_agents=0 wall_ms=5924
CASE mode=both agents=4
AGENT index=0 mig=31ffbfe4 exit=0 wall_ms=10972 text=4605b6e04b2228eb role=child prefix_tokens=14282 suffix_tokens=27 model_ms=866.7 context_ms=26.6 state_ms=6.13 prefix_ms=0.0 suffix_ms=272.0 first_token_ms=1311.1 generation_ms=9317.7 generated=64 generation_tps=6.869
AGENT index=1 mig=fafc828a exit=0 wall_ms=7734 text=a5af93194a2d1ced role=child prefix_tokens=14282 suffix_tokens=22 model_ms=841.4 context_ms=34.8 state_ms=6.29 prefix_ms=0.0 suffix_ms=174.1 first_token_ms=1224.0 generation_ms=6123.4 generated=64 generation_tps=10.452
AGENT index=2 mig=31ffbfe4 exit=0 wall_ms=11114 text=37e5f08e6279aa62 role=child prefix_tokens=14282 suffix_tokens=24 model_ms=837.1 context_ms=34.2 state_ms=6.58 prefix_ms=0.0 suffix_ms=278.0 first_token_ms=1327.3 generation_ms=9324.3 generated=64 generation_tps=6.864
AGENT index=3 mig=fafc828a exit=0 wall_ms=7779 text=5e1ac569aa8b0faf role=child prefix_tokens=14282 suffix_tokens=32 model_ms=836.0 context_ms=36.9 state_ms=6.89 prefix_ms=0.0 suffix_ms=205.2 first_token_ms=1256.0 generation_ms=6104.2 generated=64 generation_tps=10.485
MEMORY mem_available_drop_mib=2813 mem_available_before_mib=119961 mem_free_before_mib=45961 pss_anon_mib=985 pss_file_mib=4622 pss_shmem_mib=1013 device_mib=1548 samples=2
END_CASE failed_agents=0 wall_ms=11169
CASE mode=both agents=8
AGENT index=0 mig=31ffbfe4 exit=0 wall_ms=19978 text=4605b6e04b2228eb role=child prefix_tokens=14282 suffix_tokens=27 model_ms=854.8 context_ms=25.9 state_ms=6.38 prefix_ms=0.0 suffix_ms=146.5 first_token_ms=1266.5 generation_ms=18335.8 generated=64 generation_tps=3.490
AGENT index=1 mig=fafc828a exit=0 wall_ms=14521 text=a5af93194a2d1ced role=child prefix_tokens=14282 suffix_tokens=22 model_ms=1083.3 context_ms=36.4 state_ms=6.40 prefix_ms=0.0 suffix_ms=385.4 first_token_ms=1815.9 generation_ms=12307.3 generated=64 generation_tps=5.200
AGENT index=2 mig=31ffbfe4 exit=0 wall_ms=20867 text=37e5f08e6279aa62 role=child prefix_tokens=14282 suffix_tokens=24 model_ms=1060.9 context_ms=33.4 state_ms=6.41 prefix_ms=0.0 suffix_ms=523.5 first_token_ms=1929.7 generation_ms=18544.5 generated=64 generation_tps=3.451
AGENT index=3 mig=fafc828a exit=0 wall_ms=14349 text=5e1ac569aa8b0faf role=child prefix_tokens=14282 suffix_tokens=32 model_ms=1012.6 context_ms=26.6 state_ms=6.20 prefix_ms=0.0 suffix_ms=252.3 first_token_ms=1597.3 generation_ms=12367.1 generated=64 generation_tps=5.175
AGENT index=4 mig=31ffbfe4 exit=0 wall_ms=20815 text=6e3d8f07cfceb082 role=child prefix_tokens=14282 suffix_tokens=23 model_ms=1027.0 context_ms=32.9 state_ms=6.17 prefix_ms=0.0 suffix_ms=533.2 first_token_ms=1906.7 generation_ms=18551.3 generated=64 generation_tps=3.450
AGENT index=5 mig=fafc828a exit=0 wall_ms=14419 text=47179dd0dcd49eb0 role=child prefix_tokens=14282 suffix_tokens=26 model_ms=1023.2 context_ms=32.8 state_ms=6.36 prefix_ms=0.0 suffix_ms=342.3 first_token_ms=1714.0 generation_ms=12310.5 generated=64 generation_tps=5.199
AGENT index=6 mig=31ffbfe4 exit=0 wall_ms=20959 text=f88f503d1005fa22 role=child prefix_tokens=14282 suffix_tokens=21 model_ms=1074.2 context_ms=31.6 state_ms=6.21 prefix_ms=0.0 suffix_ms=578.6 first_token_ms=2004.8 generation_ms=18490.9 generated=64 generation_tps=3.461
AGENT index=7 mig=fafc828a exit=0 wall_ms=14538 text=f9c832b7cad1a509 role=child prefix_tokens=14282 suffix_tokens=31 model_ms=1046.5 context_ms=34.1 state_ms=6.33 prefix_ms=0.0 suffix_ms=421.1 first_token_ms=1818.3 generation_ms=12295.7 generated=64 generation_tps=5.205
MEMORY mem_available_drop_mib=5766 mem_available_before_mib=120042 mem_free_before_mib=46042 pss_anon_mib=1925 pss_file_mib=4705 pss_shmem_mib=1246 device_mib=3096 samples=3
END_CASE failed_agents=0 wall_ms=21041
CASE mode=both agents=12
AGENT index=0 mig=31ffbfe4 exit=0 wall_ms=31491 text=4605b6e04b2228eb role=child prefix_tokens=14282 suffix_tokens=27 model_ms=1437.5 context_ms=80.5 state_ms=6.41 prefix_ms=0.0 suffix_ms=821.8 first_token_ms=2797.0 generation_ms=28283.1 generated=64 generation_tps=2.263
AGENT index=1 mig=fafc828a exit=0 wall_ms=21552 text=a5af93194a2d1ced role=child prefix_tokens=14282 suffix_tokens=22 model_ms=1455.5 context_ms=79.7 state_ms=6.22 prefix_ms=0.0 suffix_ms=515.2 first_token_ms=2494.3 generation_ms=18612.0 generated=64 generation_tps=3.439
AGENT index=2 mig=31ffbfe4 exit=0 wall_ms=31515 text=37e5f08e6279aa62 role=child prefix_tokens=14282 suffix_tokens=24 model_ms=1446.4 context_ms=77.5 state_ms=6.41 prefix_ms=0.0 suffix_ms=818.1 first_token_ms=2790.8 generation_ms=28291.2 generated=64 generation_tps=2.262
AGENT index=3 mig=fafc828a exit=0 wall_ms=21551 text=5e1ac569aa8b0faf role=child prefix_tokens=14282 suffix_tokens=32 model_ms=1429.1 context_ms=56.7 state_ms=6.83 prefix_ms=0.0 suffix_ms=499.5 first_token_ms=2449.9 generation_ms=18588.7 generated=64 generation_tps=3.443
AGENT index=4 mig=31ffbfe4 exit=0 wall_ms=31334 text=6e3d8f07cfceb082 role=child prefix_tokens=14282 suffix_tokens=23 model_ms=1430.0 context_ms=58.5 state_ms=6.36 prefix_ms=0.0 suffix_ms=760.4 first_token_ms=2710.4 generation_ms=28248.4 generated=64 generation_tps=2.266
AGENT index=5 mig=fafc828a exit=0 wall_ms=21677 text=47179dd0dcd49eb0 role=child prefix_tokens=14282 suffix_tokens=26 model_ms=1424.0 context_ms=77.0 state_ms=6.19 prefix_ms=0.0 suffix_ms=567.5 first_token_ms=2534.8 generation_ms=18603.9 generated=64 generation_tps=3.440
AGENT index=6 mig=31ffbfe4 exit=0 wall_ms=31406 text=f88f503d1005fa22 role=child prefix_tokens=14282 suffix_tokens=21 model_ms=1439.7 context_ms=73.8 state_ms=6.33 prefix_ms=0.0 suffix_ms=791.8 first_token_ms=2753.4 generation_ms=28297.9 generated=64 generation_tps=2.262
AGENT index=7 mig=fafc828a exit=0 wall_ms=21623 text=f9c832b7cad1a509 role=child prefix_tokens=14282 suffix_tokens=31 model_ms=1414.9 context_ms=78.0 state_ms=6.24 prefix_ms=0.0 suffix_ms=555.4 first_token_ms=2518.2 generation_ms=18611.2 generated=64 generation_tps=3.439
AGENT index=8 mig=31ffbfe4 exit=0 wall_ms=31479 text=a3c806a5411bc6e6 role=child prefix_tokens=14282 suffix_tokens=18 model_ms=1416.1 context_ms=74.7 state_ms=6.40 prefix_ms=0.0 suffix_ms=811.3 first_token_ms=2772.6 generation_ms=28283.0 generated=64 generation_tps=2.263
AGENT index=9 mig=fafc828a exit=0 wall_ms=21568 text=a2d016def74ecc62 role=child prefix_tokens=14282 suffix_tokens=18 model_ms=1436.0 context_ms=64.1 state_ms=6.25 prefix_ms=0.0 suffix_ms=498.5 first_token_ms=2457.2 generation_ms=18604.1 generated=64 generation_tps=3.440
AGENT index=10 mig=31ffbfe4 exit=0 wall_ms=31298 text=a733f3a39259263c role=child prefix_tokens=14282 suffix_tokens=18 model_ms=1411.4 context_ms=49.1 state_ms=6.28 prefix_ms=0.0 suffix_ms=728.7 first_token_ms=2652.9 generation_ms=28249.0 generated=64 generation_tps=2.266
AGENT index=11 mig=fafc828a exit=0 wall_ms=21590 text=ad0d6edf343e5e28 role=child prefix_tokens=14282 suffix_tokens=22 model_ms=1461.8 context_ms=66.8 state_ms=6.05 prefix_ms=0.0 suffix_ms=513.0 first_token_ms=2477.2 generation_ms=18615.6 generated=64 generation_tps=3.438
MEMORY mem_available_drop_mib=8676 mem_available_before_mib=120125 mem_free_before_mib=46123 pss_anon_mib=2937 pss_file_mib=4788 pss_shmem_mib=1479 device_mib=4644 samples=5
END_CASE failed_agents=0 wall_ms=31612
CASE mode=both agents=16
AGENT index=0 mig=31ffbfe4 exit=0 wall_ms=40989 text=4605b6e04b2228eb role=child prefix_tokens=14282 suffix_tokens=27 model_ms=1706.1 context_ms=40.2 state_ms=6.15 prefix_ms=0.0 suffix_ms=1029.8 first_token_ms=3392.8 generation_ms=37175.9 generated=64 generation_tps=1.722
AGENT index=1 mig=fafc828a exit=0 wall_ms=28521 text=a5af93194a2d1ced role=child prefix_tokens=14282 suffix_tokens=22 model_ms=1999.3 context_ms=29.6 state_ms=6.33 prefix_ms=0.0 suffix_ms=732.4 first_token_ms=3388.8 generation_ms=24634.9 generated=64 generation_tps=2.598
AGENT index=2 mig=31ffbfe4 exit=0 wall_ms=37047 text=37e5f08e6279aa62 role=child prefix_tokens=14282 suffix_tokens=24 model_ms=1218.5 context_ms=66.3 state_ms=10.30 prefix_ms=0.0 suffix_ms=211.6 first_token_ms=1911.8 generation_ms=34764.5 generated=64 generation_tps=1.841
AGENT index=3 mig=fafc828a exit=0 wall_ms=28389 text=5e1ac569aa8b0faf role=child prefix_tokens=14282 suffix_tokens=32 model_ms=1713.7 context_ms=41.1 state_ms=6.11 prefix_ms=0.0 suffix_ms=630.9 first_token_ms=2978.5 generation_ms=24906.7 generated=64 generation_tps=2.570
AGENT index=4 mig=31ffbfe4 exit=0 wall_ms=40887 text=6e3d8f07cfceb082 role=child prefix_tokens=14282 suffix_tokens=23 model_ms=1699.0 context_ms=62.7 state_ms=6.42 prefix_ms=0.0 suffix_ms=1000.8 first_token_ms=3353.8 generation_ms=37150.2 generated=64 generation_tps=1.723
AGENT index=5 mig=fafc828a exit=0 wall_ms=28388 text=47179dd0dcd49eb0 role=child prefix_tokens=14282 suffix_tokens=26 model_ms=1644.6 context_ms=53.3 state_ms=6.21 prefix_ms=0.0 suffix_ms=646.6 first_token_ms=2951.5 generation_ms=24911.2 generated=64 generation_tps=2.569
AGENT index=6 mig=31ffbfe4 exit=0 wall_ms=40616 text=f88f503d1005fa22 role=child prefix_tokens=14282 suffix_tokens=21 model_ms=1673.0 context_ms=29.4 state_ms=7.29 prefix_ms=0.0 suffix_ms=694.5 first_token_ms=2915.4 generation_ms=37304.8 generated=64 generation_tps=1.716
AGENT index=7 mig=fafc828a exit=0 wall_ms=28436 text=f9c832b7cad1a509 role=child prefix_tokens=14282 suffix_tokens=31 model_ms=1713.8 context_ms=47.6 state_ms=6.25 prefix_ms=0.0 suffix_ms=736.6 first_token_ms=3096.5 generation_ms=24862.6 generated=64 generation_tps=2.574
AGENT index=8 mig=31ffbfe4 exit=0 wall_ms=40736 text=a3c806a5411bc6e6 role=child prefix_tokens=14282 suffix_tokens=18 model_ms=1722.8 context_ms=32.8 state_ms=8.68 prefix_ms=0.0 suffix_ms=825.1 first_token_ms=3081.2 generation_ms=37283.6 generated=64 generation_tps=1.717
AGENT index=9 mig=fafc828a exit=0 wall_ms=28108 text=a2d016def74ecc62 role=child prefix_tokens=14282 suffix_tokens=18 model_ms=1639.2 context_ms=47.5 state_ms=6.27 prefix_ms=0.0 suffix_ms=498.7 first_token_ms=2823.7 generation_ms=24872.8 generated=64 generation_tps=2.573
AGENT index=10 mig=31ffbfe4 exit=0 wall_ms=40974 text=a733f3a39259263c role=child prefix_tokens=14282 suffix_tokens=18 model_ms=1646.4 context_ms=50.7 state_ms=12.12 prefix_ms=0.0 suffix_ms=1029.4 first_token_ms=3347.7 generation_ms=37168.4 generated=64 generation_tps=1.722
AGENT index=11 mig=fafc828a exit=0 wall_ms=28402 text=ad0d6edf343e5e28 role=child prefix_tokens=14282 suffix_tokens=22 model_ms=1748.7 context_ms=30.3 state_ms=6.37 prefix_ms=0.0 suffix_ms=705.9 first_token_ms=3110.8 generation_ms=24847.6 generated=64 generation_tps=2.576
AGENT index=12 mig=31ffbfe4 exit=0 wall_ms=40995 text=2c93819fe85df763 role=child prefix_tokens=14282 suffix_tokens=21 model_ms=1825.0 context_ms=28.0 state_ms=6.01 prefix_ms=0.0 suffix_ms=1118.1 first_token_ms=3599.9 generation_ms=37013.6 generated=64 generation_tps=1.729
AGENT index=13 mig=fafc828a exit=0 wall_ms=28548 text=5d483815f91685a6 role=child prefix_tokens=14282 suffix_tokens=31 model_ms=1656.6 context_ms=37.7 state_ms=6.42 prefix_ms=0.0 suffix_ms=753.1 first_token_ms=3097.1 generation_ms=24849.8 generated=64 generation_tps=2.575
AGENT index=14 mig=31ffbfe4 exit=0 wall_ms=41062 text=f8f770d151794139 role=child prefix_tokens=14282 suffix_tokens=21 model_ms=1947.6 context_ms=29.7 state_ms=6.40 prefix_ms=0.0 suffix_ms=1144.4 first_token_ms=3757.7 generation_ms=36863.4 generated=64 generation_tps=1.736
AGENT index=15 mig=fafc828a exit=0 wall_ms=28238 text=0d9668c2f9cbc9fc role=child prefix_tokens=14282 suffix_tokens=26 model_ms=1698.0 context_ms=49.4 state_ms=5.90 prefix_ms=0.0 suffix_ms=598.3 first_token_ms=2904.7 generation_ms=24896.9 generated=64 generation_tps=2.571
MEMORY mem_available_drop_mib=11536 mem_available_before_mib=120121 mem_free_before_mib=46111 pss_anon_mib=3937 pss_file_mib=4879 pss_shmem_mib=1712 device_mib=6192 samples=7
END_CASE failed_agents=0 wall_ms=41207
CASE mode=both agents=32
AGENT index=0 mig=31ffbfe4 exit=0 wall_ms=81798 text=4605b6e04b2228eb role=child prefix_tokens=14282 suffix_tokens=27 model_ms=3935.3 context_ms=45.5 state_ms=7.52 prefix_ms=0.0 suffix_ms=2123.1 first_token_ms=7276.6 generation_ms=74082.9 generated=64 generation_tps=0.864
AGENT index=1 mig=fafc828a exit=0 wall_ms=55686 text=a5af93194a2d1ced role=child prefix_tokens=14282 suffix_tokens=22 model_ms=3482.3 context_ms=46.9 state_ms=7.37 prefix_ms=0.0 suffix_ms=710.3 first_token_ms=5522.1 generation_ms=49768.3 generated=64 generation_tps=1.286
AGENT index=2 mig=31ffbfe4 exit=0 wall_ms=79502 text=37e5f08e6279aa62 role=child prefix_tokens=14282 suffix_tokens=24 model_ms=3106.2 context_ms=64.4 state_ms=14.39 prefix_ms=0.0 suffix_ms=504.3 first_token_ms=4883.6 generation_ms=74271.8 generated=64 generation_tps=0.862
AGENT index=3 mig=fafc828a exit=0 wall_ms=54725 text=5e1ac569aa8b0faf role=child prefix_tokens=14282 suffix_tokens=32 model_ms=3311.3 context_ms=91.3 state_ms=11.17 prefix_ms=0.0 suffix_ms=361.7 first_token_ms=4959.4 generation_ms=49378.8 generated=64 generation_tps=1.296
AGENT index=4 mig=31ffbfe4 exit=0 wall_ms=81638 text=6e3d8f07cfceb082 role=child prefix_tokens=14282 suffix_tokens=23 model_ms=3522.6 context_ms=100.7 state_ms=14.39 prefix_ms=0.0 suffix_ms=1992.9 first_token_ms=7005.2 generation_ms=74258.6 generated=64 generation_tps=0.862
AGENT index=5 mig=fafc828a exit=0 wall_ms=52967 text=47179dd0dcd49eb0 role=child prefix_tokens=14282 suffix_tokens=26 model_ms=3150.0 context_ms=82.6 state_ms=14.28 prefix_ms=0.0 suffix_ms=198.1 first_token_ms=4599.1 generation_ms=47184.5 generated=64 generation_tps=1.356
AGENT index=6 mig=31ffbfe4 exit=0 wall_ms=81559 text=f88f503d1005fa22 role=child prefix_tokens=14282 suffix_tokens=21 model_ms=3779.2 context_ms=77.5 state_ms=9.69 prefix_ms=0.0 suffix_ms=1928.9 first_token_ms=6953.3 generation_ms=74189.1 generated=64 generation_tps=0.863
AGENT index=7 mig=fafc828a exit=0 wall_ms=56227 text=f9c832b7cad1a509 role=child prefix_tokens=14282 suffix_tokens=31 model_ms=3653.7 context_ms=97.2 state_ms=18.57 prefix_ms=0.0 suffix_ms=1283.4 first_token_ms=6222.3 generation_ms=49523.7 generated=64 generation_tps=1.292
AGENT index=8 mig=31ffbfe4 exit=0 wall_ms=81834 text=a3c806a5411bc6e6 role=child prefix_tokens=14282 suffix_tokens=18 model_ms=3952.9 context_ms=32.5 state_ms=7.68 prefix_ms=0.0 suffix_ms=2122.0 first_token_ms=7297.8 generation_ms=74077.4 generated=64 generation_tps=0.864
AGENT index=9 mig=fafc828a exit=0 wall_ms=54960 text=a2d016def74ecc62 role=child prefix_tokens=14282 suffix_tokens=18 model_ms=3352.3 context_ms=81.9 state_ms=22.51 prefix_ms=0.0 suffix_ms=396.1 first_token_ms=5011.1 generation_ms=49549.2 generated=64 generation_tps=1.292
AGENT index=10 mig=31ffbfe4 exit=0 wall_ms=81905 text=a733f3a39259263c role=child prefix_tokens=14282 suffix_tokens=18 model_ms=3893.9 context_ms=36.9 state_ms=6.40 prefix_ms=0.0 suffix_ms=2210.7 first_token_ms=7489.7 generation_ms=73935.7 generated=64 generation_tps=0.866
AGENT index=11 mig=fafc828a exit=0 wall_ms=56626 text=ad0d6edf343e5e28 role=child prefix_tokens=14282 suffix_tokens=22 model_ms=3940.3 context_ms=39.3 state_ms=6.31 prefix_ms=0.0 suffix_ms=1475.4 first_token_ms=6748.5 generation_ms=49250.5 generated=64 generation_tps=1.299
AGENT index=12 mig=31ffbfe4 exit=0 wall_ms=76324 text=2c93819fe85df763 role=child prefix_tokens=14282 suffix_tokens=21 model_ms=2463.0 context_ms=85.4 state_ms=7.64 prefix_ms=0.0 suffix_ms=460.7 first_token_ms=4200.3 generation_ms=71754.8 generated=64 generation_tps=0.892
AGENT index=13 mig=fafc828a exit=0 wall_ms=56647 text=5d483815f91685a6 role=child prefix_tokens=14282 suffix_tokens=31 model_ms=3997.5 context_ms=46.6 state_ms=6.42 prefix_ms=0.0 suffix_ms=1583.6 first_token_ms=6725.0 generation_ms=49240.5 generated=64 generation_tps=1.300
AGENT index=14 mig=31ffbfe4 exit=0 wall_ms=81743 text=f8f770d151794139 role=child prefix_tokens=14282 suffix_tokens=21 model_ms=3882.7 context_ms=53.7 state_ms=6.28 prefix_ms=0.0 suffix_ms=2130.3 first_token_ms=7255.7 generation_ms=74055.4 generated=64 generation_tps=0.864
AGENT index=15 mig=fafc828a exit=0 wall_ms=56360 text=0d9668c2f9cbc9fc role=child prefix_tokens=14282 suffix_tokens=26 model_ms=3454.1 context_ms=92.8 state_ms=14.43 prefix_ms=0.0 suffix_ms=1335.3 first_token_ms=6285.6 generation_ms=49528.7 generated=64 generation_tps=1.292
AGENT index=16 mig=31ffbfe4 exit=0 wall_ms=81836 text=a6ffaf564cadb5d1 role=child prefix_tokens=14282 suffix_tokens=25 model_ms=3789.5 context_ms=74.8 state_ms=14.40 prefix_ms=0.0 suffix_ms=2025.3 first_token_ms=7077.2 generation_ms=74243.7 generated=64 generation_tps=0.862
AGENT index=17 mig=fafc828a exit=0 wall_ms=56350 text=6bd685fbc4b441ec role=child prefix_tokens=14282 suffix_tokens=22 model_ms=3715.9 context_ms=100.7 state_ms=14.34 prefix_ms=0.0 suffix_ms=1311.7 first_token_ms=6324.3 generation_ms=49474.3 generated=64 generation_tps=1.294
AGENT index=18 mig=31ffbfe4 exit=0 wall_ms=70760 text=ba15e410535ababc role=child prefix_tokens=14282 suffix_tokens=21 model_ms=1855.4 context_ms=237.7 state_ms=15.29 prefix_ms=0.0 suffix_ms=425.7 first_token_ms=3663.5 generation_ms=66730.9 generated=64 generation_tps=0.959
AGENT index=19 mig=fafc828a exit=0 wall_ms=56186 text=4c7501e634d9bf23 role=child prefix_tokens=14282 suffix_tokens=18 model_ms=3947.3 context_ms=40.0 state_ms=6.41 prefix_ms=0.0 suffix_ms=1410.6 first_token_ms=6544.2 generation_ms=49161.5 generated=64 generation_tps=1.302
AGENT index=20 mig=31ffbfe4 exit=0 wall_ms=81968 text=b3893059e7e79532 role=child prefix_tokens=14282 suffix_tokens=21 model_ms=3868.2 context_ms=38.6 state_ms=6.10 prefix_ms=0.0 suffix_ms=2227.6 first_token_ms=7467.6 generation_ms=73949.5 generated=64 generation_tps=0.865
AGENT index=21 mig=fafc828a exit=0 wall_ms=56257 text=284eef78a2286715 role=child prefix_tokens=14282 suffix_tokens=26 model_ms=3709.3 context_ms=76.7 state_ms=7.75 prefix_ms=0.0 suffix_ms=1325.9 first_token_ms=6243.2 generation_ms=49502.3 generated=64 generation_tps=1.293
AGENT index=22 mig=31ffbfe4 exit=0 wall_ms=81914 text=ad3122b47bf9d41d role=child prefix_tokens=14282 suffix_tokens=27 model_ms=3959.6 context_ms=27.0 state_ms=6.47 prefix_ms=0.0 suffix_ms=2311.5 first_token_ms=7621.0 generation_ms=73813.0 generated=64 generation_tps=0.867
AGENT index=23 mig=fafc828a exit=0 wall_ms=56383 text=fd9dec9936f784ff role=child prefix_tokens=14282 suffix_tokens=17 model_ms=3643.3 context_ms=74.3 state_ms=6.37 prefix_ms=0.0 suffix_ms=1321.6 first_token_ms=6301.4 generation_ms=49521.9 generated=64 generation_tps=1.292
AGENT index=24 mig=31ffbfe4 exit=0 wall_ms=80586 text=9834d2c93010cb40 role=child prefix_tokens=14282 suffix_tokens=22 model_ms=3291.8 context_ms=67.7 state_ms=14.39 prefix_ms=0.0 suffix_ms=908.3 first_token_ms=5469.4 generation_ms=74751.3 generated=64 generation_tps=0.856
AGENT index=25 mig=fafc828a exit=0 wall_ms=56454 text=d4e1fcaa961685d1 role=child prefix_tokens=14282 suffix_tokens=23 model_ms=3825.3 context_ms=43.8 state_ms=6.15 prefix_ms=0.0 suffix_ms=1482.5 first_token_ms=6681.9 generation_ms=49261.3 generated=64 generation_tps=1.299
AGENT index=26 mig=31ffbfe4 exit=0 wall_ms=81979 text=9e35020256b4a71c role=child prefix_tokens=14282 suffix_tokens=19 model_ms=3805.2 context_ms=38.5 state_ms=6.53 prefix_ms=0.0 suffix_ms=2194.3 first_token_ms=7381.8 generation_ms=74026.7 generated=64 generation_tps=0.865
AGENT index=27 mig=fafc828a exit=0 wall_ms=56419 text=178df8f18d21f57e role=child prefix_tokens=14282 suffix_tokens=21 model_ms=3807.0 context_ms=49.9 state_ms=7.48 prefix_ms=0.0 suffix_ms=1365.1 first_token_ms=6400.5 generation_ms=49468.9 generated=64 generation_tps=1.294
AGENT index=28 mig=31ffbfe4 exit=0 wall_ms=80671 text=15c67d79a860da75 role=child prefix_tokens=14282 suffix_tokens=20 model_ms=3184.4 context_ms=33.6 state_ms=6.81 prefix_ms=0.0 suffix_ms=918.3 first_token_ms=5489.4 generation_ms=74821.1 generated=64 generation_tps=0.855
AGENT index=29 mig=fafc828a exit=0 wall_ms=55755 text=a72f71cd80731afe role=child prefix_tokens=14282 suffix_tokens=22 model_ms=3384.3 context_ms=65.4 state_ms=7.00 prefix_ms=0.0 suffix_ms=811.0 first_token_ms=5606.7 generation_ms=49724.3 generated=64 generation_tps=1.287
AGENT index=30 mig=31ffbfe4 exit=0 wall_ms=81460 text=317f6f38771a1e41 role=child prefix_tokens=14282 suffix_tokens=20 model_ms=3698.0 context_ms=53.6 state_ms=6.31 prefix_ms=0.0 suffix_ms=1961.2 first_token_ms=6964.0 generation_ms=74061.3 generated=64 generation_tps=0.864
AGENT index=31 mig=fafc828a exit=0 wall_ms=56633 text=d52293b0dc058085 role=child prefix_tokens=14282 suffix_tokens=22 model_ms=3765.0 context_ms=30.2 state_ms=7.47 prefix_ms=0.0 suffix_ms=1436.0 first_token_ms=6575.9 generation_ms=49329.4 generated=64 generation_tps=1.297
MEMORY mem_available_drop_mib=22912 mem_available_before_mib=120144 mem_free_before_mib=46132 pss_anon_mib=7876 pss_file_mib=5265 pss_shmem_mib=2652 device_mib=12384 samples=13
END_CASE failed_agents=0 wall_ms=82255
CASE mode=both agents=64
AGENT index=0 mig=31ffbfe4 exit=0 wall_ms=164460 text=4605b6e04b2228eb role=child prefix_tokens=14282 suffix_tokens=27 model_ms=8407.4 context_ms=176.6 state_ms=14.52 prefix_ms=0.0 suffix_ms=4570.5 first_token_ms=15730.8 generation_ms=147967.2 generated=64 generation_tps=0.433
AGENT index=1 mig=fafc828a exit=0 wall_ms=93107 text=a5af93194a2d1ced role=child prefix_tokens=14282 suffix_tokens=22 model_ms=4295.1 context_ms=695.9 state_ms=16.06 prefix_ms=0.0 suffix_ms=556.1 first_token_ms=7718.1 generation_ms=83166.4 generated=64 generation_tps=0.770
AGENT index=2 mig=31ffbfe4 exit=0 wall_ms=161090 text=37e5f08e6279aa62 role=child prefix_tokens=14282 suffix_tokens=24 model_ms=7072.3 context_ms=156.4 state_ms=25.14 prefix_ms=0.0 suffix_ms=1512.2 first_token_ms=11188.8 generation_ms=149519.7 generated=64 generation_tps=0.428
AGENT index=3 mig=fafc828a exit=0 wall_ms=109473 text=5e1ac569aa8b0faf role=child prefix_tokens=14282 suffix_tokens=32 model_ms=7940.2 context_ms=102.9 state_ms=28.21 prefix_ms=0.0 suffix_ms=1538.4 first_token_ms=11936.7 generation_ms=97089.0 generated=64 generation_tps=0.659
AGENT index=4 mig=31ffbfe4 exit=0 wall_ms=164505 text=6e3d8f07cfceb082 role=child prefix_tokens=14282 suffix_tokens=23 model_ms=8324.9 context_ms=121.2 state_ms=8.39 prefix_ms=0.0 suffix_ms=4396.8 first_token_ms=15611.1 generation_ms=148095.8 generated=64 generation_tps=0.432
AGENT index=5 mig=fafc828a exit=0 wall_ms=111760 text=47179dd0dcd49eb0 role=child prefix_tokens=14282 suffix_tokens=26 model_ms=7874.8 context_ms=160.3 state_ms=26.55 prefix_ms=0.0 suffix_ms=3071.1 first_token_ms=13889.7 generation_ms=96661.8 generated=64 generation_tps=0.662
AGENT index=6 mig=31ffbfe4 exit=0 wall_ms=164041 text=f88f503d1005fa22 role=child prefix_tokens=14282 suffix_tokens=21 model_ms=8595.2 context_ms=245.2 state_ms=70.44 prefix_ms=0.0 suffix_ms=4421.8 first_token_ms=15636.3 generation_ms=147943.4 generated=64 generation_tps=0.433
AGENT index=7 mig=fafc828a exit=0 wall_ms=93459 text=f9c832b7cad1a509 role=child prefix_tokens=14282 suffix_tokens=31 model_ms=4981.4 context_ms=209.1 state_ms=15.92 prefix_ms=0.0 suffix_ms=636.0 first_token_ms=8175.1 generation_ms=84885.3 generated=64 generation_tps=0.754
AGENT index=8 mig=31ffbfe4 exit=0 wall_ms=162902 text=a3c806a5411bc6e6 role=child prefix_tokens=14282 suffix_tokens=18 model_ms=8132.2 context_ms=76.4 state_ms=14.53 prefix_ms=0.0 suffix_ms=3767.3 first_token_ms=14261.1 generation_ms=148170.5 generated=64 generation_tps=0.432
AGENT index=9 mig=fafc828a exit=0 wall_ms=110825 text=a2d016def74ecc62 role=child prefix_tokens=14282 suffix_tokens=18 model_ms=8336.9 context_ms=135.0 state_ms=17.68 prefix_ms=0.0 suffix_ms=2617.2 first_token_ms=13425.8 generation_ms=96784.2 generated=64 generation_tps=0.661
AGENT index=10 mig=31ffbfe4 exit=0 wall_ms=164311 text=a733f3a39259263c role=child prefix_tokens=14282 suffix_tokens=18 model_ms=8412.9 context_ms=193.9 state_ms=13.89 prefix_ms=0.0 suffix_ms=4489.3 first_token_ms=15435.0 generation_ms=148204.0 generated=64 generation_tps=0.432
AGENT index=11 mig=fafc828a exit=0 wall_ms=111028 text=ad0d6edf343e5e28 role=child prefix_tokens=14282 suffix_tokens=22 model_ms=8744.0 context_ms=112.2 state_ms=10.24 prefix_ms=0.0 suffix_ms=2876.3 first_token_ms=14054.7 generation_ms=96314.1 generated=64 generation_tps=0.664
AGENT index=12 mig=31ffbfe4 exit=0 wall_ms=162974 text=2c93819fe85df763 role=child prefix_tokens=14282 suffix_tokens=21 model_ms=7485.3 context_ms=150.4 state_ms=16.24 prefix_ms=0.0 suffix_ms=3108.2 first_token_ms=13295.5 generation_ms=149202.4 generated=64 generation_tps=0.429
AGENT index=13 mig=fafc828a exit=0 wall_ms=93087 text=5d483815f91685a6 role=child prefix_tokens=14282 suffix_tokens=31 model_ms=4313.0 context_ms=404.7 state_ms=6.50 prefix_ms=0.0 suffix_ms=703.7 first_token_ms=7911.1 generation_ms=83967.1 generated=64 generation_tps=0.762
AGENT index=14 mig=31ffbfe4 exit=0 wall_ms=162414 text=f8f770d151794139 role=child prefix_tokens=14282 suffix_tokens=21 model_ms=7005.3 context_ms=216.4 state_ms=22.12 prefix_ms=0.0 suffix_ms=2495.4 first_token_ms=12478.7 generation_ms=149450.2 generated=64 generation_tps=0.428
AGENT index=15 mig=fafc828a exit=0 wall_ms=111554 text=0d9668c2f9cbc9fc role=child prefix_tokens=14282 suffix_tokens=26 model_ms=8599.9 context_ms=70.4 state_ms=6.15 prefix_ms=0.0 suffix_ms=3181.3 first_token_ms=14384.6 generation_ms=96293.3 generated=64 generation_tps=0.665
AGENT index=16 mig=31ffbfe4 exit=0 wall_ms=163947 text=a6ffaf564cadb5d1 role=child prefix_tokens=14282 suffix_tokens=25 model_ms=8399.4 context_ms=173.7 state_ms=7.62 prefix_ms=0.0 suffix_ms=4458.8 first_token_ms=15375.6 generation_ms=148133.0 generated=64 generation_tps=0.432
AGENT index=17 mig=fafc828a exit=0 wall_ms=111137 text=6bd685fbc4b441ec role=child prefix_tokens=14282 suffix_tokens=22 model_ms=8762.4 context_ms=82.1 state_ms=6.75 prefix_ms=0.0 suffix_ms=2806.8 first_token_ms=14015.8 generation_ms=96492.8 generated=64 generation_tps=0.663
AGENT index=18 mig=31ffbfe4 exit=0 wall_ms=163665 text=ba15e410535ababc role=child prefix_tokens=14282 suffix_tokens=21 model_ms=8721.8 context_ms=46.1 state_ms=6.46 prefix_ms=0.0 suffix_ms=4403.0 first_token_ms=15622.1 generation_ms=147637.9 generated=64 generation_tps=0.433
AGENT index=19 mig=fafc828a exit=0 wall_ms=107025 text=4c7501e634d9bf23 role=child prefix_tokens=14282 suffix_tokens=18 model_ms=7012.4 context_ms=161.0 state_ms=17.02 prefix_ms=0.0 suffix_ms=738.3 first_token_ms=10382.5 generation_ms=96203.4 generated=64 generation_tps=0.665
AGENT index=20 mig=31ffbfe4 exit=0 wall_ms=159749 text=b3893059e7e79532 role=child prefix_tokens=14282 suffix_tokens=21 model_ms=6806.9 context_ms=147.7 state_ms=27.84 prefix_ms=0.0 suffix_ms=1009.3 first_token_ms=10540.1 generation_ms=148811.6 generated=64 generation_tps=0.430
AGENT index=21 mig=fafc828a exit=0 wall_ms=111764 text=284eef78a2286715 role=child prefix_tokens=14282 suffix_tokens=26 model_ms=8331.3 context_ms=183.9 state_ms=11.52 prefix_ms=0.0 suffix_ms=3120.5 first_token_ms=14283.4 generation_ms=96381.2 generated=64 generation_tps=0.664
AGENT index=22 mig=31ffbfe4 exit=0 wall_ms=163839 text=ad3122b47bf9d41d role=child prefix_tokens=14282 suffix_tokens=27 model_ms=8360.4 context_ms=148.0 state_ms=9.85 prefix_ms=0.0 suffix_ms=4363.1 first_token_ms=15210.1 generation_ms=148139.7 generated=64 generation_tps=0.432
AGENT index=23 mig=fafc828a exit=0 wall_ms=110854 text=fd9dec9936f784ff role=child prefix_tokens=14282 suffix_tokens=17 model_ms=8766.7 context_ms=88.2 state_ms=11.30 prefix_ms=0.0 suffix_ms=2839.2 first_token_ms=14027.7 generation_ms=96199.3 generated=64 generation_tps=0.665
AGENT index=24 mig=31ffbfe4 exit=0 wall_ms=162339 text=9834d2c93010cb40 role=child prefix_tokens=14282 suffix_tokens=22 model_ms=7352.5 context_ms=181.6 state_ms=22.23 prefix_ms=0.0 suffix_ms=2544.3 first_token_ms=12516.9 generation_ms=149389.6 generated=64 generation_tps=0.428
AGENT index=25 mig=fafc828a exit=0 wall_ms=111564 text=d4e1fcaa961685d1 role=child prefix_tokens=14282 suffix_tokens=23 model_ms=8618.7 context_ms=177.1 state_ms=11.30 prefix_ms=0.0 suffix_ms=2846.1 first_token_ms=13994.4 generation_ms=96598.6 generated=64 generation_tps=0.663
AGENT index=26 mig=31ffbfe4 exit=0 wall_ms=163212 text=9e35020256b4a71c role=child prefix_tokens=14282 suffix_tokens=19 model_ms=7475.4 context_ms=92.9 state_ms=14.44 prefix_ms=0.0 suffix_ms=3462.0 first_token_ms=13770.7 generation_ms=149038.7 generated=64 generation_tps=0.429
AGENT index=27 mig=fafc828a exit=0 wall_ms=111195 text=178df8f18d21f57e role=child prefix_tokens=14282 suffix_tokens=21 model_ms=8056.6 context_ms=163.9 state_ms=8.09 prefix_ms=0.0 suffix_ms=2637.1 first_token_ms=13619.8 generation_ms=96958.3 generated=64 generation_tps=0.660
AGENT index=28 mig=31ffbfe4 exit=0 wall_ms=157953 text=15c67d79a860da75 role=child prefix_tokens=14282 suffix_tokens=20 model_ms=6843.6 context_ms=133.7 state_ms=18.26 prefix_ms=0.0 suffix_ms=668.9 first_token_ms=9904.5 generation_ms=147692.6 generated=64 generation_tps=0.433
AGENT index=29 mig=fafc828a exit=0 wall_ms=110492 text=a72f71cd80731afe role=child prefix_tokens=14282 suffix_tokens=22 model_ms=8188.6 context_ms=123.5 state_ms=11.84 prefix_ms=0.0 suffix_ms=2566.5 first_token_ms=13166.2 generation_ms=96846.8 generated=64 generation_tps=0.661
AGENT index=30 mig=31ffbfe4 exit=0 wall_ms=161916 text=317f6f38771a1e41 role=child prefix_tokens=14282 suffix_tokens=20 model_ms=7023.8 context_ms=231.4 state_ms=23.05 prefix_ms=0.0 suffix_ms=2758.0 first_token_ms=12739.1 generation_ms=148789.9 generated=64 generation_tps=0.430
AGENT index=31 mig=fafc828a exit=0 wall_ms=103826 text=d52293b0dc058085 role=child prefix_tokens=14282 suffix_tokens=22 model_ms=6267.7 context_ms=248.1 state_ms=38.45 prefix_ms=0.0 suffix_ms=635.0 first_token_ms=9672.0 generation_ms=93764.6 generated=64 generation_tps=0.683
AGENT index=32 mig=31ffbfe4 exit=0 wall_ms=157116 text=a067a6895417f0e8 role=child prefix_tokens=14282 suffix_tokens=28 model_ms=6927.6 context_ms=70.0 state_ms=10.35 prefix_ms=0.0 suffix_ms=480.6 first_token_ms=9719.8 generation_ms=146978.7 generated=64 generation_tps=0.435
AGENT index=33 mig=fafc828a exit=0 wall_ms=108293 text=5b450cf9627e77b9 role=child prefix_tokens=14282 suffix_tokens=23 model_ms=7313.3 context_ms=150.0 state_ms=22.90 prefix_ms=0.0 suffix_ms=1164.1 first_token_ms=11010.9 generation_ms=96868.6 generated=64 generation_tps=0.661
AGENT index=34 mig=31ffbfe4 exit=0 wall_ms=164170 text=5c09b6f1d055319b role=child prefix_tokens=14282 suffix_tokens=25 model_ms=8340.3 context_ms=150.2 state_ms=6.42 prefix_ms=0.0 suffix_ms=4484.6 first_token_ms=15614.0 generation_ms=147936.2 generated=64 generation_tps=0.433
AGENT index=35 mig=fafc828a exit=0 wall_ms=93002 text=077e38d3762a4e5d role=child prefix_tokens=14282 suffix_tokens=33 model_ms=3261.9 context_ms=1023.6 state_ms=6.15 prefix_ms=0.0 suffix_ms=696.0 first_token_ms=7493.5 generation_ms=81063.3 generated=64 generation_tps=0.790
AGENT index=36 mig=31ffbfe4 exit=0 wall_ms=164090 text=836ebfaf7d21007d role=child prefix_tokens=14282 suffix_tokens=24 model_ms=8764.3 context_ms=145.0 state_ms=6.67 prefix_ms=0.0 suffix_ms=4392.7 first_token_ms=15516.1 generation_ms=148003.1 generated=64 generation_tps=0.432
AGENT index=37 mig=fafc828a exit=0 wall_ms=111600 text=b5c1cde845350686 role=child prefix_tokens=14282 suffix_tokens=27 model_ms=7994.5 context_ms=143.5 state_ms=16.30 prefix_ms=0.0 suffix_ms=3045.8 first_token_ms=13888.8 generation_ms=96608.8 generated=64 generation_tps=0.662
AGENT index=38 mig=31ffbfe4 exit=0 wall_ms=162725 text=e57f2865bc99ed0e role=child prefix_tokens=14282 suffix_tokens=22 model_ms=7628.1 context_ms=173.6 state_ms=22.71 prefix_ms=0.0 suffix_ms=3200.3 first_token_ms=13329.5 generation_ms=148977.7 generated=64 generation_tps=0.430
AGENT index=39 mig=fafc828a exit=0 wall_ms=111598 text=f9c832b7cad1a509 role=child prefix_tokens=14282 suffix_tokens=32 model_ms=8235.7 context_ms=220.4 state_ms=9.00 prefix_ms=0.0 suffix_ms=3018.8 first_token_ms=13940.6 generation_ms=96555.7 generated=64 generation_tps=0.663
AGENT index=40 mig=31ffbfe4 exit=0 wall_ms=163953 text=1bedc9985ebffdf3 role=child prefix_tokens=14282 suffix_tokens=19 model_ms=8083.8 context_ms=169.7 state_ms=6.36 prefix_ms=0.0 suffix_ms=4361.6 first_token_ms=15280.6 generation_ms=148225.7 generated=64 generation_tps=0.432
AGENT index=41 mig=fafc828a exit=0 wall_ms=110199 text=3be32d4f1f40e878 role=child prefix_tokens=14282 suffix_tokens=19 model_ms=7799.8 context_ms=97.1 state_ms=22.11 prefix_ms=0.0 suffix_ms=2128.7 first_token_ms=12628.6 generation_ms=97147.1 generated=64 generation_tps=0.659
AGENT index=42 mig=31ffbfe4 exit=0 wall_ms=164251 text=519b2de5b706a49d role=child prefix_tokens=14282 suffix_tokens=18 model_ms=7863.5 context_ms=227.7 state_ms=9.90 prefix_ms=0.0 suffix_ms=4274.1 first_token_ms=15114.8 generation_ms=148457.4 generated=64 generation_tps=0.431
AGENT index=43 mig=fafc828a exit=0 wall_ms=111198 text=ad92edad967aef00 role=child prefix_tokens=14282 suffix_tokens=22 model_ms=8288.7 context_ms=111.7 state_ms=6.10 prefix_ms=0.0 suffix_ms=2819.2 first_token_ms=13910.2 generation_ms=96498.2 generated=64 generation_tps=0.663
AGENT index=44 mig=31ffbfe4 exit=0 wall_ms=163793 text=806eb5a225900d3a role=child prefix_tokens=14282 suffix_tokens=21 model_ms=8414.3 context_ms=137.7 state_ms=7.61 prefix_ms=0.0 suffix_ms=4367.6 first_token_ms=15348.0 generation_ms=147985.9 generated=64 generation_tps=0.432
AGENT index=45 mig=fafc828a exit=0 wall_ms=110573 text=9f441c92dda94d6e role=child prefix_tokens=14282 suffix_tokens=31 model_ms=8233.4 context_ms=82.8 state_ms=25.48 prefix_ms=0.0 suffix_ms=2535.1 first_token_ms=13045.3 generation_ms=96941.4 generated=64 generation_tps=0.660
AGENT index=46 mig=31ffbfe4 exit=0 wall_ms=164266 text=3f33f20708943e2f role=child prefix_tokens=14282 suffix_tokens=21 model_ms=8142.5 context_ms=133.6 state_ms=6.70 prefix_ms=0.0 suffix_ms=4390.0 first_token_ms=15456.0 generation_ms=148113.5 generated=64 generation_tps=0.432
AGENT index=47 mig=fafc828a exit=0 wall_ms=108868 text=0d9668c2f9cbc9fc role=child prefix_tokens=14282 suffix_tokens=26 model_ms=7235.3 context_ms=212.8 state_ms=26.47 prefix_ms=0.0 suffix_ms=1152.9 first_token_ms=11095.0 generation_ms=97349.3 generated=64 generation_tps=0.657
AGENT index=48 mig=31ffbfe4 exit=0 wall_ms=164335 text=27f58a7742c668f5 role=child prefix_tokens=14282 suffix_tokens=25 model_ms=8323.0 context_ms=96.6 state_ms=10.70 prefix_ms=0.0 suffix_ms=4435.9 first_token_ms=15258.9 generation_ms=148224.2 generated=64 generation_tps=0.432
AGENT index=49 mig=fafc828a exit=0 wall_ms=111667 text=6bd685fbc4b441ec role=child prefix_tokens=14282 suffix_tokens=22 model_ms=8774.3 context_ms=151.8 state_ms=7.65 prefix_ms=0.0 suffix_ms=2896.1 first_token_ms=14000.2 generation_ms=96511.3 generated=64 generation_tps=0.663
AGENT index=50 mig=31ffbfe4 exit=0 wall_ms=162758 text=802dc3b79f95f0ef role=child prefix_tokens=14282 suffix_tokens=21 model_ms=7037.9 context_ms=213.0 state_ms=26.56 prefix_ms=0.0 suffix_ms=2843.3 first_token_ms=12864.8 generation_ms=149418.7 generated=64 generation_tps=0.428
AGENT index=51 mig=fafc828a exit=0 wall_ms=109214 text=88ab36014083e9b4 role=child prefix_tokens=14282 suffix_tokens=18 model_ms=7259.3 context_ms=155.9 state_ms=25.98 prefix_ms=0.0 suffix_ms=1163.6 first_token_ms=11211.8 generation_ms=97562.5 generated=64 generation_tps=0.656
AGENT index=52 mig=31ffbfe4 exit=0 wall_ms=161898 text=56ae1f5c8f39885b role=child prefix_tokens=14282 suffix_tokens=21 model_ms=7027.8 context_ms=231.6 state_ms=38.82 prefix_ms=0.0 suffix_ms=2123.8 first_token_ms=11783.5 generation_ms=149717.2 generated=64 generation_tps=0.427
AGENT index=53 mig=fafc828a exit=0 wall_ms=111418 text=11e4c2a85150fa06 role=child prefix_tokens=14282 suffix_tokens=26 model_ms=8176.1 context_ms=132.1 state_ms=8.01 prefix_ms=0.0 suffix_ms=3090.1 first_token_ms=14072.1 generation_ms=96498.7 generated=64 generation_tps=0.663
AGENT index=54 mig=31ffbfe4 exit=0 wall_ms=160524 text=3b6f5b9c968721eb role=child prefix_tokens=14282 suffix_tokens=27 model_ms=7144.7 context_ms=97.5 state_ms=16.03 prefix_ms=0.0 suffix_ms=1696.6 first_token_ms=11215.1 generation_ms=148907.8 generated=64 generation_tps=0.430
AGENT index=55 mig=fafc828a exit=0 wall_ms=111001 text=7e4fad52bd577abf role=child prefix_tokens=14282 suffix_tokens=17 model_ms=8185.3 context_ms=207.5 state_ms=11.55 prefix_ms=0.0 suffix_ms=2725.1 first_token_ms=13511.3 generation_ms=96784.5 generated=64 generation_tps=0.661
AGENT index=56 mig=31ffbfe4 exit=0 wall_ms=164203 text=9834d2c93010cb40 role=child prefix_tokens=14282 suffix_tokens=22 model_ms=8013.2 context_ms=207.7 state_ms=7.40 prefix_ms=0.0 suffix_ms=4363.0 first_token_ms=15289.9 generation_ms=148206.5 generated=64 generation_tps=0.432
AGENT index=57 mig=fafc828a exit=0 wall_ms=111044 text=50630b6612aba7b8 role=child prefix_tokens=14282 suffix_tokens=23 model_ms=8269.7 context_ms=144.6 state_ms=7.49 prefix_ms=0.0 suffix_ms=2816.6 first_token_ms=13797.9 generation_ms=96502.3 generated=64 generation_tps=0.663
AGENT index=58 mig=31ffbfe4 exit=0 wall_ms=163161 text=9ca71337e20d8558 role=child prefix_tokens=14282 suffix_tokens=19 model_ms=8217.0 context_ms=144.2 state_ms=6.60 prefix_ms=0.0 suffix_ms=4321.2 first_token_ms=15197.5 generation_ms=147512.0 generated=64 generation_tps=0.434
AGENT index=59 mig=fafc828a exit=0 wall_ms=111690 text=a0d59f42adbdb7a7 role=child prefix_tokens=14282 suffix_tokens=21 model_ms=8286.3 context_ms=70.0 state_ms=5.92 prefix_ms=0.0 suffix_ms=2893.4 first_token_ms=13936.7 generation_ms=96628.1 generated=64 generation_tps=0.662
AGENT index=60 mig=31ffbfe4 exit=0 wall_ms=108773 text=b1fe3c81bfb2916f role=child prefix_tokens=14282 suffix_tokens=20 model_ms=4330.0 context_ms=448.5 state_ms=12.44 prefix_ms=0.0 suffix_ms=410.7 first_token_ms=7554.3 generation_ms=100832.3 generated=64 generation_tps=0.635
AGENT index=61 mig=fafc828a exit=0 wall_ms=110651 text=5b7f00ee41a4f8ef role=child prefix_tokens=14282 suffix_tokens=22 model_ms=7941.1 context_ms=160.0 state_ms=9.40 prefix_ms=0.0 suffix_ms=2484.1 first_token_ms=13187.3 generation_ms=96844.6 generated=64 generation_tps=0.661
AGENT index=62 mig=31ffbfe4 exit=0 wall_ms=164338 text=c17cb2a0a71c6a47 role=child prefix_tokens=14282 suffix_tokens=20 model_ms=8148.1 context_ms=167.3 state_ms=13.12 prefix_ms=0.0 suffix_ms=4394.8 first_token_ms=15417.7 generation_ms=148118.3 generated=64 generation_tps=0.432
AGENT index=63 mig=fafc828a exit=0 wall_ms=110456 text=3b010582add6c19e role=child prefix_tokens=14282 suffix_tokens=22 model_ms=7914.1 context_ms=146.4 state_ms=22.00 prefix_ms=0.0 suffix_ms=2527.9 first_token_ms=13060.5 generation_ms=96847.8 generated=64 generation_tps=0.661
MEMORY mem_available_drop_mib=45307 mem_available_before_mib=120124 mem_free_before_mib=46103 pss_anon_mib=15360 pss_file_mib=5886 pss_shmem_mib=4505 device_mib=24768 samples=20
END_CASE failed_agents=0 wall_ms=164915
CASE mode=weights agents=1
AGENT index=0 mig=31ffbfe4 exit=0 wall_ms=5447 text=4605b6e04b2228eb role=child prefix_tokens=14282 suffix_tokens=27 model_ms=640.8 context_ms=38.9 state_ms=112.53 prefix_ms=0.0 suffix_ms=145.6 first_token_ms=975.1 generation_ms=4004.3 generated=64 generation_tps=15.983
MEMORY mem_available_drop_mib=1671 mem_available_before_mib=120190 mem_free_before_mib=46161 pss_anon_mib=228 pss_file_mib=4558 pss_shmem_mib=58 device_mib=1276 samples=1
END_CASE failed_agents=0 wall_ms=5485
CASE mode=weights agents=2
AGENT index=0 mig=31ffbfe4 exit=0 wall_ms=5932 text=4605b6e04b2228eb role=child prefix_tokens=14282 suffix_tokens=27 model_ms=731.3 context_ms=51.9 state_ms=203.44 prefix_ms=0.0 suffix_ms=152.2 first_token_ms=1209.5 generation_ms=4286.6 generated=64 generation_tps=14.930
AGENT index=1 mig=fafc828a exit=0 wall_ms=4401 text=a5af93194a2d1ced role=child prefix_tokens=14282 suffix_tokens=22 model_ms=711.8 context_ms=47.6 state_ms=207.32 prefix_ms=0.0 suffix_ms=107.6 first_token_ms=1164.2 generation_ms=2893.0 generated=64 generation_tps=22.123
MEMORY mem_available_drop_mib=3199 mem_available_before_mib=120057 mem_free_before_mib=46028 pss_anon_mib=455 pss_file_mib=4580 pss_shmem_mib=116 device_mib=2566 samples=1
END_CASE failed_agents=0 wall_ms=5972
CASE mode=weights agents=4
AGENT index=0 mig=31ffbfe4 exit=0 wall_ms=11100 text=4605b6e04b2228eb role=child prefix_tokens=14282 suffix_tokens=27 model_ms=873.4 context_ms=72.7 state_ms=151.49 prefix_ms=0.0 suffix_ms=277.8 first_token_ms=1519.1 generation_ms=9136.1 generated=64 generation_tps=7.005
AGENT index=1 mig=fafc828a exit=0 wall_ms=7995 text=a5af93194a2d1ced role=child prefix_tokens=14282 suffix_tokens=22 model_ms=843.9 context_ms=77.7 state_ms=140.47 prefix_ms=0.0 suffix_ms=186.3 first_token_ms=1419.6 generation_ms=6140.1 generated=64 generation_tps=10.423
AGENT index=2 mig=31ffbfe4 exit=0 wall_ms=10997 text=37e5f08e6279aa62 role=child prefix_tokens=14282 suffix_tokens=24 model_ms=871.8 context_ms=84.8 state_ms=145.08 prefix_ms=0.0 suffix_ms=276.4 first_token_ms=1524.0 generation_ms=9114.5 generated=64 generation_tps=7.022
AGENT index=3 mig=fafc828a exit=0 wall_ms=7941 text=5e1ac569aa8b0faf role=child prefix_tokens=14282 suffix_tokens=32 model_ms=844.6 context_ms=73.3 state_ms=142.28 prefix_ms=0.0 suffix_ms=201.5 first_token_ms=1431.1 generation_ms=6142.6 generated=64 generation_tps=10.419
MEMORY mem_available_drop_mib=6424 mem_available_before_mib=120022 mem_free_before_mib=45993 pss_anon_mib=915 pss_file_mib=4622 pss_shmem_mib=232 device_mib=5132 samples=2
END_CASE failed_agents=0 wall_ms=11151
CASE mode=weights agents=8
AGENT index=0 mig=31ffbfe4 exit=0 wall_ms=20429 text=4605b6e04b2228eb role=child prefix_tokens=14282 suffix_tokens=27 model_ms=1048.1 context_ms=38.1 state_ms=170.81 prefix_ms=0.0 suffix_ms=236.4 first_token_ms=1736.7 generation_ms=18315.8 generated=64 generation_tps=3.494
AGENT index=1 mig=fafc828a exit=0 wall_ms=14883 text=a5af93194a2d1ced role=child prefix_tokens=14282 suffix_tokens=22 model_ms=1056.6 context_ms=97.7 state_ms=182.33 prefix_ms=0.0 suffix_ms=338.7 first_token_ms=1983.5 generation_ms=12378.3 generated=64 generation_tps=5.170
AGENT index=2 mig=31ffbfe4 exit=0 wall_ms=20794 text=37e5f08e6279aa62 role=child prefix_tokens=14282 suffix_tokens=24 model_ms=1081.6 context_ms=100.4 state_ms=214.41 prefix_ms=0.0 suffix_ms=493.5 first_token_ms=2170.2 generation_ms=18243.9 generated=64 generation_tps=3.508
AGENT index=3 mig=fafc828a exit=0 wall_ms=14882 text=5e1ac569aa8b0faf role=child prefix_tokens=14282 suffix_tokens=32 model_ms=1105.8 context_ms=64.8 state_ms=171.64 prefix_ms=0.0 suffix_ms=375.9 first_token_ms=2028.3 generation_ms=12379.8 generated=64 generation_tps=5.170
AGENT index=4 mig=31ffbfe4 exit=0 wall_ms=20866 text=6e3d8f07cfceb082 role=child prefix_tokens=14282 suffix_tokens=23 model_ms=1058.5 context_ms=108.3 state_ms=216.60 prefix_ms=0.0 suffix_ms=516.4 first_token_ms=2203.0 generation_ms=18223.6 generated=64 generation_tps=3.512
AGENT index=5 mig=fafc828a exit=0 wall_ms=14880 text=47179dd0dcd49eb0 role=child prefix_tokens=14282 suffix_tokens=26 model_ms=1035.0 context_ms=93.6 state_ms=176.66 prefix_ms=0.0 suffix_ms=334.4 first_token_ms=1961.4 generation_ms=12364.5 generated=64 generation_tps=5.176
AGENT index=6 mig=31ffbfe4 exit=0 wall_ms=20836 text=f88f503d1005fa22 role=child prefix_tokens=14282 suffix_tokens=21 model_ms=1044.8 context_ms=110.7 state_ms=216.28 prefix_ms=0.0 suffix_ms=503.0 first_token_ms=2187.2 generation_ms=18217.5 generated=64 generation_tps=3.513
AGENT index=7 mig=fafc828a exit=0 wall_ms=14878 text=f9c832b7cad1a509 role=child prefix_tokens=14282 suffix_tokens=31 model_ms=1100.5 context_ms=71.2 state_ms=168.36 prefix_ms=0.0 suffix_ms=387.3 first_token_ms=2040.3 generation_ms=12366.8 generated=64 generation_tps=5.175
MEMORY mem_available_drop_mib=12890 mem_available_before_mib=120021 mem_free_before_mib=45992 pss_anon_mib=1828 pss_file_mib=4705 pss_shmem_mib=465 device_mib=10264 samples=4
END_CASE failed_agents=0 wall_ms=20949
CASE mode=weights agents=12
AGENT index=0 mig=31ffbfe4 exit=0 wall_ms=27552 text=4605b6e04b2228eb role=child prefix_tokens=14282 suffix_tokens=27 model_ms=878.4 context_ms=57.3 state_ms=124.46 prefix_ms=0.0 suffix_ms=147.5 first_token_ms=1575.5 generation_ms=25596.9 generated=64 generation_tps=2.500
AGENT index=1 mig=fafc828a exit=0 wall_ms=21238 text=a5af93194a2d1ced role=child prefix_tokens=14282 suffix_tokens=22 model_ms=1346.8 context_ms=45.6 state_ms=198.23 prefix_ms=0.0 suffix_ms=213.0 first_token_ms=2249.8 generation_ms=18591.8 generated=64 generation_tps=3.442
AGENT index=2 mig=31ffbfe4 exit=0 wall_ms=30338 text=37e5f08e6279aa62 role=child prefix_tokens=14282 suffix_tokens=24 model_ms=1459.0 context_ms=91.2 state_ms=317.52 prefix_ms=0.0 suffix_ms=774.3 first_token_ms=3096.2 generation_ms=26876.1 generated=64 generation_tps=2.381
AGENT index=3 mig=fafc828a exit=0 wall_ms=21808 text=5e1ac569aa8b0faf role=child prefix_tokens=14282 suffix_tokens=32 model_ms=1405.3 context_ms=119.3 state_ms=242.98 prefix_ms=0.0 suffix_ms=599.9 first_token_ms=2811.5 generation_ms=18500.4 generated=64 generation_tps=3.459
AGENT index=4 mig=31ffbfe4 exit=0 wall_ms=29969 text=6e3d8f07cfceb082 role=child prefix_tokens=14282 suffix_tokens=23 model_ms=1357.1 context_ms=51.4 state_ms=254.40 prefix_ms=0.0 suffix_ms=421.5 first_token_ms=2493.0 generation_ms=27116.3 generated=64 generation_tps=2.360
AGENT index=5 mig=fafc828a exit=0 wall_ms=21602 text=47179dd0dcd49eb0 role=child prefix_tokens=14282 suffix_tokens=26 model_ms=1390.5 context_ms=91.6 state_ms=230.79 prefix_ms=0.0 suffix_ms=524.4 first_token_ms=2692.3 generation_ms=18489.1 generated=64 generation_tps=3.461
AGENT index=6 mig=31ffbfe4 exit=0 wall_ms=30356 text=f88f503d1005fa22 role=child prefix_tokens=14282 suffix_tokens=21 model_ms=1375.2 context_ms=148.4 state_ms=316.40 prefix_ms=0.0 suffix_ms=747.8 first_token_ms=3029.7 generation_ms=26887.5 generated=64 generation_tps=2.380
AGENT index=7 mig=fafc828a exit=0 wall_ms=21749 text=f9c832b7cad1a509 role=child prefix_tokens=14282 suffix_tokens=31 model_ms=1460.7 context_ms=94.2 state_ms=228.56 prefix_ms=0.0 suffix_ms=576.6 first_token_ms=2817.9 generation_ms=18490.3 generated=64 generation_tps=3.461
AGENT index=8 mig=31ffbfe4 exit=0 wall_ms=30455 text=a3c806a5411bc6e6 role=child prefix_tokens=14282 suffix_tokens=18 model_ms=1457.9 context_ms=115.9 state_ms=301.85 prefix_ms=0.0 suffix_ms=847.9 first_token_ms=3173.1 generation_ms=26820.1 generated=64 generation_tps=2.386
AGENT index=9 mig=fafc828a exit=0 wall_ms=21621 text=a2d016def74ecc62 role=child prefix_tokens=14282 suffix_tokens=18 model_ms=1392.3 context_ms=127.7 state_ms=231.70 prefix_ms=0.0 suffix_ms=476.2 first_token_ms=2693.9 generation_ms=18513.5 generated=64 generation_tps=3.457
AGENT index=10 mig=31ffbfe4 exit=0 wall_ms=30374 text=a733f3a39259263c role=child prefix_tokens=14282 suffix_tokens=18 model_ms=1457.5 context_ms=111.8 state_ms=312.33 prefix_ms=0.0 suffix_ms=772.2 first_token_ms=3113.6 generation_ms=26851.3 generated=64 generation_tps=2.383
AGENT index=11 mig=fafc828a exit=0 wall_ms=21691 text=ad0d6edf343e5e28 role=child prefix_tokens=14282 suffix_tokens=22 model_ms=1403.3 context_ms=138.7 state_ms=227.84 prefix_ms=0.0 suffix_ms=521.1 first_token_ms=2745.5 generation_ms=18523.3 generated=64 generation_tps=3.455
MEMORY mem_available_drop_mib=19327 mem_available_before_mib=120078 mem_free_before_mib=46049 pss_anon_mib=2747 pss_file_mib=4788 pss_shmem_mib=698 device_mib=15396 samples=5
END_CASE failed_agents=0 wall_ms=30563
CASE mode=weights agents=16
AGENT index=0 mig=31ffbfe4 exit=0 wall_ms=36142 text=4605b6e04b2228eb role=child prefix_tokens=14282 suffix_tokens=27 model_ms=1386.5 context_ms=54.3 state_ms=121.83 prefix_ms=0.0 suffix_ms=182.8 first_token_ms=2010.9 generation_ms=33755.4 generated=64 generation_tps=1.896
AGENT index=1 mig=fafc828a exit=0 wall_ms=27770 text=a5af93194a2d1ced role=child prefix_tokens=14282 suffix_tokens=22 model_ms=1609.9 context_ms=46.0 state_ms=162.89 prefix_ms=0.0 suffix_ms=376.5 first_token_ms=2791.4 generation_ms=24561.1 generated=64 generation_tps=2.606
AGENT index=2 mig=31ffbfe4 exit=0 wall_ms=39702 text=37e5f08e6279aa62 role=child prefix_tokens=14282 suffix_tokens=24 model_ms=1641.6 context_ms=46.1 state_ms=295.58 prefix_ms=0.0 suffix_ms=609.9 first_token_ms=3086.4 generation_ms=36227.4 generated=64 generation_tps=1.767
AGENT index=3 mig=fafc828a exit=0 wall_ms=28704 text=5e1ac569aa8b0faf role=child prefix_tokens=14282 suffix_tokens=32 model_ms=1802.9 context_ms=128.8 state_ms=332.59 prefix_ms=0.0 suffix_ms=808.1 first_token_ms=3689.2 generation_ms=24587.7 generated=64 generation_tps=2.603
AGENT index=4 mig=31ffbfe4 exit=0 wall_ms=40440 text=6e3d8f07cfceb082 role=child prefix_tokens=14282 suffix_tokens=23 model_ms=1808.5 context_ms=100.0 state_ms=464.47 prefix_ms=0.0 suffix_ms=951.8 first_token_ms=3963.4 generation_ms=35995.1 generated=64 generation_tps=1.778
AGENT index=5 mig=fafc828a exit=0 wall_ms=28779 text=47179dd0dcd49eb0 role=child prefix_tokens=14282 suffix_tokens=26 model_ms=1888.1 context_ms=76.1 state_ms=321.72 prefix_ms=0.0 suffix_ms=874.2 first_token_ms=3783.5 generation_ms=24527.7 generated=64 generation_tps=2.609
AGENT index=6 mig=31ffbfe4 exit=0 wall_ms=40360 text=f88f503d1005fa22 role=child prefix_tokens=14282 suffix_tokens=21 model_ms=1823.2 context_ms=121.7 state_ms=456.79 prefix_ms=0.0 suffix_ms=1048.1 first_token_ms=4075.3 generation_ms=35889.6 generated=64 generation_tps=1.783
AGENT index=7 mig=fafc828a exit=0 wall_ms=28574 text=f9c832b7cad1a509 role=child prefix_tokens=14282 suffix_tokens=31 model_ms=1742.4 context_ms=107.5 state_ms=293.32 prefix_ms=0.0 suffix_ms=734.4 first_token_ms=3522.0 generation_ms=24658.0 generated=64 generation_tps=2.596
AGENT index=8 mig=31ffbfe4 exit=0 wall_ms=40257 text=a3c806a5411bc6e6 role=child prefix_tokens=14282 suffix_tokens=18 model_ms=1755.8 context_ms=120.7 state_ms=446.27 prefix_ms=0.0 suffix_ms=954.2 first_token_ms=3897.8 generation_ms=35982.5 generated=64 generation_tps=1.779
AGENT index=9 mig=fafc828a exit=0 wall_ms=28594 text=a2d016def74ecc62 role=child prefix_tokens=14282 suffix_tokens=18 model_ms=1754.7 context_ms=141.6 state_ms=319.44 prefix_ms=0.0 suffix_ms=704.4 first_token_ms=3552.9 generation_ms=24632.5 generated=64 generation_tps=2.598
AGENT index=10 mig=31ffbfe4 exit=0 wall_ms=39928 text=a733f3a39259263c role=child prefix_tokens=14282 suffix_tokens=18 model_ms=1689.4 context_ms=62.0 state_ms=329.08 prefix_ms=0.0 suffix_ms=611.4 first_token_ms=3293.9 generation_ms=36258.9 generated=64 generation_tps=1.765
AGENT index=11 mig=fafc828a exit=0 wall_ms=28362 text=ad0d6edf343e5e28 role=child prefix_tokens=14282 suffix_tokens=22 model_ms=1756.8 context_ms=122.5 state_ms=284.19 prefix_ms=0.0 suffix_ms=465.4 first_token_ms=3216.7 generation_ms=24718.9 generated=64 generation_tps=2.589
AGENT index=12 mig=31ffbfe4 exit=0 wall_ms=40372 text=2c93819fe85df763 role=child prefix_tokens=14282 suffix_tokens=21 model_ms=1761.9 context_ms=147.0 state_ms=488.98 prefix_ms=0.0 suffix_ms=985.3 first_token_ms=4000.4 generation_ms=35933.0 generated=64 generation_tps=1.781
AGENT index=13 mig=fafc828a exit=0 wall_ms=28707 text=5d483815f91685a6 role=child prefix_tokens=14282 suffix_tokens=31 model_ms=1897.2 context_ms=66.9 state_ms=317.08 prefix_ms=0.0 suffix_ms=813.6 first_token_ms=3712.2 generation_ms=24562.3 generated=64 generation_tps=2.606
AGENT index=14 mig=31ffbfe4 exit=0 wall_ms=40467 text=f8f770d151794139 role=child prefix_tokens=14282 suffix_tokens=21 model_ms=1971.0 context_ms=78.1 state_ms=454.32 prefix_ms=0.0 suffix_ms=1098.5 first_token_ms=4230.0 generation_ms=35737.6 generated=64 generation_tps=1.791
AGENT index=15 mig=fafc828a exit=0 wall_ms=28445 text=0d9668c2f9cbc9fc role=child prefix_tokens=14282 suffix_tokens=26 model_ms=1710.2 context_ms=108.2 state_ms=285.06 prefix_ms=0.0 suffix_ms=530.6 first_token_ms=3229.3 generation_ms=24765.0 generated=64 generation_tps=2.584
MEMORY mem_available_drop_mib=25810 mem_available_before_mib=120136 mem_free_before_mib=46106 pss_anon_mib=3668 pss_file_mib=4928 pss_shmem_mib=931 device_mib=20528 samples=7
END_CASE failed_agents=0 wall_ms=40617
CASE mode=weights agents=32
AGENT index=0 mig=31ffbfe4 exit=0 wall_ms=72104 text=4605b6e04b2228eb role=child prefix_tokens=14282 suffix_tokens=27 model_ms=2456.6 context_ms=360.4 state_ms=182.67 prefix_ms=0.0 suffix_ms=382.3 first_token_ms=4036.3 generation_ms=67718.7 generated=64 generation_tps=0.945
AGENT index=1 mig=fafc828a exit=0 wall_ms=48869 text=a5af93194a2d1ced role=child prefix_tokens=14282 suffix_tokens=22 model_ms=1974.0 context_ms=377.8 state_ms=177.29 prefix_ms=0.0 suffix_ms=245.3 first_token_ms=3910.1 generation_ms=43880.3 generated=64 generation_tps=1.459
AGENT index=2 mig=31ffbfe4 exit=0 wall_ms=80567 text=37e5f08e6279aa62 role=child prefix_tokens=14282 suffix_tokens=24 model_ms=4130.4 context_ms=197.7 state_ms=1193.85 prefix_ms=0.0 suffix_ms=2068.0 first_token_ms=8762.9 generation_ms=71391.7 generated=64 generation_tps=0.896
AGENT index=3 mig=fafc828a exit=0 wall_ms=55186 text=5e1ac569aa8b0faf role=child prefix_tokens=14282 suffix_tokens=32 model_ms=3434.7 context_ms=131.0 state_ms=665.24 prefix_ms=0.0 suffix_ms=916.5 first_token_ms=6418.7 generation_ms=48385.6 generated=64 generation_tps=1.323
AGENT index=4 mig=31ffbfe4 exit=0 wall_ms=79332 text=6e3d8f07cfceb082 role=child prefix_tokens=14282 suffix_tokens=23 model_ms=3026.3 context_ms=108.1 state_ms=585.83 prefix_ms=0.0 suffix_ms=1370.6 first_token_ms=6480.0 generation_ms=72425.4 generated=64 generation_tps=0.884
AGENT index=5 mig=fafc828a exit=0 wall_ms=56165 text=47179dd0dcd49eb0 role=child prefix_tokens=14282 suffix_tokens=26 model_ms=4005.3 context_ms=133.3 state_ms=813.80 prefix_ms=0.0 suffix_ms=1523.8 first_token_ms=7730.1 generation_ms=47866.3 generated=64 generation_tps=1.337
AGENT index=6 mig=31ffbfe4 exit=0 wall_ms=79577 text=f88f503d1005fa22 role=child prefix_tokens=14282 suffix_tokens=21 model_ms=3436.3 context_ms=100.9 state_ms=583.58 prefix_ms=0.0 suffix_ms=1470.8 first_token_ms=6736.9 generation_ms=72394.4 generated=64 generation_tps=0.884
AGENT index=7 mig=fafc828a exit=0 wall_ms=49231 text=f9c832b7cad1a509 role=child prefix_tokens=14282 suffix_tokens=31 model_ms=2151.7 context_ms=300.3 state_ms=163.93 prefix_ms=0.0 suffix_ms=329.2 first_token_ms=4069.7 generation_ms=44780.6 generated=64 generation_tps=1.429
AGENT index=8 mig=31ffbfe4 exit=0 wall_ms=72651 text=a3c806a5411bc6e6 role=child prefix_tokens=14282 suffix_tokens=18 model_ms=2269.9 context_ms=377.9 state_ms=177.93 prefix_ms=0.0 suffix_ms=434.1 first_token_ms=4088.0 generation_ms=68194.6 generated=64 generation_tps=0.938
AGENT index=9 mig=fafc828a exit=0 wall_ms=54801 text=a2d016def74ecc62 role=child prefix_tokens=14282 suffix_tokens=18 model_ms=3392.2 context_ms=123.0 state_ms=617.11 prefix_ms=0.0 suffix_ms=803.9 first_token_ms=6117.3 generation_ms=48291.5 generated=64 generation_tps=1.325
AGENT index=10 mig=31ffbfe4 exit=0 wall_ms=79468 text=a733f3a39259263c role=child prefix_tokens=14282 suffix_tokens=18 model_ms=3228.5 context_ms=82.2 state_ms=658.55 prefix_ms=0.0 suffix_ms=1419.0 first_token_ms=6795.3 generation_ms=72289.4 generated=64 generation_tps=0.885
AGENT index=11 mig=fafc828a exit=0 wall_ms=55953 text=ad0d6edf343e5e28 role=child prefix_tokens=14282 suffix_tokens=22 model_ms=4062.6 context_ms=163.7 state_ms=821.55 prefix_ms=0.0 suffix_ms=1374.1 first_token_ms=7601.6 generation_ms=47919.1 generated=64 generation_tps=1.336
AGENT index=12 mig=31ffbfe4 exit=0 wall_ms=80649 text=2c93819fe85df763 role=child prefix_tokens=14282 suffix_tokens=21 model_ms=4283.2 context_ms=134.7 state_ms=1153.62 prefix_ms=0.0 suffix_ms=2156.3 first_token_ms=8875.6 generation_ms=71283.8 generated=64 generation_tps=0.898
AGENT index=13 mig=fafc828a exit=0 wall_ms=56179 text=5d483815f91685a6 role=child prefix_tokens=14282 suffix_tokens=31 model_ms=3794.5 context_ms=164.7 state_ms=828.84 prefix_ms=0.0 suffix_ms=1523.1 first_token_ms=7719.1 generation_ms=47878.2 generated=64 generation_tps=1.337
AGENT index=14 mig=31ffbfe4 exit=0 wall_ms=79212 text=f8f770d151794139 role=child prefix_tokens=14282 suffix_tokens=21 model_ms=3269.4 context_ms=105.3 state_ms=565.28 prefix_ms=0.0 suffix_ms=1327.9 first_token_ms=6374.7 generation_ms=72428.9 generated=64 generation_tps=0.884
AGENT index=15 mig=fafc828a exit=0 wall_ms=49910 text=0d9668c2f9cbc9fc role=child prefix_tokens=14282 suffix_tokens=26 model_ms=2101.2 context_ms=315.8 state_ms=169.39 prefix_ms=0.0 suffix_ms=466.1 first_token_ms=4198.1 generation_ms=45304.4 generated=64 generation_tps=1.413
AGENT index=16 mig=31ffbfe4 exit=0 wall_ms=80668 text=a6ffaf564cadb5d1 role=child prefix_tokens=14282 suffix_tokens=25 model_ms=4048.9 context_ms=148.9 state_ms=1150.41 prefix_ms=0.0 suffix_ms=2225.6 first_token_ms=8899.8 generation_ms=71258.7 generated=64 generation_tps=0.898
AGENT index=17 mig=fafc828a exit=0 wall_ms=55756 text=6bd685fbc4b441ec role=child prefix_tokens=14282 suffix_tokens=22 model_ms=3857.6 context_ms=89.3 state_ms=782.47 prefix_ms=0.0 suffix_ms=1181.2 first_token_ms=7182.2 generation_ms=48127.9 generated=64 generation_tps=1.330
AGENT index=18 mig=31ffbfe4 exit=0 wall_ms=79661 text=ba15e410535ababc role=child prefix_tokens=14282 suffix_tokens=21 model_ms=3629.8 context_ms=113.6 state_ms=701.41 prefix_ms=0.0 suffix_ms=1399.2 first_token_ms=6939.4 generation_ms=72353.3 generated=64 generation_tps=0.885
AGENT index=19 mig=fafc828a exit=0 wall_ms=55946 text=4c7501e634d9bf23 role=child prefix_tokens=14282 suffix_tokens=18 model_ms=4151.3 context_ms=84.4 state_ms=839.08 prefix_ms=0.0 suffix_ms=1427.3 first_token_ms=7742.6 generation_ms=47718.5 generated=64 generation_tps=1.341
AGENT index=20 mig=31ffbfe4 exit=0 wall_ms=80518 text=b3893059e7e79532 role=child prefix_tokens=14282 suffix_tokens=21 model_ms=4059.1 context_ms=134.2 state_ms=1152.25 prefix_ms=0.0 suffix_ms=2110.2 first_token_ms=8779.9 generation_ms=71298.4 generated=64 generation_tps=0.898
AGENT index=21 mig=fafc828a exit=0 wall_ms=56196 text=284eef78a2286715 role=child prefix_tokens=14282 suffix_tokens=26 model_ms=4015.0 context_ms=181.0 state_ms=877.86 prefix_ms=0.0 suffix_ms=1625.9 first_token_ms=7976.9 generation_ms=47623.6 generated=64 generation_tps=1.344
AGENT index=22 mig=31ffbfe4 exit=0 wall_ms=80358 text=ad3122b47bf9d41d role=child prefix_tokens=14282 suffix_tokens=27 model_ms=4173.4 context_ms=129.7 state_ms=1185.07 prefix_ms=0.0 suffix_ms=2228.9 first_token_ms=8808.2 generation_ms=71126.4 generated=64 generation_tps=0.900
AGENT index=23 mig=fafc828a exit=0 wall_ms=55476 text=fd9dec9936f784ff role=child prefix_tokens=14282 suffix_tokens=17 model_ms=3795.0 context_ms=116.7 state_ms=723.29 prefix_ms=0.0 suffix_ms=1021.4 first_token_ms=6818.2 generation_ms=48274.5 generated=64 generation_tps=1.326
AGENT index=24 mig=31ffbfe4 exit=0 wall_ms=79792 text=9834d2c93010cb40 role=child prefix_tokens=14282 suffix_tokens=22 model_ms=3317.5 context_ms=124.8 state_ms=652.07 prefix_ms=0.0 suffix_ms=1442.0 first_token_ms=6915.7 generation_ms=72484.2 generated=64 generation_tps=0.883
AGENT index=25 mig=fafc828a exit=0 wall_ms=55853 text=d4e1fcaa961685d1 role=child prefix_tokens=14282 suffix_tokens=23 model_ms=3721.7 context_ms=153.4 state_ms=799.24 prefix_ms=0.0 suffix_ms=1216.8 first_token_ms=7233.5 generation_ms=48170.4 generated=64 generation_tps=1.329
AGENT index=26 mig=31ffbfe4 exit=0 wall_ms=79883 text=9e35020256b4a71c role=child prefix_tokens=14282 suffix_tokens=19 model_ms=3422.9 context_ms=156.2 state_ms=776.72 prefix_ms=0.0 suffix_ms=1512.7 first_token_ms=7188.6 generation_ms=72336.6 generated=64 generation_tps=0.885
AGENT index=27 mig=fafc828a exit=0 wall_ms=56024 text=178df8f18d21f57e role=child prefix_tokens=14282 suffix_tokens=21 model_ms=4002.0 context_ms=166.5 state_ms=815.80 prefix_ms=0.0 suffix_ms=1375.4 first_token_ms=7506.7 generation_ms=47958.2 generated=64 generation_tps=1.334
AGENT index=28 mig=31ffbfe4 exit=0 wall_ms=80591 text=15c67d79a860da75 role=child prefix_tokens=14282 suffix_tokens=20 model_ms=4110.1 context_ms=137.2 state_ms=1141.12 prefix_ms=0.0 suffix_ms=2101.5 first_token_ms=8809.6 generation_ms=71293.1 generated=64 generation_tps=0.898
AGENT index=29 mig=fafc828a exit=0 wall_ms=56088 text=a72f71cd80731afe role=child prefix_tokens=14282 suffix_tokens=22 model_ms=3956.3 context_ms=150.5 state_ms=852.31 prefix_ms=0.0 suffix_ms=1457.7 first_token_ms=7754.6 generation_ms=47800.4 generated=64 generation_tps=1.339
AGENT index=30 mig=31ffbfe4 exit=0 wall_ms=80531 text=317f6f38771a1e41 role=child prefix_tokens=14282 suffix_tokens=20 model_ms=3870.5 context_ms=155.7 state_ms=1161.14 prefix_ms=0.0 suffix_ms=2048.5 first_token_ms=8582.5 generation_ms=71473.2 generated=64 generation_tps=0.895
AGENT index=31 mig=fafc828a exit=0 wall_ms=54967 text=d52293b0dc058085 role=child prefix_tokens=14282 suffix_tokens=22 model_ms=3554.5 context_ms=107.0 state_ms=672.89 prefix_ms=0.0 suffix_ms=786.9 first_token_ms=6281.6 generation_ms=48297.1 generated=64 generation_tps=1.325
MEMORY mem_available_drop_mib=51472 mem_available_before_mib=120154 mem_free_before_mib=46125 pss_anon_mib=7318 pss_file_mib=5261 pss_shmem_mib=1862 device_mib=41056 samples=12
END_CASE failed_agents=0 wall_ms=80907
CASE mode=kv agents=1
AGENT index=0 mig=31ffbfe4 exit=0 wall_ms=5681 text=4605b6e04b2228eb role=child prefix_tokens=14282 suffix_tokens=27 model_ms=1151.7 context_ms=26.1 state_ms=6.21 prefix_ms=0.0 suffix_ms=147.6 first_token_ms=1368.5 generation_ms=3907.8 generated=64 generation_tps=16.378
MEMORY mem_available_drop_mib=5267 mem_available_before_mib=120142 mem_free_before_mib=46101 pss_anon_mib=231 pss_file_mib=97 pss_shmem_mib=1131 device_mib=4550 samples=1
END_CASE failed_agents=0 wall_ms=5716
CASE mode=kv agents=2
AGENT index=0 mig=31ffbfe4 exit=0 wall_ms=6256 text=4605b6e04b2228eb role=child prefix_tokens=14282 suffix_tokens=27 model_ms=1347.4 context_ms=27.1 state_ms=5.99 prefix_ms=0.0 suffix_ms=152.4 first_token_ms=1623.5 generation_ms=4224.8 generated=64 generation_tps=15.149
AGENT index=1 mig=fafc828a exit=0 wall_ms=4818 text=a5af93194a2d1ced role=child prefix_tokens=14282 suffix_tokens=22 model_ms=1253.2 context_ms=26.5 state_ms=6.35 prefix_ms=0.0 suffix_ms=100.2 first_token_ms=1476.4 generation_ms=2909.0 generated=64 generation_tps=22.001
MEMORY mem_available_drop_mib=10459 mem_available_before_mib=119826 mem_free_before_mib=45785 pss_anon_mib=460 pss_file_mib=119 pss_shmem_mib=1482 device_mib=9114 samples=1
END_CASE failed_agents=0 wall_ms=6298
CASE mode=kv agents=4
AGENT index=0 mig=31ffbfe4 exit=0 wall_ms=11370 text=4605b6e04b2228eb role=child prefix_tokens=14282 suffix_tokens=27 model_ms=1610.1 context_ms=28.7 state_ms=6.21 prefix_ms=0.0 suffix_ms=293.2 first_token_ms=2107.7 generation_ms=8878.9 generated=64 generation_tps=7.208
AGENT index=1 mig=fafc828a exit=0 wall_ms=8633 text=a5af93194a2d1ced role=child prefix_tokens=14282 suffix_tokens=22 model_ms=1646.2 context_ms=27.2 state_ms=6.65 prefix_ms=0.0 suffix_ms=174.4 first_token_ms=2026.0 generation_ms=6129.3 generated=64 generation_tps=10.442
AGENT index=2 mig=31ffbfe4 exit=0 wall_ms=11242 text=37e5f08e6279aa62 role=child prefix_tokens=14282 suffix_tokens=24 model_ms=1534.3 context_ms=27.2 state_ms=6.25 prefix_ms=0.0 suffix_ms=148.3 first_token_ms=1859.8 generation_ms=8989.9 generated=64 generation_tps=7.119
AGENT index=3 mig=fafc828a exit=0 wall_ms=8580 text=5e1ac569aa8b0faf role=child prefix_tokens=14282 suffix_tokens=32 model_ms=1590.1 context_ms=26.8 state_ms=6.44 prefix_ms=0.0 suffix_ms=132.4 first_token_ms=1919.2 generation_ms=6176.9 generated=64 generation_tps=10.361
MEMORY mem_available_drop_mib=20614 mem_available_before_mib=119465 mem_free_before_mib=45423 pss_anon_mib=983 pss_file_mib=161 pss_shmem_mib=2183 device_mib=18228 samples=2
END_CASE failed_agents=0 wall_ms=11423
CASE mode=kv agents=8
AGENT index=0 mig=31ffbfe4 exit=0 wall_ms=20787 text=4605b6e04b2228eb role=child prefix_tokens=14282 suffix_tokens=27 model_ms=2170.3 context_ms=30.6 state_ms=6.49 prefix_ms=0.0 suffix_ms=200.8 first_token_ms=2712.9 generation_ms=17699.4 generated=64 generation_tps=3.616
AGENT index=1 mig=fafc828a exit=0 wall_ms=15717 text=a5af93194a2d1ced role=child prefix_tokens=14282 suffix_tokens=22 model_ms=2231.0 context_ms=29.2 state_ms=6.38 prefix_ms=0.0 suffix_ms=269.3 first_token_ms=2833.9 generation_ms=12283.1 generated=64 generation_tps=5.210
AGENT index=2 mig=31ffbfe4 exit=0 wall_ms=21683 text=37e5f08e6279aa62 role=child prefix_tokens=14282 suffix_tokens=24 model_ms=2502.5 context_ms=33.5 state_ms=6.30 prefix_ms=0.0 suffix_ms=558.1 first_token_ms=3408.5 generation_ms=17770.3 generated=64 generation_tps=3.602
AGENT index=3 mig=fafc828a exit=0 wall_ms=15837 text=5e1ac569aa8b0faf role=child prefix_tokens=14282 suffix_tokens=32 model_ms=2205.3 context_ms=32.1 state_ms=6.58 prefix_ms=0.0 suffix_ms=292.6 first_token_ms=2842.3 generation_ms=12313.9 generated=64 generation_tps=5.197
AGENT index=4 mig=31ffbfe4 exit=0 wall_ms=21628 text=6e3d8f07cfceb082 role=child prefix_tokens=14282 suffix_tokens=23 model_ms=2472.1 context_ms=28.8 state_ms=6.31 prefix_ms=0.0 suffix_ms=523.4 first_token_ms=3332.6 generation_ms=17777.2 generated=64 generation_tps=3.600
AGENT index=5 mig=fafc828a exit=0 wall_ms=15886 text=47179dd0dcd49eb0 role=child prefix_tokens=14282 suffix_tokens=26 model_ms=2623.4 context_ms=27.7 state_ms=6.32 prefix_ms=0.0 suffix_ms=431.0 first_token_ms=3390.5 generation_ms=11967.1 generated=64 generation_tps=5.348
AGENT index=6 mig=31ffbfe4 exit=0 wall_ms=21701 text=f88f503d1005fa22 role=child prefix_tokens=14282 suffix_tokens=21 model_ms=2482.9 context_ms=30.3 state_ms=6.14 prefix_ms=0.0 suffix_ms=548.7 first_token_ms=3375.8 generation_ms=17788.0 generated=64 generation_tps=3.598
AGENT index=7 mig=fafc828a exit=0 wall_ms=15731 text=f9c832b7cad1a509 role=child prefix_tokens=14282 suffix_tokens=31 model_ms=2211.0 context_ms=32.9 state_ms=6.80 prefix_ms=0.0 suffix_ms=304.3 first_token_ms=2861.6 generation_ms=12323.5 generated=64 generation_tps=5.193
MEMORY mem_available_drop_mib=41619 mem_available_before_mib=119800 mem_free_before_mib=45758 pss_anon_mib=1968 pss_file_mib=245 pss_shmem_mib=3585 device_mib=36456 samples=4
END_CASE failed_agents=0 wall_ms=21786
CASE mode=kv agents=12
AGENT index=0 mig=31ffbfe4 exit=0 wall_ms=31911 text=4605b6e04b2228eb role=child prefix_tokens=14282 suffix_tokens=27 model_ms=3656.3 context_ms=31.5 state_ms=6.43 prefix_ms=0.0 suffix_ms=717.6 first_token_ms=4856.6 generation_ms=26479.8 generated=64 generation_tps=2.417
AGENT index=1 mig=fafc828a exit=0 wall_ms=22098 text=a5af93194a2d1ced role=child prefix_tokens=14282 suffix_tokens=22 model_ms=2939.1 context_ms=46.2 state_ms=6.95 prefix_ms=0.0 suffix_ms=238.1 first_token_ms=3664.4 generation_ms=17924.1 generated=64 generation_tps=3.571
AGENT index=2 mig=31ffbfe4 exit=0 wall_ms=30568 text=37e5f08e6279aa62 role=child prefix_tokens=14282 suffix_tokens=24 model_ms=2923.9 context_ms=45.7 state_ms=6.68 prefix_ms=0.0 suffix_ms=291.6 first_token_ms=3713.7 generation_ms=26328.5 generated=64 generation_tps=2.431
AGENT index=3 mig=fafc828a exit=0 wall_ms=23402 text=5e1ac569aa8b0faf role=child prefix_tokens=14282 suffix_tokens=32 model_ms=3906.9 context_ms=28.6 state_ms=6.40 prefix_ms=0.0 suffix_ms=620.1 first_token_ms=5020.3 generation_ms=17775.8 generated=64 generation_tps=3.600
AGENT index=4 mig=31ffbfe4 exit=0 wall_ms=32004 text=6e3d8f07cfceb082 role=child prefix_tokens=14282 suffix_tokens=23 model_ms=3712.2 context_ms=37.1 state_ms=6.38 prefix_ms=0.0 suffix_ms=790.0 first_token_ms=5015.7 generation_ms=26426.5 generated=64 generation_tps=2.422
AGENT index=5 mig=fafc828a exit=0 wall_ms=22064 text=47179dd0dcd49eb0 role=child prefix_tokens=14282 suffix_tokens=26 model_ms=2933.6 context_ms=41.2 state_ms=6.70 prefix_ms=0.0 suffix_ms=250.3 first_token_ms=3665.4 generation_ms=17884.5 generated=64 generation_tps=3.579
AGENT index=6 mig=31ffbfe4 exit=0 wall_ms=32097 text=f88f503d1005fa22 role=child prefix_tokens=14282 suffix_tokens=21 model_ms=3829.2 context_ms=29.6 state_ms=6.52 prefix_ms=0.0 suffix_ms=864.3 first_token_ms=5199.0 generation_ms=26275.6 generated=64 generation_tps=2.436
AGENT index=7 mig=fafc828a exit=0 wall_ms=22652 text=f9c832b7cad1a509 role=child prefix_tokens=14282 suffix_tokens=31 model_ms=3289.8 context_ms=31.0 state_ms=6.86 prefix_ms=0.0 suffix_ms=332.5 first_token_ms=4102.7 generation_ms=18131.3 generated=64 generation_tps=3.530
AGENT index=8 mig=31ffbfe4 exit=0 wall_ms=30680 text=a3c806a5411bc6e6 role=child prefix_tokens=14282 suffix_tokens=18 model_ms=2990.1 context_ms=37.6 state_ms=6.02 prefix_ms=0.0 suffix_ms=346.5 first_token_ms=3810.8 generation_ms=26466.3 generated=64 generation_tps=2.418
AGENT index=9 mig=fafc828a exit=0 wall_ms=23340 text=a2d016def74ecc62 role=child prefix_tokens=14282 suffix_tokens=18 model_ms=3809.0 context_ms=34.2 state_ms=6.31 prefix_ms=0.0 suffix_ms=543.7 first_token_ms=4838.7 generation_ms=17913.7 generated=64 generation_tps=3.573
AGENT index=10 mig=31ffbfe4 exit=0 wall_ms=31941 text=a733f3a39259263c role=child prefix_tokens=14282 suffix_tokens=18 model_ms=3708.6 context_ms=36.9 state_ms=6.21 prefix_ms=0.0 suffix_ms=789.6 first_token_ms=5003.3 generation_ms=26421.0 generated=64 generation_tps=2.422
AGENT index=11 mig=fafc828a exit=0 wall_ms=23239 text=ad0d6edf343e5e28 role=child prefix_tokens=14282 suffix_tokens=22 model_ms=3748.0 context_ms=30.2 state_ms=6.50 prefix_ms=0.0 suffix_ms=469.7 first_token_ms=4699.5 generation_ms=18002.9 generated=64 generation_tps=3.555
MEMORY mem_available_drop_mib=62870 mem_available_before_mib=120095 mem_free_before_mib=46053 pss_anon_mib=2892 pss_file_mib=328 pss_shmem_mib=4987 device_mib=54684 samples=5
END_CASE failed_agents=0 wall_ms=32206
CASE mode=none agents=1
AGENT index=0 mig=31ffbfe4 exit=0 wall_ms=5579 text=4605b6e04b2228eb role=child prefix_tokens=14282 suffix_tokens=27 model_ms=1147.1 context_ms=39.6 state_ms=113.36 prefix_ms=0.0 suffix_ms=141.3 first_token_ms=1478.2 generation_ms=3704.3 generated=64 generation_tps=17.277
MEMORY mem_available_drop_mib=6169 mem_available_before_mib=120169 mem_free_before_mib=46127 pss_anon_mib=227 pss_file_mib=97 pss_shmem_mib=350 device_mib=5446 samples=1
END_CASE failed_agents=0 wall_ms=5616
CASE mode=none agents=2
AGENT index=0 mig=31ffbfe4 exit=0 wall_ms=6142 text=4605b6e04b2228eb role=child prefix_tokens=14282 suffix_tokens=27 model_ms=1266.6 context_ms=37.8 state_ms=175.85 prefix_ms=0.0 suffix_ms=145.6 first_token_ms=1693.0 generation_ms=4083.3 generated=64 generation_tps=15.674
AGENT index=1 mig=fafc828a exit=0 wall_ms=4938 text=a5af93194a2d1ced role=child prefix_tokens=14282 suffix_tokens=22 model_ms=1321.2 context_ms=37.3 state_ms=117.86 prefix_ms=0.0 suffix_ms=99.6 first_token_ms=1664.9 generation_ms=2855.4 generated=64 generation_tps=22.414
MEMORY mem_available_drop_mib=12250 mem_available_before_mib=120076 mem_free_before_mib=46031 pss_anon_mib=453 pss_file_mib=119 pss_shmem_mib=701 device_mib=10906 samples=1
END_CASE failed_agents=0 wall_ms=6185
CASE mode=none agents=4
AGENT index=0 mig=31ffbfe4 exit=0 wall_ms=11263 text=4605b6e04b2228eb role=child prefix_tokens=14282 suffix_tokens=27 model_ms=1648.6 context_ms=44.6 state_ms=159.76 prefix_ms=0.0 suffix_ms=287.2 first_token_ms=2308.9 generation_ms=8522.7 generated=64 generation_tps=7.509
AGENT index=1 mig=fafc828a exit=0 wall_ms=8512 text=a5af93194a2d1ced role=child prefix_tokens=14282 suffix_tokens=22 model_ms=1609.9 context_ms=46.8 state_ms=151.62 prefix_ms=0.0 suffix_ms=180.1 first_token_ms=2160.0 generation_ms=5899.3 generated=64 generation_tps=10.849
AGENT index=2 mig=31ffbfe4 exit=0 wall_ms=11161 text=37e5f08e6279aa62 role=child prefix_tokens=14282 suffix_tokens=24 model_ms=1581.6 context_ms=40.9 state_ms=144.18 prefix_ms=0.0 suffix_ms=166.2 first_token_ms=2099.8 generation_ms=8618.8 generated=64 generation_tps=7.426
AGENT index=3 mig=fafc828a exit=0 wall_ms=8436 text=5e1ac569aa8b0faf role=child prefix_tokens=14282 suffix_tokens=32 model_ms=1520.7 context_ms=39.3 state_ms=139.27 prefix_ms=0.0 suffix_ms=135.6 first_token_ms=2000.3 generation_ms=5949.5 generated=64 generation_tps=10.757
MEMORY mem_available_drop_mib=24464 mem_available_before_mib=119919 mem_free_before_mib=45875 pss_anon_mib=913 pss_file_mib=162 pss_shmem_mib=1402 device_mib=21812 samples=2
END_CASE failed_agents=0 wall_ms=11316
CASE mode=none agents=8
AGENT index=0 mig=31ffbfe4 exit=0 wall_ms=21282 text=4605b6e04b2228eb role=child prefix_tokens=14282 suffix_tokens=27 model_ms=2487.9 context_ms=50.7 state_ms=286.06 prefix_ms=0.0 suffix_ms=550.7 first_token_ms=3679.4 generation_ms=17040.0 generated=64 generation_tps=3.756
AGENT index=1 mig=fafc828a exit=0 wall_ms=15357 text=a5af93194a2d1ced role=child prefix_tokens=14282 suffix_tokens=22 model_ms=2449.1 context_ms=50.5 state_ms=260.68 prefix_ms=0.0 suffix_ms=306.4 first_token_ms=3380.9 generation_ms=11454.4 generated=64 generation_tps=5.587
AGENT index=2 mig=31ffbfe4 exit=0 wall_ms=21149 text=37e5f08e6279aa62 role=child prefix_tokens=14282 suffix_tokens=24 model_ms=2334.4 context_ms=57.1 state_ms=193.50 prefix_ms=0.0 suffix_ms=396.1 first_token_ms=3289.8 generation_ms=17290.5 generated=64 generation_tps=3.701
AGENT index=3 mig=fafc828a exit=0 wall_ms=14149 text=5e1ac569aa8b0faf role=child prefix_tokens=14282 suffix_tokens=32 model_ms=1928.8 context_ms=48.4 state_ms=193.74 prefix_ms=0.0 suffix_ms=169.4 first_token_ms=2642.2 generation_ms=11126.2 generated=64 generation_tps=5.752
AGENT index=4 mig=31ffbfe4 exit=0 wall_ms=21248 text=6e3d8f07cfceb082 role=child prefix_tokens=14282 suffix_tokens=23 model_ms=2369.3 context_ms=49.3 state_ms=186.83 prefix_ms=0.0 suffix_ms=427.7 first_token_ms=3334.5 generation_ms=17311.8 generated=64 generation_tps=3.697
AGENT index=5 mig=fafc828a exit=0 wall_ms=15122 text=47179dd0dcd49eb0 role=child prefix_tokens=14282 suffix_tokens=26 model_ms=2218.8 context_ms=51.1 state_ms=250.06 prefix_ms=0.0 suffix_ms=270.9 first_token_ms=3107.9 generation_ms=11503.9 generated=64 generation_tps=5.563
AGENT index=6 mig=31ffbfe4 exit=0 wall_ms=21167 text=f88f503d1005fa22 role=child prefix_tokens=14282 suffix_tokens=21 model_ms=2320.4 context_ms=57.6 state_ms=200.07 prefix_ms=0.0 suffix_ms=402.4 first_token_ms=3297.4 generation_ms=17319.0 generated=64 generation_tps=3.695
AGENT index=7 mig=fafc828a exit=0 wall_ms=15492 text=f9c832b7cad1a509 role=child prefix_tokens=14282 suffix_tokens=31 model_ms=3093.2 context_ms=55.0 state_ms=375.60 prefix_ms=0.0 suffix_ms=434.2 first_token_ms=4275.5 generation_ms=10839.0 generated=64 generation_tps=5.905
MEMORY mem_available_drop_mib=48919 mem_available_before_mib=119963 mem_free_before_mib=45919 pss_anon_mib=1824 pss_file_mib=245 pss_shmem_mib=2804 device_mib=43624 samples=3
END_CASE failed_agents=0 wall_ms=21356
CASE mode=none agents=12
AGENT index=0 mig=31ffbfe4 exit=0 wall_ms=23774 text=4605b6e04b2228eb role=child prefix_tokens=14282 suffix_tokens=27 model_ms=1824.3 context_ms=48.0 state_ms=200.10 prefix_ms=0.0 suffix_ms=264.6 first_token_ms=2742.5 generation_ms=20648.0 generated=64 generation_tps=3.100
AGENT index=1 mig=fafc828a exit=0 wall_ms=22051 text=a5af93194a2d1ced role=child prefix_tokens=14282 suffix_tokens=22 model_ms=2844.6 context_ms=49.8 state_ms=184.77 prefix_ms=0.0 suffix_ms=261.6 first_token_ms=3783.9 generation_ms=17800.1 generated=64 generation_tps=3.595
AGENT index=2 mig=31ffbfe4 exit=0 wall_ms=30687 text=37e5f08e6279aa62 role=child prefix_tokens=14282 suffix_tokens=24 model_ms=5445.4 context_ms=49.6 state_ms=553.95 prefix_ms=0.0 suffix_ms=811.4 first_token_ms=7310.5 generation_ms=22923.2 generated=64 generation_tps=2.792
AGENT index=3 mig=fafc828a exit=0 wall_ms=22983 text=5e1ac569aa8b0faf role=child prefix_tokens=14282 suffix_tokens=32 model_ms=3055.0 context_ms=51.2 state_ms=333.65 prefix_ms=0.0 suffix_ms=601.5 first_token_ms=4501.7 generation_ms=17830.2 generated=64 generation_tps=3.589
AGENT index=4 mig=31ffbfe4 exit=0 wall_ms=30099 text=6e3d8f07cfceb082 role=child prefix_tokens=14282 suffix_tokens=23 model_ms=4056.2 context_ms=46.0 state_ms=218.24 prefix_ms=0.0 suffix_ms=532.7 first_token_ms=5304.9 generation_ms=24179.1 generated=64 generation_tps=2.647
AGENT index=5 mig=fafc828a exit=0 wall_ms=23057 text=47179dd0dcd49eb0 role=child prefix_tokens=14282 suffix_tokens=26 model_ms=3062.3 context_ms=60.6 state_ms=325.39 prefix_ms=0.0 suffix_ms=624.9 first_token_ms=4544.7 generation_ms=17822.5 generated=64 generation_tps=3.591
AGENT index=6 mig=31ffbfe4 exit=0 wall_ms=30729 text=f88f503d1005fa22 role=child prefix_tokens=14282 suffix_tokens=21 model_ms=5544.5 context_ms=63.4 state_ms=506.02 prefix_ms=0.0 suffix_ms=828.4 first_token_ms=7405.3 generation_ms=22857.7 generated=64 generation_tps=2.800
AGENT index=7 mig=fafc828a exit=0 wall_ms=23001 text=f9c832b7cad1a509 role=child prefix_tokens=14282 suffix_tokens=31 model_ms=3084.6 context_ms=62.9 state_ms=321.90 prefix_ms=0.0 suffix_ms=645.4 first_token_ms=4582.9 generation_ms=17790.9 generated=64 generation_tps=3.597
AGENT index=8 mig=31ffbfe4 exit=0 wall_ms=29988 text=a3c806a5411bc6e6 role=child prefix_tokens=14282 suffix_tokens=18 model_ms=3987.1 context_ms=50.1 state_ms=224.41 prefix_ms=0.0 suffix_ms=541.4 first_token_ms=5267.0 generation_ms=24195.6 generated=64 generation_tps=2.645
AGENT index=9 mig=fafc828a exit=0 wall_ms=22112 text=a2d016def74ecc62 role=child prefix_tokens=14282 suffix_tokens=18 model_ms=2824.5 context_ms=56.7 state_ms=180.66 prefix_ms=0.0 suffix_ms=281.3 first_token_ms=3801.8 generation_ms=17917.2 generated=64 generation_tps=3.572
AGENT index=10 mig=31ffbfe4 exit=0 wall_ms=30035 text=a733f3a39259263c role=child prefix_tokens=14282 suffix_tokens=18 model_ms=4009.5 context_ms=62.8 state_ms=225.87 prefix_ms=0.0 suffix_ms=547.5 first_token_ms=5279.9 generation_ms=24183.5 generated=64 generation_tps=2.646
AGENT index=11 mig=fafc828a exit=0 wall_ms=22842 text=ad0d6edf343e5e28 role=child prefix_tokens=14282 suffix_tokens=22 model_ms=3074.6 context_ms=48.9 state_ms=327.12 prefix_ms=0.0 suffix_ms=583.2 first_token_ms=4479.4 generation_ms=17772.5 generated=64 generation_tps=3.601
MEMORY mem_available_drop_mib=73593 mem_available_before_mib=120076 mem_free_before_mib=46033 pss_anon_mib=2737 pss_file_mib=328 pss_shmem_mib=4206 device_mib=65436 samples=5
END_CASE failed_agents=0 wall_ms=30837
END_KVSTACK
BEGIN_KVSTACK run=3 context=16384 publisher_mig=fafc828a mem_free_mib=48822 kernel_reclaimable_mib=68139
PUBLISH store=stock prefix_tokens=14282 prefix_ms=16879.2 publish_ms=488.20 state_bytes=819216229
PUBLISH store=device prefix_tokens=14282 prefix_ms=16995.4 publish_ms=507.14 state_bytes=819216229
PUBLISH store=huge prefix_tokens=14282 prefix_ms=17045.4 publish_ms=8.16 state_bytes=229221 file_used_kib=802816
CASE mode=none agents=1
AGENT index=0 mig=fafc828a exit=0 wall_ms=4364 text=bb92e4befc7eddec role=child prefix_tokens=14282 suffix_tokens=27 model_ms=1142.9 context_ms=35.8 state_ms=113.48 prefix_ms=0.0 suffix_ms=108.9 first_token_ms=1455.1 generation_ms=2558.8 generated=64 generation_tps=25.012
MEMORY mem_available_drop_mib=6162 mem_available_before_mib=120067 mem_free_before_mib=46088 pss_anon_mib=227 pss_file_mib=97 pss_shmem_mib=350 device_mib=5460 samples=1
END_CASE failed_agents=0 wall_ms=4400
CASE mode=none agents=2
AGENT index=0 mig=fafc828a exit=0 wall_ms=4941 text=bb92e4befc7eddec role=child prefix_tokens=14282 suffix_tokens=27 model_ms=1335.4 context_ms=38.0 state_ms=122.35 prefix_ms=0.0 suffix_ms=115.4 first_token_ms=1697.0 generation_ms=2857.7 generated=64 generation_tps=22.396
AGENT index=1 mig=31ffbfe4 exit=0 wall_ms=6089 text=a8d47b5298abb2fc role=child prefix_tokens=14282 suffix_tokens=22 model_ms=1236.5 context_ms=37.6 state_ms=176.52 prefix_ms=0.0 suffix_ms=131.5 first_token_ms=1646.4 generation_ms=4070.2 generated=64 generation_tps=15.724
MEMORY mem_available_drop_mib=12220 mem_available_before_mib=120032 mem_free_before_mib=46046 pss_anon_mib=453 pss_file_mib=119 pss_shmem_mib=701 device_mib=10906 samples=1
END_CASE failed_agents=0 wall_ms=6132
CASE mode=none agents=4
AGENT index=0 mig=fafc828a exit=0 wall_ms=8429 text=bb92e4befc7eddec role=child prefix_tokens=14282 suffix_tokens=27 model_ms=1606.9 context_ms=39.4 state_ms=138.27 prefix_ms=0.0 suffix_ms=134.6 first_token_ms=2084.3 generation_ms=5909.6 generated=64 generation_tps=10.830
AGENT index=1 mig=31ffbfe4 exit=0 wall_ms=11217 text=a8d47b5298abb2fc role=child prefix_tokens=14282 suffix_tokens=22 model_ms=1697.9 context_ms=40.2 state_ms=158.68 prefix_ms=0.0 suffix_ms=252.4 first_token_ms=2312.2 generation_ms=8526.2 generated=64 generation_tps=7.506
AGENT index=2 mig=fafc828a exit=0 wall_ms=8547 text=abfd4eb3fb8ebdd8 role=child prefix_tokens=14282 suffix_tokens=24 model_ms=1725.3 context_ms=38.4 state_ms=149.07 prefix_ms=0.0 suffix_ms=175.1 first_token_ms=2255.3 generation_ms=5914.5 generated=64 generation_tps=10.821
AGENT index=3 mig=31ffbfe4 exit=0 wall_ms=11089 text=077e38d3762a4e5d role=child prefix_tokens=14282 suffix_tokens=32 model_ms=1541.4 context_ms=39.6 state_ms=135.99 prefix_ms=0.0 suffix_ms=193.9 first_token_ms=2070.0 generation_ms=8628.0 generated=64 generation_tps=7.418
MEMORY mem_available_drop_mib=24541 mem_available_before_mib=120106 mem_free_before_mib=46119 pss_anon_mib=913 pss_file_mib=162 pss_shmem_mib=1402 device_mib=21812 samples=2
END_CASE failed_agents=0 wall_ms=11270
CASE mode=none agents=8
AGENT index=0 mig=fafc828a exit=0 wall_ms=15192 text=bb92e4befc7eddec role=child prefix_tokens=14282 suffix_tokens=27 model_ms=2223.7 context_ms=47.7 state_ms=168.19 prefix_ms=0.0 suffix_ms=185.5 first_token_ms=2926.2 generation_ms=11861.3 generated=64 generation_tps=5.396
AGENT index=1 mig=31ffbfe4 exit=0 wall_ms=20577 text=a8d47b5298abb2fc role=child prefix_tokens=14282 suffix_tokens=22 model_ms=2226.9 context_ms=49.5 state_ms=172.80 prefix_ms=0.0 suffix_ms=221.0 first_token_ms=2973.9 generation_ms=17211.5 generated=64 generation_tps=3.718
AGENT index=2 mig=fafc828a exit=0 wall_ms=15762 text=abfd4eb3fb8ebdd8 role=child prefix_tokens=14282 suffix_tokens=24 model_ms=2386.0 context_ms=51.0 state_ms=198.09 prefix_ms=0.0 suffix_ms=344.2 first_token_ms=3289.3 generation_ms=11895.0 generated=64 generation_tps=5.380
AGENT index=3 mig=31ffbfe4 exit=0 wall_ms=21084 text=077e38d3762a4e5d role=child prefix_tokens=14282 suffix_tokens=32 model_ms=2318.9 context_ms=66.8 state_ms=234.29 prefix_ms=0.0 suffix_ms=478.6 first_token_ms=3408.2 generation_ms=17168.9 generated=64 generation_tps=3.728
AGENT index=4 mig=fafc828a exit=0 wall_ms=15710 text=16f8c0610a09645d role=child prefix_tokens=14282 suffix_tokens=23 model_ms=2314.7 context_ms=78.8 state_ms=203.83 prefix_ms=0.0 suffix_ms=307.9 first_token_ms=3220.8 generation_ms=11924.7 generated=64 generation_tps=5.367
AGENT index=5 mig=31ffbfe4 exit=0 wall_ms=21155 text=ff4188d71e02bfdb role=child prefix_tokens=14282 suffix_tokens=26 model_ms=2460.8 context_ms=46.6 state_ms=286.14 prefix_ms=0.0 suffix_ms=602.9 first_token_ms=3697.8 generation_ms=16954.8 generated=64 generation_tps=3.775
AGENT index=6 mig=fafc828a exit=0 wall_ms=15781 text=f88f503d1005fa22 role=child prefix_tokens=14282 suffix_tokens=21 model_ms=2332.3 context_ms=80.8 state_ms=201.47 prefix_ms=0.0 suffix_ms=313.8 first_token_ms=3225.0 generation_ms=11933.0 generated=64 generation_tps=5.363
AGENT index=7 mig=31ffbfe4 exit=0 wall_ms=21177 text=f9c832b7cad1a509 role=child prefix_tokens=14282 suffix_tokens=31 model_ms=2317.4 context_ms=64.5 state_ms=232.65 prefix_ms=0.0 suffix_ms=504.8 first_token_ms=3431.6 generation_ms=17165.5 generated=64 generation_tps=3.728
MEMORY mem_available_drop_mib=49058 mem_available_before_mib=120103 mem_free_before_mib=46101 pss_anon_mib=1828 pss_file_mib=245 pss_shmem_mib=2804 device_mib=43624 samples=4
END_CASE failed_agents=0 wall_ms=21265
CASE mode=none agents=12
AGENT index=0 mig=fafc828a exit=0 wall_ms=23111 text=bb92e4befc7eddec role=child prefix_tokens=14282 suffix_tokens=27 model_ms=3066.9 context_ms=74.8 state_ms=253.69 prefix_ms=0.0 suffix_ms=561.3 first_token_ms=4402.9 generation_ms=17947.2 generated=64 generation_tps=3.566
AGENT index=1 mig=31ffbfe4 exit=0 wall_ms=23737 text=a8d47b5298abb2fc role=child prefix_tokens=14282 suffix_tokens=22 model_ms=1815.9 context_ms=53.9 state_ms=183.05 prefix_ms=0.0 suffix_ms=256.2 first_token_ms=2712.2 generation_ms=20626.1 generated=64 generation_tps=3.103
AGENT index=2 mig=fafc828a exit=0 wall_ms=22034 text=abfd4eb3fb8ebdd8 role=child prefix_tokens=14282 suffix_tokens=24 model_ms=2836.5 context_ms=49.3 state_ms=189.70 prefix_ms=0.0 suffix_ms=232.4 first_token_ms=3745.5 generation_ms=17857.1 generated=64 generation_tps=3.584
AGENT index=3 mig=31ffbfe4 exit=0 wall_ms=30712 text=077e38d3762a4e5d role=child prefix_tokens=14282 suffix_tokens=32 model_ms=5802.7 context_ms=65.4 state_ms=510.59 prefix_ms=0.0 suffix_ms=872.7 first_token_ms=7703.0 generation_ms=22567.8 generated=64 generation_tps=2.836
AGENT index=4 mig=fafc828a exit=0 wall_ms=22902 text=16f8c0610a09645d role=child prefix_tokens=14282 suffix_tokens=23 model_ms=3096.2 context_ms=55.4 state_ms=248.72 prefix_ms=0.0 suffix_ms=478.8 first_token_ms=4317.6 generation_ms=17903.6 generated=64 generation_tps=3.575
AGENT index=5 mig=31ffbfe4 exit=0 wall_ms=29909 text=ff4188d71e02bfdb role=child prefix_tokens=14282 suffix_tokens=26 model_ms=3949.7 context_ms=69.4 state_ms=221.04 prefix_ms=0.0 suffix_ms=607.1 first_token_ms=5308.1 generation_ms=24043.6 generated=64 generation_tps=2.662
AGENT index=6 mig=fafc828a exit=0 wall_ms=23150 text=f88f503d1005fa22 role=child prefix_tokens=14282 suffix_tokens=21 model_ms=3096.9 context_ms=72.8 state_ms=230.39 prefix_ms=0.0 suffix_ms=531.3 first_token_ms=4394.0 generation_ms=17961.7 generated=64 generation_tps=3.563
AGENT index=7 mig=31ffbfe4 exit=0 wall_ms=30754 text=f9c832b7cad1a509 role=child prefix_tokens=14282 suffix_tokens=31 model_ms=5827.7 context_ms=67.3 state_ms=491.20 prefix_ms=0.0 suffix_ms=890.3 first_token_ms=7734.7 generation_ms=22544.6 generated=64 generation_tps=2.839
AGENT index=8 mig=fafc828a exit=0 wall_ms=23020 text=ae3f57b141780268 role=child prefix_tokens=14282 suffix_tokens=18 model_ms=3082.1 context_ms=69.3 state_ms=238.75 prefix_ms=0.0 suffix_ms=491.6 first_token_ms=4337.4 generation_ms=17927.4 generated=64 generation_tps=3.570
AGENT index=9 mig=31ffbfe4 exit=0 wall_ms=29876 text=a2d016def74ecc62 role=child prefix_tokens=14282 suffix_tokens=18 model_ms=3964.6 context_ms=65.9 state_ms=218.06 prefix_ms=0.0 suffix_ms=551.9 first_token_ms=5240.1 generation_ms=24091.5 generated=64 generation_tps=2.657
AGENT index=10 mig=fafc828a exit=0 wall_ms=23041 text=a733f3a39259263c role=child prefix_tokens=14282 suffix_tokens=18 model_ms=3108.2 context_ms=77.8 state_ms=231.61 prefix_ms=0.0 suffix_ms=548.7 first_token_ms=4412.8 generation_ms=17922.0 generated=64 generation_tps=3.571
AGENT index=11 mig=31ffbfe4 exit=0 wall_ms=29823 text=087278665f3dec68 role=child prefix_tokens=14282 suffix_tokens=22 model_ms=3935.8 context_ms=69.4 state_ms=224.57 prefix_ms=0.0 suffix_ms=550.0 first_token_ms=5214.8 generation_ms=24053.4 generated=64 generation_tps=2.661
MEMORY mem_available_drop_mib=73615 mem_available_before_mib=120129 mem_free_before_mib=46127 pss_anon_mib=2741 pss_file_mib=328 pss_shmem_mib=4206 device_mib=65436 samples=5
END_CASE failed_agents=0 wall_ms=30863
CASE mode=kv agents=1
AGENT index=0 mig=fafc828a exit=0 wall_ms=4337 text=bb92e4befc7eddec role=child prefix_tokens=14282 suffix_tokens=27 model_ms=1164.6 context_ms=27.3 state_ms=5.91 prefix_ms=0.0 suffix_ms=115.7 first_token_ms=1367.7 generation_ms=2559.2 generated=64 generation_tps=25.008
MEMORY mem_available_drop_mib=5305 mem_available_before_mib=120151 mem_free_before_mib=46147 pss_anon_mib=245 pss_file_mib=97 pss_shmem_mib=1131 device_mib=4564 samples=1
END_CASE failed_agents=0 wall_ms=4373
CASE mode=kv agents=2
AGENT index=0 mig=fafc828a exit=0 wall_ms=4856 text=bb92e4befc7eddec role=child prefix_tokens=14282 suffix_tokens=27 model_ms=1244.5 context_ms=26.2 state_ms=6.42 prefix_ms=0.0 suffix_ms=117.3 first_token_ms=1488.4 generation_ms=2943.6 generated=64 generation_tps=21.742
AGENT index=1 mig=31ffbfe4 exit=0 wall_ms=6263 text=a8d47b5298abb2fc role=child prefix_tokens=14282 suffix_tokens=22 model_ms=1378.8 context_ms=26.7 state_ms=6.27 prefix_ms=0.0 suffix_ms=148.5 first_token_ms=1654.5 generation_ms=4215.3 generated=64 generation_tps=15.183
MEMORY mem_available_drop_mib=10513 mem_available_before_mib=120108 mem_free_before_mib=46102 pss_anon_mib=462 pss_file_mib=119 pss_shmem_mib=1482 device_mib=9114 samples=1
END_CASE failed_agents=0 wall_ms=6308
CASE mode=kv agents=4
AGENT index=0 mig=fafc828a exit=0 wall_ms=8478 text=bb92e4befc7eddec role=child prefix_tokens=14282 suffix_tokens=27 model_ms=1532.1 context_ms=27.6 state_ms=6.25 prefix_ms=0.0 suffix_ms=122.1 first_token_ms=1850.2 generation_ms=6134.6 generated=64 generation_tps=10.433
AGENT index=1 mig=31ffbfe4 exit=0 wall_ms=11397 text=a8d47b5298abb2fc role=child prefix_tokens=14282 suffix_tokens=22 model_ms=1673.6 context_ms=27.3 state_ms=6.24 prefix_ms=0.0 suffix_ms=282.2 first_token_ms=2155.8 generation_ms=8860.2 generated=64 generation_tps=7.223
AGENT index=2 mig=fafc828a exit=0 wall_ms=8525 text=abfd4eb3fb8ebdd8 role=child prefix_tokens=14282 suffix_tokens=24 model_ms=1607.0 context_ms=27.2 state_ms=6.34 prefix_ms=0.0 suffix_ms=197.8 first_token_ms=2003.7 generation_ms=6082.2 generated=64 generation_tps=10.523
AGENT index=3 mig=31ffbfe4 exit=0 wall_ms=11369 text=077e38d3762a4e5d role=child prefix_tokens=14282 suffix_tokens=32 model_ms=1555.5 context_ms=26.9 state_ms=6.13 prefix_ms=0.0 suffix_ms=155.2 first_token_ms=1907.7 generation_ms=8984.8 generated=64 generation_tps=7.123
MEMORY mem_available_drop_mib=20870 mem_available_before_mib=119928 mem_free_before_mib=45922 pss_anon_mib=972 pss_file_mib=161 pss_shmem_mib=2183 device_mib=18228 samples=2
END_CASE failed_agents=0 wall_ms=11453
CASE mode=kv agents=8
AGENT index=0 mig=fafc828a exit=0 wall_ms=15669 text=bb92e4befc7eddec role=child prefix_tokens=14282 suffix_tokens=27 model_ms=2203.2 context_ms=34.1 state_ms=6.34 prefix_ms=0.0 suffix_ms=221.1 first_token_ms=2783.6 generation_ms=12327.7 generated=64 generation_tps=5.192
AGENT index=1 mig=31ffbfe4 exit=0 wall_ms=21548 text=a8d47b5298abb2fc role=child prefix_tokens=14282 suffix_tokens=22 model_ms=2184.9 context_ms=33.0 state_ms=6.54 prefix_ms=0.0 suffix_ms=388.4 first_token_ms=2927.3 generation_ms=18002.7 generated=64 generation_tps=3.555
AGENT index=2 mig=fafc828a exit=0 wall_ms=15717 text=abfd4eb3fb8ebdd8 role=child prefix_tokens=14282 suffix_tokens=24 model_ms=2335.0 context_ms=29.0 state_ms=6.50 prefix_ms=0.0 suffix_ms=301.8 first_token_ms=2981.2 generation_ms=12290.3 generated=64 generation_tps=5.207
AGENT index=3 mig=31ffbfe4 exit=0 wall_ms=21547 text=077e38d3762a4e5d role=child prefix_tokens=14282 suffix_tokens=32 model_ms=2223.9 context_ms=32.9 state_ms=6.53 prefix_ms=0.0 suffix_ms=388.4 first_token_ms=2911.7 generation_ms=18008.8 generated=64 generation_tps=3.554
AGENT index=4 mig=fafc828a exit=0 wall_ms=15837 text=16f8c0610a09645d role=child prefix_tokens=14282 suffix_tokens=23 model_ms=2440.8 context_ms=27.1 state_ms=6.26 prefix_ms=0.0 suffix_ms=367.8 first_token_ms=3158.0 generation_ms=12158.1 generated=64 generation_tps=5.264
AGENT index=5 mig=31ffbfe4 exit=0 wall_ms=21641 text=ff4188d71e02bfdb role=child prefix_tokens=14282 suffix_tokens=26 model_ms=2240.4 context_ms=34.4 state_ms=6.27 prefix_ms=0.0 suffix_ms=433.7 first_token_ms=2991.1 generation_ms=18013.2 generated=64 generation_tps=3.553
AGENT index=6 mig=fafc828a exit=0 wall_ms=15606 text=f88f503d1005fa22 role=child prefix_tokens=14282 suffix_tokens=21 model_ms=2165.4 context_ms=36.9 state_ms=6.27 prefix_ms=0.0 suffix_ms=165.9 first_token_ms=2691.8 generation_ms=12298.6 generated=64 generation_tps=5.204
AGENT index=7 mig=31ffbfe4 exit=0 wall_ms=21663 text=f9c832b7cad1a509 role=child prefix_tokens=14282 suffix_tokens=31 model_ms=2612.2 context_ms=28.9 state_ms=6.61 prefix_ms=0.0 suffix_ms=594.3 first_token_ms=3546.5 generation_ms=17598.2 generated=64 generation_tps=3.637
MEMORY mem_available_drop_mib=41901 mem_available_before_mib=120069 mem_free_before_mib=46063 pss_anon_mib=1969 pss_file_mib=245 pss_shmem_mib=3719 device_mib=36456 samples=4
END_CASE failed_agents=0 wall_ms=21751
CASE mode=kv agents=12
AGENT index=0 mig=fafc828a exit=0 wall_ms=22917 text=bb92e4befc7eddec role=child prefix_tokens=14282 suffix_tokens=27 model_ms=2900.9 context_ms=34.6 state_ms=6.26 prefix_ms=0.0 suffix_ms=349.4 first_token_ms=3725.5 generation_ms=18380.2 generated=64 generation_tps=3.482
AGENT index=1 mig=31ffbfe4 exit=0 wall_ms=23086 text=a8d47b5298abb2fc role=child prefix_tokens=14282 suffix_tokens=22 model_ms=1933.3 context_ms=40.3 state_ms=6.57 prefix_ms=0.0 suffix_ms=226.4 first_token_ms=2534.3 generation_ms=19729.2 generated=64 generation_tps=3.244
AGENT index=2 mig=fafc828a exit=0 wall_ms=23109 text=abfd4eb3fb8ebdd8 role=child prefix_tokens=14282 suffix_tokens=24 model_ms=3321.3 context_ms=32.2 state_ms=6.71 prefix_ms=0.0 suffix_ms=463.5 first_token_ms=4277.6 generation_ms=18284.1 generated=64 generation_tps=3.500
AGENT index=3 mig=31ffbfe4 exit=0 wall_ms=30047 text=077e38d3762a4e5d role=child prefix_tokens=14282 suffix_tokens=32 model_ms=4277.9 context_ms=30.7 state_ms=6.21 prefix_ms=0.0 suffix_ms=364.7 first_token_ms=5115.9 generation_ms=24527.5 generated=64 generation_tps=2.609
AGENT index=4 mig=fafc828a exit=0 wall_ms=22610 text=16f8c0610a09645d role=child prefix_tokens=14282 suffix_tokens=23 model_ms=2868.8 context_ms=35.7 state_ms=6.39 prefix_ms=0.0 suffix_ms=318.9 first_token_ms=3673.5 generation_ms=18386.1 generated=64 generation_tps=3.481
AGENT index=5 mig=31ffbfe4 exit=0 wall_ms=31851 text=ff4188d71e02bfdb role=child prefix_tokens=14282 suffix_tokens=26 model_ms=5263.1 context_ms=33.5 state_ms=6.44 prefix_ms=0.0 suffix_ms=840.9 first_token_ms=6587.8 generation_ms=24634.3 generated=64 generation_tps=2.598
AGENT index=6 mig=fafc828a exit=0 wall_ms=22144 text=f88f503d1005fa22 role=child prefix_tokens=14282 suffix_tokens=21 model_ms=2821.7 context_ms=34.3 state_ms=6.58 prefix_ms=0.0 suffix_ms=187.3 first_token_ms=3488.3 generation_ms=18242.5 generated=64 generation_tps=3.508
AGENT index=7 mig=31ffbfe4 exit=0 wall_ms=31750 text=f9c832b7cad1a509 role=child prefix_tokens=14282 suffix_tokens=31 model_ms=5213.2 context_ms=29.7 state_ms=6.45 prefix_ms=0.0 suffix_ms=818.4 first_token_ms=6523.4 generation_ms=24652.8 generated=64 generation_tps=2.596
AGENT index=8 mig=fafc828a exit=0 wall_ms=23149 text=ae3f57b141780268 role=child prefix_tokens=14282 suffix_tokens=18 model_ms=3311.1 context_ms=31.5 state_ms=6.49 prefix_ms=0.0 suffix_ms=485.5 first_token_ms=4295.3 generation_ms=18284.2 generated=64 generation_tps=3.500
AGENT index=9 mig=31ffbfe4 exit=0 wall_ms=31892 text=a2d016def74ecc62 role=child prefix_tokens=14282 suffix_tokens=18 model_ms=5274.0 context_ms=36.0 state_ms=6.73 prefix_ms=0.0 suffix_ms=823.4 first_token_ms=6587.8 generation_ms=24630.9 generated=64 generation_tps=2.598
AGENT index=10 mig=fafc828a exit=0 wall_ms=23242 text=a733f3a39259263c role=child prefix_tokens=14282 suffix_tokens=18 model_ms=3635.1 context_ms=29.7 state_ms=6.51 prefix_ms=0.0 suffix_ms=566.8 first_token_ms=4663.4 generation_ms=17958.1 generated=64 generation_tps=3.564
AGENT index=11 mig=31ffbfe4 exit=0 wall_ms=31939 text=087278665f3dec68 role=child prefix_tokens=14282 suffix_tokens=22 model_ms=5271.5 context_ms=35.9 state_ms=6.58 prefix_ms=0.0 suffix_ms=839.7 first_token_ms=6597.5 generation_ms=24601.9 generated=64 generation_tps=2.601
MEMORY mem_available_drop_mib=62924 mem_available_before_mib=120118 mem_free_before_mib=46111 pss_anon_mib=2904 pss_file_mib=328 pss_shmem_mib=4987 device_mib=54684 samples=5
END_CASE failed_agents=0 wall_ms=32054
CASE mode=weights agents=1
AGENT index=0 mig=fafc828a exit=0 wall_ms=4069 text=bb92e4befc7eddec role=child prefix_tokens=14282 suffix_tokens=27 model_ms=628.3 context_ms=41.1 state_ms=114.64 prefix_ms=0.0 suffix_ms=117.5 first_token_ms=955.9 generation_ms=2683.9 generated=64 generation_tps=23.846
MEMORY mem_available_drop_mib=1652 mem_available_before_mib=120132 mem_free_before_mib=46125 pss_anon_mib=228 pss_file_mib=4558 pss_shmem_mib=58 device_mib=1290 samples=1
END_CASE failed_agents=0 wall_ms=4104
CASE mode=weights agents=2
AGENT index=0 mig=fafc828a exit=0 wall_ms=4445 text=bb92e4befc7eddec role=child prefix_tokens=14282 suffix_tokens=27 model_ms=710.7 context_ms=48.1 state_ms=206.96 prefix_ms=0.0 suffix_ms=117.2 first_token_ms=1174.0 generation_ms=2893.5 generated=64 generation_tps=22.119
AGENT index=1 mig=31ffbfe4 exit=0 wall_ms=5891 text=a8d47b5298abb2fc role=child prefix_tokens=14282 suffix_tokens=22 model_ms=707.6 context_ms=52.8 state_ms=202.71 prefix_ms=0.0 suffix_ms=139.1 first_token_ms=1195.6 generation_ms=4269.5 generated=64 generation_tps=14.990
MEMORY mem_available_drop_mib=3249 mem_available_before_mib=120054 mem_free_before_mib=46048 pss_anon_mib=456 pss_file_mib=4580 pss_shmem_mib=116 device_mib=2566 samples=1
END_CASE failed_agents=0 wall_ms=5936
CASE mode=weights agents=4
AGENT index=0 mig=fafc828a exit=0 wall_ms=7960 text=bb92e4befc7eddec role=child prefix_tokens=14282 suffix_tokens=27 model_ms=859.6 context_ms=58.4 state_ms=136.33 prefix_ms=0.0 suffix_ms=200.4 first_token_ms=1427.2 generation_ms=6155.5 generated=64 generation_tps=10.397
AGENT index=1 mig=31ffbfe4 exit=0 wall_ms=10957 text=a8d47b5298abb2fc role=child prefix_tokens=14282 suffix_tokens=22 model_ms=872.0 context_ms=86.8 state_ms=152.82 prefix_ms=0.0 suffix_ms=269.6 first_token_ms=1516.4 generation_ms=9122.0 generated=64 generation_tps=7.016
AGENT index=2 mig=fafc828a exit=0 wall_ms=8004 text=abfd4eb3fb8ebdd8 role=child prefix_tokens=14282 suffix_tokens=24 model_ms=863.3 context_ms=62.7 state_ms=137.20 prefix_ms=0.0 suffix_ms=193.5 first_token_ms=1426.5 generation_ms=6142.3 generated=64 generation_tps=10.419
AGENT index=3 mig=31ffbfe4 exit=0 wall_ms=11098 text=077e38d3762a4e5d role=child prefix_tokens=14282 suffix_tokens=32 model_ms=858.9 context_ms=81.5 state_ms=148.52 prefix_ms=0.0 suffix_ms=270.6 first_token_ms=1504.9 generation_ms=9144.1 generated=64 generation_tps=6.999
MEMORY mem_available_drop_mib=6366 mem_available_before_mib=119960 mem_free_before_mib=45954 pss_anon_mib=915 pss_file_mib=4622 pss_shmem_mib=232 device_mib=5132 samples=2
END_CASE failed_agents=0 wall_ms=11156
CASE mode=weights agents=8
AGENT index=0 mig=fafc828a exit=0 wall_ms=14926 text=bb92e4befc7eddec role=child prefix_tokens=14282 suffix_tokens=27 model_ms=1134.3 context_ms=120.3 state_ms=188.75 prefix_ms=0.0 suffix_ms=332.3 first_token_ms=2077.2 generation_ms=12348.8 generated=64 generation_tps=5.183
AGENT index=1 mig=31ffbfe4 exit=0 wall_ms=20921 text=a8d47b5298abb2fc role=child prefix_tokens=14282 suffix_tokens=22 model_ms=1142.0 context_ms=118.1 state_ms=195.52 prefix_ms=0.0 suffix_ms=533.0 first_token_ms=2302.1 generation_ms=18273.3 generated=64 generation_tps=3.502
AGENT index=2 mig=fafc828a exit=0 wall_ms=14924 text=abfd4eb3fb8ebdd8 role=child prefix_tokens=14282 suffix_tokens=24 model_ms=1142.7 context_ms=125.8 state_ms=183.82 prefix_ms=0.0 suffix_ms=326.8 first_token_ms=2086.7 generation_ms=12373.3 generated=64 generation_tps=5.172
AGENT index=3 mig=31ffbfe4 exit=0 wall_ms=20967 text=077e38d3762a4e5d role=child prefix_tokens=14282 suffix_tokens=32 model_ms=1145.6 context_ms=115.0 state_ms=190.06 prefix_ms=0.0 suffix_ms=519.0 first_token_ms=2269.8 generation_ms=18303.5 generated=64 generation_tps=3.497
AGENT index=4 mig=fafc828a exit=0 wall_ms=14923 text=16f8c0610a09645d role=child prefix_tokens=14282 suffix_tokens=23 model_ms=1109.2 context_ms=128.1 state_ms=188.61 prefix_ms=0.0 suffix_ms=319.7 first_token_ms=2065.3 generation_ms=12359.7 generated=64 generation_tps=5.178
AGENT index=5 mig=31ffbfe4 exit=0 wall_ms=20839 text=ff4188d71e02bfdb role=child prefix_tokens=14282 suffix_tokens=26 model_ms=1129.2 context_ms=109.2 state_ms=195.94 prefix_ms=0.0 suffix_ms=456.7 first_token_ms=2187.4 generation_ms=18260.9 generated=64 generation_tps=3.505
AGENT index=6 mig=fafc828a exit=0 wall_ms=14944 text=f88f503d1005fa22 role=child prefix_tokens=14282 suffix_tokens=21 model_ms=1120.9 context_ms=127.7 state_ms=199.23 prefix_ms=0.0 suffix_ms=334.7 first_token_ms=2087.4 generation_ms=12372.9 generated=64 generation_tps=5.173
AGENT index=7 mig=31ffbfe4 exit=0 wall_ms=21059 text=f9c832b7cad1a509 role=child prefix_tokens=14282 suffix_tokens=31 model_ms=1158.4 context_ms=106.7 state_ms=190.48 prefix_ms=0.0 suffix_ms=569.6 first_token_ms=2335.8 generation_ms=18274.5 generated=64 generation_tps=3.502
MEMORY mem_available_drop_mib=12871 mem_available_before_mib=120027 mem_free_before_mib=46020 pss_anon_mib=1831 pss_file_mib=4705 pss_shmem_mib=465 device_mib=10264 samples=4
END_CASE failed_agents=0 wall_ms=21147
CASE mode=weights agents=12
AGENT index=0 mig=fafc828a exit=0 wall_ms=21600 text=bb92e4befc7eddec role=child prefix_tokens=14282 suffix_tokens=27 model_ms=1422.8 context_ms=157.4 state_ms=233.53 prefix_ms=0.0 suffix_ms=449.6 first_token_ms=2704.7 generation_ms=18442.2 generated=64 generation_tps=3.470
AGENT index=1 mig=31ffbfe4 exit=0 wall_ms=30753 text=a8d47b5298abb2fc role=child prefix_tokens=14282 suffix_tokens=22 model_ms=1421.2 context_ms=150.8 state_ms=246.77 prefix_ms=0.0 suffix_ms=606.7 first_token_ms=2870.5 generation_ms=27493.5 generated=64 generation_tps=2.328
AGENT index=2 mig=fafc828a exit=0 wall_ms=21646 text=abfd4eb3fb8ebdd8 role=child prefix_tokens=14282 suffix_tokens=24 model_ms=1412.5 context_ms=179.4 state_ms=234.76 prefix_ms=0.0 suffix_ms=469.0 first_token_ms=2741.8 generation_ms=18485.7 generated=64 generation_tps=3.462
AGENT index=3 mig=31ffbfe4 exit=0 wall_ms=30873 text=077e38d3762a4e5d role=child prefix_tokens=14282 suffix_tokens=32 model_ms=1414.7 context_ms=147.3 state_ms=253.16 prefix_ms=0.0 suffix_ms=683.3 first_token_ms=2935.3 generation_ms=27505.2 generated=64 generation_tps=2.327
AGENT index=4 mig=fafc828a exit=0 wall_ms=21814 text=16f8c0610a09645d role=child prefix_tokens=14282 suffix_tokens=23 model_ms=1437.0 context_ms=149.1 state_ms=238.99 prefix_ms=0.0 suffix_ms=457.3 first_token_ms=2735.6 generation_ms=18622.6 generated=64 generation_tps=3.437
AGENT index=5 mig=31ffbfe4 exit=0 wall_ms=31043 text=ff4188d71e02bfdb role=child prefix_tokens=14282 suffix_tokens=26 model_ms=1430.2 context_ms=165.2 state_ms=248.78 prefix_ms=0.0 suffix_ms=884.8 first_token_ms=3181.8 generation_ms=27395.3 generated=64 generation_tps=2.336
AGENT index=6 mig=fafc828a exit=0 wall_ms=21812 text=f88f503d1005fa22 role=child prefix_tokens=14282 suffix_tokens=21 model_ms=1434.3 context_ms=161.5 state_ms=232.14 prefix_ms=0.0 suffix_ms=506.3 first_token_ms=2787.8 generation_ms=18548.3 generated=64 generation_tps=3.450
AGENT index=7 mig=31ffbfe4 exit=0 wall_ms=30988 text=f9c832b7cad1a509 role=child prefix_tokens=14282 suffix_tokens=31 model_ms=1468.1 context_ms=148.4 state_ms=253.25 prefix_ms=0.0 suffix_ms=887.2 first_token_ms=3197.4 generation_ms=27381.7 generated=64 generation_tps=2.337
AGENT index=8 mig=fafc828a exit=0 wall_ms=21858 text=ae3f57b141780268 role=child prefix_tokens=14282 suffix_tokens=18 model_ms=1456.2 context_ms=144.6 state_ms=225.64 prefix_ms=0.0 suffix_ms=511.1 first_token_ms=2791.4 generation_ms=18553.9 generated=64 generation_tps=3.449
AGENT index=9 mig=31ffbfe4 exit=0 wall_ms=30812 text=a2d016def74ecc62 role=child prefix_tokens=14282 suffix_tokens=18 model_ms=1388.4 context_ms=168.7 state_ms=244.14 prefix_ms=0.0 suffix_ms=645.6 first_token_ms=2906.8 generation_ms=27516.1 generated=64 generation_tps=2.326
AGENT index=10 mig=fafc828a exit=0 wall_ms=21752 text=a733f3a39259263c role=child prefix_tokens=14282 suffix_tokens=18 model_ms=1418.6 context_ms=163.5 state_ms=233.52 prefix_ms=0.0 suffix_ms=514.1 first_token_ms=2788.6 generation_ms=18553.1 generated=64 generation_tps=3.450
AGENT index=11 mig=31ffbfe4 exit=0 wall_ms=30930 text=087278665f3dec68 role=child prefix_tokens=14282 suffix_tokens=22 model_ms=1414.8 context_ms=176.0 state_ms=254.16 prefix_ms=0.0 suffix_ms=820.7 first_token_ms=3124.6 generation_ms=27390.9 generated=64 generation_tps=2.337
MEMORY mem_available_drop_mib=19421 mem_available_before_mib=120112 mem_free_before_mib=46104 pss_anon_mib=2751 pss_file_mib=4788 pss_shmem_mib=698 device_mib=15396 samples=5
END_CASE failed_agents=0 wall_ms=31150
CASE mode=weights agents=16
AGENT index=0 mig=fafc828a exit=0 wall_ms=28489 text=bb92e4befc7eddec role=child prefix_tokens=14282 suffix_tokens=27 model_ms=1742.1 context_ms=143.3 state_ms=407.08 prefix_ms=0.0 suffix_ms=628.8 first_token_ms=3512.3 generation_ms=24558.1 generated=64 generation_tps=2.606
AGENT index=1 mig=31ffbfe4 exit=0 wall_ms=39512 text=a8d47b5298abb2fc role=child prefix_tokens=14282 suffix_tokens=22 model_ms=1647.3 context_ms=59.5 state_ms=159.07 prefix_ms=0.0 suffix_ms=385.8 first_token_ms=2743.3 generation_ms=36419.2 generated=64 generation_tps=1.757
AGENT index=2 mig=fafc828a exit=0 wall_ms=28288 text=abfd4eb3fb8ebdd8 role=child prefix_tokens=14282 suffix_tokens=24 model_ms=1770.9 context_ms=163.4 state_ms=277.61 prefix_ms=0.0 suffix_ms=515.0 first_token_ms=3306.4 generation_ms=24575.1 generated=64 generation_tps=2.604
AGENT index=3 mig=31ffbfe4 exit=0 wall_ms=39945 text=077e38d3762a4e5d role=child prefix_tokens=14282 suffix_tokens=32 model_ms=1627.6 context_ms=40.8 state_ms=249.76 prefix_ms=0.0 suffix_ms=562.8 first_token_ms=3075.2 generation_ms=36537.4 generated=64 generation_tps=1.752
AGENT index=4 mig=fafc828a exit=0 wall_ms=27813 text=16f8c0610a09645d role=child prefix_tokens=14282 suffix_tokens=23 model_ms=1683.7 context_ms=53.8 state_ms=184.63 prefix_ms=0.0 suffix_ms=269.1 first_token_ms=2768.8 generation_ms=24467.8 generated=64 generation_tps=2.616
AGENT index=5 mig=31ffbfe4 exit=0 wall_ms=40950 text=ff4188d71e02bfdb role=child prefix_tokens=14282 suffix_tokens=26 model_ms=2092.4 context_ms=99.9 state_ms=567.65 prefix_ms=0.0 suffix_ms=1185.9 first_token_ms=4529.5 generation_ms=35951.0 generated=64 generation_tps=1.780
AGENT index=6 mig=fafc828a exit=0 wall_ms=27858 text=f88f503d1005fa22 role=child prefix_tokens=14282 suffix_tokens=21 model_ms=1712.1 context_ms=70.5 state_ms=221.65 prefix_ms=0.0 suffix_ms=334.1 first_token_ms=2930.6 generation_ms=24568.4 generated=64 generation_tps=2.605
AGENT index=7 mig=31ffbfe4 exit=0 wall_ms=40743 text=f9c832b7cad1a509 role=child prefix_tokens=14282 suffix_tokens=31 model_ms=1749.0 context_ms=144.6 state_ms=425.48 prefix_ms=0.0 suffix_ms=1017.2 first_token_ms=3948.7 generation_ms=36372.7 generated=64 generation_tps=1.760
AGENT index=8 mig=fafc828a exit=0 wall_ms=28450 text=ae3f57b141780268 role=child prefix_tokens=14282 suffix_tokens=18 model_ms=1821.5 context_ms=116.5 state_ms=292.23 prefix_ms=0.0 suffix_ms=567.7 first_token_ms=3385.9 generation_ms=24591.5 generated=64 generation_tps=2.603
AGENT index=9 mig=31ffbfe4 exit=0 wall_ms=40320 text=a2d016def74ecc62 role=child prefix_tokens=14282 suffix_tokens=18 model_ms=1723.6 context_ms=108.3 state_ms=294.02 prefix_ms=0.0 suffix_ms=700.9 first_token_ms=3414.2 generation_ms=36578.0 generated=64 generation_tps=1.750
AGENT index=10 mig=fafc828a exit=0 wall_ms=28595 text=a733f3a39259263c role=child prefix_tokens=14282 suffix_tokens=18 model_ms=2068.4 context_ms=79.4 state_ms=562.14 prefix_ms=0.0 suffix_ms=760.0 first_token_ms=4067.8 generation_ms=24138.1 generated=64 generation_tps=2.651
AGENT index=11 mig=31ffbfe4 exit=0 wall_ms=40788 text=087278665f3dec68 role=child prefix_tokens=14282 suffix_tokens=22 model_ms=1794.1 context_ms=107.3 state_ms=377.21 prefix_ms=0.0 suffix_ms=879.0 first_token_ms=3768.8 generation_ms=36545.8 generated=64 generation_tps=1.751
AGENT index=12 mig=fafc828a exit=0 wall_ms=28393 text=2c93819fe85df763 role=child prefix_tokens=14282 suffix_tokens=21 model_ms=1736.5 context_ms=170.9 state_ms=309.57 prefix_ms=0.0 suffix_ms=565.3 first_token_ms=3366.4 generation_ms=24596.5 generated=64 generation_tps=2.602
AGENT index=13 mig=31ffbfe4 exit=0 wall_ms=40758 text=5d483815f91685a6 role=child prefix_tokens=14282 suffix_tokens=31 model_ms=1812.3 context_ms=136.9 state_ms=417.55 prefix_ms=0.0 suffix_ms=1026.1 first_token_ms=3976.6 generation_ms=36347.5 generated=64 generation_tps=1.761
AGENT index=14 mig=fafc828a exit=0 wall_ms=28537 text=3f33f20708943e2f role=child prefix_tokens=14282 suffix_tokens=21 model_ms=2029.9 context_ms=66.9 state_ms=531.40 prefix_ms=0.0 suffix_ms=717.0 first_token_ms=3951.8 generation_ms=24220.5 generated=64 generation_tps=2.642
AGENT index=15 mig=31ffbfe4 exit=0 wall_ms=40806 text=0502c45076359254 role=child prefix_tokens=14282 suffix_tokens=26 model_ms=2074.3 context_ms=71.7 state_ms=573.68 prefix_ms=0.0 suffix_ms=1191.7 first_token_ms=4531.1 generation_ms=35921.9 generated=64 generation_tps=1.782
MEMORY mem_available_drop_mib=25791 mem_available_before_mib=120127 mem_free_before_mib=46119 pss_anon_mib=3665 pss_file_mib=5004 pss_shmem_mib=931 device_mib=20528 samples=7
END_CASE failed_agents=0 wall_ms=41074
CASE mode=weights agents=32
AGENT index=0 mig=fafc828a exit=0 wall_ms=55620 text=bb92e4befc7eddec role=child prefix_tokens=14282 suffix_tokens=27 model_ms=4002.7 context_ms=229.4 state_ms=739.63 prefix_ms=0.0 suffix_ms=1312.7 first_token_ms=7452.7 generation_ms=47742.0 generated=64 generation_tps=1.341
AGENT index=1 mig=31ffbfe4 exit=0 wall_ms=81345 text=a8d47b5298abb2fc role=child prefix_tokens=14282 suffix_tokens=22 model_ms=3911.5 context_ms=419.4 state_ms=829.95 prefix_ms=0.0 suffix_ms=2090.6 first_token_ms=8408.6 generation_ms=72492.9 generated=64 generation_tps=0.883
AGENT index=2 mig=fafc828a exit=0 wall_ms=55666 text=abfd4eb3fb8ebdd8 role=child prefix_tokens=14282 suffix_tokens=24 model_ms=3954.2 context_ms=358.7 state_ms=723.41 prefix_ms=0.0 suffix_ms=1213.5 first_token_ms=7423.5 generation_ms=47751.2 generated=64 generation_tps=1.340
AGENT index=3 mig=31ffbfe4 exit=0 wall_ms=77922 text=077e38d3762a4e5d role=child prefix_tokens=14282 suffix_tokens=32 model_ms=3267.0 context_ms=144.1 state_ms=306.02 prefix_ms=0.0 suffix_ms=354.5 first_token_ms=5270.7 generation_ms=72270.9 generated=64 generation_tps=0.886
AGENT index=4 mig=fafc828a exit=0 wall_ms=33800 text=16f8c0610a09645d role=child prefix_tokens=14282 suffix_tokens=23 model_ms=2297.1 context_ms=178.9 state_ms=151.59 prefix_ms=0.0 suffix_ms=211.2 first_token_ms=3775.3 generation_ms=29649.7 generated=64 generation_tps=2.159
AGENT index=5 mig=31ffbfe4 exit=0 wall_ms=80493 text=ff4188d71e02bfdb role=child prefix_tokens=14282 suffix_tokens=26 model_ms=3197.8 context_ms=111.1 state_ms=442.07 prefix_ms=0.0 suffix_ms=1676.8 first_token_ms=6728.0 generation_ms=73428.5 generated=64 generation_tps=0.872
AGENT index=6 mig=fafc828a exit=0 wall_ms=55860 text=f88f503d1005fa22 role=child prefix_tokens=14282 suffix_tokens=21 model_ms=4278.7 context_ms=189.6 state_ms=712.07 prefix_ms=0.0 suffix_ms=1401.5 first_token_ms=7753.6 generation_ms=47589.1 generated=64 generation_tps=1.345
AGENT index=7 mig=31ffbfe4 exit=0 wall_ms=81261 text=f9c832b7cad1a509 role=child prefix_tokens=14282 suffix_tokens=31 model_ms=3996.3 context_ms=210.6 state_ms=774.62 prefix_ms=0.0 suffix_ms=2030.6 first_token_ms=8174.2 generation_ms=72674.2 generated=64 generation_tps=0.881
AGENT index=8 mig=fafc828a exit=0 wall_ms=55682 text=ae3f57b141780268 role=child prefix_tokens=14282 suffix_tokens=18 model_ms=4199.2 context_ms=200.0 state_ms=737.28 prefix_ms=0.0 suffix_ms=1246.1 first_token_ms=7459.4 generation_ms=47748.7 generated=64 generation_tps=1.340
AGENT index=9 mig=31ffbfe4 exit=0 wall_ms=81049 text=a2d016def74ecc62 role=child prefix_tokens=14282 suffix_tokens=18 model_ms=3807.6 context_ms=276.8 state_ms=687.95 prefix_ms=0.0 suffix_ms=1580.9 first_token_ms=7524.6 generation_ms=73070.9 generated=64 generation_tps=0.876
AGENT index=10 mig=fafc828a exit=0 wall_ms=55927 text=a733f3a39259263c role=child prefix_tokens=14282 suffix_tokens=18 model_ms=4133.5 context_ms=164.1 state_ms=697.47 prefix_ms=0.0 suffix_ms=1400.4 first_token_ms=7717.8 generation_ms=47637.6 generated=64 generation_tps=1.343
AGENT index=11 mig=31ffbfe4 exit=0 wall_ms=81524 text=087278665f3dec68 role=child prefix_tokens=14282 suffix_tokens=22 model_ms=4082.8 context_ms=287.5 state_ms=938.76 prefix_ms=0.0 suffix_ms=2156.1 first_token_ms=8702.5 generation_ms=72325.7 generated=64 generation_tps=0.885
AGENT index=12 mig=fafc828a exit=0 wall_ms=55924 text=2c93819fe85df763 role=child prefix_tokens=14282 suffix_tokens=21 model_ms=4080.6 context_ms=347.5 state_ms=694.22 prefix_ms=0.0 suffix_ms=1401.9 first_token_ms=7685.2 generation_ms=47635.8 generated=64 generation_tps=1.344
AGENT index=13 mig=31ffbfe4 exit=0 wall_ms=81348 text=5d483815f91685a6 role=child prefix_tokens=14282 suffix_tokens=31 model_ms=4043.9 context_ms=261.1 state_ms=848.40 prefix_ms=0.0 suffix_ms=2241.8 first_token_ms=8574.3 generation_ms=72324.4 generated=64 generation_tps=0.885
AGENT index=14 mig=fafc828a exit=0 wall_ms=52423 text=3f33f20708943e2f role=child prefix_tokens=14282 suffix_tokens=21 model_ms=3192.6 context_ms=101.1 state_ms=413.86 prefix_ms=0.0 suffix_ms=384.3 first_token_ms=5221.1 generation_ms=46791.9 generated=64 generation_tps=1.368
AGENT index=15 mig=31ffbfe4 exit=0 wall_ms=78528 text=0502c45076359254 role=child prefix_tokens=14282 suffix_tokens=26 model_ms=3195.4 context_ms=117.0 state_ms=437.84 prefix_ms=0.0 suffix_ms=528.3 first_token_ms=5436.7 generation_ms=72726.3 generated=64 generation_tps=0.880
AGENT index=16 mig=fafc828a exit=0 wall_ms=55986 text=0ebc8757605c5571 role=child prefix_tokens=14282 suffix_tokens=25 model_ms=4158.4 context_ms=227.4 state_ms=699.01 prefix_ms=0.0 suffix_ms=1538.6 first_token_ms=7826.9 generation_ms=47536.5 generated=64 generation_tps=1.346
AGENT index=17 mig=31ffbfe4 exit=0 wall_ms=81454 text=5d7dbcf0a7eca76c role=child prefix_tokens=14282 suffix_tokens=22 model_ms=3898.8 context_ms=288.1 state_ms=873.90 prefix_ms=0.0 suffix_ms=2062.0 first_token_ms=8439.5 generation_ms=72545.8 generated=64 generation_tps=0.882
AGENT index=18 mig=fafc828a exit=0 wall_ms=56023 text=cb99e4b1c2fd84d5 role=child prefix_tokens=14282 suffix_tokens=21 model_ms=4025.7 context_ms=244.9 state_ms=690.31 prefix_ms=0.0 suffix_ms=1402.4 first_token_ms=7665.6 generation_ms=47655.6 generated=64 generation_tps=1.343
AGENT index=19 mig=31ffbfe4 exit=0 wall_ms=81092 text=4c7501e634d9bf23 role=child prefix_tokens=14282 suffix_tokens=18 model_ms=3667.1 context_ms=272.4 state_ms=748.55 prefix_ms=0.0 suffix_ms=1682.1 first_token_ms=7710.0 generation_ms=72851.9 generated=64 generation_tps=0.878
AGENT index=20 mig=fafc828a exit=0 wall_ms=55161 text=b3893059e7e79532 role=child prefix_tokens=14282 suffix_tokens=21 model_ms=3851.0 context_ms=387.9 state_ms=746.46 prefix_ms=0.0 suffix_ms=1147.5 first_token_ms=7235.6 generation_ms=47524.6 generated=64 generation_tps=1.347
AGENT index=21 mig=31ffbfe4 exit=0 wall_ms=81567 text=284eef78a2286715 role=child prefix_tokens=14282 suffix_tokens=26 model_ms=3920.5 context_ms=293.5 state_ms=898.96 prefix_ms=0.0 suffix_ms=2271.4 first_token_ms=8657.3 generation_ms=72403.7 generated=64 generation_tps=0.884
AGENT index=22 mig=fafc828a exit=0 wall_ms=55442 text=ad3122b47bf9d41d role=child prefix_tokens=14282 suffix_tokens=27 model_ms=3754.4 context_ms=232.2 state_ms=732.90 prefix_ms=0.0 suffix_ms=1188.8 first_token_ms=7193.6 generation_ms=47778.7 generated=64 generation_tps=1.340
AGENT index=23 mig=31ffbfe4 exit=0 wall_ms=80168 text=f79224e341ba5115 role=child prefix_tokens=14282 suffix_tokens=17 model_ms=3377.5 context_ms=59.3 state_ms=379.78 prefix_ms=0.0 suffix_ms=1555.8 first_token_ms=6655.6 generation_ms=73118.8 generated=64 generation_tps=0.875
AGENT index=24 mig=fafc828a exit=0 wall_ms=54060 text=9834d2c93010cb40 role=child prefix_tokens=14282 suffix_tokens=22 model_ms=3131.7 context_ms=116.8 state_ms=388.19 prefix_ms=0.0 suffix_ms=975.6 first_token_ms=5923.7 generation_ms=47740.6 generated=64 generation_tps=1.341
AGENT index=25 mig=31ffbfe4 exit=0 wall_ms=81521 text=da4c2dca73ac54e0 role=child prefix_tokens=14282 suffix_tokens=23 model_ms=4097.0 context_ms=344.0 state_ms=951.28 prefix_ms=0.0 suffix_ms=2158.0 first_token_ms=8659.4 generation_ms=72337.8 generated=64 generation_tps=0.885
AGENT index=26 mig=fafc828a exit=0 wall_ms=53727 text=07ec2de36a00f7a1 role=child prefix_tokens=14282 suffix_tokens=19 model_ms=3148.8 context_ms=154.6 state_ms=413.91 prefix_ms=0.0 suffix_ms=880.8 first_token_ms=5824.8 generation_ms=47527.9 generated=64 generation_tps=1.347
AGENT index=27 mig=31ffbfe4 exit=0 wall_ms=81030 text=e1e29071a16e2061 role=child prefix_tokens=14282 suffix_tokens=21 model_ms=3617.7 context_ms=338.0 state_ms=735.06 prefix_ms=0.0 suffix_ms=1727.2 first_token_ms=7709.4 generation_ms=72909.8 generated=64 generation_tps=0.878
AGENT index=28 mig=fafc828a exit=0 wall_ms=55911 text=1c65ed1020843e8d role=child prefix_tokens=14282 suffix_tokens=20 model_ms=4144.6 context_ms=228.0 state_ms=700.62 prefix_ms=0.0 suffix_ms=1382.8 first_token_ms=7603.7 generation_ms=47667.6 generated=64 generation_tps=1.343
AGENT index=29 mig=31ffbfe4 exit=0 wall_ms=81024 text=a72f71cd80731afe role=child prefix_tokens=14282 suffix_tokens=22 model_ms=3653.8 context_ms=256.1 state_ms=706.87 prefix_ms=0.0 suffix_ms=1606.0 first_token_ms=7491.7 generation_ms=73014.3 generated=64 generation_tps=0.877
AGENT index=30 mig=fafc828a exit=0 wall_ms=55722 text=317f6f38771a1e41 role=child prefix_tokens=14282 suffix_tokens=20 model_ms=4179.7 context_ms=235.2 state_ms=687.63 prefix_ms=0.0 suffix_ms=1405.1 first_token_ms=7645.0 generation_ms=47576.5 generated=64 generation_tps=1.345
AGENT index=31 mig=31ffbfe4 exit=0 wall_ms=81420 text=1b4036771dcdadef role=child prefix_tokens=14282 suffix_tokens=22 model_ms=3892.8 context_ms=333.0 state_ms=910.67 prefix_ms=0.0 suffix_ms=2103.2 first_token_ms=8513.2 generation_ms=72508.3 generated=64 generation_tps=0.883
MEMORY mem_available_drop_mib=51499 mem_available_before_mib=120132 mem_free_before_mib=46122 pss_anon_mib=7293 pss_file_mib=5201 pss_shmem_mib=1862 device_mib=41056 samples=8
END_CASE failed_agents=0 wall_ms=81827
CASE mode=both agents=1
AGENT index=0 mig=fafc828a exit=0 wall_ms=3979 text=bb92e4befc7eddec role=child prefix_tokens=14282 suffix_tokens=27 model_ms=630.9 context_ms=26.5 state_ms=6.24 prefix_ms=0.0 suffix_ms=113.5 first_token_ms=830.9 generation_ms=2686.1 generated=64 generation_tps=23.826
MEMORY mem_available_drop_mib=793 mem_available_before_mib=120159 mem_free_before_mib=46145 pss_anon_mib=245 pss_file_mib=4558 pss_shmem_mib=839 device_mib=394 samples=1
END_CASE failed_agents=0 wall_ms=4014
CASE mode=both agents=2
AGENT index=0 mig=fafc828a exit=0 wall_ms=4318 text=bb92e4befc7eddec role=child prefix_tokens=14282 suffix_tokens=27 model_ms=716.7 context_ms=31.2 state_ms=6.09 prefix_ms=0.0 suffix_ms=118.7 first_token_ms=963.1 generation_ms=2975.8 generated=64 generation_tps=21.507
AGENT index=1 mig=31ffbfe4 exit=0 wall_ms=5860 text=a8d47b5298abb2fc role=child prefix_tokens=14282 suffix_tokens=22 model_ms=713.9 context_ms=31.5 state_ms=6.18 prefix_ms=0.0 suffix_ms=148.3 first_token_ms=993.1 generation_ms=4428.7 generated=64 generation_tps=14.451
MEMORY mem_available_drop_mib=1485 mem_available_before_mib=120059 mem_free_before_mib=46046 pss_anon_mib=476 pss_file_mib=4580 pss_shmem_mib=897 device_mib=774 samples=1
END_CASE failed_agents=0 wall_ms=5902
CASE mode=both agents=4
AGENT index=0 mig=fafc828a exit=0 wall_ms=7818 text=bb92e4befc7eddec role=child prefix_tokens=14282 suffix_tokens=27 model_ms=859.6 context_ms=33.8 state_ms=6.24 prefix_ms=0.0 suffix_ms=195.1 first_token_ms=1259.4 generation_ms=6132.8 generated=64 generation_tps=10.436
AGENT index=1 mig=31ffbfe4 exit=0 wall_ms=11065 text=a8d47b5298abb2fc role=child prefix_tokens=14282 suffix_tokens=22 model_ms=886.3 context_ms=34.1 state_ms=6.12 prefix_ms=0.0 suffix_ms=277.0 first_token_ms=1344.2 generation_ms=9341.9 generated=64 generation_tps=6.851
AGENT index=2 mig=fafc828a exit=0 wall_ms=7765 text=abfd4eb3fb8ebdd8 role=child prefix_tokens=14282 suffix_tokens=24 model_ms=855.8 context_ms=34.9 state_ms=6.07 prefix_ms=0.0 suffix_ms=187.2 first_token_ms=1248.8 generation_ms=6120.8 generated=64 generation_tps=10.456
AGENT index=3 mig=31ffbfe4 exit=0 wall_ms=11160 text=077e38d3762a4e5d role=child prefix_tokens=14282 suffix_tokens=32 model_ms=868.8 context_ms=29.6 state_ms=5.97 prefix_ms=0.0 suffix_ms=281.9 first_token_ms=1350.3 generation_ms=9343.3 generated=64 generation_tps=6.850
MEMORY mem_available_drop_mib=2815 mem_available_before_mib=119959 mem_free_before_mib=45946 pss_anon_mib=985 pss_file_mib=4622 pss_shmem_mib=1013 device_mib=1548 samples=2
END_CASE failed_agents=0 wall_ms=11219
CASE mode=both agents=8
AGENT index=0 mig=fafc828a exit=0 wall_ms=14851 text=bb92e4befc7eddec role=child prefix_tokens=14282 suffix_tokens=27 model_ms=1132.0 context_ms=52.8 state_ms=6.45 prefix_ms=0.0 suffix_ms=361.9 first_token_ms=1853.3 generation_ms=12350.1 generated=64 generation_tps=5.182
AGENT index=1 mig=31ffbfe4 exit=0 wall_ms=21235 text=a8d47b5298abb2fc role=child prefix_tokens=14282 suffix_tokens=22 model_ms=1121.3 context_ms=52.7 state_ms=6.21 prefix_ms=0.0 suffix_ms=533.9 first_token_ms=2023.6 generation_ms=18819.2 generated=64 generation_tps=3.401
AGENT index=2 mig=fafc828a exit=0 wall_ms=14850 text=abfd4eb3fb8ebdd8 role=child prefix_tokens=14282 suffix_tokens=24 model_ms=1124.2 context_ms=50.5 state_ms=6.38 prefix_ms=0.0 suffix_ms=330.2 first_token_ms=1819.0 generation_ms=12340.5 generated=64 generation_tps=5.186
AGENT index=3 mig=31ffbfe4 exit=0 wall_ms=21258 text=077e38d3762a4e5d role=child prefix_tokens=14282 suffix_tokens=32 model_ms=1142.8 context_ms=38.5 state_ms=6.27 prefix_ms=0.0 suffix_ms=547.0 first_token_ms=2046.5 generation_ms=18815.0 generated=64 generation_tps=3.402
AGENT index=4 mig=fafc828a exit=0 wall_ms=14848 text=16f8c0610a09645d role=child prefix_tokens=14282 suffix_tokens=23 model_ms=1149.6 context_ms=34.6 state_ms=6.15 prefix_ms=0.0 suffix_ms=333.4 first_token_ms=1830.5 generation_ms=12360.6 generated=64 generation_tps=5.178
AGENT index=5 mig=31ffbfe4 exit=0 wall_ms=21306 text=ff4188d71e02bfdb role=child prefix_tokens=14282 suffix_tokens=26 model_ms=1111.2 context_ms=52.4 state_ms=6.21 prefix_ms=0.0 suffix_ms=540.8 first_token_ms=2025.0 generation_ms=18838.2 generated=64 generation_tps=3.397
AGENT index=6 mig=fafc828a exit=0 wall_ms=14846 text=f88f503d1005fa22 role=child prefix_tokens=14282 suffix_tokens=21 model_ms=1126.9 context_ms=53.8 state_ms=6.08 prefix_ms=0.0 suffix_ms=331.2 first_token_ms=1810.6 generation_ms=12348.8 generated=64 generation_tps=5.183
AGENT index=7 mig=31ffbfe4 exit=0 wall_ms=21125 text=f9c832b7cad1a509 role=child prefix_tokens=14282 suffix_tokens=31 model_ms=1106.0 context_ms=40.4 state_ms=5.95 prefix_ms=0.0 suffix_ms=492.0 first_token_ms=1961.1 generation_ms=18809.0 generated=64 generation_tps=3.403
MEMORY mem_available_drop_mib=5730 mem_available_before_mib=120000 mem_free_before_mib=45987 pss_anon_mib=1952 pss_file_mib=4705 pss_shmem_mib=1246 device_mib=3096 samples=4
END_CASE failed_agents=0 wall_ms=21388
CASE mode=both agents=12
AGENT index=0 mig=fafc828a exit=0 wall_ms=21475 text=bb92e4befc7eddec role=child prefix_tokens=14282 suffix_tokens=27 model_ms=1450.9 context_ms=33.2 state_ms=6.16 prefix_ms=0.0 suffix_ms=676.2 first_token_ms=2611.8 generation_ms=18400.1 generated=64 generation_tps=3.478
AGENT index=1 mig=31ffbfe4 exit=0 wall_ms=28058 text=a8d47b5298abb2fc role=child prefix_tokens=14282 suffix_tokens=22 model_ms=966.6 context_ms=42.2 state_ms=6.12 prefix_ms=0.0 suffix_ms=154.1 first_token_ms=1507.9 generation_ms=26158.3 generated=64 generation_tps=2.447
AGENT index=2 mig=fafc828a exit=0 wall_ms=21194 text=abfd4eb3fb8ebdd8 role=child prefix_tokens=14282 suffix_tokens=24 model_ms=1379.8 context_ms=29.6 state_ms=6.96 prefix_ms=0.0 suffix_ms=343.7 first_token_ms=2197.7 generation_ms=18588.0 generated=64 generation_tps=3.443
AGENT index=3 mig=31ffbfe4 exit=0 wall_ms=30658 text=077e38d3762a4e5d role=child prefix_tokens=14282 suffix_tokens=32 model_ms=1336.2 context_ms=33.3 state_ms=6.45 prefix_ms=0.0 suffix_ms=683.8 first_token_ms=2520.1 generation_ms=27772.5 generated=64 generation_tps=2.304
AGENT index=4 mig=fafc828a exit=0 wall_ms=21441 text=16f8c0610a09645d role=child prefix_tokens=14282 suffix_tokens=23 model_ms=1433.2 context_ms=32.0 state_ms=6.31 prefix_ms=0.0 suffix_ms=520.1 first_token_ms=2448.9 generation_ms=18519.8 generated=64 generation_tps=3.456
AGENT index=5 mig=31ffbfe4 exit=0 wall_ms=30899 text=ff4188d71e02bfdb role=child prefix_tokens=14282 suffix_tokens=26 model_ms=1428.9 context_ms=35.8 state_ms=6.71 prefix_ms=0.0 suffix_ms=848.1 first_token_ms=2759.6 generation_ms=27710.8 generated=64 generation_tps=2.310
AGENT index=6 mig=fafc828a exit=0 wall_ms=21358 text=f88f503d1005fa22 role=child prefix_tokens=14282 suffix_tokens=21 model_ms=1400.9 context_ms=43.8 state_ms=6.49 prefix_ms=0.0 suffix_ms=492.6 first_token_ms=2387.0 generation_ms=18544.5 generated=64 generation_tps=3.451
AGENT index=7 mig=31ffbfe4 exit=0 wall_ms=30868 text=f9c832b7cad1a509 role=child prefix_tokens=14282 suffix_tokens=31 model_ms=1403.5 context_ms=36.1 state_ms=6.23 prefix_ms=0.0 suffix_ms=832.3 first_token_ms=2734.4 generation_ms=27730.7 generated=64 generation_tps=2.308
AGENT index=8 mig=fafc828a exit=0 wall_ms=21060 text=ae3f57b141780268 role=child prefix_tokens=14282 suffix_tokens=18 model_ms=1340.8 context_ms=33.4 state_ms=6.46 prefix_ms=0.0 suffix_ms=192.8 first_token_ms=2023.1 generation_ms=18624.4 generated=64 generation_tps=3.436
AGENT index=9 mig=31ffbfe4 exit=0 wall_ms=30941 text=a2d016def74ecc62 role=child prefix_tokens=14282 suffix_tokens=18 model_ms=1395.7 context_ms=36.2 state_ms=6.15 prefix_ms=0.0 suffix_ms=782.8 first_token_ms=2667.9 generation_ms=27803.4 generated=64 generation_tps=2.302
AGENT index=10 mig=fafc828a exit=0 wall_ms=21379 text=a733f3a39259263c role=child prefix_tokens=14282 suffix_tokens=18 model_ms=1400.9 context_ms=38.5 state_ms=6.03 prefix_ms=0.0 suffix_ms=503.0 first_token_ms=2406.3 generation_ms=18523.3 generated=64 generation_tps=3.455
AGENT index=11 mig=31ffbfe4 exit=0 wall_ms=30963 text=087278665f3dec68 role=child prefix_tokens=14282 suffix_tokens=22 model_ms=1460.3 context_ms=27.5 state_ms=6.52 prefix_ms=0.0 suffix_ms=872.3 first_token_ms=2825.2 generation_ms=27654.3 generated=64 generation_tps=2.314
MEMORY mem_available_drop_mib=8643 mem_available_before_mib=120096 mem_free_before_mib=46083 pss_anon_mib=2952 pss_file_mib=4788 pss_shmem_mib=1479 device_mib=4644 samples=5
END_CASE failed_agents=0 wall_ms=31075
CASE mode=both agents=16
AGENT index=0 mig=fafc828a exit=0 wall_ms=27810 text=bb92e4befc7eddec role=child prefix_tokens=14282 suffix_tokens=27 model_ms=1698.1 context_ms=37.2 state_ms=6.54 prefix_ms=0.0 suffix_ms=249.1 first_token_ms=2574.5 generation_ms=24822.0 generated=64 generation_tps=2.578
AGENT index=1 mig=31ffbfe4 exit=0 wall_ms=39213 text=a8d47b5298abb2fc role=child prefix_tokens=14282 suffix_tokens=22 model_ms=1633.1 context_ms=35.4 state_ms=9.78 prefix_ms=0.0 suffix_ms=171.7 first_token_ms=2250.0 generation_ms=36592.9 generated=64 generation_tps=1.749
AGENT index=2 mig=fafc828a exit=0 wall_ms=28349 text=abfd4eb3fb8ebdd8 role=child prefix_tokens=14282 suffix_tokens=24 model_ms=1852.3 context_ms=33.0 state_ms=6.43 prefix_ms=0.0 suffix_ms=716.6 first_token_ms=3207.2 generation_ms=24656.8 generated=64 generation_tps=2.596
AGENT index=3 mig=31ffbfe4 exit=0 wall_ms=41142 text=077e38d3762a4e5d role=child prefix_tokens=14282 suffix_tokens=32 model_ms=1782.9 context_ms=33.9 state_ms=6.03 prefix_ms=0.0 suffix_ms=873.8 first_token_ms=3214.7 generation_ms=37498.8 generated=64 generation_tps=1.707
AGENT index=4 mig=fafc828a exit=0 wall_ms=28245 text=16f8c0610a09645d role=child prefix_tokens=14282 suffix_tokens=23 model_ms=1792.8 context_ms=38.0 state_ms=6.37 prefix_ms=0.0 suffix_ms=497.7 first_token_ms=2923.6 generation_ms=24787.1 generated=64 generation_tps=2.582
AGENT index=5 mig=31ffbfe4 exit=0 wall_ms=41388 text=ff4188d71e02bfdb role=child prefix_tokens=14282 suffix_tokens=26 model_ms=1928.6 context_ms=27.2 state_ms=6.16 prefix_ms=0.0 suffix_ms=1150.6 first_token_ms=3729.2 generation_ms=37234.9 generated=64 generation_tps=1.719
AGENT index=6 mig=fafc828a exit=0 wall_ms=27876 text=f88f503d1005fa22 role=child prefix_tokens=14282 suffix_tokens=21 model_ms=1691.2 context_ms=36.6 state_ms=6.29 prefix_ms=0.0 suffix_ms=264.3 first_token_ms=2586.6 generation_ms=24853.4 generated=64 generation_tps=2.575
AGENT index=7 mig=31ffbfe4 exit=0 wall_ms=41083 text=f9c832b7cad1a509 role=child prefix_tokens=14282 suffix_tokens=31 model_ms=1664.5 context_ms=45.2 state_ms=6.57 prefix_ms=0.0 suffix_ms=721.1 first_token_ms=3035.2 generation_ms=37628.1 generated=64 generation_tps=1.701
AGENT index=8 mig=fafc828a exit=0 wall_ms=28211 text=ae3f57b141780268 role=child prefix_tokens=14282 suffix_tokens=18 model_ms=1760.5 context_ms=44.5 state_ms=6.57 prefix_ms=0.0 suffix_ms=481.5 first_token_ms=2886.0 generation_ms=24843.7 generated=64 generation_tps=2.576
AGENT index=9 mig=31ffbfe4 exit=0 wall_ms=41157 text=a2d016def74ecc62 role=child prefix_tokens=14282 suffix_tokens=18 model_ms=1771.9 context_ms=37.1 state_ms=6.33 prefix_ms=0.0 suffix_ms=924.9 first_token_ms=3322.4 generation_ms=37483.4 generated=64 generation_tps=1.707
AGENT index=10 mig=fafc828a exit=0 wall_ms=28361 text=a733f3a39259263c role=child prefix_tokens=14282 suffix_tokens=18 model_ms=1985.1 context_ms=28.6 state_ms=6.36 prefix_ms=0.0 suffix_ms=691.1 first_token_ms=3329.2 generation_ms=24574.7 generated=64 generation_tps=2.604
AGENT index=11 mig=31ffbfe4 exit=0 wall_ms=41326 text=087278665f3dec68 role=child prefix_tokens=14282 suffix_tokens=22 model_ms=1786.1 context_ms=33.2 state_ms=6.21 prefix_ms=0.0 suffix_ms=1064.3 first_token_ms=3533.0 generation_ms=37393.6 generated=64 generation_tps=1.712
AGENT index=12 mig=fafc828a exit=0 wall_ms=28151 text=2c93819fe85df763 role=child prefix_tokens=14282 suffix_tokens=21 model_ms=1728.1 context_ms=39.9 state_ms=6.02 prefix_ms=0.0 suffix_ms=489.5 first_token_ms=2872.4 generation_ms=24844.1 generated=64 generation_tps=2.576
AGENT index=13 mig=31ffbfe4 exit=0 wall_ms=41295 text=5d483815f91685a6 role=child prefix_tokens=14282 suffix_tokens=31 model_ms=1740.0 context_ms=55.1 state_ms=6.11 prefix_ms=0.0 suffix_ms=1040.0 first_token_ms=3426.0 generation_ms=37441.3 generated=64 generation_tps=1.709
AGENT index=14 mig=fafc828a exit=0 wall_ms=28400 text=3f33f20708943e2f role=child prefix_tokens=14282 suffix_tokens=21 model_ms=2060.3 context_ms=30.6 state_ms=6.24 prefix_ms=0.0 suffix_ms=720.5 first_token_ms=3364.7 generation_ms=24533.1 generated=64 generation_tps=2.609
AGENT index=15 mig=31ffbfe4 exit=0 wall_ms=41461 text=0502c45076359254 role=child prefix_tokens=14282 suffix_tokens=26 model_ms=1998.9 context_ms=33.4 state_ms=6.16 prefix_ms=0.0 suffix_ms=1190.7 first_token_ms=3834.3 generation_ms=37135.6 generated=64 generation_tps=1.723
MEMORY mem_available_drop_mib=11545 mem_available_before_mib=120126 mem_free_before_mib=46112 pss_anon_mib=3939 pss_file_mib=4970 pss_shmem_mib=1755 device_mib=6192 samples=7
END_CASE failed_agents=0 wall_ms=41611
CASE mode=both agents=32
AGENT index=0 mig=fafc828a exit=0 wall_ms=56396 text=bb92e4befc7eddec role=child prefix_tokens=14282 suffix_tokens=27 model_ms=3875.2 context_ms=39.3 state_ms=6.41 prefix_ms=0.0 suffix_ms=1584.4 first_token_ms=6880.4 generation_ms=48948.1 generated=64 generation_tps=1.308
AGENT index=1 mig=31ffbfe4 exit=0 wall_ms=76753 text=a8d47b5298abb2fc role=child prefix_tokens=14282 suffix_tokens=22 model_ms=2745.1 context_ms=87.6 state_ms=9.92 prefix_ms=0.0 suffix_ms=502.2 first_token_ms=4166.0 generation_ms=72199.1 generated=64 generation_tps=0.886
AGENT index=2 mig=fafc828a exit=0 wall_ms=53714 text=abfd4eb3fb8ebdd8 role=child prefix_tokens=14282 suffix_tokens=24 model_ms=3179.5 context_ms=59.3 state_ms=14.32 prefix_ms=0.0 suffix_ms=240.7 first_token_ms=4684.9 generation_ms=48620.4 generated=64 generation_tps=1.316
AGENT index=3 mig=31ffbfe4 exit=0 wall_ms=81895 text=077e38d3762a4e5d role=child prefix_tokens=14282 suffix_tokens=32 model_ms=3868.1 context_ms=41.4 state_ms=6.46 prefix_ms=0.0 suffix_ms=2111.8 first_token_ms=7230.3 generation_ms=74251.3 generated=64 generation_tps=0.862
AGENT index=4 mig=fafc828a exit=0 wall_ms=56058 text=16f8c0610a09645d role=child prefix_tokens=14282 suffix_tokens=23 model_ms=3600.7 context_ms=37.2 state_ms=8.20 prefix_ms=0.0 suffix_ms=1132.0 first_token_ms=6077.8 generation_ms=49487.4 generated=64 generation_tps=1.293
AGENT index=5 mig=31ffbfe4 exit=0 wall_ms=73426 text=ff4188d71e02bfdb role=child prefix_tokens=14282 suffix_tokens=26 model_ms=2070.7 context_ms=175.3 state_ms=15.95 prefix_ms=0.0 suffix_ms=364.3 first_token_ms=3785.5 generation_ms=69256.7 generated=64 generation_tps=0.924
AGENT index=6 mig=fafc828a exit=0 wall_ms=55416 text=f88f503d1005fa22 role=child prefix_tokens=14282 suffix_tokens=21 model_ms=3463.9 context_ms=74.9 state_ms=10.31 prefix_ms=0.0 suffix_ms=679.2 first_token_ms=5395.9 generation_ms=49637.1 generated=64 generation_tps=1.289
AGENT index=7 mig=31ffbfe4 exit=0 wall_ms=81685 text=f9c832b7cad1a509 role=child prefix_tokens=14282 suffix_tokens=31 model_ms=3778.6 context_ms=50.2 state_ms=12.34 prefix_ms=0.0 suffix_ms=2023.0 first_token_ms=7042.0 generation_ms=74263.2 generated=64 generation_tps=0.862
AGENT index=8 mig=fafc828a exit=0 wall_ms=54693 text=ae3f57b141780268 role=child prefix_tokens=14282 suffix_tokens=18 model_ms=3305.8 context_ms=67.7 state_ms=9.52 prefix_ms=0.0 suffix_ms=370.9 first_token_ms=4918.4 generation_ms=49361.6 generated=64 generation_tps=1.297
AGENT index=9 mig=31ffbfe4 exit=0 wall_ms=81782 text=a2d016def74ecc62 role=child prefix_tokens=14282 suffix_tokens=18 model_ms=3796.8 context_ms=45.5 state_ms=6.75 prefix_ms=0.0 suffix_ms=2025.2 first_token_ms=7105.1 generation_ms=74300.2 generated=64 generation_tps=0.861
AGENT index=10 mig=fafc828a exit=0 wall_ms=56274 text=a733f3a39259263c role=child prefix_tokens=14282 suffix_tokens=18 model_ms=3967.9 context_ms=39.6 state_ms=6.46 prefix_ms=0.0 suffix_ms=1374.0 first_token_ms=6516.4 generation_ms=49094.7 generated=64 generation_tps=1.304
AGENT index=11 mig=31ffbfe4 exit=0 wall_ms=82133 text=087278665f3dec68 role=child prefix_tokens=14282 suffix_tokens=22 model_ms=3935.1 context_ms=33.6 state_ms=6.51 prefix_ms=0.0 suffix_ms=2222.5 first_token_ms=7487.6 generation_ms=74079.7 generated=64 generation_tps=0.864
AGENT index=12 mig=fafc828a exit=0 wall_ms=55911 text=2c93819fe85df763 role=child prefix_tokens=14282 suffix_tokens=21 model_ms=3629.6 context_ms=83.6 state_ms=10.44 prefix_ms=0.0 suffix_ms=1009.4 first_token_ms=5862.6 generation_ms=49559.3 generated=64 generation_tps=1.291
AGENT index=13 mig=31ffbfe4 exit=0 wall_ms=79371 text=5d483815f91685a6 role=child prefix_tokens=14282 suffix_tokens=31 model_ms=2928.9 context_ms=61.3 state_ms=10.14 prefix_ms=0.0 suffix_ms=564.5 first_token_ms=4720.3 generation_ms=74246.0 generated=64 generation_tps=0.862
AGENT index=14 mig=fafc828a exit=0 wall_ms=56186 text=3f33f20708943e2f role=child prefix_tokens=14282 suffix_tokens=21 model_ms=3578.3 context_ms=72.2 state_ms=14.30 prefix_ms=0.0 suffix_ms=1356.5 first_token_ms=6375.9 generation_ms=49302.7 generated=64 generation_tps=1.298
AGENT index=15 mig=31ffbfe4 exit=0 wall_ms=82096 text=0502c45076359254 role=child prefix_tokens=14282 suffix_tokens=26 model_ms=3808.1 context_ms=32.7 state_ms=6.30 prefix_ms=0.0 suffix_ms=2271.3 first_token_ms=7466.3 generation_ms=74068.7 generated=64 generation_tps=0.864
AGENT index=16 mig=fafc828a exit=0 wall_ms=55979 text=0ebc8757605c5571 role=child prefix_tokens=14282 suffix_tokens=25 model_ms=3587.0 context_ms=71.6 state_ms=6.30 prefix_ms=0.0 suffix_ms=1130.6 first_token_ms=5935.3 generation_ms=49523.6 generated=64 generation_tps=1.292
AGENT index=17 mig=31ffbfe4 exit=0 wall_ms=81037 text=5d7dbcf0a7eca76c role=child prefix_tokens=14282 suffix_tokens=22 model_ms=3202.9 context_ms=73.0 state_ms=18.51 prefix_ms=0.0 suffix_ms=1177.8 first_token_ms=5809.4 generation_ms=74855.4 generated=64 generation_tps=0.855
AGENT index=18 mig=fafc828a exit=0 wall_ms=55681 text=cb99e4b1c2fd84d5 role=child prefix_tokens=14282 suffix_tokens=21 model_ms=3397.1 context_ms=43.7 state_ms=6.43 prefix_ms=0.0 suffix_ms=928.6 first_token_ms=5649.2 generation_ms=49581.0 generated=64 generation_tps=1.291
AGENT index=19 mig=31ffbfe4 exit=0 wall_ms=82132 text=4c7501e634d9bf23 role=child prefix_tokens=14282 suffix_tokens=18 model_ms=4077.3 context_ms=28.5 state_ms=6.28 prefix_ms=0.0 suffix_ms=2247.9 first_token_ms=7537.2 generation_ms=74011.0 generated=64 generation_tps=0.865
AGENT index=20 mig=fafc828a exit=0 wall_ms=56193 text=b3893059e7e79532 role=child prefix_tokens=14282 suffix_tokens=21 model_ms=3934.4 context_ms=33.8 state_ms=6.39 prefix_ms=0.0 suffix_ms=1388.5 first_token_ms=6531.1 generation_ms=49177.5 generated=64 generation_tps=1.301
AGENT index=21 mig=31ffbfe4 exit=0 wall_ms=81950 text=284eef78a2286715 role=child prefix_tokens=14282 suffix_tokens=26 model_ms=3824.9 context_ms=41.1 state_ms=6.35 prefix_ms=0.0 suffix_ms=2131.4 first_token_ms=7186.9 generation_ms=74250.9 generated=64 generation_tps=0.862
AGENT index=22 mig=fafc828a exit=0 wall_ms=52926 text=ad3122b47bf9d41d role=child prefix_tokens=14282 suffix_tokens=27 model_ms=3015.7 context_ms=67.5 state_ms=15.36 prefix_ms=0.0 suffix_ms=168.2 first_token_ms=4443.3 generation_ms=47079.3 generated=64 generation_tps=1.359
AGENT index=23 mig=31ffbfe4 exit=0 wall_ms=80191 text=f79224e341ba5115 role=child prefix_tokens=14282 suffix_tokens=17 model_ms=2936.6 context_ms=33.6 state_ms=7.21 prefix_ms=0.0 suffix_ms=693.9 first_token_ms=5025.1 generation_ms=74782.8 generated=64 generation_tps=0.856
AGENT index=24 mig=fafc828a exit=0 wall_ms=56389 text=9834d2c93010cb40 role=child prefix_tokens=14282 suffix_tokens=22 model_ms=3741.9 context_ms=30.7 state_ms=6.24 prefix_ms=0.0 suffix_ms=1396.1 first_token_ms=6539.4 generation_ms=49200.8 generated=64 generation_tps=1.301
AGENT index=25 mig=31ffbfe4 exit=0 wall_ms=81062 text=da4c2dca73ac54e0 role=child prefix_tokens=14282 suffix_tokens=23 model_ms=3356.2 context_ms=35.7 state_ms=7.29 prefix_ms=0.0 suffix_ms=1339.2 first_token_ms=6000.8 generation_ms=74637.3 generated=64 generation_tps=0.857
AGENT index=26 mig=fafc828a exit=0 wall_ms=56101 text=07ec2de36a00f7a1 role=child prefix_tokens=14282 suffix_tokens=19 model_ms=3606.6 context_ms=45.4 state_ms=6.78 prefix_ms=0.0 suffix_ms=1323.3 first_token_ms=6320.8 generation_ms=49328.2 generated=64 generation_tps=1.297
AGENT index=27 mig=31ffbfe4 exit=0 wall_ms=81885 text=e1e29071a16e2061 role=child prefix_tokens=14282 suffix_tokens=21 model_ms=3860.4 context_ms=36.3 state_ms=6.44 prefix_ms=0.0 suffix_ms=2218.2 first_token_ms=7411.2 generation_ms=74001.6 generated=64 generation_tps=0.865
AGENT index=28 mig=fafc828a exit=0 wall_ms=56276 text=1c65ed1020843e8d role=child prefix_tokens=14282 suffix_tokens=20 model_ms=4048.9 context_ms=35.9 state_ms=6.57 prefix_ms=0.0 suffix_ms=1419.4 first_token_ms=6646.0 generation_ms=49059.1 generated=64 generation_tps=1.305
AGENT index=29 mig=31ffbfe4 exit=0 wall_ms=81979 text=a72f71cd80731afe role=child prefix_tokens=14282 suffix_tokens=22 model_ms=3718.8 context_ms=32.6 state_ms=8.02 prefix_ms=0.0 suffix_ms=2137.2 first_token_ms=7239.2 generation_ms=74208.7 generated=64 generation_tps=0.862
AGENT index=30 mig=fafc828a exit=0 wall_ms=55883 text=317f6f38771a1e41 role=child prefix_tokens=14282 suffix_tokens=20 model_ms=3504.5 context_ms=61.6 state_ms=10.48 prefix_ms=0.0 suffix_ms=1046.7 first_token_ms=5870.2 generation_ms=49553.4 generated=64 generation_tps=1.292
AGENT index=31 mig=31ffbfe4 exit=0 wall_ms=82047 text=1b4036771dcdadef role=child prefix_tokens=14282 suffix_tokens=22 model_ms=3793.2 context_ms=34.6 state_ms=6.42 prefix_ms=0.0 suffix_ms=2188.2 first_token_ms=7366.9 generation_ms=74131.5 generated=64 generation_tps=0.863
MEMORY mem_available_drop_mib=22886 mem_available_before_mib=120132 mem_free_before_mib=46118 pss_anon_mib=7827 pss_file_mib=5201 pss_shmem_mib=2643 device_mib=12384 samples=13
END_CASE failed_agents=0 wall_ms=82381
CASE mode=both agents=64
AGENT index=0 mig=fafc828a exit=0 wall_ms=110940 text=bb92e4befc7eddec role=child prefix_tokens=14282 suffix_tokens=27 model_ms=8094.5 context_ms=239.5 state_ms=26.48 prefix_ms=0.0 suffix_ms=3061.0 first_token_ms=13782.0 generation_ms=96608.3 generated=64 generation_tps=0.662
AGENT index=1 mig=31ffbfe4 exit=0 wall_ms=144683 text=a8d47b5298abb2fc role=child prefix_tokens=14282 suffix_tokens=22 model_ms=4338.4 context_ms=812.1 state_ms=15.76 prefix_ms=0.0 suffix_ms=982.2 first_token_ms=7970.4 generation_ms=136341.4 generated=64 generation_tps=0.469
AGENT index=2 mig=fafc828a exit=0 wall_ms=111455 text=abfd4eb3fb8ebdd8 role=child prefix_tokens=14282 suffix_tokens=24 model_ms=8655.2 context_ms=135.8 state_ms=7.41 prefix_ms=0.0 suffix_ms=2858.9 first_token_ms=14064.6 generation_ms=96428.6 generated=64 generation_tps=0.664
AGENT index=3 mig=31ffbfe4 exit=0 wall_ms=164103 text=077e38d3762a4e5d role=child prefix_tokens=14282 suffix_tokens=32 model_ms=8748.9 context_ms=118.4 state_ms=6.05 prefix_ms=0.0 suffix_ms=4492.8 first_token_ms=15670.2 generation_ms=147666.2 generated=64 generation_tps=0.433
AGENT index=4 mig=fafc828a exit=0 wall_ms=108087 text=16f8c0610a09645d role=child prefix_tokens=14282 suffix_tokens=23 model_ms=7056.2 context_ms=122.3 state_ms=20.35 prefix_ms=0.0 suffix_ms=1036.7 first_token_ms=10531.3 generation_ms=97116.0 generated=64 generation_tps=0.659
AGENT index=5 mig=31ffbfe4 exit=0 wall_ms=144446 text=ff4188d71e02bfdb role=child prefix_tokens=14282 suffix_tokens=26 model_ms=3792.9 context_ms=725.4 state_ms=15.53 prefix_ms=0.0 suffix_ms=1069.5 first_token_ms=7962.0 generation_ms=136102.5 generated=64 generation_tps=0.470
AGENT index=6 mig=fafc828a exit=0 wall_ms=81206 text=f88f503d1005fa22 role=child prefix_tokens=14282 suffix_tokens=21 model_ms=3632.4 context_ms=757.7 state_ms=15.28 prefix_ms=0.0 suffix_ms=871.2 first_token_ms=7586.3 generation_ms=69726.5 generated=64 generation_tps=0.918
AGENT index=7 mig=31ffbfe4 exit=0 wall_ms=163217 text=f9c832b7cad1a509 role=child prefix_tokens=14282 suffix_tokens=31 model_ms=8544.3 context_ms=121.9 state_ms=12.40 prefix_ms=0.0 suffix_ms=4479.2 first_token_ms=15648.1 generation_ms=147169.6 generated=64 generation_tps=0.435
AGENT index=8 mig=fafc828a exit=0 wall_ms=111471 text=ae3f57b141780268 role=child prefix_tokens=14282 suffix_tokens=18 model_ms=8640.1 context_ms=155.4 state_ms=7.04 prefix_ms=0.0 suffix_ms=2878.9 first_token_ms=14065.5 generation_ms=96527.3 generated=64 generation_tps=0.663
AGENT index=9 mig=31ffbfe4 exit=0 wall_ms=144490 text=a2d016def74ecc62 role=child prefix_tokens=14282 suffix_tokens=18 model_ms=4826.3 context_ms=779.4 state_ms=15.39 prefix_ms=0.0 suffix_ms=888.9 first_token_ms=7977.8 generation_ms=136130.9 generated=64 generation_tps=0.470
AGENT index=10 mig=fafc828a exit=0 wall_ms=104524 text=a733f3a39259263c role=child prefix_tokens=14282 suffix_tokens=18 model_ms=6185.4 context_ms=354.8 state_ms=17.89 prefix_ms=0.0 suffix_ms=630.1 first_token_ms=9469.6 generation_ms=94622.5 generated=64 generation_tps=0.676
AGENT index=11 mig=31ffbfe4 exit=0 wall_ms=163885 text=087278665f3dec68 role=child prefix_tokens=14282 suffix_tokens=22 model_ms=8101.3 context_ms=171.3 state_ms=22.65 prefix_ms=0.0 suffix_ms=4185.0 first_token_ms=15197.9 generation_ms=148052.8 generated=64 generation_tps=0.432
AGENT index=12 mig=fafc828a exit=0 wall_ms=109216 text=2c93819fe85df763 role=child prefix_tokens=14282 suffix_tokens=21 model_ms=7582.4 context_ms=86.5 state_ms=12.00 prefix_ms=0.0 suffix_ms=1394.8 first_token_ms=11335.1 generation_ms=97408.5 generated=64 generation_tps=0.657
AGENT index=13 mig=31ffbfe4 exit=0 wall_ms=164347 text=5d483815f91685a6 role=child prefix_tokens=14282 suffix_tokens=31 model_ms=8358.5 context_ms=168.7 state_ms=7.57 prefix_ms=0.0 suffix_ms=4570.5 first_token_ms=15698.9 generation_ms=147785.4 generated=64 generation_tps=0.433
AGENT index=14 mig=fafc828a exit=0 wall_ms=108012 text=3f33f20708943e2f role=child prefix_tokens=14282 suffix_tokens=21 model_ms=6564.0 context_ms=112.0 state_ms=18.09 prefix_ms=0.0 suffix_ms=936.8 first_token_ms=10365.8 generation_ms=97124.7 generated=64 generation_tps=0.659
AGENT index=15 mig=31ffbfe4 exit=0 wall_ms=163798 text=0502c45076359254 role=child prefix_tokens=14282 suffix_tokens=26 model_ms=8383.9 context_ms=168.3 state_ms=6.45 prefix_ms=0.0 suffix_ms=4277.7 first_token_ms=15247.7 generation_ms=148029.8 generated=64 generation_tps=0.432
AGENT index=16 mig=fafc828a exit=0 wall_ms=110340 text=0ebc8757605c5571 role=child prefix_tokens=14282 suffix_tokens=25 model_ms=7814.5 context_ms=140.7 state_ms=14.45 prefix_ms=0.0 suffix_ms=2524.7 first_token_ms=12775.1 generation_ms=97121.2 generated=64 generation_tps=0.659
AGENT index=17 mig=31ffbfe4 exit=0 wall_ms=162405 text=5d7dbcf0a7eca76c role=child prefix_tokens=14282 suffix_tokens=22 model_ms=7692.1 context_ms=149.8 state_ms=19.19 prefix_ms=0.0 suffix_ms=3127.8 first_token_ms=13603.2 generation_ms=148441.0 generated=64 generation_tps=0.431
AGENT index=18 mig=fafc828a exit=0 wall_ms=105505 text=cb99e4b1c2fd84d5 role=child prefix_tokens=14282 suffix_tokens=21 model_ms=6245.5 context_ms=223.2 state_ms=26.43 prefix_ms=0.0 suffix_ms=560.0 first_token_ms=9609.7 generation_ms=95488.4 generated=64 generation_tps=0.670
AGENT index=19 mig=31ffbfe4 exit=0 wall_ms=163747 text=4c7501e634d9bf23 role=child prefix_tokens=14282 suffix_tokens=18 model_ms=8191.9 context_ms=220.0 state_ms=8.57 prefix_ms=0.0 suffix_ms=4305.5 first_token_ms=15165.1 generation_ms=148015.9 generated=64 generation_tps=0.432
AGENT index=20 mig=fafc828a exit=0 wall_ms=84637 text=b3893059e7e79532 role=child prefix_tokens=14282 suffix_tokens=21 model_ms=4699.6 context_ms=203.1 state_ms=15.50 prefix_ms=0.0 suffix_ms=419.3 first_token_ms=7864.9 generation_ms=76373.2 generated=64 generation_tps=0.838
AGENT index=21 mig=31ffbfe4 exit=0 wall_ms=163508 text=284eef78a2286715 role=child prefix_tokens=14282 suffix_tokens=26 model_ms=7958.2 context_ms=177.1 state_ms=16.31 prefix_ms=0.0 suffix_ms=4198.2 first_token_ms=14843.9 generation_ms=148179.1 generated=64 generation_tps=0.432
AGENT index=22 mig=fafc828a exit=0 wall_ms=110953 text=ad3122b47bf9d41d role=child prefix_tokens=14282 suffix_tokens=27 model_ms=7619.3 context_ms=105.2 state_ms=14.24 prefix_ms=0.0 suffix_ms=2741.2 first_token_ms=13120.8 generation_ms=97205.2 generated=64 generation_tps=0.658
AGENT index=23 mig=31ffbfe4 exit=0 wall_ms=164173 text=f79224e341ba5115 role=child prefix_tokens=14282 suffix_tokens=17 model_ms=8640.6 context_ms=132.2 state_ms=7.00 prefix_ms=0.0 suffix_ms=4403.7 first_token_ms=15524.2 generation_ms=147814.1 generated=64 generation_tps=0.433
AGENT index=24 mig=fafc828a exit=0 wall_ms=111001 text=9834d2c93010cb40 role=child prefix_tokens=14282 suffix_tokens=22 model_ms=8609.1 context_ms=99.2 state_ms=6.43 prefix_ms=0.0 suffix_ms=2721.8 first_token_ms=13721.3 generation_ms=96638.1 generated=64 generation_tps=0.662
AGENT index=25 mig=31ffbfe4 exit=0 wall_ms=164486 text=da4c2dca73ac54e0 role=child prefix_tokens=14282 suffix_tokens=23 model_ms=8217.9 context_ms=175.7 state_ms=6.64 prefix_ms=0.0 suffix_ms=4383.3 first_token_ms=15481.5 generation_ms=147920.3 generated=64 generation_tps=0.433
AGENT index=26 mig=fafc828a exit=0 wall_ms=107940 text=07ec2de36a00f7a1 role=child prefix_tokens=14282 suffix_tokens=19 model_ms=6733.4 context_ms=157.9 state_ms=38.55 prefix_ms=0.0 suffix_ms=1153.4 first_token_ms=10610.3 generation_ms=96876.9 generated=64 generation_tps=0.661
AGENT index=27 mig=31ffbfe4 exit=0 wall_ms=164373 text=e1e29071a16e2061 role=child prefix_tokens=14282 suffix_tokens=21 model_ms=8431.1 context_ms=222.3 state_ms=7.46 prefix_ms=0.0 suffix_ms=4405.1 first_token_ms=15497.5 generation_ms=147761.8 generated=64 generation_tps=0.433
AGENT index=28 mig=fafc828a exit=0 wall_ms=110905 text=1c65ed1020843e8d role=child prefix_tokens=14282 suffix_tokens=20 model_ms=7902.5 context_ms=135.7 state_ms=15.65 prefix_ms=0.0 suffix_ms=2687.3 first_token_ms=13428.1 generation_ms=96885.9 generated=64 generation_tps=0.661
AGENT index=29 mig=31ffbfe4 exit=0 wall_ms=161989 text=a72f71cd80731afe role=child prefix_tokens=14282 suffix_tokens=22 model_ms=7408.3 context_ms=152.2 state_ms=14.29 prefix_ms=0.0 suffix_ms=2518.9 first_token_ms=12679.8 generation_ms=148935.0 generated=64 generation_tps=0.430
AGENT index=30 mig=fafc828a exit=0 wall_ms=108493 text=317f6f38771a1e41 role=child prefix_tokens=14282 suffix_tokens=20 model_ms=6740.0 context_ms=139.1 state_ms=20.32 prefix_ms=0.0 suffix_ms=1036.1 first_token_ms=10628.4 generation_ms=97475.8 generated=64 generation_tps=0.657
AGENT index=31 mig=31ffbfe4 exit=0 wall_ms=164253 text=1b4036771dcdadef role=child prefix_tokens=14282 suffix_tokens=22 model_ms=8211.3 context_ms=193.1 state_ms=7.77 prefix_ms=0.0 suffix_ms=4403.7 first_token_ms=15504.9 generation_ms=147889.6 generated=64 generation_tps=0.433
AGENT index=32 mig=fafc828a exit=0 wall_ms=111283 text=3f50371ecb0032a2 role=child prefix_tokens=14282 suffix_tokens=28 model_ms=7971.4 context_ms=178.4 state_ms=17.20 prefix_ms=0.0 suffix_ms=3023.0 first_token_ms=13698.3 generation_ms=96780.9 generated=64 generation_tps=0.661
AGENT index=33 mig=31ffbfe4 exit=0 wall_ms=163548 text=5b450cf9627e77b9 role=child prefix_tokens=14282 suffix_tokens=23 model_ms=8474.2 context_ms=103.7 state_ms=12.33 prefix_ms=0.0 suffix_ms=4272.6 first_token_ms=15103.4 generation_ms=147863.7 generated=64 generation_tps=0.433
AGENT index=34 mig=fafc828a exit=0 wall_ms=110378 text=8fe64643182c4081 role=child prefix_tokens=14282 suffix_tokens=25 model_ms=7557.5 context_ms=161.8 state_ms=6.26 prefix_ms=0.0 suffix_ms=2429.6 first_token_ms=12668.0 generation_ms=97276.0 generated=64 generation_tps=0.658
AGENT index=35 mig=31ffbfe4 exit=0 wall_ms=156504 text=ab418a5e41977b06 role=child prefix_tokens=14282 suffix_tokens=33 model_ms=6170.9 context_ms=212.6 state_ms=15.73 prefix_ms=0.0 suffix_ms=1242.2 first_token_ms=9913.1 generation_ms=146227.6 generated=64 generation_tps=0.438
AGENT index=36 mig=fafc828a exit=0 wall_ms=106613 text=2852504019aca3b6 role=child prefix_tokens=14282 suffix_tokens=24 model_ms=6930.8 context_ms=97.2 state_ms=18.96 prefix_ms=0.0 suffix_ms=588.8 first_token_ms=9924.1 generation_ms=96296.0 generated=64 generation_tps=0.665
AGENT index=37 mig=31ffbfe4 exit=0 wall_ms=164076 text=bef1e0801c6e655f role=child prefix_tokens=14282 suffix_tokens=27 model_ms=8543.3 context_ms=66.9 state_ms=6.53 prefix_ms=0.0 suffix_ms=4507.5 first_token_ms=15651.9 generation_ms=147631.6 generated=64 generation_tps=0.434
AGENT index=38 mig=fafc828a exit=0 wall_ms=111448 text=03d3cecc4e2c4ef7 role=child prefix_tokens=14282 suffix_tokens=22 model_ms=8026.9 context_ms=187.5 state_ms=12.75 prefix_ms=0.0 suffix_ms=2871.3 first_token_ms=13785.1 generation_ms=96685.1 generated=64 generation_tps=0.662
AGENT index=39 mig=31ffbfe4 exit=0 wall_ms=164412 text=f9c832b7cad1a509 role=child prefix_tokens=14282 suffix_tokens=32 model_ms=8627.3 context_ms=140.6 state_ms=7.55 prefix_ms=0.0 suffix_ms=4321.5 first_token_ms=15269.1 generation_ms=148104.2 generated=64 generation_tps=0.432
AGENT index=40 mig=fafc828a exit=0 wall_ms=111283 text=1bedc9985ebffdf3 role=child prefix_tokens=14282 suffix_tokens=19 model_ms=8244.1 context_ms=221.9 state_ms=10.95 prefix_ms=0.0 suffix_ms=2924.0 first_token_ms=13898.1 generation_ms=96599.7 generated=64 generation_tps=0.663
AGENT index=41 mig=31ffbfe4 exit=0 wall_ms=164342 text=45248c21a8c64213 role=child prefix_tokens=14282 suffix_tokens=19 model_ms=7999.4 context_ms=125.9 state_ms=13.74 prefix_ms=0.0 suffix_ms=4207.0 first_token_ms=15170.7 generation_ms=148182.5 generated=64 generation_tps=0.432
AGENT index=42 mig=fafc828a exit=0 wall_ms=111167 text=c2b860976d76c188 role=child prefix_tokens=14282 suffix_tokens=18 model_ms=8758.9 context_ms=151.5 state_ms=6.82 prefix_ms=0.0 suffix_ms=2817.3 first_token_ms=13933.6 generation_ms=96418.5 generated=64 generation_tps=0.664
AGENT index=43 mig=31ffbfe4 exit=0 wall_ms=164183 text=7f088fd1d1738f8b role=child prefix_tokens=14282 suffix_tokens=22 model_ms=8162.6 context_ms=126.8 state_ms=7.32 prefix_ms=0.0 suffix_ms=4343.1 first_token_ms=15379.6 generation_ms=148022.0 generated=64 generation_tps=0.432
AGENT index=44 mig=fafc828a exit=0 wall_ms=111428 text=f631ba01e55b49fa role=child prefix_tokens=14282 suffix_tokens=21 model_ms=8334.5 context_ms=69.7 state_ms=7.20 prefix_ms=0.0 suffix_ms=2869.4 first_token_ms=13990.7 generation_ms=96518.2 generated=64 generation_tps=0.663
AGENT index=45 mig=31ffbfe4 exit=0 wall_ms=161681 text=5d483815f91685a6 role=child prefix_tokens=14282 suffix_tokens=31 model_ms=7384.0 context_ms=180.2 state_ms=22.49 prefix_ms=0.0 suffix_ms=2017.7 first_token_ms=12091.3 generation_ms=149199.1 generated=64 generation_tps=0.429
AGENT index=46 mig=fafc828a exit=0 wall_ms=110607 text=56be8609eb72cb4a role=child prefix_tokens=14282 suffix_tokens=21 model_ms=8220.6 context_ms=128.5 state_ms=23.12 prefix_ms=0.0 suffix_ms=2695.2 first_token_ms=13291.8 generation_ms=96804.6 generated=64 generation_tps=0.661
AGENT index=47 mig=31ffbfe4 exit=0 wall_ms=164118 text=0d9668c2f9cbc9fc role=child prefix_tokens=14282 suffix_tokens=26 model_ms=8340.2 context_ms=196.2 state_ms=6.76 prefix_ms=0.0 suffix_ms=4444.5 first_token_ms=15424.4 generation_ms=147838.8 generated=64 generation_tps=0.433
AGENT index=48 mig=fafc828a exit=0 wall_ms=110464 text=27f58a7742c668f5 role=child prefix_tokens=14282 suffix_tokens=25 model_ms=7417.6 context_ms=134.8 state_ms=21.79 prefix_ms=0.0 suffix_ms=2624.2 first_token_ms=12680.4 generation_ms=97288.8 generated=64 generation_tps=0.658
AGENT index=49 mig=31ffbfe4 exit=0 wall_ms=163775 text=facc2c2ea4689e1e role=child prefix_tokens=14282 suffix_tokens=22 model_ms=7848.8 context_ms=106.8 state_ms=25.48 prefix_ms=0.0 suffix_ms=4374.6 first_token_ms=15068.8 generation_ms=148010.7 generated=64 generation_tps=0.432
AGENT index=50 mig=fafc828a exit=0 wall_ms=109837 text=64fd37c296cb1dd5 role=child prefix_tokens=14282 suffix_tokens=21 model_ms=7391.9 context_ms=205.5 state_ms=22.47 prefix_ms=0.0 suffix_ms=2319.2 first_token_ms=12582.3 generation_ms=96875.0 generated=64 generation_tps=0.661
AGENT index=51 mig=31ffbfe4 exit=0 wall_ms=163170 text=4c7501e634d9bf23 role=child prefix_tokens=14282 suffix_tokens=18 model_ms=7824.6 context_ms=97.7 state_ms=15.49 prefix_ms=0.0 suffix_ms=3756.1 first_token_ms=14294.7 generation_ms=148465.4 generated=64 generation_tps=0.431
AGENT index=52 mig=fafc828a exit=0 wall_ms=108948 text=b3893059e7e79532 role=child prefix_tokens=14282 suffix_tokens=21 model_ms=7109.8 context_ms=137.5 state_ms=26.53 prefix_ms=0.0 suffix_ms=1591.6 first_token_ms=11500.2 generation_ms=97008.2 generated=64 generation_tps=0.660
AGENT index=53 mig=31ffbfe4 exit=0 wall_ms=163352 text=11e4c2a85150fa06 role=child prefix_tokens=14282 suffix_tokens=26 model_ms=8121.9 context_ms=101.2 state_ms=13.08 prefix_ms=0.0 suffix_ms=4348.9 first_token_ms=15014.5 generation_ms=147827.6 generated=64 generation_tps=0.433
AGENT index=54 mig=fafc828a exit=0 wall_ms=111428 text=3b6f5b9c968721eb role=child prefix_tokens=14282 suffix_tokens=27 model_ms=8248.6 context_ms=132.3 state_ms=7.53 prefix_ms=0.0 suffix_ms=3169.7 first_token_ms=14220.0 generation_ms=96283.6 generated=64 generation_tps=0.665
AGENT index=55 mig=31ffbfe4 exit=0 wall_ms=164305 text=7e4fad52bd577abf role=child prefix_tokens=14282 suffix_tokens=17 model_ms=8196.8 context_ms=158.3 state_ms=6.25 prefix_ms=0.0 suffix_ms=4362.6 first_token_ms=15436.8 generation_ms=147925.6 generated=64 generation_tps=0.433
AGENT index=56 mig=fafc828a exit=0 wall_ms=111024 text=9834d2c93010cb40 role=child prefix_tokens=14282 suffix_tokens=22 model_ms=8446.5 context_ms=146.6 state_ms=7.31 prefix_ms=0.0 suffix_ms=2872.2 first_token_ms=13894.6 generation_ms=96462.4 generated=64 generation_tps=0.663
AGENT index=57 mig=31ffbfe4 exit=0 wall_ms=163417 text=a4e76b0a1993f6d6 role=child prefix_tokens=14282 suffix_tokens=23 model_ms=8179.4 context_ms=139.3 state_ms=12.86 prefix_ms=0.0 suffix_ms=4231.1 first_token_ms=15035.1 generation_ms=147904.8 generated=64 generation_tps=0.433
AGENT index=58 mig=fafc828a exit=0 wall_ms=110486 text=359d7b30e6a9a9fc role=child prefix_tokens=14282 suffix_tokens=19 model_ms=8575.4 context_ms=177.3 state_ms=12.05 prefix_ms=0.0 suffix_ms=2860.6 first_token_ms=13871.5 generation_ms=96150.7 generated=64 generation_tps=0.666
AGENT index=59 mig=31ffbfe4 exit=0 wall_ms=164292 text=7b1e906b43903ada role=child prefix_tokens=14282 suffix_tokens=21 model_ms=8283.7 context_ms=77.8 state_ms=6.21 prefix_ms=0.0 suffix_ms=4409.5 first_token_ms=15464.4 generation_ms=147878.8 generated=64 generation_tps=0.433
AGENT index=60 mig=fafc828a exit=0 wall_ms=108620 text=23f27e20526aad11 role=child prefix_tokens=14282 suffix_tokens=20 model_ms=6869.1 context_ms=163.3 state_ms=34.56 prefix_ms=0.0 suffix_ms=1115.0 first_token_ms=10652.2 generation_ms=97626.5 generated=64 generation_tps=0.656
AGENT index=61 mig=31ffbfe4 exit=0 wall_ms=159231 text=a61a16a4bc46c53d role=child prefix_tokens=14282 suffix_tokens=22 model_ms=7191.1 context_ms=175.8 state_ms=26.47 prefix_ms=0.0 suffix_ms=1095.9 first_token_ms=10581.4 generation_ms=148251.0 generated=64 generation_tps=0.432
AGENT index=62 mig=fafc828a exit=0 wall_ms=111448 text=dbac730f9e3a3df4 role=child prefix_tokens=14282 suffix_tokens=20 model_ms=7772.0 context_ms=167.3 state_ms=16.16 prefix_ms=0.0 suffix_ms=2724.5 first_token_ms=13339.7 generation_ms=97103.3 generated=64 generation_tps=0.659
AGENT index=63 mig=31ffbfe4 exit=0 wall_ms=146370 text=cd56b7d8c4ff1887 role=child prefix_tokens=14282 suffix_tokens=22 model_ms=3940.1 context_ms=588.8 state_ms=15.72 prefix_ms=0.0 suffix_ms=913.7 first_token_ms=7990.0 generation_ms=137993.7 generated=64 generation_tps=0.464
MEMORY mem_available_drop_mib=45412 mem_available_before_mib=120134 mem_free_before_mib=46120 pss_anon_mib=15407 pss_file_mib=5918 pss_shmem_mib=4515 device_mib=24768 samples=17
END_CASE failed_agents=0 wall_ms=164937
END_KVSTACK
BEGIN_KVSTACK run=4 context=16384 publisher_mig=31ffbfe4 mem_free_mib=48854 kernel_reclaimable_mib=68140
PUBLISH store=stock prefix_tokens=14282 prefix_ms=24841.7 publish_ms=503.58 state_bytes=819216229
PUBLISH store=device prefix_tokens=14282 prefix_ms=25086.2 publish_ms=503.49 state_bytes=819216229
PUBLISH store=huge prefix_tokens=14282 prefix_ms=25130.0 publish_ms=8.41 state_bytes=229221 file_used_kib=802816
CASE mode=both agents=1
AGENT index=0 mig=31ffbfe4 exit=0 wall_ms=5564 text=4605b6e04b2228eb role=child prefix_tokens=14282 suffix_tokens=27 model_ms=635.5 context_ms=25.8 state_ms=6.15 prefix_ms=0.0 suffix_ms=146.1 first_token_ms=851.1 generation_ms=4233.1 generated=64 generation_tps=15.119
MEMORY mem_available_drop_mib=717 mem_available_before_mib=120089 mem_free_before_mib=46108 pss_anon_mib=230 pss_file_mib=4558 pss_shmem_mib=839 device_mib=380 samples=1
END_CASE failed_agents=0 wall_ms=5600
CASE mode=both agents=2
AGENT index=0 mig=31ffbfe4 exit=0 wall_ms=5840 text=4605b6e04b2228eb role=child prefix_tokens=14282 suffix_tokens=27 model_ms=682.4 context_ms=31.5 state_ms=6.12 prefix_ms=0.0 suffix_ms=151.9 first_token_ms=943.3 generation_ms=4434.8 generated=64 generation_tps=14.431
AGENT index=1 mig=fafc828a exit=0 wall_ms=4246 text=a5af93194a2d1ced role=child prefix_tokens=14282 suffix_tokens=22 model_ms=660.7 context_ms=31.4 state_ms=6.28 prefix_ms=0.0 suffix_ms=102.9 first_token_ms=894.5 generation_ms=2961.7 generated=64 generation_tps=21.609
MEMORY mem_available_drop_mib=1463 mem_available_before_mib=120036 mem_free_before_mib=46049 pss_anon_mib=475 pss_file_mib=4580 pss_shmem_mib=897 device_mib=774 samples=1
END_CASE failed_agents=0 wall_ms=5883
CASE mode=both agents=4
AGENT index=0 mig=31ffbfe4 exit=0 wall_ms=11118 text=4605b6e04b2228eb role=child prefix_tokens=14282 suffix_tokens=27 model_ms=855.4 context_ms=29.0 state_ms=6.32 prefix_ms=0.0 suffix_ms=283.4 first_token_ms=1344.9 generation_ms=9329.4 generated=64 generation_tps=6.860
AGENT index=1 mig=fafc828a exit=0 wall_ms=7760 text=a5af93194a2d1ced role=child prefix_tokens=14282 suffix_tokens=22 model_ms=854.5 context_ms=35.6 state_ms=6.43 prefix_ms=0.0 suffix_ms=170.2 first_token_ms=1231.1 generation_ms=6121.7 generated=64 generation_tps=10.455
AGENT index=2 mig=31ffbfe4 exit=0 wall_ms=11016 text=37e5f08e6279aa62 role=child prefix_tokens=14282 suffix_tokens=24 model_ms=853.5 context_ms=32.2 state_ms=5.79 prefix_ms=0.0 suffix_ms=275.5 first_token_ms=1334.0 generation_ms=9317.1 generated=64 generation_tps=6.869
AGENT index=3 mig=fafc828a exit=0 wall_ms=7782 text=5e1ac569aa8b0faf role=child prefix_tokens=14282 suffix_tokens=32 model_ms=858.9 context_ms=35.7 state_ms=6.48 prefix_ms=0.0 suffix_ms=201.1 first_token_ms=1269.8 generation_ms=6111.0 generated=64 generation_tps=10.473
MEMORY mem_available_drop_mib=2809 mem_available_before_mib=119959 mem_free_before_mib=45972 pss_anon_mib=985 pss_file_mib=4622 pss_shmem_mib=1013 device_mib=1548 samples=2
END_CASE failed_agents=0 wall_ms=11170
CASE mode=both agents=8
AGENT index=0 mig=31ffbfe4 exit=0 wall_ms=20214 text=4605b6e04b2228eb role=child prefix_tokens=14282 suffix_tokens=27 model_ms=900.1 context_ms=28.3 state_ms=6.14 prefix_ms=0.0 suffix_ms=149.1 first_token_ms=1324.4 generation_ms=18491.5 generated=64 generation_tps=3.461
AGENT index=1 mig=fafc828a exit=0 wall_ms=14496 text=a5af93194a2d1ced role=child prefix_tokens=14282 suffix_tokens=22 model_ms=1048.2 context_ms=36.3 state_ms=7.22 prefix_ms=0.0 suffix_ms=280.8 first_token_ms=1676.8 generation_ms=12375.1 generated=64 generation_tps=5.172
AGENT index=2 mig=31ffbfe4 exit=0 wall_ms=20886 text=37e5f08e6279aa62 role=child prefix_tokens=14282 suffix_tokens=24 model_ms=1037.5 context_ms=33.8 state_ms=6.27 prefix_ms=0.0 suffix_ms=459.6 first_token_ms=1849.2 generation_ms=18633.8 generated=64 generation_tps=3.435
AGENT index=3 mig=fafc828a exit=0 wall_ms=14666 text=5e1ac569aa8b0faf role=child prefix_tokens=14282 suffix_tokens=32 model_ms=1095.3 context_ms=34.5 state_ms=6.28 prefix_ms=0.0 suffix_ms=436.5 first_token_ms=1872.8 generation_ms=12295.4 generated=64 generation_tps=5.205
AGENT index=4 mig=31ffbfe4 exit=0 wall_ms=20908 text=6e3d8f07cfceb082 role=child prefix_tokens=14282 suffix_tokens=23 model_ms=1072.9 context_ms=32.0 state_ms=6.36 prefix_ms=0.0 suffix_ms=561.1 first_token_ms=1985.4 generation_ms=18571.2 generated=64 generation_tps=3.446
AGENT index=5 mig=fafc828a exit=0 wall_ms=14613 text=47179dd0dcd49eb0 role=child prefix_tokens=14282 suffix_tokens=26 model_ms=1092.4 context_ms=35.1 state_ms=6.10 prefix_ms=0.0 suffix_ms=440.4 first_token_ms=1878.1 generation_ms=12301.0 generated=64 generation_tps=5.203
AGENT index=6 mig=31ffbfe4 exit=0 wall_ms=21028 text=f88f503d1005fa22 role=child prefix_tokens=14282 suffix_tokens=21 model_ms=1100.0 context_ms=29.5 state_ms=6.20 prefix_ms=0.0 suffix_ms=576.0 first_token_ms=2029.0 generation_ms=18541.1 generated=64 generation_tps=3.452
AGENT index=7 mig=fafc828a exit=0 wall_ms=14488 text=f9c832b7cad1a509 role=child prefix_tokens=14282 suffix_tokens=31 model_ms=1030.8 context_ms=35.6 state_ms=6.09 prefix_ms=0.0 suffix_ms=296.6 first_token_ms=1684.0 generation_ms=12374.9 generated=64 generation_tps=5.172
MEMORY mem_available_drop_mib=5734 mem_available_before_mib=120006 mem_free_before_mib=46017 pss_anon_mib=1921 pss_file_mib=4705 pss_shmem_mib=1246 device_mib=3096 samples=3
END_CASE failed_agents=0 wall_ms=21110
CASE mode=both agents=12
AGENT index=0 mig=31ffbfe4 exit=0 wall_ms=28250 text=4605b6e04b2228eb role=child prefix_tokens=14282 suffix_tokens=27 model_ms=956.4 context_ms=35.8 state_ms=6.28 prefix_ms=0.0 suffix_ms=148.1 first_token_ms=1509.0 generation_ms=26355.5 generated=64 generation_tps=2.428
AGENT index=1 mig=fafc828a exit=0 wall_ms=20755 text=a5af93194a2d1ced role=child prefix_tokens=14282 suffix_tokens=22 model_ms=1292.3 context_ms=27.4 state_ms=5.99 prefix_ms=0.0 suffix_ms=113.9 first_token_ms=1876.3 generation_ms=18462.6 generated=64 generation_tps=3.466
AGENT index=2 mig=31ffbfe4 exit=0 wall_ms=30801 text=37e5f08e6279aa62 role=child prefix_tokens=14282 suffix_tokens=24 model_ms=1390.6 context_ms=34.9 state_ms=6.48 prefix_ms=0.0 suffix_ms=787.9 first_token_ms=2657.3 generation_ms=27778.2 generated=64 generation_tps=2.304
AGENT index=3 mig=fafc828a exit=0 wall_ms=21259 text=5e1ac569aa8b0faf role=child prefix_tokens=14282 suffix_tokens=32 model_ms=1367.1 context_ms=35.9 state_ms=6.29 prefix_ms=0.0 suffix_ms=472.9 first_token_ms=2327.9 generation_ms=18537.1 generated=64 generation_tps=3.453
AGENT index=4 mig=31ffbfe4 exit=0 wall_ms=30698 text=6e3d8f07cfceb082 role=child prefix_tokens=14282 suffix_tokens=23 model_ms=1321.6 context_ms=31.0 state_ms=6.40 prefix_ms=0.0 suffix_ms=677.0 first_token_ms=2490.5 generation_ms=27845.1 generated=64 generation_tps=2.298
AGENT index=5 mig=fafc828a exit=0 wall_ms=21480 text=47179dd0dcd49eb0 role=child prefix_tokens=14282 suffix_tokens=26 model_ms=1411.7 context_ms=36.6 state_ms=6.38 prefix_ms=0.0 suffix_ms=586.1 first_token_ms=2487.3 generation_ms=18494.3 generated=64 generation_tps=3.461
AGENT index=6 mig=31ffbfe4 exit=0 wall_ms=30989 text=f88f503d1005fa22 role=child prefix_tokens=14282 suffix_tokens=21 model_ms=1447.9 context_ms=36.9 state_ms=6.34 prefix_ms=0.0 suffix_ms=875.0 first_token_ms=2811.8 generation_ms=27678.9 generated=64 generation_tps=2.312
AGENT index=7 mig=fafc828a exit=0 wall_ms=21376 text=f9c832b7cad1a509 role=child prefix_tokens=14282 suffix_tokens=31 model_ms=1387.2 context_ms=37.4 state_ms=6.79 prefix_ms=0.0 suffix_ms=515.0 first_token_ms=2383.4 generation_ms=18535.5 generated=64 generation_tps=3.453
AGENT index=8 mig=31ffbfe4 exit=0 wall_ms=30715 text=a3c806a5411bc6e6 role=child prefix_tokens=14282 suffix_tokens=18 model_ms=1340.5 context_ms=31.5 state_ms=6.36 prefix_ms=0.0 suffix_ms=695.7 first_token_ms=2522.2 generation_ms=27826.4 generated=64 generation_tps=2.300
AGENT index=9 mig=fafc828a exit=0 wall_ms=21421 text=a2d016def74ecc62 role=child prefix_tokens=14282 suffix_tokens=18 model_ms=1402.5 context_ms=36.6 state_ms=6.66 prefix_ms=0.0 suffix_ms=558.7 first_token_ms=2448.0 generation_ms=18507.7 generated=64 generation_tps=3.458
AGENT index=10 mig=31ffbfe4 exit=0 wall_ms=30811 text=a733f3a39259263c role=child prefix_tokens=14282 suffix_tokens=18 model_ms=1432.9 context_ms=35.8 state_ms=6.31 prefix_ms=0.0 suffix_ms=854.9 first_token_ms=2780.3 generation_ms=27700.2 generated=64 generation_tps=2.310
AGENT index=11 mig=fafc828a exit=0 wall_ms=21419 text=ad0d6edf343e5e28 role=child prefix_tokens=14282 suffix_tokens=22 model_ms=1434.7 context_ms=35.1 state_ms=6.18 prefix_ms=0.0 suffix_ms=567.3 first_token_ms=2493.6 generation_ms=18483.6 generated=64 generation_tps=3.463
MEMORY mem_available_drop_mib=8613 mem_available_before_mib=120051 mem_free_before_mib=46061 pss_anon_mib=2951 pss_file_mib=4788 pss_shmem_mib=1479 device_mib=4644 samples=5
END_CASE failed_agents=0 wall_ms=31096
CASE mode=both agents=16
AGENT index=0 mig=31ffbfe4 exit=0 wall_ms=41222 text=4605b6e04b2228eb role=child prefix_tokens=14282 suffix_tokens=27 model_ms=1657.0 context_ms=40.0 state_ms=7.83 prefix_ms=0.0 suffix_ms=695.7 first_token_ms=3026.9 generation_ms=37811.8 generated=64 generation_tps=1.693
AGENT index=1 mig=fafc828a exit=0 wall_ms=28005 text=a5af93194a2d1ced role=child prefix_tokens=14282 suffix_tokens=22 model_ms=1710.5 context_ms=62.1 state_ms=14.13 prefix_ms=0.0 suffix_ms=352.2 first_token_ms=2700.6 generation_ms=24875.6 generated=64 generation_tps=2.573
AGENT index=2 mig=31ffbfe4 exit=0 wall_ms=41616 text=37e5f08e6279aa62 role=child prefix_tokens=14282 suffix_tokens=24 model_ms=1768.8 context_ms=71.2 state_ms=6.11 prefix_ms=0.0 suffix_ms=973.1 first_token_ms=3389.5 generation_ms=37773.5 generated=64 generation_tps=1.694
AGENT index=3 mig=fafc828a exit=0 wall_ms=28300 text=5e1ac569aa8b0faf role=child prefix_tokens=14282 suffix_tokens=32 model_ms=1763.5 context_ms=75.9 state_ms=7.71 prefix_ms=0.0 suffix_ms=622.3 first_token_ms=3061.1 generation_ms=24830.8 generated=64 generation_tps=2.577
AGENT index=4 mig=31ffbfe4 exit=0 wall_ms=41769 text=6e3d8f07cfceb082 role=child prefix_tokens=14282 suffix_tokens=23 model_ms=2006.0 context_ms=37.5 state_ms=6.28 prefix_ms=0.0 suffix_ms=1243.7 first_token_ms=3905.6 generation_ms=37356.6 generated=64 generation_tps=1.713
AGENT index=5 mig=fafc828a exit=0 wall_ms=27823 text=47179dd0dcd49eb0 role=child prefix_tokens=14282 suffix_tokens=26 model_ms=1686.1 context_ms=44.1 state_ms=6.99 prefix_ms=0.0 suffix_ms=228.3 first_token_ms=2542.1 generation_ms=24809.9 generated=64 generation_tps=2.580
AGENT index=6 mig=31ffbfe4 exit=0 wall_ms=41638 text=f88f503d1005fa22 role=child prefix_tokens=14282 suffix_tokens=21 model_ms=1739.4 context_ms=67.5 state_ms=6.13 prefix_ms=0.0 suffix_ms=993.0 first_token_ms=3411.7 generation_ms=37763.2 generated=64 generation_tps=1.695
AGENT index=7 mig=fafc828a exit=0 wall_ms=28318 text=f9c832b7cad1a509 role=child prefix_tokens=14282 suffix_tokens=31 model_ms=1764.6 context_ms=64.2 state_ms=6.31 prefix_ms=0.0 suffix_ms=657.2 first_token_ms=3086.4 generation_ms=24791.2 generated=64 generation_tps=2.582
AGENT index=8 mig=31ffbfe4 exit=0 wall_ms=41556 text=a3c806a5411bc6e6 role=child prefix_tokens=14282 suffix_tokens=18 model_ms=1663.0 context_ms=61.0 state_ms=10.38 prefix_ms=0.0 suffix_ms=978.0 first_token_ms=3310.0 generation_ms=37793.9 generated=64 generation_tps=1.693
AGENT index=9 mig=fafc828a exit=0 wall_ms=28490 text=a2d016def74ecc62 role=child prefix_tokens=14282 suffix_tokens=18 model_ms=2025.8 context_ms=29.1 state_ms=6.16 prefix_ms=0.0 suffix_ms=726.5 first_token_ms=3391.8 generation_ms=24616.4 generated=64 generation_tps=2.600
AGENT index=10 mig=31ffbfe4 exit=0 wall_ms=41707 text=a733f3a39259263c role=child prefix_tokens=14282 suffix_tokens=18 model_ms=1821.9 context_ms=27.5 state_ms=6.22 prefix_ms=0.0 suffix_ms=1104.2 first_token_ms=3568.5 generation_ms=37634.5 generated=64 generation_tps=1.701
AGENT index=11 mig=fafc828a exit=0 wall_ms=28410 text=ad0d6edf343e5e28 role=child prefix_tokens=14282 suffix_tokens=22 model_ms=1972.0 context_ms=34.7 state_ms=6.17 prefix_ms=0.0 suffix_ms=768.0 first_token_ms=3416.7 generation_ms=24611.3 generated=64 generation_tps=2.600
AGENT index=12 mig=31ffbfe4 exit=0 wall_ms=41600 text=2c93819fe85df763 role=child prefix_tokens=14282 suffix_tokens=21 model_ms=1732.4 context_ms=55.2 state_ms=6.29 prefix_ms=0.0 suffix_ms=963.5 first_token_ms=3339.3 generation_ms=37791.2 generated=64 generation_tps=1.694
AGENT index=13 mig=fafc828a exit=0 wall_ms=28431 text=5d483815f91685a6 role=child prefix_tokens=14282 suffix_tokens=31 model_ms=1973.5 context_ms=31.9 state_ms=6.25 prefix_ms=0.0 suffix_ms=867.3 first_token_ms=3500.8 generation_ms=24539.7 generated=64 generation_tps=2.608
AGENT index=14 mig=31ffbfe4 exit=0 wall_ms=41673 text=f8f770d151794139 role=child prefix_tokens=14282 suffix_tokens=21 model_ms=1646.5 context_ms=56.5 state_ms=10.38 prefix_ms=0.0 suffix_ms=994.6 first_token_ms=3322.6 generation_ms=37801.3 generated=64 generation_tps=1.693
AGENT index=15 mig=fafc828a exit=0 wall_ms=28250 text=0d9668c2f9cbc9fc role=child prefix_tokens=14282 suffix_tokens=26 model_ms=1754.4 context_ms=56.9 state_ms=6.73 prefix_ms=0.0 suffix_ms=535.3 first_token_ms=2917.2 generation_ms=24864.8 generated=64 generation_tps=2.574
MEMORY mem_available_drop_mib=11485 mem_available_before_mib=120072 mem_free_before_mib=46082 pss_anon_mib=3937 pss_file_mib=4958 pss_shmem_mib=1758 device_mib=6192 samples=7
END_CASE failed_agents=0 wall_ms=41892
CASE mode=both agents=32
AGENT index=0 mig=31ffbfe4 exit=0 wall_ms=82056 text=4605b6e04b2228eb role=child prefix_tokens=14282 suffix_tokens=27 model_ms=3980.6 context_ms=28.1 state_ms=6.29 prefix_ms=0.0 suffix_ms=2305.5 first_token_ms=7488.4 generation_ms=74111.9 generated=64 generation_tps=0.864
AGENT index=1 mig=fafc828a exit=0 wall_ms=56498 text=a5af93194a2d1ced role=child prefix_tokens=14282 suffix_tokens=22 model_ms=3826.1 context_ms=101.7 state_ms=6.51 prefix_ms=0.0 suffix_ms=1367.3 first_token_ms=6478.9 generation_ms=49464.4 generated=64 generation_tps=1.294
AGENT index=2 mig=31ffbfe4 exit=0 wall_ms=80813 text=37e5f08e6279aa62 role=child prefix_tokens=14282 suffix_tokens=24 model_ms=3272.9 context_ms=82.0 state_ms=14.51 prefix_ms=0.0 suffix_ms=1117.8 first_token_ms=5651.8 generation_ms=74757.0 generated=64 generation_tps=0.856
AGENT index=3 mig=fafc828a exit=0 wall_ms=53115 text=5e1ac569aa8b0faf role=child prefix_tokens=14282 suffix_tokens=32 model_ms=3241.8 context_ms=65.7 state_ms=14.09 prefix_ms=0.0 suffix_ms=250.5 first_token_ms=4663.6 generation_ms=48042.9 generated=64 generation_tps=1.332
AGENT index=4 mig=31ffbfe4 exit=0 wall_ms=81997 text=6e3d8f07cfceb082 role=child prefix_tokens=14282 suffix_tokens=23 model_ms=3915.9 context_ms=38.6 state_ms=6.38 prefix_ms=0.0 suffix_ms=2185.9 first_token_ms=7325.3 generation_ms=74221.8 generated=64 generation_tps=0.862
AGENT index=5 mig=fafc828a exit=0 wall_ms=56598 text=47179dd0dcd49eb0 role=child prefix_tokens=14282 suffix_tokens=26 model_ms=4003.0 context_ms=36.6 state_ms=6.73 prefix_ms=0.0 suffix_ms=1592.1 first_token_ms=6818.9 generation_ms=49211.4 generated=64 generation_tps=1.301
AGENT index=6 mig=31ffbfe4 exit=0 wall_ms=81818 text=f88f503d1005fa22 role=child prefix_tokens=14282 suffix_tokens=21 model_ms=3564.0 context_ms=67.4 state_ms=14.64 prefix_ms=0.0 suffix_ms=2066.5 first_token_ms=6954.4 generation_ms=74444.8 generated=64 generation_tps=0.860
AGENT index=7 mig=fafc828a exit=0 wall_ms=56563 text=f9c832b7cad1a509 role=child prefix_tokens=14282 suffix_tokens=31 model_ms=3711.2 context_ms=41.7 state_ms=7.70 prefix_ms=0.0 suffix_ms=1519.3 first_token_ms=6634.2 generation_ms=49357.9 generated=64 generation_tps=1.297
AGENT index=8 mig=31ffbfe4 exit=0 wall_ms=81419 text=a3c806a5411bc6e6 role=child prefix_tokens=14282 suffix_tokens=18 model_ms=3259.4 context_ms=65.4 state_ms=10.33 prefix_ms=0.0 suffix_ms=1644.2 first_token_ms=6312.6 generation_ms=74707.8 generated=64 generation_tps=0.857
AGENT index=9 mig=fafc828a exit=0 wall_ms=55794 text=a2d016def74ecc62 role=child prefix_tokens=14282 suffix_tokens=18 model_ms=3532.2 context_ms=70.9 state_ms=14.39 prefix_ms=0.0 suffix_ms=770.4 first_token_ms=5628.5 generation_ms=49711.5 generated=64 generation_tps=1.287
AGENT index=10 mig=31ffbfe4 exit=0 wall_ms=74587 text=a733f3a39259263c role=child prefix_tokens=14282 suffix_tokens=18 model_ms=2220.1 context_ms=87.6 state_ms=10.46 prefix_ms=0.0 suffix_ms=443.7 first_token_ms=3905.4 generation_ms=70289.8 generated=64 generation_tps=0.911
AGENT index=11 mig=fafc828a exit=0 wall_ms=55842 text=ad0d6edf343e5e28 role=child prefix_tokens=14282 suffix_tokens=22 model_ms=3646.6 context_ms=69.6 state_ms=6.40 prefix_ms=0.0 suffix_ms=912.8 first_token_ms=5783.9 generation_ms=49565.1 generated=64 generation_tps=1.291
AGENT index=12 mig=31ffbfe4 exit=0 wall_ms=82084 text=2c93819fe85df763 role=child prefix_tokens=14282 suffix_tokens=21 model_ms=4113.1 context_ms=27.8 state_ms=6.22 prefix_ms=0.0 suffix_ms=2269.5 first_token_ms=7574.6 generation_ms=74008.7 generated=64 generation_tps=0.865
AGENT index=13 mig=fafc828a exit=0 wall_ms=56636 text=5d483815f91685a6 role=child prefix_tokens=14282 suffix_tokens=31 model_ms=3593.6 context_ms=82.6 state_ms=8.93 prefix_ms=0.0 suffix_ms=1521.1 first_token_ms=6555.7 generation_ms=49402.2 generated=64 generation_tps=1.295
AGENT index=14 mig=31ffbfe4 exit=0 wall_ms=81729 text=f8f770d151794139 role=child prefix_tokens=14282 suffix_tokens=21 model_ms=3748.1 context_ms=86.0 state_ms=14.39 prefix_ms=0.0 suffix_ms=2158.0 first_token_ms=7173.7 generation_ms=74102.8 generated=64 generation_tps=0.864
AGENT index=15 mig=fafc828a exit=0 wall_ms=56601 text=0d9668c2f9cbc9fc role=child prefix_tokens=14282 suffix_tokens=26 model_ms=3590.8 context_ms=66.2 state_ms=8.72 prefix_ms=0.0 suffix_ms=1498.3 first_token_ms=6538.6 generation_ms=49414.2 generated=64 generation_tps=1.295
AGENT index=16 mig=31ffbfe4 exit=0 wall_ms=81665 text=a6ffaf564cadb5d1 role=child prefix_tokens=14282 suffix_tokens=25 model_ms=3326.6 context_ms=37.7 state_ms=6.76 prefix_ms=0.0 suffix_ms=1854.5 first_token_ms=6564.4 generation_ms=74691.2 generated=64 generation_tps=0.857
AGENT index=17 mig=fafc828a exit=0 wall_ms=56057 text=6bd685fbc4b441ec role=child prefix_tokens=14282 suffix_tokens=22 model_ms=3640.5 context_ms=102.3 state_ms=16.99 prefix_ms=0.0 suffix_ms=1315.9 first_token_ms=6337.8 generation_ms=49297.2 generated=64 generation_tps=1.298
AGENT index=18 mig=31ffbfe4 exit=0 wall_ms=81408 text=ba15e410535ababc role=child prefix_tokens=14282 suffix_tokens=21 model_ms=3319.2 context_ms=62.0 state_ms=17.77 prefix_ms=0.0 suffix_ms=1641.4 first_token_ms=6263.8 generation_ms=74710.6 generated=64 generation_tps=0.857
AGENT index=19 mig=fafc828a exit=0 wall_ms=56525 text=4c7501e634d9bf23 role=child prefix_tokens=14282 suffix_tokens=18 model_ms=4013.8 context_ms=33.5 state_ms=6.37 prefix_ms=0.0 suffix_ms=1445.1 first_token_ms=6657.5 generation_ms=49261.4 generated=64 generation_tps=1.299
AGENT index=20 mig=31ffbfe4 exit=0 wall_ms=81951 text=b3893059e7e79532 role=child prefix_tokens=14282 suffix_tokens=21 model_ms=3901.6 context_ms=41.0 state_ms=6.16 prefix_ms=0.0 suffix_ms=2183.1 first_token_ms=7272.3 generation_ms=74205.1 generated=64 generation_tps=0.862
AGENT index=21 mig=fafc828a exit=0 wall_ms=55679 text=284eef78a2286715 role=child prefix_tokens=14282 suffix_tokens=26 model_ms=3556.1 context_ms=69.7 state_ms=10.32 prefix_ms=0.0 suffix_ms=967.4 first_token_ms=5779.6 generation_ms=49477.8 generated=64 generation_tps=1.294
AGENT index=22 mig=31ffbfe4 exit=0 wall_ms=81895 text=ad3122b47bf9d41d role=child prefix_tokens=14282 suffix_tokens=27 model_ms=3932.3 context_ms=33.7 state_ms=6.20 prefix_ms=0.0 suffix_ms=2265.5 first_token_ms=7360.2 generation_ms=74137.8 generated=64 generation_tps=0.863
AGENT index=23 mig=fafc828a exit=0 wall_ms=53500 text=fd9dec9936f784ff role=child prefix_tokens=14282 suffix_tokens=17 model_ms=3237.3 context_ms=72.2 state_ms=9.56 prefix_ms=0.0 suffix_ms=235.5 first_token_ms=4648.6 generation_ms=48472.1 generated=64 generation_tps=1.320
AGENT index=24 mig=31ffbfe4 exit=0 wall_ms=81024 text=9834d2c93010cb40 role=child prefix_tokens=14282 suffix_tokens=22 model_ms=3219.0 context_ms=76.5 state_ms=14.45 prefix_ms=0.0 suffix_ms=1174.3 first_token_ms=5646.2 generation_ms=74991.0 generated=64 generation_tps=0.853
AGENT index=25 mig=fafc828a exit=0 wall_ms=56647 text=d4e1fcaa961685d1 role=child prefix_tokens=14282 suffix_tokens=23 model_ms=3780.5 context_ms=43.3 state_ms=7.46 prefix_ms=0.0 suffix_ms=1468.2 first_token_ms=6631.7 generation_ms=49324.3 generated=64 generation_tps=1.298
AGENT index=26 mig=31ffbfe4 exit=0 wall_ms=81835 text=9e35020256b4a71c role=child prefix_tokens=14282 suffix_tokens=19 model_ms=3523.9 context_ms=74.4 state_ms=7.45 prefix_ms=0.0 suffix_ms=2090.6 first_token_ms=7044.7 generation_ms=74401.0 generated=64 generation_tps=0.860
AGENT index=27 mig=fafc828a exit=0 wall_ms=56225 text=178df8f18d21f57e role=child prefix_tokens=14282 suffix_tokens=21 model_ms=3582.8 context_ms=87.5 state_ms=6.01 prefix_ms=0.0 suffix_ms=1303.5 first_token_ms=6319.9 generation_ms=49468.6 generated=64 generation_tps=1.294
AGENT index=28 mig=31ffbfe4 exit=0 wall_ms=81143 text=15c67d79a860da75 role=child prefix_tokens=14282 suffix_tokens=20 model_ms=3180.8 context_ms=94.7 state_ms=11.28 prefix_ms=0.0 suffix_ms=1394.3 first_token_ms=5906.8 generation_ms=74832.3 generated=64 generation_tps=0.855
AGENT index=29 mig=fafc828a exit=0 wall_ms=56273 text=a72f71cd80731afe role=child prefix_tokens=14282 suffix_tokens=22 model_ms=3852.7 context_ms=45.3 state_ms=6.66 prefix_ms=0.0 suffix_ms=1366.6 first_token_ms=6427.7 generation_ms=49390.6 generated=64 generation_tps=1.296
AGENT index=30 mig=31ffbfe4 exit=0 wall_ms=74354 text=317f6f38771a1e41 role=child prefix_tokens=14282 suffix_tokens=20 model_ms=2075.4 context_ms=128.6 state_ms=9.51 prefix_ms=0.0 suffix_ms=508.0 first_token_ms=3850.7 generation_ms=70116.7 generated=64 generation_tps=0.913
AGENT index=31 mig=fafc828a exit=0 wall_ms=54589 text=d52293b0dc058085 role=child prefix_tokens=14282 suffix_tokens=22 model_ms=3238.3 context_ms=97.5 state_ms=16.76 prefix_ms=0.0 suffix_ms=373.6 first_token_ms=4861.9 generation_ms=49334.9 generated=64 generation_tps=1.297
MEMORY mem_available_drop_mib=22930 mem_available_before_mib=120142 mem_free_before_mib=46150 pss_anon_mib=7877 pss_file_mib=5208 pss_shmem_mib=2643 device_mib=12384 samples=13
END_CASE failed_agents=0 wall_ms=82313
CASE mode=both agents=64
AGENT index=0 mig=31ffbfe4 exit=0 wall_ms=144105 text=4605b6e04b2228eb role=child prefix_tokens=14282 suffix_tokens=27 model_ms=5529.6 context_ms=389.6 state_ms=15.06 prefix_ms=0.0 suffix_ms=878.6 first_token_ms=8193.7 generation_ms=135524.3 generated=64 generation_tps=0.472
AGENT index=1 mig=fafc828a exit=0 wall_ms=111080 text=a5af93194a2d1ced role=child prefix_tokens=14282 suffix_tokens=22 model_ms=8019.1 context_ms=232.2 state_ms=14.20 prefix_ms=0.0 suffix_ms=2741.7 first_token_ms=13584.0 generation_ms=96861.3 generated=64 generation_tps=0.661
AGENT index=2 mig=31ffbfe4 exit=0 wall_ms=140675 text=37e5f08e6279aa62 role=child prefix_tokens=14282 suffix_tokens=24 model_ms=3360.7 context_ms=834.7 state_ms=12.22 prefix_ms=0.0 suffix_ms=795.6 first_token_ms=7599.9 generation_ms=132664.7 generated=64 generation_tps=0.482
AGENT index=3 mig=fafc828a exit=0 wall_ms=108612 text=5e1ac569aa8b0faf role=child prefix_tokens=14282 suffix_tokens=32 model_ms=7067.4 context_ms=156.7 state_ms=16.03 prefix_ms=0.0 suffix_ms=1096.2 first_token_ms=10875.9 generation_ms=97311.3 generated=64 generation_tps=0.658
AGENT index=4 mig=31ffbfe4 exit=0 wall_ms=163492 text=6e3d8f07cfceb082 role=child prefix_tokens=14282 suffix_tokens=23 model_ms=8877.2 context_ms=141.1 state_ms=15.43 prefix_ms=0.0 suffix_ms=4403.1 first_token_ms=15705.5 generation_ms=147335.5 generated=64 generation_tps=0.434
AGENT index=5 mig=fafc828a exit=0 wall_ms=111020 text=47179dd0dcd49eb0 role=child prefix_tokens=14282 suffix_tokens=26 model_ms=8356.4 context_ms=148.0 state_ms=14.16 prefix_ms=0.0 suffix_ms=3121.7 first_token_ms=13948.5 generation_ms=96557.0 generated=64 generation_tps=0.663
AGENT index=6 mig=31ffbfe4 exit=0 wall_ms=162996 text=f88f503d1005fa22 role=child prefix_tokens=14282 suffix_tokens=21 model_ms=8422.2 context_ms=171.9 state_ms=10.94 prefix_ms=0.0 suffix_ms=4079.4 first_token_ms=14921.0 generation_ms=147689.3 generated=64 generation_tps=0.433
AGENT index=7 mig=fafc828a exit=0 wall_ms=110074 text=f9c832b7cad1a509 role=child prefix_tokens=14282 suffix_tokens=31 model_ms=7478.3 context_ms=187.6 state_ms=23.31 prefix_ms=0.0 suffix_ms=1757.7 first_token_ms=12056.8 generation_ms=97506.3 generated=64 generation_tps=0.656
AGENT index=8 mig=31ffbfe4 exit=0 wall_ms=163536 text=a3c806a5411bc6e6 role=child prefix_tokens=14282 suffix_tokens=18 model_ms=8866.4 context_ms=82.6 state_ms=6.93 prefix_ms=0.0 suffix_ms=4315.6 first_token_ms=15604.3 generation_ms=147431.3 generated=64 generation_tps=0.434
AGENT index=9 mig=fafc828a exit=0 wall_ms=109860 text=a2d016def74ecc62 role=child prefix_tokens=14282 suffix_tokens=18 model_ms=7917.6 context_ms=137.8 state_ms=34.36 prefix_ms=0.0 suffix_ms=1693.8 first_token_ms=12072.7 generation_ms=97373.1 generated=64 generation_tps=0.657
AGENT index=10 mig=31ffbfe4 exit=0 wall_ms=138051 text=a733f3a39259263c role=child prefix_tokens=14282 suffix_tokens=18 model_ms=3807.5 context_ms=575.0 state_ms=15.66 prefix_ms=0.0 suffix_ms=958.7 first_token_ms=7397.7 generation_ms=130246.6 generated=64 generation_tps=0.491
AGENT index=11 mig=fafc828a exit=0 wall_ms=109985 text=ad0d6edf343e5e28 role=child prefix_tokens=14282 suffix_tokens=22 model_ms=8232.1 context_ms=156.6 state_ms=20.74 prefix_ms=0.0 suffix_ms=2615.2 first_token_ms=13314.5 generation_ms=96240.2 generated=64 generation_tps=0.665
AGENT index=12 mig=31ffbfe4 exit=0 wall_ms=163262 text=2c93819fe85df763 role=child prefix_tokens=14282 suffix_tokens=21 model_ms=8709.1 context_ms=125.1 state_ms=6.35 prefix_ms=0.0 suffix_ms=4507.3 first_token_ms=15811.4 generation_ms=147013.3 generated=64 generation_tps=0.435
AGENT index=13 mig=fafc828a exit=0 wall_ms=109821 text=5d483815f91685a6 role=child prefix_tokens=14282 suffix_tokens=31 model_ms=7545.4 context_ms=186.5 state_ms=30.81 prefix_ms=0.0 suffix_ms=1809.9 first_token_ms=12020.2 generation_ms=97381.2 generated=64 generation_tps=0.657
AGENT index=14 mig=31ffbfe4 exit=0 wall_ms=160034 text=f8f770d151794139 role=child prefix_tokens=14282 suffix_tokens=21 model_ms=7425.1 context_ms=128.3 state_ms=32.73 prefix_ms=0.0 suffix_ms=1199.7 first_token_ms=11121.2 generation_ms=148508.7 generated=64 generation_tps=0.431
AGENT index=15 mig=fafc828a exit=0 wall_ms=111653 text=0d9668c2f9cbc9fc role=child prefix_tokens=14282 suffix_tokens=26 model_ms=8833.0 context_ms=105.8 state_ms=6.54 prefix_ms=0.0 suffix_ms=3259.3 first_token_ms=14532.4 generation_ms=96171.4 generated=64 generation_tps=0.665
AGENT index=16 mig=31ffbfe4 exit=0 wall_ms=163872 text=a6ffaf564cadb5d1 role=child prefix_tokens=14282 suffix_tokens=25 model_ms=8396.8 context_ms=142.3 state_ms=9.87 prefix_ms=0.0 suffix_ms=4334.2 first_token_ms=15483.7 generation_ms=147691.1 generated=64 generation_tps=0.433
AGENT index=17 mig=fafc828a exit=0 wall_ms=107955 text=6bd685fbc4b441ec role=child prefix_tokens=14282 suffix_tokens=22 model_ms=6915.2 context_ms=122.2 state_ms=23.21 prefix_ms=0.0 suffix_ms=821.9 first_token_ms=10506.0 generation_ms=97032.5 generated=64 generation_tps=0.660
AGENT index=18 mig=31ffbfe4 exit=0 wall_ms=163651 text=ba15e410535ababc role=child prefix_tokens=14282 suffix_tokens=21 model_ms=8658.6 context_ms=109.1 state_ms=7.74 prefix_ms=0.0 suffix_ms=4413.6 first_token_ms=15665.8 generation_ms=147407.2 generated=64 generation_tps=0.434
AGENT index=19 mig=fafc828a exit=0 wall_ms=111475 text=4c7501e634d9bf23 role=child prefix_tokens=14282 suffix_tokens=18 model_ms=8685.5 context_ms=215.1 state_ms=10.57 prefix_ms=0.0 suffix_ms=2840.8 first_token_ms=14035.3 generation_ms=96491.0 generated=64 generation_tps=0.663
AGENT index=20 mig=31ffbfe4 exit=0 wall_ms=162925 text=b3893059e7e79532 role=child prefix_tokens=14282 suffix_tokens=21 model_ms=8191.4 context_ms=86.1 state_ms=14.59 prefix_ms=0.0 suffix_ms=4254.7 first_token_ms=15102.1 generation_ms=147375.4 generated=64 generation_tps=0.434
AGENT index=21 mig=fafc828a exit=0 wall_ms=109978 text=284eef78a2286715 role=child prefix_tokens=14282 suffix_tokens=26 model_ms=7445.0 context_ms=112.3 state_ms=26.22 prefix_ms=0.0 suffix_ms=1868.3 first_token_ms=11961.5 generation_ms=97563.0 generated=64 generation_tps=0.656
AGENT index=22 mig=31ffbfe4 exit=0 wall_ms=163922 text=ad3122b47bf9d41d role=child prefix_tokens=14282 suffix_tokens=27 model_ms=8621.9 context_ms=104.3 state_ms=5.90 prefix_ms=0.0 suffix_ms=4519.5 first_token_ms=15808.6 generation_ms=147404.9 generated=64 generation_tps=0.434
AGENT index=23 mig=fafc828a exit=0 wall_ms=106918 text=fd9dec9936f784ff role=child prefix_tokens=14282 suffix_tokens=17 model_ms=7192.3 context_ms=78.6 state_ms=8.78 prefix_ms=0.0 suffix_ms=805.4 first_token_ms=10336.3 generation_ms=96180.1 generated=64 generation_tps=0.665
AGENT index=24 mig=31ffbfe4 exit=0 wall_ms=162285 text=9834d2c93010cb40 role=child prefix_tokens=14282 suffix_tokens=22 model_ms=7645.4 context_ms=122.9 state_ms=22.71 prefix_ms=0.0 suffix_ms=2961.6 first_token_ms=13464.1 generation_ms=148456.9 generated=64 generation_tps=0.431
AGENT index=25 mig=fafc828a exit=0 wall_ms=111374 text=d4e1fcaa961685d1 role=child prefix_tokens=14282 suffix_tokens=23 model_ms=8338.3 context_ms=166.1 state_ms=8.41 prefix_ms=0.0 suffix_ms=2836.2 first_token_ms=13917.7 generation_ms=96568.8 generated=64 generation_tps=0.663
AGENT index=26 mig=31ffbfe4 exit=0 wall_ms=163992 text=9e35020256b4a71c role=child prefix_tokens=14282 suffix_tokens=19 model_ms=8551.5 context_ms=133.7 state_ms=6.44 prefix_ms=0.0 suffix_ms=4390.6 first_token_ms=15649.2 generation_ms=147480.5 generated=64 generation_tps=0.434
AGENT index=27 mig=fafc828a exit=0 wall_ms=56561 text=178df8f18d21f57e role=child prefix_tokens=14282 suffix_tokens=21 model_ms=3064.2 context_ms=1131.7 state_ms=15.96 prefix_ms=0.0 suffix_ms=891.9 first_token_ms=7434.0 generation_ms=45336.0 generated=64 generation_tps=1.412
AGENT index=28 mig=31ffbfe4 exit=0 wall_ms=159782 text=15c67d79a860da75 role=child prefix_tokens=14282 suffix_tokens=20 model_ms=6875.8 context_ms=203.4 state_ms=38.34 prefix_ms=0.0 suffix_ms=1167.5 first_token_ms=10959.6 generation_ms=148440.2 generated=64 generation_tps=0.431
AGENT index=29 mig=fafc828a exit=0 wall_ms=111076 text=a72f71cd80731afe role=child prefix_tokens=14282 suffix_tokens=22 model_ms=8728.4 context_ms=157.6 state_ms=7.21 prefix_ms=0.0 suffix_ms=2904.1 first_token_ms=14079.7 generation_ms=96299.4 generated=64 generation_tps=0.665
AGENT index=30 mig=31ffbfe4 exit=0 wall_ms=163872 text=317f6f38771a1e41 role=child prefix_tokens=14282 suffix_tokens=20 model_ms=8703.5 context_ms=140.8 state_ms=6.12 prefix_ms=0.0 suffix_ms=4387.8 first_token_ms=15626.9 generation_ms=147408.7 generated=64 generation_tps=0.434
AGENT index=31 mig=fafc828a exit=0 wall_ms=110805 text=d52293b0dc058085 role=child prefix_tokens=14282 suffix_tokens=22 model_ms=8572.7 context_ms=178.7 state_ms=14.17 prefix_ms=0.0 suffix_ms=2913.6 first_token_ms=13944.2 generation_ms=96360.3 generated=64 generation_tps=0.664
AGENT index=32 mig=31ffbfe4 exit=0 wall_ms=144239 text=a067a6895417f0e8 role=child prefix_tokens=14282 suffix_tokens=28 model_ms=4995.0 context_ms=483.0 state_ms=15.20 prefix_ms=0.0 suffix_ms=873.6 first_token_ms=8055.2 generation_ms=135785.0 generated=64 generation_tps=0.471
AGENT index=33 mig=fafc828a exit=0 wall_ms=111559 text=5b450cf9627e77b9 role=child prefix_tokens=14282 suffix_tokens=23 model_ms=8254.1 context_ms=152.5 state_ms=15.83 prefix_ms=0.0 suffix_ms=2868.1 first_token_ms=13969.2 generation_ms=96653.8 generated=64 generation_tps=0.662
AGENT index=34 mig=31ffbfe4 exit=0 wall_ms=161359 text=5c09b6f1d055319b role=child prefix_tokens=14282 suffix_tokens=25 model_ms=7855.3 context_ms=85.4 state_ms=15.96 prefix_ms=0.0 suffix_ms=1862.2 first_token_ms=12043.4 generation_ms=148846.0 generated=64 generation_tps=0.430
AGENT index=35 mig=fafc828a exit=0 wall_ms=110599 text=077e38d3762a4e5d role=child prefix_tokens=14282 suffix_tokens=33 model_ms=8365.3 context_ms=113.3 state_ms=14.51 prefix_ms=0.0 suffix_ms=3352.6 first_token_ms=14143.1 generation_ms=95902.8 generated=64 generation_tps=0.667
AGENT index=36 mig=31ffbfe4 exit=0 wall_ms=162623 text=836ebfaf7d21007d role=child prefix_tokens=14282 suffix_tokens=24 model_ms=8900.2 context_ms=81.6 state_ms=8.06 prefix_ms=0.0 suffix_ms=4404.1 first_token_ms=15646.5 generation_ms=146524.6 generated=64 generation_tps=0.437
AGENT index=37 mig=fafc828a exit=0 wall_ms=108794 text=b5c1cde845350686 role=child prefix_tokens=14282 suffix_tokens=27 model_ms=7008.8 context_ms=88.9 state_ms=18.47 prefix_ms=0.0 suffix_ms=1195.9 first_token_ms=10897.6 generation_ms=97395.0 generated=64 generation_tps=0.657
AGENT index=38 mig=31ffbfe4 exit=0 wall_ms=162718 text=e57f2865bc99ed0e role=child prefix_tokens=14282 suffix_tokens=22 model_ms=8198.8 context_ms=145.4 state_ms=38.84 prefix_ms=0.0 suffix_ms=3685.5 first_token_ms=14413.1 generation_ms=147892.6 generated=64 generation_tps=0.433
AGENT index=39 mig=fafc828a exit=0 wall_ms=111333 text=f9c832b7cad1a509 role=child prefix_tokens=14282 suffix_tokens=32 model_ms=8425.1 context_ms=149.8 state_ms=6.39 prefix_ms=0.0 suffix_ms=3187.3 first_token_ms=14296.3 generation_ms=96338.4 generated=64 generation_tps=0.664
AGENT index=40 mig=31ffbfe4 exit=0 wall_ms=163892 text=1bedc9985ebffdf3 role=child prefix_tokens=14282 suffix_tokens=19 model_ms=8151.7 context_ms=169.9 state_ms=9.64 prefix_ms=0.0 suffix_ms=4183.6 first_token_ms=15205.9 generation_ms=147852.5 generated=64 generation_tps=0.433
AGENT index=41 mig=fafc828a exit=0 wall_ms=107069 text=3be32d4f1f40e878 role=child prefix_tokens=14282 suffix_tokens=19 model_ms=6589.2 context_ms=103.6 state_ms=42.39 prefix_ms=0.0 suffix_ms=771.0 first_token_ms=10166.6 generation_ms=96495.2 generated=64 generation_tps=0.663
AGENT index=42 mig=31ffbfe4 exit=0 wall_ms=163319 text=519b2de5b706a49d role=child prefix_tokens=14282 suffix_tokens=18 model_ms=8272.3 context_ms=182.6 state_ms=15.93 prefix_ms=0.0 suffix_ms=4183.9 first_token_ms=15184.1 generation_ms=147677.8 generated=64 generation_tps=0.433
AGENT index=43 mig=fafc828a exit=0 wall_ms=101746 text=ad92edad967aef00 role=child prefix_tokens=14282 suffix_tokens=22 model_ms=6397.2 context_ms=140.9 state_ms=15.77 prefix_ms=0.0 suffix_ms=399.3 first_token_ms=9299.9 generation_ms=92018.9 generated=64 generation_tps=0.696
AGENT index=44 mig=31ffbfe4 exit=0 wall_ms=163570 text=806eb5a225900d3a role=child prefix_tokens=14282 suffix_tokens=21 model_ms=8387.1 context_ms=210.5 state_ms=6.43 prefix_ms=0.0 suffix_ms=4328.4 first_token_ms=15390.4 generation_ms=147558.3 generated=64 generation_tps=0.434
AGENT index=45 mig=fafc828a exit=0 wall_ms=111104 text=9f441c92dda94d6e role=child prefix_tokens=14282 suffix_tokens=31 model_ms=8277.3 context_ms=126.7 state_ms=14.62 prefix_ms=0.0 suffix_ms=3088.7 first_token_ms=14001.6 generation_ms=96315.4 generated=64 generation_tps=0.664
AGENT index=46 mig=31ffbfe4 exit=0 wall_ms=162089 text=3f33f20708943e2f role=child prefix_tokens=14282 suffix_tokens=21 model_ms=7824.7 context_ms=118.2 state_ms=7.82 prefix_ms=0.0 suffix_ms=2868.8 first_token_ms=13287.6 generation_ms=148382.4 generated=64 generation_tps=0.431
AGENT index=47 mig=fafc828a exit=0 wall_ms=111073 text=0d9668c2f9cbc9fc role=child prefix_tokens=14282 suffix_tokens=26 model_ms=8203.0 context_ms=137.5 state_ms=15.66 prefix_ms=0.0 suffix_ms=3135.4 first_token_ms=13717.1 generation_ms=96636.7 generated=64 generation_tps=0.662
AGENT index=48 mig=31ffbfe4 exit=0 wall_ms=162558 text=27f58a7742c668f5 role=child prefix_tokens=14282 suffix_tokens=25 model_ms=8525.7 context_ms=97.4 state_ms=19.07 prefix_ms=0.0 suffix_ms=4122.2 first_token_ms=14895.8 generation_ms=147235.9 generated=64 generation_tps=0.435
AGENT index=49 mig=fafc828a exit=0 wall_ms=108107 text=6bd685fbc4b441ec role=child prefix_tokens=14282 suffix_tokens=22 model_ms=7294.1 context_ms=125.0 state_ms=26.87 prefix_ms=0.0 suffix_ms=968.5 first_token_ms=10597.0 generation_ms=97117.1 generated=64 generation_tps=0.659
AGENT index=50 mig=31ffbfe4 exit=0 wall_ms=163986 text=802dc3b79f95f0ef role=child prefix_tokens=14282 suffix_tokens=21 model_ms=8591.9 context_ms=78.0 state_ms=6.22 prefix_ms=0.0 suffix_ms=4428.4 first_token_ms=15605.6 generation_ms=147490.6 generated=64 generation_tps=0.434
AGENT index=51 mig=fafc828a exit=0 wall_ms=110360 text=88ab36014083e9b4 role=child prefix_tokens=14282 suffix_tokens=18 model_ms=7766.9 context_ms=187.8 state_ms=23.83 prefix_ms=0.0 suffix_ms=2239.8 first_token_ms=12758.7 generation_ms=97156.9 generated=64 generation_tps=0.659
AGENT index=52 mig=31ffbfe4 exit=0 wall_ms=163706 text=56ae1f5c8f39885b role=child prefix_tokens=14282 suffix_tokens=21 model_ms=8057.5 context_ms=145.5 state_ms=14.11 prefix_ms=0.0 suffix_ms=4214.8 first_token_ms=15094.5 generation_ms=147874.5 generated=64 generation_tps=0.433
AGENT index=53 mig=fafc828a exit=0 wall_ms=111484 text=11e4c2a85150fa06 role=child prefix_tokens=14282 suffix_tokens=26 model_ms=8238.4 context_ms=201.8 state_ms=6.36 prefix_ms=0.0 suffix_ms=3228.9 first_token_ms=14305.9 generation_ms=96290.6 generated=64 generation_tps=0.665
AGENT index=54 mig=31ffbfe4 exit=0 wall_ms=163864 text=3b6f5b9c968721eb role=child prefix_tokens=14282 suffix_tokens=27 model_ms=8376.6 context_ms=125.8 state_ms=6.72 prefix_ms=0.0 suffix_ms=4507.3 first_token_ms=15652.5 generation_ms=147440.9 generated=64 generation_tps=0.434
AGENT index=55 mig=fafc828a exit=0 wall_ms=102163 text=7e4fad52bd577abf role=child prefix_tokens=14282 suffix_tokens=17 model_ms=6193.3 context_ms=232.0 state_ms=39.20 prefix_ms=0.0 suffix_ms=533.3 first_token_ms=9290.7 generation_ms=92424.9 generated=64 generation_tps=0.692
AGENT index=56 mig=31ffbfe4 exit=0 wall_ms=161280 text=9834d2c93010cb40 role=child prefix_tokens=14282 suffix_tokens=22 model_ms=7480.5 context_ms=147.1 state_ms=30.77 prefix_ms=0.0 suffix_ms=1655.9 first_token_ms=11742.7 generation_ms=149107.3 generated=64 generation_tps=0.429
AGENT index=57 mig=fafc828a exit=0 wall_ms=110417 text=50630b6612aba7b8 role=child prefix_tokens=14282 suffix_tokens=23 model_ms=7689.6 context_ms=145.3 state_ms=30.00 prefix_ms=0.0 suffix_ms=2070.7 first_token_ms=12493.8 generation_ms=97446.2 generated=64 generation_tps=0.657
AGENT index=58 mig=31ffbfe4 exit=0 wall_ms=163694 text=9ca71337e20d8558 role=child prefix_tokens=14282 suffix_tokens=19 model_ms=8501.9 context_ms=126.3 state_ms=6.60 prefix_ms=0.0 suffix_ms=4406.8 first_token_ms=15543.0 generation_ms=147530.7 generated=64 generation_tps=0.434
AGENT index=59 mig=fafc828a exit=0 wall_ms=111365 text=a0d59f42adbdb7a7 role=child prefix_tokens=14282 suffix_tokens=21 model_ms=8267.5 context_ms=160.8 state_ms=6.36 prefix_ms=0.0 suffix_ms=2912.6 first_token_ms=13989.7 generation_ms=96569.5 generated=64 generation_tps=0.663
AGENT index=60 mig=31ffbfe4 exit=0 wall_ms=163953 text=b1fe3c81bfb2916f role=child prefix_tokens=14282 suffix_tokens=20 model_ms=8191.3 context_ms=220.1 state_ms=7.50 prefix_ms=0.0 suffix_ms=4399.0 first_token_ms=15455.6 generation_ms=147615.0 generated=64 generation_tps=0.434
AGENT index=61 mig=fafc828a exit=0 wall_ms=111307 text=5b7f00ee41a4f8ef role=child prefix_tokens=14282 suffix_tokens=22 model_ms=8300.3 context_ms=151.4 state_ms=10.38 prefix_ms=0.0 suffix_ms=2880.4 first_token_ms=13985.8 generation_ms=96577.7 generated=64 generation_tps=0.663
AGENT index=62 mig=31ffbfe4 exit=0 wall_ms=163949 text=c17cb2a0a71c6a47 role=child prefix_tokens=14282 suffix_tokens=20 model_ms=8515.2 context_ms=171.7 state_ms=6.49 prefix_ms=0.0 suffix_ms=4416.1 first_token_ms=15435.3 generation_ms=147562.8 generated=64 generation_tps=0.434
AGENT index=63 mig=fafc828a exit=0 wall_ms=110453 text=3b010582add6c19e role=child prefix_tokens=14282 suffix_tokens=22 model_ms=8211.0 context_ms=154.0 state_ms=19.81 prefix_ms=0.0 suffix_ms=2680.5 first_token_ms=13285.6 generation_ms=96647.0 generated=64 generation_tps=0.662
MEMORY mem_available_drop_mib=45037 mem_available_before_mib=120165 mem_free_before_mib=46169 pss_anon_mib=14864 pss_file_mib=5910 pss_shmem_mib=4505 device_mib=24768 samples=12
END_CASE failed_agents=0 wall_ms=164529
CASE mode=weights agents=1
AGENT index=0 mig=31ffbfe4 exit=0 wall_ms=5401 text=4605b6e04b2228eb role=child prefix_tokens=14282 suffix_tokens=27 model_ms=639.8 context_ms=38.7 state_ms=113.31 prefix_ms=0.0 suffix_ms=150.7 first_token_ms=979.4 generation_ms=4011.1 generated=64 generation_tps=15.956
MEMORY mem_available_drop_mib=1639 mem_available_before_mib=120178 mem_free_before_mib=46174 pss_anon_mib=227 pss_file_mib=4558 pss_shmem_mib=58 device_mib=1276 samples=1
END_CASE failed_agents=0 wall_ms=5436
CASE mode=weights agents=2
AGENT index=0 mig=31ffbfe4 exit=0 wall_ms=5869 text=4605b6e04b2228eb role=child prefix_tokens=14282 suffix_tokens=27 model_ms=691.3 context_ms=39.0 state_ms=197.32 prefix_ms=0.0 suffix_ms=152.7 first_token_ms=1149.0 generation_ms=4277.0 generated=64 generation_tps=14.964
AGENT index=1 mig=fafc828a exit=0 wall_ms=4409 text=a5af93194a2d1ced role=child prefix_tokens=14282 suffix_tokens=22 model_ms=690.4 context_ms=40.4 state_ms=174.00 prefix_ms=0.0 suffix_ms=100.4 first_token_ms=1094.8 generation_ms=2914.9 generated=64 generation_tps=21.956
MEMORY mem_available_drop_mib=3248 mem_available_before_mib=120089 mem_free_before_mib=46085 pss_anon_mib=456 pss_file_mib=4580 pss_shmem_mib=116 device_mib=2566 samples=1
END_CASE failed_agents=0 wall_ms=5910
CASE mode=weights agents=4
AGENT index=0 mig=31ffbfe4 exit=0 wall_ms=11071 text=4605b6e04b2228eb role=child prefix_tokens=14282 suffix_tokens=27 model_ms=870.6 context_ms=60.5 state_ms=139.51 prefix_ms=0.0 suffix_ms=282.0 first_token_ms=1523.1 generation_ms=9079.5 generated=64 generation_tps=7.049
AGENT index=1 mig=fafc828a exit=0 wall_ms=7912 text=a5af93194a2d1ced role=child prefix_tokens=14282 suffix_tokens=22 model_ms=852.2 context_ms=53.0 state_ms=139.80 prefix_ms=0.0 suffix_ms=155.9 first_token_ms=1364.7 generation_ms=6142.1 generated=64 generation_tps=10.420
AGENT index=2 mig=31ffbfe4 exit=0 wall_ms=10897 text=37e5f08e6279aa62 role=child prefix_tokens=14282 suffix_tokens=24 model_ms=849.6 context_ms=53.2 state_ms=151.04 prefix_ms=0.0 suffix_ms=235.5 first_token_ms=1453.4 generation_ms=9090.7 generated=64 generation_tps=7.040
AGENT index=3 mig=fafc828a exit=0 wall_ms=7934 text=5e1ac569aa8b0faf role=child prefix_tokens=14282 suffix_tokens=32 model_ms=873.5 context_ms=50.1 state_ms=136.88 prefix_ms=0.0 suffix_ms=197.2 first_token_ms=1425.9 generation_ms=6120.8 generated=64 generation_tps=10.456
MEMORY mem_available_drop_mib=6409 mem_available_before_mib=119975 mem_free_before_mib=45972 pss_anon_mib=916 pss_file_mib=4622 pss_shmem_mib=232 device_mib=5132 samples=2
END_CASE failed_agents=0 wall_ms=11125
CASE mode=weights agents=8
AGENT index=0 mig=31ffbfe4 exit=0 wall_ms=21013 text=4605b6e04b2228eb role=child prefix_tokens=14282 suffix_tokens=27 model_ms=1167.7 context_ms=139.5 state_ms=190.00 prefix_ms=0.0 suffix_ms=547.1 first_token_ms=2364.2 generation_ms=18286.4 generated=64 generation_tps=3.500
AGENT index=1 mig=fafc828a exit=0 wall_ms=14954 text=a5af93194a2d1ced role=child prefix_tokens=14282 suffix_tokens=22 model_ms=1179.3 context_ms=119.9 state_ms=190.84 prefix_ms=0.0 suffix_ms=346.5 first_token_ms=2139.5 generation_ms=12342.3 generated=64 generation_tps=5.185
AGENT index=2 mig=31ffbfe4 exit=0 wall_ms=21084 text=37e5f08e6279aa62 role=child prefix_tokens=14282 suffix_tokens=24 model_ms=1173.9 context_ms=139.7 state_ms=189.28 prefix_ms=0.0 suffix_ms=491.8 first_token_ms=2303.9 generation_ms=18353.5 generated=64 generation_tps=3.487
AGENT index=3 mig=fafc828a exit=0 wall_ms=15004 text=5e1ac569aa8b0faf role=child prefix_tokens=14282 suffix_tokens=32 model_ms=1159.6 context_ms=134.3 state_ms=182.92 prefix_ms=0.0 suffix_ms=384.5 first_token_ms=2183.2 generation_ms=12363.4 generated=64 generation_tps=5.177
AGENT index=4 mig=31ffbfe4 exit=0 wall_ms=20976 text=6e3d8f07cfceb082 role=child prefix_tokens=14282 suffix_tokens=23 model_ms=1165.4 context_ms=118.6 state_ms=201.08 prefix_ms=0.0 suffix_ms=484.6 first_token_ms=2287.0 generation_ms=18287.6 generated=64 generation_tps=3.500
AGENT index=5 mig=fafc828a exit=0 wall_ms=14949 text=47179dd0dcd49eb0 role=child prefix_tokens=14282 suffix_tokens=26 model_ms=1168.8 context_ms=123.9 state_ms=196.57 prefix_ms=0.0 suffix_ms=394.7 first_token_ms=2196.4 generation_ms=12355.3 generated=64 generation_tps=5.180
AGENT index=6 mig=31ffbfe4 exit=0 wall_ms=20920 text=f88f503d1005fa22 role=child prefix_tokens=14282 suffix_tokens=21 model_ms=1179.5 context_ms=114.7 state_ms=200.13 prefix_ms=0.0 suffix_ms=470.6 first_token_ms=2264.2 generation_ms=18275.8 generated=64 generation_tps=3.502
AGENT index=7 mig=fafc828a exit=0 wall_ms=14946 text=f9c832b7cad1a509 role=child prefix_tokens=14282 suffix_tokens=31 model_ms=1152.4 context_ms=113.0 state_ms=188.72 prefix_ms=0.0 suffix_ms=332.2 first_token_ms=2104.6 generation_ms=12344.9 generated=64 generation_tps=5.184
MEMORY mem_available_drop_mib=12893 mem_available_before_mib=120053 mem_free_before_mib=46050 pss_anon_mib=1829 pss_file_mib=4705 pss_shmem_mib=465 device_mib=10264 samples=4
END_CASE failed_agents=0 wall_ms=21163
CASE mode=weights agents=12
AGENT index=0 mig=31ffbfe4 exit=0 wall_ms=28089 text=4605b6e04b2228eb role=child prefix_tokens=14282 suffix_tokens=27 model_ms=914.6 context_ms=50.7 state_ms=117.40 prefix_ms=0.0 suffix_ms=146.7 first_token_ms=1595.4 generation_ms=26139.4 generated=64 generation_tps=2.448
AGENT index=1 mig=fafc828a exit=0 wall_ms=21148 text=a5af93194a2d1ced role=child prefix_tokens=14282 suffix_tokens=22 model_ms=1301.9 context_ms=55.0 state_ms=204.01 prefix_ms=0.0 suffix_ms=214.1 first_token_ms=2212.1 generation_ms=18544.5 generated=64 generation_tps=3.451
AGENT index=2 mig=31ffbfe4 exit=0 wall_ms=30244 text=37e5f08e6279aa62 role=child prefix_tokens=14282 suffix_tokens=24 model_ms=1339.3 context_ms=77.3 state_ms=286.84 prefix_ms=0.0 suffix_ms=690.5 first_token_ms=2832.2 generation_ms=27039.9 generated=64 generation_tps=2.367
AGENT index=3 mig=fafc828a exit=0 wall_ms=21660 text=5e1ac569aa8b0faf role=child prefix_tokens=14282 suffix_tokens=32 model_ms=1367.1 context_ms=89.7 state_ms=240.49 prefix_ms=0.0 suffix_ms=530.6 first_token_ms=2674.8 generation_ms=18545.5 generated=64 generation_tps=3.451
AGENT index=4 mig=31ffbfe4 exit=0 wall_ms=30462 text=6e3d8f07cfceb082 role=child prefix_tokens=14282 suffix_tokens=23 model_ms=1400.1 context_ms=106.9 state_ms=266.45 prefix_ms=0.0 suffix_ms=788.4 first_token_ms=3005.7 generation_ms=27002.5 generated=64 generation_tps=2.370
AGENT index=5 mig=fafc828a exit=0 wall_ms=21706 text=47179dd0dcd49eb0 role=child prefix_tokens=14282 suffix_tokens=26 model_ms=1374.6 context_ms=106.6 state_ms=232.21 prefix_ms=0.0 suffix_ms=577.7 first_token_ms=2746.4 generation_ms=18506.0 generated=64 generation_tps=3.458
AGENT index=6 mig=31ffbfe4 exit=0 wall_ms=30211 text=f88f503d1005fa22 role=child prefix_tokens=14282 suffix_tokens=21 model_ms=1277.3 context_ms=65.1 state_ms=290.93 prefix_ms=0.0 suffix_ms=618.9 first_token_ms=2695.7 generation_ms=27130.3 generated=64 generation_tps=2.359
AGENT index=7 mig=fafc828a exit=0 wall_ms=21780 text=f9c832b7cad1a509 role=child prefix_tokens=14282 suffix_tokens=31 model_ms=1394.4 context_ms=106.8 state_ms=240.05 prefix_ms=0.0 suffix_ms=570.1 first_token_ms=2743.7 generation_ms=18497.2 generated=64 generation_tps=3.460
AGENT index=8 mig=31ffbfe4 exit=0 wall_ms=30334 text=a3c806a5411bc6e6 role=child prefix_tokens=14282 suffix_tokens=18 model_ms=1354.4 context_ms=107.2 state_ms=280.16 prefix_ms=0.0 suffix_ms=765.2 first_token_ms=2935.1 generation_ms=27020.1 generated=64 generation_tps=2.369
AGENT index=9 mig=fafc828a exit=0 wall_ms=21599 text=a2d016def74ecc62 role=child prefix_tokens=14282 suffix_tokens=18 model_ms=1377.6 context_ms=113.8 state_ms=231.37 prefix_ms=0.0 suffix_ms=505.2 first_token_ms=2675.8 generation_ms=18491.7 generated=64 generation_tps=3.461
AGENT index=10 mig=31ffbfe4 exit=0 wall_ms=30355 text=a733f3a39259263c role=child prefix_tokens=14282 suffix_tokens=18 model_ms=1434.3 context_ms=81.4 state_ms=266.07 prefix_ms=0.0 suffix_ms=813.8 first_token_ms=3040.6 generation_ms=26970.3 generated=64 generation_tps=2.373
AGENT index=11 mig=fafc828a exit=0 wall_ms=21722 text=ad0d6edf343e5e28 role=child prefix_tokens=14282 suffix_tokens=22 model_ms=1350.5 context_ms=105.5 state_ms=236.00 prefix_ms=0.0 suffix_ms=528.2 first_token_ms=2671.8 generation_ms=18567.5 generated=64 generation_tps=3.447
MEMORY mem_available_drop_mib=19373 mem_available_before_mib=120111 mem_free_before_mib=46107 pss_anon_mib=2746 pss_file_mib=4788 pss_shmem_mib=698 device_mib=15396 samples=5
END_CASE failed_agents=0 wall_ms=30567
CASE mode=weights agents=16
AGENT index=0 mig=31ffbfe4 exit=0 wall_ms=40354 text=4605b6e04b2228eb role=child prefix_tokens=14282 suffix_tokens=27 model_ms=1679.9 context_ms=97.0 state_ms=308.36 prefix_ms=0.0 suffix_ms=692.2 first_token_ms=3362.8 generation_ms=36602.9 generated=64 generation_tps=1.748
AGENT index=1 mig=fafc828a exit=0 wall_ms=28656 text=a5af93194a2d1ced role=child prefix_tokens=14282 suffix_tokens=22 model_ms=2084.6 context_ms=80.5 state_ms=586.09 prefix_ms=0.0 suffix_ms=749.0 first_token_ms=4112.4 generation_ms=24196.5 generated=64 generation_tps=2.645
AGENT index=2 mig=31ffbfe4 exit=0 wall_ms=38724 text=37e5f08e6279aa62 role=child prefix_tokens=14282 suffix_tokens=24 model_ms=1517.1 context_ms=39.2 state_ms=119.71 prefix_ms=0.0 suffix_ms=219.0 first_token_ms=2405.7 generation_ms=35936.0 generated=64 generation_tps=1.781
AGENT index=3 mig=fafc828a exit=0 wall_ms=28177 text=5e1ac569aa8b0faf role=child prefix_tokens=14282 suffix_tokens=32 model_ms=1707.4 context_ms=79.5 state_ms=234.58 prefix_ms=0.0 suffix_ms=416.1 first_token_ms=3012.2 generation_ms=24703.1 generated=64 generation_tps=2.591
AGENT index=4 mig=31ffbfe4 exit=0 wall_ms=40646 text=6e3d8f07cfceb082 role=child prefix_tokens=14282 suffix_tokens=23 model_ms=1692.3 context_ms=126.6 state_ms=392.15 prefix_ms=0.0 suffix_ms=981.8 first_token_ms=3825.3 generation_ms=36441.8 generated=64 generation_tps=1.756
AGENT index=5 mig=fafc828a exit=0 wall_ms=28571 text=47179dd0dcd49eb0 role=child prefix_tokens=14282 suffix_tokens=26 model_ms=1778.5 context_ms=110.8 state_ms=272.93 prefix_ms=0.0 suffix_ms=607.8 first_token_ms=3368.4 generation_ms=24662.4 generated=64 generation_tps=2.595
AGENT index=6 mig=31ffbfe4 exit=0 wall_ms=40780 text=f88f503d1005fa22 role=child prefix_tokens=14282 suffix_tokens=21 model_ms=1940.7 context_ms=71.3 state_ms=335.84 prefix_ms=0.0 suffix_ms=1105.5 first_token_ms=4044.7 generation_ms=36276.5 generated=64 generation_tps=1.764
AGENT index=7 mig=fafc828a exit=0 wall_ms=28569 text=f9c832b7cad1a509 role=child prefix_tokens=14282 suffix_tokens=31 model_ms=1775.2 context_ms=133.6 state_ms=371.44 prefix_ms=0.0 suffix_ms=682.0 first_token_ms=3554.2 generation_ms=24600.2 generated=64 generation_tps=2.602
AGENT index=8 mig=31ffbfe4 exit=0 wall_ms=40876 text=a3c806a5411bc6e6 role=child prefix_tokens=14282 suffix_tokens=18 model_ms=2049.1 context_ms=72.0 state_ms=437.06 prefix_ms=0.0 suffix_ms=1115.3 first_token_ms=4259.9 generation_ms=36099.0 generated=64 generation_tps=1.773
AGENT index=9 mig=fafc828a exit=0 wall_ms=28414 text=a2d016def74ecc62 role=child prefix_tokens=14282 suffix_tokens=18 model_ms=1735.0 context_ms=145.1 state_ms=262.85 prefix_ms=0.0 suffix_ms=532.0 first_token_ms=3257.6 generation_ms=24683.3 generated=64 generation_tps=2.593
AGENT index=10 mig=31ffbfe4 exit=0 wall_ms=40534 text=a733f3a39259263c role=child prefix_tokens=14282 suffix_tokens=18 model_ms=1735.9 context_ms=123.1 state_ms=372.06 prefix_ms=0.0 suffix_ms=816.7 first_token_ms=3615.2 generation_ms=36516.7 generated=64 generation_tps=1.753
AGENT index=11 mig=fafc828a exit=0 wall_ms=28109 text=ad0d6edf343e5e28 role=child prefix_tokens=14282 suffix_tokens=22 model_ms=1698.8 context_ms=104.9 state_ms=227.91 prefix_ms=0.0 suffix_ms=368.8 first_token_ms=2953.6 generation_ms=24680.5 generated=64 generation_tps=2.593
AGENT index=12 mig=31ffbfe4 exit=0 wall_ms=40737 text=2c93819fe85df763 role=child prefix_tokens=14282 suffix_tokens=21 model_ms=1813.7 context_ms=109.2 state_ms=365.76 prefix_ms=0.0 suffix_ms=1010.9 first_token_ms=3913.4 generation_ms=36382.8 generated=64 generation_tps=1.759
AGENT index=13 mig=fafc828a exit=0 wall_ms=28501 text=5d483815f91685a6 role=child prefix_tokens=14282 suffix_tokens=31 model_ms=1688.0 context_ms=125.4 state_ms=314.43 prefix_ms=0.0 suffix_ms=614.8 first_token_ms=3340.2 generation_ms=24681.9 generated=64 generation_tps=2.593
AGENT index=14 mig=31ffbfe4 exit=0 wall_ms=40734 text=f8f770d151794139 role=child prefix_tokens=14282 suffix_tokens=21 model_ms=1768.6 context_ms=153.8 state_ms=367.65 prefix_ms=0.0 suffix_ms=987.3 first_token_ms=3872.8 generation_ms=36413.8 generated=64 generation_tps=1.758
AGENT index=15 mig=fafc828a exit=0 wall_ms=28724 text=0d9668c2f9cbc9fc role=child prefix_tokens=14282 suffix_tokens=26 model_ms=2038.2 context_ms=73.7 state_ms=589.53 prefix_ms=0.0 suffix_ms=797.1 first_token_ms=4096.5 generation_ms=24205.0 generated=64 generation_tps=2.644
MEMORY mem_available_drop_mib=25796 mem_available_before_mib=120140 mem_free_before_mib=46136 pss_anon_mib=3668 pss_file_mib=4883 pss_shmem_mib=931 device_mib=20528 samples=7
END_CASE failed_agents=0 wall_ms=41010
CASE mode=weights agents=32
AGENT index=0 mig=31ffbfe4 exit=0 wall_ms=80668 text=4605b6e04b2228eb role=child prefix_tokens=14282 suffix_tokens=27 model_ms=4097.7 context_ms=243.0 state_ms=1119.45 prefix_ms=0.0 suffix_ms=2254.2 first_token_ms=8879.8 generation_ms=71408.5 generated=64 generation_tps=0.896
AGENT index=1 mig=fafc828a exit=0 wall_ms=55966 text=a5af93194a2d1ced role=child prefix_tokens=14282 suffix_tokens=22 model_ms=3733.1 context_ms=159.8 state_ms=439.42 prefix_ms=0.0 suffix_ms=869.8 first_token_ms=6382.9 generation_ms=49115.5 generated=64 generation_tps=1.303
AGENT index=2 mig=31ffbfe4 exit=0 wall_ms=72359 text=37e5f08e6279aa62 role=child prefix_tokens=14282 suffix_tokens=24 model_ms=2663.7 context_ms=138.0 state_ms=154.28 prefix_ms=0.0 suffix_ms=422.5 first_token_ms=4184.4 generation_ms=67830.9 generated=64 generation_tps=0.944
AGENT index=3 mig=fafc828a exit=0 wall_ms=55885 text=5e1ac569aa8b0faf role=child prefix_tokens=14282 suffix_tokens=32 model_ms=3615.8 context_ms=103.6 state_ms=447.61 prefix_ms=0.0 suffix_ms=968.8 first_token_ms=6334.1 generation_ms=49108.4 generated=64 generation_tps=1.303
AGENT index=4 mig=31ffbfe4 exit=0 wall_ms=72945 text=6e3d8f07cfceb082 role=child prefix_tokens=14282 suffix_tokens=23 model_ms=2241.7 context_ms=128.2 state_ms=156.28 prefix_ms=0.0 suffix_ms=467.4 first_token_ms=4213.2 generation_ms=68354.7 generated=64 generation_tps=0.936
AGENT index=5 mig=fafc828a exit=0 wall_ms=57000 text=47179dd0dcd49eb0 role=child prefix_tokens=14282 suffix_tokens=26 model_ms=4104.9 context_ms=248.0 state_ms=918.88 prefix_ms=0.0 suffix_ms=1550.3 first_token_ms=8001.1 generation_ms=48476.6 generated=64 generation_tps=1.320
AGENT index=6 mig=31ffbfe4 exit=0 wall_ms=80685 text=f88f503d1005fa22 role=child prefix_tokens=14282 suffix_tokens=21 model_ms=3955.9 context_ms=260.7 state_ms=1118.83 prefix_ms=0.0 suffix_ms=2001.0 first_token_ms=8502.4 generation_ms=71666.2 generated=64 generation_tps=0.893
AGENT index=7 mig=fafc828a exit=0 wall_ms=55776 text=f9c832b7cad1a509 role=child prefix_tokens=14282 suffix_tokens=31 model_ms=3425.3 context_ms=92.1 state_ms=418.45 prefix_ms=0.0 suffix_ms=1067.3 first_token_ms=6258.8 generation_ms=49075.4 generated=64 generation_tps=1.304
AGENT index=8 mig=31ffbfe4 exit=0 wall_ms=80605 text=a3c806a5411bc6e6 role=child prefix_tokens=14282 suffix_tokens=18 model_ms=3837.4 context_ms=225.1 state_ms=1082.11 prefix_ms=0.0 suffix_ms=1972.0 first_token_ms=8432.7 generation_ms=71737.9 generated=64 generation_tps=0.892
AGENT index=9 mig=fafc828a exit=0 wall_ms=56765 text=a2d016def74ecc62 role=child prefix_tokens=14282 suffix_tokens=18 model_ms=4106.9 context_ms=189.0 state_ms=897.46 prefix_ms=0.0 suffix_ms=1351.0 first_token_ms=7690.2 generation_ms=48666.5 generated=64 generation_tps=1.315
AGENT index=10 mig=31ffbfe4 exit=0 wall_ms=79509 text=a733f3a39259263c role=child prefix_tokens=14282 suffix_tokens=18 model_ms=3230.7 context_ms=135.4 state_ms=564.22 prefix_ms=0.0 suffix_ms=1425.9 first_token_ms=6566.1 generation_ms=72546.6 generated=64 generation_tps=0.882
AGENT index=11 mig=fafc828a exit=0 wall_ms=56050 text=ad0d6edf343e5e28 role=child prefix_tokens=14282 suffix_tokens=22 model_ms=3634.8 context_ms=186.2 state_ms=481.35 prefix_ms=0.0 suffix_ms=883.0 first_token_ms=6459.7 generation_ms=49171.4 generated=64 generation_tps=1.302
AGENT index=12 mig=31ffbfe4 exit=0 wall_ms=79633 text=2c93819fe85df763 role=child prefix_tokens=14282 suffix_tokens=21 model_ms=3285.1 context_ms=118.1 state_ms=522.42 prefix_ms=0.0 suffix_ms=1409.1 first_token_ms=6651.4 generation_ms=72566.8 generated=64 generation_tps=0.882
AGENT index=13 mig=fafc828a exit=0 wall_ms=52870 text=5d483815f91685a6 role=child prefix_tokens=14282 suffix_tokens=31 model_ms=3181.6 context_ms=45.1 state_ms=216.48 prefix_ms=0.0 suffix_ms=259.2 first_token_ms=4823.9 generation_ms=45840.3 generated=64 generation_tps=1.396
AGENT index=14 mig=31ffbfe4 exit=0 wall_ms=80560 text=f8f770d151794139 role=child prefix_tokens=14282 suffix_tokens=21 model_ms=3817.6 context_ms=272.4 state_ms=1117.65 prefix_ms=0.0 suffix_ms=2007.1 first_token_ms=8538.5 generation_ms=71607.0 generated=64 generation_tps=0.894
AGENT index=15 mig=fafc828a exit=0 wall_ms=55937 text=0d9668c2f9cbc9fc role=child prefix_tokens=14282 suffix_tokens=26 model_ms=3654.7 context_ms=152.0 state_ms=431.67 prefix_ms=0.0 suffix_ms=1032.7 first_token_ms=6377.6 generation_ms=49033.5 generated=64 generation_tps=1.305
AGENT index=16 mig=31ffbfe4 exit=0 wall_ms=80833 text=a6ffaf564cadb5d1 role=child prefix_tokens=14282 suffix_tokens=25 model_ms=4057.5 context_ms=187.8 state_ms=1053.51 prefix_ms=0.0 suffix_ms=2317.1 first_token_ms=8935.5 generation_ms=71388.4 generated=64 generation_tps=0.897
AGENT index=17 mig=fafc828a exit=0 wall_ms=56908 text=6bd685fbc4b441ec role=child prefix_tokens=14282 suffix_tokens=22 model_ms=3907.9 context_ms=220.1 state_ms=924.59 prefix_ms=0.0 suffix_ms=1392.7 first_token_ms=7801.5 generation_ms=48627.9 generated=64 generation_tps=1.316
AGENT index=18 mig=31ffbfe4 exit=0 wall_ms=79553 text=ba15e410535ababc role=child prefix_tokens=14282 suffix_tokens=21 model_ms=3133.1 context_ms=166.0 state_ms=545.45 prefix_ms=0.0 suffix_ms=1373.0 first_token_ms=6515.5 generation_ms=72668.0 generated=64 generation_tps=0.881
AGENT index=19 mig=fafc828a exit=0 wall_ms=56954 text=4c7501e634d9bf23 role=child prefix_tokens=14282 suffix_tokens=18 model_ms=4052.1 context_ms=157.7 state_ms=918.65 prefix_ms=0.0 suffix_ms=1467.6 first_token_ms=7915.4 generation_ms=48533.2 generated=64 generation_tps=1.319
AGENT index=20 mig=31ffbfe4 exit=0 wall_ms=79916 text=b3893059e7e79532 role=child prefix_tokens=14282 suffix_tokens=21 model_ms=3713.4 context_ms=190.6 state_ms=749.93 prefix_ms=0.0 suffix_ms=1532.9 first_token_ms=7323.4 generation_ms=72144.6 generated=64 generation_tps=0.887
AGENT index=21 mig=fafc828a exit=0 wall_ms=56619 text=284eef78a2286715 role=child prefix_tokens=14282 suffix_tokens=26 model_ms=3955.0 context_ms=219.8 state_ms=727.08 prefix_ms=0.0 suffix_ms=1287.3 first_token_ms=7318.4 generation_ms=48845.4 generated=64 generation_tps=1.310
AGENT index=22 mig=31ffbfe4 exit=0 wall_ms=79808 text=ad3122b47bf9d41d role=child prefix_tokens=14282 suffix_tokens=27 model_ms=3482.7 context_ms=140.8 state_ms=540.85 prefix_ms=0.0 suffix_ms=1473.8 first_token_ms=6724.2 generation_ms=72676.2 generated=64 generation_tps=0.881
AGENT index=23 mig=fafc828a exit=0 wall_ms=56406 text=fd9dec9936f784ff role=child prefix_tokens=14282 suffix_tokens=17 model_ms=3710.1 context_ms=226.0 state_ms=620.54 prefix_ms=0.0 suffix_ms=995.3 first_token_ms=6838.2 generation_ms=49139.4 generated=64 generation_tps=1.302
AGENT index=24 mig=31ffbfe4 exit=0 wall_ms=80773 text=9834d2c93010cb40 role=child prefix_tokens=14282 suffix_tokens=22 model_ms=3993.5 context_ms=234.8 state_ms=1054.01 prefix_ms=0.0 suffix_ms=2152.0 first_token_ms=8764.7 generation_ms=71507.4 generated=64 generation_tps=0.895
AGENT index=25 mig=fafc828a exit=0 wall_ms=57011 text=d4e1fcaa961685d1 role=child prefix_tokens=14282 suffix_tokens=23 model_ms=4079.8 context_ms=154.5 state_ms=933.10 prefix_ms=0.0 suffix_ms=1396.9 first_token_ms=7805.3 generation_ms=48607.6 generated=64 generation_tps=1.317
AGENT index=26 mig=31ffbfe4 exit=0 wall_ms=79424 text=9e35020256b4a71c role=child prefix_tokens=14282 suffix_tokens=19 model_ms=3191.6 context_ms=160.2 state_ms=512.65 prefix_ms=0.0 suffix_ms=1407.9 first_token_ms=6488.9 generation_ms=72531.1 generated=64 generation_tps=0.882
AGENT index=27 mig=fafc828a exit=0 wall_ms=56576 text=178df8f18d21f57e role=child prefix_tokens=14282 suffix_tokens=21 model_ms=4010.1 context_ms=260.1 state_ms=923.36 prefix_ms=0.0 suffix_ms=1391.9 first_token_ms=7774.6 generation_ms=48393.7 generated=64 generation_tps=1.322
AGENT index=28 mig=31ffbfe4 exit=0 wall_ms=80713 text=15c67d79a860da75 role=child prefix_tokens=14282 suffix_tokens=20 model_ms=4050.0 context_ms=263.9 state_ms=1109.78 prefix_ms=0.0 suffix_ms=2071.4 first_token_ms=8600.5 generation_ms=71630.8 generated=64 generation_tps=0.893
AGENT index=29 mig=fafc828a exit=0 wall_ms=56953 text=a72f71cd80731afe role=child prefix_tokens=14282 suffix_tokens=22 model_ms=3962.7 context_ms=184.5 state_ms=949.11 prefix_ms=0.0 suffix_ms=1424.0 first_token_ms=7843.3 generation_ms=48582.6 generated=64 generation_tps=1.317
AGENT index=30 mig=31ffbfe4 exit=0 wall_ms=80729 text=317f6f38771a1e41 role=child prefix_tokens=14282 suffix_tokens=20 model_ms=3648.0 context_ms=291.5 state_ms=1069.39 prefix_ms=0.0 suffix_ms=2005.2 first_token_ms=8343.1 generation_ms=71889.7 generated=64 generation_tps=0.890
AGENT index=31 mig=fafc828a exit=0 wall_ms=54281 text=d52293b0dc058085 role=child prefix_tokens=14282 suffix_tokens=22 model_ms=3273.7 context_ms=116.5 state_ms=393.37 prefix_ms=0.0 suffix_ms=503.4 first_token_ms=5374.6 generation_ms=48542.4 generated=64 generation_tps=1.318
MEMORY mem_available_drop_mib=51419 mem_available_before_mib=120143 mem_free_before_mib=46135 pss_anon_mib=7318 pss_file_mib=5201 pss_shmem_mib=1862 device_mib=41056 samples=13
END_CASE failed_agents=0 wall_ms=81081
CASE mode=kv agents=1
AGENT index=0 mig=31ffbfe4 exit=0 wall_ms=5671 text=4605b6e04b2228eb role=child prefix_tokens=14282 suffix_tokens=27 model_ms=1151.2 context_ms=26.3 state_ms=6.20 prefix_ms=0.0 suffix_ms=142.5 first_token_ms=1362.8 generation_ms=3913.9 generated=64 generation_tps=16.352
MEMORY mem_available_drop_mib=5262 mem_available_before_mib=120156 mem_free_before_mib=46144 pss_anon_mib=230 pss_file_mib=97 pss_shmem_mib=1131 device_mib=4550 samples=1
END_CASE failed_agents=0 wall_ms=5709
CASE mode=kv agents=2
AGENT index=0 mig=31ffbfe4 exit=0 wall_ms=6205 text=4605b6e04b2228eb role=child prefix_tokens=14282 suffix_tokens=27 model_ms=1315.9 context_ms=27.0 state_ms=6.17 prefix_ms=0.0 suffix_ms=150.6 first_token_ms=1592.2 generation_ms=4225.9 generated=64 generation_tps=15.145
AGENT index=1 mig=fafc828a exit=0 wall_ms=4807 text=a5af93194a2d1ced role=child prefix_tokens=14282 suffix_tokens=22 model_ms=1257.8 context_ms=25.8 state_ms=6.11 prefix_ms=0.0 suffix_ms=100.0 first_token_ms=1480.8 generation_ms=2918.2 generated=64 generation_tps=21.932
MEMORY mem_available_drop_mib=10463 mem_available_before_mib=119849 mem_free_before_mib=45838 pss_anon_mib=462 pss_file_mib=119 pss_shmem_mib=1482 device_mib=9114 samples=1
END_CASE failed_agents=0 wall_ms=6247
CASE mode=kv agents=4
AGENT index=0 mig=31ffbfe4 exit=0 wall_ms=11577 text=4605b6e04b2228eb role=child prefix_tokens=14282 suffix_tokens=27 model_ms=1637.9 context_ms=34.3 state_ms=6.35 prefix_ms=0.0 suffix_ms=270.3 first_token_ms=2116.8 generation_ms=8992.6 generated=64 generation_tps=7.117
AGENT index=1 mig=fafc828a exit=0 wall_ms=8448 text=a5af93194a2d1ced role=child prefix_tokens=14282 suffix_tokens=22 model_ms=1541.1 context_ms=28.0 state_ms=6.18 prefix_ms=0.0 suffix_ms=101.9 first_token_ms=1839.9 generation_ms=6113.4 generated=64 generation_tps=10.469
AGENT index=2 mig=31ffbfe4 exit=0 wall_ms=11623 text=37e5f08e6279aa62 role=child prefix_tokens=14282 suffix_tokens=24 model_ms=1659.3 context_ms=27.0 state_ms=6.29 prefix_ms=0.0 suffix_ms=266.0 first_token_ms=2124.3 generation_ms=9001.4 generated=64 generation_tps=7.110
AGENT index=3 mig=fafc828a exit=0 wall_ms=8518 text=5e1ac569aa8b0faf role=child prefix_tokens=14282 suffix_tokens=32 model_ms=1631.4 context_ms=31.2 state_ms=6.41 prefix_ms=0.0 suffix_ms=199.5 first_token_ms=2040.2 generation_ms=6058.5 generated=64 generation_tps=10.564
MEMORY mem_available_drop_mib=20793 mem_available_before_mib=119509 mem_free_before_mib=45498 pss_anon_mib=971 pss_file_mib=161 pss_shmem_mib=2183 device_mib=18228 samples=2
END_CASE failed_agents=0 wall_ms=11680
CASE mode=kv agents=8
AGENT index=0 mig=31ffbfe4 exit=0 wall_ms=20969 text=4605b6e04b2228eb role=child prefix_tokens=14282 suffix_tokens=27 model_ms=2207.8 context_ms=30.8 state_ms=6.35 prefix_ms=0.0 suffix_ms=225.2 first_token_ms=2734.1 generation_ms=17811.6 generated=64 generation_tps=3.593
AGENT index=1 mig=fafc828a exit=0 wall_ms=15874 text=a5af93194a2d1ced role=child prefix_tokens=14282 suffix_tokens=22 model_ms=2421.9 context_ms=32.0 state_ms=6.64 prefix_ms=0.0 suffix_ms=293.6 first_token_ms=3066.4 generation_ms=12279.4 generated=64 generation_tps=5.212
AGENT index=2 mig=31ffbfe4 exit=0 wall_ms=21436 text=37e5f08e6279aa62 role=child prefix_tokens=14282 suffix_tokens=24 model_ms=2252.4 context_ms=35.5 state_ms=6.58 prefix_ms=0.0 suffix_ms=426.8 first_token_ms=3033.7 generation_ms=17847.1 generated=64 generation_tps=3.586
AGENT index=3 mig=fafc828a exit=0 wall_ms=15280 text=5e1ac569aa8b0faf role=child prefix_tokens=14282 suffix_tokens=32 model_ms=2233.0 context_ms=33.2 state_ms=6.35 prefix_ms=0.0 suffix_ms=151.0 first_token_ms=2723.0 generation_ms=12125.2 generated=64 generation_tps=5.278
AGENT index=4 mig=31ffbfe4 exit=0 wall_ms=21406 text=6e3d8f07cfceb082 role=child prefix_tokens=14282 suffix_tokens=23 model_ms=2241.3 context_ms=35.9 state_ms=6.25 prefix_ms=0.0 suffix_ms=434.5 first_token_ms=3036.0 generation_ms=17834.0 generated=64 generation_tps=3.589
AGENT index=5 mig=fafc828a exit=0 wall_ms=16017 text=47179dd0dcd49eb0 role=child prefix_tokens=14282 suffix_tokens=26 model_ms=2439.7 context_ms=29.6 state_ms=6.07 prefix_ms=0.0 suffix_ms=393.2 first_token_ms=3182.2 generation_ms=12220.3 generated=64 generation_tps=5.237
AGENT index=6 mig=31ffbfe4 exit=0 wall_ms=21552 text=f88f503d1005fa22 role=child prefix_tokens=14282 suffix_tokens=21 model_ms=3128.4 context_ms=29.1 state_ms=6.22 prefix_ms=0.0 suffix_ms=570.6 first_token_ms=4048.8 generation_ms=17083.4 generated=64 generation_tps=3.746
AGENT index=7 mig=fafc828a exit=0 wall_ms=15988 text=f9c832b7cad1a509 role=child prefix_tokens=14282 suffix_tokens=31 model_ms=2485.9 context_ms=30.1 state_ms=6.48 prefix_ms=0.0 suffix_ms=419.3 first_token_ms=3253.6 generation_ms=12177.3 generated=64 generation_tps=5.256
MEMORY mem_available_drop_mib=41564 mem_available_before_mib=119793 mem_free_before_mib=45782 pss_anon_mib=1967 pss_file_mib=245 pss_shmem_mib=3585 device_mib=36456 samples=4
END_CASE failed_agents=0 wall_ms=21639
CASE mode=kv agents=12
AGENT index=0 mig=31ffbfe4 exit=0 wall_ms=23409 text=4605b6e04b2228eb role=child prefix_tokens=14282 suffix_tokens=27 model_ms=1928.6 context_ms=44.4 state_ms=6.43 prefix_ms=0.0 suffix_ms=275.0 first_token_ms=2538.9 generation_ms=20442.9 generated=64 generation_tps=3.131
AGENT index=1 mig=fafc828a exit=0 wall_ms=22419 text=a5af93194a2d1ced role=child prefix_tokens=14282 suffix_tokens=22 model_ms=2805.6 context_ms=38.5 state_ms=6.60 prefix_ms=0.0 suffix_ms=251.2 first_token_ms=3538.5 generation_ms=18315.2 generated=64 generation_tps=3.494
AGENT index=2 mig=31ffbfe4 exit=0 wall_ms=31767 text=37e5f08e6279aa62 role=child prefix_tokens=14282 suffix_tokens=24 model_ms=5147.2 context_ms=34.7 state_ms=6.49 prefix_ms=0.0 suffix_ms=861.9 first_token_ms=6490.9 generation_ms=24697.2 generated=64 generation_tps=2.591
AGENT index=3 mig=fafc828a exit=0 wall_ms=23278 text=5e1ac569aa8b0faf role=child prefix_tokens=14282 suffix_tokens=32 model_ms=3367.3 context_ms=30.5 state_ms=6.39 prefix_ms=0.0 suffix_ms=566.6 first_token_ms=4411.5 generation_ms=18168.2 generated=64 generation_tps=3.523
AGENT index=4 mig=31ffbfe4 exit=0 wall_ms=30601 text=6e3d8f07cfceb082 role=child prefix_tokens=14282 suffix_tokens=23 model_ms=4227.5 context_ms=30.7 state_ms=6.55 prefix_ms=0.0 suffix_ms=361.4 first_token_ms=5075.2 generation_ms=25113.0 generated=64 generation_tps=2.548
AGENT index=5 mig=fafc828a exit=0 wall_ms=22461 text=47179dd0dcd49eb0 role=child prefix_tokens=14282 suffix_tokens=26 model_ms=2802.2 context_ms=37.7 state_ms=6.95 prefix_ms=0.0 suffix_ms=274.9 first_token_ms=3557.3 generation_ms=18340.9 generated=64 generation_tps=3.489
AGENT index=6 mig=31ffbfe4 exit=0 wall_ms=31206 text=f88f503d1005fa22 role=child prefix_tokens=14282 suffix_tokens=21 model_ms=4601.5 context_ms=29.9 state_ms=6.36 prefix_ms=0.0 suffix_ms=496.6 first_token_ms=5588.6 generation_ms=25226.8 generated=64 generation_tps=2.537
AGENT index=7 mig=fafc828a exit=0 wall_ms=23319 text=f9c832b7cad1a509 role=child prefix_tokens=14282 suffix_tokens=31 model_ms=3504.5 context_ms=31.2 state_ms=5.98 prefix_ms=0.0 suffix_ms=682.5 first_token_ms=4684.7 generation_ms=17950.2 generated=64 generation_tps=3.565
AGENT index=8 mig=31ffbfe4 exit=0 wall_ms=31659 text=a3c806a5411bc6e6 role=child prefix_tokens=14282 suffix_tokens=18 model_ms=4961.4 context_ms=28.9 state_ms=6.39 prefix_ms=0.0 suffix_ms=743.3 first_token_ms=6187.4 generation_ms=24931.8 generated=64 generation_tps=2.567
AGENT index=9 mig=fafc828a exit=0 wall_ms=23167 text=a2d016def74ecc62 role=child prefix_tokens=14282 suffix_tokens=18 model_ms=3298.0 context_ms=29.8 state_ms=6.94 prefix_ms=0.0 suffix_ms=528.1 first_token_ms=4325.4 generation_ms=18227.4 generated=64 generation_tps=3.511
AGENT index=10 mig=31ffbfe4 exit=0 wall_ms=31704 text=a733f3a39259263c role=child prefix_tokens=14282 suffix_tokens=18 model_ms=5145.3 context_ms=30.4 state_ms=6.10 prefix_ms=0.0 suffix_ms=845.1 first_token_ms=6461.9 generation_ms=24725.3 generated=64 generation_tps=2.588
AGENT index=11 mig=fafc828a exit=0 wall_ms=22503 text=ad0d6edf343e5e28 role=child prefix_tokens=14282 suffix_tokens=22 model_ms=2916.7 context_ms=28.5 state_ms=6.50 prefix_ms=0.0 suffix_ms=309.4 first_token_ms=3686.2 generation_ms=18392.1 generated=64 generation_tps=3.480
MEMORY mem_available_drop_mib=62917 mem_available_before_mib=120132 mem_free_before_mib=46121 pss_anon_mib=2894 pss_file_mib=328 pss_shmem_mib=4987 device_mib=54684 samples=5
END_CASE failed_agents=0 wall_ms=31869
CASE mode=none agents=1
AGENT index=0 mig=31ffbfe4 exit=0 wall_ms=5571 text=4605b6e04b2228eb role=child prefix_tokens=14282 suffix_tokens=27 model_ms=1147.9 context_ms=40.6 state_ms=112.83 prefix_ms=0.0 suffix_ms=141.8 first_token_ms=1479.8 generation_ms=3703.6 generated=64 generation_tps=17.280
MEMORY mem_available_drop_mib=6153 mem_available_before_mib=120133 mem_free_before_mib=46121 pss_anon_mib=227 pss_file_mib=97 pss_shmem_mib=350 device_mib=5446 samples=1
END_CASE failed_agents=0 wall_ms=5606
CASE mode=none agents=2
AGENT index=0 mig=31ffbfe4 exit=0 wall_ms=6201 text=4605b6e04b2228eb role=child prefix_tokens=14282 suffix_tokens=27 model_ms=1344.5 context_ms=38.6 state_ms=118.03 prefix_ms=0.0 suffix_ms=149.0 first_token_ms=1723.7 generation_ms=4076.4 generated=64 generation_tps=15.700
AGENT index=1 mig=fafc828a exit=0 wall_ms=4879 text=a5af93194a2d1ced role=child prefix_tokens=14282 suffix_tokens=22 model_ms=1236.9 context_ms=37.0 state_ms=177.35 prefix_ms=0.0 suffix_ms=99.5 first_token_ms=1644.7 generation_ms=2850.0 generated=64 generation_tps=22.456
MEMORY mem_available_drop_mib=12252 mem_available_before_mib=119824 mem_free_before_mib=45811 pss_anon_mib=453 pss_file_mib=119 pss_shmem_mib=701 device_mib=10906 samples=1
END_CASE failed_agents=0 wall_ms=6242
CASE mode=none agents=4
AGENT index=0 mig=31ffbfe4 exit=0 wall_ms=11093 text=4605b6e04b2228eb role=child prefix_tokens=14282 suffix_tokens=27 model_ms=1566.3 context_ms=41.4 state_ms=131.46 prefix_ms=0.0 suffix_ms=193.8 first_token_ms=2073.3 generation_ms=8598.4 generated=64 generation_tps=7.443
AGENT index=1 mig=fafc828a exit=0 wall_ms=8703 text=a5af93194a2d1ced role=child prefix_tokens=14282 suffix_tokens=22 model_ms=1683.3 context_ms=56.6 state_ms=142.98 prefix_ms=0.0 suffix_ms=183.0 first_token_ms=2233.2 generation_ms=5964.3 generated=64 generation_tps=10.731
AGENT index=2 mig=31ffbfe4 exit=0 wall_ms=11185 text=37e5f08e6279aa62 role=child prefix_tokens=14282 suffix_tokens=24 model_ms=1688.6 context_ms=47.8 state_ms=159.02 prefix_ms=0.0 suffix_ms=252.6 first_token_ms=2321.2 generation_ms=8490.0 generated=64 generation_tps=7.538
AGENT index=3 mig=fafc828a exit=0 wall_ms=8725 text=5e1ac569aa8b0faf role=child prefix_tokens=14282 suffix_tokens=32 model_ms=1679.4 context_ms=56.3 state_ms=143.01 prefix_ms=0.0 suffix_ms=193.9 first_token_ms=2240.2 generation_ms=5990.7 generated=64 generation_tps=10.683
MEMORY mem_available_drop_mib=24443 mem_available_before_mib=119665 mem_free_before_mib=45651 pss_anon_mib=914 pss_file_mib=162 pss_shmem_mib=1402 device_mib=21812 samples=2
END_CASE failed_agents=0 wall_ms=11243
CASE mode=none agents=8
AGENT index=0 mig=31ffbfe4 exit=0 wall_ms=17312 text=4605b6e04b2228eb role=child prefix_tokens=14282 suffix_tokens=27 model_ms=1511.7 context_ms=48.3 state_ms=188.11 prefix_ms=0.0 suffix_ms=211.7 first_token_ms=2221.7 generation_ms=14705.1 generated=64 generation_tps=4.352
AGENT index=1 mig=fafc828a exit=0 wall_ms=15672 text=a5af93194a2d1ced role=child prefix_tokens=14282 suffix_tokens=22 model_ms=2350.0 context_ms=41.7 state_ms=194.58 prefix_ms=0.0 suffix_ms=242.8 first_token_ms=3137.4 generation_ms=12022.8 generated=64 generation_tps=5.323
AGENT index=2 mig=31ffbfe4 exit=0 wall_ms=20335 text=37e5f08e6279aa62 role=child prefix_tokens=14282 suffix_tokens=24 model_ms=2904.6 context_ms=48.2 state_ms=220.01 prefix_ms=0.0 suffix_ms=362.7 first_token_ms=3854.1 generation_ms=16012.0 generated=64 generation_tps=3.997
AGENT index=3 mig=fafc828a exit=0 wall_ms=15816 text=5e1ac569aa8b0faf role=child prefix_tokens=14282 suffix_tokens=32 model_ms=2408.4 context_ms=57.7 state_ms=202.82 prefix_ms=0.0 suffix_ms=411.5 first_token_ms=3385.7 generation_ms=11881.4 generated=64 generation_tps=5.387
AGENT index=4 mig=31ffbfe4 exit=0 wall_ms=20407 text=6e3d8f07cfceb082 role=child prefix_tokens=14282 suffix_tokens=23 model_ms=2990.3 context_ms=51.4 state_ms=208.49 prefix_ms=0.0 suffix_ms=461.1 first_token_ms=4027.2 generation_ms=15951.8 generated=64 generation_tps=4.012
AGENT index=5 mig=fafc828a exit=0 wall_ms=15761 text=47179dd0dcd49eb0 role=child prefix_tokens=14282 suffix_tokens=26 model_ms=2388.1 context_ms=63.3 state_ms=208.66 prefix_ms=0.0 suffix_ms=427.3 first_token_ms=3406.7 generation_ms=11870.6 generated=64 generation_tps=5.391
AGENT index=6 mig=31ffbfe4 exit=0 wall_ms=20720 text=f88f503d1005fa22 role=child prefix_tokens=14282 suffix_tokens=21 model_ms=4056.6 context_ms=62.9 state_ms=387.83 prefix_ms=0.0 suffix_ms=559.9 first_token_ms=5377.0 generation_ms=14962.6 generated=64 generation_tps=4.277
AGENT index=7 mig=fafc828a exit=0 wall_ms=15192 text=f9c832b7cad1a509 role=child prefix_tokens=14282 suffix_tokens=31 model_ms=2179.5 context_ms=48.0 state_ms=159.75 prefix_ms=0.0 suffix_ms=191.3 first_token_ms=2888.7 generation_ms=11894.0 generated=64 generation_tps=5.381
MEMORY mem_available_drop_mib=48899 mem_available_before_mib=119949 mem_free_before_mib=45936 pss_anon_mib=1827 pss_file_mib=245 pss_shmem_mib=2804 device_mib=43624 samples=4
END_CASE failed_agents=0 wall_ms=20806
CASE mode=none agents=12
AGENT index=0 mig=31ffbfe4 exit=0 wall_ms=31391 text=4605b6e04b2228eb role=child prefix_tokens=14282 suffix_tokens=27 model_ms=3379.8 context_ms=131.1 state_ms=232.82 prefix_ms=0.0 suffix_ms=809.1 first_token_ms=5001.4 generation_ms=25660.6 generated=64 generation_tps=2.494
AGENT index=1 mig=fafc828a exit=0 wall_ms=23029 text=a5af93194a2d1ced role=child prefix_tokens=14282 suffix_tokens=22 model_ms=3073.4 context_ms=73.3 state_ms=197.61 prefix_ms=0.0 suffix_ms=572.2 first_token_ms=4372.6 generation_ms=17939.0 generated=64 generation_tps=3.568
AGENT index=2 mig=31ffbfe4 exit=0 wall_ms=30044 text=37e5f08e6279aa62 role=child prefix_tokens=14282 suffix_tokens=24 model_ms=3078.8 context_ms=66.4 state_ms=205.90 prefix_ms=0.0 suffix_ms=255.9 first_token_ms=4070.7 generation_ms=25576.2 generated=64 generation_tps=2.502
AGENT index=3 mig=fafc828a exit=0 wall_ms=22924 text=5e1ac569aa8b0faf role=child prefix_tokens=14282 suffix_tokens=32 model_ms=3033.4 context_ms=73.0 state_ms=217.04 prefix_ms=0.0 suffix_ms=386.0 first_token_ms=4148.4 generation_ms=17957.6 generated=64 generation_tps=3.564
AGENT index=4 mig=31ffbfe4 exit=0 wall_ms=31306 text=6e3d8f07cfceb082 role=child prefix_tokens=14282 suffix_tokens=23 model_ms=3355.0 context_ms=132.6 state_ms=237.03 prefix_ms=0.0 suffix_ms=734.2 first_token_ms=4929.9 generation_ms=25689.3 generated=64 generation_tps=2.491
AGENT index=5 mig=fafc828a exit=0 wall_ms=23049 text=47179dd0dcd49eb0 role=child prefix_tokens=14282 suffix_tokens=26 model_ms=3058.9 context_ms=72.8 state_ms=197.16 prefix_ms=0.0 suffix_ms=594.9 first_token_ms=4384.2 generation_ms=17944.0 generated=64 generation_tps=3.567
AGENT index=6 mig=31ffbfe4 exit=0 wall_ms=31404 text=f88f503d1005fa22 role=child prefix_tokens=14282 suffix_tokens=21 model_ms=3370.5 context_ms=119.1 state_ms=232.60 prefix_ms=0.0 suffix_ms=763.8 first_token_ms=4940.7 generation_ms=25703.1 generated=64 generation_tps=2.490
AGENT index=7 mig=fafc828a exit=0 wall_ms=22967 text=f9c832b7cad1a509 role=child prefix_tokens=14282 suffix_tokens=31 model_ms=3074.0 context_ms=68.4 state_ms=203.91 prefix_ms=0.0 suffix_ms=574.0 first_token_ms=4351.6 generation_ms=17929.5 generated=64 generation_tps=3.570
AGENT index=8 mig=31ffbfe4 exit=0 wall_ms=31300 text=a3c806a5411bc6e6 role=child prefix_tokens=14282 suffix_tokens=18 model_ms=3367.5 context_ms=117.6 state_ms=233.80 prefix_ms=0.0 suffix_ms=754.6 first_token_ms=4922.3 generation_ms=25703.0 generated=64 generation_tps=2.490
AGENT index=9 mig=fafc828a exit=0 wall_ms=22913 text=a2d016def74ecc62 role=child prefix_tokens=14282 suffix_tokens=18 model_ms=3043.1 context_ms=57.2 state_ms=220.06 prefix_ms=0.0 suffix_ms=352.4 first_token_ms=4102.5 generation_ms=17926.5 generated=64 generation_tps=3.570
AGENT index=10 mig=31ffbfe4 exit=0 wall_ms=31245 text=a733f3a39259263c role=child prefix_tokens=14282 suffix_tokens=18 model_ms=3352.1 context_ms=80.4 state_ms=242.14 prefix_ms=0.0 suffix_ms=754.3 first_token_ms=4886.4 generation_ms=25696.7 generated=64 generation_tps=2.491
AGENT index=11 mig=fafc828a exit=0 wall_ms=23109 text=ad0d6edf343e5e28 role=child prefix_tokens=14282 suffix_tokens=22 model_ms=3344.9 context_ms=84.8 state_ms=527.28 prefix_ms=0.0 suffix_ms=568.3 first_token_ms=4960.8 generation_ms=17478.4 generated=64 generation_tps=3.662
MEMORY mem_available_drop_mib=73594 mem_available_before_mib=120099 mem_free_before_mib=46086 pss_anon_mib=2736 pss_file_mib=328 pss_shmem_mib=4206 device_mib=65436 samples=6
END_CASE failed_agents=0 wall_ms=31514
END_KVSTACK
BEGIN_KVSTACK run=5 context=16384 publisher_mig=fafc828a mem_free_mib=48854 kernel_reclaimable_mib=68139
PUBLISH store=stock prefix_tokens=14282 prefix_ms=16888.2 publish_ms=505.03 state_bytes=819216229
PUBLISH store=device prefix_tokens=14282 prefix_ms=16998.6 publish_ms=497.43 state_bytes=819216229
PUBLISH store=huge prefix_tokens=14282 prefix_ms=17061.4 publish_ms=7.98 state_bytes=229221 file_used_kib=802816
CASE mode=none agents=1
AGENT index=0 mig=fafc828a exit=0 wall_ms=4433 text=bb92e4befc7eddec role=child prefix_tokens=14282 suffix_tokens=27 model_ms=1152.5 context_ms=35.5 state_ms=114.26 prefix_ms=0.0 suffix_ms=109.8 first_token_ms=1466.9 generation_ms=2579.1 generated=64 generation_tps=24.815
MEMORY mem_available_drop_mib=6163 mem_available_before_mib=120087 mem_free_before_mib=46104 pss_anon_mib=227 pss_file_mib=97 pss_shmem_mib=350 device_mib=5460 samples=1
END_CASE failed_agents=0 wall_ms=4471
CASE mode=none agents=2
AGENT index=0 mig=fafc828a exit=0 wall_ms=4882 text=bb92e4befc7eddec role=child prefix_tokens=14282 suffix_tokens=27 model_ms=1232.3 context_ms=36.8 state_ms=175.54 prefix_ms=0.0 suffix_ms=111.7 first_token_ms=1649.0 generation_ms=2864.0 generated=64 generation_tps=22.346
AGENT index=1 mig=31ffbfe4 exit=0 wall_ms=6213 text=a8d47b5298abb2fc role=child prefix_tokens=14282 suffix_tokens=22 model_ms=1357.6 context_ms=39.6 state_ms=123.00 prefix_ms=0.0 suffix_ms=140.5 first_token_ms=1753.4 generation_ms=4067.8 generated=64 generation_tps=15.733
MEMORY mem_available_drop_mib=12234 mem_available_before_mib=120029 mem_free_before_mib=46040 pss_anon_mib=454 pss_file_mib=119 pss_shmem_mib=701 device_mib=10906 samples=1
END_CASE failed_agents=0 wall_ms=6256
CASE mode=none agents=4
AGENT index=0 mig=fafc828a exit=0 wall_ms=8489 text=bb92e4befc7eddec role=child prefix_tokens=14282 suffix_tokens=27 model_ms=1697.5 context_ms=39.7 state_ms=175.28 prefix_ms=0.0 suffix_ms=235.2 first_token_ms=2319.1 generation_ms=5795.1 generated=64 generation_tps=11.044
AGENT index=1 mig=31ffbfe4 exit=0 wall_ms=11233 text=a8d47b5298abb2fc role=child prefix_tokens=14282 suffix_tokens=22 model_ms=1622.6 context_ms=40.6 state_ms=142.34 prefix_ms=0.0 suffix_ms=260.8 first_token_ms=2236.9 generation_ms=8594.7 generated=64 generation_tps=7.446
AGENT index=2 mig=fafc828a exit=0 wall_ms=8340 text=abfd4eb3fb8ebdd8 role=child prefix_tokens=14282 suffix_tokens=24 model_ms=1548.0 context_ms=40.3 state_ms=140.79 prefix_ms=0.0 suffix_ms=122.4 first_token_ms=2013.5 generation_ms=5847.2 generated=64 generation_tps=10.945
AGENT index=3 mig=31ffbfe4 exit=0 wall_ms=11328 text=077e38d3762a4e5d role=child prefix_tokens=14282 suffix_tokens=32 model_ms=1631.6 context_ms=43.7 state_ms=142.71 prefix_ms=0.0 suffix_ms=287.0 first_token_ms=2269.1 generation_ms=8603.9 generated=64 generation_tps=7.438
MEMORY mem_available_drop_mib=24492 mem_available_before_mib=120089 mem_free_before_mib=46100 pss_anon_mib=914 pss_file_mib=162 pss_shmem_mib=1402 device_mib=21812 samples=2
END_CASE failed_agents=0 wall_ms=11386
CASE mode=none agents=8
AGENT index=0 mig=fafc828a exit=0 wall_ms=15810 text=bb92e4befc7eddec role=child prefix_tokens=14282 suffix_tokens=27 model_ms=2357.7 context_ms=66.1 state_ms=190.16 prefix_ms=0.0 suffix_ms=256.8 first_token_ms=3174.5 generation_ms=12000.6 generated=64 generation_tps=5.333
AGENT index=1 mig=31ffbfe4 exit=0 wall_ms=21273 text=a8d47b5298abb2fc role=child prefix_tokens=14282 suffix_tokens=22 model_ms=2528.4 context_ms=50.8 state_ms=239.54 prefix_ms=0.0 suffix_ms=529.4 first_token_ms=3651.5 generation_ms=17062.3 generated=64 generation_tps=3.751
AGENT index=2 mig=fafc828a exit=0 wall_ms=15729 text=abfd4eb3fb8ebdd8 role=child prefix_tokens=14282 suffix_tokens=24 model_ms=2377.6 context_ms=71.7 state_ms=177.33 prefix_ms=0.0 suffix_ms=249.0 first_token_ms=3188.7 generation_ms=11974.0 generated=64 generation_tps=5.345
AGENT index=3 mig=31ffbfe4 exit=0 wall_ms=21049 text=077e38d3762a4e5d role=child prefix_tokens=14282 suffix_tokens=32 model_ms=2304.5 context_ms=47.1 state_ms=189.74 prefix_ms=0.0 suffix_ms=307.3 first_token_ms=3171.2 generation_ms=17296.4 generated=64 generation_tps=3.700
AGENT index=4 mig=fafc828a exit=0 wall_ms=15950 text=16f8c0610a09645d role=child prefix_tokens=14282 suffix_tokens=23 model_ms=2539.7 context_ms=46.4 state_ms=276.30 prefix_ms=0.0 suffix_ms=376.3 first_token_ms=3542.4 generation_ms=11739.5 generated=64 generation_tps=5.452
AGENT index=5 mig=31ffbfe4 exit=0 wall_ms=21140 text=ff4188d71e02bfdb role=child prefix_tokens=14282 suffix_tokens=26 model_ms=2366.1 context_ms=56.4 state_ms=197.55 prefix_ms=0.0 suffix_ms=463.5 first_token_ms=3400.5 generation_ms=17225.1 generated=64 generation_tps=3.716
AGENT index=6 mig=fafc828a exit=0 wall_ms=15847 text=f88f503d1005fa22 role=child prefix_tokens=14282 suffix_tokens=21 model_ms=2377.4 context_ms=73.9 state_ms=179.12 prefix_ms=0.0 suffix_ms=282.2 first_token_ms=3224.6 generation_ms=11961.4 generated=64 generation_tps=5.351
AGENT index=7 mig=31ffbfe4 exit=0 wall_ms=21235 text=f9c832b7cad1a509 role=child prefix_tokens=14282 suffix_tokens=31 model_ms=2433.0 context_ms=51.2 state_ms=191.42 prefix_ms=0.0 suffix_ms=492.5 first_token_ms=3467.1 generation_ms=17195.3 generated=64 generation_tps=3.722
MEMORY mem_available_drop_mib=49076 mem_available_before_mib=120098 mem_free_before_mib=46109 pss_anon_mib=1829 pss_file_mib=245 pss_shmem_mib=2804 device_mib=43624 samples=4
END_CASE failed_agents=0 wall_ms=21349
CASE mode=none agents=12
AGENT index=0 mig=fafc828a exit=0 wall_ms=23039 text=bb92e4befc7eddec role=child prefix_tokens=14282 suffix_tokens=27 model_ms=2909.5 context_ms=77.9 state_ms=190.99 prefix_ms=0.0 suffix_ms=418.4 first_token_ms=4054.9 generation_ms=18100.1 generated=64 generation_tps=3.536
AGENT index=1 mig=31ffbfe4 exit=0 wall_ms=23008 text=a8d47b5298abb2fc role=child prefix_tokens=14282 suffix_tokens=22 model_ms=1959.7 context_ms=47.3 state_ms=182.71 prefix_ms=0.0 suffix_ms=247.1 first_token_ms=2776.9 generation_ms=19362.1 generated=64 generation_tps=3.305
AGENT index=2 mig=fafc828a exit=0 wall_ms=22951 text=abfd4eb3fb8ebdd8 role=child prefix_tokens=14282 suffix_tokens=24 model_ms=2916.4 context_ms=75.7 state_ms=200.25 prefix_ms=0.0 suffix_ms=348.3 first_token_ms=3982.8 generation_ms=17992.3 generated=64 generation_tps=3.557
AGENT index=3 mig=31ffbfe4 exit=0 wall_ms=29389 text=077e38d3762a4e5d role=child prefix_tokens=14282 suffix_tokens=32 model_ms=4181.1 context_ms=50.8 state_ms=209.06 prefix_ms=0.0 suffix_ms=385.7 first_token_ms=5285.9 generation_ms=23703.3 generated=64 generation_tps=2.700
AGENT index=4 mig=fafc828a exit=0 wall_ms=22977 text=16f8c0610a09645d role=child prefix_tokens=14282 suffix_tokens=23 model_ms=2918.8 context_ms=82.7 state_ms=194.44 prefix_ms=0.0 suffix_ms=372.9 first_token_ms=4011.4 generation_ms=18095.1 generated=64 generation_tps=3.537
AGENT index=5 mig=31ffbfe4 exit=0 wall_ms=31077 text=ff4188d71e02bfdb role=child prefix_tokens=14282 suffix_tokens=26 model_ms=5087.6 context_ms=80.7 state_ms=330.12 prefix_ms=0.0 suffix_ms=852.5 first_token_ms=6812.6 generation_ms=23609.1 generated=64 generation_tps=2.711
AGENT index=6 mig=fafc828a exit=0 wall_ms=23076 text=f88f503d1005fa22 role=child prefix_tokens=14282 suffix_tokens=21 model_ms=3115.6 context_ms=47.4 state_ms=409.78 prefix_ms=0.0 suffix_ms=561.8 first_token_ms=4609.5 generation_ms=17755.9 generated=64 generation_tps=3.604
AGENT index=7 mig=31ffbfe4 exit=0 wall_ms=31075 text=f9c832b7cad1a509 role=child prefix_tokens=14282 suffix_tokens=31 model_ms=5101.5 context_ms=88.9 state_ms=340.09 prefix_ms=0.0 suffix_ms=872.6 first_token_ms=6849.9 generation_ms=23570.9 generated=64 generation_tps=2.715
AGENT index=8 mig=fafc828a exit=0 wall_ms=22941 text=ae3f57b141780268 role=child prefix_tokens=14282 suffix_tokens=18 model_ms=2879.5 context_ms=77.0 state_ms=201.34 prefix_ms=0.0 suffix_ms=371.5 first_token_ms=3990.6 generation_ms=18020.1 generated=64 generation_tps=3.552
AGENT index=9 mig=31ffbfe4 exit=0 wall_ms=31019 text=a2d016def74ecc62 role=child prefix_tokens=14282 suffix_tokens=18 model_ms=5078.3 context_ms=92.8 state_ms=328.68 prefix_ms=0.0 suffix_ms=806.3 first_token_ms=6772.7 generation_ms=23641.8 generated=64 generation_tps=2.707
AGENT index=10 mig=fafc828a exit=0 wall_ms=23167 text=a733f3a39259263c role=child prefix_tokens=14282 suffix_tokens=18 model_ms=3091.0 context_ms=50.8 state_ms=398.43 prefix_ms=0.0 suffix_ms=549.6 first_token_ms=4553.1 generation_ms=17794.2 generated=64 generation_tps=3.597
AGENT index=11 mig=31ffbfe4 exit=0 wall_ms=30893 text=087278665f3dec68 role=child prefix_tokens=14282 suffix_tokens=22 model_ms=5098.0 context_ms=63.1 state_ms=333.99 prefix_ms=0.0 suffix_ms=785.5 first_token_ms=6712.2 generation_ms=23617.0 generated=64 generation_tps=2.710
MEMORY mem_available_drop_mib=73581 mem_available_before_mib=120091 mem_free_before_mib=46100 pss_anon_mib=2739 pss_file_mib=328 pss_shmem_mib=4206 device_mib=65436 samples=6
END_CASE failed_agents=0 wall_ms=31185
CASE mode=kv agents=1
AGENT index=0 mig=fafc828a exit=0 wall_ms=4307 text=bb92e4befc7eddec role=child prefix_tokens=14282 suffix_tokens=27 model_ms=1143.7 context_ms=25.7 state_ms=6.08 prefix_ms=0.0 suffix_ms=111.3 first_token_ms=1342.0 generation_ms=2561.9 generated=64 generation_tps=24.981
MEMORY mem_available_drop_mib=5278 mem_available_before_mib=120161 mem_free_before_mib=46169 pss_anon_mib=244 pss_file_mib=97 pss_shmem_mib=1131 device_mib=4564 samples=1
END_CASE failed_agents=0 wall_ms=4343
CASE mode=kv agents=2
AGENT index=0 mig=fafc828a exit=0 wall_ms=4844 text=bb92e4befc7eddec role=child prefix_tokens=14282 suffix_tokens=27 model_ms=1244.0 context_ms=26.4 state_ms=6.13 prefix_ms=0.0 suffix_ms=113.0 first_token_ms=1481.3 generation_ms=2931.1 generated=64 generation_tps=21.835
AGENT index=1 mig=31ffbfe4 exit=0 wall_ms=6215 text=a8d47b5298abb2fc role=child prefix_tokens=14282 suffix_tokens=22 model_ms=1369.4 context_ms=27.2 state_ms=6.36 prefix_ms=0.0 suffix_ms=149.1 first_token_ms=1644.9 generation_ms=4216.1 generated=64 generation_tps=15.180
MEMORY mem_available_drop_mib=10524 mem_available_before_mib=120134 mem_free_before_mib=46139 pss_anon_mib=461 pss_file_mib=119 pss_shmem_mib=1482 device_mib=9114 samples=1
END_CASE failed_agents=0 wall_ms=6258
CASE mode=kv agents=4
AGENT index=0 mig=fafc828a exit=0 wall_ms=8498 text=bb92e4befc7eddec role=child prefix_tokens=14282 suffix_tokens=27 model_ms=1790.1 context_ms=27.8 state_ms=6.17 prefix_ms=0.0 suffix_ms=232.1 first_token_ms=2220.4 generation_ms=5862.5 generated=64 generation_tps=10.917
AGENT index=1 mig=31ffbfe4 exit=0 wall_ms=11435 text=a8d47b5298abb2fc role=child prefix_tokens=14282 suffix_tokens=22 model_ms=1662.4 context_ms=27.2 state_ms=6.26 prefix_ms=0.0 suffix_ms=269.2 first_token_ms=2127.8 generation_ms=8903.9 generated=64 generation_tps=7.188
AGENT index=2 mig=fafc828a exit=0 wall_ms=8275 text=abfd4eb3fb8ebdd8 role=child prefix_tokens=14282 suffix_tokens=24 model_ms=1511.5 context_ms=28.3 state_ms=6.37 prefix_ms=0.0 suffix_ms=115.7 first_token_ms=1819.3 generation_ms=5935.8 generated=64 generation_tps=10.782
AGENT index=3 mig=31ffbfe4 exit=0 wall_ms=11380 text=077e38d3762a4e5d role=child prefix_tokens=14282 suffix_tokens=32 model_ms=1560.3 context_ms=29.1 state_ms=6.51 prefix_ms=0.0 suffix_ms=177.3 first_token_ms=1935.4 generation_ms=8991.6 generated=64 generation_tps=7.118
MEMORY mem_available_drop_mib=21014 mem_available_before_mib=120110 mem_free_before_mib=46116 pss_anon_mib=968 pss_file_mib=161 pss_shmem_mib=2183 device_mib=18228 samples=2
END_CASE failed_agents=0 wall_ms=11493
CASE mode=kv agents=8
AGENT index=0 mig=fafc828a exit=0 wall_ms=15642 text=bb92e4befc7eddec role=child prefix_tokens=14282 suffix_tokens=27 model_ms=2297.3 context_ms=30.4 state_ms=6.53 prefix_ms=0.0 suffix_ms=141.9 first_token_ms=2778.1 generation_ms=12237.8 generated=64 generation_tps=5.230
AGENT index=1 mig=31ffbfe4 exit=0 wall_ms=21636 text=a8d47b5298abb2fc role=child prefix_tokens=14282 suffix_tokens=22 model_ms=2388.5 context_ms=34.8 state_ms=6.38 prefix_ms=0.0 suffix_ms=202.3 first_token_ms=2937.1 generation_ms=18066.6 generated=64 generation_tps=3.542
AGENT index=2 mig=fafc828a exit=0 wall_ms=15894 text=abfd4eb3fb8ebdd8 role=child prefix_tokens=14282 suffix_tokens=24 model_ms=2386.0 context_ms=31.7 state_ms=6.42 prefix_ms=0.0 suffix_ms=273.8 first_token_ms=3000.0 generation_ms=12316.3 generated=64 generation_tps=5.196
AGENT index=3 mig=31ffbfe4 exit=0 wall_ms=21925 text=077e38d3762a4e5d role=child prefix_tokens=14282 suffix_tokens=32 model_ms=2527.2 context_ms=35.5 state_ms=6.46 prefix_ms=0.0 suffix_ms=563.3 first_token_ms=3434.1 generation_ms=17888.2 generated=64 generation_tps=3.578
AGENT index=4 mig=fafc828a exit=0 wall_ms=15838 text=16f8c0610a09645d role=child prefix_tokens=14282 suffix_tokens=23 model_ms=2359.9 context_ms=34.1 state_ms=6.40 prefix_ms=0.0 suffix_ms=273.8 first_token_ms=2989.2 generation_ms=12306.9 generated=64 generation_tps=5.200
AGENT index=5 mig=31ffbfe4 exit=0 wall_ms=21727 text=ff4188d71e02bfdb role=child prefix_tokens=14282 suffix_tokens=26 model_ms=2449.3 context_ms=28.2 state_ms=6.30 prefix_ms=0.0 suffix_ms=457.1 first_token_ms=3249.3 generation_ms=17969.8 generated=64 generation_tps=3.562
AGENT index=6 mig=fafc828a exit=0 wall_ms=15937 text=f88f503d1005fa22 role=child prefix_tokens=14282 suffix_tokens=21 model_ms=2616.3 context_ms=28.6 state_ms=6.31 prefix_ms=0.0 suffix_ms=345.1 first_token_ms=3304.8 generation_ms=12094.4 generated=64 generation_tps=5.292
AGENT index=7 mig=31ffbfe4 exit=0 wall_ms=21821 text=f9c832b7cad1a509 role=child prefix_tokens=14282 suffix_tokens=31 model_ms=2523.3 context_ms=35.7 state_ms=6.25 prefix_ms=0.0 suffix_ms=580.3 first_token_ms=3452.5 generation_ms=17879.7 generated=64 generation_tps=3.579
MEMORY mem_available_drop_mib=41884 mem_available_before_mib=120086 mem_free_before_mib=46091 pss_anon_mib=1970 pss_file_mib=245 pss_shmem_mib=3585 device_mib=36456 samples=4
END_CASE failed_agents=0 wall_ms=22006
CASE mode=kv agents=12
AGENT index=0 mig=fafc828a exit=0 wall_ms=21684 text=bb92e4befc7eddec role=child prefix_tokens=14282 suffix_tokens=27 model_ms=2951.9 context_ms=39.9 state_ms=7.05 prefix_ms=0.0 suffix_ms=238.5 first_token_ms=3678.0 generation_ms=17508.3 generated=64 generation_tps=3.655
AGENT index=1 mig=31ffbfe4 exit=0 wall_ms=32085 text=a8d47b5298abb2fc role=child prefix_tokens=14282 suffix_tokens=22 model_ms=3513.3 context_ms=45.0 state_ms=6.55 prefix_ms=0.0 suffix_ms=783.6 first_token_ms=4802.1 generation_ms=26688.1 generated=64 generation_tps=2.398
AGENT index=2 mig=fafc828a exit=0 wall_ms=23330 text=abfd4eb3fb8ebdd8 role=child prefix_tokens=14282 suffix_tokens=24 model_ms=3983.4 context_ms=28.1 state_ms=6.51 prefix_ms=0.0 suffix_ms=524.7 first_token_ms=5000.5 generation_ms=17771.7 generated=64 generation_tps=3.601
AGENT index=3 mig=31ffbfe4 exit=0 wall_ms=30457 text=077e38d3762a4e5d role=child prefix_tokens=14282 suffix_tokens=32 model_ms=2969.1 context_ms=41.9 state_ms=6.45 prefix_ms=0.0 suffix_ms=233.6 first_token_ms=3694.4 generation_ms=26376.0 generated=64 generation_tps=2.426
AGENT index=4 mig=fafc828a exit=0 wall_ms=23378 text=16f8c0610a09645d role=child prefix_tokens=14282 suffix_tokens=23 model_ms=3942.9 context_ms=29.0 state_ms=6.20 prefix_ms=0.0 suffix_ms=527.3 first_token_ms=4968.8 generation_ms=17796.6 generated=64 generation_tps=3.596
AGENT index=5 mig=31ffbfe4 exit=0 wall_ms=32103 text=ff4188d71e02bfdb role=child prefix_tokens=14282 suffix_tokens=26 model_ms=3505.6 context_ms=42.3 state_ms=6.54 prefix_ms=0.0 suffix_ms=813.3 first_token_ms=4823.2 generation_ms=26703.1 generated=64 generation_tps=2.397
AGENT index=6 mig=fafc828a exit=0 wall_ms=21697 text=f88f503d1005fa22 role=child prefix_tokens=14282 suffix_tokens=21 model_ms=2947.5 context_ms=41.2 state_ms=6.88 prefix_ms=0.0 suffix_ms=221.6 first_token_ms=3680.8 generation_ms=17588.4 generated=64 generation_tps=3.639
AGENT index=7 mig=31ffbfe4 exit=0 wall_ms=32248 text=f9c832b7cad1a509 role=child prefix_tokens=14282 suffix_tokens=31 model_ms=3491.1 context_ms=45.5 state_ms=6.48 prefix_ms=0.0 suffix_ms=834.4 first_token_ms=4846.5 generation_ms=26693.6 generated=64 generation_tps=2.398
AGENT index=8 mig=fafc828a exit=0 wall_ms=22658 text=ae3f57b141780268 role=child prefix_tokens=14282 suffix_tokens=18 model_ms=3496.8 context_ms=33.0 state_ms=6.54 prefix_ms=0.0 suffix_ms=317.3 first_token_ms=4308.8 generation_ms=17963.6 generated=64 generation_tps=3.563
AGENT index=9 mig=31ffbfe4 exit=0 wall_ms=32195 text=a2d016def74ecc62 role=child prefix_tokens=14282 suffix_tokens=18 model_ms=3473.8 context_ms=45.0 state_ms=6.32 prefix_ms=0.0 suffix_ms=807.3 first_token_ms=4814.7 generation_ms=26719.1 generated=64 generation_tps=2.395
AGENT index=10 mig=fafc828a exit=0 wall_ms=23288 text=a733f3a39259263c role=child prefix_tokens=14282 suffix_tokens=18 model_ms=3912.4 context_ms=35.5 state_ms=6.33 prefix_ms=0.0 suffix_ms=528.1 first_token_ms=4942.6 generation_ms=17787.7 generated=64 generation_tps=3.598
AGENT index=11 mig=31ffbfe4 exit=0 wall_ms=31552 text=087278665f3dec68 role=child prefix_tokens=14282 suffix_tokens=22 model_ms=3300.7 context_ms=31.6 state_ms=6.46 prefix_ms=0.0 suffix_ms=436.4 first_token_ms=4243.8 generation_ms=26918.5 generated=64 generation_tps=2.378
MEMORY mem_available_drop_mib=62916 mem_available_before_mib=120129 mem_free_before_mib=46133 pss_anon_mib=2920 pss_file_mib=328 pss_shmem_mib=4987 device_mib=54684 samples=5
END_CASE failed_agents=0 wall_ms=32358
CASE mode=weights agents=1
AGENT index=0 mig=fafc828a exit=0 wall_ms=4109 text=bb92e4befc7eddec role=child prefix_tokens=14282 suffix_tokens=27 model_ms=634.2 context_ms=36.9 state_ms=114.92 prefix_ms=0.0 suffix_ms=111.8 first_token_ms=954.7 generation_ms=2682.8 generated=64 generation_tps=23.855
MEMORY mem_available_drop_mib=1661 mem_available_before_mib=120164 mem_free_before_mib=46166 pss_anon_mib=228 pss_file_mib=4558 pss_shmem_mib=58 device_mib=1290 samples=1
END_CASE failed_agents=0 wall_ms=4145
CASE mode=weights agents=2
AGENT index=0 mig=fafc828a exit=0 wall_ms=4423 text=bb92e4befc7eddec role=child prefix_tokens=14282 suffix_tokens=27 model_ms=724.7 context_ms=46.3 state_ms=206.98 prefix_ms=0.0 suffix_ms=116.5 first_token_ms=1184.8 generation_ms=2902.8 generated=64 generation_tps=22.048
AGENT index=1 mig=31ffbfe4 exit=0 wall_ms=5891 text=a8d47b5298abb2fc role=child prefix_tokens=14282 suffix_tokens=22 model_ms=744.8 context_ms=50.0 state_ms=203.34 prefix_ms=0.0 suffix_ms=139.6 first_token_ms=1208.1 generation_ms=4274.3 generated=64 generation_tps=14.973
MEMORY mem_available_drop_mib=3259 mem_available_before_mib=120069 mem_free_before_mib=46071 pss_anon_mib=457 pss_file_mib=4580 pss_shmem_mib=116 device_mib=2566 samples=1
END_CASE failed_agents=0 wall_ms=5935
CASE mode=weights agents=4
AGENT index=0 mig=fafc828a exit=0 wall_ms=7988 text=bb92e4befc7eddec role=child prefix_tokens=14282 suffix_tokens=27 model_ms=889.7 context_ms=63.6 state_ms=139.30 prefix_ms=0.0 suffix_ms=195.7 first_token_ms=1451.0 generation_ms=6142.5 generated=64 generation_tps=10.419
AGENT index=1 mig=31ffbfe4 exit=0 wall_ms=10975 text=a8d47b5298abb2fc role=child prefix_tokens=14282 suffix_tokens=22 model_ms=882.5 context_ms=69.8 state_ms=150.24 prefix_ms=0.0 suffix_ms=266.0 first_token_ms=1536.5 generation_ms=9099.6 generated=64 generation_tps=7.033
AGENT index=2 mig=fafc828a exit=0 wall_ms=7958 text=abfd4eb3fb8ebdd8 role=child prefix_tokens=14282 suffix_tokens=24 model_ms=886.7 context_ms=68.6 state_ms=138.30 prefix_ms=0.0 suffix_ms=184.2 first_token_ms=1442.0 generation_ms=6129.7 generated=64 generation_tps=10.441
AGENT index=3 mig=31ffbfe4 exit=0 wall_ms=11116 text=077e38d3762a4e5d role=child prefix_tokens=14282 suffix_tokens=32 model_ms=878.8 context_ms=69.8 state_ms=154.91 prefix_ms=0.0 suffix_ms=286.6 first_token_ms=1558.1 generation_ms=9109.6 generated=64 generation_tps=7.026
MEMORY mem_available_drop_mib=6434 mem_available_before_mib=120025 mem_free_before_mib=46027 pss_anon_mib=915 pss_file_mib=4622 pss_shmem_mib=232 device_mib=5132 samples=2
END_CASE failed_agents=0 wall_ms=11173
CASE mode=weights agents=8
AGENT index=0 mig=fafc828a exit=0 wall_ms=14892 text=bb92e4befc7eddec role=child prefix_tokens=14282 suffix_tokens=27 model_ms=1093.0 context_ms=93.1 state_ms=188.67 prefix_ms=0.0 suffix_ms=235.5 first_token_ms=1916.2 generation_ms=12341.2 generated=64 generation_tps=5.186
AGENT index=1 mig=31ffbfe4 exit=0 wall_ms=20832 text=a8d47b5298abb2fc role=child prefix_tokens=14282 suffix_tokens=22 model_ms=1088.0 context_ms=93.8 state_ms=213.55 prefix_ms=0.0 suffix_ms=476.7 first_token_ms=2183.1 generation_ms=18266.3 generated=64 generation_tps=3.504
AGENT index=2 mig=fafc828a exit=0 wall_ms=14891 text=abfd4eb3fb8ebdd8 role=child prefix_tokens=14282 suffix_tokens=24 model_ms=1119.2 context_ms=94.5 state_ms=184.43 prefix_ms=0.0 suffix_ms=334.1 first_token_ms=2048.6 generation_ms=12324.1 generated=64 generation_tps=5.193
AGENT index=3 mig=31ffbfe4 exit=0 wall_ms=20952 text=077e38d3762a4e5d role=child prefix_tokens=14282 suffix_tokens=32 model_ms=1138.2 context_ms=118.0 state_ms=197.31 prefix_ms=0.0 suffix_ms=537.2 first_token_ms=2250.6 generation_ms=18310.7 generated=64 generation_tps=3.495
AGENT index=4 mig=fafc828a exit=0 wall_ms=14889 text=16f8c0610a09645d role=child prefix_tokens=14282 suffix_tokens=23 model_ms=1111.1 context_ms=97.3 state_ms=190.88 prefix_ms=0.0 suffix_ms=344.7 first_token_ms=2061.3 generation_ms=12336.9 generated=64 generation_tps=5.188
AGENT index=5 mig=31ffbfe4 exit=0 wall_ms=21048 text=ff4188d71e02bfdb role=child prefix_tokens=14282 suffix_tokens=26 model_ms=1124.7 context_ms=111.1 state_ms=183.95 prefix_ms=0.0 suffix_ms=550.2 first_token_ms=2278.1 generation_ms=18310.6 generated=64 generation_tps=3.495
AGENT index=6 mig=fafc828a exit=0 wall_ms=14888 text=f88f503d1005fa22 role=child prefix_tokens=14282 suffix_tokens=21 model_ms=1116.6 context_ms=102.8 state_ms=187.81 prefix_ms=0.0 suffix_ms=352.0 first_token_ms=2072.5 generation_ms=12329.5 generated=64 generation_tps=5.191
AGENT index=7 mig=31ffbfe4 exit=0 wall_ms=20971 text=f9c832b7cad1a509 role=child prefix_tokens=14282 suffix_tokens=31 model_ms=1117.9 context_ms=97.4 state_ms=188.51 prefix_ms=0.0 suffix_ms=553.4 first_token_ms=2272.4 generation_ms=18294.6 generated=64 generation_tps=3.498
MEMORY mem_available_drop_mib=12928 mem_available_before_mib=120082 mem_free_before_mib=46084 pss_anon_mib=1831 pss_file_mib=4705 pss_shmem_mib=465 device_mib=10264 samples=4
END_CASE failed_agents=0 wall_ms=21132
CASE mode=weights agents=12
AGENT index=0 mig=fafc828a exit=0 wall_ms=21673 text=bb92e4befc7eddec role=child prefix_tokens=14282 suffix_tokens=27 model_ms=1398.0 context_ms=162.1 state_ms=236.31 prefix_ms=0.0 suffix_ms=465.6 first_token_ms=2707.0 generation_ms=18563.0 generated=64 generation_tps=3.448
AGENT index=1 mig=31ffbfe4 exit=0 wall_ms=31084 text=a8d47b5298abb2fc role=child prefix_tokens=14282 suffix_tokens=22 model_ms=1408.2 context_ms=149.5 state_ms=255.27 prefix_ms=0.0 suffix_ms=734.9 first_token_ms=3026.5 generation_ms=27562.2 generated=64 generation_tps=2.322
AGENT index=2 mig=fafc828a exit=0 wall_ms=21743 text=abfd4eb3fb8ebdd8 role=child prefix_tokens=14282 suffix_tokens=24 model_ms=1389.0 context_ms=179.2 state_ms=229.56 prefix_ms=0.0 suffix_ms=473.8 first_token_ms=2726.6 generation_ms=18569.2 generated=64 generation_tps=3.447
AGENT index=3 mig=31ffbfe4 exit=0 wall_ms=31083 text=077e38d3762a4e5d role=child prefix_tokens=14282 suffix_tokens=32 model_ms=1407.3 context_ms=176.0 state_ms=254.22 prefix_ms=0.0 suffix_ms=820.6 first_token_ms=3117.1 generation_ms=27509.9 generated=64 generation_tps=2.326
AGENT index=4 mig=fafc828a exit=0 wall_ms=21793 text=16f8c0610a09645d role=child prefix_tokens=14282 suffix_tokens=23 model_ms=1423.7 context_ms=168.1 state_ms=220.62 prefix_ms=0.0 suffix_ms=450.3 first_token_ms=2711.1 generation_ms=18630.8 generated=64 generation_tps=3.435
AGENT index=5 mig=31ffbfe4 exit=0 wall_ms=30978 text=ff4188d71e02bfdb role=child prefix_tokens=14282 suffix_tokens=26 model_ms=1373.9 context_ms=178.7 state_ms=250.56 prefix_ms=0.0 suffix_ms=737.9 first_token_ms=3003.5 generation_ms=27563.4 generated=64 generation_tps=2.322
AGENT index=6 mig=fafc828a exit=0 wall_ms=21816 text=f88f503d1005fa22 role=child prefix_tokens=14282 suffix_tokens=21 model_ms=1446.5 context_ms=142.4 state_ms=233.94 prefix_ms=0.0 suffix_ms=525.1 first_token_ms=2802.0 generation_ms=18559.0 generated=64 generation_tps=3.448
AGENT index=7 mig=31ffbfe4 exit=0 wall_ms=31102 text=f9c832b7cad1a509 role=child prefix_tokens=14282 suffix_tokens=31 model_ms=1360.6 context_ms=181.6 state_ms=271.32 prefix_ms=0.0 suffix_ms=817.8 first_token_ms=3107.3 generation_ms=27514.4 generated=64 generation_tps=2.326
AGENT index=8 mig=fafc828a exit=0 wall_ms=21607 text=ae3f57b141780268 role=child prefix_tokens=14282 suffix_tokens=18 model_ms=1392.7 context_ms=162.1 state_ms=246.95 prefix_ms=0.0 suffix_ms=438.0 first_token_ms=2672.6 generation_ms=18533.9 generated=64 generation_tps=3.453
AGENT index=9 mig=31ffbfe4 exit=0 wall_ms=30850 text=a2d016def74ecc62 role=child prefix_tokens=14282 suffix_tokens=18 model_ms=1373.3 context_ms=186.9 state_ms=250.48 prefix_ms=0.0 suffix_ms=726.2 first_token_ms=2997.8 generation_ms=27482.8 generated=64 generation_tps=2.329
AGENT index=10 mig=fafc828a exit=0 wall_ms=21858 text=a733f3a39259263c role=child prefix_tokens=14282 suffix_tokens=18 model_ms=1423.4 context_ms=146.0 state_ms=234.16 prefix_ms=0.0 suffix_ms=513.8 first_token_ms=2788.6 generation_ms=18570.8 generated=64 generation_tps=3.446
AGENT index=11 mig=31ffbfe4 exit=0 wall_ms=30991 text=087278665f3dec68 role=child prefix_tokens=14282 suffix_tokens=22 model_ms=1422.3 context_ms=158.6 state_ms=252.74 prefix_ms=0.0 suffix_ms=752.1 first_token_ms=3033.8 generation_ms=27522.3 generated=64 generation_tps=2.325
MEMORY mem_available_drop_mib=19366 mem_available_before_mib=120116 mem_free_before_mib=46118 pss_anon_mib=2751 pss_file_mib=4788 pss_shmem_mib=698 device_mib=15396 samples=5
END_CASE failed_agents=0 wall_ms=31212
CASE mode=weights agents=16
AGENT index=0 mig=fafc828a exit=0 wall_ms=28626 text=bb92e4befc7eddec role=child prefix_tokens=14282 suffix_tokens=27 model_ms=2111.9 context_ms=60.6 state_ms=552.60 prefix_ms=0.0 suffix_ms=838.7 first_token_ms=4163.9 generation_ms=24079.2 generated=64 generation_tps=2.658
AGENT index=1 mig=31ffbfe4 exit=0 wall_ms=36390 text=a8d47b5298abb2fc role=child prefix_tokens=14282 suffix_tokens=22 model_ms=1292.8 context_ms=71.0 state_ms=121.15 prefix_ms=0.0 suffix_ms=151.7 first_token_ms=2053.1 generation_ms=33954.3 generated=64 generation_tps=1.885
AGENT index=2 mig=fafc828a exit=0 wall_ms=28423 text=abfd4eb3fb8ebdd8 role=child prefix_tokens=14282 suffix_tokens=24 model_ms=1802.9 context_ms=90.9 state_ms=387.07 prefix_ms=0.0 suffix_ms=571.2 first_token_ms=3501.6 generation_ms=24520.3 generated=64 generation_tps=2.610
AGENT index=3 mig=31ffbfe4 exit=0 wall_ms=40574 text=077e38d3762a4e5d role=child prefix_tokens=14282 suffix_tokens=32 model_ms=1671.5 context_ms=106.6 state_ms=425.42 prefix_ms=0.0 suffix_ms=1053.1 first_token_ms=3879.9 generation_ms=36213.2 generated=64 generation_tps=1.767
AGENT index=4 mig=fafc828a exit=0 wall_ms=28145 text=16f8c0610a09645d role=child prefix_tokens=14282 suffix_tokens=23 model_ms=1712.9 context_ms=84.1 state_ms=256.32 prefix_ms=0.0 suffix_ms=451.4 first_token_ms=3107.0 generation_ms=24611.3 generated=64 generation_tps=2.600
AGENT index=5 mig=31ffbfe4 exit=0 wall_ms=40649 text=ff4188d71e02bfdb role=child prefix_tokens=14282 suffix_tokens=26 model_ms=1854.3 context_ms=84.0 state_ms=294.15 prefix_ms=0.0 suffix_ms=1238.3 first_token_ms=4106.6 generation_ms=36006.1 generated=64 generation_tps=1.777
AGENT index=6 mig=fafc828a exit=0 wall_ms=27916 text=f88f503d1005fa22 role=child prefix_tokens=14282 suffix_tokens=21 model_ms=1630.7 context_ms=90.8 state_ms=253.79 prefix_ms=0.0 suffix_ms=369.4 first_token_ms=2938.4 generation_ms=24548.0 generated=64 generation_tps=2.607
AGENT index=7 mig=31ffbfe4 exit=0 wall_ms=40594 text=f9c832b7cad1a509 role=child prefix_tokens=14282 suffix_tokens=31 model_ms=1749.7 context_ms=64.3 state_ms=368.37 prefix_ms=0.0 suffix_ms=1030.2 first_token_ms=3815.8 generation_ms=36211.9 generated=64 generation_tps=1.767
AGENT index=8 mig=fafc828a exit=0 wall_ms=28239 text=ae3f57b141780268 role=child prefix_tokens=14282 suffix_tokens=18 model_ms=1774.2 context_ms=74.2 state_ms=268.97 prefix_ms=0.0 suffix_ms=444.0 first_token_ms=3145.9 generation_ms=24607.0 generated=64 generation_tps=2.601
AGENT index=9 mig=31ffbfe4 exit=0 wall_ms=40513 text=a2d016def74ecc62 role=child prefix_tokens=14282 suffix_tokens=18 model_ms=1864.8 context_ms=99.6 state_ms=293.40 prefix_ms=0.0 suffix_ms=1078.8 first_token_ms=3925.7 generation_ms=36141.1 generated=64 generation_tps=1.771
AGENT index=10 mig=fafc828a exit=0 wall_ms=27857 text=a733f3a39259263c role=child prefix_tokens=14282 suffix_tokens=18 model_ms=1659.9 context_ms=76.9 state_ms=254.12 prefix_ms=0.0 suffix_ms=350.5 first_token_ms=2911.8 generation_ms=24533.2 generated=64 generation_tps=2.609
AGENT index=11 mig=31ffbfe4 exit=0 wall_ms=40560 text=087278665f3dec68 role=child prefix_tokens=14282 suffix_tokens=22 model_ms=1802.5 context_ms=94.6 state_ms=319.77 prefix_ms=0.0 suffix_ms=1087.9 first_token_ms=3917.3 generation_ms=36175.3 generated=64 generation_tps=1.769
AGENT index=12 mig=fafc828a exit=0 wall_ms=28479 text=2c93819fe85df763 role=child prefix_tokens=14282 suffix_tokens=21 model_ms=1817.1 context_ms=109.4 state_ms=385.79 prefix_ms=0.0 suffix_ms=633.9 first_token_ms=3555.9 generation_ms=24532.3 generated=64 generation_tps=2.609
AGENT index=13 mig=31ffbfe4 exit=0 wall_ms=40350 text=5d483815f91685a6 role=child prefix_tokens=14282 suffix_tokens=31 model_ms=1786.4 context_ms=92.7 state_ms=386.06 prefix_ms=0.0 suffix_ms=1000.8 first_token_ms=3755.9 generation_ms=36176.5 generated=64 generation_tps=1.769
AGENT index=14 mig=fafc828a exit=0 wall_ms=28648 text=3f33f20708943e2f role=child prefix_tokens=14282 suffix_tokens=21 model_ms=2052.8 context_ms=62.3 state_ms=563.43 prefix_ms=0.0 suffix_ms=757.0 first_token_ms=4086.6 generation_ms=24133.1 generated=64 generation_tps=2.652
AGENT index=15 mig=31ffbfe4 exit=0 wall_ms=40446 text=0502c45076359254 role=child prefix_tokens=14282 suffix_tokens=26 model_ms=1705.0 context_ms=106.2 state_ms=368.58 prefix_ms=0.0 suffix_ms=1024.0 first_token_ms=3782.2 generation_ms=36237.3 generated=64 generation_tps=1.766
MEMORY mem_available_drop_mib=25839 mem_available_before_mib=120158 mem_free_before_mib=46160 pss_anon_mib=3664 pss_file_mib=4930 pss_shmem_mib=931 device_mib=20528 samples=7
END_CASE failed_agents=0 wall_ms=40773
CASE mode=weights agents=32
AGENT index=0 mig=fafc828a exit=0 wall_ms=54827 text=bb92e4befc7eddec role=child prefix_tokens=14282 suffix_tokens=27 model_ms=3098.9 context_ms=119.5 state_ms=391.67 prefix_ms=0.0 suffix_ms=565.5 first_token_ms=5360.1 generation_ms=49060.4 generated=64 generation_tps=1.305
AGENT index=1 mig=31ffbfe4 exit=0 wall_ms=80493 text=a8d47b5298abb2fc role=child prefix_tokens=14282 suffix_tokens=22 model_ms=4151.6 context_ms=243.0 state_ms=767.40 prefix_ms=0.0 suffix_ms=2184.9 first_token_ms=8519.1 generation_ms=71611.9 generated=64 generation_tps=0.894
AGENT index=2 mig=fafc828a exit=0 wall_ms=54244 text=abfd4eb3fb8ebdd8 role=child prefix_tokens=14282 suffix_tokens=24 model_ms=3164.3 context_ms=79.5 state_ms=334.03 prefix_ms=0.0 suffix_ms=331.9 first_token_ms=5091.9 generation_ms=48758.7 generated=64 generation_tps=1.313
AGENT index=3 mig=31ffbfe4 exit=0 wall_ms=80788 text=077e38d3762a4e5d role=child prefix_tokens=14282 suffix_tokens=32 model_ms=4171.0 context_ms=239.0 state_ms=787.06 prefix_ms=0.0 suffix_ms=2320.6 first_token_ms=8679.5 generation_ms=71592.6 generated=64 generation_tps=0.894
AGENT index=4 mig=fafc828a exit=0 wall_ms=54870 text=16f8c0610a09645d role=child prefix_tokens=14282 suffix_tokens=23 model_ms=3304.5 context_ms=92.8 state_ms=318.42 prefix_ms=0.0 suffix_ms=585.2 first_token_ms=5452.7 generation_ms=49009.2 generated=64 generation_tps=1.306
AGENT index=5 mig=31ffbfe4 exit=0 wall_ms=80786 text=ff4188d71e02bfdb role=child prefix_tokens=14282 suffix_tokens=26 model_ms=3983.8 context_ms=264.3 state_ms=759.32 prefix_ms=0.0 suffix_ms=2256.9 first_token_ms=8525.4 generation_ms=71731.4 generated=64 generation_tps=0.892
AGENT index=6 mig=fafc828a exit=0 wall_ms=55514 text=f88f503d1005fa22 role=child prefix_tokens=14282 suffix_tokens=21 model_ms=3384.9 context_ms=94.6 state_ms=415.67 prefix_ms=0.0 suffix_ms=888.6 first_token_ms=5976.5 generation_ms=49146.9 generated=64 generation_tps=1.302
AGENT index=7 mig=31ffbfe4 exit=0 wall_ms=80100 text=f9c832b7cad1a509 role=child prefix_tokens=14282 suffix_tokens=31 model_ms=3857.0 context_ms=142.2 state_ms=618.60 prefix_ms=0.0 suffix_ms=1816.2 first_token_ms=7656.1 generation_ms=72081.0 generated=64 generation_tps=0.888
AGENT index=8 mig=fafc828a exit=0 wall_ms=55912 text=ae3f57b141780268 role=child prefix_tokens=14282 suffix_tokens=18 model_ms=3455.7 context_ms=145.2 state_ms=696.06 prefix_ms=0.0 suffix_ms=981.7 first_token_ms=6561.7 generation_ms=48932.5 generated=64 generation_tps=1.308
AGENT index=9 mig=31ffbfe4 exit=0 wall_ms=61305 text=a2d016def74ecc62 role=child prefix_tokens=14282 suffix_tokens=18 model_ms=2020.3 context_ms=424.2 state_ms=155.99 prefix_ms=0.0 suffix_ms=341.3 first_token_ms=3764.4 generation_ms=57182.9 generated=64 generation_tps=1.119
AGENT index=10 mig=fafc828a exit=0 wall_ms=56793 text=a733f3a39259263c role=child prefix_tokens=14282 suffix_tokens=18 model_ms=4051.8 context_ms=288.2 state_ms=1055.58 prefix_ms=0.0 suffix_ms=1427.0 first_token_ms=8007.2 generation_ms=48369.0 generated=64 generation_tps=1.323
AGENT index=11 mig=31ffbfe4 exit=0 wall_ms=80804 text=087278665f3dec68 role=child prefix_tokens=14282 suffix_tokens=22 model_ms=4104.9 context_ms=161.8 state_ms=758.99 prefix_ms=0.0 suffix_ms=2151.1 first_token_ms=8508.0 generation_ms=71737.5 generated=64 generation_tps=0.892
AGENT index=12 mig=fafc828a exit=0 wall_ms=57066 text=2c93819fe85df763 role=child prefix_tokens=14282 suffix_tokens=21 model_ms=4061.6 context_ms=148.4 state_ms=1035.66 prefix_ms=0.0 suffix_ms=1416.6 first_token_ms=7993.1 generation_ms=48479.3 generated=64 generation_tps=1.320
AGENT index=13 mig=31ffbfe4 exit=0 wall_ms=80214 text=5d483815f91685a6 role=child prefix_tokens=14282 suffix_tokens=31 model_ms=3989.1 context_ms=224.7 state_ms=750.64 prefix_ms=0.0 suffix_ms=2167.0 first_token_ms=8271.9 generation_ms=71539.3 generated=64 generation_tps=0.895
AGENT index=14 mig=fafc828a exit=0 wall_ms=57062 text=3f33f20708943e2f role=child prefix_tokens=14282 suffix_tokens=21 model_ms=3898.7 context_ms=291.1 state_ms=1055.67 prefix_ms=0.0 suffix_ms=1390.3 first_token_ms=7923.6 generation_ms=48479.0 generated=64 generation_tps=1.320
AGENT index=15 mig=31ffbfe4 exit=0 wall_ms=80680 text=0502c45076359254 role=child prefix_tokens=14282 suffix_tokens=26 model_ms=3756.3 context_ms=228.4 state_ms=748.26 prefix_ms=0.0 suffix_ms=2138.1 first_token_ms=8212.7 generation_ms=71994.4 generated=64 generation_tps=0.889
AGENT index=16 mig=fafc828a exit=0 wall_ms=56944 text=0ebc8757605c5571 role=child prefix_tokens=14282 suffix_tokens=25 model_ms=3817.8 context_ms=206.1 state_ms=1019.44 prefix_ms=0.0 suffix_ms=1522.2 first_token_ms=7895.7 generation_ms=48528.5 generated=64 generation_tps=1.319
AGENT index=17 mig=31ffbfe4 exit=0 wall_ms=80525 text=5d7dbcf0a7eca76c role=child prefix_tokens=14282 suffix_tokens=22 model_ms=4237.4 context_ms=144.3 state_ms=787.98 prefix_ms=0.0 suffix_ms=2162.7 first_token_ms=8473.2 generation_ms=71658.2 generated=64 generation_tps=0.893
AGENT index=18 mig=fafc828a exit=0 wall_ms=56153 text=cb99e4b1c2fd84d5 role=child prefix_tokens=14282 suffix_tokens=21 model_ms=3572.3 context_ms=163.4 state_ms=775.33 prefix_ms=0.0 suffix_ms=943.9 first_token_ms=6659.4 generation_ms=49064.8 generated=64 generation_tps=1.304
AGENT index=19 mig=31ffbfe4 exit=0 wall_ms=79660 text=4c7501e634d9bf23 role=child prefix_tokens=14282 suffix_tokens=18 model_ms=3669.2 context_ms=145.2 state_ms=589.07 prefix_ms=0.0 suffix_ms=1280.4 first_token_ms=6967.3 generation_ms=72288.3 generated=64 generation_tps=0.885
AGENT index=20 mig=fafc828a exit=0 wall_ms=54975 text=b3893059e7e79532 role=child prefix_tokens=14282 suffix_tokens=21 model_ms=3288.3 context_ms=83.6 state_ms=359.47 prefix_ms=0.0 suffix_ms=705.6 first_token_ms=5600.3 generation_ms=48998.7 generated=64 generation_tps=1.306
AGENT index=21 mig=31ffbfe4 exit=0 wall_ms=80795 text=284eef78a2286715 role=child prefix_tokens=14282 suffix_tokens=26 model_ms=4054.6 context_ms=195.1 state_ms=754.72 prefix_ms=0.0 suffix_ms=2237.5 first_token_ms=8519.3 generation_ms=71704.9 generated=64 generation_tps=0.893
AGENT index=22 mig=fafc828a exit=0 wall_ms=57062 text=ad3122b47bf9d41d role=child prefix_tokens=14282 suffix_tokens=27 model_ms=3890.4 context_ms=260.7 state_ms=1061.45 prefix_ms=0.0 suffix_ms=1589.8 first_token_ms=8123.6 generation_ms=48345.2 generated=64 generation_tps=1.324
AGENT index=23 mig=31ffbfe4 exit=0 wall_ms=79703 text=f79224e341ba5115 role=child prefix_tokens=14282 suffix_tokens=17 model_ms=3774.3 context_ms=141.9 state_ms=621.62 prefix_ms=0.0 suffix_ms=1190.7 first_token_ms=6848.1 generation_ms=72411.3 generated=64 generation_tps=0.884
AGENT index=24 mig=fafc828a exit=0 wall_ms=55990 text=9834d2c93010cb40 role=child prefix_tokens=14282 suffix_tokens=22 model_ms=3516.7 context_ms=149.7 state_ms=640.52 prefix_ms=0.0 suffix_ms=1005.2 first_token_ms=6454.9 generation_ms=49123.5 generated=64 generation_tps=1.303
AGENT index=25 mig=31ffbfe4 exit=0 wall_ms=79745 text=da4c2dca73ac54e0 role=child prefix_tokens=14282 suffix_tokens=23 model_ms=3633.7 context_ms=149.2 state_ms=609.27 prefix_ms=0.0 suffix_ms=1390.4 first_token_ms=7101.9 generation_ms=72239.3 generated=64 generation_tps=0.886
AGENT index=26 mig=fafc828a exit=0 wall_ms=55883 text=07ec2de36a00f7a1 role=child prefix_tokens=14282 suffix_tokens=19 model_ms=3284.0 context_ms=86.1 state_ms=512.70 prefix_ms=0.0 suffix_ms=1162.9 first_token_ms=6215.1 generation_ms=49201.8 generated=64 generation_tps=1.301
AGENT index=27 mig=31ffbfe4 exit=0 wall_ms=80645 text=e1e29071a16e2061 role=child prefix_tokens=14282 suffix_tokens=21 model_ms=4044.7 context_ms=179.7 state_ms=763.71 prefix_ms=0.0 suffix_ms=2229.9 first_token_ms=8524.9 generation_ms=71630.1 generated=64 generation_tps=0.893
AGENT index=28 mig=fafc828a exit=0 wall_ms=57017 text=1c65ed1020843e8d role=child prefix_tokens=14282 suffix_tokens=20 model_ms=4015.2 context_ms=168.1 state_ms=1038.66 prefix_ms=0.0 suffix_ms=1417.4 first_token_ms=7959.0 generation_ms=48479.2 generated=64 generation_tps=1.320
AGENT index=29 mig=31ffbfe4 exit=0 wall_ms=76841 text=a72f71cd80731afe role=child prefix_tokens=14282 suffix_tokens=22 model_ms=3125.9 context_ms=126.3 state_ms=390.15 prefix_ms=0.0 suffix_ms=424.1 first_token_ms=5146.3 generation_ms=71332.7 generated=64 generation_tps=0.897
AGENT index=30 mig=fafc828a exit=0 wall_ms=56905 text=317f6f38771a1e41 role=child prefix_tokens=14282 suffix_tokens=20 model_ms=3828.4 context_ms=276.8 state_ms=1070.78 prefix_ms=0.0 suffix_ms=1361.6 first_token_ms=7824.0 generation_ms=48542.1 generated=64 generation_tps=1.318
AGENT index=31 mig=31ffbfe4 exit=0 wall_ms=80185 text=1b4036771dcdadef role=child prefix_tokens=14282 suffix_tokens=22 model_ms=3872.7 context_ms=248.7 state_ms=724.96 prefix_ms=0.0 suffix_ms=1902.4 first_token_ms=7921.5 generation_ms=71893.0 generated=64 generation_tps=0.890
MEMORY mem_available_drop_mib=51505 mem_available_before_mib=120152 mem_free_before_mib=46151 pss_anon_mib=7338 pss_file_mib=5201 pss_shmem_mib=1862 device_mib=41056 samples=13
END_CASE failed_agents=0 wall_ms=81055
CASE mode=both agents=1
AGENT index=0 mig=fafc828a exit=0 wall_ms=3974 text=bb92e4befc7eddec role=child prefix_tokens=14282 suffix_tokens=27 model_ms=630.2 context_ms=26.9 state_ms=6.35 prefix_ms=0.0 suffix_ms=112.0 first_token_ms=829.6 generation_ms=2689.7 generated=64 generation_tps=23.795
MEMORY mem_available_drop_mib=769 mem_available_before_mib=120152 mem_free_before_mib=46143 pss_anon_mib=245 pss_file_mib=4558 pss_shmem_mib=839 device_mib=394 samples=1
END_CASE failed_agents=0 wall_ms=4010
CASE mode=both agents=2
AGENT index=0 mig=fafc828a exit=0 wall_ms=4280 text=bb92e4befc7eddec role=child prefix_tokens=14282 suffix_tokens=27 model_ms=724.9 context_ms=30.7 state_ms=6.15 prefix_ms=0.0 suffix_ms=118.2 first_token_ms=970.7 generation_ms=2942.4 generated=64 generation_tps=21.751
AGENT index=1 mig=31ffbfe4 exit=0 wall_ms=5886 text=a8d47b5298abb2fc role=child prefix_tokens=14282 suffix_tokens=22 model_ms=745.1 context_ms=30.9 state_ms=6.47 prefix_ms=0.0 suffix_ms=150.1 first_token_ms=1003.3 generation_ms=4444.2 generated=64 generation_tps=14.401
MEMORY mem_available_drop_mib=1463 mem_available_before_mib=120117 mem_free_before_mib=46108 pss_anon_mib=476 pss_file_mib=4580 pss_shmem_mib=897 device_mib=774 samples=1
END_CASE failed_agents=0 wall_ms=5929
CASE mode=both agents=4
AGENT index=0 mig=fafc828a exit=0 wall_ms=7805 text=bb92e4befc7eddec role=child prefix_tokens=14282 suffix_tokens=27 model_ms=862.7 context_ms=41.1 state_ms=5.99 prefix_ms=0.0 suffix_ms=194.4 first_token_ms=1262.7 generation_ms=6123.1 generated=64 generation_tps=10.452
AGENT index=1 mig=31ffbfe4 exit=0 wall_ms=11012 text=a8d47b5298abb2fc role=child prefix_tokens=14282 suffix_tokens=22 model_ms=854.9 context_ms=38.3 state_ms=6.13 prefix_ms=0.0 suffix_ms=276.1 first_token_ms=1335.1 generation_ms=9316.0 generated=64 generation_tps=6.870
AGENT index=2 mig=fafc828a exit=0 wall_ms=7751 text=abfd4eb3fb8ebdd8 role=child prefix_tokens=14282 suffix_tokens=24 model_ms=855.6 context_ms=39.8 state_ms=6.16 prefix_ms=0.0 suffix_ms=183.9 first_token_ms=1247.7 generation_ms=6110.9 generated=64 generation_tps=10.473
AGENT index=3 mig=31ffbfe4 exit=0 wall_ms=11105 text=077e38d3762a4e5d role=child prefix_tokens=14282 suffix_tokens=32 model_ms=861.0 context_ms=37.1 state_ms=6.32 prefix_ms=0.0 suffix_ms=286.4 first_token_ms=1351.8 generation_ms=9329.5 generated=64 generation_tps=6.860
MEMORY mem_available_drop_mib=2851 mem_available_before_mib=120004 mem_free_before_mib=45995 pss_anon_mib=983 pss_file_mib=4622 pss_shmem_mib=1013 device_mib=1548 samples=2
END_CASE failed_agents=0 wall_ms=11162
CASE mode=both agents=8
AGENT index=0 mig=fafc828a exit=0 wall_ms=14410 text=bb92e4befc7eddec role=child prefix_tokens=14282 suffix_tokens=27 model_ms=1065.9 context_ms=27.6 state_ms=6.21 prefix_ms=0.0 suffix_ms=243.1 first_token_ms=1651.3 generation_ms=12331.6 generated=64 generation_tps=5.190
AGENT index=1 mig=31ffbfe4 exit=0 wall_ms=20655 text=a8d47b5298abb2fc role=child prefix_tokens=14282 suffix_tokens=22 model_ms=1079.9 context_ms=30.7 state_ms=5.91 prefix_ms=0.0 suffix_ms=157.7 first_token_ms=1541.9 generation_ms=18761.8 generated=64 generation_tps=3.411
AGENT index=2 mig=fafc828a exit=0 wall_ms=14284 text=abfd4eb3fb8ebdd8 role=child prefix_tokens=14282 suffix_tokens=24 model_ms=1036.5 context_ms=28.5 state_ms=6.15 prefix_ms=0.0 suffix_ms=166.4 first_token_ms=1548.5 generation_ms=12327.3 generated=64 generation_tps=5.192
AGENT index=3 mig=31ffbfe4 exit=0 wall_ms=21232 text=077e38d3762a4e5d role=child prefix_tokens=14282 suffix_tokens=32 model_ms=1155.4 context_ms=34.9 state_ms=6.05 prefix_ms=0.0 suffix_ms=566.1 first_token_ms=2070.6 generation_ms=18725.2 generated=64 generation_tps=3.418
AGENT index=4 mig=fafc828a exit=0 wall_ms=14526 text=16f8c0610a09645d role=child prefix_tokens=14282 suffix_tokens=23 model_ms=1119.8 context_ms=45.4 state_ms=6.20 prefix_ms=0.0 suffix_ms=362.4 first_token_ms=1853.5 generation_ms=12248.5 generated=64 generation_tps=5.225
AGENT index=5 mig=31ffbfe4 exit=0 wall_ms=21178 text=ff4188d71e02bfdb role=child prefix_tokens=14282 suffix_tokens=26 model_ms=1130.4 context_ms=48.5 state_ms=6.16 prefix_ms=0.0 suffix_ms=560.7 first_token_ms=2064.7 generation_ms=18717.5 generated=64 generation_tps=3.419
AGENT index=6 mig=fafc828a exit=0 wall_ms=14447 text=f88f503d1005fa22 role=child prefix_tokens=14282 suffix_tokens=21 model_ms=1143.9 context_ms=44.3 state_ms=6.50 prefix_ms=0.0 suffix_ms=345.2 first_token_ms=1850.0 generation_ms=12239.1 generated=64 generation_tps=5.229
AGENT index=7 mig=31ffbfe4 exit=0 wall_ms=21149 text=f9c832b7cad1a509 role=child prefix_tokens=14282 suffix_tokens=31 model_ms=1129.2 context_ms=43.7 state_ms=6.20 prefix_ms=0.0 suffix_ms=586.2 first_token_ms=2076.6 generation_ms=18677.8 generated=64 generation_tps=3.427
MEMORY mem_available_drop_mib=5754 mem_available_before_mib=120081 mem_free_before_mib=46073 pss_anon_mib=1954 pss_file_mib=4705 pss_shmem_mib=1246 device_mib=3096 samples=3
END_CASE failed_agents=0 wall_ms=21312
CASE mode=both agents=12
AGENT index=0 mig=fafc828a exit=0 wall_ms=21626 text=bb92e4befc7eddec role=child prefix_tokens=14282 suffix_tokens=27 model_ms=1420.2 context_ms=59.1 state_ms=6.54 prefix_ms=0.0 suffix_ms=546.1 first_token_ms=2469.7 generation_ms=18614.2 generated=64 generation_tps=3.438
AGENT index=1 mig=31ffbfe4 exit=0 wall_ms=31302 text=a8d47b5298abb2fc role=child prefix_tokens=14282 suffix_tokens=22 model_ms=1423.9 context_ms=56.5 state_ms=6.52 prefix_ms=0.0 suffix_ms=771.7 first_token_ms=2703.7 generation_ms=28257.2 generated=64 generation_tps=2.265
AGENT index=2 mig=fafc828a exit=0 wall_ms=21490 text=abfd4eb3fb8ebdd8 role=child prefix_tokens=14282 suffix_tokens=24 model_ms=1407.0 context_ms=65.0 state_ms=6.39 prefix_ms=0.0 suffix_ms=486.0 first_token_ms=2413.3 generation_ms=18605.5 generated=64 generation_tps=3.440
AGENT index=3 mig=31ffbfe4 exit=0 wall_ms=31518 text=077e38d3762a4e5d role=child prefix_tokens=14282 suffix_tokens=32 model_ms=1402.8 context_ms=67.2 state_ms=5.91 prefix_ms=0.0 suffix_ms=771.9 first_token_ms=2698.7 generation_ms=28345.0 generated=64 generation_tps=2.258
AGENT index=4 mig=fafc828a exit=0 wall_ms=21460 text=16f8c0610a09645d role=child prefix_tokens=14282 suffix_tokens=23 model_ms=1397.9 context_ms=56.8 state_ms=6.55 prefix_ms=0.0 suffix_ms=480.7 first_token_ms=2388.0 generation_ms=18605.9 generated=64 generation_tps=3.440
AGENT index=5 mig=31ffbfe4 exit=0 wall_ms=31196 text=ff4188d71e02bfdb role=child prefix_tokens=14282 suffix_tokens=26 model_ms=1410.2 context_ms=46.1 state_ms=6.15 prefix_ms=0.0 suffix_ms=664.1 first_token_ms=2565.6 generation_ms=28251.3 generated=64 generation_tps=2.265
AGENT index=6 mig=fafc828a exit=0 wall_ms=21587 text=f88f503d1005fa22 role=child prefix_tokens=14282 suffix_tokens=21 model_ms=1379.4 context_ms=53.9 state_ms=6.44 prefix_ms=0.0 suffix_ms=461.9 first_token_ms=2362.3 generation_ms=18682.6 generated=64 generation_tps=3.426
AGENT index=7 mig=31ffbfe4 exit=0 wall_ms=31539 text=f9c832b7cad1a509 role=child prefix_tokens=14282 suffix_tokens=31 model_ms=1429.1 context_ms=45.6 state_ms=6.59 prefix_ms=0.0 suffix_ms=843.1 first_token_ms=2780.0 generation_ms=28285.7 generated=64 generation_tps=2.263
AGENT index=8 mig=fafc828a exit=0 wall_ms=21505 text=ae3f57b141780268 role=child prefix_tokens=14282 suffix_tokens=18 model_ms=1388.0 context_ms=65.0 state_ms=6.14 prefix_ms=0.0 suffix_ms=477.0 first_token_ms=2391.4 generation_ms=18598.9 generated=64 generation_tps=3.441
AGENT index=9 mig=31ffbfe4 exit=0 wall_ms=31432 text=a2d016def74ecc62 role=child prefix_tokens=14282 suffix_tokens=18 model_ms=1449.3 context_ms=38.0 state_ms=6.30 prefix_ms=0.0 suffix_ms=831.8 first_token_ms=2775.9 generation_ms=28282.0 generated=64 generation_tps=2.263
AGENT index=10 mig=fafc828a exit=0 wall_ms=21581 text=a733f3a39259263c role=child prefix_tokens=14282 suffix_tokens=18 model_ms=1420.6 context_ms=47.2 state_ms=6.54 prefix_ms=0.0 suffix_ms=520.1 first_token_ms=2455.4 generation_ms=18610.4 generated=64 generation_tps=3.439
AGENT index=11 mig=31ffbfe4 exit=0 wall_ms=31504 text=087278665f3dec68 role=child prefix_tokens=14282 suffix_tokens=22 model_ms=1418.6 context_ms=45.5 state_ms=6.33 prefix_ms=0.0 suffix_ms=833.8 first_token_ms=2761.1 generation_ms=28287.8 generated=64 generation_tps=2.262
MEMORY mem_available_drop_mib=8671 mem_available_before_mib=120110 mem_free_before_mib=46101 pss_anon_mib=2952 pss_file_mib=4788 pss_shmem_mib=1479 device_mib=4644 samples=5
END_CASE failed_agents=0 wall_ms=31646
CASE mode=both agents=16
AGENT index=0 mig=fafc828a exit=0 wall_ms=28367 text=bb92e4befc7eddec role=child prefix_tokens=14282 suffix_tokens=27 model_ms=1736.7 context_ms=85.4 state_ms=11.14 prefix_ms=0.0 suffix_ms=744.7 first_token_ms=3180.0 generation_ms=24733.6 generated=64 generation_tps=2.588
AGENT index=1 mig=31ffbfe4 exit=0 wall_ms=41578 text=a8d47b5298abb2fc role=child prefix_tokens=14282 suffix_tokens=22 model_ms=1755.7 context_ms=70.0 state_ms=6.31 prefix_ms=0.0 suffix_ms=898.4 first_token_ms=3320.3 generation_ms=37829.0 generated=64 generation_tps=1.692
AGENT index=2 mig=fafc828a exit=0 wall_ms=28466 text=abfd4eb3fb8ebdd8 role=child prefix_tokens=14282 suffix_tokens=24 model_ms=2090.7 context_ms=36.0 state_ms=8.25 prefix_ms=0.0 suffix_ms=708.8 first_token_ms=3462.9 generation_ms=24539.5 generated=64 generation_tps=2.608
AGENT index=3 mig=31ffbfe4 exit=0 wall_ms=41647 text=077e38d3762a4e5d role=child prefix_tokens=14282 suffix_tokens=32 model_ms=1700.5 context_ms=112.3 state_ms=10.21 prefix_ms=0.0 suffix_ms=966.8 first_token_ms=3389.7 generation_ms=37774.5 generated=64 generation_tps=1.694
AGENT index=4 mig=fafc828a exit=0 wall_ms=28284 text=16f8c0610a09645d role=child prefix_tokens=14282 suffix_tokens=23 model_ms=1685.2 context_ms=90.9 state_ms=6.77 prefix_ms=0.0 suffix_ms=518.9 first_token_ms=2899.1 generation_ms=24902.3 generated=64 generation_tps=2.570
AGENT index=5 mig=31ffbfe4 exit=0 wall_ms=41646 text=ff4188d71e02bfdb role=child prefix_tokens=14282 suffix_tokens=26 model_ms=1756.4 context_ms=76.4 state_ms=8.83 prefix_ms=0.0 suffix_ms=946.7 first_token_ms=3369.2 generation_ms=37789.6 generated=64 generation_tps=1.694
AGENT index=6 mig=fafc828a exit=0 wall_ms=28084 text=f88f503d1005fa22 role=child prefix_tokens=14282 suffix_tokens=21 model_ms=1697.2 context_ms=74.0 state_ms=9.02 prefix_ms=0.0 suffix_ms=428.5 first_token_ms=2789.9 generation_ms=24860.9 generated=64 generation_tps=2.574
AGENT index=7 mig=31ffbfe4 exit=0 wall_ms=41794 text=f9c832b7cad1a509 role=child prefix_tokens=14282 suffix_tokens=31 model_ms=1991.8 context_ms=34.2 state_ms=6.23 prefix_ms=0.0 suffix_ms=1197.6 first_token_ms=3850.1 generation_ms=37468.6 generated=64 generation_tps=1.708
AGENT index=8 mig=fafc828a exit=0 wall_ms=28279 text=ae3f57b141780268 role=child prefix_tokens=14282 suffix_tokens=18 model_ms=1710.0 context_ms=68.7 state_ms=6.64 prefix_ms=0.0 suffix_ms=467.3 first_token_ms=2858.5 generation_ms=24906.9 generated=64 generation_tps=2.570
AGENT index=9 mig=31ffbfe4 exit=0 wall_ms=41487 text=a2d016def74ecc62 role=child prefix_tokens=14282 suffix_tokens=18 model_ms=1679.7 context_ms=89.7 state_ms=14.27 prefix_ms=0.0 suffix_ms=903.9 first_token_ms=3282.5 generation_ms=37798.4 generated=64 generation_tps=1.693
AGENT index=10 mig=fafc828a exit=0 wall_ms=28188 text=a733f3a39259263c role=child prefix_tokens=14282 suffix_tokens=18 model_ms=1705.0 context_ms=85.6 state_ms=7.22 prefix_ms=0.0 suffix_ms=468.6 first_token_ms=2833.3 generation_ms=24890.7 generated=64 generation_tps=2.571
AGENT index=11 mig=31ffbfe4 exit=0 wall_ms=41661 text=087278665f3dec68 role=child prefix_tokens=14282 suffix_tokens=22 model_ms=1783.5 context_ms=28.8 state_ms=6.29 prefix_ms=0.0 suffix_ms=1058.0 first_token_ms=3509.2 generation_ms=37705.0 generated=64 generation_tps=1.697
AGENT index=12 mig=fafc828a exit=0 wall_ms=28373 text=2c93819fe85df763 role=child prefix_tokens=14282 suffix_tokens=21 model_ms=1980.5 context_ms=28.4 state_ms=6.24 prefix_ms=0.0 suffix_ms=708.8 first_token_ms=3342.0 generation_ms=24626.0 generated=64 generation_tps=2.599
AGENT index=13 mig=31ffbfe4 exit=0 wall_ms=41754 text=5d483815f91685a6 role=child prefix_tokens=14282 suffix_tokens=31 model_ms=1954.5 context_ms=39.5 state_ms=6.45 prefix_ms=0.0 suffix_ms=1199.7 first_token_ms=3816.3 generation_ms=37481.8 generated=64 generation_tps=1.707
AGENT index=14 mig=fafc828a exit=0 wall_ms=28205 text=3f33f20708943e2f role=child prefix_tokens=14282 suffix_tokens=21 model_ms=1690.9 context_ms=63.0 state_ms=6.13 prefix_ms=0.0 suffix_ms=471.1 first_token_ms=2861.1 generation_ms=24896.2 generated=64 generation_tps=2.571
AGENT index=15 mig=31ffbfe4 exit=0 wall_ms=41221 text=0502c45076359254 role=child prefix_tokens=14282 suffix_tokens=26 model_ms=1661.4 context_ms=59.6 state_ms=6.17 prefix_ms=0.0 suffix_ms=665.9 first_token_ms=2986.5 generation_ms=37847.7 generated=64 generation_tps=1.691
MEMORY mem_available_drop_mib=11547 mem_available_before_mib=120142 mem_free_before_mib=46133 pss_anon_mib=3939 pss_file_mib=4905 pss_shmem_mib=1712 device_mib=6192 samples=7
END_CASE failed_agents=0 wall_ms=41921
CASE mode=both agents=32
AGENT index=0 mig=fafc828a exit=0 wall_ms=56698 text=bb92e4befc7eddec role=child prefix_tokens=14282 suffix_tokens=27 model_ms=3689.4 context_ms=85.3 state_ms=9.21 prefix_ms=0.0 suffix_ms=1412.3 first_token_ms=6384.3 generation_ms=49577.9 generated=64 generation_tps=1.291
AGENT index=1 mig=31ffbfe4 exit=0 wall_ms=77653 text=a8d47b5298abb2fc role=child prefix_tokens=14282 suffix_tokens=22 model_ms=2702.4 context_ms=148.3 state_ms=7.76 prefix_ms=0.0 suffix_ms=474.8 first_token_ms=4253.6 generation_ms=73033.6 generated=64 generation_tps=0.876
AGENT index=2 mig=fafc828a exit=0 wall_ms=53116 text=abfd4eb3fb8ebdd8 role=child prefix_tokens=14282 suffix_tokens=24 model_ms=3342.2 context_ms=63.8 state_ms=12.20 prefix_ms=0.0 suffix_ms=161.1 first_token_ms=4750.4 generation_ms=47844.4 generated=64 generation_tps=1.338
AGENT index=3 mig=31ffbfe4 exit=0 wall_ms=81140 text=077e38d3762a4e5d role=child prefix_tokens=14282 suffix_tokens=32 model_ms=3409.2 context_ms=38.0 state_ms=6.76 prefix_ms=0.0 suffix_ms=1430.7 first_token_ms=6039.7 generation_ms=74721.8 generated=64 generation_tps=0.857
AGENT index=4 mig=fafc828a exit=0 wall_ms=56661 text=16f8c0610a09645d role=child prefix_tokens=14282 suffix_tokens=23 model_ms=4035.4 context_ms=32.1 state_ms=6.39 prefix_ms=0.0 suffix_ms=1523.7 first_token_ms=6769.3 generation_ms=49299.1 generated=64 generation_tps=1.298
AGENT index=5 mig=31ffbfe4 exit=0 wall_ms=70978 text=ff4188d71e02bfdb role=child prefix_tokens=14282 suffix_tokens=26 model_ms=2087.1 context_ms=259.2 state_ms=15.37 prefix_ms=0.0 suffix_ms=382.5 first_token_ms=3612.9 generation_ms=66969.4 generated=64 generation_tps=0.956
AGENT index=6 mig=fafc828a exit=0 wall_ms=56276 text=f88f503d1005fa22 role=child prefix_tokens=14282 suffix_tokens=21 model_ms=3676.9 context_ms=103.1 state_ms=7.21 prefix_ms=0.0 suffix_ms=1271.3 first_token_ms=6194.7 generation_ms=49520.5 generated=64 generation_tps=1.292
AGENT index=7 mig=31ffbfe4 exit=0 wall_ms=80345 text=f9c832b7cad1a509 role=child prefix_tokens=14282 suffix_tokens=31 model_ms=3128.1 context_ms=68.0 state_ms=10.31 prefix_ms=0.0 suffix_ms=806.8 first_token_ms=5165.1 generation_ms=74798.1 generated=64 generation_tps=0.856
AGENT index=8 mig=fafc828a exit=0 wall_ms=55638 text=ae3f57b141780268 role=child prefix_tokens=14282 suffix_tokens=18 model_ms=3312.4 context_ms=84.4 state_ms=16.77 prefix_ms=0.0 suffix_ms=622.7 first_token_ms=5372.5 generation_ms=49836.0 generated=64 generation_tps=1.284
AGENT index=9 mig=31ffbfe4 exit=0 wall_ms=80709 text=a2d016def74ecc62 role=child prefix_tokens=14282 suffix_tokens=18 model_ms=3384.9 context_ms=61.9 state_ms=10.40 prefix_ms=0.0 suffix_ms=1004.9 first_token_ms=5481.0 generation_ms=74878.7 generated=64 generation_tps=0.855
AGENT index=10 mig=fafc828a exit=0 wall_ms=56449 text=a733f3a39259263c role=child prefix_tokens=14282 suffix_tokens=18 model_ms=3730.3 context_ms=74.4 state_ms=6.36 prefix_ms=0.0 suffix_ms=1290.5 first_token_ms=6266.9 generation_ms=49652.0 generated=64 generation_tps=1.289
AGENT index=11 mig=31ffbfe4 exit=0 wall_ms=81762 text=087278665f3dec68 role=child prefix_tokens=14282 suffix_tokens=22 model_ms=3840.0 context_ms=71.1 state_ms=11.07 prefix_ms=0.0 suffix_ms=2179.8 first_token_ms=7257.7 generation_ms=74054.0 generated=64 generation_tps=0.864
AGENT index=12 mig=fafc828a exit=0 wall_ms=55658 text=2c93819fe85df763 role=child prefix_tokens=14282 suffix_tokens=21 model_ms=3458.5 context_ms=62.2 state_ms=6.48 prefix_ms=0.0 suffix_ms=654.8 first_token_ms=5406.0 generation_ms=49828.2 generated=64 generation_tps=1.284
AGENT index=13 mig=31ffbfe4 exit=0 wall_ms=82042 text=5d483815f91685a6 role=child prefix_tokens=14282 suffix_tokens=31 model_ms=3900.7 context_ms=33.4 state_ms=6.36 prefix_ms=0.0 suffix_ms=2380.7 first_token_ms=7603.5 generation_ms=73817.9 generated=64 generation_tps=0.867
AGENT index=14 mig=fafc828a exit=0 wall_ms=56310 text=3f33f20708943e2f role=child prefix_tokens=14282 suffix_tokens=21 model_ms=3650.1 context_ms=109.3 state_ms=14.90 prefix_ms=0.0 suffix_ms=1183.7 first_token_ms=6070.0 generation_ms=49734.1 generated=64 generation_tps=1.287
AGENT index=15 mig=31ffbfe4 exit=0 wall_ms=81259 text=0502c45076359254 role=child prefix_tokens=14282 suffix_tokens=26 model_ms=3491.1 context_ms=33.8 state_ms=7.15 prefix_ms=0.0 suffix_ms=1683.5 first_token_ms=6335.4 generation_ms=74546.6 generated=64 generation_tps=0.859
AGENT index=16 mig=fafc828a exit=0 wall_ms=56351 text=0ebc8757605c5571 role=child prefix_tokens=14282 suffix_tokens=25 model_ms=3431.0 context_ms=62.1 state_ms=10.04 prefix_ms=0.0 suffix_ms=1092.3 first_token_ms=5866.9 generation_ms=49824.7 generated=64 generation_tps=1.285
AGENT index=17 mig=31ffbfe4 exit=0 wall_ms=81949 text=5d7dbcf0a7eca76c role=child prefix_tokens=14282 suffix_tokens=22 model_ms=3919.3 context_ms=44.1 state_ms=6.62 prefix_ms=0.0 suffix_ms=2186.8 first_token_ms=7280.9 generation_ms=74088.9 generated=64 generation_tps=0.864
AGENT index=18 mig=fafc828a exit=0 wall_ms=56090 text=cb99e4b1c2fd84d5 role=child prefix_tokens=14282 suffix_tokens=21 model_ms=3589.6 context_ms=88.3 state_ms=17.94 prefix_ms=0.0 suffix_ms=975.7 first_token_ms=5771.3 generation_ms=49849.5 generated=64 generation_tps=1.284
AGENT index=19 mig=31ffbfe4 exit=0 wall_ms=81886 text=4c7501e634d9bf23 role=child prefix_tokens=14282 suffix_tokens=18 model_ms=3685.4 context_ms=62.6 state_ms=6.92 prefix_ms=0.0 suffix_ms=2162.6 first_token_ms=7212.5 generation_ms=74097.6 generated=64 generation_tps=0.864
AGENT index=20 mig=fafc828a exit=0 wall_ms=56742 text=b3893059e7e79532 role=child prefix_tokens=14282 suffix_tokens=21 model_ms=3842.6 context_ms=33.4 state_ms=6.37 prefix_ms=0.0 suffix_ms=1530.1 first_token_ms=6740.8 generation_ms=49306.7 generated=64 generation_tps=1.298
AGENT index=21 mig=31ffbfe4 exit=0 wall_ms=81727 text=284eef78a2286715 role=child prefix_tokens=14282 suffix_tokens=26 model_ms=3843.8 context_ms=49.9 state_ms=10.37 prefix_ms=0.0 suffix_ms=2210.2 first_token_ms=7260.2 generation_ms=73940.9 generated=64 generation_tps=0.866
AGENT index=22 mig=fafc828a exit=0 wall_ms=56610 text=ad3122b47bf9d41d role=child prefix_tokens=14282 suffix_tokens=27 model_ms=3661.0 context_ms=36.4 state_ms=7.15 prefix_ms=0.0 suffix_ms=1538.3 first_token_ms=6514.9 generation_ms=49497.6 generated=64 generation_tps=1.293
AGENT index=23 mig=31ffbfe4 exit=0 wall_ms=81848 text=f79224e341ba5115 role=child prefix_tokens=14282 suffix_tokens=17 model_ms=3729.4 context_ms=55.4 state_ms=6.36 prefix_ms=0.0 suffix_ms=2152.0 first_token_ms=7225.1 generation_ms=74125.2 generated=64 generation_tps=0.863
AGENT index=24 mig=fafc828a exit=0 wall_ms=56680 text=9834d2c93010cb40 role=child prefix_tokens=14282 suffix_tokens=22 model_ms=3771.7 context_ms=38.6 state_ms=6.42 prefix_ms=0.0 suffix_ms=1456.6 first_token_ms=6539.6 generation_ms=49445.9 generated=64 generation_tps=1.294
AGENT index=25 mig=31ffbfe4 exit=0 wall_ms=79068 text=da4c2dca73ac54e0 role=child prefix_tokens=14282 suffix_tokens=23 model_ms=2719.6 context_ms=76.0 state_ms=11.23 prefix_ms=0.0 suffix_ms=480.3 first_token_ms=4486.6 generation_ms=74200.3 generated=64 generation_tps=0.863
AGENT index=26 mig=fafc828a exit=0 wall_ms=56342 text=07ec2de36a00f7a1 role=child prefix_tokens=14282 suffix_tokens=19 model_ms=3624.5 context_ms=84.4 state_ms=14.47 prefix_ms=0.0 suffix_ms=1268.0 first_token_ms=6134.1 generation_ms=49667.0 generated=64 generation_tps=1.289
AGENT index=27 mig=31ffbfe4 exit=0 wall_ms=81785 text=e1e29071a16e2061 role=child prefix_tokens=14282 suffix_tokens=21 model_ms=3751.1 context_ms=52.9 state_ms=6.46 prefix_ms=0.0 suffix_ms=2146.9 first_token_ms=7188.3 generation_ms=74090.3 generated=64 generation_tps=0.864
AGENT index=28 mig=fafc828a exit=0 wall_ms=56514 text=1c65ed1020843e8d role=child prefix_tokens=14282 suffix_tokens=20 model_ms=3544.7 context_ms=94.4 state_ms=14.49 prefix_ms=0.0 suffix_ms=1305.6 first_token_ms=6239.0 generation_ms=49646.6 generated=64 generation_tps=1.289
AGENT index=29 mig=31ffbfe4 exit=0 wall_ms=82010 text=a72f71cd80731afe role=child prefix_tokens=14282 suffix_tokens=22 model_ms=3786.2 context_ms=29.0 state_ms=6.12 prefix_ms=0.0 suffix_ms=2177.3 first_token_ms=7288.8 generation_ms=74075.6 generated=64 generation_tps=0.864
AGENT index=30 mig=fafc828a exit=0 wall_ms=56127 text=317f6f38771a1e41 role=child prefix_tokens=14282 suffix_tokens=20 model_ms=3356.3 context_ms=75.1 state_ms=8.71 prefix_ms=0.0 suffix_ms=1030.1 first_token_ms=5775.2 generation_ms=49836.8 generated=64 generation_tps=1.284
AGENT index=31 mig=31ffbfe4 exit=0 wall_ms=81745 text=1b4036771dcdadef role=child prefix_tokens=14282 suffix_tokens=22 model_ms=3653.5 context_ms=69.0 state_ms=6.30 prefix_ms=0.0 suffix_ms=2074.1 first_token_ms=7064.2 generation_ms=74223.6 generated=64 generation_tps=0.862
MEMORY mem_available_drop_mib=22887 mem_available_before_mib=120143 mem_free_before_mib=46134 pss_anon_mib=7875 pss_file_mib=5220 pss_shmem_mib=2645 device_mib=12384 samples=13
END_CASE failed_agents=0 wall_ms=82298
CASE mode=both agents=64
AGENT index=0 mig=fafc828a exit=0 wall_ms=97304 text=bb92e4befc7eddec role=child prefix_tokens=14282 suffix_tokens=27 model_ms=5716.7 context_ms=122.4 state_ms=6.15 prefix_ms=0.0 suffix_ms=755.7 first_token_ms=8704.9 generation_ms=88203.9 generated=64 generation_tps=0.726
AGENT index=1 mig=31ffbfe4 exit=0 wall_ms=160484 text=a8d47b5298abb2fc role=child prefix_tokens=14282 suffix_tokens=22 model_ms=7201.2 context_ms=134.0 state_ms=25.91 prefix_ms=0.0 suffix_ms=1416.6 first_token_ms=11080.9 generation_ms=149037.1 generated=64 generation_tps=0.429
AGENT index=2 mig=fafc828a exit=0 wall_ms=108283 text=abfd4eb3fb8ebdd8 role=child prefix_tokens=14282 suffix_tokens=24 model_ms=6862.9 context_ms=98.9 state_ms=28.74 prefix_ms=0.0 suffix_ms=951.8 first_token_ms=10636.3 generation_ms=97215.3 generated=64 generation_tps=0.658
AGENT index=3 mig=31ffbfe4 exit=0 wall_ms=164242 text=077e38d3762a4e5d role=child prefix_tokens=14282 suffix_tokens=32 model_ms=8745.4 context_ms=136.5 state_ms=8.19 prefix_ms=0.0 suffix_ms=4581.4 first_token_ms=15763.8 generation_ms=147730.6 generated=64 generation_tps=0.433
AGENT index=4 mig=fafc828a exit=0 wall_ms=111475 text=16f8c0610a09645d role=child prefix_tokens=14282 suffix_tokens=23 model_ms=8862.0 context_ms=46.9 state_ms=6.36 prefix_ms=0.0 suffix_ms=2882.5 first_token_ms=14114.4 generation_ms=96526.8 generated=64 generation_tps=0.663
AGENT index=5 mig=31ffbfe4 exit=0 wall_ms=164240 text=ff4188d71e02bfdb role=child prefix_tokens=14282 suffix_tokens=26 model_ms=8693.4 context_ms=58.9 state_ms=6.14 prefix_ms=0.0 suffix_ms=4517.9 first_token_ms=15756.2 generation_ms=147699.3 generated=64 generation_tps=0.433
AGENT index=6 mig=fafc828a exit=0 wall_ms=107635 text=f88f503d1005fa22 role=child prefix_tokens=14282 suffix_tokens=21 model_ms=7106.8 context_ms=99.8 state_ms=22.63 prefix_ms=0.0 suffix_ms=777.0 first_token_ms=10287.2 generation_ms=96936.4 generated=64 generation_tps=0.660
AGENT index=7 mig=31ffbfe4 exit=0 wall_ms=158069 text=f9c832b7cad1a509 role=child prefix_tokens=14282 suffix_tokens=31 model_ms=6526.8 context_ms=358.0 state_ms=15.89 prefix_ms=0.0 suffix_ms=925.1 first_token_ms=10130.1 generation_ms=147562.3 generated=64 generation_tps=0.434
AGENT index=8 mig=fafc828a exit=0 wall_ms=109799 text=ae3f57b141780268 role=child prefix_tokens=14282 suffix_tokens=18 model_ms=7432.6 context_ms=247.5 state_ms=30.33 prefix_ms=0.0 suffix_ms=1678.6 first_token_ms=11704.7 generation_ms=97650.5 generated=64 generation_tps=0.655
AGENT index=9 mig=31ffbfe4 exit=0 wall_ms=162859 text=a2d016def74ecc62 role=child prefix_tokens=14282 suffix_tokens=18 model_ms=8833.0 context_ms=68.3 state_ms=7.90 prefix_ms=0.0 suffix_ms=4492.8 first_token_ms=15680.9 generation_ms=146815.5 generated=64 generation_tps=0.436
AGENT index=10 mig=fafc828a exit=0 wall_ms=110948 text=a733f3a39259263c role=child prefix_tokens=14282 suffix_tokens=18 model_ms=8387.8 context_ms=126.2 state_ms=14.81 prefix_ms=0.0 suffix_ms=2707.0 first_token_ms=13529.5 generation_ms=96935.2 generated=64 generation_tps=0.660
AGENT index=11 mig=31ffbfe4 exit=0 wall_ms=163344 text=087278665f3dec68 role=child prefix_tokens=14282 suffix_tokens=22 model_ms=8327.7 context_ms=116.1 state_ms=9.50 prefix_ms=0.0 suffix_ms=4182.3 first_token_ms=14971.7 generation_ms=147965.4 generated=64 generation_tps=0.433
AGENT index=12 mig=fafc828a exit=0 wall_ms=111249 text=2c93819fe85df763 role=child prefix_tokens=14282 suffix_tokens=21 model_ms=8464.1 context_ms=162.4 state_ms=6.86 prefix_ms=0.0 suffix_ms=2923.7 first_token_ms=14055.4 generation_ms=96593.7 generated=64 generation_tps=0.663
AGENT index=13 mig=31ffbfe4 exit=0 wall_ms=163263 text=5d483815f91685a6 role=child prefix_tokens=14282 suffix_tokens=31 model_ms=8145.8 context_ms=131.4 state_ms=10.84 prefix_ms=0.0 suffix_ms=4288.8 first_token_ms=15104.5 generation_ms=147654.2 generated=64 generation_tps=0.433
AGENT index=14 mig=fafc828a exit=0 wall_ms=111271 text=3f33f20708943e2f role=child prefix_tokens=14282 suffix_tokens=21 model_ms=7935.5 context_ms=81.8 state_ms=16.77 prefix_ms=0.0 suffix_ms=2643.5 first_token_ms=13359.3 generation_ms=97169.0 generated=64 generation_tps=0.659
AGENT index=15 mig=31ffbfe4 exit=0 wall_ms=163912 text=0502c45076359254 role=child prefix_tokens=14282 suffix_tokens=26 model_ms=8275.3 context_ms=148.2 state_ms=11.67 prefix_ms=0.0 suffix_ms=4365.6 first_token_ms=15225.1 generation_ms=148044.7 generated=64 generation_tps=0.432
AGENT index=16 mig=fafc828a exit=0 wall_ms=110246 text=0ebc8757605c5571 role=child prefix_tokens=14282 suffix_tokens=25 model_ms=8896.4 context_ms=45.2 state_ms=6.28 prefix_ms=0.0 suffix_ms=3198.7 first_token_ms=14379.2 generation_ms=95471.2 generated=64 generation_tps=0.670
AGENT index=17 mig=31ffbfe4 exit=0 wall_ms=163632 text=5d7dbcf0a7eca76c role=child prefix_tokens=14282 suffix_tokens=22 model_ms=8564.9 context_ms=85.7 state_ms=11.31 prefix_ms=0.0 suffix_ms=4385.6 first_token_ms=15419.0 generation_ms=147728.9 generated=64 generation_tps=0.433
AGENT index=18 mig=fafc828a exit=0 wall_ms=110657 text=cb99e4b1c2fd84d5 role=child prefix_tokens=14282 suffix_tokens=21 model_ms=7761.3 context_ms=115.6 state_ms=22.30 prefix_ms=0.0 suffix_ms=2509.8 first_token_ms=13156.5 generation_ms=97051.3 generated=64 generation_tps=0.659
AGENT index=19 mig=31ffbfe4 exit=0 wall_ms=143597 text=4c7501e634d9bf23 role=child prefix_tokens=14282 suffix_tokens=18 model_ms=4499.6 context_ms=321.6 state_ms=15.39 prefix_ms=0.0 suffix_ms=848.8 first_token_ms=8064.0 generation_ms=135145.7 generated=64 generation_tps=0.474
AGENT index=20 mig=fafc828a exit=0 wall_ms=106006 text=b3893059e7e79532 role=child prefix_tokens=14282 suffix_tokens=21 model_ms=6608.2 context_ms=266.2 state_ms=30.42 prefix_ms=0.0 suffix_ms=659.9 first_token_ms=9807.4 generation_ms=95789.3 generated=64 generation_tps=0.668
AGENT index=21 mig=31ffbfe4 exit=0 wall_ms=158479 text=284eef78a2286715 role=child prefix_tokens=14282 suffix_tokens=26 model_ms=6334.6 context_ms=335.0 state_ms=26.54 prefix_ms=0.0 suffix_ms=1015.5 first_token_ms=10138.2 generation_ms=147958.9 generated=64 generation_tps=0.433
AGENT index=22 mig=fafc828a exit=0 wall_ms=111186 text=ad3122b47bf9d41d role=child prefix_tokens=14282 suffix_tokens=27 model_ms=8466.2 context_ms=83.2 state_ms=14.65 prefix_ms=0.0 suffix_ms=3039.1 first_token_ms=13911.0 generation_ms=96676.3 generated=64 generation_tps=0.662
AGENT index=23 mig=31ffbfe4 exit=0 wall_ms=163304 text=f79224e341ba5115 role=child prefix_tokens=14282 suffix_tokens=17 model_ms=7659.7 context_ms=113.0 state_ms=26.41 prefix_ms=0.0 suffix_ms=3761.6 first_token_ms=14285.2 generation_ms=148536.2 generated=64 generation_tps=0.431
AGENT index=24 mig=fafc828a exit=0 wall_ms=111546 text=9834d2c93010cb40 role=child prefix_tokens=14282 suffix_tokens=22 model_ms=8533.4 context_ms=109.9 state_ms=6.47 prefix_ms=0.0 suffix_ms=2884.0 first_token_ms=14020.3 generation_ms=96680.1 generated=64 generation_tps=0.662
AGENT index=25 mig=31ffbfe4 exit=0 wall_ms=162508 text=da4c2dca73ac54e0 role=child prefix_tokens=14282 suffix_tokens=23 model_ms=7639.5 context_ms=133.0 state_ms=22.48 prefix_ms=0.0 suffix_ms=3116.1 first_token_ms=13392.4 generation_ms=148731.9 generated=64 generation_tps=0.430
AGENT index=26 mig=fafc828a exit=0 wall_ms=109848 text=07ec2de36a00f7a1 role=child prefix_tokens=14282 suffix_tokens=19 model_ms=7188.9 context_ms=149.8 state_ms=22.36 prefix_ms=0.0 suffix_ms=1460.4 first_token_ms=11451.6 generation_ms=97917.5 generated=64 generation_tps=0.654
AGENT index=27 mig=31ffbfe4 exit=0 wall_ms=131993 text=e1e29071a16e2061 role=child prefix_tokens=14282 suffix_tokens=21 model_ms=3501.4 context_ms=1070.7 state_ms=15.59 prefix_ms=0.0 suffix_ms=570.4 first_token_ms=7367.9 generation_ms=124244.6 generated=64 generation_tps=0.515
AGENT index=28 mig=fafc828a exit=0 wall_ms=109052 text=1c65ed1020843e8d role=child prefix_tokens=14282 suffix_tokens=20 model_ms=7107.2 context_ms=111.3 state_ms=22.40 prefix_ms=0.0 suffix_ms=1154.4 first_token_ms=10928.7 generation_ms=97683.5 generated=64 generation_tps=0.655
AGENT index=29 mig=31ffbfe4 exit=0 wall_ms=163126 text=a72f71cd80731afe role=child prefix_tokens=14282 suffix_tokens=22 model_ms=8074.7 context_ms=112.7 state_ms=11.68 prefix_ms=0.0 suffix_ms=3676.8 first_token_ms=14135.8 generation_ms=148596.6 generated=64 generation_tps=0.431
AGENT index=30 mig=fafc828a exit=0 wall_ms=106872 text=317f6f38771a1e41 role=child prefix_tokens=14282 suffix_tokens=20 model_ms=6484.1 context_ms=263.5 state_ms=25.71 prefix_ms=0.0 suffix_ms=739.5 first_token_ms=10021.4 generation_ms=96431.7 generated=64 generation_tps=0.664
AGENT index=31 mig=31ffbfe4 exit=0 wall_ms=164136 text=1b4036771dcdadef role=child prefix_tokens=14282 suffix_tokens=22 model_ms=8774.0 context_ms=130.6 state_ms=6.24 prefix_ms=0.0 suffix_ms=4418.5 first_token_ms=15539.1 generation_ms=147776.8 generated=64 generation_tps=0.433
AGENT index=32 mig=fafc828a exit=0 wall_ms=111468 text=3f50371ecb0032a2 role=child prefix_tokens=14282 suffix_tokens=28 model_ms=8525.3 context_ms=44.3 state_ms=6.39 prefix_ms=0.0 suffix_ms=3221.2 first_token_ms=14366.0 generation_ms=96310.9 generated=64 generation_tps=0.665
AGENT index=33 mig=31ffbfe4 exit=0 wall_ms=164002 text=5b450cf9627e77b9 role=child prefix_tokens=14282 suffix_tokens=23 model_ms=8317.3 context_ms=125.5 state_ms=8.21 prefix_ms=0.0 suffix_ms=4430.8 first_token_ms=15479.8 generation_ms=147779.3 generated=64 generation_tps=0.433
AGENT index=34 mig=fafc828a exit=0 wall_ms=110739 text=8fe64643182c4081 role=child prefix_tokens=14282 suffix_tokens=25 model_ms=8406.8 context_ms=126.9 state_ms=14.44 prefix_ms=0.0 suffix_ms=3118.1 first_token_ms=14070.0 generation_ms=96199.9 generated=64 generation_tps=0.665
AGENT index=35 mig=31ffbfe4 exit=0 wall_ms=164091 text=ab418a5e41977b06 role=child prefix_tokens=14282 suffix_tokens=33 model_ms=8199.9 context_ms=117.9 state_ms=6.24 prefix_ms=0.0 suffix_ms=5507.4 first_token_ms=16602.2 generation_ms=146857.5 generated=64 generation_tps=0.436
AGENT index=36 mig=fafc828a exit=0 wall_ms=111351 text=2852504019aca3b6 role=child prefix_tokens=14282 suffix_tokens=24 model_ms=8228.9 context_ms=176.6 state_ms=20.48 prefix_ms=0.0 suffix_ms=2749.9 first_token_ms=13550.6 generation_ms=96953.9 generated=64 generation_tps=0.660
AGENT index=37 mig=31ffbfe4 exit=0 wall_ms=162794 text=bef1e0801c6e655f role=child prefix_tokens=14282 suffix_tokens=27 model_ms=7726.6 context_ms=102.8 state_ms=10.20 prefix_ms=0.0 suffix_ms=3315.4 first_token_ms=13639.8 generation_ms=148704.5 generated=64 generation_tps=0.430
AGENT index=38 mig=fafc828a exit=0 wall_ms=109754 text=03d3cecc4e2c4ef7 role=child prefix_tokens=14282 suffix_tokens=22 model_ms=7157.3 context_ms=158.0 state_ms=38.84 prefix_ms=0.0 suffix_ms=1526.1 first_token_ms=11469.9 generation_ms=97790.9 generated=64 generation_tps=0.654
AGENT index=39 mig=31ffbfe4 exit=0 wall_ms=163607 text=f9c832b7cad1a509 role=child prefix_tokens=14282 suffix_tokens=32 model_ms=8392.5 context_ms=173.8 state_ms=8.54 prefix_ms=0.0 suffix_ms=4533.9 first_token_ms=15595.0 generation_ms=147511.7 generated=64 generation_tps=0.434
AGENT index=40 mig=fafc828a exit=0 wall_ms=87175 text=1bedc9985ebffdf3 role=child prefix_tokens=14282 suffix_tokens=19 model_ms=4127.1 context_ms=367.8 state_ms=15.40 prefix_ms=0.0 suffix_ms=665.6 first_token_ms=7750.7 generation_ms=79004.4 generated=64 generation_tps=0.810
AGENT index=41 mig=31ffbfe4 exit=0 wall_ms=164183 text=45248c21a8c64213 role=child prefix_tokens=14282 suffix_tokens=19 model_ms=8428.7 context_ms=195.6 state_ms=10.45 prefix_ms=0.0 suffix_ms=4407.6 first_token_ms=15445.7 generation_ms=147823.1 generated=64 generation_tps=0.433
AGENT index=42 mig=fafc828a exit=0 wall_ms=111542 text=c2b860976d76c188 role=child prefix_tokens=14282 suffix_tokens=18 model_ms=8218.4 context_ms=94.2 state_ms=8.32 prefix_ms=0.0 suffix_ms=2817.3 first_token_ms=13862.1 generation_ms=96784.3 generated=64 generation_tps=0.661
AGENT index=43 mig=31ffbfe4 exit=0 wall_ms=164230 text=7f088fd1d1738f8b role=child prefix_tokens=14282 suffix_tokens=22 model_ms=8276.6 context_ms=101.1 state_ms=6.58 prefix_ms=0.0 suffix_ms=4430.8 first_token_ms=15450.5 generation_ms=147910.3 generated=64 generation_tps=0.433
AGENT index=44 mig=fafc828a exit=0 wall_ms=111036 text=f631ba01e55b49fa role=child prefix_tokens=14282 suffix_tokens=21 model_ms=8339.1 context_ms=98.1 state_ms=8.21 prefix_ms=0.0 suffix_ms=2822.9 first_token_ms=13882.3 generation_ms=96522.6 generated=64 generation_tps=0.663
AGENT index=45 mig=31ffbfe4 exit=0 wall_ms=164116 text=5d483815f91685a6 role=child prefix_tokens=14282 suffix_tokens=31 model_ms=7996.0 context_ms=124.1 state_ms=8.04 prefix_ms=0.0 suffix_ms=4417.7 first_token_ms=15305.4 generation_ms=148046.5 generated=64 generation_tps=0.432
AGENT index=46 mig=fafc828a exit=0 wall_ms=109887 text=56be8609eb72cb4a role=child prefix_tokens=14282 suffix_tokens=21 model_ms=7486.0 context_ms=135.9 state_ms=15.05 prefix_ms=0.0 suffix_ms=1568.1 first_token_ms=11647.6 generation_ms=97761.4 generated=64 generation_tps=0.655
AGENT index=47 mig=31ffbfe4 exit=0 wall_ms=161876 text=0d9668c2f9cbc9fc role=child prefix_tokens=14282 suffix_tokens=26 model_ms=7427.0 context_ms=174.1 state_ms=22.71 prefix_ms=0.0 suffix_ms=2710.6 first_token_ms=12534.7 generation_ms=148972.0 generated=64 generation_tps=0.430
AGENT index=48 mig=fafc828a exit=0 wall_ms=111467 text=27f58a7742c668f5 role=child prefix_tokens=14282 suffix_tokens=25 model_ms=8339.5 context_ms=125.2 state_ms=11.60 prefix_ms=0.0 suffix_ms=3079.6 first_token_ms=13883.7 generation_ms=96740.6 generated=64 generation_tps=0.662
AGENT index=49 mig=31ffbfe4 exit=0 wall_ms=145836 text=facc2c2ea4689e1e role=child prefix_tokens=14282 suffix_tokens=22 model_ms=4470.7 context_ms=332.8 state_ms=17.19 prefix_ms=0.0 suffix_ms=815.3 first_token_ms=8128.2 generation_ms=137308.6 generated=64 generation_tps=0.466
AGENT index=50 mig=fafc828a exit=0 wall_ms=110283 text=64fd37c296cb1dd5 role=child prefix_tokens=14282 suffix_tokens=21 model_ms=7730.7 context_ms=182.8 state_ms=22.18 prefix_ms=0.0 suffix_ms=1975.0 first_token_ms=12212.8 generation_ms=97703.3 generated=64 generation_tps=0.655
AGENT index=51 mig=31ffbfe4 exit=0 wall_ms=162163 text=4c7501e634d9bf23 role=child prefix_tokens=14282 suffix_tokens=18 model_ms=7312.2 context_ms=108.0 state_ms=22.62 prefix_ms=0.0 suffix_ms=2496.0 first_token_ms=12500.0 generation_ms=149263.4 generated=64 generation_tps=0.429
AGENT index=52 mig=fafc828a exit=0 wall_ms=107842 text=b3893059e7e79532 role=child prefix_tokens=14282 suffix_tokens=21 model_ms=6603.5 context_ms=123.1 state_ms=34.28 prefix_ms=0.0 suffix_ms=843.5 first_token_ms=10197.4 generation_ms=97251.1 generated=64 generation_tps=0.658
AGENT index=53 mig=31ffbfe4 exit=0 wall_ms=163607 text=11e4c2a85150fa06 role=child prefix_tokens=14282 suffix_tokens=26 model_ms=8411.4 context_ms=159.6 state_ms=16.86 prefix_ms=0.0 suffix_ms=4407.0 first_token_ms=15199.4 generation_ms=147889.1 generated=64 generation_tps=0.433
AGENT index=54 mig=fafc828a exit=0 wall_ms=110946 text=3b6f5b9c968721eb role=child prefix_tokens=14282 suffix_tokens=27 model_ms=8074.6 context_ms=138.7 state_ms=22.27 prefix_ms=0.0 suffix_ms=2878.8 first_token_ms=13298.6 generation_ms=97133.5 generated=64 generation_tps=0.659
AGENT index=55 mig=31ffbfe4 exit=0 wall_ms=164159 text=7e4fad52bd577abf role=child prefix_tokens=14282 suffix_tokens=17 model_ms=8402.3 context_ms=127.4 state_ms=15.98 prefix_ms=0.0 suffix_ms=4376.2 first_token_ms=15245.2 generation_ms=147974.3 generated=64 generation_tps=0.433
AGENT index=56 mig=fafc828a exit=0 wall_ms=85802 text=9834d2c93010cb40 role=child prefix_tokens=14282 suffix_tokens=22 model_ms=4094.1 context_ms=503.8 state_ms=14.11 prefix_ms=0.0 suffix_ms=586.2 first_token_ms=7529.3 generation_ms=75414.4 generated=64 generation_tps=0.849
AGENT index=57 mig=31ffbfe4 exit=0 wall_ms=159100 text=a4e76b0a1993f6d6 role=child prefix_tokens=14282 suffix_tokens=23 model_ms=6217.3 context_ms=203.3 state_ms=33.21 prefix_ms=0.0 suffix_ms=1081.5 first_token_ms=10213.8 generation_ms=148471.6 generated=64 generation_tps=0.431
AGENT index=58 mig=fafc828a exit=0 wall_ms=109872 text=359d7b30e6a9a9fc role=child prefix_tokens=14282 suffix_tokens=19 model_ms=7481.4 context_ms=148.8 state_ms=30.65 prefix_ms=0.0 suffix_ms=1725.4 first_token_ms=11848.9 generation_ms=97535.3 generated=64 generation_tps=0.656
AGENT index=59 mig=31ffbfe4 exit=0 wall_ms=162341 text=7b1e906b43903ada role=child prefix_tokens=14282 suffix_tokens=21 model_ms=7102.4 context_ms=155.0 state_ms=22.88 prefix_ms=0.0 suffix_ms=2797.7 first_token_ms=12869.6 generation_ms=149091.5 generated=64 generation_tps=0.429
AGENT index=60 mig=fafc828a exit=0 wall_ms=111143 text=23f27e20526aad11 role=child prefix_tokens=14282 suffix_tokens=20 model_ms=8249.4 context_ms=55.8 state_ms=6.56 prefix_ms=0.0 suffix_ms=2725.7 first_token_ms=13581.2 generation_ms=96825.8 generated=64 generation_tps=0.661
AGENT index=61 mig=31ffbfe4 exit=0 wall_ms=164194 text=a61a16a4bc46c53d role=child prefix_tokens=14282 suffix_tokens=22 model_ms=8108.4 context_ms=150.1 state_ms=6.78 prefix_ms=0.0 suffix_ms=4432.1 first_token_ms=15355.4 generation_ms=147989.0 generated=64 generation_tps=0.432
AGENT index=62 mig=fafc828a exit=0 wall_ms=110720 text=dbac730f9e3a3df4 role=child prefix_tokens=14282 suffix_tokens=20 model_ms=8293.0 context_ms=156.5 state_ms=18.48 prefix_ms=0.0 suffix_ms=2521.8 first_token_ms=13085.6 generation_ms=97103.6 generated=64 generation_tps=0.659
AGENT index=63 mig=31ffbfe4 exit=0 wall_ms=164074 text=cd56b7d8c4ff1887 role=child prefix_tokens=14282 suffix_tokens=22 model_ms=8427.0 context_ms=136.0 state_ms=8.91 prefix_ms=0.0 suffix_ms=4504.6 first_token_ms=15483.4 generation_ms=147838.4 generated=64 generation_tps=0.433
MEMORY mem_available_drop_mib=45466 mem_available_before_mib=120176 mem_free_before_mib=46166 pss_anon_mib=15427 pss_file_mib=5863 pss_shmem_mib=4505 device_mib=24768 samples=18
END_CASE failed_agents=0 wall_ms=164763
END_KVSTACK
BEGIN_KVSTACK run=6 context=16384 publisher_mig=31ffbfe4 mem_free_mib=48864 kernel_reclaimable_mib=68140
PUBLISH store=stock prefix_tokens=14282 prefix_ms=24859.8 publish_ms=499.42 state_bytes=819216229
PUBLISH store=device prefix_tokens=14282 prefix_ms=25083.8 publish_ms=507.37 state_bytes=819216229
PUBLISH store=huge prefix_tokens=14282 prefix_ms=25133.2 publish_ms=8.24 state_bytes=229221 file_used_kib=802816
CASE mode=both agents=1
AGENT index=0 mig=31ffbfe4 exit=0 wall_ms=5536 text=4605b6e04b2228eb role=child prefix_tokens=14282 suffix_tokens=27 model_ms=620.3 context_ms=26.2 state_ms=6.28 prefix_ms=0.0 suffix_ms=146.5 first_token_ms=836.2 generation_ms=4245.4 generated=64 generation_tps=15.075
MEMORY mem_available_drop_mib=733 mem_available_before_mib=120109 mem_free_before_mib=46127 pss_anon_mib=231 pss_file_mib=4558 pss_shmem_mib=839 device_mib=380 samples=1
END_CASE failed_agents=0 wall_ms=5572
CASE mode=both agents=2
AGENT index=0 mig=31ffbfe4 exit=0 wall_ms=5863 text=4605b6e04b2228eb role=child prefix_tokens=14282 suffix_tokens=27 model_ms=714.4 context_ms=29.2 state_ms=6.14 prefix_ms=0.0 suffix_ms=151.5 first_token_ms=972.1 generation_ms=4427.4 generated=64 generation_tps=14.455
AGENT index=1 mig=fafc828a exit=0 wall_ms=4309 text=a5af93194a2d1ced role=child prefix_tokens=14282 suffix_tokens=22 model_ms=693.9 context_ms=29.0 state_ms=6.14 prefix_ms=0.0 suffix_ms=102.6 first_token_ms=921.8 generation_ms=2981.4 generated=64 generation_tps=21.466
MEMORY mem_available_drop_mib=1448 mem_available_before_mib=120088 mem_free_before_mib=46099 pss_anon_mib=476 pss_file_mib=4580 pss_shmem_mib=897 device_mib=774 samples=1
END_CASE failed_agents=0 wall_ms=5904
CASE mode=both agents=4
AGENT index=0 mig=31ffbfe4 exit=0 wall_ms=11093 text=4605b6e04b2228eb role=child prefix_tokens=14282 suffix_tokens=27 model_ms=867.2 context_ms=38.3 state_ms=6.45 prefix_ms=0.0 suffix_ms=288.3 first_token_ms=1369.8 generation_ms=9342.3 generated=64 generation_tps=6.851
AGENT index=1 mig=fafc828a exit=0 wall_ms=7730 text=a5af93194a2d1ced role=child prefix_tokens=14282 suffix_tokens=22 model_ms=869.6 context_ms=32.8 state_ms=6.22 prefix_ms=0.0 suffix_ms=176.9 first_token_ms=1253.5 generation_ms=6124.7 generated=64 generation_tps=10.450
AGENT index=2 mig=31ffbfe4 exit=0 wall_ms=11186 text=37e5f08e6279aa62 role=child prefix_tokens=14282 suffix_tokens=24 model_ms=897.7 context_ms=34.8 state_ms=6.29 prefix_ms=0.0 suffix_ms=279.0 first_token_ms=1359.2 generation_ms=9366.5 generated=64 generation_tps=6.833
AGENT index=3 mig=fafc828a exit=0 wall_ms=7777 text=5e1ac569aa8b0faf role=child prefix_tokens=14282 suffix_tokens=32 model_ms=867.7 context_ms=34.1 state_ms=7.05 prefix_ms=0.0 suffix_ms=203.8 first_token_ms=1284.3 generation_ms=6112.8 generated=64 generation_tps=10.470
MEMORY mem_available_drop_mib=2895 mem_available_before_mib=120046 mem_free_before_mib=46057 pss_anon_mib=984 pss_file_mib=4622 pss_shmem_mib=1013 device_mib=1548 samples=2
END_CASE failed_agents=0 wall_ms=11241
CASE mode=both agents=8
AGENT index=0 mig=31ffbfe4 exit=0 wall_ms=21322 text=4605b6e04b2228eb role=child prefix_tokens=14282 suffix_tokens=27 model_ms=1145.3 context_ms=49.7 state_ms=6.01 prefix_ms=0.0 suffix_ms=541.1 first_token_ms=2060.1 generation_ms=18817.7 generated=64 generation_tps=3.401
AGENT index=1 mig=fafc828a exit=0 wall_ms=14850 text=a5af93194a2d1ced role=child prefix_tokens=14282 suffix_tokens=22 model_ms=1150.1 context_ms=50.3 state_ms=6.28 prefix_ms=0.0 suffix_ms=352.7 first_token_ms=1863.7 generation_ms=12350.5 generated=64 generation_tps=5.182
AGENT index=2 mig=31ffbfe4 exit=0 wall_ms=21268 text=37e5f08e6279aa62 role=child prefix_tokens=14282 suffix_tokens=24 model_ms=1147.2 context_ms=46.1 state_ms=6.36 prefix_ms=0.0 suffix_ms=541.5 first_token_ms=2052.6 generation_ms=18835.3 generated=64 generation_tps=3.398
AGENT index=3 mig=fafc828a exit=0 wall_ms=14848 text=5e1ac569aa8b0faf role=child prefix_tokens=14282 suffix_tokens=32 model_ms=1155.3 context_ms=47.8 state_ms=6.07 prefix_ms=0.0 suffix_ms=394.7 first_token_ms=1905.4 generation_ms=12357.9 generated=64 generation_tps=5.179
AGENT index=4 mig=31ffbfe4 exit=0 wall_ms=21237 text=6e3d8f07cfceb082 role=child prefix_tokens=14282 suffix_tokens=23 model_ms=1133.4 context_ms=46.7 state_ms=6.23 prefix_ms=0.0 suffix_ms=527.3 first_token_ms=2033.2 generation_ms=18809.9 generated=64 generation_tps=3.402
AGENT index=5 mig=fafc828a exit=0 wall_ms=14846 text=47179dd0dcd49eb0 role=child prefix_tokens=14282 suffix_tokens=26 model_ms=1153.0 context_ms=45.6 state_ms=7.03 prefix_ms=0.0 suffix_ms=396.5 first_token_ms=1905.2 generation_ms=12346.3 generated=64 generation_tps=5.184
AGENT index=6 mig=31ffbfe4 exit=0 wall_ms=21136 text=f88f503d1005fa22 role=child prefix_tokens=14282 suffix_tokens=21 model_ms=1135.1 context_ms=39.6 state_ms=6.06 prefix_ms=0.0 suffix_ms=481.1 first_token_ms=1969.5 generation_ms=18777.3 generated=64 generation_tps=3.408
AGENT index=7 mig=fafc828a exit=0 wall_ms=14845 text=f9c832b7cad1a509 role=child prefix_tokens=14282 suffix_tokens=31 model_ms=1132.1 context_ms=33.5 state_ms=6.19 prefix_ms=0.0 suffix_ms=345.7 first_token_ms=1833.9 generation_ms=12348.0 generated=64 generation_tps=5.183
MEMORY mem_available_drop_mib=5779 mem_available_before_mib=120085 mem_free_before_mib=46096 pss_anon_mib=1922 pss_file_mib=4705 pss_shmem_mib=1246 device_mib=3096 samples=4
END_CASE failed_agents=0 wall_ms=21396
CASE mode=both agents=12
AGENT index=0 mig=31ffbfe4 exit=0 wall_ms=29131 text=4605b6e04b2228eb role=child prefix_tokens=14282 suffix_tokens=27 model_ms=1072.9 context_ms=27.6 state_ms=5.95 prefix_ms=0.0 suffix_ms=148.5 first_token_ms=1644.9 generation_ms=27125.2 generated=64 generation_tps=2.359
AGENT index=1 mig=fafc828a exit=0 wall_ms=21321 text=a5af93194a2d1ced role=child prefix_tokens=14282 suffix_tokens=22 model_ms=1421.1 context_ms=38.0 state_ms=6.33 prefix_ms=0.0 suffix_ms=467.9 first_token_ms=2376.3 generation_ms=18529.4 generated=64 generation_tps=3.454
AGENT index=2 mig=31ffbfe4 exit=0 wall_ms=31134 text=37e5f08e6279aa62 role=child prefix_tokens=14282 suffix_tokens=24 model_ms=1382.7 context_ms=37.8 state_ms=8.11 prefix_ms=0.0 suffix_ms=893.3 first_token_ms=2773.6 generation_ms=27868.3 generated=64 generation_tps=2.297
AGENT index=3 mig=fafc828a exit=0 wall_ms=21518 text=5e1ac569aa8b0faf role=child prefix_tokens=14282 suffix_tokens=32 model_ms=1422.0 context_ms=36.1 state_ms=6.20 prefix_ms=0.0 suffix_ms=584.4 first_token_ms=2505.7 generation_ms=18473.8 generated=64 generation_tps=3.464
AGENT index=4 mig=31ffbfe4 exit=0 wall_ms=30811 text=6e3d8f07cfceb082 role=child prefix_tokens=14282 suffix_tokens=23 model_ms=1304.4 context_ms=27.6 state_ms=7.91 prefix_ms=0.0 suffix_ms=703.3 first_token_ms=2503.8 generation_ms=27931.9 generated=64 generation_tps=2.291
AGENT index=5 mig=fafc828a exit=0 wall_ms=21489 text=47179dd0dcd49eb0 role=child prefix_tokens=14282 suffix_tokens=26 model_ms=1426.1 context_ms=44.8 state_ms=6.09 prefix_ms=0.0 suffix_ms=573.9 first_token_ms=2487.6 generation_ms=18508.5 generated=64 generation_tps=3.458
AGENT index=6 mig=31ffbfe4 exit=0 wall_ms=31005 text=f88f503d1005fa22 role=child prefix_tokens=14282 suffix_tokens=21 model_ms=1354.2 context_ms=37.3 state_ms=8.46 prefix_ms=0.0 suffix_ms=842.8 first_token_ms=2717.9 generation_ms=27904.0 generated=64 generation_tps=2.294
AGENT index=7 mig=fafc828a exit=0 wall_ms=20731 text=f9c832b7cad1a509 role=child prefix_tokens=14282 suffix_tokens=31 model_ms=1291.8 context_ms=27.5 state_ms=6.14 prefix_ms=0.0 suffix_ms=128.7 first_token_ms=1894.9 generation_ms=18436.3 generated=64 generation_tps=3.471
AGENT index=8 mig=31ffbfe4 exit=0 wall_ms=30975 text=a3c806a5411bc6e6 role=child prefix_tokens=14282 suffix_tokens=18 model_ms=1341.2 context_ms=33.5 state_ms=6.54 prefix_ms=0.0 suffix_ms=758.4 first_token_ms=2597.0 generation_ms=27992.8 generated=64 generation_tps=2.286
AGENT index=9 mig=fafc828a exit=0 wall_ms=21383 text=a2d016def74ecc62 role=child prefix_tokens=14282 suffix_tokens=18 model_ms=1406.6 context_ms=32.4 state_ms=7.14 prefix_ms=0.0 suffix_ms=531.3 first_token_ms=2438.9 generation_ms=18505.9 generated=64 generation_tps=3.458
AGENT index=10 mig=31ffbfe4 exit=0 wall_ms=30945 text=a733f3a39259263c role=child prefix_tokens=14282 suffix_tokens=18 model_ms=1362.1 context_ms=35.4 state_ms=6.19 prefix_ms=0.0 suffix_ms=801.1 first_token_ms=2636.0 generation_ms=27942.5 generated=64 generation_tps=2.290
AGENT index=11 mig=fafc828a exit=0 wall_ms=21328 text=ad0d6edf343e5e28 role=child prefix_tokens=14282 suffix_tokens=22 model_ms=1401.5 context_ms=40.5 state_ms=6.26 prefix_ms=0.0 suffix_ms=482.8 first_token_ms=2372.0 generation_ms=18528.6 generated=64 generation_tps=3.454
MEMORY mem_available_drop_mib=8730 mem_available_before_mib=120118 mem_free_before_mib=46128 pss_anon_mib=2951 pss_file_mib=4788 pss_shmem_mib=1479 device_mib=4644 samples=5
END_CASE failed_agents=0 wall_ms=31232
CASE mode=both agents=16
AGENT index=0 mig=31ffbfe4 exit=0 wall_ms=41654 text=4605b6e04b2228eb role=child prefix_tokens=14282 suffix_tokens=27 model_ms=1964.2 context_ms=36.4 state_ms=6.35 prefix_ms=0.0 suffix_ms=1135.0 first_token_ms=3737.6 generation_ms=37456.1 generated=64 generation_tps=1.709
AGENT index=1 mig=fafc828a exit=0 wall_ms=27944 text=a5af93194a2d1ced role=child prefix_tokens=14282 suffix_tokens=22 model_ms=1677.9 context_ms=58.7 state_ms=14.30 prefix_ms=0.0 suffix_ms=408.5 first_token_ms=2740.2 generation_ms=24825.4 generated=64 generation_tps=2.578
AGENT index=2 mig=31ffbfe4 exit=0 wall_ms=41370 text=37e5f08e6279aa62 role=child prefix_tokens=14282 suffix_tokens=24 model_ms=1718.8 context_ms=35.0 state_ms=10.45 prefix_ms=0.0 suffix_ms=841.0 first_token_ms=3203.8 generation_ms=37758.8 generated=64 generation_tps=1.695
AGENT index=3 mig=fafc828a exit=0 wall_ms=28439 text=5e1ac569aa8b0faf role=child prefix_tokens=14282 suffix_tokens=32 model_ms=2034.2 context_ms=26.8 state_ms=6.33 prefix_ms=0.0 suffix_ms=878.2 first_token_ms=3533.5 generation_ms=24463.7 generated=64 generation_tps=2.616
AGENT index=4 mig=31ffbfe4 exit=0 wall_ms=41650 text=6e3d8f07cfceb082 role=child prefix_tokens=14282 suffix_tokens=23 model_ms=1965.3 context_ms=31.7 state_ms=6.34 prefix_ms=0.0 suffix_ms=1093.8 first_token_ms=3684.6 generation_ms=37513.1 generated=64 generation_tps=1.706
AGENT index=5 mig=fafc828a exit=0 wall_ms=28259 text=47179dd0dcd49eb0 role=child prefix_tokens=14282 suffix_tokens=26 model_ms=1747.1 context_ms=38.5 state_ms=6.44 prefix_ms=0.0 suffix_ms=612.1 first_token_ms=3012.5 generation_ms=24807.7 generated=64 generation_tps=2.580
AGENT index=6 mig=31ffbfe4 exit=0 wall_ms=41672 text=f88f503d1005fa22 role=child prefix_tokens=14282 suffix_tokens=21 model_ms=2015.7 context_ms=27.5 state_ms=6.21 prefix_ms=0.0 suffix_ms=1146.3 first_token_ms=3829.4 generation_ms=37387.7 generated=64 generation_tps=1.712
AGENT index=7 mig=fafc828a exit=0 wall_ms=28305 text=f9c832b7cad1a509 role=child prefix_tokens=14282 suffix_tokens=31 model_ms=1752.8 context_ms=38.2 state_ms=6.20 prefix_ms=0.0 suffix_ms=714.2 first_token_ms=3118.5 generation_ms=24764.4 generated=64 generation_tps=2.584
AGENT index=8 mig=31ffbfe4 exit=0 wall_ms=41493 text=a3c806a5411bc6e6 role=child prefix_tokens=14282 suffix_tokens=18 model_ms=1743.7 context_ms=35.2 state_ms=6.39 prefix_ms=0.0 suffix_ms=922.0 first_token_ms=3334.9 generation_ms=37730.7 generated=64 generation_tps=1.696
AGENT index=9 mig=fafc828a exit=0 wall_ms=28172 text=a2d016def74ecc62 role=child prefix_tokens=14282 suffix_tokens=18 model_ms=1709.7 context_ms=38.4 state_ms=8.11 prefix_ms=0.0 suffix_ms=524.3 first_token_ms=2896.1 generation_ms=24852.3 generated=64 generation_tps=2.575
AGENT index=10 mig=31ffbfe4 exit=0 wall_ms=41460 text=a733f3a39259263c role=child prefix_tokens=14282 suffix_tokens=18 model_ms=1735.9 context_ms=52.9 state_ms=6.49 prefix_ms=0.0 suffix_ms=944.2 first_token_ms=3371.9 generation_ms=37676.2 generated=64 generation_tps=1.699
AGENT index=11 mig=fafc828a exit=0 wall_ms=28475 text=ad0d6edf343e5e28 role=child prefix_tokens=14282 suffix_tokens=22 model_ms=1971.9 context_ms=27.7 state_ms=6.33 prefix_ms=0.0 suffix_ms=719.6 first_token_ms=3316.8 generation_ms=24633.8 generated=64 generation_tps=2.598
AGENT index=12 mig=31ffbfe4 exit=0 wall_ms=40955 text=2c93819fe85df763 role=child prefix_tokens=14282 suffix_tokens=21 model_ms=1655.1 context_ms=51.5 state_ms=14.47 prefix_ms=0.0 suffix_ms=407.7 first_token_ms=2705.4 generation_ms=37883.0 generated=64 generation_tps=1.689
AGENT index=13 mig=fafc828a exit=0 wall_ms=28344 text=5d483815f91685a6 role=child prefix_tokens=14282 suffix_tokens=31 model_ms=1719.6 context_ms=59.5 state_ms=6.08 prefix_ms=0.0 suffix_ms=724.8 first_token_ms=3133.9 generation_ms=24766.5 generated=64 generation_tps=2.584
AGENT index=14 mig=31ffbfe4 exit=0 wall_ms=41119 text=f8f770d151794139 role=child prefix_tokens=14282 suffix_tokens=21 model_ms=1663.7 context_ms=36.3 state_ms=7.49 prefix_ms=0.0 suffix_ms=625.7 first_token_ms=2931.4 generation_ms=37822.2 generated=64 generation_tps=1.692
AGENT index=15 mig=fafc828a exit=0 wall_ms=27666 text=0d9668c2f9cbc9fc role=child prefix_tokens=14282 suffix_tokens=26 model_ms=1671.7 context_ms=30.4 state_ms=6.51 prefix_ms=0.0 suffix_ms=141.3 first_token_ms=2402.6 generation_ms=24784.0 generated=64 generation_tps=2.582
MEMORY mem_available_drop_mib=11506 mem_available_before_mib=120095 mem_free_before_mib=46103 pss_anon_mib=3884 pss_file_mib=4891 pss_shmem_mib=1712 device_mib=6192 samples=7
END_CASE failed_agents=0 wall_ms=41799
CASE mode=both agents=32
AGENT index=0 mig=31ffbfe4 exit=0 wall_ms=80982 text=4605b6e04b2228eb role=child prefix_tokens=14282 suffix_tokens=27 model_ms=3325.1 context_ms=78.0 state_ms=10.98 prefix_ms=0.0 suffix_ms=1073.4 first_token_ms=5574.5 generation_ms=75014.8 generated=64 generation_tps=0.853
AGENT index=1 mig=fafc828a exit=0 wall_ms=56760 text=a5af93194a2d1ced role=child prefix_tokens=14282 suffix_tokens=22 model_ms=4098.1 context_ms=30.6 state_ms=6.48 prefix_ms=0.0 suffix_ms=1450.7 first_token_ms=6758.8 generation_ms=49353.6 generated=64 generation_tps=1.297
AGENT index=2 mig=31ffbfe4 exit=0 wall_ms=80194 text=37e5f08e6279aa62 role=child prefix_tokens=14282 suffix_tokens=24 model_ms=3204.7 context_ms=83.8 state_ms=22.39 prefix_ms=0.0 suffix_ms=561.0 first_token_ms=4892.4 generation_ms=74921.4 generated=64 generation_tps=0.854
AGENT index=3 mig=fafc828a exit=0 wall_ms=56479 text=5e1ac569aa8b0faf role=child prefix_tokens=14282 suffix_tokens=32 model_ms=3866.3 context_ms=64.8 state_ms=7.67 prefix_ms=0.0 suffix_ms=1404.8 first_token_ms=6580.3 generation_ms=49497.3 generated=64 generation_tps=1.293
AGENT index=4 mig=31ffbfe4 exit=0 wall_ms=71214 text=6e3d8f07cfceb082 role=child prefix_tokens=14282 suffix_tokens=23 model_ms=2610.1 context_ms=74.8 state_ms=12.69 prefix_ms=0.0 suffix_ms=312.7 first_token_ms=3857.1 generation_ms=66960.9 generated=64 generation_tps=0.956
AGENT index=5 mig=fafc828a exit=0 wall_ms=53076 text=47179dd0dcd49eb0 role=child prefix_tokens=14282 suffix_tokens=26 model_ms=3329.7 context_ms=72.0 state_ms=14.21 prefix_ms=0.0 suffix_ms=223.4 first_token_ms=4845.0 generation_ms=47512.5 generated=64 generation_tps=1.347
AGENT index=6 mig=31ffbfe4 exit=0 wall_ms=81387 text=f88f503d1005fa22 role=child prefix_tokens=14282 suffix_tokens=21 model_ms=3355.2 context_ms=84.1 state_ms=14.53 prefix_ms=0.0 suffix_ms=1473.5 first_token_ms=6123.1 generation_ms=74864.0 generated=64 generation_tps=0.855
AGENT index=7 mig=fafc828a exit=0 wall_ms=56035 text=f9c832b7cad1a509 role=child prefix_tokens=14282 suffix_tokens=31 model_ms=3841.7 context_ms=69.2 state_ms=7.50 prefix_ms=0.0 suffix_ms=1250.9 first_token_ms=6322.5 generation_ms=49314.9 generated=64 generation_tps=1.298
AGENT index=8 mig=31ffbfe4 exit=0 wall_ms=82029 text=a3c806a5411bc6e6 role=child prefix_tokens=14282 suffix_tokens=18 model_ms=3855.6 context_ms=63.5 state_ms=8.91 prefix_ms=0.0 suffix_ms=2252.6 first_token_ms=7434.2 generation_ms=74168.0 generated=64 generation_tps=0.863
AGENT index=9 mig=fafc828a exit=0 wall_ms=53071 text=a2d016def74ecc62 role=child prefix_tokens=14282 suffix_tokens=18 model_ms=3210.4 context_ms=67.9 state_ms=14.35 prefix_ms=0.0 suffix_ms=184.0 first_token_ms=4733.4 generation_ms=46626.8 generated=64 generation_tps=1.373
AGENT index=10 mig=31ffbfe4 exit=0 wall_ms=82102 text=a733f3a39259263c role=child prefix_tokens=14282 suffix_tokens=18 model_ms=3649.4 context_ms=104.0 state_ms=14.63 prefix_ms=0.0 suffix_ms=2211.9 first_token_ms=7274.0 generation_ms=74278.6 generated=64 generation_tps=0.862
AGENT index=11 mig=fafc828a exit=0 wall_ms=56614 text=ad0d6edf343e5e28 role=child prefix_tokens=14282 suffix_tokens=22 model_ms=4186.6 context_ms=28.5 state_ms=6.15 prefix_ms=0.0 suffix_ms=1497.9 first_token_ms=6845.4 generation_ms=49233.7 generated=64 generation_tps=1.300
AGENT index=12 mig=31ffbfe4 exit=0 wall_ms=78982 text=2c93819fe85df763 role=child prefix_tokens=14282 suffix_tokens=21 model_ms=2932.7 context_ms=61.0 state_ms=10.36 prefix_ms=0.0 suffix_ms=352.2 first_token_ms=4493.2 generation_ms=74128.6 generated=64 generation_tps=0.863
AGENT index=13 mig=fafc828a exit=0 wall_ms=56430 text=5d483815f91685a6 role=child prefix_tokens=14282 suffix_tokens=31 model_ms=3825.3 context_ms=61.7 state_ms=6.83 prefix_ms=0.0 suffix_ms=1282.8 first_token_ms=6337.7 generation_ms=49482.9 generated=64 generation_tps=1.293
AGENT index=14 mig=31ffbfe4 exit=0 wall_ms=81245 text=f8f770d151794139 role=child prefix_tokens=14282 suffix_tokens=21 model_ms=3365.8 context_ms=74.5 state_ms=11.25 prefix_ms=0.0 suffix_ms=1398.3 first_token_ms=6002.5 generation_ms=74858.0 generated=64 generation_tps=0.855
AGENT index=15 mig=fafc828a exit=0 wall_ms=56425 text=0d9668c2f9cbc9fc role=child prefix_tokens=14282 suffix_tokens=26 model_ms=3664.6 context_ms=98.4 state_ms=14.48 prefix_ms=0.0 suffix_ms=1352.7 first_token_ms=6428.4 generation_ms=49492.9 generated=64 generation_tps=1.293
AGENT index=16 mig=31ffbfe4 exit=0 wall_ms=81834 text=a6ffaf564cadb5d1 role=child prefix_tokens=14282 suffix_tokens=25 model_ms=3542.1 context_ms=69.3 state_ms=10.34 prefix_ms=0.0 suffix_ms=2034.1 first_token_ms=6886.9 generation_ms=74496.3 generated=64 generation_tps=0.859
AGENT index=17 mig=fafc828a exit=0 wall_ms=56218 text=6bd685fbc4b441ec role=child prefix_tokens=14282 suffix_tokens=22 model_ms=3744.8 context_ms=49.1 state_ms=6.43 prefix_ms=0.0 suffix_ms=1057.0 first_token_ms=6140.8 generation_ms=49517.2 generated=64 generation_tps=1.292
AGENT index=18 mig=31ffbfe4 exit=0 wall_ms=81457 text=ba15e410535ababc role=child prefix_tokens=14282 suffix_tokens=21 model_ms=3547.2 context_ms=81.4 state_ms=17.02 prefix_ms=0.0 suffix_ms=1904.9 first_token_ms=6670.3 generation_ms=74358.7 generated=64 generation_tps=0.861
AGENT index=19 mig=fafc828a exit=0 wall_ms=56714 text=4c7501e634d9bf23 role=child prefix_tokens=14282 suffix_tokens=18 model_ms=3895.4 context_ms=46.6 state_ms=6.39 prefix_ms=0.0 suffix_ms=1436.0 first_token_ms=6652.1 generation_ms=49405.2 generated=64 generation_tps=1.295
AGENT index=20 mig=31ffbfe4 exit=0 wall_ms=82043 text=b3893059e7e79532 role=child prefix_tokens=14282 suffix_tokens=21 model_ms=3862.3 context_ms=53.2 state_ms=6.38 prefix_ms=0.0 suffix_ms=2240.6 first_token_ms=7442.5 generation_ms=74143.6 generated=64 generation_tps=0.863
AGENT index=21 mig=fafc828a exit=0 wall_ms=56607 text=284eef78a2286715 role=child prefix_tokens=14282 suffix_tokens=26 model_ms=3898.4 context_ms=46.1 state_ms=8.72 prefix_ms=0.0 suffix_ms=1482.4 first_token_ms=6631.2 generation_ms=49401.8 generated=64 generation_tps=1.296
AGENT index=22 mig=31ffbfe4 exit=0 wall_ms=82084 text=ad3122b47bf9d41d role=child prefix_tokens=14282 suffix_tokens=27 model_ms=3610.7 context_ms=80.7 state_ms=12.02 prefix_ms=0.0 suffix_ms=2258.3 first_token_ms=7247.1 generation_ms=74288.3 generated=64 generation_tps=0.862
AGENT index=23 mig=fafc828a exit=0 wall_ms=56471 text=fd9dec9936f784ff role=child prefix_tokens=14282 suffix_tokens=17 model_ms=4043.0 context_ms=50.8 state_ms=6.31 prefix_ms=0.0 suffix_ms=1425.1 first_token_ms=6613.5 generation_ms=49300.2 generated=64 generation_tps=1.298
AGENT index=24 mig=31ffbfe4 exit=0 wall_ms=82106 text=9834d2c93010cb40 role=child prefix_tokens=14282 suffix_tokens=22 model_ms=3919.4 context_ms=40.8 state_ms=6.39 prefix_ms=0.0 suffix_ms=2252.5 first_token_ms=7452.3 generation_ms=74120.0 generated=64 generation_tps=0.863
AGENT index=25 mig=fafc828a exit=0 wall_ms=56263 text=d4e1fcaa961685d1 role=child prefix_tokens=14282 suffix_tokens=23 model_ms=3865.2 context_ms=66.0 state_ms=9.60 prefix_ms=0.0 suffix_ms=1205.4 first_token_ms=6290.6 generation_ms=49460.3 generated=64 generation_tps=1.294
AGENT index=26 mig=31ffbfe4 exit=0 wall_ms=81652 text=9e35020256b4a71c role=child prefix_tokens=14282 suffix_tokens=19 model_ms=3549.0 context_ms=73.7 state_ms=10.60 prefix_ms=0.0 suffix_ms=1998.1 first_token_ms=6810.5 generation_ms=74424.8 generated=64 generation_tps=0.860
AGENT index=27 mig=fafc828a exit=0 wall_ms=56738 text=178df8f18d21f57e role=child prefix_tokens=14282 suffix_tokens=21 model_ms=3824.7 context_ms=61.7 state_ms=6.43 prefix_ms=0.0 suffix_ms=1439.4 first_token_ms=6604.7 generation_ms=49445.7 generated=64 generation_tps=1.294
AGENT index=28 mig=31ffbfe4 exit=0 wall_ms=81791 text=15c67d79a860da75 role=child prefix_tokens=14282 suffix_tokens=20 model_ms=3420.6 context_ms=72.0 state_ms=13.15 prefix_ms=0.0 suffix_ms=1977.5 first_token_ms=6763.7 generation_ms=74573.6 generated=64 generation_tps=0.858
AGENT index=29 mig=fafc828a exit=0 wall_ms=56760 text=a72f71cd80731afe role=child prefix_tokens=14282 suffix_tokens=22 model_ms=3782.2 context_ms=66.5 state_ms=7.27 prefix_ms=0.0 suffix_ms=1403.3 first_token_ms=6574.1 generation_ms=49474.7 generated=64 generation_tps=1.294
AGENT index=30 mig=31ffbfe4 exit=0 wall_ms=81934 text=317f6f38771a1e41 role=child prefix_tokens=14282 suffix_tokens=20 model_ms=3637.4 context_ms=61.0 state_ms=6.73 prefix_ms=0.0 suffix_ms=2169.8 first_token_ms=7127.5 generation_ms=74378.6 generated=64 generation_tps=0.860
AGENT index=31 mig=fafc828a exit=0 wall_ms=56115 text=d52293b0dc058085 role=child prefix_tokens=14282 suffix_tokens=22 model_ms=3887.6 context_ms=67.3 state_ms=12.49 prefix_ms=0.0 suffix_ms=1171.4 first_token_ms=6241.1 generation_ms=49467.9 generated=64 generation_tps=1.294
MEMORY mem_available_drop_mib=22876 mem_available_before_mib=120114 mem_free_before_mib=46116 pss_anon_mib=7861 pss_file_mib=5329 pss_shmem_mib=2661 device_mib=12384 samples=13
END_CASE failed_agents=0 wall_ms=82385
CASE mode=both agents=64
AGENT index=0 mig=31ffbfe4 exit=0 wall_ms=162922 text=4605b6e04b2228eb role=child prefix_tokens=14282 suffix_tokens=27 model_ms=7982.5 context_ms=474.8 state_ms=33.99 prefix_ms=0.0 suffix_ms=3934.7 first_token_ms=14731.9 generation_ms=147798.5 generated=64 generation_tps=0.433
AGENT index=1 mig=fafc828a exit=0 wall_ms=110334 text=a5af93194a2d1ced role=child prefix_tokens=14282 suffix_tokens=22 model_ms=8662.8 context_ms=73.1 state_ms=10.80 prefix_ms=0.0 suffix_ms=2842.0 first_token_ms=13903.7 generation_ms=95980.9 generated=64 generation_tps=0.667
AGENT index=2 mig=31ffbfe4 exit=0 wall_ms=163733 text=37e5f08e6279aa62 role=child prefix_tokens=14282 suffix_tokens=24 model_ms=8823.9 context_ms=149.2 state_ms=13.40 prefix_ms=0.0 suffix_ms=4420.2 first_token_ms=15724.6 generation_ms=147443.4 generated=64 generation_tps=0.434
AGENT index=3 mig=fafc828a exit=0 wall_ms=106356 text=5e1ac569aa8b0faf role=child prefix_tokens=14282 suffix_tokens=32 model_ms=6741.1 context_ms=106.8 state_ms=14.19 prefix_ms=0.0 suffix_ms=646.1 first_token_ms=10153.8 generation_ms=95820.0 generated=64 generation_tps=0.668
AGENT index=4 mig=31ffbfe4 exit=0 wall_ms=162493 text=6e3d8f07cfceb082 role=child prefix_tokens=14282 suffix_tokens=23 model_ms=7578.1 context_ms=222.3 state_ms=23.13 prefix_ms=0.0 suffix_ms=2870.1 first_token_ms=13307.5 generation_ms=148727.4 generated=64 generation_tps=0.430
AGENT index=5 mig=fafc828a exit=0 wall_ms=111617 text=47179dd0dcd49eb0 role=child prefix_tokens=14282 suffix_tokens=26 model_ms=8712.8 context_ms=106.2 state_ms=78.81 prefix_ms=0.0 suffix_ms=3197.4 first_token_ms=14605.6 generation_ms=96128.6 generated=64 generation_tps=0.666
AGENT index=6 mig=31ffbfe4 exit=0 wall_ms=163622 text=f88f503d1005fa22 role=child prefix_tokens=14282 suffix_tokens=21 model_ms=8798.7 context_ms=150.0 state_ms=9.18 prefix_ms=0.0 suffix_ms=4423.7 first_token_ms=15716.8 generation_ms=147409.1 generated=64 generation_tps=0.434
AGENT index=7 mig=fafc828a exit=0 wall_ms=111458 text=f9c832b7cad1a509 role=child prefix_tokens=14282 suffix_tokens=31 model_ms=8170.1 context_ms=111.1 state_ms=15.89 prefix_ms=0.0 suffix_ms=3019.1 first_token_ms=13913.1 generation_ms=96740.5 generated=64 generation_tps=0.662
AGENT index=8 mig=31ffbfe4 exit=0 wall_ms=162307 text=a3c806a5411bc6e6 role=child prefix_tokens=14282 suffix_tokens=18 model_ms=7775.9 context_ms=232.2 state_ms=14.80 prefix_ms=0.0 suffix_ms=2948.7 first_token_ms=13340.6 generation_ms=148554.5 generated=64 generation_tps=0.431
AGENT index=9 mig=fafc828a exit=0 wall_ms=102559 text=a2d016def74ecc62 role=child prefix_tokens=14282 suffix_tokens=18 model_ms=6158.1 context_ms=432.0 state_ms=14.25 prefix_ms=0.0 suffix_ms=541.8 first_token_ms=9488.7 generation_ms=92628.5 generated=64 generation_tps=0.691
AGENT index=10 mig=31ffbfe4 exit=0 wall_ms=144795 text=a733f3a39259263c role=child prefix_tokens=14282 suffix_tokens=18 model_ms=5134.6 context_ms=285.5 state_ms=15.34 prefix_ms=0.0 suffix_ms=991.2 first_token_ms=8242.0 generation_ms=136184.0 generated=64 generation_tps=0.470
AGENT index=11 mig=fafc828a exit=0 wall_ms=110044 text=ad0d6edf343e5e28 role=child prefix_tokens=14282 suffix_tokens=22 model_ms=7912.7 context_ms=264.2 state_ms=11.83 prefix_ms=0.0 suffix_ms=1917.8 first_token_ms=12356.4 generation_ms=97232.8 generated=64 generation_tps=0.658
AGENT index=12 mig=31ffbfe4 exit=0 wall_ms=162400 text=2c93819fe85df763 role=child prefix_tokens=14282 suffix_tokens=21 model_ms=7604.0 context_ms=200.8 state_ms=22.08 prefix_ms=0.0 suffix_ms=2938.7 first_token_ms=13272.5 generation_ms=148701.3 generated=64 generation_tps=0.430
AGENT index=13 mig=fafc828a exit=0 wall_ms=111417 text=5d483815f91685a6 role=child prefix_tokens=14282 suffix_tokens=31 model_ms=8619.8 context_ms=137.1 state_ms=6.17 prefix_ms=0.0 suffix_ms=3311.2 first_token_ms=14666.5 generation_ms=96198.7 generated=64 generation_tps=0.665
AGENT index=14 mig=31ffbfe4 exit=0 wall_ms=164278 text=f8f770d151794139 role=child prefix_tokens=14282 suffix_tokens=21 model_ms=8826.3 context_ms=136.6 state_ms=8.09 prefix_ms=0.0 suffix_ms=4460.0 first_token_ms=15756.6 generation_ms=147599.3 generated=64 generation_tps=0.434
AGENT index=15 mig=fafc828a exit=0 wall_ms=111753 text=0d9668c2f9cbc9fc role=child prefix_tokens=14282 suffix_tokens=26 model_ms=8980.9 context_ms=69.9 state_ms=7.36 prefix_ms=0.0 suffix_ms=3313.6 first_token_ms=14659.9 generation_ms=96193.5 generated=64 generation_tps=0.665
AGENT index=16 mig=31ffbfe4 exit=0 wall_ms=162937 text=a6ffaf564cadb5d1 role=child prefix_tokens=14282 suffix_tokens=25 model_ms=8105.1 context_ms=163.7 state_ms=22.13 prefix_ms=0.0 suffix_ms=3560.1 first_token_ms=14163.9 generation_ms=148334.4 generated=64 generation_tps=0.431
AGENT index=17 mig=fafc828a exit=0 wall_ms=107695 text=6bd685fbc4b441ec role=child prefix_tokens=14282 suffix_tokens=22 model_ms=7226.7 context_ms=70.4 state_ms=12.54 prefix_ms=0.0 suffix_ms=857.0 first_token_ms=10484.6 generation_ms=96842.1 generated=64 generation_tps=0.661
AGENT index=18 mig=31ffbfe4 exit=0 wall_ms=161349 text=ba15e410535ababc role=child prefix_tokens=14282 suffix_tokens=21 model_ms=7429.8 context_ms=114.9 state_ms=30.50 prefix_ms=0.0 suffix_ms=2286.4 first_token_ms=12286.9 generation_ms=148668.8 generated=64 generation_tps=0.430
AGENT index=19 mig=fafc828a exit=0 wall_ms=57588 text=4c7501e634d9bf23 role=child prefix_tokens=14282 suffix_tokens=18 model_ms=4291.9 context_ms=357.7 state_ms=15.55 prefix_ms=0.0 suffix_ms=442.7 first_token_ms=7620.3 generation_ms=47350.8 generated=64 generation_tps=1.352
AGENT index=20 mig=31ffbfe4 exit=0 wall_ms=163071 text=b3893059e7e79532 role=child prefix_tokens=14282 suffix_tokens=21 model_ms=8560.1 context_ms=123.1 state_ms=6.36 prefix_ms=0.0 suffix_ms=4452.5 first_token_ms=15785.6 generation_ms=146941.7 generated=64 generation_tps=0.436
AGENT index=21 mig=fafc828a exit=0 wall_ms=103512 text=284eef78a2286715 role=child prefix_tokens=14282 suffix_tokens=26 model_ms=6082.3 context_ms=407.0 state_ms=30.17 prefix_ms=0.0 suffix_ms=549.0 first_token_ms=9546.0 generation_ms=93569.9 generated=64 generation_tps=0.684
AGENT index=22 mig=31ffbfe4 exit=0 wall_ms=163243 text=ad3122b47bf9d41d role=child prefix_tokens=14282 suffix_tokens=27 model_ms=8184.5 context_ms=98.1 state_ms=17.59 prefix_ms=0.0 suffix_ms=4080.6 first_token_ms=14949.2 generation_ms=147885.9 generated=64 generation_tps=0.433
AGENT index=23 mig=fafc828a exit=0 wall_ms=110798 text=fd9dec9936f784ff role=child prefix_tokens=14282 suffix_tokens=17 model_ms=8509.4 context_ms=165.4 state_ms=7.17 prefix_ms=0.0 suffix_ms=2841.4 first_token_ms=14132.3 generation_ms=96172.0 generated=64 generation_tps=0.665
AGENT index=24 mig=31ffbfe4 exit=0 wall_ms=163824 text=9834d2c93010cb40 role=child prefix_tokens=14282 suffix_tokens=22 model_ms=8973.9 context_ms=67.2 state_ms=6.31 prefix_ms=0.0 suffix_ms=4442.8 first_token_ms=15773.3 generation_ms=147405.5 generated=64 generation_tps=0.434
AGENT index=25 mig=fafc828a exit=0 wall_ms=110790 text=d4e1fcaa961685d1 role=child prefix_tokens=14282 suffix_tokens=23 model_ms=7839.1 context_ms=176.3 state_ms=17.07 prefix_ms=0.0 suffix_ms=2194.0 first_token_ms=12698.0 generation_ms=97497.5 generated=64 generation_tps=0.656
AGENT index=26 mig=31ffbfe4 exit=0 wall_ms=139758 text=9e35020256b4a71c role=child prefix_tokens=14282 suffix_tokens=19 model_ms=3790.3 context_ms=707.7 state_ms=12.20 prefix_ms=0.0 suffix_ms=630.4 first_token_ms=7529.4 generation_ms=131846.9 generated=64 generation_tps=0.485
AGENT index=27 mig=fafc828a exit=0 wall_ms=110975 text=178df8f18d21f57e role=child prefix_tokens=14282 suffix_tokens=21 model_ms=8740.5 context_ms=106.7 state_ms=7.87 prefix_ms=0.0 suffix_ms=2915.8 first_token_ms=14029.5 generation_ms=96377.7 generated=64 generation_tps=0.664
AGENT index=28 mig=31ffbfe4 exit=0 wall_ms=142664 text=15c67d79a860da75 role=child prefix_tokens=14282 suffix_tokens=20 model_ms=3566.2 context_ms=795.0 state_ms=13.26 prefix_ms=0.0 suffix_ms=827.6 first_token_ms=7800.7 generation_ms=134469.2 generated=64 generation_tps=0.476
AGENT index=29 mig=fafc828a exit=0 wall_ms=107293 text=a72f71cd80731afe role=child prefix_tokens=14282 suffix_tokens=22 model_ms=6864.0 context_ms=97.8 state_ms=22.60 prefix_ms=0.0 suffix_ms=716.3 first_token_ms=10347.5 generation_ms=96565.6 generated=64 generation_tps=0.663
AGENT index=30 mig=31ffbfe4 exit=0 wall_ms=164085 text=317f6f38771a1e41 role=child prefix_tokens=14282 suffix_tokens=20 model_ms=8660.0 context_ms=80.4 state_ms=6.69 prefix_ms=0.0 suffix_ms=4361.4 first_token_ms=15540.8 generation_ms=147711.9 generated=64 generation_tps=0.433
AGENT index=31 mig=fafc828a exit=0 wall_ms=110390 text=d52293b0dc058085 role=child prefix_tokens=14282 suffix_tokens=22 model_ms=7238.8 context_ms=291.6 state_ms=27.59 prefix_ms=0.0 suffix_ms=1981.4 first_token_ms=12347.7 generation_ms=97537.5 generated=64 generation_tps=0.656
AGENT index=32 mig=31ffbfe4 exit=0 wall_ms=163742 text=a067a6895417f0e8 role=child prefix_tokens=14282 suffix_tokens=28 model_ms=8258.9 context_ms=91.9 state_ms=14.54 prefix_ms=0.0 suffix_ms=4341.8 first_token_ms=15408.1 generation_ms=147624.6 generated=64 generation_tps=0.434
AGENT index=33 mig=fafc828a exit=0 wall_ms=111266 text=5b450cf9627e77b9 role=child prefix_tokens=14282 suffix_tokens=23 model_ms=7815.7 context_ms=112.5 state_ms=17.54 prefix_ms=0.0 suffix_ms=2604.2 first_token_ms=13296.6 generation_ms=97299.3 generated=64 generation_tps=0.658
AGENT index=34 mig=31ffbfe4 exit=0 wall_ms=164149 text=5c09b6f1d055319b role=child prefix_tokens=14282 suffix_tokens=25 model_ms=8334.1 context_ms=125.3 state_ms=6.90 prefix_ms=0.0 suffix_ms=4526.2 first_token_ms=15745.7 generation_ms=147600.3 generated=64 generation_tps=0.434
AGENT index=35 mig=fafc828a exit=0 wall_ms=107741 text=077e38d3762a4e5d role=child prefix_tokens=14282 suffix_tokens=33 model_ms=6601.8 context_ms=147.8 state_ms=34.31 prefix_ms=0.0 suffix_ms=963.0 first_token_ms=10477.4 generation_ms=96863.6 generated=64 generation_tps=0.661
AGENT index=36 mig=31ffbfe4 exit=0 wall_ms=163965 text=836ebfaf7d21007d role=child prefix_tokens=14282 suffix_tokens=24 model_ms=8426.8 context_ms=158.1 state_ms=6.72 prefix_ms=0.0 suffix_ms=4429.0 first_token_ms=15687.9 generation_ms=147552.4 generated=64 generation_tps=0.434
AGENT index=37 mig=fafc828a exit=0 wall_ms=111621 text=b5c1cde845350686 role=child prefix_tokens=14282 suffix_tokens=27 model_ms=8535.8 context_ms=88.6 state_ms=14.57 prefix_ms=0.0 suffix_ms=3159.2 first_token_ms=14247.5 generation_ms=96454.5 generated=64 generation_tps=0.664
AGENT index=38 mig=31ffbfe4 exit=0 wall_ms=164129 text=e57f2865bc99ed0e role=child prefix_tokens=14282 suffix_tokens=22 model_ms=8548.7 context_ms=73.4 state_ms=6.17 prefix_ms=0.0 suffix_ms=4429.0 first_token_ms=15691.8 generation_ms=147633.2 generated=64 generation_tps=0.434
AGENT index=39 mig=fafc828a exit=0 wall_ms=109067 text=f9c832b7cad1a509 role=child prefix_tokens=14282 suffix_tokens=32 model_ms=7552.2 context_ms=114.7 state_ms=17.65 prefix_ms=0.0 suffix_ms=1223.9 first_token_ms=11107.4 generation_ms=97495.1 generated=64 generation_tps=0.656
AGENT index=40 mig=31ffbfe4 exit=0 wall_ms=163455 text=1bedc9985ebffdf3 role=child prefix_tokens=14282 suffix_tokens=19 model_ms=8330.2 context_ms=85.5 state_ms=13.12 prefix_ms=0.0 suffix_ms=4135.2 first_token_ms=15027.6 generation_ms=147999.3 generated=64 generation_tps=0.432
AGENT index=41 mig=fafc828a exit=0 wall_ms=110953 text=3be32d4f1f40e878 role=child prefix_tokens=14282 suffix_tokens=19 model_ms=8143.1 context_ms=109.3 state_ms=20.60 prefix_ms=0.0 suffix_ms=2461.0 first_token_ms=13117.1 generation_ms=97283.0 generated=64 generation_tps=0.658
AGENT index=42 mig=31ffbfe4 exit=0 wall_ms=145679 text=519b2de5b706a49d role=child prefix_tokens=14282 suffix_tokens=18 model_ms=4158.2 context_ms=393.2 state_ms=15.56 prefix_ms=0.0 suffix_ms=1104.0 first_token_ms=8200.3 generation_ms=137092.1 generated=64 generation_tps=0.467
AGENT index=43 mig=fafc828a exit=0 wall_ms=110091 text=ad92edad967aef00 role=child prefix_tokens=14282 suffix_tokens=22 model_ms=7187.8 context_ms=299.8 state_ms=38.52 prefix_ms=0.0 suffix_ms=1739.2 first_token_ms=11998.4 generation_ms=97668.2 generated=64 generation_tps=0.655
AGENT index=44 mig=31ffbfe4 exit=0 wall_ms=164015 text=806eb5a225900d3a role=child prefix_tokens=14282 suffix_tokens=21 model_ms=8389.0 context_ms=125.2 state_ms=13.40 prefix_ms=0.0 suffix_ms=4380.9 first_token_ms=15492.2 generation_ms=147777.1 generated=64 generation_tps=0.433
AGENT index=45 mig=fafc828a exit=0 wall_ms=110506 text=9f441c92dda94d6e role=child prefix_tokens=14282 suffix_tokens=31 model_ms=7690.9 context_ms=229.0 state_ms=18.97 prefix_ms=0.0 suffix_ms=2262.0 first_token_ms=12556.1 generation_ms=97431.3 generated=64 generation_tps=0.657
AGENT index=46 mig=31ffbfe4 exit=0 wall_ms=163881 text=3f33f20708943e2f role=child prefix_tokens=14282 suffix_tokens=21 model_ms=8443.0 context_ms=124.0 state_ms=5.74 prefix_ms=0.0 suffix_ms=4463.8 first_token_ms=15650.9 generation_ms=147570.0 generated=64 generation_tps=0.434
AGENT index=47 mig=fafc828a exit=0 wall_ms=110393 text=0d9668c2f9cbc9fc role=child prefix_tokens=14282 suffix_tokens=26 model_ms=7713.0 context_ms=215.1 state_ms=26.41 prefix_ms=0.0 suffix_ms=2581.7 first_token_ms=12714.0 generation_ms=97251.7 generated=64 generation_tps=0.658
AGENT index=48 mig=31ffbfe4 exit=0 wall_ms=160283 text=27f58a7742c668f5 role=child prefix_tokens=14282 suffix_tokens=25 model_ms=7476.4 context_ms=128.1 state_ms=34.65 prefix_ms=0.0 suffix_ms=1371.0 first_token_ms=11189.6 generation_ms=148719.5 generated=64 generation_tps=0.430
AGENT index=49 mig=fafc828a exit=0 wall_ms=110135 text=6bd685fbc4b441ec role=child prefix_tokens=14282 suffix_tokens=22 model_ms=7525.0 context_ms=268.7 state_ms=28.62 prefix_ms=0.0 suffix_ms=1767.7 first_token_ms=12076.4 generation_ms=97594.8 generated=64 generation_tps=0.656
AGENT index=50 mig=31ffbfe4 exit=0 wall_ms=162351 text=802dc3b79f95f0ef role=child prefix_tokens=14282 suffix_tokens=21 model_ms=7322.8 context_ms=240.8 state_ms=13.91 prefix_ms=0.0 suffix_ms=2805.2 first_token_ms=13105.5 generation_ms=148787.7 generated=64 generation_tps=0.430
AGENT index=51 mig=fafc828a exit=0 wall_ms=110522 text=88ab36014083e9b4 role=child prefix_tokens=14282 suffix_tokens=18 model_ms=8050.1 context_ms=171.3 state_ms=13.26 prefix_ms=0.0 suffix_ms=2258.9 first_token_ms=12709.3 generation_ms=97352.3 generated=64 generation_tps=0.657
AGENT index=52 mig=31ffbfe4 exit=0 wall_ms=159246 text=56ae1f5c8f39885b role=child prefix_tokens=14282 suffix_tokens=21 model_ms=6791.1 context_ms=74.4 state_ms=14.67 prefix_ms=0.0 suffix_ms=951.3 first_token_ms=10557.1 generation_ms=148342.7 generated=64 generation_tps=0.431
AGENT index=53 mig=fafc828a exit=0 wall_ms=111535 text=11e4c2a85150fa06 role=child prefix_tokens=14282 suffix_tokens=26 model_ms=8008.5 context_ms=161.4 state_ms=18.24 prefix_ms=0.0 suffix_ms=3031.7 first_token_ms=13780.9 generation_ms=96851.6 generated=64 generation_tps=0.661
AGENT index=54 mig=31ffbfe4 exit=0 wall_ms=163824 text=3b6f5b9c968721eb role=child prefix_tokens=14282 suffix_tokens=27 model_ms=8220.6 context_ms=78.3 state_ms=13.98 prefix_ms=0.0 suffix_ms=4489.2 first_token_ms=15535.3 generation_ms=147747.6 generated=64 generation_tps=0.433
AGENT index=55 mig=fafc828a exit=0 wall_ms=111090 text=7e4fad52bd577abf role=child prefix_tokens=14282 suffix_tokens=17 model_ms=8235.2 context_ms=112.6 state_ms=12.21 prefix_ms=0.0 suffix_ms=2750.4 first_token_ms=13512.5 generation_ms=96942.0 generated=64 generation_tps=0.660
AGENT index=56 mig=31ffbfe4 exit=0 wall_ms=163690 text=9834d2c93010cb40 role=child prefix_tokens=14282 suffix_tokens=22 model_ms=7924.4 context_ms=107.6 state_ms=20.19 prefix_ms=0.0 suffix_ms=3802.8 first_token_ms=14542.1 generation_ms=148481.1 generated=64 generation_tps=0.431
AGENT index=57 mig=fafc828a exit=0 wall_ms=111348 text=50630b6612aba7b8 role=child prefix_tokens=14282 suffix_tokens=23 model_ms=8530.6 context_ms=97.6 state_ms=18.43 prefix_ms=0.0 suffix_ms=2773.9 first_token_ms=13646.7 generation_ms=96896.7 generated=64 generation_tps=0.660
AGENT index=58 mig=31ffbfe4 exit=0 wall_ms=164154 text=9ca71337e20d8558 role=child prefix_tokens=14282 suffix_tokens=19 model_ms=8435.8 context_ms=166.2 state_ms=6.46 prefix_ms=0.0 suffix_ms=4449.2 first_token_ms=15622.3 generation_ms=147611.5 generated=64 generation_tps=0.434
AGENT index=59 mig=fafc828a exit=0 wall_ms=111104 text=a0d59f42adbdb7a7 role=child prefix_tokens=14282 suffix_tokens=21 model_ms=8768.8 context_ms=78.4 state_ms=19.02 prefix_ms=0.0 suffix_ms=2890.5 first_token_ms=13883.9 generation_ms=96580.5 generated=64 generation_tps=0.663
AGENT index=60 mig=31ffbfe4 exit=0 wall_ms=164094 text=b1fe3c81bfb2916f role=child prefix_tokens=14282 suffix_tokens=20 model_ms=8561.6 context_ms=41.2 state_ms=7.16 prefix_ms=0.0 suffix_ms=4461.4 first_token_ms=15672.2 generation_ms=147590.1 generated=64 generation_tps=0.434
AGENT index=61 mig=fafc828a exit=0 wall_ms=111515 text=5b7f00ee41a4f8ef role=child prefix_tokens=14282 suffix_tokens=22 model_ms=8308.4 context_ms=133.6 state_ms=9.86 prefix_ms=0.0 suffix_ms=2893.6 first_token_ms=14041.2 generation_ms=96661.1 generated=64 generation_tps=0.662
AGENT index=62 mig=31ffbfe4 exit=0 wall_ms=163751 text=c17cb2a0a71c6a47 role=child prefix_tokens=14282 suffix_tokens=20 model_ms=8825.5 context_ms=157.5 state_ms=6.26 prefix_ms=0.0 suffix_ms=4483.4 first_token_ms=15657.8 generation_ms=147500.6 generated=64 generation_tps=0.434
AGENT index=63 mig=fafc828a exit=0 wall_ms=111195 text=3b010582add6c19e role=child prefix_tokens=14282 suffix_tokens=22 model_ms=8461.6 context_ms=77.5 state_ms=9.72 prefix_ms=0.0 suffix_ms=2737.5 first_token_ms=13575.6 generation_ms=96969.2 generated=64 generation_tps=0.660
MEMORY mem_available_drop_mib=45109 mem_available_before_mib=120153 mem_free_before_mib=46151 pss_anon_mib=14904 pss_file_mib=5899 pss_shmem_mib=4511 device_mib=24768 samples=12
END_CASE failed_agents=0 wall_ms=164713
CASE mode=weights agents=1
AGENT index=0 mig=31ffbfe4 exit=0 wall_ms=5392 text=4605b6e04b2228eb role=child prefix_tokens=14282 suffix_tokens=27 model_ms=628.3 context_ms=39.5 state_ms=113.16 prefix_ms=0.0 suffix_ms=145.0 first_token_ms=962.3 generation_ms=4012.8 generated=64 generation_tps=15.949
MEMORY mem_available_drop_mib=1647 mem_available_before_mib=120149 mem_free_before_mib=46139 pss_anon_mib=228 pss_file_mib=4558 pss_shmem_mib=58 device_mib=1276 samples=1
END_CASE failed_agents=0 wall_ms=5427
CASE mode=weights agents=2
AGENT index=0 mig=31ffbfe4 exit=0 wall_ms=5831 text=4605b6e04b2228eb role=child prefix_tokens=14282 suffix_tokens=27 model_ms=679.3 context_ms=39.8 state_ms=200.25 prefix_ms=0.0 suffix_ms=152.5 first_token_ms=1136.9 generation_ms=4269.4 generated=64 generation_tps=14.990
AGENT index=1 mig=fafc828a exit=0 wall_ms=4385 text=a5af93194a2d1ced role=child prefix_tokens=14282 suffix_tokens=22 model_ms=682.3 context_ms=38.9 state_ms=174.28 prefix_ms=0.0 suffix_ms=102.1 first_token_ms=1081.5 generation_ms=2935.3 generated=64 generation_tps=21.804
MEMORY mem_available_drop_mib=3264 mem_available_before_mib=120044 mem_free_before_mib=46034 pss_anon_mib=454 pss_file_mib=4580 pss_shmem_mib=116 device_mib=2566 samples=1
END_CASE failed_agents=0 wall_ms=5875
CASE mode=weights agents=4
AGENT index=0 mig=31ffbfe4 exit=0 wall_ms=11037 text=4605b6e04b2228eb role=child prefix_tokens=14282 suffix_tokens=27 model_ms=856.9 context_ms=58.5 state_ms=147.53 prefix_ms=0.0 suffix_ms=266.7 first_token_ms=1473.7 generation_ms=9137.4 generated=64 generation_tps=7.004
AGENT index=1 mig=fafc828a exit=0 wall_ms=7870 text=a5af93194a2d1ced role=child prefix_tokens=14282 suffix_tokens=22 model_ms=834.3 context_ms=65.2 state_ms=137.07 prefix_ms=0.0 suffix_ms=177.7 first_token_ms=1384.1 generation_ms=6113.3 generated=64 generation_tps=10.469
AGENT index=2 mig=31ffbfe4 exit=0 wall_ms=10959 text=37e5f08e6279aa62 role=child prefix_tokens=14282 suffix_tokens=24 model_ms=865.3 context_ms=69.9 state_ms=148.78 prefix_ms=0.0 suffix_ms=262.3 first_token_ms=1481.6 generation_ms=9101.5 generated=64 generation_tps=7.032
AGENT index=3 mig=fafc828a exit=0 wall_ms=7917 text=5e1ac569aa8b0faf role=child prefix_tokens=14282 suffix_tokens=32 model_ms=845.0 context_ms=57.2 state_ms=139.05 prefix_ms=0.0 suffix_ms=200.5 first_token_ms=1403.0 generation_ms=6128.9 generated=64 generation_tps=10.442
MEMORY mem_available_drop_mib=6386 mem_available_before_mib=119933 mem_free_before_mib=45923 pss_anon_mib=915 pss_file_mib=4622 pss_shmem_mib=232 device_mib=5132 samples=2
END_CASE failed_agents=0 wall_ms=11089
CASE mode=weights agents=8
AGENT index=0 mig=31ffbfe4 exit=0 wall_ms=21064 text=4605b6e04b2228eb role=child prefix_tokens=14282 suffix_tokens=27 model_ms=1140.4 context_ms=124.8 state_ms=205.93 prefix_ms=0.0 suffix_ms=530.6 first_token_ms=2317.9 generation_ms=18296.0 generated=64 generation_tps=3.498
AGENT index=1 mig=fafc828a exit=0 wall_ms=14930 text=a5af93194a2d1ced role=child prefix_tokens=14282 suffix_tokens=22 model_ms=1156.2 context_ms=138.8 state_ms=188.23 prefix_ms=0.0 suffix_ms=343.3 first_token_ms=2129.1 generation_ms=12369.6 generated=64 generation_tps=5.174
AGENT index=2 mig=31ffbfe4 exit=0 wall_ms=20984 text=37e5f08e6279aa62 role=child prefix_tokens=14282 suffix_tokens=24 model_ms=1151.9 context_ms=117.5 state_ms=203.27 prefix_ms=0.0 suffix_ms=496.8 first_token_ms=2277.4 generation_ms=18318.0 generated=64 generation_tps=3.494
AGENT index=3 mig=fafc828a exit=0 wall_ms=14980 text=5e1ac569aa8b0faf role=child prefix_tokens=14282 suffix_tokens=32 model_ms=1151.4 context_ms=124.1 state_ms=192.41 prefix_ms=0.0 suffix_ms=369.8 first_token_ms=2142.0 generation_ms=12385.2 generated=64 generation_tps=5.167
AGENT index=4 mig=31ffbfe4 exit=0 wall_ms=20982 text=6e3d8f07cfceb082 role=child prefix_tokens=14282 suffix_tokens=23 model_ms=1132.6 context_ms=149.2 state_ms=193.27 prefix_ms=0.0 suffix_ms=499.5 first_token_ms=2295.1 generation_ms=18322.1 generated=64 generation_tps=3.493
AGENT index=5 mig=fafc828a exit=0 wall_ms=14925 text=47179dd0dcd49eb0 role=child prefix_tokens=14282 suffix_tokens=26 model_ms=1141.3 context_ms=124.0 state_ms=183.24 prefix_ms=0.0 suffix_ms=350.1 first_token_ms=2116.8 generation_ms=12351.8 generated=64 generation_tps=5.181
AGENT index=6 mig=31ffbfe4 exit=0 wall_ms=20877 text=f88f503d1005fa22 role=child prefix_tokens=14282 suffix_tokens=21 model_ms=1139.0 context_ms=118.0 state_ms=199.22 prefix_ms=0.0 suffix_ms=452.6 first_token_ms=2218.7 generation_ms=18313.8 generated=64 generation_tps=3.495
AGENT index=7 mig=fafc828a exit=0 wall_ms=14947 text=f9c832b7cad1a509 role=child prefix_tokens=14282 suffix_tokens=31 model_ms=1146.8 context_ms=148.2 state_ms=188.07 prefix_ms=0.0 suffix_ms=380.2 first_token_ms=2168.0 generation_ms=12364.2 generated=64 generation_tps=5.176
MEMORY mem_available_drop_mib=12900 mem_available_before_mib=120090 mem_free_before_mib=46080 pss_anon_mib=1826 pss_file_mib=4705 pss_shmem_mib=465 device_mib=10264 samples=4
END_CASE failed_agents=0 wall_ms=21137
CASE mode=weights agents=12
AGENT index=0 mig=31ffbfe4 exit=0 wall_ms=29098 text=4605b6e04b2228eb role=child prefix_tokens=14282 suffix_tokens=27 model_ms=1107.5 context_ms=37.9 state_ms=115.18 prefix_ms=0.0 suffix_ms=189.9 first_token_ms=1833.8 generation_ms=26928.3 generated=64 generation_tps=2.377
AGENT index=1 mig=fafc828a exit=0 wall_ms=21629 text=a5af93194a2d1ced role=child prefix_tokens=14282 suffix_tokens=22 model_ms=1400.4 context_ms=101.2 state_ms=296.29 prefix_ms=0.0 suffix_ms=552.8 first_token_ms=2805.9 generation_ms=18410.6 generated=64 generation_tps=3.476
AGENT index=2 mig=31ffbfe4 exit=0 wall_ms=30360 text=37e5f08e6279aa62 role=child prefix_tokens=14282 suffix_tokens=24 model_ms=1299.7 context_ms=61.5 state_ms=307.57 prefix_ms=0.0 suffix_ms=519.6 first_token_ms=2598.1 generation_ms=27337.3 generated=64 generation_tps=2.341
AGENT index=3 mig=fafc828a exit=0 wall_ms=21329 text=5e1ac569aa8b0faf role=child prefix_tokens=14282 suffix_tokens=32 model_ms=1299.3 context_ms=58.5 state_ms=218.53 prefix_ms=0.0 suffix_ms=365.8 first_token_ms=2386.2 generation_ms=18556.4 generated=64 generation_tps=3.449
AGENT index=4 mig=31ffbfe4 exit=0 wall_ms=30651 text=6e3d8f07cfceb082 role=child prefix_tokens=14282 suffix_tokens=23 model_ms=1388.7 context_ms=117.2 state_ms=275.97 prefix_ms=0.0 suffix_ms=773.0 first_token_ms=3008.1 generation_ms=27178.1 generated=64 generation_tps=2.355
AGENT index=5 mig=fafc828a exit=0 wall_ms=21674 text=47179dd0dcd49eb0 role=child prefix_tokens=14282 suffix_tokens=26 model_ms=1396.8 context_ms=118.8 state_ms=307.44 prefix_ms=0.0 suffix_ms=596.6 first_token_ms=2855.5 generation_ms=18365.4 generated=64 generation_tps=3.485
AGENT index=6 mig=31ffbfe4 exit=0 wall_ms=30523 text=f88f503d1005fa22 role=child prefix_tokens=14282 suffix_tokens=21 model_ms=1325.4 context_ms=98.9 state_ms=284.33 prefix_ms=0.0 suffix_ms=744.1 first_token_ms=2916.2 generation_ms=27215.2 generated=64 generation_tps=2.352
AGENT index=7 mig=fafc828a exit=0 wall_ms=21696 text=f9c832b7cad1a509 role=child prefix_tokens=14282 suffix_tokens=31 model_ms=1360.4 context_ms=115.4 state_ms=297.40 prefix_ms=0.0 suffix_ms=595.6 first_token_ms=2841.2 generation_ms=18388.0 generated=64 generation_tps=3.481
AGENT index=8 mig=31ffbfe4 exit=0 wall_ms=30618 text=a3c806a5411bc6e6 role=child prefix_tokens=14282 suffix_tokens=18 model_ms=1356.3 context_ms=115.5 state_ms=281.05 prefix_ms=0.0 suffix_ms=800.6 first_token_ms=3021.7 generation_ms=27150.0 generated=64 generation_tps=2.357
AGENT index=9 mig=fafc828a exit=0 wall_ms=21142 text=a2d016def74ecc62 role=child prefix_tokens=14282 suffix_tokens=18 model_ms=1283.5 context_ms=45.5 state_ms=203.33 prefix_ms=0.0 suffix_ms=272.5 first_token_ms=2249.4 generation_ms=18501.6 generated=64 generation_tps=3.459
AGENT index=10 mig=31ffbfe4 exit=0 wall_ms=30690 text=a733f3a39259263c role=child prefix_tokens=14282 suffix_tokens=18 model_ms=1377.5 context_ms=122.9 state_ms=270.47 prefix_ms=0.0 suffix_ms=787.8 first_token_ms=3015.9 generation_ms=27179.9 generated=64 generation_tps=2.355
AGENT index=11 mig=fafc828a exit=0 wall_ms=21413 text=ad0d6edf343e5e28 role=child prefix_tokens=14282 suffix_tokens=22 model_ms=1342.0 context_ms=58.5 state_ms=222.23 prefix_ms=0.0 suffix_ms=358.2 first_token_ms=2415.8 generation_ms=18577.6 generated=64 generation_tps=3.445
MEMORY mem_available_drop_mib=19371 mem_available_before_mib=120096 mem_free_before_mib=46086 pss_anon_mib=2747 pss_file_mib=4788 pss_shmem_mib=698 device_mib=15396 samples=5
END_CASE failed_agents=0 wall_ms=30803
CASE mode=weights agents=16
AGENT index=0 mig=31ffbfe4 exit=0 wall_ms=36394 text=4605b6e04b2228eb role=child prefix_tokens=14282 suffix_tokens=27 model_ms=1290.8 context_ms=54.1 state_ms=123.00 prefix_ms=0.0 suffix_ms=165.3 first_token_ms=2042.6 generation_ms=33964.8 generated=64 generation_tps=1.884
AGENT index=1 mig=fafc828a exit=0 wall_ms=28574 text=a5af93194a2d1ced role=child prefix_tokens=14282 suffix_tokens=22 model_ms=1831.5 context_ms=127.1 state_ms=316.21 prefix_ms=0.0 suffix_ms=538.0 first_token_ms=3399.2 generation_ms=24686.8 generated=64 generation_tps=2.592
AGENT index=2 mig=31ffbfe4 exit=0 wall_ms=40361 text=37e5f08e6279aa62 role=child prefix_tokens=14282 suffix_tokens=24 model_ms=1798.6 context_ms=122.0 state_ms=381.33 prefix_ms=0.0 suffix_ms=1024.5 first_token_ms=3932.0 generation_ms=36046.5 generated=64 generation_tps=1.775
AGENT index=3 mig=fafc828a exit=0 wall_ms=27901 text=5e1ac569aa8b0faf role=child prefix_tokens=14282 suffix_tokens=32 model_ms=1642.7 context_ms=57.3 state_ms=189.48 prefix_ms=0.0 suffix_ms=416.0 first_token_ms=2899.2 generation_ms=24627.8 generated=64 generation_tps=2.599
AGENT index=4 mig=31ffbfe4 exit=0 wall_ms=40507 text=6e3d8f07cfceb082 role=child prefix_tokens=14282 suffix_tokens=23 model_ms=1877.6 context_ms=124.0 state_ms=467.14 prefix_ms=0.0 suffix_ms=1117.4 first_token_ms=4199.4 generation_ms=35834.8 generated=64 generation_tps=1.786
AGENT index=5 mig=fafc828a exit=0 wall_ms=28620 text=47179dd0dcd49eb0 role=child prefix_tokens=14282 suffix_tokens=26 model_ms=1818.0 context_ms=136.0 state_ms=308.80 prefix_ms=0.0 suffix_ms=632.7 first_token_ms=3479.6 generation_ms=24686.9 generated=64 generation_tps=2.592
AGENT index=6 mig=31ffbfe4 exit=0 wall_ms=40082 text=f88f503d1005fa22 role=child prefix_tokens=14282 suffix_tokens=21 model_ms=1663.0 context_ms=63.1 state_ms=351.18 prefix_ms=0.0 suffix_ms=789.3 first_token_ms=3476.5 generation_ms=36201.3 generated=64 generation_tps=1.768
AGENT index=7 mig=fafc828a exit=0 wall_ms=28667 text=f9c832b7cad1a509 role=child prefix_tokens=14282 suffix_tokens=31 model_ms=1768.7 context_ms=132.9 state_ms=297.98 prefix_ms=0.0 suffix_ms=637.5 first_token_ms=3492.2 generation_ms=24675.5 generated=64 generation_tps=2.594
AGENT index=8 mig=31ffbfe4 exit=0 wall_ms=40155 text=a3c806a5411bc6e6 role=child prefix_tokens=14282 suffix_tokens=18 model_ms=1677.5 context_ms=81.7 state_ms=342.67 prefix_ms=0.0 suffix_ms=759.3 first_token_ms=3450.6 generation_ms=36358.6 generated=64 generation_tps=1.760
AGENT index=9 mig=fafc828a exit=0 wall_ms=28690 text=a2d016def74ecc62 role=child prefix_tokens=14282 suffix_tokens=18 model_ms=2047.1 context_ms=62.6 state_ms=411.04 prefix_ms=0.0 suffix_ms=747.1 first_token_ms=3855.9 generation_ms=24415.4 generated=64 generation_tps=2.621
AGENT index=10 mig=31ffbfe4 exit=0 wall_ms=40348 text=a733f3a39259263c role=child prefix_tokens=14282 suffix_tokens=18 model_ms=1733.9 context_ms=138.9 state_ms=387.25 prefix_ms=0.0 suffix_ms=1027.1 first_token_ms=3900.3 generation_ms=36044.2 generated=64 generation_tps=1.776
AGENT index=11 mig=fafc828a exit=0 wall_ms=28786 text=ad0d6edf343e5e28 role=child prefix_tokens=14282 suffix_tokens=22 model_ms=2094.7 context_ms=74.5 state_ms=537.52 prefix_ms=0.0 suffix_ms=736.7 first_token_ms=4078.9 generation_ms=24228.9 generated=64 generation_tps=2.641
AGENT index=12 mig=31ffbfe4 exit=0 wall_ms=40417 text=2c93819fe85df763 role=child prefix_tokens=14282 suffix_tokens=21 model_ms=1835.9 context_ms=115.8 state_ms=434.15 prefix_ms=0.0 suffix_ms=1069.3 first_token_ms=4030.9 generation_ms=35968.9 generated=64 generation_tps=1.779
AGENT index=13 mig=fafc828a exit=0 wall_ms=28733 text=5d483815f91685a6 role=child prefix_tokens=14282 suffix_tokens=31 model_ms=1827.3 context_ms=92.4 state_ms=295.67 prefix_ms=0.0 suffix_ms=625.5 first_token_ms=3457.7 generation_ms=24715.3 generated=64 generation_tps=2.589
AGENT index=14 mig=31ffbfe4 exit=0 wall_ms=40186 text=f8f770d151794139 role=child prefix_tokens=14282 suffix_tokens=21 model_ms=1665.7 context_ms=77.3 state_ms=365.60 prefix_ms=0.0 suffix_ms=832.8 first_token_ms=3547.1 generation_ms=36218.6 generated=64 generation_tps=1.767
AGENT index=15 mig=fafc828a exit=0 wall_ms=28117 text=0d9668c2f9cbc9fc role=child prefix_tokens=14282 suffix_tokens=26 model_ms=1743.6 context_ms=77.0 state_ms=235.37 prefix_ms=0.0 suffix_ms=380.9 first_token_ms=3012.0 generation_ms=24699.2 generated=64 generation_tps=2.591
MEMORY mem_available_drop_mib=25765 mem_available_before_mib=120108 mem_free_before_mib=46098 pss_anon_mib=3663 pss_file_mib=4891 pss_shmem_mib=931 device_mib=20528 samples=7
END_CASE failed_agents=0 wall_ms=40634
CASE mode=weights agents=32
AGENT index=0 mig=31ffbfe4 exit=0 wall_ms=78131 text=4605b6e04b2228eb role=child prefix_tokens=14282 suffix_tokens=27 model_ms=3201.8 context_ms=86.7 state_ms=326.19 prefix_ms=0.0 suffix_ms=617.9 first_token_ms=5399.5 generation_ms=72381.1 generated=64 generation_tps=0.884
AGENT index=1 mig=fafc828a exit=0 wall_ms=37001 text=a5af93194a2d1ced role=child prefix_tokens=14282 suffix_tokens=22 model_ms=2064.8 context_ms=241.6 state_ms=154.24 prefix_ms=0.0 suffix_ms=254.1 first_token_ms=3844.4 generation_ms=32254.2 generated=64 generation_tps=1.984
AGENT index=2 mig=31ffbfe4 exit=0 wall_ms=81306 text=37e5f08e6279aa62 role=child prefix_tokens=14282 suffix_tokens=24 model_ms=4140.6 context_ms=246.5 state_ms=816.00 prefix_ms=0.0 suffix_ms=2178.3 first_token_ms=8608.9 generation_ms=72221.9 generated=64 generation_tps=0.886
AGENT index=3 mig=fafc828a exit=0 wall_ms=52905 text=5e1ac569aa8b0faf role=child prefix_tokens=14282 suffix_tokens=32 model_ms=3147.8 context_ms=81.0 state_ms=433.93 prefix_ms=0.0 suffix_ms=383.8 first_token_ms=5224.1 generation_ms=47296.2 generated=64 generation_tps=1.353
AGENT index=4 mig=31ffbfe4 exit=0 wall_ms=80729 text=6e3d8f07cfceb082 role=child prefix_tokens=14282 suffix_tokens=23 model_ms=3642.1 context_ms=218.0 state_ms=713.78 prefix_ms=0.0 suffix_ms=1520.3 first_token_ms=7463.6 generation_ms=72869.0 generated=64 generation_tps=0.878
AGENT index=5 mig=fafc828a exit=0 wall_ms=54982 text=47179dd0dcd49eb0 role=child prefix_tokens=14282 suffix_tokens=26 model_ms=3371.4 context_ms=164.8 state_ms=530.44 prefix_ms=0.0 suffix_ms=1214.2 first_token_ms=6421.2 generation_ms=48113.5 generated=64 generation_tps=1.330
AGENT index=6 mig=31ffbfe4 exit=0 wall_ms=80901 text=f88f503d1005fa22 role=child prefix_tokens=14282 suffix_tokens=21 model_ms=3818.3 context_ms=226.1 state_ms=731.16 prefix_ms=0.0 suffix_ms=1758.7 first_token_ms=7875.1 generation_ms=72649.9 generated=64 generation_tps=0.881
AGENT index=7 mig=fafc828a exit=0 wall_ms=55079 text=f9c832b7cad1a509 role=child prefix_tokens=14282 suffix_tokens=31 model_ms=3252.4 context_ms=141.0 state_ms=435.75 prefix_ms=0.0 suffix_ms=1317.0 first_token_ms=6483.2 generation_ms=48178.3 generated=64 generation_tps=1.328
AGENT index=8 mig=31ffbfe4 exit=0 wall_ms=81108 text=a3c806a5411bc6e6 role=child prefix_tokens=14282 suffix_tokens=18 model_ms=4138.1 context_ms=249.4 state_ms=788.14 prefix_ms=0.0 suffix_ms=2015.5 first_token_ms=8330.3 generation_ms=72342.4 generated=64 generation_tps=0.885
AGENT index=9 mig=fafc828a exit=0 wall_ms=55853 text=a2d016def74ecc62 role=child prefix_tokens=14282 suffix_tokens=18 model_ms=4273.0 context_ms=203.1 state_ms=1086.28 prefix_ms=0.0 suffix_ms=1422.2 first_token_ms=8125.4 generation_ms=47317.5 generated=64 generation_tps=1.353
AGENT index=10 mig=31ffbfe4 exit=0 wall_ms=81500 text=a733f3a39259263c role=child prefix_tokens=14282 suffix_tokens=18 model_ms=4042.2 context_ms=197.6 state_ms=827.18 prefix_ms=0.0 suffix_ms=2096.0 first_token_ms=8523.3 generation_ms=72390.3 generated=64 generation_tps=0.884
AGENT index=11 mig=fafc828a exit=0 wall_ms=54973 text=ad0d6edf343e5e28 role=child prefix_tokens=14282 suffix_tokens=22 model_ms=3512.4 context_ms=114.1 state_ms=501.47 prefix_ms=0.0 suffix_ms=1140.5 first_token_ms=6397.2 generation_ms=48111.8 generated=64 generation_tps=1.330
AGENT index=12 mig=31ffbfe4 exit=0 wall_ms=78352 text=2c93819fe85df763 role=child prefix_tokens=14282 suffix_tokens=21 model_ms=3049.0 context_ms=91.8 state_ms=462.01 prefix_ms=0.0 suffix_ms=711.7 first_token_ms=5470.6 generation_ms=72514.9 generated=64 generation_tps=0.883
AGENT index=13 mig=fafc828a exit=0 wall_ms=55441 text=5d483815f91685a6 role=child prefix_tokens=14282 suffix_tokens=31 model_ms=3992.5 context_ms=97.8 state_ms=668.97 prefix_ms=0.0 suffix_ms=1155.6 first_token_ms=7045.4 generation_ms=47966.7 generated=64 generation_tps=1.334
AGENT index=14 mig=31ffbfe4 exit=0 wall_ms=81355 text=f8f770d151794139 role=child prefix_tokens=14282 suffix_tokens=21 model_ms=4120.8 context_ms=260.3 state_ms=775.95 prefix_ms=0.0 suffix_ms=2006.0 first_token_ms=8288.2 generation_ms=72515.2 generated=64 generation_tps=0.883
AGENT index=15 mig=fafc828a exit=0 wall_ms=55990 text=0d9668c2f9cbc9fc role=child prefix_tokens=14282 suffix_tokens=26 model_ms=4198.7 context_ms=242.8 state_ms=1071.25 prefix_ms=0.0 suffix_ms=1590.4 first_token_ms=8246.7 generation_ms=47262.0 generated=64 generation_tps=1.354
AGENT index=16 mig=31ffbfe4 exit=0 wall_ms=80082 text=a6ffaf564cadb5d1 role=child prefix_tokens=14282 suffix_tokens=25 model_ms=3546.0 context_ms=150.1 state_ms=534.15 prefix_ms=0.0 suffix_ms=1208.3 first_token_ms=6617.6 generation_ms=73120.3 generated=64 generation_tps=0.875
AGENT index=17 mig=fafc828a exit=0 wall_ms=56032 text=6bd685fbc4b441ec role=child prefix_tokens=14282 suffix_tokens=22 model_ms=4123.8 context_ms=133.7 state_ms=1070.79 prefix_ms=0.0 suffix_ms=1423.5 first_token_ms=8077.8 generation_ms=47410.3 generated=64 generation_tps=1.350
AGENT index=18 mig=31ffbfe4 exit=0 wall_ms=81432 text=ba15e410535ababc role=child prefix_tokens=14282 suffix_tokens=21 model_ms=3862.6 context_ms=273.7 state_ms=798.13 prefix_ms=0.0 suffix_ms=2013.8 first_token_ms=8287.8 generation_ms=72555.0 generated=64 generation_tps=0.882
AGENT index=19 mig=fafc828a exit=0 wall_ms=55281 text=4c7501e634d9bf23 role=child prefix_tokens=14282 suffix_tokens=18 model_ms=3611.6 context_ms=183.8 state_ms=523.84 prefix_ms=0.0 suffix_ms=995.6 first_token_ms=6642.8 generation_ms=48186.5 generated=64 generation_tps=1.328
AGENT index=20 mig=31ffbfe4 exit=0 wall_ms=80771 text=b3893059e7e79532 role=child prefix_tokens=14282 suffix_tokens=21 model_ms=3747.5 context_ms=234.8 state_ms=738.29 prefix_ms=0.0 suffix_ms=1677.3 first_token_ms=7678.4 generation_ms=72717.3 generated=64 generation_tps=0.880
AGENT index=21 mig=fafc828a exit=0 wall_ms=55934 text=284eef78a2286715 role=child prefix_tokens=14282 suffix_tokens=26 model_ms=4207.6 context_ms=177.8 state_ms=1074.15 prefix_ms=0.0 suffix_ms=1598.4 first_token_ms=8253.8 generation_ms=47232.8 generated=64 generation_tps=1.355
AGENT index=22 mig=31ffbfe4 exit=0 wall_ms=81370 text=ad3122b47bf9d41d role=child prefix_tokens=14282 suffix_tokens=27 model_ms=3925.1 context_ms=325.2 state_ms=791.63 prefix_ms=0.0 suffix_ms=2148.1 first_token_ms=8362.6 generation_ms=72484.2 generated=64 generation_tps=0.883
AGENT index=23 mig=fafc828a exit=0 wall_ms=54722 text=fd9dec9936f784ff role=child prefix_tokens=14282 suffix_tokens=17 model_ms=3626.3 context_ms=91.8 state_ms=443.30 prefix_ms=0.0 suffix_ms=1062.4 first_token_ms=6350.0 generation_ms=47974.4 generated=64 generation_tps=1.334
AGENT index=24 mig=31ffbfe4 exit=0 wall_ms=77545 text=9834d2c93010cb40 role=child prefix_tokens=14282 suffix_tokens=22 model_ms=3092.5 context_ms=114.5 state_ms=345.24 prefix_ms=0.0 suffix_ms=466.5 first_token_ms=5130.6 generation_ms=72069.5 generated=64 generation_tps=0.888
AGENT index=25 mig=fafc828a exit=0 wall_ms=55442 text=d4e1fcaa961685d1 role=child prefix_tokens=14282 suffix_tokens=23 model_ms=4031.6 context_ms=211.5 state_ms=944.51 prefix_ms=0.0 suffix_ms=1198.6 first_token_ms=7487.6 generation_ms=47504.4 generated=64 generation_tps=1.347
AGENT index=26 mig=31ffbfe4 exit=0 wall_ms=81490 text=9e35020256b4a71c role=child prefix_tokens=14282 suffix_tokens=19 model_ms=4155.4 context_ms=159.1 state_ms=801.66 prefix_ms=0.0 suffix_ms=2134.6 first_token_ms=8556.0 generation_ms=72314.1 generated=64 generation_tps=0.885
AGENT index=27 mig=fafc828a exit=0 wall_ms=55662 text=178df8f18d21f57e role=child prefix_tokens=14282 suffix_tokens=21 model_ms=3821.9 context_ms=277.9 state_ms=860.55 prefix_ms=0.0 suffix_ms=1153.1 first_token_ms=7294.2 generation_ms=47892.2 generated=64 generation_tps=1.336
AGENT index=28 mig=31ffbfe4 exit=0 wall_ms=81406 text=15c67d79a860da75 role=child prefix_tokens=14282 suffix_tokens=20 model_ms=4273.9 context_ms=135.9 state_ms=778.81 prefix_ms=0.0 suffix_ms=2125.2 first_token_ms=8444.9 generation_ms=72377.0 generated=64 generation_tps=0.884
AGENT index=29 mig=fafc828a exit=0 wall_ms=54430 text=a72f71cd80731afe role=child prefix_tokens=14282 suffix_tokens=22 model_ms=3302.5 context_ms=184.1 state_ms=436.32 prefix_ms=0.0 suffix_ms=934.3 first_token_ms=6002.6 generation_ms=48034.7 generated=64 generation_tps=1.332
AGENT index=30 mig=31ffbfe4 exit=0 wall_ms=81296 text=317f6f38771a1e41 role=child prefix_tokens=14282 suffix_tokens=20 model_ms=4014.4 context_ms=240.3 state_ms=790.80 prefix_ms=0.0 suffix_ms=1972.8 first_token_ms=8172.7 generation_ms=72578.0 generated=64 generation_tps=0.882
AGENT index=31 mig=fafc828a exit=0 wall_ms=55851 text=d52293b0dc058085 role=child prefix_tokens=14282 suffix_tokens=22 model_ms=3962.4 context_ms=300.8 state_ms=1058.62 prefix_ms=0.0 suffix_ms=1410.0 first_token_ms=7976.6 generation_ms=47450.4 generated=64 generation_tps=1.349
MEMORY mem_available_drop_mib=51413 mem_available_before_mib=120130 mem_free_before_mib=46120 pss_anon_mib=7309 pss_file_mib=5246 pss_shmem_mib=1862 device_mib=41056 samples=9
END_CASE failed_agents=0 wall_ms=81775
CASE mode=kv agents=1
AGENT index=0 mig=31ffbfe4 exit=0 wall_ms=5693 text=4605b6e04b2228eb role=child prefix_tokens=14282 suffix_tokens=27 model_ms=1168.9 context_ms=26.6 state_ms=6.12 prefix_ms=0.0 suffix_ms=143.0 first_token_ms=1381.3 generation_ms=3900.8 generated=64 generation_tps=16.407
MEMORY mem_available_drop_mib=5268 mem_available_before_mib=120144 mem_free_before_mib=46134 pss_anon_mib=230 pss_file_mib=97 pss_shmem_mib=1131 device_mib=4550 samples=1
END_CASE failed_agents=0 wall_ms=5729
CASE mode=kv agents=2
AGENT index=0 mig=31ffbfe4 exit=0 wall_ms=6261 text=4605b6e04b2228eb role=child prefix_tokens=14282 suffix_tokens=27 model_ms=1355.2 context_ms=26.8 state_ms=6.55 prefix_ms=0.0 suffix_ms=155.2 first_token_ms=1638.7 generation_ms=4214.9 generated=64 generation_tps=15.184
AGENT index=1 mig=fafc828a exit=0 wall_ms=4821 text=a5af93194a2d1ced role=child prefix_tokens=14282 suffix_tokens=22 model_ms=1253.6 context_ms=26.4 state_ms=6.08 prefix_ms=0.0 suffix_ms=99.9 first_token_ms=1478.3 generation_ms=2910.8 generated=64 generation_tps=21.987
MEMORY mem_available_drop_mib=10463 mem_available_before_mib=119826 mem_free_before_mib=45816 pss_anon_mib=460 pss_file_mib=119 pss_shmem_mib=1482 device_mib=9114 samples=1
END_CASE failed_agents=0 wall_ms=6302
CASE mode=kv agents=4
AGENT index=0 mig=31ffbfe4 exit=0 wall_ms=11584 text=4605b6e04b2228eb role=child prefix_tokens=14282 suffix_tokens=27 model_ms=1667.0 context_ms=27.1 state_ms=6.30 prefix_ms=0.0 suffix_ms=292.9 first_token_ms=2156.3 generation_ms=8940.2 generated=64 generation_tps=7.159
AGENT index=1 mig=fafc828a exit=0 wall_ms=8529 text=a5af93194a2d1ced role=child prefix_tokens=14282 suffix_tokens=22 model_ms=1623.3 context_ms=28.2 state_ms=6.19 prefix_ms=0.0 suffix_ms=182.0 first_token_ms=2005.8 generation_ms=6079.0 generated=64 generation_tps=10.528
AGENT index=2 mig=31ffbfe4 exit=0 wall_ms=11505 text=37e5f08e6279aa62 role=child prefix_tokens=14282 suffix_tokens=24 model_ms=1631.7 context_ms=29.4 state_ms=6.16 prefix_ms=0.0 suffix_ms=235.9 first_token_ms=2068.6 generation_ms=8974.1 generated=64 generation_tps=7.132
AGENT index=3 mig=fafc828a exit=0 wall_ms=8476 text=5e1ac569aa8b0faf role=child prefix_tokens=14282 suffix_tokens=32 model_ms=1537.4 context_ms=28.1 state_ms=6.15 prefix_ms=0.0 suffix_ms=116.6 first_token_ms=1847.8 generation_ms=6122.2 generated=64 generation_tps=10.454
MEMORY mem_available_drop_mib=20911 mem_available_before_mib=119870 mem_free_before_mib=45860 pss_anon_mib=984 pss_file_mib=161 pss_shmem_mib=2183 device_mib=18228 samples=2
END_CASE failed_agents=0 wall_ms=11639
CASE mode=kv agents=8
AGENT index=0 mig=31ffbfe4 exit=0 wall_ms=16736 text=4605b6e04b2228eb role=child prefix_tokens=14282 suffix_tokens=27 model_ms=1431.7 context_ms=32.8 state_ms=6.47 prefix_ms=0.0 suffix_ms=213.1 first_token_ms=1934.0 generation_ms=14422.4 generated=64 generation_tps=4.438
AGENT index=1 mig=fafc828a exit=0 wall_ms=14520 text=a5af93194a2d1ced role=child prefix_tokens=14282 suffix_tokens=22 model_ms=2048.6 context_ms=31.5 state_ms=6.30 prefix_ms=0.0 suffix_ms=146.7 first_token_ms=2537.5 generation_ms=11590.5 generated=64 generation_tps=5.522
AGENT index=2 mig=31ffbfe4 exit=0 wall_ms=20443 text=37e5f08e6279aa62 role=child prefix_tokens=14282 suffix_tokens=24 model_ms=3165.6 context_ms=29.7 state_ms=6.34 prefix_ms=0.0 suffix_ms=334.3 first_token_ms=3811.2 generation_ms=16250.4 generated=64 generation_tps=3.938
AGENT index=3 mig=fafc828a exit=0 wall_ms=15907 text=5e1ac569aa8b0faf role=child prefix_tokens=14282 suffix_tokens=32 model_ms=2457.0 context_ms=40.8 state_ms=6.67 prefix_ms=0.0 suffix_ms=413.3 first_token_ms=3227.8 generation_ms=12076.6 generated=64 generation_tps=5.300
AGENT index=4 mig=31ffbfe4 exit=0 wall_ms=21330 text=6e3d8f07cfceb082 role=child prefix_tokens=14282 suffix_tokens=23 model_ms=4127.6 context_ms=27.9 state_ms=6.15 prefix_ms=0.0 suffix_ms=572.4 first_token_ms=5039.6 generation_ms=15780.8 generated=64 generation_tps=4.056
AGENT index=5 mig=fafc828a exit=0 wall_ms=15854 text=47179dd0dcd49eb0 role=child prefix_tokens=14282 suffix_tokens=26 model_ms=2450.5 context_ms=41.1 state_ms=5.99 prefix_ms=0.0 suffix_ms=414.6 first_token_ms=3224.6 generation_ms=12067.0 generated=64 generation_tps=5.304
AGENT index=6 mig=31ffbfe4 exit=0 wall_ms=21230 text=f88f503d1005fa22 role=child prefix_tokens=14282 suffix_tokens=21 model_ms=3965.7 context_ms=28.7 state_ms=6.42 prefix_ms=0.0 suffix_ms=525.4 first_token_ms=4830.8 generation_ms=15934.6 generated=64 generation_tps=4.016
AGENT index=7 mig=fafc828a exit=0 wall_ms=15800 text=f9c832b7cad1a509 role=child prefix_tokens=14282 suffix_tokens=31 model_ms=2453.2 context_ms=39.8 state_ms=6.37 prefix_ms=0.0 suffix_ms=400.3 first_token_ms=3205.7 generation_ms=12065.2 generated=64 generation_tps=5.305
MEMORY mem_available_drop_mib=41900 mem_available_before_mib=120106 mem_free_before_mib=46095 pss_anon_mib=1923 pss_file_mib=245 pss_shmem_mib=3585 device_mib=36456 samples=3
END_CASE failed_agents=0 wall_ms=21415
CASE mode=kv agents=12
AGENT index=0 mig=31ffbfe4 exit=0 wall_ms=31923 text=4605b6e04b2228eb role=child prefix_tokens=14282 suffix_tokens=27 model_ms=4689.7 context_ms=45.6 state_ms=6.49 prefix_ms=0.0 suffix_ms=701.5 first_token_ms=5890.9 generation_ms=25234.6 generated=64 generation_tps=2.536
AGENT index=1 mig=fafc828a exit=0 wall_ms=23315 text=a5af93194a2d1ced role=child prefix_tokens=14282 suffix_tokens=22 model_ms=3530.2 context_ms=36.2 state_ms=6.72 prefix_ms=0.0 suffix_ms=506.8 first_token_ms=4524.4 generation_ms=18193.0 generated=64 generation_tps=3.518
AGENT index=2 mig=31ffbfe4 exit=0 wall_ms=23363 text=37e5f08e6279aa62 role=child prefix_tokens=14282 suffix_tokens=24 model_ms=1926.0 context_ms=40.1 state_ms=6.56 prefix_ms=0.0 suffix_ms=235.7 first_token_ms=2576.8 generation_ms=20020.1 generated=64 generation_tps=3.197
AGENT index=3 mig=fafc828a exit=0 wall_ms=23514 text=5e1ac569aa8b0faf role=child prefix_tokens=14282 suffix_tokens=32 model_ms=3600.9 context_ms=32.5 state_ms=6.76 prefix_ms=0.0 suffix_ms=626.1 first_token_ms=4724.6 generation_ms=18089.6 generated=64 generation_tps=3.538
AGENT index=4 mig=31ffbfe4 exit=0 wall_ms=31767 text=6e3d8f07cfceb082 role=child prefix_tokens=14282 suffix_tokens=23 model_ms=4684.5 context_ms=46.4 state_ms=6.14 prefix_ms=0.0 suffix_ms=678.3 first_token_ms=5860.5 generation_ms=25226.5 generated=64 generation_tps=2.537
AGENT index=5 mig=fafc828a exit=0 wall_ms=21793 text=47179dd0dcd49eb0 role=child prefix_tokens=14282 suffix_tokens=26 model_ms=2869.2 context_ms=32.8 state_ms=6.76 prefix_ms=0.0 suffix_ms=189.7 first_token_ms=3566.9 generation_ms=17812.2 generated=64 generation_tps=3.593
AGENT index=6 mig=31ffbfe4 exit=0 wall_ms=31739 text=f88f503d1005fa22 role=child prefix_tokens=14282 suffix_tokens=21 model_ms=4660.8 context_ms=46.2 state_ms=6.22 prefix_ms=0.0 suffix_ms=695.1 first_token_ms=5875.1 generation_ms=25208.2 generated=64 generation_tps=2.539
AGENT index=7 mig=fafc828a exit=0 wall_ms=22354 text=f9c832b7cad1a509 role=child prefix_tokens=14282 suffix_tokens=31 model_ms=3056.7 context_ms=29.4 state_ms=6.31 prefix_ms=0.0 suffix_ms=265.8 first_token_ms=3797.9 generation_ms=18151.3 generated=64 generation_tps=3.526
AGENT index=8 mig=31ffbfe4 exit=0 wall_ms=31911 text=a3c806a5411bc6e6 role=child prefix_tokens=14282 suffix_tokens=18 model_ms=5415.5 context_ms=30.0 state_ms=6.38 prefix_ms=0.0 suffix_ms=857.5 first_token_ms=6762.2 generation_ms=24483.7 generated=64 generation_tps=2.614
AGENT index=9 mig=fafc828a exit=0 wall_ms=23453 text=a2d016def74ecc62 role=child prefix_tokens=14282 suffix_tokens=18 model_ms=3558.3 context_ms=31.2 state_ms=6.70 prefix_ms=0.0 suffix_ms=540.1 first_token_ms=4582.3 generation_ms=18202.4 generated=64 generation_tps=3.516
AGENT index=10 mig=31ffbfe4 exit=0 wall_ms=31855 text=a733f3a39259263c role=child prefix_tokens=14282 suffix_tokens=18 model_ms=4668.2 context_ms=42.2 state_ms=6.37 prefix_ms=0.0 suffix_ms=690.6 first_token_ms=5857.5 generation_ms=25238.1 generated=64 generation_tps=2.536
AGENT index=11 mig=fafc828a exit=0 wall_ms=23398 text=ad0d6edf343e5e28 role=child prefix_tokens=14282 suffix_tokens=22 model_ms=3497.2 context_ms=36.4 state_ms=6.49 prefix_ms=0.0 suffix_ms=515.1 first_token_ms=4515.4 generation_ms=18235.6 generated=64 generation_tps=3.510
MEMORY mem_available_drop_mib=62830 mem_available_before_mib=120086 mem_free_before_mib=46075 pss_anon_mib=2892 pss_file_mib=328 pss_shmem_mib=4987 device_mib=54684 samples=5
END_CASE failed_agents=0 wall_ms=32022
CASE mode=none agents=1
AGENT index=0 mig=31ffbfe4 exit=0 wall_ms=5572 text=4605b6e04b2228eb role=child prefix_tokens=14282 suffix_tokens=27 model_ms=1149.8 context_ms=38.0 state_ms=113.14 prefix_ms=0.0 suffix_ms=141.4 first_token_ms=1478.4 generation_ms=3695.5 generated=64 generation_tps=17.318
MEMORY mem_available_drop_mib=6159 mem_available_before_mib=120152 mem_free_before_mib=46140 pss_anon_mib=227 pss_file_mib=97 pss_shmem_mib=350 device_mib=5446 samples=1
END_CASE failed_agents=0 wall_ms=5608
CASE mode=none agents=2
AGENT index=0 mig=31ffbfe4 exit=0 wall_ms=6193 text=4605b6e04b2228eb role=child prefix_tokens=14282 suffix_tokens=27 model_ms=1353.3 context_ms=39.3 state_ms=120.00 prefix_ms=0.0 suffix_ms=149.6 first_token_ms=1734.3 generation_ms=4070.6 generated=64 generation_tps=15.722
AGENT index=1 mig=fafc828a exit=0 wall_ms=4898 text=a5af93194a2d1ced role=child prefix_tokens=14282 suffix_tokens=22 model_ms=1257.3 context_ms=37.3 state_ms=176.89 prefix_ms=0.0 suffix_ms=99.0 first_token_ms=1662.1 generation_ms=2847.7 generated=64 generation_tps=22.474
MEMORY mem_available_drop_mib=12284 mem_available_before_mib=119840 mem_free_before_mib=45827 pss_anon_mib=455 pss_file_mib=119 pss_shmem_mib=701 device_mib=10906 samples=1
END_CASE failed_agents=0 wall_ms=6235
CASE mode=none agents=4
AGENT index=0 mig=31ffbfe4 exit=0 wall_ms=11059 text=4605b6e04b2228eb role=child prefix_tokens=14282 suffix_tokens=27 model_ms=1544.8 context_ms=40.2 state_ms=134.52 prefix_ms=0.0 suffix_ms=185.2 first_token_ms=2038.4 generation_ms=8607.5 generated=64 generation_tps=7.435
AGENT index=1 mig=fafc828a exit=0 wall_ms=8483 text=a5af93194a2d1ced role=child prefix_tokens=14282 suffix_tokens=22 model_ms=1665.4 context_ms=45.6 state_ms=146.63 prefix_ms=0.0 suffix_ms=180.0 first_token_ms=2201.4 generation_ms=5887.7 generated=64 generation_tps=10.870
AGENT index=2 mig=31ffbfe4 exit=0 wall_ms=11128 text=37e5f08e6279aa62 role=child prefix_tokens=14282 suffix_tokens=24 model_ms=1668.9 context_ms=50.1 state_ms=160.45 prefix_ms=0.0 suffix_ms=257.9 first_token_ms=2299.1 generation_ms=8481.7 generated=64 generation_tps=7.546
AGENT index=3 mig=fafc828a exit=0 wall_ms=8454 text=5e1ac569aa8b0faf role=child prefix_tokens=14282 suffix_tokens=32 model_ms=1556.5 context_ms=39.5 state_ms=135.17 prefix_ms=0.0 suffix_ms=135.8 first_token_ms=2028.7 generation_ms=5940.2 generated=64 generation_tps=10.774
MEMORY mem_available_drop_mib=24457 mem_available_before_mib=119764 mem_free_before_mib=45752 pss_anon_mib=912 pss_file_mib=162 pss_shmem_mib=1402 device_mib=21812 samples=2
END_CASE failed_agents=0 wall_ms=11186
CASE mode=none agents=8
AGENT index=0 mig=31ffbfe4 exit=0 wall_ms=16439 text=4605b6e04b2228eb role=child prefix_tokens=14282 suffix_tokens=27 model_ms=1433.1 context_ms=46.5 state_ms=189.50 prefix_ms=0.0 suffix_ms=210.8 first_token_ms=2105.6 generation_ms=13916.0 generated=64 generation_tps=4.599
AGENT index=1 mig=fafc828a exit=0 wall_ms=15658 text=a5af93194a2d1ced role=child prefix_tokens=14282 suffix_tokens=22 model_ms=2244.8 context_ms=53.1 state_ms=193.71 prefix_ms=0.0 suffix_ms=371.7 first_token_ms=3165.0 generation_ms=11942.3 generated=64 generation_tps=5.359
AGENT index=2 mig=31ffbfe4 exit=0 wall_ms=20686 text=37e5f08e6279aa62 role=child prefix_tokens=14282 suffix_tokens=24 model_ms=3461.1 context_ms=46.2 state_ms=297.98 prefix_ms=0.0 suffix_ms=509.6 first_token_ms=4582.6 generation_ms=15645.4 generated=64 generation_tps=4.091
AGENT index=3 mig=fafc828a exit=0 wall_ms=15704 text=5e1ac569aa8b0faf role=child prefix_tokens=14282 suffix_tokens=32 model_ms=2216.5 context_ms=62.8 state_ms=192.30 prefix_ms=0.0 suffix_ms=399.4 first_token_ms=3181.9 generation_ms=11938.8 generated=64 generation_tps=5.361
AGENT index=4 mig=31ffbfe4 exit=0 wall_ms=20711 text=6e3d8f07cfceb082 role=child prefix_tokens=14282 suffix_tokens=23 model_ms=3512.3 context_ms=55.2 state_ms=301.81 prefix_ms=0.0 suffix_ms=554.2 first_token_ms=4738.0 generation_ms=15530.0 generated=64 generation_tps=4.121
AGENT index=5 mig=fafc828a exit=0 wall_ms=15079 text=47179dd0dcd49eb0 role=child prefix_tokens=14282 suffix_tokens=26 model_ms=2063.0 context_ms=46.2 state_ms=158.65 prefix_ms=0.0 suffix_ms=185.1 first_token_ms=2753.8 generation_ms=11895.4 generated=64 generation_tps=5.380
AGENT index=6 mig=31ffbfe4 exit=0 wall_ms=20581 text=f88f503d1005fa22 role=child prefix_tokens=14282 suffix_tokens=21 model_ms=3251.0 context_ms=50.9 state_ms=299.07 prefix_ms=0.0 suffix_ms=387.9 first_token_ms=4292.0 generation_ms=15797.0 generated=64 generation_tps=4.051
AGENT index=7 mig=fafc828a exit=0 wall_ms=15749 text=f9c832b7cad1a509 role=child prefix_tokens=14282 suffix_tokens=31 model_ms=2240.5 context_ms=54.4 state_ms=193.99 prefix_ms=0.0 suffix_ms=425.6 first_token_ms=3219.8 generation_ms=11915.7 generated=64 generation_tps=5.371
MEMORY mem_available_drop_mib=48879 mem_available_before_mib=119842 mem_free_before_mib=45828 pss_anon_mib=1830 pss_file_mib=245 pss_shmem_mib=2804 device_mib=43624 samples=4
END_CASE failed_agents=0 wall_ms=20793
CASE mode=none agents=12
AGENT index=0 mig=31ffbfe4 exit=0 wall_ms=31181 text=4605b6e04b2228eb role=child prefix_tokens=14282 suffix_tokens=27 model_ms=3124.1 context_ms=104.6 state_ms=229.27 prefix_ms=0.0 suffix_ms=611.9 first_token_ms=4506.6 generation_ms=25892.8 generated=64 generation_tps=2.472
AGENT index=1 mig=fafc828a exit=0 wall_ms=22308 text=a5af93194a2d1ced role=child prefix_tokens=14282 suffix_tokens=22 model_ms=2957.9 context_ms=68.8 state_ms=183.21 prefix_ms=0.0 suffix_ms=312.3 first_token_ms=3956.0 generation_ms=17823.4 generated=64 generation_tps=3.591
AGENT index=2 mig=31ffbfe4 exit=0 wall_ms=31126 text=37e5f08e6279aa62 role=child prefix_tokens=14282 suffix_tokens=24 model_ms=3105.3 context_ms=100.1 state_ms=234.53 prefix_ms=0.0 suffix_ms=511.7 first_token_ms=4394.2 generation_ms=25949.4 generated=64 generation_tps=2.466
AGENT index=3 mig=fafc828a exit=0 wall_ms=22331 text=5e1ac569aa8b0faf role=child prefix_tokens=14282 suffix_tokens=32 model_ms=2948.4 context_ms=63.9 state_ms=184.90 prefix_ms=0.0 suffix_ms=344.6 first_token_ms=3984.3 generation_ms=17869.2 generated=64 generation_tps=3.582
AGENT index=4 mig=31ffbfe4 exit=0 wall_ms=31274 text=6e3d8f07cfceb082 role=child prefix_tokens=14282 suffix_tokens=23 model_ms=3249.4 context_ms=83.0 state_ms=294.49 prefix_ms=0.0 suffix_ms=749.0 first_token_ms=4829.3 generation_ms=25743.4 generated=64 generation_tps=2.486
AGENT index=5 mig=fafc828a exit=0 wall_ms=23022 text=47179dd0dcd49eb0 role=child prefix_tokens=14282 suffix_tokens=26 model_ms=3094.0 context_ms=102.9 state_ms=312.27 prefix_ms=0.0 suffix_ms=564.0 first_token_ms=4518.1 generation_ms=17832.7 generated=64 generation_tps=3.589
AGENT index=6 mig=31ffbfe4 exit=0 wall_ms=31121 text=f88f503d1005fa22 role=child prefix_tokens=14282 suffix_tokens=21 model_ms=3101.4 context_ms=101.7 state_ms=233.44 prefix_ms=0.0 suffix_ms=468.0 first_token_ms=4350.6 generation_ms=25959.8 generated=64 generation_tps=2.465
AGENT index=7 mig=fafc828a exit=0 wall_ms=22993 text=f9c832b7cad1a509 role=child prefix_tokens=14282 suffix_tokens=31 model_ms=3108.8 context_ms=99.1 state_ms=326.49 prefix_ms=0.0 suffix_ms=552.5 first_token_ms=4529.3 generation_ms=17836.5 generated=64 generation_tps=3.588
AGENT index=8 mig=31ffbfe4 exit=0 wall_ms=31269 text=a3c806a5411bc6e6 role=child prefix_tokens=14282 suffix_tokens=18 model_ms=3242.6 context_ms=86.9 state_ms=290.42 prefix_ms=0.0 suffix_ms=755.4 first_token_ms=4839.2 generation_ms=25732.5 generated=64 generation_tps=2.487
AGENT index=9 mig=fafc828a exit=0 wall_ms=23064 text=a2d016def74ecc62 role=child prefix_tokens=14282 suffix_tokens=18 model_ms=3245.1 context_ms=83.8 state_ms=292.51 prefix_ms=0.0 suffix_ms=570.6 first_token_ms=4640.0 generation_ms=17745.5 generated=64 generation_tps=3.607
AGENT index=10 mig=31ffbfe4 exit=0 wall_ms=31213 text=a733f3a39259263c role=child prefix_tokens=14282 suffix_tokens=18 model_ms=3249.1 context_ms=94.4 state_ms=312.09 prefix_ms=0.0 suffix_ms=739.3 first_token_ms=4844.1 generation_ms=25726.6 generated=64 generation_tps=2.488
AGENT index=11 mig=fafc828a exit=0 wall_ms=22861 text=ad0d6edf343e5e28 role=child prefix_tokens=14282 suffix_tokens=22 model_ms=3076.6 context_ms=110.7 state_ms=328.24 prefix_ms=0.0 suffix_ms=483.1 first_token_ms=4453.0 generation_ms=17842.1 generated=64 generation_tps=3.587
MEMORY mem_available_drop_mib=73567 mem_available_before_mib=120081 mem_free_before_mib=46067 pss_anon_mib=2739 pss_file_mib=328 pss_shmem_mib=4206 device_mib=65436 samples=5
END_CASE failed_agents=0 wall_ms=31380
END_KVSTACK
