BEGIN_KVSTACK run=1 context=16384 publisher_mig=fafc828a mem_free_mib=61807 kernel_reclaimable_mib=55392
PUBLISH store=stock prefix_tokens=14282 prefix_ms=16891.7 publish_ms=500.44 state_bytes=819216229
PUBLISH store=device prefix_tokens=14282 prefix_ms=16981.7 publish_ms=499.78 state_bytes=819216229
PUBLISH store=huge prefix_tokens=14282 prefix_ms=17026.0 publish_ms=8.24 state_bytes=229221 file_used_kib=802816
CASE mode=none agents=16
AGENT index=0 mig=fafc828a exit=0 wall_ms=22201 text=bb92e4befc7eddec role=child prefix_tokens=14282 suffix_tokens=27 model_ms=2158.8 context_ms=523.0 state_ms=417.32 prefix_ms=0.0 suffix_ms=299.5 first_token_ms=3881.2 generation_ms=17871.5 generated=64 generation_tps=3.581
AGENT index=1 mig=31ffbfe4 exit=0 wall_ms=40553 text=a8d47b5298abb2fc role=child prefix_tokens=14282 suffix_tokens=22 model_ms=4051.8 context_ms=77.8 state_ms=189.62 prefix_ms=0.0 suffix_ms=445.8 first_token_ms=5324.1 generation_ms=34859.9 generated=64 generation_tps=1.836
AGENT index=2 mig=fafc828a exit=0 wall_ms=23308 text=abfd4eb3fb8ebdd8 role=child prefix_tokens=14282 suffix_tokens=24 model_ms=2708.4 context_ms=102.6 state_ms=608.15 prefix_ms=0.0 suffix_ms=325.9 first_token_ms=4326.7 generation_ms=18569.3 generated=64 generation_tps=3.447
AGENT index=3 mig=31ffbfe4 exit=0 wall_ms=41974 text=077e38d3762a4e5d role=child prefix_tokens=14282 suffix_tokens=32 model_ms=4222.3 context_ms=170.7 state_ms=283.82 prefix_ms=0.0 suffix_ms=1090.9 first_token_ms=6377.3 generation_ms=34565.2 generated=64 generation_tps=1.852
AGENT index=4 mig=fafc828a exit=0 wall_ms=29727 text=16f8c0610a09645d role=child prefix_tokens=14282 suffix_tokens=23 model_ms=6288.4 context_ms=82.4 state_ms=545.47 prefix_ms=0.0 suffix_ms=639.0 first_token_ms=8158.4 generation_ms=21058.6 generated=64 generation_tps=3.039
AGENT index=5 mig=31ffbfe4 exit=0 wall_ms=41893 text=ff4188d71e02bfdb role=child prefix_tokens=14282 suffix_tokens=26 model_ms=4117.0 context_ms=254.6 state_ms=298.04 prefix_ms=0.0 suffix_ms=1123.4 first_token_ms=6382.3 generation_ms=34559.5 generated=64 generation_tps=1.852
AGENT index=6 mig=fafc828a exit=0 wall_ms=30146 text=f88f503d1005fa22 role=child prefix_tokens=14282 suffix_tokens=21 model_ms=8753.9 context_ms=94.5 state_ms=740.11 prefix_ms=0.0 suffix_ms=745.7 first_token_ms=10921.9 generation_ms=18818.4 generated=64 generation_tps=3.401
AGENT index=7 mig=31ffbfe4 exit=0 wall_ms=41943 text=f9c832b7cad1a509 role=child prefix_tokens=14282 suffix_tokens=31 model_ms=4226.1 context_ms=184.0 state_ms=291.32 prefix_ms=0.0 suffix_ms=1107.8 first_token_ms=6381.7 generation_ms=34564.5 generated=64 generation_tps=1.852
AGENT index=8 mig=fafc828a exit=0 wall_ms=29496 text=ae3f57b141780268 role=child prefix_tokens=14282 suffix_tokens=18 model_ms=6038.6 context_ms=82.8 state_ms=436.60 prefix_ms=0.0 suffix_ms=497.1 first_token_ms=7624.9 generation_ms=21327.4 generated=64 generation_tps=3.001
AGENT index=9 mig=31ffbfe4 exit=0 wall_ms=41723 text=a2d016def74ecc62 role=child prefix_tokens=14282 suffix_tokens=18 model_ms=4096.5 context_ms=245.4 state_ms=295.92 prefix_ms=0.0 suffix_ms=997.0 first_token_ms=6231.2 generation_ms=34622.9 generated=64 generation_tps=1.848
AGENT index=10 mig=fafc828a exit=0 wall_ms=29942 text=a733f3a39259263c role=child prefix_tokens=14282 suffix_tokens=18 model_ms=6923.5 context_ms=87.8 state_ms=618.83 prefix_ms=0.0 suffix_ms=660.4 first_token_ms=8861.2 generation_ms=20574.2 generated=64 generation_tps=3.111
AGENT index=11 mig=31ffbfe4 exit=0 wall_ms=41752 text=087278665f3dec68 role=child prefix_tokens=14282 suffix_tokens=22 model_ms=4182.9 context_ms=178.7 state_ms=290.27 prefix_ms=0.0 suffix_ms=1043.0 first_token_ms=6293.4 generation_ms=34566.3 generated=64 generation_tps=1.852
AGENT index=12 mig=fafc828a exit=0 wall_ms=28887 text=2c93819fe85df763 role=child prefix_tokens=14282 suffix_tokens=21 model_ms=5631.8 context_ms=74.0 state_ms=329.27 prefix_ms=0.0 suffix_ms=451.8 first_token_ms=7089.2 generation_ms=21401.9 generated=64 generation_tps=2.990
AGENT index=13 mig=31ffbfe4 exit=0 wall_ms=41803 text=5d483815f91685a6 role=child prefix_tokens=14282 suffix_tokens=31 model_ms=4135.8 context_ms=205.7 state_ms=300.68 prefix_ms=0.0 suffix_ms=1137.0 first_token_ms=6375.5 generation_ms=34562.5 generated=64 generation_tps=1.852
AGENT index=14 mig=fafc828a exit=0 wall_ms=28558 text=3f33f20708943e2f role=child prefix_tokens=14282 suffix_tokens=21 model_ms=5510.6 context_ms=69.5 state_ms=298.60 prefix_ms=0.0 suffix_ms=404.2 first_token_ms=6863.3 generation_ms=21256.0 generated=64 generation_tps=3.011
AGENT index=15 mig=31ffbfe4 exit=0 wall_ms=41901 text=0502c45076359254 role=child prefix_tokens=14282 suffix_tokens=26 model_ms=4070.4 context_ms=229.9 state_ms=317.69 prefix_ms=0.0 suffix_ms=1096.8 first_token_ms=6312.5 generation_ms=34587.4 generated=64 generation_tps=1.850
MEMORY mem_available_drop_mib=98000 mem_available_before_mib=120215 mem_free_before_mib=59102 pss_anon_mib=3639 pss_file_mib=406 pss_shmem_mib=5609 device_mib=87248 samples=5
END_CASE failed_agents=0 wall_ms=42097
CASE mode=kv agents=19
AGENT index=0 mig=fafc828a exit=0 wall_ms=36792 text=bb92e4befc7eddec role=child prefix_tokens=14282 suffix_tokens=27 model_ms=4857.9 context_ms=36.0 state_ms=6.26 prefix_ms=0.0 suffix_ms=669.5 first_token_ms=6267.2 generation_ms=29891.5 generated=64 generation_tps=2.141
AGENT index=1 mig=31ffbfe4 exit=0 wall_ms=47162 text=a8d47b5298abb2fc role=child prefix_tokens=14282 suffix_tokens=22 model_ms=6344.0 context_ms=34.7 state_ms=6.55 prefix_ms=0.0 suffix_ms=769.3 first_token_ms=7861.2 generation_ms=38765.4 generated=64 generation_tps=1.651
AGENT index=2 mig=fafc828a exit=0 wall_ms=37739 text=abfd4eb3fb8ebdd8 role=child prefix_tokens=14282 suffix_tokens=24 model_ms=6738.6 context_ms=33.7 state_ms=6.10 prefix_ms=0.0 suffix_ms=743.9 first_token_ms=8216.4 generation_ms=28909.3 generated=64 generation_tps=2.214
AGENT index=3 mig=31ffbfe4 exit=0 wall_ms=45875 text=077e38d3762a4e5d role=child prefix_tokens=14282 suffix_tokens=32 model_ms=5038.2 context_ms=35.6 state_ms=6.19 prefix_ms=0.0 suffix_ms=663.8 first_token_ms=6464.3 generation_ms=38861.3 generated=64 generation_tps=1.647
AGENT index=4 mig=fafc828a exit=0 wall_ms=36367 text=16f8c0610a09645d role=child prefix_tokens=14282 suffix_tokens=23 model_ms=4678.0 context_ms=46.3 state_ms=14.65 prefix_ms=0.0 suffix_ms=520.6 first_token_ms=5923.7 generation_ms=29753.7 generated=64 generation_tps=2.151
AGENT index=5 mig=31ffbfe4 exit=0 wall_ms=43328 text=ff4188d71e02bfdb role=child prefix_tokens=14282 suffix_tokens=26 model_ms=4093.2 context_ms=45.6 state_ms=6.88 prefix_ms=0.0 suffix_ms=337.8 first_token_ms=5183.0 generation_ms=37685.5 generated=64 generation_tps=1.698
AGENT index=6 mig=fafc828a exit=0 wall_ms=36561 text=f88f503d1005fa22 role=child prefix_tokens=14282 suffix_tokens=21 model_ms=4609.6 context_ms=45.3 state_ms=7.34 prefix_ms=0.0 suffix_ms=492.5 first_token_ms=5898.5 generation_ms=29859.4 generated=64 generation_tps=2.143
AGENT index=7 mig=31ffbfe4 exit=0 wall_ms=48438 text=f9c832b7cad1a509 role=child prefix_tokens=14282 suffix_tokens=31 model_ms=10007.8 context_ms=33.0 state_ms=6.25 prefix_ms=0.0 suffix_ms=1360.3 first_token_ms=12105.0 generation_ms=35811.2 generated=64 generation_tps=1.787
AGENT index=8 mig=fafc828a exit=0 wall_ms=35829 text=ae3f57b141780268 role=child prefix_tokens=14282 suffix_tokens=18 model_ms=4570.5 context_ms=49.9 state_ms=6.64 prefix_ms=0.0 suffix_ms=268.9 first_token_ms=5577.5 generation_ms=29651.1 generated=64 generation_tps=2.158
AGENT index=9 mig=31ffbfe4 exit=0 wall_ms=48385 text=a2d016def74ecc62 role=child prefix_tokens=14282 suffix_tokens=18 model_ms=9042.9 context_ms=34.5 state_ms=6.55 prefix_ms=0.0 suffix_ms=1172.3 first_token_ms=10949.8 generation_ms=36846.8 generated=64 generation_tps=1.737
AGENT index=10 mig=fafc828a exit=0 wall_ms=36579 text=a733f3a39259263c role=child prefix_tokens=14282 suffix_tokens=18 model_ms=4722.9 context_ms=38.0 state_ms=6.06 prefix_ms=0.0 suffix_ms=518.1 first_token_ms=5996.1 generation_ms=29878.2 generated=64 generation_tps=2.142
AGENT index=11 mig=31ffbfe4 exit=0 wall_ms=45714 text=087278665f3dec68 role=child prefix_tokens=14282 suffix_tokens=22 model_ms=4986.0 context_ms=37.8 state_ms=6.74 prefix_ms=0.0 suffix_ms=575.8 first_token_ms=6319.4 generation_ms=38825.2 generated=64 generation_tps=1.648
AGENT index=12 mig=fafc828a exit=0 wall_ms=35874 text=2c93819fe85df763 role=child prefix_tokens=14282 suffix_tokens=21 model_ms=4498.2 context_ms=54.4 state_ms=6.56 prefix_ms=0.0 suffix_ms=310.7 first_token_ms=5576.4 generation_ms=29634.1 generated=64 generation_tps=2.160
AGENT index=13 mig=31ffbfe4 exit=0 wall_ms=48232 text=5d483815f91685a6 role=child prefix_tokens=14282 suffix_tokens=31 model_ms=8084.8 context_ms=35.7 state_ms=6.19 prefix_ms=0.0 suffix_ms=1054.7 first_token_ms=9886.2 generation_ms=37691.1 generated=64 generation_tps=1.698
AGENT index=14 mig=fafc828a exit=0 wall_ms=38155 text=3f33f20708943e2f role=child prefix_tokens=14282 suffix_tokens=21 model_ms=8314.0 context_ms=34.0 state_ms=5.89 prefix_ms=0.0 suffix_ms=859.3 first_token_ms=9926.4 generation_ms=27676.0 generated=64 generation_tps=2.312
AGENT index=15 mig=31ffbfe4 exit=0 wall_ms=47528 text=0502c45076359254 role=child prefix_tokens=14282 suffix_tokens=26 model_ms=7023.9 context_ms=34.3 state_ms=6.24 prefix_ms=0.0 suffix_ms=910.1 first_token_ms=8663.7 generation_ms=38369.6 generated=64 generation_tps=1.668
AGENT index=16 mig=fafc828a exit=0 wall_ms=37614 text=0ebc8757605c5571 role=child prefix_tokens=14282 suffix_tokens=25 model_ms=6163.7 context_ms=34.9 state_ms=6.10 prefix_ms=0.0 suffix_ms=792.4 first_token_ms=7729.1 generation_ms=29307.8 generated=64 generation_tps=2.184
AGENT index=17 mig=31ffbfe4 exit=0 wall_ms=43983 text=5d7dbcf0a7eca76c role=child prefix_tokens=14282 suffix_tokens=22 model_ms=4209.0 context_ms=40.9 state_ms=6.53 prefix_ms=0.0 suffix_ms=445.3 first_token_ms=5423.3 generation_ms=38055.6 generated=64 generation_tps=1.682
AGENT index=18 mig=fafc828a exit=0 wall_ms=38200 text=cb99e4b1c2fd84d5 role=child prefix_tokens=14282 suffix_tokens=21 model_ms=8661.2 context_ms=33.4 state_ms=6.21 prefix_ms=0.0 suffix_ms=925.1 first_token_ms=10331.6 generation_ms=27324.5 generated=64 generation_tps=2.342
MEMORY mem_available_drop_mib=99436 mem_available_before_mib=120244 mem_free_before_mib=26201 pss_anon_mib=4663 pss_file_mib=467 pss_shmem_mib=7441 device_mib=86590 samples=9
END_CASE failed_agents=0 wall_ms=48585
CASE mode=weights agents=61
AGENT index=0 mig=fafc828a exit=0 wall_ms=107890 text=bb92e4befc7eddec role=child prefix_tokens=14282 suffix_tokens=27 model_ms=8461.4 context_ms=604.2 state_ms=1712.32 prefix_ms=0.0 suffix_ms=2895.5 first_token_ms=15876.5 generation_ms=91515.5 generated=64 generation_tps=0.699
AGENT index=1 mig=31ffbfe4 exit=0 wall_ms=115905 text=a8d47b5298abb2fc role=child prefix_tokens=14282 suffix_tokens=22 model_ms=3815.8 context_ms=1215.0 state_ms=206.70 prefix_ms=0.0 suffix_ms=532.7 first_token_ms=7383.5 generation_ms=108165.5 generated=64 generation_tps=0.592
AGENT index=2 mig=fafc828a exit=0 wall_ms=100596 text=abfd4eb3fb8ebdd8 role=child prefix_tokens=14282 suffix_tokens=24 model_ms=6117.4 context_ms=302.7 state_ms=678.99 prefix_ms=0.0 suffix_ms=686.3 first_token_ms=10215.7 generation_ms=90005.5 generated=64 generation_tps=0.711
AGENT index=3 mig=31ffbfe4 exit=0 wall_ms=151723 text=077e38d3762a4e5d role=child prefix_tokens=14282 suffix_tokens=32 model_ms=8059.2 context_ms=674.7 state_ms=1743.49 prefix_ms=0.0 suffix_ms=4188.9 first_token_ms=17307.1 generation_ms=133635.1 generated=64 generation_tps=0.479
AGENT index=4 mig=fafc828a exit=0 wall_ms=92812 text=16f8c0610a09645d role=child prefix_tokens=14282 suffix_tokens=23 model_ms=5591.0 context_ms=423.2 state_ms=535.70 prefix_ms=0.0 suffix_ms=432.0 first_token_ms=9336.2 generation_ms=83127.2 generated=64 generation_tps=0.770
AGENT index=5 mig=31ffbfe4 exit=0 wall_ms=146210 text=ff4188d71e02bfdb role=child prefix_tokens=14282 suffix_tokens=26 model_ms=6708.7 context_ms=163.4 state_ms=567.39 prefix_ms=0.0 suffix_ms=1600.0 first_token_ms=11241.0 generation_ms=134607.9 generated=64 generation_tps=0.475
AGENT index=6 mig=fafc828a exit=0 wall_ms=103207 text=f88f503d1005fa22 role=child prefix_tokens=14282 suffix_tokens=21 model_ms=6243.8 context_ms=170.8 state_ms=697.66 prefix_ms=0.0 suffix_ms=1373.2 first_token_ms=10941.8 generation_ms=91915.8 generated=64 generation_tps=0.696
AGENT index=7 mig=31ffbfe4 exit=0 wall_ms=148437 text=f9c832b7cad1a509 role=child prefix_tokens=14282 suffix_tokens=31 model_ms=6946.1 context_ms=372.6 state_ms=682.83 prefix_ms=0.0 suffix_ms=2662.1 first_token_ms=12882.0 generation_ms=135201.9 generated=64 generation_tps=0.473
AGENT index=8 mig=fafc828a exit=0 wall_ms=108217 text=ae3f57b141780268 role=child prefix_tokens=14282 suffix_tokens=18 model_ms=8457.7 context_ms=480.3 state_ms=1792.95 prefix_ms=0.0 suffix_ms=2730.9 first_token_ms=15923.9 generation_ms=91680.8 generated=64 generation_tps=0.698
AGENT index=9 mig=31ffbfe4 exit=0 wall_ms=151010 text=a2d016def74ecc62 role=child prefix_tokens=14282 suffix_tokens=18 model_ms=7839.2 context_ms=702.5 state_ms=1654.59 prefix_ms=0.0 suffix_ms=3374.2 first_token_ms=16028.4 generation_ms=134565.5 generated=64 generation_tps=0.476
AGENT index=10 mig=fafc828a exit=0 wall_ms=105659 text=a733f3a39259263c role=child prefix_tokens=14282 suffix_tokens=18 model_ms=7596.2 context_ms=221.9 state_ms=845.58 prefix_ms=0.0 suffix_ms=1781.3 first_token_ms=12831.2 generation_ms=92456.2 generated=64 generation_tps=0.692
AGENT index=11 mig=31ffbfe4 exit=0 wall_ms=151838 text=087278665f3dec68 role=child prefix_tokens=14282 suffix_tokens=22 model_ms=8051.6 context_ms=659.3 state_ms=1746.87 prefix_ms=0.0 suffix_ms=3867.7 first_token_ms=16906.8 generation_ms=134080.6 generated=64 generation_tps=0.477
AGENT index=12 mig=fafc828a exit=0 wall_ms=104057 text=2c93819fe85df763 role=child prefix_tokens=14282 suffix_tokens=21 model_ms=7018.7 context_ms=285.3 state_ms=820.16 prefix_ms=0.0 suffix_ms=1706.3 first_token_ms=11989.7 generation_ms=91664.2 generated=64 generation_tps=0.698
AGENT index=13 mig=31ffbfe4 exit=0 wall_ms=148806 text=5d483815f91685a6 role=child prefix_tokens=14282 suffix_tokens=31 model_ms=7308.6 context_ms=570.1 state_ms=1033.36 prefix_ms=0.0 suffix_ms=2453.1 first_token_ms=13550.7 generation_ms=134914.0 generated=64 generation_tps=0.474
AGENT index=14 mig=fafc828a exit=0 wall_ms=105912 text=3f33f20708943e2f role=child prefix_tokens=14282 suffix_tokens=21 model_ms=7064.0 context_ms=508.8 state_ms=862.85 prefix_ms=0.0 suffix_ms=2017.0 first_token_ms=12819.8 generation_ms=92680.0 generated=64 generation_tps=0.691
AGENT index=15 mig=31ffbfe4 exit=0 wall_ms=151517 text=0502c45076359254 role=child prefix_tokens=14282 suffix_tokens=26 model_ms=8293.6 context_ms=587.3 state_ms=1698.69 prefix_ms=0.0 suffix_ms=4063.0 first_token_ms=16999.9 generation_ms=133860.4 generated=64 generation_tps=0.478
AGENT index=16 mig=fafc828a exit=0 wall_ms=108537 text=0ebc8757605c5571 role=child prefix_tokens=14282 suffix_tokens=25 model_ms=8586.6 context_ms=477.6 state_ms=1793.34 prefix_ms=0.0 suffix_ms=2959.2 first_token_ms=16101.7 generation_ms=91599.5 generated=64 generation_tps=0.699
AGENT index=17 mig=31ffbfe4 exit=0 wall_ms=151640 text=5d7dbcf0a7eca76c role=child prefix_tokens=14282 suffix_tokens=22 model_ms=8578.6 context_ms=612.3 state_ms=1679.50 prefix_ms=0.0 suffix_ms=3883.2 first_token_ms=16959.8 generation_ms=133937.7 generated=64 generation_tps=0.478
AGENT index=18 mig=fafc828a exit=0 wall_ms=108138 text=cb99e4b1c2fd84d5 role=child prefix_tokens=14282 suffix_tokens=21 model_ms=8638.4 context_ms=508.9 state_ms=1786.90 prefix_ms=0.0 suffix_ms=2730.3 first_token_ms=15893.9 generation_ms=91656.3 generated=64 generation_tps=0.698
AGENT index=19 mig=31ffbfe4 exit=0 wall_ms=151732 text=4c7501e634d9bf23 role=child prefix_tokens=14282 suffix_tokens=18 model_ms=7985.2 context_ms=783.2 state_ms=1696.25 prefix_ms=0.0 suffix_ms=3821.4 first_token_ms=16886.9 generation_ms=134092.4 generated=64 generation_tps=0.477
AGENT index=20 mig=fafc828a exit=0 wall_ms=106884 text=b3893059e7e79532 role=child prefix_tokens=14282 suffix_tokens=21 model_ms=7907.5 context_ms=379.5 state_ms=1197.31 prefix_ms=0.0 suffix_ms=1692.8 first_token_ms=13513.0 generation_ms=92995.2 generated=64 generation_tps=0.688
AGENT index=21 mig=31ffbfe4 exit=0 wall_ms=146908 text=284eef78a2286715 role=child prefix_tokens=14282 suffix_tokens=26 model_ms=6730.8 context_ms=205.0 state_ms=713.32 prefix_ms=0.0 suffix_ms=1734.9 first_token_ms=11742.7 generation_ms=134805.5 generated=64 generation_tps=0.475
AGENT index=22 mig=fafc828a exit=0 wall_ms=54365 text=ad3122b47bf9d41d role=child prefix_tokens=14282 suffix_tokens=27 model_ms=4481.0 context_ms=315.1 state_ms=156.32 prefix_ms=0.0 suffix_ms=328.6 first_token_ms=7571.1 generation_ms=46441.7 generated=64 generation_tps=1.378
AGENT index=23 mig=31ffbfe4 exit=0 wall_ms=113098 text=f79224e341ba5115 role=child prefix_tokens=14282 suffix_tokens=17 model_ms=3515.5 context_ms=1112.7 state_ms=227.81 prefix_ms=0.0 suffix_ms=513.1 first_token_ms=7223.4 generation_ms=105521.1 generated=64 generation_tps=0.607
AGENT index=24 mig=fafc828a exit=0 wall_ms=105459 text=9834d2c93010cb40 role=child prefix_tokens=14282 suffix_tokens=22 model_ms=7072.7 context_ms=272.2 state_ms=883.93 prefix_ms=0.0 suffix_ms=2155.7 first_token_ms=12564.5 generation_ms=92470.0 generated=64 generation_tps=0.692
AGENT index=25 mig=31ffbfe4 exit=0 wall_ms=150990 text=da4c2dca73ac54e0 role=child prefix_tokens=14282 suffix_tokens=23 model_ms=8357.5 context_ms=762.3 state_ms=1717.27 prefix_ms=0.0 suffix_ms=3826.5 first_token_ms=16825.9 generation_ms=133770.1 generated=64 generation_tps=0.478
AGENT index=26 mig=fafc828a exit=0 wall_ms=107269 text=07ec2de36a00f7a1 role=child prefix_tokens=14282 suffix_tokens=19 model_ms=7689.6 context_ms=541.3 state_ms=1397.74 prefix_ms=0.0 suffix_ms=1950.2 first_token_ms=14100.4 generation_ms=92776.2 generated=64 generation_tps=0.690
AGENT index=27 mig=31ffbfe4 exit=0 wall_ms=151270 text=e1e29071a16e2061 role=child prefix_tokens=14282 suffix_tokens=21 model_ms=8383.4 context_ms=704.3 state_ms=1715.69 prefix_ms=0.0 suffix_ms=3850.5 first_token_ms=16805.9 generation_ms=133927.2 generated=64 generation_tps=0.478
AGENT index=28 mig=fafc828a exit=0 wall_ms=106651 text=1c65ed1020843e8d role=child prefix_tokens=14282 suffix_tokens=20 model_ms=7992.9 context_ms=468.0 state_ms=1203.27 prefix_ms=0.0 suffix_ms=1736.2 first_token_ms=13536.2 generation_ms=92708.3 generated=64 generation_tps=0.690
AGENT index=29 mig=31ffbfe4 exit=0 wall_ms=148672 text=a72f71cd80731afe role=child prefix_tokens=14282 suffix_tokens=22 model_ms=7297.6 context_ms=422.6 state_ms=993.85 prefix_ms=0.0 suffix_ms=2294.7 first_token_ms=13215.1 generation_ms=135102.8 generated=64 generation_tps=0.474
AGENT index=30 mig=fafc828a exit=0 wall_ms=108069 text=317f6f38771a1e41 role=child prefix_tokens=14282 suffix_tokens=20 model_ms=8304.7 context_ms=666.8 state_ms=1807.26 prefix_ms=0.0 suffix_ms=2714.1 first_token_ms=15807.0 generation_ms=91707.0 generated=64 generation_tps=0.698
AGENT index=31 mig=31ffbfe4 exit=0 wall_ms=150027 text=1b4036771dcdadef role=child prefix_tokens=14282 suffix_tokens=22 model_ms=8068.9 context_ms=411.1 state_ms=1517.81 prefix_ms=0.0 suffix_ms=3006.3 first_token_ms=15134.8 generation_ms=134541.4 generated=64 generation_tps=0.476
AGENT index=32 mig=fafc828a exit=0 wall_ms=107479 text=3f50371ecb0032a2 role=child prefix_tokens=14282 suffix_tokens=28 model_ms=8404.3 context_ms=611.5 state_ms=1758.27 prefix_ms=0.0 suffix_ms=2948.1 first_token_ms=15913.5 generation_ms=91144.1 generated=64 generation_tps=0.702
AGENT index=33 mig=31ffbfe4 exit=0 wall_ms=151528 text=5b450cf9627e77b9 role=child prefix_tokens=14282 suffix_tokens=23 model_ms=8692.8 context_ms=433.4 state_ms=1648.63 prefix_ms=0.0 suffix_ms=3862.2 first_token_ms=16920.3 generation_ms=133904.3 generated=64 generation_tps=0.478
AGENT index=34 mig=fafc828a exit=0 wall_ms=108027 text=8fe64643182c4081 role=child prefix_tokens=14282 suffix_tokens=25 model_ms=8148.1 context_ms=698.6 state_ms=1800.88 prefix_ms=0.0 suffix_ms=2974.9 first_token_ms=16088.2 generation_ms=91423.3 generated=64 generation_tps=0.700
AGENT index=35 mig=31ffbfe4 exit=0 wall_ms=151781 text=ab418a5e41977b06 role=child prefix_tokens=14282 suffix_tokens=33 model_ms=8029.0 context_ms=736.7 state_ms=1779.49 prefix_ms=0.0 suffix_ms=4756.4 first_token_ms=17816.9 generation_ms=133163.6 generated=64 generation_tps=0.481
AGENT index=36 mig=fafc828a exit=0 wall_ms=108378 text=2852504019aca3b6 role=child prefix_tokens=14282 suffix_tokens=24 model_ms=8158.5 context_ms=590.4 state_ms=1798.44 prefix_ms=0.0 suffix_ms=2731.8 first_token_ms=15824.6 generation_ms=91785.3 generated=64 generation_tps=0.697
AGENT index=37 mig=31ffbfe4 exit=0 wall_ms=147053 text=bef1e0801c6e655f role=child prefix_tokens=14282 suffix_tokens=27 model_ms=6402.2 context_ms=193.8 state_ms=842.30 prefix_ms=0.0 suffix_ms=1979.8 first_token_ms=11689.9 generation_ms=134991.8 generated=64 generation_tps=0.474
AGENT index=38 mig=fafc828a exit=0 wall_ms=108295 text=03d3cecc4e2c4ef7 role=child prefix_tokens=14282 suffix_tokens=22 model_ms=8022.0 context_ms=708.6 state_ms=1795.18 prefix_ms=0.0 suffix_ms=2720.8 first_token_ms=15795.4 generation_ms=91841.9 generated=64 generation_tps=0.697
AGENT index=39 mig=31ffbfe4 exit=0 wall_ms=145307 text=f9c832b7cad1a509 role=child prefix_tokens=14282 suffix_tokens=32 model_ms=6761.0 context_ms=98.9 state_ms=553.79 prefix_ms=0.0 suffix_ms=1300.0 first_token_ms=10841.7 generation_ms=134106.9 generated=64 generation_tps=0.477
AGENT index=40 mig=fafc828a exit=0 wall_ms=107714 text=1bedc9985ebffdf3 role=child prefix_tokens=14282 suffix_tokens=19 model_ms=7849.2 context_ms=800.6 state_ms=1698.64 prefix_ms=0.0 suffix_ms=2539.1 first_token_ms=15298.3 generation_ms=91883.9 generated=64 generation_tps=0.697
AGENT index=41 mig=31ffbfe4 exit=0 wall_ms=151629 text=45248c21a8c64213 role=child prefix_tokens=14282 suffix_tokens=19 model_ms=7927.2 context_ms=797.7 state_ms=1758.23 prefix_ms=0.0 suffix_ms=3922.2 first_token_ms=16847.7 generation_ms=134040.3 generated=64 generation_tps=0.477
AGENT index=42 mig=fafc828a exit=0 wall_ms=108364 text=c2b860976d76c188 role=child prefix_tokens=14282 suffix_tokens=18 model_ms=8082.0 context_ms=696.8 state_ms=1780.05 prefix_ms=0.0 suffix_ms=2766.4 first_token_ms=15829.9 generation_ms=91801.7 generated=64 generation_tps=0.697
AGENT index=43 mig=31ffbfe4 exit=0 wall_ms=151439 text=7f088fd1d1738f8b role=child prefix_tokens=14282 suffix_tokens=22 model_ms=8233.1 context_ms=670.9 state_ms=1706.47 prefix_ms=0.0 suffix_ms=3752.4 first_token_ms=16610.3 generation_ms=134128.1 generated=64 generation_tps=0.477
AGENT index=44 mig=fafc828a exit=0 wall_ms=108380 text=f631ba01e55b49fa role=child prefix_tokens=14282 suffix_tokens=21 model_ms=8087.6 context_ms=729.4 state_ms=1767.35 prefix_ms=0.0 suffix_ms=2730.0 first_token_ms=15717.0 generation_ms=91853.8 generated=64 generation_tps=0.697
AGENT index=45 mig=31ffbfe4 exit=0 wall_ms=151233 text=5d483815f91685a6 role=child prefix_tokens=14282 suffix_tokens=31 model_ms=8632.8 context_ms=590.3 state_ms=1744.21 prefix_ms=0.0 suffix_ms=4315.1 first_token_ms=17344.0 generation_ms=133368.1 generated=64 generation_tps=0.480
AGENT index=46 mig=fafc828a exit=0 wall_ms=107353 text=56be8609eb72cb4a role=child prefix_tokens=14282 suffix_tokens=21 model_ms=7991.4 context_ms=617.6 state_ms=1611.19 prefix_ms=0.0 suffix_ms=2185.6 first_token_ms=14652.1 generation_ms=92308.8 generated=64 generation_tps=0.693
AGENT index=47 mig=31ffbfe4 exit=0 wall_ms=151082 text=0d9668c2f9cbc9fc role=child prefix_tokens=14282 suffix_tokens=26 model_ms=8146.0 context_ms=616.4 state_ms=1640.60 prefix_ms=0.0 suffix_ms=3812.9 first_token_ms=16375.5 generation_ms=134287.6 generated=64 generation_tps=0.477
AGENT index=48 mig=fafc828a exit=0 wall_ms=106325 text=27f58a7742c668f5 role=child prefix_tokens=14282 suffix_tokens=25 model_ms=7083.4 context_ms=504.4 state_ms=827.72 prefix_ms=0.0 suffix_ms=2219.8 first_token_ms=12932.2 generation_ms=93011.8 generated=64 generation_tps=0.688
AGENT index=49 mig=31ffbfe4 exit=0 wall_ms=149128 text=facc2c2ea4689e1e role=child prefix_tokens=14282 suffix_tokens=22 model_ms=7133.4 context_ms=427.9 state_ms=1024.83 prefix_ms=0.0 suffix_ms=2321.2 first_token_ms=13326.8 generation_ms=135484.7 generated=64 generation_tps=0.472
AGENT index=50 mig=fafc828a exit=0 wall_ms=107923 text=64fd37c296cb1dd5 role=child prefix_tokens=14282 suffix_tokens=21 model_ms=8324.2 context_ms=542.9 state_ms=1840.84 prefix_ms=0.0 suffix_ms=2740.6 first_token_ms=15872.9 generation_ms=91562.3 generated=64 generation_tps=0.699
AGENT index=51 mig=31ffbfe4 exit=0 wall_ms=150434 text=4c7501e634d9bf23 role=child prefix_tokens=14282 suffix_tokens=18 model_ms=8325.4 context_ms=690.5 state_ms=1723.15 prefix_ms=0.0 suffix_ms=3763.7 first_token_ms=16608.4 generation_ms=133443.1 generated=64 generation_tps=0.480
AGENT index=52 mig=fafc828a exit=0 wall_ms=106134 text=b3893059e7e79532 role=child prefix_tokens=14282 suffix_tokens=21 model_ms=6844.3 context_ms=461.7 state_ms=859.20 prefix_ms=0.0 suffix_ms=2041.2 first_token_ms=12726.3 generation_ms=93009.2 generated=64 generation_tps=0.688
AGENT index=53 mig=31ffbfe4 exit=0 wall_ms=150503 text=11e4c2a85150fa06 role=child prefix_tokens=14282 suffix_tokens=26 model_ms=7737.4 context_ms=595.7 state_ms=1562.70 prefix_ms=0.0 suffix_ms=3556.7 first_token_ms=15870.6 generation_ms=134277.5 generated=64 generation_tps=0.477
AGENT index=54 mig=fafc828a exit=0 wall_ms=107667 text=3b6f5b9c968721eb role=child prefix_tokens=14282 suffix_tokens=27 model_ms=7997.1 context_ms=679.3 state_ms=1709.70 prefix_ms=0.0 suffix_ms=2894.8 first_token_ms=15706.3 generation_ms=91446.6 generated=64 generation_tps=0.700
AGENT index=55 mig=31ffbfe4 exit=0 wall_ms=151421 text=7e4fad52bd577abf role=child prefix_tokens=14282 suffix_tokens=17 model_ms=8165.1 context_ms=543.7 state_ms=1700.56 prefix_ms=0.0 suffix_ms=3787.8 first_token_ms=16697.3 generation_ms=134059.4 generated=64 generation_tps=0.477
AGENT index=56 mig=fafc828a exit=0 wall_ms=106628 text=9834d2c93010cb40 role=child prefix_tokens=14282 suffix_tokens=22 model_ms=7769.4 context_ms=697.5 state_ms=1617.23 prefix_ms=0.0 suffix_ms=2271.4 first_token_ms=14786.4 generation_ms=91429.1 generated=64 generation_tps=0.700
AGENT index=57 mig=31ffbfe4 exit=0 wall_ms=151417 text=a4e76b0a1993f6d6 role=child prefix_tokens=14282 suffix_tokens=23 model_ms=8316.9 context_ms=537.0 state_ms=1694.18 prefix_ms=0.0 suffix_ms=3877.7 first_token_ms=16820.9 generation_ms=133853.7 generated=64 generation_tps=0.478
AGENT index=58 mig=fafc828a exit=0 wall_ms=102061 text=359d7b30e6a9a9fc role=child prefix_tokens=14282 suffix_tokens=19 model_ms=6016.2 context_ms=333.8 state_ms=719.75 prefix_ms=0.0 suffix_ms=1123.8 first_token_ms=10533.3 generation_ms=91167.5 generated=64 generation_tps=0.702
AGENT index=59 mig=31ffbfe4 exit=0 wall_ms=151673 text=7b1e906b43903ada role=child prefix_tokens=14282 suffix_tokens=21 model_ms=8187.3 context_ms=551.9 state_ms=1700.05 prefix_ms=0.0 suffix_ms=3896.0 first_token_ms=16843.5 generation_ms=134015.4 generated=64 generation_tps=0.478
AGENT index=60 mig=fafc828a exit=0 wall_ms=102595 text=23f27e20526aad11 role=child prefix_tokens=14282 suffix_tokens=20 model_ms=6108.0 context_ms=253.0 state_ms=745.22 prefix_ms=0.0 suffix_ms=1035.0 first_token_ms=10579.4 generation_ms=91659.2 generated=64 generation_tps=0.698
MEMORY mem_available_drop_mib=97916 mem_available_before_mib=120299 mem_free_before_mib=27186 pss_anon_mib=13905 pss_file_mib=5793 pss_shmem_mib=3550 device_mib=78270 samples=13
END_CASE failed_agents=0 wall_ms=152251
END_KVSTACK
BEGIN_KVSTACK run=2 context=16384 publisher_mig=31ffbfe4 mem_free_mib=29638 kernel_reclaimable_mib=87673
PUBLISH store=stock prefix_tokens=14282 prefix_ms=24859.2 publish_ms=500.08 state_bytes=819216229
PUBLISH store=device prefix_tokens=14282 prefix_ms=25061.0 publish_ms=505.43 state_bytes=819216229
PUBLISH store=huge prefix_tokens=14282 prefix_ms=25110.4 publish_ms=8.08 state_bytes=229221 file_used_kib=802816
CASE mode=weights agents=61
AGENT index=0 mig=31ffbfe4 exit=0 wall_ms=126729 text=4605b6e04b2228eb role=child prefix_tokens=14282 suffix_tokens=27 model_ms=4177.5 context_ms=611.5 state_ms=166.53 prefix_ms=0.0 suffix_ms=575.3 first_token_ms=7505.6 generation_ms=118880.5 generated=64 generation_tps=0.538
AGENT index=1 mig=fafc828a exit=0 wall_ms=97624 text=a5af93194a2d1ced role=child prefix_tokens=14282 suffix_tokens=22 model_ms=6145.8 context_ms=456.8 state_ms=700.84 prefix_ms=0.0 suffix_ms=507.8 first_token_ms=10016.7 generation_ms=87232.4 generated=64 generation_tps=0.734
AGENT index=2 mig=31ffbfe4 exit=0 wall_ms=155901 text=37e5f08e6279aa62 role=child prefix_tokens=14282 suffix_tokens=24 model_ms=8247.4 context_ms=751.4 state_ms=1544.15 prefix_ms=0.0 suffix_ms=4019.0 first_token_ms=16763.9 generation_ms=138301.1 generated=64 generation_tps=0.463
AGENT index=3 mig=fafc828a exit=0 wall_ms=104962 text=5e1ac569aa8b0faf role=child prefix_tokens=14282 suffix_tokens=32 model_ms=7313.5 context_ms=540.2 state_ms=707.04 prefix_ms=0.0 suffix_ms=1938.1 first_token_ms=12869.1 generation_ms=91677.4 generated=64 generation_tps=0.698
AGENT index=4 mig=31ffbfe4 exit=0 wall_ms=156083 text=6e3d8f07cfceb082 role=child prefix_tokens=14282 suffix_tokens=23 model_ms=7873.6 context_ms=921.3 state_ms=1541.22 prefix_ms=0.0 suffix_ms=3983.6 first_token_ms=16658.9 generation_ms=138462.0 generated=64 generation_tps=0.462
AGENT index=5 mig=fafc828a exit=0 wall_ms=105090 text=47179dd0dcd49eb0 role=child prefix_tokens=14282 suffix_tokens=26 model_ms=7070.7 context_ms=809.8 state_ms=715.81 prefix_ms=0.0 suffix_ms=2032.7 first_token_ms=13031.9 generation_ms=91665.7 generated=64 generation_tps=0.698
AGENT index=6 mig=31ffbfe4 exit=0 wall_ms=155066 text=f88f503d1005fa22 role=child prefix_tokens=14282 suffix_tokens=21 model_ms=7829.9 context_ms=658.7 state_ms=1560.22 prefix_ms=0.0 suffix_ms=3624.8 first_token_ms=15956.7 generation_ms=138738.2 generated=64 generation_tps=0.461
AGENT index=7 mig=fafc828a exit=0 wall_ms=102977 text=f9c832b7cad1a509 role=child prefix_tokens=14282 suffix_tokens=31 model_ms=6800.8 context_ms=182.5 state_ms=528.73 prefix_ms=0.0 suffix_ms=1790.7 first_token_ms=11468.7 generation_ms=91103.0 generated=64 generation_tps=0.703
AGENT index=8 mig=31ffbfe4 exit=0 wall_ms=155194 text=a3c806a5411bc6e6 role=child prefix_tokens=14282 suffix_tokens=18 model_ms=7516.4 context_ms=917.3 state_ms=1538.45 prefix_ms=0.0 suffix_ms=3672.9 first_token_ms=16023.5 generation_ms=138754.2 generated=64 generation_tps=0.461
AGENT index=9 mig=fafc828a exit=0 wall_ms=90336 text=a2d016def74ecc62 role=child prefix_tokens=14282 suffix_tokens=18 model_ms=5676.5 context_ms=242.6 state_ms=748.46 prefix_ms=0.0 suffix_ms=345.9 first_token_ms=9481.8 generation_ms=78773.7 generated=64 generation_tps=0.812
AGENT index=10 mig=31ffbfe4 exit=0 wall_ms=129659 text=a733f3a39259263c role=child prefix_tokens=14282 suffix_tokens=18 model_ms=4948.4 context_ms=400.2 state_ms=158.61 prefix_ms=0.0 suffix_ms=578.4 first_token_ms=7732.5 generation_ms=121559.4 generated=64 generation_tps=0.526
AGENT index=11 mig=fafc828a exit=0 wall_ms=101948 text=ad0d6edf343e5e28 role=child prefix_tokens=14282 suffix_tokens=22 model_ms=6029.2 context_ms=363.5 state_ms=785.95 prefix_ms=0.0 suffix_ms=1278.7 first_token_ms=10848.2 generation_ms=90709.5 generated=64 generation_tps=0.706
AGENT index=12 mig=31ffbfe4 exit=0 wall_ms=156123 text=2c93819fe85df763 role=child prefix_tokens=14282 suffix_tokens=21 model_ms=8220.9 context_ms=528.5 state_ms=1588.40 prefix_ms=0.0 suffix_ms=4055.2 first_token_ms=16821.7 generation_ms=138317.0 generated=64 generation_tps=0.463
AGENT index=13 mig=fafc828a exit=0 wall_ms=105987 text=5d483815f91685a6 role=child prefix_tokens=14282 suffix_tokens=31 model_ms=7149.3 context_ms=817.0 state_ms=1239.24 prefix_ms=0.0 suffix_ms=2084.4 first_token_ms=13865.1 generation_ms=91658.8 generated=64 generation_tps=0.698
AGENT index=14 mig=31ffbfe4 exit=0 wall_ms=154310 text=f8f770d151794139 role=child prefix_tokens=14282 suffix_tokens=21 model_ms=7570.1 context_ms=614.0 state_ms=1355.08 prefix_ms=0.0 suffix_ms=3069.0 first_token_ms=14915.3 generation_ms=138995.9 generated=64 generation_tps=0.460
AGENT index=15 mig=fafc828a exit=0 wall_ms=106755 text=0d9668c2f9cbc9fc role=child prefix_tokens=14282 suffix_tokens=26 model_ms=7925.9 context_ms=918.2 state_ms=1747.23 prefix_ms=0.0 suffix_ms=2823.6 first_token_ms=15608.0 generation_ms=90514.5 generated=64 generation_tps=0.707
AGENT index=16 mig=31ffbfe4 exit=0 wall_ms=155787 text=a6ffaf564cadb5d1 role=child prefix_tokens=14282 suffix_tokens=25 model_ms=7807.9 context_ms=859.1 state_ms=1532.57 prefix_ms=0.0 suffix_ms=4053.9 first_token_ms=16416.9 generation_ms=138648.2 generated=64 generation_tps=0.462
AGENT index=17 mig=fafc828a exit=0 wall_ms=106932 text=6bd685fbc4b441ec role=child prefix_tokens=14282 suffix_tokens=22 model_ms=8197.7 context_ms=488.6 state_ms=1832.33 prefix_ms=0.0 suffix_ms=2642.5 first_token_ms=15659.6 generation_ms=90600.5 generated=64 generation_tps=0.706
AGENT index=18 mig=31ffbfe4 exit=0 wall_ms=153343 text=ba15e410535ababc role=child prefix_tokens=14282 suffix_tokens=21 model_ms=7218.6 context_ms=623.0 state_ms=1151.33 prefix_ms=0.0 suffix_ms=2125.0 first_token_ms=13441.3 generation_ms=139528.1 generated=64 generation_tps=0.459
AGENT index=19 mig=fafc828a exit=0 wall_ms=106799 text=4c7501e634d9bf23 role=child prefix_tokens=14282 suffix_tokens=18 model_ms=7848.4 context_ms=733.0 state_ms=1793.04 prefix_ms=0.0 suffix_ms=2592.3 first_token_ms=15516.7 generation_ms=90607.7 generated=64 generation_tps=0.706
AGENT index=20 mig=31ffbfe4 exit=0 wall_ms=127807 text=b3893059e7e79532 role=child prefix_tokens=14282 suffix_tokens=21 model_ms=4381.5 context_ms=953.3 state_ms=263.95 prefix_ms=0.0 suffix_ms=550.9 first_token_ms=7562.0 generation_ms=119862.9 generated=64 generation_tps=0.534
AGENT index=21 mig=fafc828a exit=0 wall_ms=107136 text=284eef78a2286715 role=child prefix_tokens=14282 suffix_tokens=26 model_ms=8052.9 context_ms=834.5 state_ms=1784.59 prefix_ms=0.0 suffix_ms=2839.2 first_token_ms=15730.0 generation_ms=90569.3 generated=64 generation_tps=0.707
AGENT index=22 mig=31ffbfe4 exit=0 wall_ms=154761 text=ad3122b47bf9d41d role=child prefix_tokens=14282 suffix_tokens=27 model_ms=8519.3 context_ms=520.9 state_ms=1533.31 prefix_ms=0.0 suffix_ms=4418.4 first_token_ms=17153.1 generation_ms=137260.9 generated=64 generation_tps=0.466
AGENT index=23 mig=fafc828a exit=0 wall_ms=106919 text=fd9dec9936f784ff role=child prefix_tokens=14282 suffix_tokens=17 model_ms=8556.1 context_ms=494.2 state_ms=1789.75 prefix_ms=0.0 suffix_ms=2580.3 first_token_ms=15549.2 generation_ms=90586.2 generated=64 generation_tps=0.707
AGENT index=24 mig=31ffbfe4 exit=0 wall_ms=153653 text=9834d2c93010cb40 role=child prefix_tokens=14282 suffix_tokens=22 model_ms=7380.7 context_ms=376.6 state_ms=1147.62 prefix_ms=0.0 suffix_ms=2250.7 first_token_ms=13545.7 generation_ms=139738.5 generated=64 generation_tps=0.458
AGENT index=25 mig=fafc828a exit=0 wall_ms=104283 text=d4e1fcaa961685d1 role=child prefix_tokens=14282 suffix_tokens=23 model_ms=7054.5 context_ms=564.8 state_ms=602.58 prefix_ms=0.0 suffix_ms=1884.6 first_token_ms=12510.1 generation_ms=91358.2 generated=64 generation_tps=0.701
AGENT index=26 mig=31ffbfe4 exit=0 wall_ms=155949 text=9e35020256b4a71c role=child prefix_tokens=14282 suffix_tokens=19 model_ms=8070.9 context_ms=487.8 state_ms=1527.82 prefix_ms=0.0 suffix_ms=4036.5 first_token_ms=16719.0 generation_ms=138431.3 generated=64 generation_tps=0.462
AGENT index=27 mig=fafc828a exit=0 wall_ms=106159 text=178df8f18d21f57e role=child prefix_tokens=14282 suffix_tokens=21 model_ms=7614.3 context_ms=802.3 state_ms=1665.63 prefix_ms=0.0 suffix_ms=2255.9 first_token_ms=14680.4 generation_ms=90988.4 generated=64 generation_tps=0.703
AGENT index=28 mig=31ffbfe4 exit=0 wall_ms=155860 text=15c67d79a860da75 role=child prefix_tokens=14282 suffix_tokens=20 model_ms=8069.7 context_ms=624.4 state_ms=1570.32 prefix_ms=0.0 suffix_ms=4016.3 first_token_ms=16735.4 generation_ms=138255.3 generated=64 generation_tps=0.463
AGENT index=29 mig=fafc828a exit=0 wall_ms=103749 text=a72f71cd80731afe role=child prefix_tokens=14282 suffix_tokens=22 model_ms=6477.9 context_ms=215.5 state_ms=627.76 prefix_ms=0.0 suffix_ms=2272.4 first_token_ms=12079.7 generation_ms=91286.7 generated=64 generation_tps=0.701
AGENT index=30 mig=31ffbfe4 exit=0 wall_ms=156032 text=317f6f38771a1e41 role=child prefix_tokens=14282 suffix_tokens=20 model_ms=8097.1 context_ms=526.5 state_ms=1550.93 prefix_ms=0.0 suffix_ms=4069.7 first_token_ms=16793.9 generation_ms=138346.1 generated=64 generation_tps=0.463
AGENT index=31 mig=fafc828a exit=0 wall_ms=103994 text=d52293b0dc058085 role=child prefix_tokens=14282 suffix_tokens=22 model_ms=7267.0 context_ms=369.3 state_ms=600.01 prefix_ms=0.0 suffix_ms=1862.6 first_token_ms=12204.6 generation_ms=91371.4 generated=64 generation_tps=0.700
AGENT index=32 mig=31ffbfe4 exit=0 wall_ms=155784 text=a067a6895417f0e8 role=child prefix_tokens=14282 suffix_tokens=28 model_ms=7627.4 context_ms=802.1 state_ms=1539.05 prefix_ms=0.0 suffix_ms=4042.5 first_token_ms=16314.9 generation_ms=138685.8 generated=64 generation_tps=0.461
AGENT index=33 mig=fafc828a exit=0 wall_ms=107010 text=5b450cf9627e77b9 role=child prefix_tokens=14282 suffix_tokens=23 model_ms=8166.9 context_ms=701.6 state_ms=1820.23 prefix_ms=0.0 suffix_ms=2617.0 first_token_ms=15533.0 generation_ms=90654.7 generated=64 generation_tps=0.706
AGENT index=34 mig=31ffbfe4 exit=0 wall_ms=155084 text=5c09b6f1d055319b role=child prefix_tokens=14282 suffix_tokens=25 model_ms=7996.5 context_ms=516.9 state_ms=1547.71 prefix_ms=0.0 suffix_ms=4109.9 first_token_ms=16391.3 generation_ms=138283.6 generated=64 generation_tps=0.463
AGENT index=35 mig=fafc828a exit=0 wall_ms=106485 text=077e38d3762a4e5d role=child prefix_tokens=14282 suffix_tokens=33 model_ms=8337.3 context_ms=517.9 state_ms=1788.60 prefix_ms=0.0 suffix_ms=3238.8 first_token_ms=16160.7 generation_ms=89823.0 generated=64 generation_tps=0.713
AGENT index=36 mig=31ffbfe4 exit=0 wall_ms=147002 text=836ebfaf7d21007d role=child prefix_tokens=14282 suffix_tokens=24 model_ms=5464.2 context_ms=367.5 state_ms=622.07 prefix_ms=0.0 suffix_ms=992.6 first_token_ms=9898.6 generation_ms=136777.7 generated=64 generation_tps=0.468
AGENT index=37 mig=fafc828a exit=0 wall_ms=104941 text=b5c1cde845350686 role=child prefix_tokens=14282 suffix_tokens=27 model_ms=7547.8 context_ms=552.6 state_ms=833.60 prefix_ms=0.0 suffix_ms=1864.2 first_token_ms=12962.0 generation_ms=91560.5 generated=64 generation_tps=0.699
AGENT index=38 mig=31ffbfe4 exit=0 wall_ms=155540 text=e57f2865bc99ed0e role=child prefix_tokens=14282 suffix_tokens=22 model_ms=8551.5 context_ms=455.3 state_ms=1546.11 prefix_ms=0.0 suffix_ms=4069.8 first_token_ms=16693.4 generation_ms=138211.0 generated=64 generation_tps=0.463
AGENT index=39 mig=fafc828a exit=0 wall_ms=104286 text=f9c832b7cad1a509 role=child prefix_tokens=14282 suffix_tokens=32 model_ms=6837.4 context_ms=467.7 state_ms=677.58 prefix_ms=0.0 suffix_ms=2467.3 first_token_ms=12834.3 generation_ms=90985.7 generated=64 generation_tps=0.703
AGENT index=40 mig=31ffbfe4 exit=0 wall_ms=151829 text=1bedc9985ebffdf3 role=child prefix_tokens=14282 suffix_tokens=19 model_ms=6659.2 context_ms=283.3 state_ms=695.30 prefix_ms=0.0 suffix_ms=2157.7 first_token_ms=12183.9 generation_ms=139293.3 generated=64 generation_tps=0.459
AGENT index=41 mig=fafc828a exit=0 wall_ms=106019 text=3be32d4f1f40e878 role=child prefix_tokens=14282 suffix_tokens=19 model_ms=8308.6 context_ms=511.3 state_ms=1783.85 prefix_ms=0.0 suffix_ms=2604.3 first_token_ms=15477.6 generation_ms=90125.6 generated=64 generation_tps=0.710
AGENT index=42 mig=31ffbfe4 exit=0 wall_ms=155419 text=519b2de5b706a49d role=child prefix_tokens=14282 suffix_tokens=18 model_ms=7759.1 context_ms=795.8 state_ms=1505.67 prefix_ms=0.0 suffix_ms=3940.0 first_token_ms=16421.7 generation_ms=138417.3 generated=64 generation_tps=0.462
AGENT index=43 mig=fafc828a exit=0 wall_ms=105963 text=ad92edad967aef00 role=child prefix_tokens=14282 suffix_tokens=22 model_ms=7414.2 context_ms=911.5 state_ms=1540.94 prefix_ms=0.0 suffix_ms=2022.9 first_token_ms=14196.2 generation_ms=91370.8 generated=64 generation_tps=0.700
AGENT index=44 mig=31ffbfe4 exit=0 wall_ms=154910 text=806eb5a225900d3a role=child prefix_tokens=14282 suffix_tokens=21 model_ms=7531.7 context_ms=677.6 state_ms=1481.06 prefix_ms=0.0 suffix_ms=3453.2 first_token_ms=15496.3 generation_ms=139021.8 generated=64 generation_tps=0.460
AGENT index=45 mig=fafc828a exit=0 wall_ms=106971 text=9f441c92dda94d6e role=child prefix_tokens=14282 suffix_tokens=31 model_ms=7626.4 context_ms=643.4 state_ms=1748.60 prefix_ms=0.0 suffix_ms=2717.9 first_token_ms=15278.3 generation_ms=90931.8 generated=64 generation_tps=0.704
AGENT index=46 mig=31ffbfe4 exit=0 wall_ms=155358 text=3f33f20708943e2f role=child prefix_tokens=14282 suffix_tokens=21 model_ms=8296.1 context_ms=498.3 state_ms=1518.39 prefix_ms=0.0 suffix_ms=4026.3 first_token_ms=16561.7 generation_ms=138324.8 generated=64 generation_tps=0.463
AGENT index=47 mig=fafc828a exit=0 wall_ms=102951 text=0d9668c2f9cbc9fc role=child prefix_tokens=14282 suffix_tokens=26 model_ms=6124.9 context_ms=179.0 state_ms=738.45 prefix_ms=0.0 suffix_ms=1947.9 first_token_ms=11430.7 generation_ms=91135.7 generated=64 generation_tps=0.702
AGENT index=48 mig=31ffbfe4 exit=0 wall_ms=155945 text=27f58a7742c668f5 role=child prefix_tokens=14282 suffix_tokens=25 model_ms=8073.1 context_ms=499.1 state_ms=1542.82 prefix_ms=0.0 suffix_ms=4355.7 first_token_ms=16989.7 generation_ms=138098.8 generated=64 generation_tps=0.463
AGENT index=49 mig=fafc828a exit=0 wall_ms=107040 text=6bd685fbc4b441ec role=child prefix_tokens=14282 suffix_tokens=22 model_ms=8517.2 context_ms=493.6 state_ms=1830.12 prefix_ms=0.0 suffix_ms=2647.0 first_token_ms=15570.7 generation_ms=90634.7 generated=64 generation_tps=0.706
AGENT index=50 mig=31ffbfe4 exit=0 wall_ms=153861 text=802dc3b79f95f0ef role=child prefix_tokens=14282 suffix_tokens=21 model_ms=6936.5 context_ms=643.6 state_ms=1185.35 prefix_ms=0.0 suffix_ms=2421.0 first_token_ms=13677.2 generation_ms=139814.6 generated=64 generation_tps=0.458
AGENT index=51 mig=fafc828a exit=0 wall_ms=104064 text=88ab36014083e9b4 role=child prefix_tokens=14282 suffix_tokens=18 model_ms=7096.1 context_ms=384.6 state_ms=580.69 prefix_ms=0.0 suffix_ms=2305.2 first_token_ms=12456.0 generation_ms=91205.0 generated=64 generation_tps=0.702
AGENT index=52 mig=31ffbfe4 exit=0 wall_ms=155442 text=56ae1f5c8f39885b role=child prefix_tokens=14282 suffix_tokens=21 model_ms=7876.3 context_ms=845.4 state_ms=1533.50 prefix_ms=0.0 suffix_ms=4050.0 first_token_ms=16578.4 generation_ms=138252.9 generated=64 generation_tps=0.463
AGENT index=53 mig=fafc828a exit=0 wall_ms=106975 text=11e4c2a85150fa06 role=child prefix_tokens=14282 suffix_tokens=26 model_ms=8240.0 context_ms=394.0 state_ms=1820.13 prefix_ms=0.0 suffix_ms=2885.4 first_token_ms=15789.9 generation_ms=90399.5 generated=64 generation_tps=0.708
AGENT index=54 mig=31ffbfe4 exit=0 wall_ms=155822 text=3b6f5b9c968721eb role=child prefix_tokens=14282 suffix_tokens=27 model_ms=7512.2 context_ms=558.5 state_ms=1523.88 prefix_ms=0.0 suffix_ms=3861.1 first_token_ms=15941.5 generation_ms=139011.6 generated=64 generation_tps=0.460
AGENT index=55 mig=fafc828a exit=0 wall_ms=107075 text=7e4fad52bd577abf role=child prefix_tokens=14282 suffix_tokens=17 model_ms=7841.8 context_ms=595.5 state_ms=1825.51 prefix_ms=0.0 suffix_ms=2596.6 first_token_ms=15411.0 generation_ms=90760.3 generated=64 generation_tps=0.705
AGENT index=56 mig=31ffbfe4 exit=0 wall_ms=155301 text=9834d2c93010cb40 role=child prefix_tokens=14282 suffix_tokens=22 model_ms=7647.1 context_ms=561.3 state_ms=1542.10 prefix_ms=0.0 suffix_ms=3676.3 first_token_ms=15871.1 generation_ms=138878.8 generated=64 generation_tps=0.461
AGENT index=57 mig=fafc828a exit=0 wall_ms=106512 text=50630b6612aba7b8 role=child prefix_tokens=14282 suffix_tokens=23 model_ms=8198.7 context_ms=478.6 state_ms=1788.94 prefix_ms=0.0 suffix_ms=2591.5 first_token_ms=15394.1 generation_ms=90607.1 generated=64 generation_tps=0.706
AGENT index=58 mig=31ffbfe4 exit=0 wall_ms=155784 text=9ca71337e20d8558 role=child prefix_tokens=14282 suffix_tokens=19 model_ms=8136.2 context_ms=458.1 state_ms=1573.39 prefix_ms=0.0 suffix_ms=4070.4 first_token_ms=16712.3 generation_ms=138315.9 generated=64 generation_tps=0.463
AGENT index=59 mig=fafc828a exit=0 wall_ms=106561 text=a0d59f42adbdb7a7 role=child prefix_tokens=14282 suffix_tokens=21 model_ms=7692.5 context_ms=618.3 state_ms=1721.89 prefix_ms=0.0 suffix_ms=2356.8 first_token_ms=14847.9 generation_ms=91201.6 generated=64 generation_tps=0.702
AGENT index=60 mig=31ffbfe4 exit=0 wall_ms=152860 text=b1fe3c81bfb2916f role=child prefix_tokens=14282 suffix_tokens=20 model_ms=7197.1 context_ms=642.4 state_ms=1036.33 prefix_ms=0.0 suffix_ms=2048.9 first_token_ms=13011.5 generation_ms=139459.6 generated=64 generation_tps=0.459
MEMORY mem_available_drop_mib=97967 mem_available_before_mib=120260 mem_free_before_mib=26926 pss_anon_mib=13942 pss_file_mib=5842 pss_shmem_mib=3550 device_mib=78256 samples=22
END_CASE failed_agents=0 wall_ms=156514
CASE mode=kv agents=19
AGENT index=0 mig=31ffbfe4 exit=0 wall_ms=36205 text=4605b6e04b2228eb role=child prefix_tokens=14282 suffix_tokens=27 model_ms=2465.3 context_ms=683.0 state_ms=14.51 prefix_ms=0.0 suffix_ms=294.9 first_token_ms=3891.0 generation_ms=31922.7 generated=64 generation_tps=2.005
AGENT index=1 mig=fafc828a exit=0 wall_ms=34838 text=a5af93194a2d1ced role=child prefix_tokens=14282 suffix_tokens=22 model_ms=7596.8 context_ms=34.2 state_ms=6.28 prefix_ms=0.0 suffix_ms=809.7 first_token_ms=9079.3 generation_ms=25253.0 generated=64 generation_tps=2.534
AGENT index=2 mig=31ffbfe4 exit=0 wall_ms=52169 text=37e5f08e6279aa62 role=child prefix_tokens=14282 suffix_tokens=24 model_ms=8409.1 context_ms=33.7 state_ms=6.66 prefix_ms=0.0 suffix_ms=1409.0 first_token_ms=10538.8 generation_ms=41117.6 generated=64 generation_tps=1.557
AGENT index=3 mig=fafc828a exit=0 wall_ms=33155 text=5e1ac569aa8b0faf role=child prefix_tokens=14282 suffix_tokens=32 model_ms=4444.9 context_ms=55.1 state_ms=6.12 prefix_ms=0.0 suffix_ms=538.1 first_token_ms=5729.8 generation_ms=26824.7 generated=64 generation_tps=2.386
AGENT index=4 mig=31ffbfe4 exit=0 wall_ms=52289 text=6e3d8f07cfceb082 role=child prefix_tokens=14282 suffix_tokens=23 model_ms=8204.3 context_ms=33.9 state_ms=6.05 prefix_ms=0.0 suffix_ms=1374.3 first_token_ms=10336.3 generation_ms=41330.9 generated=64 generation_tps=1.548
AGENT index=5 mig=fafc828a exit=0 wall_ms=33072 text=47179dd0dcd49eb0 role=child prefix_tokens=14282 suffix_tokens=26 model_ms=4385.1 context_ms=46.0 state_ms=8.48 prefix_ms=0.0 suffix_ms=500.1 first_token_ms=5627.5 generation_ms=26765.9 generated=64 generation_tps=2.391
AGENT index=6 mig=31ffbfe4 exit=0 wall_ms=50225 text=f88f503d1005fa22 role=child prefix_tokens=14282 suffix_tokens=21 model_ms=6238.4 context_ms=39.4 state_ms=6.62 prefix_ms=0.0 suffix_ms=459.4 first_token_ms=7451.1 generation_ms=42338.8 generated=64 generation_tps=1.512
AGENT index=7 mig=fafc828a exit=0 wall_ms=34876 text=f9c832b7cad1a509 role=child prefix_tokens=14282 suffix_tokens=31 model_ms=7725.9 context_ms=33.5 state_ms=6.36 prefix_ms=0.0 suffix_ms=953.1 first_token_ms=9440.4 generation_ms=24950.2 generated=64 generation_tps=2.565
AGENT index=8 mig=31ffbfe4 exit=0 wall_ms=51565 text=a3c806a5411bc6e6 role=child prefix_tokens=14282 suffix_tokens=18 model_ms=6848.2 context_ms=36.0 state_ms=6.51 prefix_ms=0.0 suffix_ms=934.3 first_token_ms=8572.5 generation_ms=42481.7 generated=64 generation_tps=1.507
AGENT index=9 mig=fafc828a exit=0 wall_ms=33218 text=a2d016def74ecc62 role=child prefix_tokens=14282 suffix_tokens=18 model_ms=4643.3 context_ms=37.8 state_ms=6.19 prefix_ms=0.0 suffix_ms=523.5 first_token_ms=5882.0 generation_ms=26895.3 generated=64 generation_tps=2.380
AGENT index=10 mig=31ffbfe4 exit=0 wall_ms=51124 text=a733f3a39259263c role=child prefix_tokens=14282 suffix_tokens=18 model_ms=6642.7 context_ms=37.0 state_ms=6.22 prefix_ms=0.0 suffix_ms=779.9 first_token_ms=8242.2 generation_ms=42508.2 generated=64 generation_tps=1.506
AGENT index=11 mig=fafc828a exit=0 wall_ms=34296 text=ad0d6edf343e5e28 role=child prefix_tokens=14282 suffix_tokens=22 model_ms=6002.3 context_ms=40.9 state_ms=6.28 prefix_ms=0.0 suffix_ms=642.4 first_token_ms=7404.3 generation_ms=26437.7 generated=64 generation_tps=2.421
AGENT index=12 mig=31ffbfe4 exit=0 wall_ms=51658 text=2c93819fe85df763 role=child prefix_tokens=14282 suffix_tokens=21 model_ms=7005.7 context_ms=34.3 state_ms=6.31 prefix_ms=0.0 suffix_ms=1006.2 first_token_ms=8724.2 generation_ms=42399.4 generated=64 generation_tps=1.509
AGENT index=13 mig=fafc828a exit=0 wall_ms=32575 text=5d483815f91685a6 role=child prefix_tokens=14282 suffix_tokens=31 model_ms=4289.2 context_ms=81.2 state_ms=14.75 prefix_ms=0.0 suffix_ms=293.3 first_token_ms=5324.4 generation_ms=26699.3 generated=64 generation_tps=2.397
AGENT index=14 mig=31ffbfe4 exit=0 wall_ms=51679 text=f8f770d151794139 role=child prefix_tokens=14282 suffix_tokens=21 model_ms=7108.4 context_ms=33.1 state_ms=6.21 prefix_ms=0.0 suffix_ms=1024.4 first_token_ms=8850.3 generation_ms=42313.6 generated=64 generation_tps=1.513
AGENT index=15 mig=fafc828a exit=0 wall_ms=34411 text=0d9668c2f9cbc9fc role=child prefix_tokens=14282 suffix_tokens=26 model_ms=6130.4 context_ms=44.1 state_ms=6.34 prefix_ms=0.0 suffix_ms=759.0 first_token_ms=7710.9 generation_ms=26248.9 generated=64 generation_tps=2.438
AGENT index=16 mig=31ffbfe4 exit=0 wall_ms=52230 text=a6ffaf564cadb5d1 role=child prefix_tokens=14282 suffix_tokens=25 model_ms=8295.0 context_ms=34.1 state_ms=6.75 prefix_ms=0.0 suffix_ms=1439.5 first_token_ms=10484.5 generation_ms=41176.5 generated=64 generation_tps=1.554
AGENT index=17 mig=fafc828a exit=0 wall_ms=33067 text=6bd685fbc4b441ec role=child prefix_tokens=14282 suffix_tokens=22 model_ms=4442.2 context_ms=55.7 state_ms=6.22 prefix_ms=0.0 suffix_ms=470.4 first_token_ms=5632.1 generation_ms=26861.3 generated=64 generation_tps=2.383
AGENT index=18 mig=31ffbfe4 exit=0 wall_ms=50510 text=ba15e410535ababc role=child prefix_tokens=14282 suffix_tokens=21 model_ms=6217.5 context_ms=37.2 state_ms=6.20 prefix_ms=0.0 suffix_ms=529.0 first_token_ms=7580.6 generation_ms=42550.6 generated=64 generation_tps=1.504
MEMORY mem_available_drop_mib=99356 mem_available_before_mib=120282 mem_free_before_mib=26928 pss_anon_mib=4543 pss_file_mib=469 pss_shmem_mib=7441 device_mib=86576 samples=8
END_CASE failed_agents=0 wall_ms=52431
CASE mode=none agents=16
AGENT index=0 mig=31ffbfe4 exit=0 wall_ms=40904 text=4605b6e04b2228eb role=child prefix_tokens=14282 suffix_tokens=27 model_ms=4072.6 context_ms=58.3 state_ms=357.22 prefix_ms=0.0 suffix_ms=802.5 first_token_ms=5911.4 generation_ms=34218.9 generated=64 generation_tps=1.870
AGENT index=1 mig=fafc828a exit=0 wall_ms=30242 text=a5af93194a2d1ced role=child prefix_tokens=14282 suffix_tokens=22 model_ms=4119.0 context_ms=66.5 state_ms=482.03 prefix_ms=0.0 suffix_ms=579.0 first_token_ms=5881.7 generation_ms=23498.6 generated=64 generation_tps=2.724
AGENT index=2 mig=31ffbfe4 exit=0 wall_ms=40433 text=37e5f08e6279aa62 role=child prefix_tokens=14282 suffix_tokens=24 model_ms=3774.9 context_ms=123.5 state_ms=331.67 prefix_ms=0.0 suffix_ms=590.8 first_token_ms=5437.1 generation_ms=34329.2 generated=64 generation_tps=1.864
AGENT index=3 mig=fafc828a exit=0 wall_ms=29663 text=5e1ac569aa8b0faf role=child prefix_tokens=14282 suffix_tokens=32 model_ms=3692.4 context_ms=143.1 state_ms=274.41 prefix_ms=0.0 suffix_ms=368.3 first_token_ms=5095.8 generation_ms=23702.9 generated=64 generation_tps=2.700
AGENT index=4 mig=31ffbfe4 exit=0 wall_ms=40972 text=6e3d8f07cfceb082 role=child prefix_tokens=14282 suffix_tokens=23 model_ms=4231.1 context_ms=72.1 state_ms=492.20 prefix_ms=0.0 suffix_ms=934.3 first_token_ms=6324.1 generation_ms=33918.1 generated=64 generation_tps=1.887
AGENT index=5 mig=fafc828a exit=0 wall_ms=30029 text=47179dd0dcd49eb0 role=child prefix_tokens=14282 suffix_tokens=26 model_ms=3713.7 context_ms=129.0 state_ms=376.16 prefix_ms=0.0 suffix_ms=505.1 first_token_ms=5322.4 generation_ms=23652.9 generated=64 generation_tps=2.706
AGENT index=6 mig=31ffbfe4 exit=0 wall_ms=40300 text=f88f503d1005fa22 role=child prefix_tokens=14282 suffix_tokens=21 model_ms=3747.0 context_ms=86.0 state_ms=361.03 prefix_ms=0.0 suffix_ms=515.5 first_token_ms=5333.0 generation_ms=34377.6 generated=64 generation_tps=1.862
AGENT index=7 mig=fafc828a exit=0 wall_ms=30075 text=f9c832b7cad1a509 role=child prefix_tokens=14282 suffix_tokens=31 model_ms=3880.4 context_ms=65.0 state_ms=290.81 prefix_ms=0.0 suffix_ms=566.3 first_token_ms=5388.5 generation_ms=23630.7 generated=64 generation_tps=2.708
AGENT index=8 mig=31ffbfe4 exit=0 wall_ms=41259 text=a3c806a5411bc6e6 role=child prefix_tokens=14282 suffix_tokens=18 model_ms=7464.5 context_ms=108.2 state_ms=802.60 prefix_ms=0.0 suffix_ms=1079.9 first_token_ms=10058.5 generation_ms=30684.0 generated=64 generation_tps=2.086
AGENT index=9 mig=fafc828a exit=0 wall_ms=29850 text=a2d016def74ecc62 role=child prefix_tokens=14282 suffix_tokens=18 model_ms=3814.9 context_ms=93.7 state_ms=328.30 prefix_ms=0.0 suffix_ms=513.0 first_token_ms=5314.4 generation_ms=23633.7 generated=64 generation_tps=2.708
AGENT index=10 mig=31ffbfe4 exit=0 wall_ms=41060 text=a733f3a39259263c role=child prefix_tokens=14282 suffix_tokens=18 model_ms=4213.4 context_ms=113.2 state_ms=518.44 prefix_ms=0.0 suffix_ms=941.1 first_token_ms=6419.3 generation_ms=33873.2 generated=64 generation_tps=1.889
AGENT index=11 mig=fafc828a exit=0 wall_ms=30093 text=ad0d6edf343e5e28 role=child prefix_tokens=14282 suffix_tokens=22 model_ms=3990.0 context_ms=65.7 state_ms=255.55 prefix_ms=0.0 suffix_ms=501.3 first_token_ms=5415.4 generation_ms=23669.2 generated=64 generation_tps=2.704
AGENT index=12 mig=31ffbfe4 exit=0 wall_ms=40831 text=2c93819fe85df763 role=child prefix_tokens=14282 suffix_tokens=21 model_ms=4004.0 context_ms=91.4 state_ms=387.50 prefix_ms=0.0 suffix_ms=749.1 first_token_ms=5841.7 generation_ms=34244.0 generated=64 generation_tps=1.869
AGENT index=13 mig=fafc828a exit=0 wall_ms=30467 text=5d483815f91685a6 role=child prefix_tokens=14282 suffix_tokens=31 model_ms=6574.4 context_ms=98.7 state_ms=746.06 prefix_ms=0.0 suffix_ms=865.4 first_token_ms=8862.8 generation_ms=21042.6 generated=64 generation_tps=3.041
AGENT index=14 mig=31ffbfe4 exit=0 wall_ms=40160 text=f8f770d151794139 role=child prefix_tokens=14282 suffix_tokens=21 model_ms=3717.2 context_ms=147.7 state_ms=370.57 prefix_ms=0.0 suffix_ms=525.2 first_token_ms=5334.8 generation_ms=34277.3 generated=64 generation_tps=1.867
AGENT index=15 mig=fafc828a exit=0 wall_ms=30292 text=0d9668c2f9cbc9fc role=child prefix_tokens=14282 suffix_tokens=26 model_ms=4331.8 context_ms=89.1 state_ms=595.55 prefix_ms=0.0 suffix_ms=720.8 first_token_ms=6344.7 generation_ms=23178.1 generated=64 generation_tps=2.761
MEMORY mem_available_drop_mib=98100 mem_available_before_mib=120281 mem_free_before_mib=27158 pss_anon_mib=3657 pss_file_mib=408 pss_shmem_mib=5609 device_mib=87248 samples=7
END_CASE failed_agents=0 wall_ms=41393
END_KVSTACK
BEGIN_KVSTACK run=3 context=16384 publisher_mig=fafc828a mem_free_mib=29153 kernel_reclaimable_mib=88229
PUBLISH store=stock prefix_tokens=14282 prefix_ms=16882.1 publish_ms=507.39 state_bytes=819216229
PUBLISH store=device prefix_tokens=14282 prefix_ms=16982.8 publish_ms=502.01 state_bytes=819216229
PUBLISH store=huge prefix_tokens=14282 prefix_ms=17044.9 publish_ms=7.95 state_bytes=229221 file_used_kib=802816
CASE mode=none agents=16
AGENT index=0 mig=fafc828a exit=0 wall_ms=30567 text=bb92e4befc7eddec role=child prefix_tokens=14282 suffix_tokens=27 model_ms=3940.7 context_ms=84.5 state_ms=274.83 prefix_ms=0.0 suffix_ms=758.4 first_token_ms=5658.5 generation_ms=24042.4 generated=64 generation_tps=2.662
AGENT index=1 mig=31ffbfe4 exit=0 wall_ms=39791 text=a8d47b5298abb2fc role=child prefix_tokens=14282 suffix_tokens=22 model_ms=5080.4 context_ms=53.3 state_ms=248.24 prefix_ms=0.0 suffix_ms=509.4 first_token_ms=6450.4 generation_ms=32892.8 generated=64 generation_tps=1.946
AGENT index=2 mig=fafc828a exit=0 wall_ms=30513 text=abfd4eb3fb8ebdd8 role=child prefix_tokens=14282 suffix_tokens=24 model_ms=3951.1 context_ms=98.0 state_ms=338.97 prefix_ms=0.0 suffix_ms=685.9 first_token_ms=5679.6 generation_ms=24037.3 generated=64 generation_tps=2.663
AGENT index=3 mig=31ffbfe4 exit=0 wall_ms=40158 text=077e38d3762a4e5d role=child prefix_tokens=14282 suffix_tokens=32 model_ms=5185.3 context_ms=63.2 state_ms=261.73 prefix_ms=0.0 suffix_ms=755.2 first_token_ms=6829.1 generation_ms=32925.7 generated=64 generation_tps=1.944
AGENT index=4 mig=fafc828a exit=0 wall_ms=30481 text=16f8c0610a09645d role=child prefix_tokens=14282 suffix_tokens=23 model_ms=3915.8 context_ms=93.2 state_ms=285.55 prefix_ms=0.0 suffix_ms=693.5 first_token_ms=5613.2 generation_ms=24078.8 generated=64 generation_tps=2.658
AGENT index=5 mig=31ffbfe4 exit=0 wall_ms=41034 text=ff4188d71e02bfdb role=child prefix_tokens=14282 suffix_tokens=26 model_ms=5948.5 context_ms=112.3 state_ms=577.41 prefix_ms=0.0 suffix_ms=1144.1 first_token_ms=8385.2 generation_ms=32079.3 generated=64 generation_tps=1.995
AGENT index=6 mig=fafc828a exit=0 wall_ms=30299 text=f88f503d1005fa22 role=child prefix_tokens=14282 suffix_tokens=21 model_ms=3816.2 context_ms=49.1 state_ms=244.33 prefix_ms=0.0 suffix_ms=347.0 first_token_ms=5047.6 generation_ms=24190.8 generated=64 generation_tps=2.646
AGENT index=7 mig=31ffbfe4 exit=0 wall_ms=30952 text=f9c832b7cad1a509 role=child prefix_tokens=14282 suffix_tokens=31 model_ms=2365.5 context_ms=63.0 state_ms=235.91 prefix_ms=0.0 suffix_ms=351.6 first_token_ms=3489.0 generation_ms=27072.1 generated=64 generation_tps=2.364
AGENT index=8 mig=fafc828a exit=0 wall_ms=30320 text=ae3f57b141780268 role=child prefix_tokens=14282 suffix_tokens=18 model_ms=3782.2 context_ms=84.0 state_ms=266.35 prefix_ms=0.0 suffix_ms=421.2 first_token_ms=5158.2 generation_ms=24204.8 generated=64 generation_tps=2.644
AGENT index=9 mig=31ffbfe4 exit=0 wall_ms=40974 text=a2d016def74ecc62 role=child prefix_tokens=14282 suffix_tokens=18 model_ms=5940.0 context_ms=123.1 state_ms=575.62 prefix_ms=0.0 suffix_ms=1068.3 first_token_ms=8308.7 generation_ms=32146.3 generated=64 generation_tps=1.991
AGENT index=10 mig=fafc828a exit=0 wall_ms=30597 text=a733f3a39259263c role=child prefix_tokens=14282 suffix_tokens=18 model_ms=3922.1 context_ms=113.6 state_ms=372.32 prefix_ms=0.0 suffix_ms=715.4 first_token_ms=5732.4 generation_ms=23980.5 generated=64 generation_tps=2.669
AGENT index=11 mig=31ffbfe4 exit=0 wall_ms=40870 text=087278665f3dec68 role=child prefix_tokens=14282 suffix_tokens=22 model_ms=5801.9 context_ms=88.1 state_ms=557.68 prefix_ms=0.0 suffix_ms=1023.0 first_token_ms=8086.7 generation_ms=32315.0 generated=64 generation_tps=1.981
AGENT index=12 mig=fafc828a exit=0 wall_ms=29946 text=2c93819fe85df763 role=child prefix_tokens=14282 suffix_tokens=21 model_ms=3718.0 context_ms=61.7 state_ms=289.52 prefix_ms=0.0 suffix_ms=318.6 first_token_ms=5001.4 generation_ms=24201.8 generated=64 generation_tps=2.644
AGENT index=13 mig=31ffbfe4 exit=0 wall_ms=40814 text=5d483815f91685a6 role=child prefix_tokens=14282 suffix_tokens=31 model_ms=5496.0 context_ms=82.2 state_ms=551.93 prefix_ms=0.0 suffix_ms=968.0 first_token_ms=7721.8 generation_ms=32524.3 generated=64 generation_tps=1.968
AGENT index=14 mig=fafc828a exit=0 wall_ms=30434 text=3f33f20708943e2f role=child prefix_tokens=14282 suffix_tokens=21 model_ms=3925.6 context_ms=81.1 state_ms=286.38 prefix_ms=0.0 suffix_ms=591.7 first_token_ms=5445.6 generation_ms=24127.0 generated=64 generation_tps=2.653
AGENT index=15 mig=31ffbfe4 exit=0 wall_ms=39984 text=0502c45076359254 role=child prefix_tokens=14282 suffix_tokens=26 model_ms=5058.2 context_ms=51.1 state_ms=250.76 prefix_ms=0.0 suffix_ms=655.9 first_token_ms=6595.9 generation_ms=32950.1 generated=64 generation_tps=1.942
MEMORY mem_available_drop_mib=98008 mem_available_before_mib=120223 mem_free_before_mib=26374 pss_anon_mib=3657 pss_file_mib=410 pss_shmem_mib=5609 device_mib=87248 samples=7
END_CASE failed_agents=0 wall_ms=41165
CASE mode=kv agents=19
AGENT index=0 mig=fafc828a exit=0 wall_ms=37769 text=bb92e4befc7eddec role=child prefix_tokens=14282 suffix_tokens=27 model_ms=6513.5 context_ms=35.5 state_ms=6.34 prefix_ms=0.0 suffix_ms=853.0 first_token_ms=8092.5 generation_ms=29207.2 generated=64 generation_tps=2.191
AGENT index=1 mig=31ffbfe4 exit=0 wall_ms=47589 text=a8d47b5298abb2fc role=child prefix_tokens=14282 suffix_tokens=22 model_ms=6180.4 context_ms=50.5 state_ms=6.53 prefix_ms=0.0 suffix_ms=718.7 first_token_ms=7656.4 generation_ms=39226.2 generated=64 generation_tps=1.632
AGENT index=2 mig=fafc828a exit=0 wall_ms=36706 text=abfd4eb3fb8ebdd8 role=child prefix_tokens=14282 suffix_tokens=24 model_ms=4602.4 context_ms=69.2 state_ms=6.47 prefix_ms=0.0 suffix_ms=554.8 first_token_ms=5936.7 generation_ms=30055.0 generated=64 generation_tps=2.129
AGENT index=3 mig=31ffbfe4 exit=0 wall_ms=47813 text=077e38d3762a4e5d role=child prefix_tokens=14282 suffix_tokens=32 model_ms=6315.0 context_ms=35.4 state_ms=6.28 prefix_ms=0.0 suffix_ms=886.7 first_token_ms=7929.9 generation_ms=39181.5 generated=64 generation_tps=1.633
AGENT index=4 mig=fafc828a exit=0 wall_ms=38195 text=16f8c0610a09645d role=child prefix_tokens=14282 suffix_tokens=23 model_ms=8102.9 context_ms=32.6 state_ms=6.40 prefix_ms=0.0 suffix_ms=868.9 first_token_ms=9692.9 generation_ms=27940.0 generated=64 generation_tps=2.291
AGENT index=5 mig=31ffbfe4 exit=0 wall_ms=48130 text=ff4188d71e02bfdb role=child prefix_tokens=14282 suffix_tokens=26 model_ms=6851.2 context_ms=34.9 state_ms=6.35 prefix_ms=0.0 suffix_ms=1049.8 first_token_ms=8644.4 generation_ms=38781.5 generated=64 generation_tps=1.650
AGENT index=6 mig=fafc828a exit=0 wall_ms=36899 text=f88f503d1005fa22 role=child prefix_tokens=14282 suffix_tokens=21 model_ms=4611.7 context_ms=85.1 state_ms=9.94 prefix_ms=0.0 suffix_ms=588.0 first_token_ms=5972.3 generation_ms=30015.6 generated=64 generation_tps=2.132
AGENT index=7 mig=31ffbfe4 exit=0 wall_ms=48275 text=f9c832b7cad1a509 role=child prefix_tokens=14282 suffix_tokens=31 model_ms=7753.2 context_ms=33.7 state_ms=6.40 prefix_ms=0.0 suffix_ms=1328.7 first_token_ms=9821.5 generation_ms=37827.2 generated=64 generation_tps=1.692
AGENT index=8 mig=fafc828a exit=0 wall_ms=36819 text=ae3f57b141780268 role=child prefix_tokens=14282 suffix_tokens=18 model_ms=4623.6 context_ms=98.2 state_ms=8.15 prefix_ms=0.0 suffix_ms=557.9 first_token_ms=5980.0 generation_ms=30061.2 generated=64 generation_tps=2.129
AGENT index=9 mig=31ffbfe4 exit=0 wall_ms=33563 text=a2d016def74ecc62 role=child prefix_tokens=14282 suffix_tokens=18 model_ms=2305.9 context_ms=695.4 state_ms=6.94 prefix_ms=0.0 suffix_ms=333.8 first_token_ms=3860.1 generation_ms=29252.3 generated=64 generation_tps=2.188
AGENT index=10 mig=fafc828a exit=0 wall_ms=35896 text=a733f3a39259263c role=child prefix_tokens=14282 suffix_tokens=18 model_ms=4536.2 context_ms=37.5 state_ms=7.08 prefix_ms=0.0 suffix_ms=304.4 first_token_ms=5553.0 generation_ms=29851.7 generated=64 generation_tps=2.144
AGENT index=11 mig=31ffbfe4 exit=0 wall_ms=48047 text=087278665f3dec68 role=child prefix_tokens=14282 suffix_tokens=22 model_ms=6492.3 context_ms=33.5 state_ms=6.29 prefix_ms=0.0 suffix_ms=980.2 first_token_ms=8243.6 generation_ms=39017.1 generated=64 generation_tps=1.640
AGENT index=12 mig=fafc828a exit=0 wall_ms=36613 text=2c93819fe85df763 role=child prefix_tokens=14282 suffix_tokens=21 model_ms=4535.8 context_ms=48.5 state_ms=6.46 prefix_ms=0.0 suffix_ms=417.1 first_token_ms=5751.1 generation_ms=29972.5 generated=64 generation_tps=2.135
AGENT index=13 mig=31ffbfe4 exit=0 wall_ms=47594 text=5d483815f91685a6 role=child prefix_tokens=14282 suffix_tokens=31 model_ms=6232.6 context_ms=52.6 state_ms=6.61 prefix_ms=0.0 suffix_ms=783.9 first_token_ms=7721.6 generation_ms=39198.7 generated=64 generation_tps=1.633
AGENT index=14 mig=fafc828a exit=0 wall_ms=38230 text=3f33f20708943e2f role=child prefix_tokens=14282 suffix_tokens=21 model_ms=8389.1 context_ms=34.7 state_ms=6.19 prefix_ms=0.0 suffix_ms=941.3 first_token_ms=10059.1 generation_ms=27623.3 generated=64 generation_tps=2.317
AGENT index=15 mig=31ffbfe4 exit=0 wall_ms=48212 text=0502c45076359254 role=child prefix_tokens=14282 suffix_tokens=26 model_ms=7407.1 context_ms=34.0 state_ms=6.55 prefix_ms=0.0 suffix_ms=1279.9 first_token_ms=9508.6 generation_ms=38128.1 generated=64 generation_tps=1.679
AGENT index=16 mig=fafc828a exit=0 wall_ms=37618 text=0ebc8757605c5571 role=child prefix_tokens=14282 suffix_tokens=25 model_ms=5894.5 context_ms=37.4 state_ms=6.53 prefix_ms=0.0 suffix_ms=759.1 first_token_ms=7448.9 generation_ms=29577.7 generated=64 generation_tps=2.164
AGENT index=17 mig=31ffbfe4 exit=0 wall_ms=47214 text=5d7dbcf0a7eca76c role=child prefix_tokens=14282 suffix_tokens=22 model_ms=6058.7 context_ms=39.6 state_ms=6.77 prefix_ms=0.0 suffix_ms=585.4 first_token_ms=7433.1 generation_ms=39209.3 generated=64 generation_tps=1.632
AGENT index=18 mig=fafc828a exit=0 wall_ms=36876 text=cb99e4b1c2fd84d5 role=child prefix_tokens=14282 suffix_tokens=21 model_ms=4645.6 context_ms=62.7 state_ms=7.61 prefix_ms=0.0 suffix_ms=584.8 first_token_ms=6024.2 generation_ms=30059.2 generated=64 generation_tps=2.129
MEMORY mem_available_drop_mib=99502 mem_available_before_mib=120280 mem_free_before_mib=26562 pss_anon_mib=4678 pss_file_mib=469 pss_shmem_mib=7441 device_mib=86590 samples=8
END_CASE failed_agents=0 wall_ms=48427
CASE mode=weights agents=61
AGENT index=0 mig=fafc828a exit=0 wall_ms=104984 text=bb92e4befc7eddec role=child prefix_tokens=14282 suffix_tokens=27 model_ms=6681.1 context_ms=189.8 state_ms=843.71 prefix_ms=0.0 suffix_ms=2213.6 first_token_ms=12349.9 generation_ms=92261.6 generated=64 generation_tps=0.694
AGENT index=1 mig=31ffbfe4 exit=0 wall_ms=151430 text=a8d47b5298abb2fc role=child prefix_tokens=14282 suffix_tokens=22 model_ms=7418.5 context_ms=320.2 state_ms=572.16 prefix_ms=0.0 suffix_ms=2810.9 first_token_ms=13365.2 generation_ms=137650.1 generated=64 generation_tps=0.465
AGENT index=2 mig=fafc828a exit=0 wall_ms=106970 text=abfd4eb3fb8ebdd8 role=child prefix_tokens=14282 suffix_tokens=24 model_ms=7576.9 context_ms=662.9 state_ms=1525.46 prefix_ms=0.0 suffix_ms=2329.2 first_token_ms=14653.5 generation_ms=91894.1 generated=64 generation_tps=0.696
AGENT index=3 mig=31ffbfe4 exit=0 wall_ms=151784 text=077e38d3762a4e5d role=child prefix_tokens=14282 suffix_tokens=32 model_ms=6877.8 context_ms=239.3 state_ms=633.20 prefix_ms=0.0 suffix_ms=3098.1 first_token_ms=13422.2 generation_ms=137979.5 generated=64 generation_tps=0.464
AGENT index=4 mig=fafc828a exit=0 wall_ms=106722 text=16f8c0610a09645d role=child prefix_tokens=14282 suffix_tokens=23 model_ms=8086.6 context_ms=673.0 state_ms=1603.20 prefix_ms=0.0 suffix_ms=2573.8 first_token_ms=15150.3 generation_ms=91151.6 generated=64 generation_tps=0.702
AGENT index=5 mig=31ffbfe4 exit=0 wall_ms=152715 text=ff4188d71e02bfdb role=child prefix_tokens=14282 suffix_tokens=26 model_ms=7793.8 context_ms=612.1 state_ms=2025.29 prefix_ms=0.0 suffix_ms=4057.4 first_token_ms=16869.6 generation_ms=135455.4 generated=64 generation_tps=0.472
AGENT index=6 mig=fafc828a exit=0 wall_ms=88876 text=f88f503d1005fa22 role=child prefix_tokens=14282 suffix_tokens=21 model_ms=3994.9 context_ms=527.4 state_ms=227.49 prefix_ms=0.0 suffix_ms=690.3 first_token_ms=7986.9 generation_ms=80483.5 generated=64 generation_tps=0.795
AGENT index=7 mig=31ffbfe4 exit=0 wall_ms=150032 text=f9c832b7cad1a509 role=child prefix_tokens=14282 suffix_tokens=31 model_ms=6605.5 context_ms=323.2 state_ms=793.87 prefix_ms=0.0 suffix_ms=2423.3 first_token_ms=12413.1 generation_ms=137277.3 generated=64 generation_tps=0.466
AGENT index=8 mig=fafc828a exit=0 wall_ms=102196 text=ae3f57b141780268 role=child prefix_tokens=14282 suffix_tokens=18 model_ms=5736.5 context_ms=418.6 state_ms=946.07 prefix_ms=0.0 suffix_ms=1439.6 first_token_ms=10795.8 generation_ms=91009.7 generated=64 generation_tps=0.703
AGENT index=9 mig=31ffbfe4 exit=0 wall_ms=151745 text=a2d016def74ecc62 role=child prefix_tokens=14282 suffix_tokens=18 model_ms=7617.2 context_ms=309.9 state_ms=533.08 prefix_ms=0.0 suffix_ms=2776.7 first_token_ms=13442.4 generation_ms=137903.3 generated=64 generation_tps=0.464
AGENT index=10 mig=fafc828a exit=0 wall_ms=106053 text=a733f3a39259263c role=child prefix_tokens=14282 suffix_tokens=18 model_ms=7562.3 context_ms=573.2 state_ms=1290.19 prefix_ms=0.0 suffix_ms=1502.8 first_token_ms=13152.0 generation_ms=92502.0 generated=64 generation_tps=0.692
AGENT index=11 mig=31ffbfe4 exit=0 wall_ms=153034 text=087278665f3dec68 role=child prefix_tokens=14282 suffix_tokens=22 model_ms=7607.0 context_ms=726.7 state_ms=2060.01 prefix_ms=0.0 suffix_ms=3804.1 first_token_ms=16719.0 generation_ms=135814.1 generated=64 generation_tps=0.471
AGENT index=12 mig=fafc828a exit=0 wall_ms=101351 text=2c93819fe85df763 role=child prefix_tokens=14282 suffix_tokens=21 model_ms=5962.7 context_ms=299.8 state_ms=682.26 prefix_ms=0.0 suffix_ms=959.9 first_token_ms=10270.0 generation_ms=90673.8 generated=64 generation_tps=0.706
AGENT index=13 mig=31ffbfe4 exit=0 wall_ms=153262 text=5d483815f91685a6 role=child prefix_tokens=14282 suffix_tokens=31 model_ms=7871.5 context_ms=432.3 state_ms=1956.24 prefix_ms=0.0 suffix_ms=3984.2 first_token_ms=16614.4 generation_ms=136234.8 generated=64 generation_tps=0.470
AGENT index=14 mig=fafc828a exit=0 wall_ms=103223 text=3f33f20708943e2f role=child prefix_tokens=14282 suffix_tokens=21 model_ms=6490.3 context_ms=234.2 state_ms=877.93 prefix_ms=0.0 suffix_ms=1401.2 first_token_ms=11236.7 generation_ms=91546.7 generated=64 generation_tps=0.699
AGENT index=15 mig=31ffbfe4 exit=0 wall_ms=150609 text=0502c45076359254 role=child prefix_tokens=14282 suffix_tokens=26 model_ms=6734.0 context_ms=213.9 state_ms=660.64 prefix_ms=0.0 suffix_ms=2959.5 first_token_ms=12770.0 generation_ms=137459.1 generated=64 generation_tps=0.466
AGENT index=16 mig=fafc828a exit=0 wall_ms=107886 text=0ebc8757605c5571 role=child prefix_tokens=14282 suffix_tokens=25 model_ms=8047.7 context_ms=531.5 state_ms=1594.07 prefix_ms=0.0 suffix_ms=2843.0 first_token_ms=15328.5 generation_ms=91573.0 generated=64 generation_tps=0.699
AGENT index=17 mig=31ffbfe4 exit=0 wall_ms=138073 text=5d7dbcf0a7eca76c role=child prefix_tokens=14282 suffix_tokens=22 model_ms=6178.0 context_ms=281.0 state_ms=583.12 prefix_ms=0.0 suffix_ms=471.8 first_token_ms=9694.5 generation_ms=128011.9 generated=64 generation_tps=0.500
AGENT index=18 mig=fafc828a exit=0 wall_ms=88525 text=cb99e4b1c2fd84d5 role=child prefix_tokens=14282 suffix_tokens=21 model_ms=4095.6 context_ms=706.4 state_ms=333.23 prefix_ms=0.0 suffix_ms=672.4 first_token_ms=7938.5 generation_ms=80231.5 generated=64 generation_tps=0.798
AGENT index=19 mig=31ffbfe4 exit=0 wall_ms=152162 text=4c7501e634d9bf23 role=child prefix_tokens=14282 suffix_tokens=18 model_ms=7274.6 context_ms=553.5 state_ms=1035.60 prefix_ms=0.0 suffix_ms=2774.8 first_token_ms=14010.3 generation_ms=137787.9 generated=64 generation_tps=0.464
AGENT index=20 mig=fafc828a exit=0 wall_ms=106520 text=b3893059e7e79532 role=child prefix_tokens=14282 suffix_tokens=21 model_ms=7442.7 context_ms=613.1 state_ms=1410.12 prefix_ms=0.0 suffix_ms=1998.1 first_token_ms=13934.6 generation_ms=92189.6 generated=64 generation_tps=0.694
AGENT index=21 mig=31ffbfe4 exit=0 wall_ms=152639 text=284eef78a2286715 role=child prefix_tokens=14282 suffix_tokens=26 model_ms=7801.1 context_ms=401.5 state_ms=1504.87 prefix_ms=0.0 suffix_ms=3563.6 first_token_ms=15475.0 generation_ms=136765.1 generated=64 generation_tps=0.468
AGENT index=22 mig=fafc828a exit=0 wall_ms=108052 text=ad3122b47bf9d41d role=child prefix_tokens=14282 suffix_tokens=27 model_ms=8366.2 context_ms=283.2 state_ms=1528.72 prefix_ms=0.0 suffix_ms=2937.1 first_token_ms=15612.9 generation_ms=91446.1 generated=64 generation_tps=0.700
AGENT index=23 mig=31ffbfe4 exit=0 wall_ms=153530 text=f79224e341ba5115 role=child prefix_tokens=14282 suffix_tokens=17 model_ms=8453.9 context_ms=351.5 state_ms=2136.71 prefix_ms=0.0 suffix_ms=3973.4 first_token_ms=17156.1 generation_ms=135829.7 generated=64 generation_tps=0.471
AGENT index=24 mig=fafc828a exit=0 wall_ms=107991 text=9834d2c93010cb40 role=child prefix_tokens=14282 suffix_tokens=22 model_ms=8057.2 context_ms=346.6 state_ms=1580.61 prefix_ms=0.0 suffix_ms=2631.9 first_token_ms=15203.6 generation_ms=91795.1 generated=64 generation_tps=0.697
AGENT index=25 mig=31ffbfe4 exit=0 wall_ms=153313 text=da4c2dca73ac54e0 role=child prefix_tokens=14282 suffix_tokens=23 model_ms=8157.4 context_ms=444.0 state_ms=2080.41 prefix_ms=0.0 suffix_ms=3751.5 first_token_ms=16652.3 generation_ms=136208.1 generated=64 generation_tps=0.470
AGENT index=26 mig=fafc828a exit=0 wall_ms=107637 text=07ec2de36a00f7a1 role=child prefix_tokens=14282 suffix_tokens=19 model_ms=8195.1 context_ms=364.7 state_ms=1547.57 prefix_ms=0.0 suffix_ms=2643.3 first_token_ms=15256.6 generation_ms=91657.0 generated=64 generation_tps=0.698
AGENT index=27 mig=31ffbfe4 exit=0 wall_ms=153541 text=e1e29071a16e2061 role=child prefix_tokens=14282 suffix_tokens=21 model_ms=8401.7 context_ms=398.1 state_ms=2131.68 prefix_ms=0.0 suffix_ms=3974.9 first_token_ms=17145.1 generation_ms=135869.0 generated=64 generation_tps=0.471
AGENT index=28 mig=fafc828a exit=0 wall_ms=85581 text=1c65ed1020843e8d role=child prefix_tokens=14282 suffix_tokens=20 model_ms=3992.5 context_ms=512.3 state_ms=294.74 prefix_ms=0.0 suffix_ms=467.0 first_token_ms=7676.8 generation_ms=77486.6 generated=64 generation_tps=0.826
AGENT index=29 mig=31ffbfe4 exit=0 wall_ms=151161 text=a72f71cd80731afe role=child prefix_tokens=14282 suffix_tokens=22 model_ms=7375.2 context_ms=464.1 state_ms=523.14 prefix_ms=0.0 suffix_ms=2732.4 first_token_ms=13281.9 generation_ms=137517.0 generated=64 generation_tps=0.465
AGENT index=30 mig=fafc828a exit=0 wall_ms=107915 text=317f6f38771a1e41 role=child prefix_tokens=14282 suffix_tokens=20 model_ms=7993.1 context_ms=390.2 state_ms=1582.51 prefix_ms=0.0 suffix_ms=2676.5 first_token_ms=15227.7 generation_ms=91747.4 generated=64 generation_tps=0.698
AGENT index=31 mig=31ffbfe4 exit=0 wall_ms=151310 text=1b4036771dcdadef role=child prefix_tokens=14282 suffix_tokens=22 model_ms=6960.4 context_ms=460.1 state_ms=488.76 prefix_ms=0.0 suffix_ms=2772.6 first_token_ms=13065.0 generation_ms=137849.7 generated=64 generation_tps=0.464
AGENT index=32 mig=fafc828a exit=0 wall_ms=107283 text=3f50371ecb0032a2 role=child prefix_tokens=14282 suffix_tokens=28 model_ms=8448.0 context_ms=386.1 state_ms=1579.32 prefix_ms=0.0 suffix_ms=2919.3 first_token_ms=15463.6 generation_ms=91243.2 generated=64 generation_tps=0.701
AGENT index=33 mig=31ffbfe4 exit=0 wall_ms=152980 text=5b450cf9627e77b9 role=child prefix_tokens=14282 suffix_tokens=23 model_ms=7576.3 context_ms=731.0 state_ms=1994.35 prefix_ms=0.0 suffix_ms=3679.5 first_token_ms=16333.3 generation_ms=136217.4 generated=64 generation_tps=0.470
AGENT index=34 mig=fafc828a exit=0 wall_ms=106681 text=8fe64643182c4081 role=child prefix_tokens=14282 suffix_tokens=25 model_ms=7284.1 context_ms=414.8 state_ms=1361.98 prefix_ms=0.0 suffix_ms=2215.2 first_token_ms=13916.1 generation_ms=92354.2 generated=64 generation_tps=0.693
AGENT index=35 mig=31ffbfe4 exit=0 wall_ms=150410 text=ab418a5e41977b06 role=child prefix_tokens=14282 suffix_tokens=33 model_ms=6563.8 context_ms=189.0 state_ms=386.62 prefix_ms=0.0 suffix_ms=2940.8 first_token_ms=12522.9 generation_ms=137491.2 generated=64 generation_tps=0.465
AGENT index=36 mig=fafc828a exit=0 wall_ms=107109 text=2852504019aca3b6 role=child prefix_tokens=14282 suffix_tokens=24 model_ms=7874.0 context_ms=622.8 state_ms=1590.44 prefix_ms=0.0 suffix_ms=2536.9 first_token_ms=14949.2 generation_ms=91658.4 generated=64 generation_tps=0.698
AGENT index=37 mig=31ffbfe4 exit=0 wall_ms=153616 text=bef1e0801c6e655f role=child prefix_tokens=14282 suffix_tokens=27 model_ms=8071.0 context_ms=411.6 state_ms=2100.74 prefix_ms=0.0 suffix_ms=4340.7 first_token_ms=17422.2 generation_ms=135619.7 generated=64 generation_tps=0.472
AGENT index=38 mig=fafc828a exit=0 wall_ms=74775 text=03d3cecc4e2c4ef7 role=child prefix_tokens=14282 suffix_tokens=22 model_ms=2861.4 context_ms=943.4 state_ms=140.25 prefix_ms=0.0 suffix_ms=821.9 first_token_ms=7020.2 generation_ms=67347.0 generated=64 generation_tps=0.950
AGENT index=39 mig=31ffbfe4 exit=0 wall_ms=152374 text=f9c832b7cad1a509 role=child prefix_tokens=14282 suffix_tokens=32 model_ms=7563.1 context_ms=385.0 state_ms=1195.02 prefix_ms=0.0 suffix_ms=3295.2 first_token_ms=14738.2 generation_ms=137247.9 generated=64 generation_tps=0.466
AGENT index=40 mig=fafc828a exit=0 wall_ms=107725 text=1bedc9985ebffdf3 role=child prefix_tokens=14282 suffix_tokens=19 model_ms=8130.5 context_ms=439.7 state_ms=1597.40 prefix_ms=0.0 suffix_ms=2608.4 first_token_ms=15116.2 generation_ms=91773.7 generated=64 generation_tps=0.697
AGENT index=41 mig=31ffbfe4 exit=0 wall_ms=153551 text=45248c21a8c64213 role=child prefix_tokens=14282 suffix_tokens=19 model_ms=7790.9 context_ms=554.9 state_ms=2089.79 prefix_ms=0.0 suffix_ms=4021.6 first_token_ms=17061.0 generation_ms=135947.4 generated=64 generation_tps=0.471
AGENT index=42 mig=fafc828a exit=0 wall_ms=107694 text=c2b860976d76c188 role=child prefix_tokens=14282 suffix_tokens=18 model_ms=7839.9 context_ms=605.9 state_ms=1580.63 prefix_ms=0.0 suffix_ms=2624.9 first_token_ms=15150.9 generation_ms=91616.8 generated=64 generation_tps=0.699
AGENT index=43 mig=31ffbfe4 exit=0 wall_ms=153309 text=7f088fd1d1738f8b role=child prefix_tokens=14282 suffix_tokens=22 model_ms=7506.8 context_ms=491.6 state_ms=1970.36 prefix_ms=0.0 suffix_ms=3646.6 first_token_ms=16216.7 generation_ms=136610.3 generated=64 generation_tps=0.468
AGENT index=44 mig=fafc828a exit=0 wall_ms=104264 text=f631ba01e55b49fa role=child prefix_tokens=14282 suffix_tokens=21 model_ms=6322.6 context_ms=288.1 state_ms=1136.92 prefix_ms=0.0 suffix_ms=1950.1 first_token_ms=11808.2 generation_ms=92040.4 generated=64 generation_tps=0.695
AGENT index=45 mig=31ffbfe4 exit=0 wall_ms=151342 text=5d483815f91685a6 role=child prefix_tokens=14282 suffix_tokens=31 model_ms=6321.1 context_ms=309.6 state_ms=798.43 prefix_ms=0.0 suffix_ms=3469.4 first_token_ms=13147.4 generation_ms=137725.9 generated=64 generation_tps=0.465
AGENT index=46 mig=fafc828a exit=0 wall_ms=105703 text=56be8609eb72cb4a role=child prefix_tokens=14282 suffix_tokens=21 model_ms=7642.6 context_ms=472.9 state_ms=1244.35 prefix_ms=0.0 suffix_ms=1425.3 first_token_ms=12869.7 generation_ms=92443.7 generated=64 generation_tps=0.692
AGENT index=47 mig=31ffbfe4 exit=0 wall_ms=153557 text=0d9668c2f9cbc9fc role=child prefix_tokens=14282 suffix_tokens=26 model_ms=7717.2 context_ms=561.3 state_ms=2118.96 prefix_ms=0.0 suffix_ms=4310.5 first_token_ms=17289.2 generation_ms=135709.6 generated=64 generation_tps=0.472
AGENT index=48 mig=fafc828a exit=0 wall_ms=107888 text=27f58a7742c668f5 role=child prefix_tokens=14282 suffix_tokens=25 model_ms=7849.6 context_ms=586.4 state_ms=1587.37 prefix_ms=0.0 suffix_ms=2851.8 first_token_ms=15275.1 generation_ms=91604.5 generated=64 generation_tps=0.699
AGENT index=49 mig=31ffbfe4 exit=0 wall_ms=152624 text=facc2c2ea4689e1e role=child prefix_tokens=14282 suffix_tokens=22 model_ms=7310.4 context_ms=628.2 state_ms=1564.33 prefix_ms=0.0 suffix_ms=3168.9 first_token_ms=15082.5 generation_ms=137129.4 generated=64 generation_tps=0.467
AGENT index=50 mig=fafc828a exit=0 wall_ms=107351 text=64fd37c296cb1dd5 role=child prefix_tokens=14282 suffix_tokens=21 model_ms=7859.6 context_ms=559.0 state_ms=1580.88 prefix_ms=0.0 suffix_ms=2582.4 first_token_ms=15022.8 generation_ms=91672.3 generated=64 generation_tps=0.698
AGENT index=51 mig=31ffbfe4 exit=0 wall_ms=153381 text=4c7501e634d9bf23 role=child prefix_tokens=14282 suffix_tokens=18 model_ms=7740.6 context_ms=566.1 state_ms=2146.67 prefix_ms=0.0 suffix_ms=3905.3 first_token_ms=16907.8 generation_ms=136009.7 generated=64 generation_tps=0.471
AGENT index=52 mig=fafc828a exit=0 wall_ms=107999 text=b3893059e7e79532 role=child prefix_tokens=14282 suffix_tokens=21 model_ms=8108.3 context_ms=282.5 state_ms=1545.46 prefix_ms=0.0 suffix_ms=2648.0 first_token_ms=15169.6 generation_ms=91768.3 generated=64 generation_tps=0.697
AGENT index=53 mig=31ffbfe4 exit=0 wall_ms=151796 text=11e4c2a85150fa06 role=child prefix_tokens=14282 suffix_tokens=26 model_ms=6326.6 context_ms=220.2 state_ms=734.93 prefix_ms=0.0 suffix_ms=3341.9 first_token_ms=13191.6 generation_ms=138214.6 generated=64 generation_tps=0.463
AGENT index=54 mig=fafc828a exit=0 wall_ms=107836 text=3b6f5b9c968721eb role=child prefix_tokens=14282 suffix_tokens=27 model_ms=8295.4 context_ms=254.5 state_ms=1570.85 prefix_ms=0.0 suffix_ms=3050.9 first_token_ms=15686.2 generation_ms=91298.6 generated=64 generation_tps=0.701
AGENT index=55 mig=31ffbfe4 exit=0 wall_ms=150748 text=7e4fad52bd577abf role=child prefix_tokens=14282 suffix_tokens=17 model_ms=6821.3 context_ms=199.1 state_ms=611.86 prefix_ms=0.0 suffix_ms=2839.4 first_token_ms=12847.1 generation_ms=137552.9 generated=64 generation_tps=0.465
AGENT index=56 mig=fafc828a exit=0 wall_ms=107749 text=9834d2c93010cb40 role=child prefix_tokens=14282 suffix_tokens=22 model_ms=8198.7 context_ms=283.2 state_ms=1577.26 prefix_ms=0.0 suffix_ms=2629.4 first_token_ms=15112.8 generation_ms=91763.3 generated=64 generation_tps=0.697
AGENT index=57 mig=31ffbfe4 exit=0 wall_ms=153313 text=a4e76b0a1993f6d6 role=child prefix_tokens=14282 suffix_tokens=23 model_ms=7733.0 context_ms=523.8 state_ms=2089.97 prefix_ms=0.0 suffix_ms=3875.1 first_token_ms=16789.0 generation_ms=136061.7 generated=64 generation_tps=0.470
AGENT index=58 mig=fafc828a exit=0 wall_ms=107611 text=359d7b30e6a9a9fc role=child prefix_tokens=14282 suffix_tokens=19 model_ms=8432.3 context_ms=365.4 state_ms=1562.58 prefix_ms=0.0 suffix_ms=2642.6 first_token_ms=15144.9 generation_ms=91637.1 generated=64 generation_tps=0.698
AGENT index=59 mig=31ffbfe4 exit=0 wall_ms=153024 text=7b1e906b43903ada role=child prefix_tokens=14282 suffix_tokens=21 model_ms=8213.1 context_ms=492.7 state_ms=2062.93 prefix_ms=0.0 suffix_ms=3966.2 first_token_ms=17017.8 generation_ms=135616.1 generated=64 generation_tps=0.472
AGENT index=60 mig=fafc828a exit=0 wall_ms=107318 text=23f27e20526aad11 role=child prefix_tokens=14282 suffix_tokens=20 model_ms=7677.4 context_ms=673.1 state_ms=1589.56 prefix_ms=0.0 suffix_ms=2597.0 first_token_ms=15030.3 generation_ms=91621.1 generated=64 generation_tps=0.699
MEMORY mem_available_drop_mib=97923 mem_available_before_mib=120308 mem_free_before_mib=27289 pss_anon_mib=13940 pss_file_mib=5795 pss_shmem_mib=3550 device_mib=78270 samples=18
END_CASE failed_agents=0 wall_ms=154098
END_KVSTACK
BEGIN_KVSTACK run=4 context=16384 publisher_mig=31ffbfe4 mem_free_mib=29893 kernel_reclaimable_mib=87496
PUBLISH store=stock prefix_tokens=14282 prefix_ms=24856.3 publish_ms=502.99 state_bytes=819216229
PUBLISH store=device prefix_tokens=14282 prefix_ms=25055.1 publish_ms=505.06 state_bytes=819216229
PUBLISH store=huge prefix_tokens=14282 prefix_ms=25117.7 publish_ms=8.20 state_bytes=229221 file_used_kib=802816
CASE mode=weights agents=61
AGENT index=0 mig=31ffbfe4 exit=0 wall_ms=142526 text=4605b6e04b2228eb role=child prefix_tokens=14282 suffix_tokens=27 model_ms=5007.4 context_ms=560.4 state_ms=158.67 prefix_ms=0.0 suffix_ms=836.3 first_token_ms=8233.2 generation_ms=133931.1 generated=64 generation_tps=0.478
AGENT index=1 mig=fafc828a exit=0 wall_ms=104455 text=a5af93194a2d1ced role=child prefix_tokens=14282 suffix_tokens=22 model_ms=8521.3 context_ms=549.4 state_ms=1454.51 prefix_ms=0.0 suffix_ms=2502.8 first_token_ms=15236.0 generation_ms=88788.9 generated=64 generation_tps=0.721
AGENT index=2 mig=31ffbfe4 exit=0 wall_ms=156101 text=37e5f08e6279aa62 role=child prefix_tokens=14282 suffix_tokens=24 model_ms=8601.1 context_ms=612.4 state_ms=2135.43 prefix_ms=0.0 suffix_ms=4088.0 first_token_ms=17654.4 generation_ms=137759.7 generated=64 generation_tps=0.465
AGENT index=3 mig=fafc828a exit=0 wall_ms=105463 text=5e1ac569aa8b0faf role=child prefix_tokens=14282 suffix_tokens=32 model_ms=8490.2 context_ms=637.4 state_ms=1562.25 prefix_ms=0.0 suffix_ms=2905.7 first_token_ms=15910.8 generation_ms=88677.9 generated=64 generation_tps=0.722
AGENT index=4 mig=31ffbfe4 exit=0 wall_ms=153809 text=6e3d8f07cfceb082 role=child prefix_tokens=14282 suffix_tokens=23 model_ms=7465.2 context_ms=243.6 state_ms=1210.96 prefix_ms=0.0 suffix_ms=2619.2 first_token_ms=13764.2 generation_ms=139641.5 generated=64 generation_tps=0.458
AGENT index=5 mig=fafc828a exit=0 wall_ms=104706 text=47179dd0dcd49eb0 role=child prefix_tokens=14282 suffix_tokens=26 model_ms=8325.5 context_ms=447.9 state_ms=1216.48 prefix_ms=0.0 suffix_ms=2439.0 first_token_ms=14717.3 generation_ms=89528.6 generated=64 generation_tps=0.715
AGENT index=6 mig=31ffbfe4 exit=0 wall_ms=154532 text=f88f503d1005fa22 role=child prefix_tokens=14282 suffix_tokens=21 model_ms=7955.4 context_ms=315.4 state_ms=1606.15 prefix_ms=0.0 suffix_ms=2897.6 first_token_ms=14988.2 generation_ms=139196.5 generated=64 generation_tps=0.460
AGENT index=7 mig=fafc828a exit=0 wall_ms=96553 text=f9c832b7cad1a509 role=child prefix_tokens=14282 suffix_tokens=31 model_ms=6710.9 context_ms=193.8 state_ms=559.18 prefix_ms=0.0 suffix_ms=572.7 first_token_ms=10230.1 generation_ms=85952.5 generated=64 generation_tps=0.745
AGENT index=8 mig=31ffbfe4 exit=0 wall_ms=155988 text=a3c806a5411bc6e6 role=child prefix_tokens=14282 suffix_tokens=18 model_ms=8355.8 context_ms=610.3 state_ms=2147.55 prefix_ms=0.0 suffix_ms=4024.5 first_token_ms=17582.6 generation_ms=137774.9 generated=64 generation_tps=0.465
AGENT index=9 mig=fafc828a exit=0 wall_ms=105348 text=a2d016def74ecc62 role=child prefix_tokens=14282 suffix_tokens=18 model_ms=8412.7 context_ms=710.2 state_ms=1563.47 prefix_ms=0.0 suffix_ms=2657.7 first_token_ms=15576.0 generation_ms=88976.9 generated=64 generation_tps=0.719
AGENT index=10 mig=31ffbfe4 exit=0 wall_ms=155551 text=a733f3a39259263c role=child prefix_tokens=14282 suffix_tokens=18 model_ms=8506.4 context_ms=792.8 state_ms=2121.40 prefix_ms=0.0 suffix_ms=4067.2 first_token_ms=17665.9 generation_ms=137431.2 generated=64 generation_tps=0.466
AGENT index=11 mig=fafc828a exit=0 wall_ms=104749 text=ad0d6edf343e5e28 role=child prefix_tokens=14282 suffix_tokens=22 model_ms=8103.4 context_ms=645.3 state_ms=1503.75 prefix_ms=0.0 suffix_ms=2555.3 first_token_ms=15312.4 generation_ms=88972.1 generated=64 generation_tps=0.719
AGENT index=12 mig=31ffbfe4 exit=0 wall_ms=153691 text=2c93819fe85df763 role=child prefix_tokens=14282 suffix_tokens=21 model_ms=7173.5 context_ms=294.9 state_ms=1086.01 prefix_ms=0.0 suffix_ms=2744.5 first_token_ms=13729.6 generation_ms=139552.2 generated=64 generation_tps=0.459
AGENT index=13 mig=fafc828a exit=0 wall_ms=103188 text=5d483815f91685a6 role=child prefix_tokens=14282 suffix_tokens=31 model_ms=7794.1 context_ms=217.8 state_ms=746.64 prefix_ms=0.0 suffix_ms=1911.4 first_token_ms=12924.3 generation_ms=89831.3 generated=64 generation_tps=0.712
AGENT index=14 mig=31ffbfe4 exit=0 wall_ms=155644 text=f8f770d151794139 role=child prefix_tokens=14282 suffix_tokens=21 model_ms=8328.4 context_ms=524.1 state_ms=2136.72 prefix_ms=0.0 suffix_ms=4048.1 first_token_ms=17605.9 generation_ms=137625.2 generated=64 generation_tps=0.465
AGENT index=15 mig=fafc828a exit=0 wall_ms=102692 text=0d9668c2f9cbc9fc role=child prefix_tokens=14282 suffix_tokens=26 model_ms=6979.8 context_ms=240.7 state_ms=812.78 prefix_ms=0.0 suffix_ms=2239.2 first_token_ms=12639.8 generation_ms=89686.2 generated=64 generation_tps=0.714
AGENT index=16 mig=31ffbfe4 exit=0 wall_ms=156019 text=a6ffaf564cadb5d1 role=child prefix_tokens=14282 suffix_tokens=25 model_ms=8241.4 context_ms=660.6 state_ms=2109.33 prefix_ms=0.0 suffix_ms=4311.0 first_token_ms=17701.9 generation_ms=137682.4 generated=64 generation_tps=0.465
AGENT index=17 mig=fafc828a exit=0 wall_ms=102937 text=6bd685fbc4b441ec role=child prefix_tokens=14282 suffix_tokens=22 model_ms=8036.9 context_ms=332.6 state_ms=804.83 prefix_ms=0.0 suffix_ms=1443.0 first_token_ms=12844.2 generation_ms=89708.1 generated=64 generation_tps=0.713
AGENT index=18 mig=31ffbfe4 exit=0 wall_ms=153993 text=ba15e410535ababc role=child prefix_tokens=14282 suffix_tokens=21 model_ms=7539.5 context_ms=289.1 state_ms=1237.00 prefix_ms=0.0 suffix_ms=2611.0 first_token_ms=13865.7 generation_ms=139732.2 generated=64 generation_tps=0.458
AGENT index=19 mig=fafc828a exit=0 wall_ms=98996 text=4c7501e634d9bf23 role=child prefix_tokens=14282 suffix_tokens=18 model_ms=6704.1 context_ms=289.6 state_ms=631.46 prefix_ms=0.0 suffix_ms=714.5 first_token_ms=10803.7 generation_ms=87834.9 generated=64 generation_tps=0.729
AGENT index=20 mig=31ffbfe4 exit=0 wall_ms=155871 text=b3893059e7e79532 role=child prefix_tokens=14282 suffix_tokens=21 model_ms=8459.5 context_ms=583.6 state_ms=2124.72 prefix_ms=0.0 suffix_ms=4097.7 first_token_ms=17644.5 generation_ms=137629.1 generated=64 generation_tps=0.465
AGENT index=21 mig=fafc828a exit=0 wall_ms=66718 text=284eef78a2286715 role=child prefix_tokens=14282 suffix_tokens=26 model_ms=4247.6 context_ms=510.3 state_ms=164.29 prefix_ms=0.0 suffix_ms=503.0 first_token_ms=7718.6 generation_ms=58607.6 generated=64 generation_tps=1.092
AGENT index=22 mig=31ffbfe4 exit=0 wall_ms=142493 text=ad3122b47bf9d41d role=child prefix_tokens=14282 suffix_tokens=27 model_ms=5239.9 context_ms=539.9 state_ms=262.78 prefix_ms=0.0 suffix_ms=890.7 first_token_ms=8201.5 generation_ms=133899.4 generated=64 generation_tps=0.478
AGENT index=23 mig=fafc828a exit=0 wall_ms=102346 text=fd9dec9936f784ff role=child prefix_tokens=14282 suffix_tokens=17 model_ms=7364.5 context_ms=218.2 state_ms=773.75 prefix_ms=0.0 suffix_ms=1931.1 first_token_ms=12400.3 generation_ms=89560.0 generated=64 generation_tps=0.715
AGENT index=24 mig=31ffbfe4 exit=0 wall_ms=155958 text=9834d2c93010cb40 role=child prefix_tokens=14282 suffix_tokens=22 model_ms=8321.2 context_ms=651.9 state_ms=2122.59 prefix_ms=0.0 suffix_ms=4002.5 first_token_ms=17472.5 generation_ms=137882.9 generated=64 generation_tps=0.464
AGENT index=25 mig=fafc828a exit=0 wall_ms=104850 text=d4e1fcaa961685d1 role=child prefix_tokens=14282 suffix_tokens=23 model_ms=8800.4 context_ms=424.4 state_ms=1557.90 prefix_ms=0.0 suffix_ms=2666.7 first_token_ms=15615.3 generation_ms=88788.9 generated=64 generation_tps=0.721
AGENT index=26 mig=31ffbfe4 exit=0 wall_ms=141676 text=9e35020256b4a71c role=child prefix_tokens=14282 suffix_tokens=19 model_ms=4158.3 context_ms=540.3 state_ms=265.11 prefix_ms=0.0 suffix_ms=704.0 first_token_ms=7991.5 generation_ms=133323.9 generated=64 generation_tps=0.480
AGENT index=27 mig=fafc828a exit=0 wall_ms=103234 text=178df8f18d21f57e role=child prefix_tokens=14282 suffix_tokens=21 model_ms=7757.2 context_ms=602.2 state_ms=1145.85 prefix_ms=0.0 suffix_ms=1972.1 first_token_ms=14065.6 generation_ms=88804.2 generated=64 generation_tps=0.721
AGENT index=28 mig=31ffbfe4 exit=0 wall_ms=152702 text=15c67d79a860da75 role=child prefix_tokens=14282 suffix_tokens=20 model_ms=6338.0 context_ms=271.4 state_ms=969.45 prefix_ms=0.0 suffix_ms=2805.5 first_token_ms=12947.2 generation_ms=139402.4 generated=64 generation_tps=0.459
AGENT index=29 mig=fafc828a exit=0 wall_ms=105169 text=a72f71cd80731afe role=child prefix_tokens=14282 suffix_tokens=22 model_ms=8247.5 context_ms=390.2 state_ms=1576.88 prefix_ms=0.0 suffix_ms=2671.2 first_token_ms=15637.0 generation_ms=88901.2 generated=64 generation_tps=0.720
AGENT index=30 mig=31ffbfe4 exit=0 wall_ms=155534 text=317f6f38771a1e41 role=child prefix_tokens=14282 suffix_tokens=20 model_ms=8304.5 context_ms=750.3 state_ms=2109.91 prefix_ms=0.0 suffix_ms=3946.7 first_token_ms=17325.4 generation_ms=137786.9 generated=64 generation_tps=0.464
AGENT index=31 mig=fafc828a exit=0 wall_ms=104157 text=d52293b0dc058085 role=child prefix_tokens=14282 suffix_tokens=22 model_ms=8351.2 context_ms=798.2 state_ms=1525.59 prefix_ms=0.0 suffix_ms=2597.9 first_token_ms=15396.6 generation_ms=88366.6 generated=64 generation_tps=0.724
AGENT index=32 mig=31ffbfe4 exit=0 wall_ms=154000 text=a067a6895417f0e8 role=child prefix_tokens=14282 suffix_tokens=28 model_ms=6674.3 context_ms=400.2 state_ms=1113.42 prefix_ms=0.0 suffix_ms=3245.1 first_token_ms=13746.8 generation_ms=139845.2 generated=64 generation_tps=0.458
AGENT index=33 mig=fafc828a exit=0 wall_ms=69201 text=5b450cf9627e77b9 role=child prefix_tokens=14282 suffix_tokens=23 model_ms=3911.9 context_ms=541.3 state_ms=263.33 prefix_ms=0.0 suffix_ms=517.2 first_token_ms=7793.1 generation_ms=61038.5 generated=64 generation_tps=1.049
AGENT index=34 mig=31ffbfe4 exit=0 wall_ms=156059 text=5c09b6f1d055319b role=child prefix_tokens=14282 suffix_tokens=25 model_ms=8172.1 context_ms=678.2 state_ms=2159.70 prefix_ms=0.0 suffix_ms=4359.2 first_token_ms=17868.1 generation_ms=137460.6 generated=64 generation_tps=0.466
AGENT index=35 mig=fafc828a exit=0 wall_ms=104894 text=077e38d3762a4e5d role=child prefix_tokens=14282 suffix_tokens=33 model_ms=8092.0 context_ms=604.1 state_ms=1303.36 prefix_ms=0.0 suffix_ms=2963.5 first_token_ms=15321.2 generation_ms=89077.0 generated=64 generation_tps=0.718
AGENT index=36 mig=31ffbfe4 exit=0 wall_ms=156027 text=836ebfaf7d21007d role=child prefix_tokens=14282 suffix_tokens=24 model_ms=7998.8 context_ms=647.6 state_ms=2159.97 prefix_ms=0.0 suffix_ms=4086.3 first_token_ms=17543.3 generation_ms=137766.7 generated=64 generation_tps=0.465
AGENT index=37 mig=fafc828a exit=0 wall_ms=103713 text=b5c1cde845350686 role=child prefix_tokens=14282 suffix_tokens=27 model_ms=7687.9 context_ms=408.1 state_ms=947.53 prefix_ms=0.0 suffix_ms=1836.6 first_token_ms=13460.3 generation_ms=89785.4 generated=64 generation_tps=0.713
AGENT index=38 mig=31ffbfe4 exit=0 wall_ms=155755 text=e57f2865bc99ed0e role=child prefix_tokens=14282 suffix_tokens=22 model_ms=8076.0 context_ms=815.7 state_ms=2079.15 prefix_ms=0.0 suffix_ms=3904.0 first_token_ms=17140.5 generation_ms=138125.6 generated=64 generation_tps=0.463
AGENT index=39 mig=fafc828a exit=0 wall_ms=103706 text=f9c832b7cad1a509 role=child prefix_tokens=14282 suffix_tokens=32 model_ms=7646.2 context_ms=479.4 state_ms=977.20 prefix_ms=0.0 suffix_ms=1878.3 first_token_ms=13584.1 generation_ms=89645.2 generated=64 generation_tps=0.714
AGENT index=40 mig=31ffbfe4 exit=0 wall_ms=155362 text=1bedc9985ebffdf3 role=child prefix_tokens=14282 suffix_tokens=19 model_ms=8101.1 context_ms=586.8 state_ms=2144.12 prefix_ms=0.0 suffix_ms=4038.6 first_token_ms=17506.5 generation_ms=137453.0 generated=64 generation_tps=0.466
AGENT index=41 mig=fafc828a exit=0 wall_ms=104017 text=3be32d4f1f40e878 role=child prefix_tokens=14282 suffix_tokens=19 model_ms=7759.7 context_ms=525.4 state_ms=1149.97 prefix_ms=0.0 suffix_ms=1895.4 first_token_ms=13893.9 generation_ms=89734.2 generated=64 generation_tps=0.713
AGENT index=42 mig=31ffbfe4 exit=0 wall_ms=155685 text=519b2de5b706a49d role=child prefix_tokens=14282 suffix_tokens=18 model_ms=8172.2 context_ms=655.1 state_ms=2127.27 prefix_ms=0.0 suffix_ms=4080.8 first_token_ms=17514.1 generation_ms=137676.4 generated=64 generation_tps=0.465
AGENT index=43 mig=fafc828a exit=0 wall_ms=100441 text=ad92edad967aef00 role=child prefix_tokens=14282 suffix_tokens=22 model_ms=7039.7 context_ms=198.4 state_ms=640.13 prefix_ms=0.0 suffix_ms=1104.7 first_token_ms=11203.7 generation_ms=88878.4 generated=64 generation_tps=0.720
AGENT index=44 mig=31ffbfe4 exit=0 wall_ms=153349 text=806eb5a225900d3a role=child prefix_tokens=14282 suffix_tokens=21 model_ms=6445.7 context_ms=351.9 state_ms=1119.39 prefix_ms=0.0 suffix_ms=3037.0 first_token_ms=13389.5 generation_ms=139590.1 generated=64 generation_tps=0.458
AGENT index=45 mig=fafc828a exit=0 wall_ms=104182 text=9f441c92dda94d6e role=child prefix_tokens=14282 suffix_tokens=31 model_ms=7931.1 context_ms=625.6 state_ms=1146.64 prefix_ms=0.0 suffix_ms=2351.3 first_token_ms=14379.8 generation_ms=89451.9 generated=64 generation_tps=0.715
AGENT index=46 mig=31ffbfe4 exit=0 wall_ms=154872 text=3f33f20708943e2f role=child prefix_tokens=14282 suffix_tokens=21 model_ms=7413.1 context_ms=389.5 state_ms=1834.98 prefix_ms=0.0 suffix_ms=3378.2 first_token_ms=15786.4 generation_ms=138737.7 generated=64 generation_tps=0.461
AGENT index=47 mig=fafc828a exit=0 wall_ms=105060 text=0d9668c2f9cbc9fc role=child prefix_tokens=14282 suffix_tokens=26 model_ms=7809.3 context_ms=587.3 state_ms=1339.46 prefix_ms=0.0 suffix_ms=2735.9 first_token_ms=15129.7 generation_ms=89262.3 generated=64 generation_tps=0.717
AGENT index=48 mig=31ffbfe4 exit=0 wall_ms=143428 text=27f58a7742c668f5 role=child prefix_tokens=14282 suffix_tokens=25 model_ms=4675.6 context_ms=553.0 state_ms=132.99 prefix_ms=0.0 suffix_ms=967.4 first_token_ms=8362.2 generation_ms=134674.2 generated=64 generation_tps=0.475
AGENT index=49 mig=fafc828a exit=0 wall_ms=105185 text=6bd685fbc4b441ec role=child prefix_tokens=14282 suffix_tokens=22 model_ms=8074.4 context_ms=578.4 state_ms=1567.71 prefix_ms=0.0 suffix_ms=2663.1 first_token_ms=15514.4 generation_ms=88918.3 generated=64 generation_tps=0.720
AGENT index=50 mig=31ffbfe4 exit=0 wall_ms=146329 text=802dc3b79f95f0ef role=child prefix_tokens=14282 suffix_tokens=21 model_ms=4689.3 context_ms=287.6 state_ms=534.50 prefix_ms=0.0 suffix_ms=1316.6 first_token_ms=9216.9 generation_ms=136764.8 generated=64 generation_tps=0.468
AGENT index=51 mig=fafc828a exit=0 wall_ms=104376 text=88ab36014083e9b4 role=child prefix_tokens=14282 suffix_tokens=18 model_ms=8129.1 context_ms=506.1 state_ms=1434.62 prefix_ms=0.0 suffix_ms=2477.4 first_token_ms=15016.7 generation_ms=88930.9 generated=64 generation_tps=0.720
AGENT index=52 mig=31ffbfe4 exit=0 wall_ms=155631 text=56ae1f5c8f39885b role=child prefix_tokens=14282 suffix_tokens=21 model_ms=8293.6 context_ms=615.3 state_ms=2112.97 prefix_ms=0.0 suffix_ms=3935.3 first_token_ms=17207.0 generation_ms=137982.8 generated=64 generation_tps=0.464
AGENT index=53 mig=fafc828a exit=0 wall_ms=104860 text=11e4c2a85150fa06 role=child prefix_tokens=14282 suffix_tokens=26 model_ms=8085.2 context_ms=673.4 state_ms=1565.88 prefix_ms=0.0 suffix_ms=2909.3 first_token_ms=15738.0 generation_ms=88597.9 generated=64 generation_tps=0.722
AGENT index=54 mig=31ffbfe4 exit=0 wall_ms=143183 text=3b6f5b9c968721eb role=child prefix_tokens=14282 suffix_tokens=27 model_ms=4025.5 context_ms=611.2 state_ms=159.11 prefix_ms=0.0 suffix_ms=937.0 first_token_ms=8213.0 generation_ms=134591.7 generated=64 generation_tps=0.476
AGENT index=55 mig=fafc828a exit=0 wall_ms=104929 text=7e4fad52bd577abf role=child prefix_tokens=14282 suffix_tokens=17 model_ms=8491.3 context_ms=661.3 state_ms=1580.40 prefix_ms=0.0 suffix_ms=2702.4 first_token_ms=15536.4 generation_ms=88837.8 generated=64 generation_tps=0.720
AGENT index=56 mig=31ffbfe4 exit=0 wall_ms=153284 text=9834d2c93010cb40 role=child prefix_tokens=14282 suffix_tokens=22 model_ms=6524.4 context_ms=384.3 state_ms=1108.66 prefix_ms=0.0 suffix_ms=3030.6 first_token_ms=13468.3 generation_ms=139433.0 generated=64 generation_tps=0.459
AGENT index=57 mig=fafc828a exit=0 wall_ms=105153 text=50630b6612aba7b8 role=child prefix_tokens=14282 suffix_tokens=23 model_ms=7906.8 context_ms=765.8 state_ms=1571.19 prefix_ms=0.0 suffix_ms=2646.8 first_token_ms=15447.2 generation_ms=88962.7 generated=64 generation_tps=0.719
AGENT index=58 mig=31ffbfe4 exit=0 wall_ms=154556 text=9ca71337e20d8558 role=child prefix_tokens=14282 suffix_tokens=19 model_ms=7932.7 context_ms=600.4 state_ms=2023.62 prefix_ms=0.0 suffix_ms=3729.0 first_token_ms=16724.8 generation_ms=137465.7 generated=64 generation_tps=0.466
AGENT index=59 mig=fafc828a exit=0 wall_ms=105227 text=a0d59f42adbdb7a7 role=child prefix_tokens=14282 suffix_tokens=21 model_ms=8012.7 context_ms=617.7 state_ms=1571.05 prefix_ms=0.0 suffix_ms=2661.8 first_token_ms=15493.1 generation_ms=88933.2 generated=64 generation_tps=0.720
AGENT index=60 mig=31ffbfe4 exit=0 wall_ms=151557 text=b1fe3c81bfb2916f role=child prefix_tokens=14282 suffix_tokens=20 model_ms=5858.4 context_ms=331.4 state_ms=1053.83 prefix_ms=0.0 suffix_ms=2130.0 first_token_ms=11884.2 generation_ms=139335.9 generated=64 generation_tps=0.459
MEMORY mem_available_drop_mib=97810 mem_available_before_mib=120217 mem_free_before_mib=27145 pss_anon_mib=13929 pss_file_mib=5800 pss_shmem_mib=3550 device_mib=78256 samples=16
END_CASE failed_agents=0 wall_ms=156530
CASE mode=kv agents=19
AGENT index=0 mig=31ffbfe4 exit=0 wall_ms=49284 text=4605b6e04b2228eb role=child prefix_tokens=14282 suffix_tokens=27 model_ms=4463.0 context_ms=38.0 state_ms=6.95 prefix_ms=0.0 suffix_ms=514.9 first_token_ms=5743.1 generation_ms=43142.9 generated=64 generation_tps=1.483
AGENT index=1 mig=fafc828a exit=0 wall_ms=19470 text=a5af93194a2d1ced role=child prefix_tokens=14282 suffix_tokens=22 model_ms=2874.5 context_ms=60.6 state_ms=7.52 prefix_ms=0.0 suffix_ms=185.9 first_token_ms=3823.6 generation_ms=15219.5 generated=64 generation_tps=4.205
AGENT index=2 mig=31ffbfe4 exit=0 wall_ms=52244 text=37e5f08e6279aa62 role=child prefix_tokens=14282 suffix_tokens=24 model_ms=13147.1 context_ms=34.1 state_ms=6.48 prefix_ms=0.0 suffix_ms=1420.0 first_token_ms=15303.6 generation_ms=36506.4 generated=64 generation_tps=1.753
AGENT index=3 mig=fafc828a exit=0 wall_ms=33389 text=5e1ac569aa8b0faf role=child prefix_tokens=14282 suffix_tokens=32 model_ms=6297.7 context_ms=38.3 state_ms=6.53 prefix_ms=0.0 suffix_ms=547.3 first_token_ms=7588.1 generation_ms=25235.1 generated=64 generation_tps=2.536
AGENT index=4 mig=31ffbfe4 exit=0 wall_ms=51976 text=6e3d8f07cfceb082 role=child prefix_tokens=14282 suffix_tokens=23 model_ms=8808.1 context_ms=34.4 state_ms=6.31 prefix_ms=0.0 suffix_ms=1281.5 first_token_ms=10835.3 generation_ms=40597.3 generated=64 generation_tps=1.576
AGENT index=5 mig=fafc828a exit=0 wall_ms=32514 text=47179dd0dcd49eb0 role=child prefix_tokens=14282 suffix_tokens=26 model_ms=5910.3 context_ms=37.7 state_ms=6.54 prefix_ms=0.0 suffix_ms=312.4 first_token_ms=6969.3 generation_ms=25084.7 generated=64 generation_tps=2.551
AGENT index=6 mig=31ffbfe4 exit=0 wall_ms=49717 text=f88f503d1005fa22 role=child prefix_tokens=14282 suffix_tokens=21 model_ms=4474.7 context_ms=60.9 state_ms=8.87 prefix_ms=0.0 suffix_ms=677.0 first_token_ms=5926.7 generation_ms=43260.2 generated=64 generation_tps=1.479
AGENT index=7 mig=fafc828a exit=0 wall_ms=34661 text=f9c832b7cad1a509 role=child prefix_tokens=14282 suffix_tokens=31 model_ms=8098.6 context_ms=33.8 state_ms=6.38 prefix_ms=0.0 suffix_ms=884.5 first_token_ms=9760.6 generation_ms=24415.7 generated=64 generation_tps=2.621
AGENT index=8 mig=31ffbfe4 exit=0 wall_ms=50137 text=a3c806a5411bc6e6 role=child prefix_tokens=14282 suffix_tokens=18 model_ms=4890.4 context_ms=50.7 state_ms=6.35 prefix_ms=0.0 suffix_ms=772.8 first_token_ms=6412.1 generation_ms=43306.0 generated=64 generation_tps=1.478
AGENT index=9 mig=fafc828a exit=0 wall_ms=34755 text=a2d016def74ecc62 role=child prefix_tokens=14282 suffix_tokens=18 model_ms=8600.1 context_ms=34.3 state_ms=6.07 prefix_ms=0.0 suffix_ms=865.5 first_token_ms=10188.9 generation_ms=24029.1 generated=64 generation_tps=2.663
AGENT index=10 mig=31ffbfe4 exit=0 wall_ms=49982 text=a733f3a39259263c role=child prefix_tokens=14282 suffix_tokens=18 model_ms=4491.0 context_ms=75.9 state_ms=12.46 prefix_ms=0.0 suffix_ms=736.5 first_token_ms=6038.0 generation_ms=43339.9 generated=64 generation_tps=1.477
AGENT index=11 mig=fafc828a exit=0 wall_ms=33271 text=ad0d6edf343e5e28 role=child prefix_tokens=14282 suffix_tokens=22 model_ms=6226.5 context_ms=40.6 state_ms=6.21 prefix_ms=0.0 suffix_ms=483.9 first_token_ms=7465.2 generation_ms=25319.0 generated=64 generation_tps=2.528
AGENT index=12 mig=31ffbfe4 exit=0 wall_ms=51596 text=2c93819fe85df763 role=child prefix_tokens=14282 suffix_tokens=21 model_ms=7513.1 context_ms=36.4 state_ms=6.21 prefix_ms=0.0 suffix_ms=1158.3 first_token_ms=9442.4 generation_ms=41673.3 generated=64 generation_tps=1.536
AGENT index=13 mig=fafc828a exit=0 wall_ms=33092 text=5d483815f91685a6 role=child prefix_tokens=14282 suffix_tokens=31 model_ms=5969.2 context_ms=34.5 state_ms=6.37 prefix_ms=0.0 suffix_ms=418.4 first_token_ms=7181.1 generation_ms=25280.2 generated=64 generation_tps=2.532
AGENT index=14 mig=31ffbfe4 exit=0 wall_ms=50610 text=f8f770d151794139 role=child prefix_tokens=14282 suffix_tokens=21 model_ms=5398.3 context_ms=38.2 state_ms=6.35 prefix_ms=0.0 suffix_ms=946.7 first_token_ms=7094.5 generation_ms=43079.5 generated=64 generation_tps=1.486
AGENT index=15 mig=fafc828a exit=0 wall_ms=34565 text=0d9668c2f9cbc9fc role=child prefix_tokens=14282 suffix_tokens=26 model_ms=7612.3 context_ms=39.9 state_ms=6.33 prefix_ms=0.0 suffix_ms=786.0 first_token_ms=9176.8 generation_ms=24829.8 generated=64 generation_tps=2.578
AGENT index=16 mig=31ffbfe4 exit=0 wall_ms=49910 text=a6ffaf564cadb5d1 role=child prefix_tokens=14282 suffix_tokens=25 model_ms=4489.9 context_ms=55.6 state_ms=6.34 prefix_ms=0.0 suffix_ms=744.1 first_token_ms=6010.6 generation_ms=43314.1 generated=64 generation_tps=1.478
AGENT index=17 mig=fafc828a exit=0 wall_ms=34525 text=6bd685fbc4b441ec role=child prefix_tokens=14282 suffix_tokens=22 model_ms=7575.6 context_ms=44.7 state_ms=6.62 prefix_ms=0.0 suffix_ms=709.2 first_token_ms=9100.0 generation_ms=24856.4 generated=64 generation_tps=2.575
AGENT index=18 mig=31ffbfe4 exit=0 wall_ms=50906 text=ba15e410535ababc role=child prefix_tokens=14282 suffix_tokens=21 model_ms=5909.1 context_ms=39.0 state_ms=6.33 prefix_ms=0.0 suffix_ms=1000.1 first_token_ms=7693.7 generation_ms=42824.7 generated=64 generation_tps=1.494
MEMORY mem_available_drop_mib=99232 mem_available_before_mib=120280 mem_free_before_mib=27185 pss_anon_mib=4450 pss_file_mib=469 pss_shmem_mib=7441 device_mib=86576 samples=5
END_CASE failed_agents=0 wall_ms=52387
CASE mode=none agents=16
AGENT index=0 mig=31ffbfe4 exit=0 wall_ms=41631 text=4605b6e04b2228eb role=child prefix_tokens=14282 suffix_tokens=27 model_ms=3815.5 context_ms=127.6 state_ms=343.42 prefix_ms=0.0 suffix_ms=846.4 first_token_ms=5754.6 generation_ms=34862.2 generated=64 generation_tps=1.836
AGENT index=1 mig=fafc828a exit=0 wall_ms=29712 text=a5af93194a2d1ced role=child prefix_tokens=14282 suffix_tokens=22 model_ms=3608.6 context_ms=55.1 state_ms=297.30 prefix_ms=0.0 suffix_ms=312.2 first_token_ms=4875.0 generation_ms=24299.2 generated=64 generation_tps=2.634
AGENT index=2 mig=31ffbfe4 exit=0 wall_ms=41781 text=37e5f08e6279aa62 role=child prefix_tokens=14282 suffix_tokens=24 model_ms=6974.0 context_ms=102.9 state_ms=834.62 prefix_ms=0.0 suffix_ms=1143.1 first_token_ms=9663.6 generation_ms=31600.0 generated=64 generation_tps=2.025
AGENT index=3 mig=fafc828a exit=0 wall_ms=30929 text=5e1ac569aa8b0faf role=child prefix_tokens=14282 suffix_tokens=32 model_ms=3831.1 context_ms=131.2 state_ms=312.60 prefix_ms=0.0 suffix_ms=625.2 first_token_ms=5465.7 generation_ms=24438.0 generated=64 generation_tps=2.619
AGENT index=4 mig=31ffbfe4 exit=0 wall_ms=41650 text=6e3d8f07cfceb082 role=child prefix_tokens=14282 suffix_tokens=23 model_ms=3917.4 context_ms=80.2 state_ms=238.91 prefix_ms=0.0 suffix_ms=657.6 first_token_ms=5455.5 generation_ms=34906.8 generated=64 generation_tps=1.833
AGENT index=5 mig=fafc828a exit=0 wall_ms=31001 text=47179dd0dcd49eb0 role=child prefix_tokens=14282 suffix_tokens=26 model_ms=3868.5 context_ms=69.2 state_ms=292.92 prefix_ms=0.0 suffix_ms=664.4 first_token_ms=5483.5 generation_ms=24457.0 generated=64 generation_tps=2.617
AGENT index=6 mig=31ffbfe4 exit=0 wall_ms=41648 text=f88f503d1005fa22 role=child prefix_tokens=14282 suffix_tokens=21 model_ms=3724.7 context_ms=108.4 state_ms=413.86 prefix_ms=0.0 suffix_ms=693.1 first_token_ms=5515.0 generation_ms=34865.2 generated=64 generation_tps=1.836
AGENT index=7 mig=fafc828a exit=0 wall_ms=30947 text=f9c832b7cad1a509 role=child prefix_tokens=14282 suffix_tokens=31 model_ms=3941.1 context_ms=59.6 state_ms=294.93 prefix_ms=0.0 suffix_ms=703.0 first_token_ms=5600.5 generation_ms=24372.7 generated=64 generation_tps=2.626
AGENT index=8 mig=31ffbfe4 exit=0 wall_ms=41694 text=a3c806a5411bc6e6 role=child prefix_tokens=14282 suffix_tokens=18 model_ms=4239.0 context_ms=119.7 state_ms=598.98 prefix_ms=0.0 suffix_ms=977.5 first_token_ms=6573.7 generation_ms=34347.1 generated=64 generation_tps=1.863
AGENT index=9 mig=fafc828a exit=0 wall_ms=31069 text=a2d016def74ecc62 role=child prefix_tokens=14282 suffix_tokens=18 model_ms=4203.7 context_ms=58.1 state_ms=632.63 prefix_ms=0.0 suffix_ms=689.3 first_token_ms=6187.4 generation_ms=24008.3 generated=64 generation_tps=2.666
AGENT index=10 mig=31ffbfe4 exit=0 wall_ms=41302 text=a733f3a39259263c role=child prefix_tokens=14282 suffix_tokens=18 model_ms=3638.0 context_ms=76.4 state_ms=449.55 prefix_ms=0.0 suffix_ms=638.2 first_token_ms=5432.5 generation_ms=34946.0 generated=64 generation_tps=1.831
AGENT index=11 mig=fafc828a exit=0 wall_ms=30664 text=ad0d6edf343e5e28 role=child prefix_tokens=14282 suffix_tokens=22 model_ms=3789.2 context_ms=122.0 state_ms=307.68 prefix_ms=0.0 suffix_ms=481.1 first_token_ms=5259.8 generation_ms=24470.1 generated=64 generation_tps=2.615
AGENT index=12 mig=31ffbfe4 exit=0 wall_ms=41662 text=2c93819fe85df763 role=child prefix_tokens=14282 suffix_tokens=21 model_ms=4306.6 context_ms=91.7 state_ms=596.56 prefix_ms=0.0 suffix_ms=1003.4 first_token_ms=6615.2 generation_ms=34275.0 generated=64 generation_tps=1.867
AGENT index=13 mig=fafc828a exit=0 wall_ms=31113 text=5d483815f91685a6 role=child prefix_tokens=14282 suffix_tokens=31 model_ms=5067.5 context_ms=101.0 state_ms=781.53 prefix_ms=0.0 suffix_ms=858.5 first_token_ms=7398.7 generation_ms=22966.2 generated=64 generation_tps=2.787
AGENT index=14 mig=31ffbfe4 exit=0 wall_ms=41346 text=f8f770d151794139 role=child prefix_tokens=14282 suffix_tokens=21 model_ms=3749.2 context_ms=137.5 state_ms=351.34 prefix_ms=0.0 suffix_ms=705.8 first_token_ms=5497.2 generation_ms=34856.7 generated=64 generation_tps=1.836
AGENT index=15 mig=fafc828a exit=0 wall_ms=30706 text=0d9668c2f9cbc9fc role=child prefix_tokens=14282 suffix_tokens=26 model_ms=3771.7 context_ms=127.6 state_ms=342.33 prefix_ms=0.0 suffix_ms=624.3 first_token_ms=5461.8 generation_ms=24439.4 generated=64 generation_tps=2.619
MEMORY mem_available_drop_mib=98091 mem_available_before_mib=120292 mem_free_before_mib=27414 pss_anon_mib=3652 pss_file_mib=408 pss_shmem_mib=5609 device_mib=87248 samples=7
END_CASE failed_agents=0 wall_ms=41908
END_KVSTACK
BEGIN_KVSTACK run=5 context=16384 publisher_mig=fafc828a mem_free_mib=29397 kernel_reclaimable_mib=88057
PUBLISH store=stock prefix_tokens=14282 prefix_ms=16877.3 publish_ms=501.38 state_bytes=819216229
PUBLISH store=device prefix_tokens=14282 prefix_ms=16974.6 publish_ms=502.97 state_bytes=819216229
PUBLISH store=huge prefix_tokens=14282 prefix_ms=17031.1 publish_ms=8.60 state_bytes=229221 file_used_kib=802816
CASE mode=none agents=16
AGENT index=0 mig=fafc828a exit=0 wall_ms=30156 text=bb92e4befc7eddec role=child prefix_tokens=14282 suffix_tokens=27 model_ms=4846.5 context_ms=82.5 state_ms=746.03 prefix_ms=0.0 suffix_ms=827.3 first_token_ms=7125.0 generation_ms=22435.0 generated=64 generation_tps=2.853
AGENT index=1 mig=31ffbfe4 exit=0 wall_ms=32950 text=a8d47b5298abb2fc role=child prefix_tokens=14282 suffix_tokens=22 model_ms=2191.7 context_ms=313.3 state_ms=434.25 prefix_ms=0.0 suffix_ms=345.4 first_token_ms=3640.3 generation_ms=28927.7 generated=64 generation_tps=2.212
AGENT index=2 mig=fafc828a exit=0 wall_ms=30102 text=abfd4eb3fb8ebdd8 role=child prefix_tokens=14282 suffix_tokens=24 model_ms=4153.5 context_ms=70.9 state_ms=658.48 prefix_ms=0.0 suffix_ms=670.2 first_token_ms=6142.2 generation_ms=23272.7 generated=64 generation_tps=2.750
AGENT index=3 mig=31ffbfe4 exit=0 wall_ms=39118 text=077e38d3762a4e5d role=child prefix_tokens=14282 suffix_tokens=32 model_ms=4410.9 context_ms=50.2 state_ms=223.97 prefix_ms=0.0 suffix_ms=474.9 first_token_ms=5762.0 generation_ms=33003.7 generated=64 generation_tps=1.939
AGENT index=4 mig=fafc828a exit=0 wall_ms=29888 text=16f8c0610a09645d role=child prefix_tokens=14282 suffix_tokens=23 model_ms=3699.5 context_ms=62.9 state_ms=267.10 prefix_ms=0.0 suffix_ms=535.8 first_token_ms=5199.8 generation_ms=23816.5 generated=64 generation_tps=2.687
AGENT index=5 mig=31ffbfe4 exit=0 wall_ms=39878 text=ff4188d71e02bfdb role=child prefix_tokens=14282 suffix_tokens=26 model_ms=4633.4 context_ms=53.0 state_ms=315.27 prefix_ms=0.0 suffix_ms=711.0 first_token_ms=6310.0 generation_ms=33056.7 generated=64 generation_tps=1.936
AGENT index=6 mig=fafc828a exit=0 wall_ms=29941 text=f88f503d1005fa22 role=child prefix_tokens=14282 suffix_tokens=21 model_ms=3709.9 context_ms=64.3 state_ms=252.98 prefix_ms=0.0 suffix_ms=563.9 first_token_ms=5220.5 generation_ms=23833.7 generated=64 generation_tps=2.685
AGENT index=7 mig=31ffbfe4 exit=0 wall_ms=40239 text=f9c832b7cad1a509 role=child prefix_tokens=14282 suffix_tokens=31 model_ms=4851.4 context_ms=59.0 state_ms=413.01 prefix_ms=0.0 suffix_ms=881.9 first_token_ms=6824.0 generation_ms=32823.0 generated=64 generation_tps=1.950
AGENT index=8 mig=fafc828a exit=0 wall_ms=29990 text=ae3f57b141780268 role=child prefix_tokens=14282 suffix_tokens=18 model_ms=3826.8 context_ms=57.9 state_ms=251.57 prefix_ms=0.0 suffix_ms=615.9 first_token_ms=5336.2 generation_ms=23783.4 generated=64 generation_tps=2.691
AGENT index=9 mig=31ffbfe4 exit=0 wall_ms=39845 text=a2d016def74ecc62 role=child prefix_tokens=14282 suffix_tokens=18 model_ms=4659.7 context_ms=60.8 state_ms=315.40 prefix_ms=0.0 suffix_ms=662.2 first_token_ms=6273.1 generation_ms=32992.9 generated=64 generation_tps=1.940
AGENT index=10 mig=fafc828a exit=0 wall_ms=29598 text=a733f3a39259263c role=child prefix_tokens=14282 suffix_tokens=18 model_ms=3692.6 context_ms=53.0 state_ms=265.96 prefix_ms=0.0 suffix_ms=419.4 first_token_ms=4997.7 generation_ms=23824.4 generated=64 generation_tps=2.686
AGENT index=11 mig=31ffbfe4 exit=0 wall_ms=40355 text=087278665f3dec68 role=child prefix_tokens=14282 suffix_tokens=22 model_ms=5473.3 context_ms=85.0 state_ms=648.78 prefix_ms=0.0 suffix_ms=942.6 first_token_ms=7772.5 generation_ms=32157.3 generated=64 generation_tps=1.990
AGENT index=12 mig=fafc828a exit=0 wall_ms=28318 text=2c93819fe85df763 role=child prefix_tokens=14282 suffix_tokens=21 model_ms=3072.2 context_ms=51.8 state_ms=518.10 prefix_ms=0.0 suffix_ms=274.6 first_token_ms=4499.7 generation_ms=23387.8 generated=64 generation_tps=2.736
AGENT index=13 mig=31ffbfe4 exit=0 wall_ms=40763 text=5d483815f91685a6 role=child prefix_tokens=14282 suffix_tokens=31 model_ms=8696.2 context_ms=98.4 state_ms=824.44 prefix_ms=0.0 suffix_ms=1192.5 first_token_ms=11445.2 generation_ms=28931.6 generated=64 generation_tps=2.212
AGENT index=14 mig=fafc828a exit=0 wall_ms=29949 text=3f33f20708943e2f role=child prefix_tokens=14282 suffix_tokens=21 model_ms=3686.4 context_ms=59.3 state_ms=294.57 prefix_ms=0.0 suffix_ms=556.4 first_token_ms=5187.3 generation_ms=23809.6 generated=64 generation_tps=2.688
AGENT index=15 mig=31ffbfe4 exit=0 wall_ms=40317 text=0502c45076359254 role=child prefix_tokens=14282 suffix_tokens=26 model_ms=4961.0 context_ms=78.4 state_ms=566.85 prefix_ms=0.0 suffix_ms=933.8 first_token_ms=7191.8 generation_ms=32624.4 generated=64 generation_tps=1.962
MEMORY mem_available_drop_mib=97996 mem_available_before_mib=120265 mem_free_before_mib=26646 pss_anon_mib=3657 pss_file_mib=407 pss_shmem_mib=5609 device_mib=87248 samples=7
END_CASE failed_agents=0 wall_ms=40911
CASE mode=kv agents=19
AGENT index=0 mig=fafc828a exit=0 wall_ms=37478 text=bb92e4befc7eddec role=child prefix_tokens=14282 suffix_tokens=27 model_ms=6953.5 context_ms=42.9 state_ms=6.74 prefix_ms=0.0 suffix_ms=865.4 first_token_ms=8577.9 generation_ms=28261.3 generated=64 generation_tps=2.265
AGENT index=1 mig=31ffbfe4 exit=0 wall_ms=48366 text=a8d47b5298abb2fc role=child prefix_tokens=14282 suffix_tokens=22 model_ms=7165.5 context_ms=39.2 state_ms=6.59 prefix_ms=0.0 suffix_ms=1287.1 first_token_ms=9175.7 generation_ms=38636.7 generated=64 generation_tps=1.656
AGENT index=2 mig=fafc828a exit=0 wall_ms=37446 text=abfd4eb3fb8ebdd8 role=child prefix_tokens=14282 suffix_tokens=24 model_ms=6882.9 context_ms=36.2 state_ms=6.53 prefix_ms=0.0 suffix_ms=691.0 first_token_ms=8324.1 generation_ms=28441.2 generated=64 generation_tps=2.250
AGENT index=3 mig=31ffbfe4 exit=0 wall_ms=45962 text=077e38d3762a4e5d role=child prefix_tokens=14282 suffix_tokens=32 model_ms=4356.1 context_ms=42.0 state_ms=7.71 prefix_ms=0.0 suffix_ms=377.2 first_token_ms=5501.3 generation_ms=40014.4 generated=64 generation_tps=1.599
AGENT index=4 mig=fafc828a exit=0 wall_ms=35290 text=16f8c0610a09645d role=child prefix_tokens=14282 suffix_tokens=23 model_ms=4675.2 context_ms=46.2 state_ms=6.30 prefix_ms=0.0 suffix_ms=502.5 first_token_ms=5965.0 generation_ms=28725.2 generated=64 generation_tps=2.228
AGENT index=5 mig=31ffbfe4 exit=0 wall_ms=47774 text=ff4188d71e02bfdb role=child prefix_tokens=14282 suffix_tokens=26 model_ms=5799.8 context_ms=35.2 state_ms=6.50 prefix_ms=0.0 suffix_ms=914.2 first_token_ms=7463.9 generation_ms=39831.7 generated=64 generation_tps=1.607
AGENT index=6 mig=fafc828a exit=0 wall_ms=35234 text=f88f503d1005fa22 role=child prefix_tokens=14282 suffix_tokens=21 model_ms=4618.8 context_ms=34.3 state_ms=6.70 prefix_ms=0.0 suffix_ms=514.2 first_token_ms=5910.6 generation_ms=28741.4 generated=64 generation_tps=2.227
AGENT index=7 mig=31ffbfe4 exit=0 wall_ms=46624 text=f9c832b7cad1a509 role=child prefix_tokens=14282 suffix_tokens=31 model_ms=4471.6 context_ms=50.8 state_ms=6.09 prefix_ms=0.0 suffix_ms=617.1 first_token_ms=5837.2 generation_ms=40215.9 generated=64 generation_tps=1.591
AGENT index=8 mig=fafc828a exit=0 wall_ms=37873 text=ae3f57b141780268 role=child prefix_tokens=14282 suffix_tokens=18 model_ms=8370.2 context_ms=33.2 state_ms=6.34 prefix_ms=0.0 suffix_ms=865.3 first_token_ms=9967.9 generation_ms=27287.6 generated=64 generation_tps=2.345
AGENT index=9 mig=31ffbfe4 exit=0 wall_ms=46370 text=a2d016def74ecc62 role=child prefix_tokens=14282 suffix_tokens=18 model_ms=4362.7 context_ms=38.4 state_ms=6.61 prefix_ms=0.0 suffix_ms=528.1 first_token_ms=5672.5 generation_ms=40129.8 generated=64 generation_tps=1.595
AGENT index=10 mig=fafc828a exit=0 wall_ms=37333 text=a733f3a39259263c role=child prefix_tokens=14282 suffix_tokens=18 model_ms=7074.1 context_ms=34.6 state_ms=6.54 prefix_ms=0.0 suffix_ms=758.6 first_token_ms=8544.7 generation_ms=28219.8 generated=64 generation_tps=2.268
AGENT index=11 mig=31ffbfe4 exit=0 wall_ms=46738 text=087278665f3dec68 role=child prefix_tokens=14282 suffix_tokens=22 model_ms=4646.6 context_ms=52.7 state_ms=6.37 prefix_ms=0.0 suffix_ms=626.3 first_token_ms=5980.9 generation_ms=40252.1 generated=64 generation_tps=1.590
AGENT index=12 mig=fafc828a exit=0 wall_ms=33994 text=2c93819fe85df763 role=child prefix_tokens=14282 suffix_tokens=21 model_ms=4317.8 context_ms=71.9 state_ms=8.05 prefix_ms=0.0 suffix_ms=268.9 first_token_ms=5350.7 generation_ms=28084.0 generated=64 generation_tps=2.279
AGENT index=13 mig=31ffbfe4 exit=0 wall_ms=48494 text=5d483815f91685a6 role=child prefix_tokens=14282 suffix_tokens=31 model_ms=6925.4 context_ms=40.4 state_ms=6.33 prefix_ms=0.0 suffix_ms=1298.8 first_token_ms=9008.1 generation_ms=38841.6 generated=64 generation_tps=1.648
AGENT index=14 mig=fafc828a exit=0 wall_ms=34042 text=3f33f20708943e2f role=child prefix_tokens=14282 suffix_tokens=21 model_ms=4302.0 context_ms=46.8 state_ms=6.85 prefix_ms=0.0 suffix_ms=293.2 first_token_ms=5348.6 generation_ms=28102.0 generated=64 generation_tps=2.277
AGENT index=15 mig=31ffbfe4 exit=0 wall_ms=48463 text=0502c45076359254 role=child prefix_tokens=14282 suffix_tokens=26 model_ms=6956.8 context_ms=35.9 state_ms=6.33 prefix_ms=0.0 suffix_ms=1260.3 first_token_ms=8987.7 generation_ms=38836.8 generated=64 generation_tps=1.648
AGENT index=16 mig=fafc828a exit=0 wall_ms=38076 text=0ebc8757605c5571 role=child prefix_tokens=14282 suffix_tokens=25 model_ms=11083.3 context_ms=33.9 state_ms=6.13 prefix_ms=0.0 suffix_ms=1083.2 first_token_ms=12911.3 generation_ms=24671.3 generated=64 generation_tps=2.594
AGENT index=17 mig=31ffbfe4 exit=0 wall_ms=47357 text=5d7dbcf0a7eca76c role=child prefix_tokens=14282 suffix_tokens=22 model_ms=5231.6 context_ms=35.6 state_ms=6.56 prefix_ms=0.0 suffix_ms=766.2 first_token_ms=6717.6 generation_ms=40168.7 generated=64 generation_tps=1.593
AGENT index=18 mig=fafc828a exit=0 wall_ms=34769 text=cb99e4b1c2fd84d5 role=child prefix_tokens=14282 suffix_tokens=21 model_ms=4603.5 context_ms=36.8 state_ms=6.88 prefix_ms=0.0 suffix_ms=374.1 first_token_ms=5711.4 generation_ms=28597.6 generated=64 generation_tps=2.238
MEMORY mem_available_drop_mib=99458 mem_available_before_mib=120298 mem_free_before_mib=26796 pss_anon_mib=4676 pss_file_mib=467 pss_shmem_mib=7441 device_mib=86590 samples=8
END_CASE failed_agents=0 wall_ms=48656
CASE mode=weights agents=61
AGENT index=0 mig=fafc828a exit=0 wall_ms=107305 text=bb92e4befc7eddec role=child prefix_tokens=14282 suffix_tokens=27 model_ms=8113.8 context_ms=634.8 state_ms=1331.72 prefix_ms=0.0 suffix_ms=2694.4 first_token_ms=15026.1 generation_ms=91857.3 generated=64 generation_tps=0.697
AGENT index=1 mig=31ffbfe4 exit=0 wall_ms=149859 text=a8d47b5298abb2fc role=child prefix_tokens=14282 suffix_tokens=22 model_ms=7365.5 context_ms=764.9 state_ms=905.38 prefix_ms=0.0 suffix_ms=2506.9 first_token_ms=13683.3 generation_ms=135758.2 generated=64 generation_tps=0.471
AGENT index=2 mig=fafc828a exit=0 wall_ms=106863 text=abfd4eb3fb8ebdd8 role=child prefix_tokens=14282 suffix_tokens=24 model_ms=7702.4 context_ms=810.4 state_ms=1303.77 prefix_ms=0.0 suffix_ms=1883.5 first_token_ms=13913.0 generation_ms=92368.0 generated=64 generation_tps=0.693
AGENT index=3 mig=31ffbfe4 exit=0 wall_ms=150540 text=077e38d3762a4e5d role=child prefix_tokens=14282 suffix_tokens=32 model_ms=7278.1 context_ms=826.9 state_ms=1105.03 prefix_ms=0.0 suffix_ms=3010.4 first_token_ms=14587.6 generation_ms=135568.1 generated=64 generation_tps=0.472
AGENT index=4 mig=fafc828a exit=0 wall_ms=105329 text=16f8c0610a09645d role=child prefix_tokens=14282 suffix_tokens=23 model_ms=7278.7 context_ms=835.9 state_ms=612.04 prefix_ms=0.0 suffix_ms=1598.6 first_token_ms=12513.6 generation_ms=92368.0 generated=64 generation_tps=0.693
AGENT index=5 mig=31ffbfe4 exit=0 wall_ms=148630 text=ff4188d71e02bfdb role=child prefix_tokens=14282 suffix_tokens=26 model_ms=6756.5 context_ms=421.2 state_ms=632.46 prefix_ms=0.0 suffix_ms=2724.0 first_token_ms=12713.0 generation_ms=135562.6 generated=64 generation_tps=0.472
AGENT index=6 mig=fafc828a exit=0 wall_ms=106191 text=f88f503d1005fa22 role=child prefix_tokens=14282 suffix_tokens=21 model_ms=7624.8 context_ms=911.0 state_ms=1230.99 prefix_ms=0.0 suffix_ms=1732.5 first_token_ms=13674.1 generation_ms=92082.9 generated=64 generation_tps=0.695
AGENT index=7 mig=31ffbfe4 exit=0 wall_ms=152004 text=f9c832b7cad1a509 role=child prefix_tokens=14282 suffix_tokens=31 model_ms=8532.1 context_ms=435.3 state_ms=2115.47 prefix_ms=0.0 suffix_ms=4263.4 first_token_ms=17759.7 generation_ms=133642.8 generated=64 generation_tps=0.479
AGENT index=8 mig=fafc828a exit=0 wall_ms=104323 text=ae3f57b141780268 role=child prefix_tokens=14282 suffix_tokens=18 model_ms=6976.7 context_ms=631.2 state_ms=365.74 prefix_ms=0.0 suffix_ms=1790.4 first_token_ms=12013.0 generation_ms=91903.0 generated=64 generation_tps=0.696
AGENT index=9 mig=31ffbfe4 exit=0 wall_ms=151825 text=a2d016def74ecc62 role=child prefix_tokens=14282 suffix_tokens=18 model_ms=8148.5 context_ms=562.5 state_ms=2119.72 prefix_ms=0.0 suffix_ms=3866.0 first_token_ms=17235.4 generation_ms=134073.4 generated=64 generation_tps=0.477
AGENT index=10 mig=fafc828a exit=0 wall_ms=107846 text=a733f3a39259263c role=child prefix_tokens=14282 suffix_tokens=18 model_ms=8587.8 context_ms=576.5 state_ms=1622.60 prefix_ms=0.0 suffix_ms=2762.3 first_token_ms=15751.6 generation_ms=91331.5 generated=64 generation_tps=0.701
AGENT index=11 mig=31ffbfe4 exit=0 wall_ms=148170 text=087278665f3dec68 role=child prefix_tokens=14282 suffix_tokens=22 model_ms=7004.2 context_ms=387.9 state_ms=672.13 prefix_ms=0.0 suffix_ms=2513.9 first_token_ms=12576.3 generation_ms=135235.6 generated=64 generation_tps=0.473
AGENT index=12 mig=fafc828a exit=0 wall_ms=106736 text=2c93819fe85df763 role=child prefix_tokens=14282 suffix_tokens=21 model_ms=7916.6 context_ms=623.2 state_ms=1212.24 prefix_ms=0.0 suffix_ms=1797.1 first_token_ms=13761.0 generation_ms=92407.9 generated=64 generation_tps=0.693
AGENT index=13 mig=31ffbfe4 exit=0 wall_ms=151662 text=5d483815f91685a6 role=child prefix_tokens=14282 suffix_tokens=31 model_ms=8578.4 context_ms=382.7 state_ms=2086.31 prefix_ms=0.0 suffix_ms=4210.4 first_token_ms=17557.5 generation_ms=133640.1 generated=64 generation_tps=0.479
AGENT index=14 mig=fafc828a exit=0 wall_ms=26132 text=3f33f20708943e2f role=child prefix_tokens=14282 suffix_tokens=21 model_ms=3378.4 context_ms=998.6 state_ms=165.81 prefix_ms=0.0 suffix_ms=375.0 first_token_ms=7267.0 generation_ms=15477.0 generated=64 generation_tps=4.135
AGENT index=15 mig=31ffbfe4 exit=0 wall_ms=114814 text=0502c45076359254 role=child prefix_tokens=14282 suffix_tokens=26 model_ms=4862.2 context_ms=374.2 state_ms=263.13 prefix_ms=0.0 suffix_ms=505.3 first_token_ms=7716.1 generation_ms=106729.5 generated=64 generation_tps=0.600
AGENT index=16 mig=fafc828a exit=0 wall_ms=108091 text=0ebc8757605c5571 role=child prefix_tokens=14282 suffix_tokens=25 model_ms=8684.9 context_ms=474.6 state_ms=1541.25 prefix_ms=0.0 suffix_ms=3029.4 first_token_ms=15914.4 generation_ms=91376.3 generated=64 generation_tps=0.700
AGENT index=17 mig=31ffbfe4 exit=0 wall_ms=146936 text=5d7dbcf0a7eca76c role=child prefix_tokens=14282 suffix_tokens=22 model_ms=6205.7 context_ms=137.1 state_ms=681.84 prefix_ms=0.0 suffix_ms=1943.8 first_token_ms=11487.1 generation_ms=135085.8 generated=64 generation_tps=0.474
AGENT index=18 mig=fafc828a exit=0 wall_ms=107717 text=cb99e4b1c2fd84d5 role=child prefix_tokens=14282 suffix_tokens=21 model_ms=8249.7 context_ms=747.5 state_ms=1503.30 prefix_ms=0.0 suffix_ms=2680.5 first_token_ms=15396.0 generation_ms=91617.1 generated=64 generation_tps=0.699
AGENT index=19 mig=31ffbfe4 exit=0 wall_ms=151715 text=4c7501e634d9bf23 role=child prefix_tokens=14282 suffix_tokens=18 model_ms=8664.8 context_ms=483.9 state_ms=2102.77 prefix_ms=0.0 suffix_ms=3913.4 first_token_ms=17366.0 generation_ms=133867.0 generated=64 generation_tps=0.478
AGENT index=20 mig=fafc828a exit=0 wall_ms=106600 text=b3893059e7e79532 role=child prefix_tokens=14282 suffix_tokens=21 model_ms=7761.4 context_ms=791.6 state_ms=1215.23 prefix_ms=0.0 suffix_ms=1958.9 first_token_ms=13915.4 generation_ms=92241.7 generated=64 generation_tps=0.694
AGENT index=21 mig=31ffbfe4 exit=0 wall_ms=151173 text=284eef78a2286715 role=child prefix_tokens=14282 suffix_tokens=26 model_ms=7594.0 context_ms=792.6 state_ms=1559.88 prefix_ms=0.0 suffix_ms=3600.4 first_token_ms=15909.5 generation_ms=134910.8 generated=64 generation_tps=0.474
AGENT index=22 mig=fafc828a exit=0 wall_ms=107933 text=ad3122b47bf9d41d role=child prefix_tokens=14282 suffix_tokens=27 model_ms=8666.6 context_ms=508.3 state_ms=1600.77 prefix_ms=0.0 suffix_ms=3064.9 first_token_ms=15990.8 generation_ms=91258.2 generated=64 generation_tps=0.701
AGENT index=23 mig=31ffbfe4 exit=0 wall_ms=151984 text=f79224e341ba5115 role=child prefix_tokens=14282 suffix_tokens=17 model_ms=8223.2 context_ms=534.9 state_ms=2084.53 prefix_ms=0.0 suffix_ms=3910.2 first_token_ms=17324.4 generation_ms=134075.6 generated=64 generation_tps=0.477
AGENT index=24 mig=fafc828a exit=0 wall_ms=106750 text=9834d2c93010cb40 role=child prefix_tokens=14282 suffix_tokens=22 model_ms=8431.8 context_ms=469.4 state_ms=1360.70 prefix_ms=0.0 suffix_ms=2435.2 first_token_ms=14817.7 generation_ms=91363.7 generated=64 generation_tps=0.700
AGENT index=25 mig=31ffbfe4 exit=0 wall_ms=151004 text=da4c2dca73ac54e0 role=child prefix_tokens=14282 suffix_tokens=23 model_ms=8599.5 context_ms=605.0 state_ms=2098.88 prefix_ms=0.0 suffix_ms=3947.7 first_token_ms=17332.0 generation_ms=133260.0 generated=64 generation_tps=0.480
AGENT index=26 mig=fafc828a exit=0 wall_ms=105210 text=07ec2de36a00f7a1 role=child prefix_tokens=14282 suffix_tokens=19 model_ms=7456.1 context_ms=651.8 state_ms=610.56 prefix_ms=0.0 suffix_ms=1592.6 first_token_ms=12438.7 generation_ms=92363.8 generated=64 generation_tps=0.693
AGENT index=27 mig=31ffbfe4 exit=0 wall_ms=151477 text=e1e29071a16e2061 role=child prefix_tokens=14282 suffix_tokens=21 model_ms=8459.7 context_ms=597.6 state_ms=2047.80 prefix_ms=0.0 suffix_ms=3853.5 first_token_ms=17115.8 generation_ms=133971.6 generated=64 generation_tps=0.478
AGENT index=28 mig=fafc828a exit=0 wall_ms=107732 text=1c65ed1020843e8d role=child prefix_tokens=14282 suffix_tokens=20 model_ms=7851.4 context_ms=832.4 state_ms=1472.25 prefix_ms=0.0 suffix_ms=2642.0 first_token_ms=15238.2 generation_ms=91813.9 generated=64 generation_tps=0.697
AGENT index=29 mig=31ffbfe4 exit=0 wall_ms=151681 text=a72f71cd80731afe role=child prefix_tokens=14282 suffix_tokens=22 model_ms=8151.4 context_ms=558.7 state_ms=2046.67 prefix_ms=0.0 suffix_ms=3854.7 first_token_ms=17131.2 generation_ms=134073.2 generated=64 generation_tps=0.477
AGENT index=30 mig=fafc828a exit=0 wall_ms=107591 text=317f6f38771a1e41 role=child prefix_tokens=14282 suffix_tokens=20 model_ms=7996.4 context_ms=671.4 state_ms=1494.15 prefix_ms=0.0 suffix_ms=2639.4 first_token_ms=15228.1 generation_ms=91757.2 generated=64 generation_tps=0.697
AGENT index=31 mig=31ffbfe4 exit=0 wall_ms=151920 text=1b4036771dcdadef role=child prefix_tokens=14282 suffix_tokens=22 model_ms=8112.5 context_ms=617.9 state_ms=2133.91 prefix_ms=0.0 suffix_ms=3921.1 first_token_ms=17339.2 generation_ms=133982.1 generated=64 generation_tps=0.478
AGENT index=32 mig=fafc828a exit=0 wall_ms=108131 text=3f50371ecb0032a2 role=child prefix_tokens=14282 suffix_tokens=28 model_ms=8374.4 context_ms=445.6 state_ms=1524.57 prefix_ms=0.0 suffix_ms=3084.4 first_token_ms=15907.8 generation_ms=91343.5 generated=64 generation_tps=0.701
AGENT index=33 mig=31ffbfe4 exit=0 wall_ms=151687 text=5b450cf9627e77b9 role=child prefix_tokens=14282 suffix_tokens=23 model_ms=8258.9 context_ms=646.0 state_ms=2124.49 prefix_ms=0.0 suffix_ms=3899.2 first_token_ms=17264.4 generation_ms=133945.9 generated=64 generation_tps=0.478
AGENT index=34 mig=fafc828a exit=0 wall_ms=108049 text=8fe64643182c4081 role=child prefix_tokens=14282 suffix_tokens=25 model_ms=8237.9 context_ms=532.2 state_ms=1486.83 prefix_ms=0.0 suffix_ms=3022.2 first_token_ms=15700.7 generation_ms=91556.7 generated=64 generation_tps=0.699
AGENT index=35 mig=31ffbfe4 exit=0 wall_ms=151092 text=ab418a5e41977b06 role=child prefix_tokens=14282 suffix_tokens=33 model_ms=7388.8 context_ms=701.6 state_ms=1242.58 prefix_ms=0.0 suffix_ms=3735.4 first_token_ms=15421.0 generation_ms=135251.0 generated=64 generation_tps=0.473
AGENT index=36 mig=fafc828a exit=0 wall_ms=106962 text=2852504019aca3b6 role=child prefix_tokens=14282 suffix_tokens=24 model_ms=8153.7 context_ms=824.8 state_ms=1463.48 prefix_ms=0.0 suffix_ms=2679.8 first_token_ms=15230.9 generation_ms=91291.8 generated=64 generation_tps=0.701
AGENT index=37 mig=31ffbfe4 exit=0 wall_ms=149980 text=bef1e0801c6e655f role=child prefix_tokens=14282 suffix_tokens=27 model_ms=7314.6 context_ms=624.4 state_ms=796.83 prefix_ms=0.0 suffix_ms=2905.5 first_token_ms=13737.6 generation_ms=135818.4 generated=64 generation_tps=0.471
AGENT index=38 mig=fafc828a exit=0 wall_ms=107958 text=03d3cecc4e2c4ef7 role=child prefix_tokens=14282 suffix_tokens=22 model_ms=8509.2 context_ms=404.1 state_ms=1560.82 prefix_ms=0.0 suffix_ms=2777.9 first_token_ms=15591.7 generation_ms=91607.0 generated=64 generation_tps=0.699
AGENT index=39 mig=31ffbfe4 exit=0 wall_ms=150705 text=f9c832b7cad1a509 role=child prefix_tokens=14282 suffix_tokens=32 model_ms=7453.0 context_ms=728.2 state_ms=1348.54 prefix_ms=0.0 suffix_ms=3313.3 first_token_ms=15126.4 generation_ms=135130.8 generated=64 generation_tps=0.474
AGENT index=40 mig=fafc828a exit=0 wall_ms=107872 text=1bedc9985ebffdf3 role=child prefix_tokens=14282 suffix_tokens=19 model_ms=8319.0 context_ms=532.1 state_ms=1474.68 prefix_ms=0.0 suffix_ms=2658.5 first_token_ms=15241.3 generation_ms=91781.3 generated=64 generation_tps=0.697
AGENT index=41 mig=31ffbfe4 exit=0 wall_ms=151816 text=45248c21a8c64213 role=child prefix_tokens=14282 suffix_tokens=19 model_ms=8261.5 context_ms=446.3 state_ms=2072.84 prefix_ms=0.0 suffix_ms=3995.1 first_token_ms=17322.9 generation_ms=134021.8 generated=64 generation_tps=0.478
AGENT index=42 mig=fafc828a exit=0 wall_ms=103161 text=c2b860976d76c188 role=child prefix_tokens=14282 suffix_tokens=18 model_ms=6730.7 context_ms=667.7 state_ms=437.97 prefix_ms=0.0 suffix_ms=1055.8 first_token_ms=11234.7 generation_ms=91500.9 generated=64 generation_tps=0.699
AGENT index=43 mig=31ffbfe4 exit=0 wall_ms=149911 text=7f088fd1d1738f8b role=child prefix_tokens=14282 suffix_tokens=22 model_ms=6912.0 context_ms=780.1 state_ms=866.72 prefix_ms=0.0 suffix_ms=2540.7 first_token_ms=13581.7 generation_ms=135897.7 generated=64 generation_tps=0.471
AGENT index=44 mig=fafc828a exit=0 wall_ms=103616 text=f631ba01e55b49fa role=child prefix_tokens=14282 suffix_tokens=21 model_ms=6588.2 context_ms=643.1 state_ms=418.47 prefix_ms=0.0 suffix_ms=1374.8 first_token_ms=11504.9 generation_ms=91688.3 generated=64 generation_tps=0.698
AGENT index=45 mig=31ffbfe4 exit=0 wall_ms=150280 text=5d483815f91685a6 role=child prefix_tokens=14282 suffix_tokens=31 model_ms=6818.4 context_ms=589.4 state_ms=777.15 prefix_ms=0.0 suffix_ms=3139.3 first_token_ms=13761.5 generation_ms=136141.1 generated=64 generation_tps=0.470
AGENT index=46 mig=fafc828a exit=0 wall_ms=106539 text=56be8609eb72cb4a role=child prefix_tokens=14282 suffix_tokens=21 model_ms=7749.2 context_ms=546.7 state_ms=1226.86 prefix_ms=0.0 suffix_ms=1771.0 first_token_ms=13610.8 generation_ms=92498.3 generated=64 generation_tps=0.692
AGENT index=47 mig=31ffbfe4 exit=0 wall_ms=149947 text=0d9668c2f9cbc9fc role=child prefix_tokens=14282 suffix_tokens=26 model_ms=6394.7 context_ms=595.2 state_ms=595.43 prefix_ms=0.0 suffix_ms=3399.2 first_token_ms=13487.8 generation_ms=135978.4 generated=64 generation_tps=0.471
AGENT index=48 mig=fafc828a exit=0 wall_ms=107506 text=27f58a7742c668f5 role=child prefix_tokens=14282 suffix_tokens=25 model_ms=8741.8 context_ms=438.6 state_ms=1507.20 prefix_ms=0.0 suffix_ms=3004.3 first_token_ms=15723.7 generation_ms=91155.2 generated=64 generation_tps=0.702
AGENT index=49 mig=31ffbfe4 exit=0 wall_ms=150616 text=facc2c2ea4689e1e role=child prefix_tokens=14282 suffix_tokens=22 model_ms=7270.9 context_ms=687.0 state_ms=1241.45 prefix_ms=0.0 suffix_ms=2907.9 first_token_ms=14591.4 generation_ms=135637.7 generated=64 generation_tps=0.472
AGENT index=50 mig=fafc828a exit=0 wall_ms=105277 text=64fd37c296cb1dd5 role=child prefix_tokens=14282 suffix_tokens=21 model_ms=7387.5 context_ms=475.3 state_ms=648.49 prefix_ms=0.0 suffix_ms=1554.8 first_token_ms=12332.2 generation_ms=92545.2 generated=64 generation_tps=0.692
AGENT index=51 mig=31ffbfe4 exit=0 wall_ms=150032 text=4c7501e634d9bf23 role=child prefix_tokens=14282 suffix_tokens=18 model_ms=6621.0 context_ms=881.5 state_ms=1054.58 prefix_ms=0.0 suffix_ms=2547.6 first_token_ms=13630.5 generation_ms=135983.1 generated=64 generation_tps=0.471
AGENT index=52 mig=fafc828a exit=0 wall_ms=102122 text=b3893059e7e79532 role=child prefix_tokens=14282 suffix_tokens=21 model_ms=6250.0 context_ms=331.7 state_ms=623.66 prefix_ms=0.0 suffix_ms=1070.1 first_token_ms=10708.6 generation_ms=91025.0 generated=64 generation_tps=0.703
AGENT index=53 mig=31ffbfe4 exit=0 wall_ms=151902 text=11e4c2a85150fa06 role=child prefix_tokens=14282 suffix_tokens=26 model_ms=8186.7 context_ms=590.0 state_ms=2118.63 prefix_ms=0.0 suffix_ms=4270.8 first_token_ms=17614.5 generation_ms=133680.6 generated=64 generation_tps=0.479
AGENT index=54 mig=fafc828a exit=0 wall_ms=107460 text=3b6f5b9c968721eb role=child prefix_tokens=14282 suffix_tokens=27 model_ms=7698.3 context_ms=809.8 state_ms=1333.20 prefix_ms=0.0 suffix_ms=2700.0 first_token_ms=14870.5 generation_ms=91936.6 generated=64 generation_tps=0.696
AGENT index=55 mig=31ffbfe4 exit=0 wall_ms=121128 text=7e4fad52bd577abf role=child prefix_tokens=14282 suffix_tokens=17 model_ms=4765.2 context_ms=243.3 state_ms=161.22 prefix_ms=0.0 suffix_ms=713.7 first_token_ms=7905.0 generation_ms=112844.2 generated=64 generation_tps=0.567
AGENT index=56 mig=fafc828a exit=0 wall_ms=107953 text=9834d2c93010cb40 role=child prefix_tokens=14282 suffix_tokens=22 model_ms=8094.8 context_ms=519.0 state_ms=1519.64 prefix_ms=0.0 suffix_ms=2692.8 first_token_ms=15291.3 generation_ms=91827.5 generated=64 generation_tps=0.697
AGENT index=57 mig=31ffbfe4 exit=0 wall_ms=149806 text=a4e76b0a1993f6d6 role=child prefix_tokens=14282 suffix_tokens=23 model_ms=6819.6 context_ms=641.9 state_ms=891.05 prefix_ms=0.0 suffix_ms=2700.5 first_token_ms=13493.8 generation_ms=135896.3 generated=64 generation_tps=0.471
AGENT index=58 mig=fafc828a exit=0 wall_ms=103925 text=359d7b30e6a9a9fc role=child prefix_tokens=14282 suffix_tokens=19 model_ms=6592.1 context_ms=560.8 state_ms=488.30 prefix_ms=0.0 suffix_ms=1838.2 first_token_ms=11909.6 generation_ms=91558.4 generated=64 generation_tps=0.699
AGENT index=59 mig=31ffbfe4 exit=0 wall_ms=151333 text=7b1e906b43903ada role=child prefix_tokens=14282 suffix_tokens=21 model_ms=7679.9 context_ms=709.5 state_ms=1808.98 prefix_ms=0.0 suffix_ms=3545.6 first_token_ms=16241.5 generation_ms=134653.6 generated=64 generation_tps=0.475
AGENT index=60 mig=fafc828a exit=0 wall_ms=107005 text=23f27e20526aad11 role=child prefix_tokens=14282 suffix_tokens=20 model_ms=7564.1 context_ms=692.9 state_ms=1266.56 prefix_ms=0.0 suffix_ms=1987.9 first_token_ms=13932.4 generation_ms=92604.6 generated=64 generation_tps=0.691
MEMORY mem_available_drop_mib=97878 mem_available_before_mib=120276 mem_free_before_mib=27550 pss_anon_mib=13883 pss_file_mib=5793 pss_shmem_mib=3550 device_mib=78270 samples=6
END_CASE failed_agents=0 wall_ms=152440
END_KVSTACK
BEGIN_KVSTACK run=6 context=16384 publisher_mig=31ffbfe4 mem_free_mib=30144 kernel_reclaimable_mib=87315
PUBLISH store=stock prefix_tokens=14282 prefix_ms=24849.5 publish_ms=502.89 state_bytes=819216229
PUBLISH store=device prefix_tokens=14282 prefix_ms=25044.7 publish_ms=503.80 state_bytes=819216229
PUBLISH store=huge prefix_tokens=14282 prefix_ms=25105.4 publish_ms=8.22 state_bytes=229221 file_used_kib=802816
CASE mode=weights agents=61
AGENT index=0 mig=31ffbfe4 exit=0 wall_ms=155825 text=4605b6e04b2228eb role=child prefix_tokens=14282 suffix_tokens=27 model_ms=8318.8 context_ms=566.7 state_ms=1784.29 prefix_ms=0.0 suffix_ms=4370.7 first_token_ms=17411.5 generation_ms=137739.3 generated=64 generation_tps=0.465
AGENT index=1 mig=fafc828a exit=0 wall_ms=105320 text=a5af93194a2d1ced role=child prefix_tokens=14282 suffix_tokens=22 model_ms=7036.2 context_ms=466.4 state_ms=569.66 prefix_ms=0.0 suffix_ms=2208.1 first_token_ms=12663.2 generation_ms=92119.6 generated=64 generation_tps=0.695
AGENT index=2 mig=31ffbfe4 exit=0 wall_ms=113825 text=37e5f08e6279aa62 role=child prefix_tokens=14282 suffix_tokens=24 model_ms=4318.8 context_ms=727.5 state_ms=144.28 prefix_ms=0.0 suffix_ms=498.0 first_token_ms=7262.9 generation_ms=106198.0 generated=64 generation_tps=0.603
AGENT index=3 mig=fafc828a exit=0 wall_ms=105392 text=5e1ac569aa8b0faf role=child prefix_tokens=14282 suffix_tokens=32 model_ms=7724.6 context_ms=784.4 state_ms=1050.72 prefix_ms=0.0 suffix_ms=2060.1 first_token_ms=13804.5 generation_ms=91202.4 generated=64 generation_tps=0.702
AGENT index=4 mig=31ffbfe4 exit=0 wall_ms=155410 text=6e3d8f07cfceb082 role=child prefix_tokens=14282 suffix_tokens=23 model_ms=8349.0 context_ms=615.3 state_ms=1809.76 prefix_ms=0.0 suffix_ms=4039.8 first_token_ms=17069.0 generation_ms=137934.9 generated=64 generation_tps=0.464
AGENT index=5 mig=fafc828a exit=0 wall_ms=107367 text=47179dd0dcd49eb0 role=child prefix_tokens=14282 suffix_tokens=26 model_ms=8561.3 context_ms=472.0 state_ms=1596.17 prefix_ms=0.0 suffix_ms=2963.4 first_token_ms=15775.3 generation_ms=90758.9 generated=64 generation_tps=0.705
AGENT index=6 mig=31ffbfe4 exit=0 wall_ms=149383 text=f88f503d1005fa22 role=child prefix_tokens=14282 suffix_tokens=21 model_ms=6400.4 context_ms=171.2 state_ms=490.05 prefix_ms=0.0 suffix_ms=1296.6 first_token_ms=10578.8 generation_ms=138428.2 generated=64 generation_tps=0.462
AGENT index=7 mig=fafc828a exit=0 wall_ms=106459 text=f9c832b7cad1a509 role=child prefix_tokens=14282 suffix_tokens=31 model_ms=8063.1 context_ms=713.9 state_ms=1522.29 prefix_ms=0.0 suffix_ms=2661.0 first_token_ms=15156.5 generation_ms=90852.6 generated=64 generation_tps=0.704
AGENT index=8 mig=31ffbfe4 exit=0 wall_ms=147834 text=a3c806a5411bc6e6 role=child prefix_tokens=14282 suffix_tokens=18 model_ms=5912.1 context_ms=203.5 state_ms=612.17 prefix_ms=0.0 suffix_ms=1079.2 first_token_ms=10196.6 generation_ms=137278.6 generated=64 generation_tps=0.466
AGENT index=9 mig=fafc828a exit=0 wall_ms=101848 text=a2d016def74ecc62 role=child prefix_tokens=14282 suffix_tokens=18 model_ms=6462.3 context_ms=284.2 state_ms=334.94 prefix_ms=0.0 suffix_ms=1148.6 first_token_ms=10825.0 generation_ms=90634.6 generated=64 generation_tps=0.706
AGENT index=10 mig=31ffbfe4 exit=0 wall_ms=155082 text=a733f3a39259263c role=child prefix_tokens=14282 suffix_tokens=18 model_ms=8021.2 context_ms=708.5 state_ms=1798.43 prefix_ms=0.0 suffix_ms=3777.8 first_token_ms=16509.2 generation_ms=138157.6 generated=64 generation_tps=0.463
AGENT index=11 mig=fafc828a exit=0 wall_ms=104966 text=ad0d6edf343e5e28 role=child prefix_tokens=14282 suffix_tokens=22 model_ms=7562.8 context_ms=572.6 state_ms=595.70 prefix_ms=0.0 suffix_ms=1716.6 first_token_ms=12635.3 generation_ms=91866.7 generated=64 generation_tps=0.697
AGENT index=12 mig=31ffbfe4 exit=0 wall_ms=155619 text=2c93819fe85df763 role=child prefix_tokens=14282 suffix_tokens=21 model_ms=8255.4 context_ms=612.4 state_ms=1806.81 prefix_ms=0.0 suffix_ms=4088.0 first_token_ms=17103.1 generation_ms=137940.2 generated=64 generation_tps=0.464
AGENT index=13 mig=fafc828a exit=0 wall_ms=98142 text=5d483815f91685a6 role=child prefix_tokens=14282 suffix_tokens=31 model_ms=6436.1 context_ms=141.7 state_ms=442.11 prefix_ms=0.0 suffix_ms=713.9 first_token_ms=10076.8 generation_ms=87690.4 generated=64 generation_tps=0.730
AGENT index=14 mig=31ffbfe4 exit=0 wall_ms=154494 text=f8f770d151794139 role=child prefix_tokens=14282 suffix_tokens=21 model_ms=7552.3 context_ms=771.7 state_ms=1467.38 prefix_ms=0.0 suffix_ms=3068.0 first_token_ms=15027.4 generation_ms=139056.0 generated=64 generation_tps=0.460
AGENT index=15 mig=fafc828a exit=0 wall_ms=106821 text=0d9668c2f9cbc9fc role=child prefix_tokens=14282 suffix_tokens=26 model_ms=8255.5 context_ms=796.8 state_ms=1629.37 prefix_ms=0.0 suffix_ms=3002.3 first_token_ms=15824.9 generation_ms=90400.3 generated=64 generation_tps=0.708
AGENT index=16 mig=31ffbfe4 exit=0 wall_ms=153426 text=a6ffaf564cadb5d1 role=child prefix_tokens=14282 suffix_tokens=25 model_ms=7304.9 context_ms=614.3 state_ms=895.02 prefix_ms=0.0 suffix_ms=2423.8 first_token_ms=13378.1 generation_ms=139644.3 generated=64 generation_tps=0.458
AGENT index=17 mig=fafc828a exit=0 wall_ms=107200 text=6bd685fbc4b441ec role=child prefix_tokens=14282 suffix_tokens=22 model_ms=8290.2 context_ms=554.6 state_ms=1599.68 prefix_ms=0.0 suffix_ms=2662.6 first_token_ms=15474.8 generation_ms=90980.9 generated=64 generation_tps=0.703
AGENT index=18 mig=31ffbfe4 exit=0 wall_ms=155220 text=ba15e410535ababc role=child prefix_tokens=14282 suffix_tokens=21 model_ms=8255.3 context_ms=620.7 state_ms=1803.18 prefix_ms=0.0 suffix_ms=4004.5 first_token_ms=16863.8 generation_ms=137897.9 generated=64 generation_tps=0.464
AGENT index=19 mig=fafc828a exit=0 wall_ms=107225 text=4c7501e634d9bf23 role=child prefix_tokens=14282 suffix_tokens=18 model_ms=7899.8 context_ms=749.4 state_ms=1552.17 prefix_ms=0.0 suffix_ms=2590.0 first_token_ms=15221.4 generation_ms=91222.5 generated=64 generation_tps=0.702
AGENT index=20 mig=31ffbfe4 exit=0 wall_ms=153063 text=b3893059e7e79532 role=child prefix_tokens=14282 suffix_tokens=21 model_ms=6771.7 context_ms=532.5 state_ms=895.69 prefix_ms=0.0 suffix_ms=2569.4 first_token_ms=13145.7 generation_ms=139527.5 generated=64 generation_tps=0.459
AGENT index=21 mig=fafc828a exit=0 wall_ms=104204 text=284eef78a2286715 role=child prefix_tokens=14282 suffix_tokens=26 model_ms=7089.0 context_ms=621.5 state_ms=647.90 prefix_ms=0.0 suffix_ms=2076.3 first_token_ms=12551.8 generation_ms=91266.4 generated=64 generation_tps=0.701
AGENT index=22 mig=31ffbfe4 exit=0 wall_ms=152683 text=ad3122b47bf9d41d role=child prefix_tokens=14282 suffix_tokens=27 model_ms=6928.4 context_ms=564.5 state_ms=848.59 prefix_ms=0.0 suffix_ms=2646.2 first_token_ms=13324.9 generation_ms=138961.2 generated=64 generation_tps=0.461
AGENT index=23 mig=fafc828a exit=0 wall_ms=104795 text=fd9dec9936f784ff role=child prefix_tokens=14282 suffix_tokens=17 model_ms=7407.6 context_ms=461.7 state_ms=654.50 prefix_ms=0.0 suffix_ms=1641.7 first_token_ms=12453.3 generation_ms=91908.6 generated=64 generation_tps=0.696
AGENT index=24 mig=31ffbfe4 exit=0 wall_ms=155740 text=9834d2c93010cb40 role=child prefix_tokens=14282 suffix_tokens=22 model_ms=7780.4 context_ms=722.1 state_ms=1811.91 prefix_ms=0.0 suffix_ms=4034.6 first_token_ms=16930.1 generation_ms=138170.4 generated=64 generation_tps=0.463
AGENT index=25 mig=fafc828a exit=0 wall_ms=107045 text=d4e1fcaa961685d1 role=child prefix_tokens=14282 suffix_tokens=23 model_ms=8069.3 context_ms=749.5 state_ms=1534.43 prefix_ms=0.0 suffix_ms=2544.3 first_token_ms=15114.6 generation_ms=91239.2 generated=64 generation_tps=0.701
AGENT index=26 mig=31ffbfe4 exit=0 wall_ms=152644 text=9e35020256b4a71c role=child prefix_tokens=14282 suffix_tokens=19 model_ms=6803.9 context_ms=386.2 state_ms=837.72 prefix_ms=0.0 suffix_ms=2573.7 first_token_ms=12802.2 generation_ms=139484.6 generated=64 generation_tps=0.459
AGENT index=27 mig=fafc828a exit=0 wall_ms=104575 text=178df8f18d21f57e role=child prefix_tokens=14282 suffix_tokens=21 model_ms=7404.3 context_ms=325.9 state_ms=609.81 prefix_ms=0.0 suffix_ms=1883.0 first_token_ms=12475.7 generation_ms=91676.1 generated=64 generation_tps=0.698
AGENT index=28 mig=31ffbfe4 exit=0 wall_ms=154647 text=15c67d79a860da75 role=child prefix_tokens=14282 suffix_tokens=20 model_ms=7874.3 context_ms=627.7 state_ms=1779.46 prefix_ms=0.0 suffix_ms=3977.7 first_token_ms=16763.9 generation_ms=137509.8 generated=64 generation_tps=0.465
AGENT index=29 mig=fafc828a exit=0 wall_ms=105191 text=a72f71cd80731afe role=child prefix_tokens=14282 suffix_tokens=22 model_ms=7704.3 context_ms=793.1 state_ms=1088.25 prefix_ms=0.0 suffix_ms=1768.0 first_token_ms=13471.3 generation_ms=91281.5 generated=64 generation_tps=0.701
AGENT index=30 mig=31ffbfe4 exit=0 wall_ms=152877 text=317f6f38771a1e41 role=child prefix_tokens=14282 suffix_tokens=20 model_ms=6998.6 context_ms=376.2 state_ms=831.66 prefix_ms=0.0 suffix_ms=2590.7 first_token_ms=13067.4 generation_ms=139419.6 generated=64 generation_tps=0.459
AGENT index=31 mig=fafc828a exit=0 wall_ms=107261 text=d52293b0dc058085 role=child prefix_tokens=14282 suffix_tokens=22 model_ms=8107.9 context_ms=529.3 state_ms=1572.61 prefix_ms=0.0 suffix_ms=2599.6 first_token_ms=15216.5 generation_ms=91066.5 generated=64 generation_tps=0.703
AGENT index=32 mig=31ffbfe4 exit=0 wall_ms=155064 text=a067a6895417f0e8 role=child prefix_tokens=14282 suffix_tokens=28 model_ms=8023.4 context_ms=774.2 state_ms=1796.49 prefix_ms=0.0 suffix_ms=4226.3 first_token_ms=16962.2 generation_ms=137703.3 generated=64 generation_tps=0.465
AGENT index=33 mig=fafc828a exit=0 wall_ms=106519 text=5b450cf9627e77b9 role=child prefix_tokens=14282 suffix_tokens=23 model_ms=7873.5 context_ms=655.5 state_ms=1529.69 prefix_ms=0.0 suffix_ms=2350.2 first_token_ms=14768.4 generation_ms=91280.2 generated=64 generation_tps=0.701
AGENT index=34 mig=31ffbfe4 exit=0 wall_ms=155196 text=5c09b6f1d055319b role=child prefix_tokens=14282 suffix_tokens=25 model_ms=7851.3 context_ms=728.4 state_ms=1766.84 prefix_ms=0.0 suffix_ms=4258.9 first_token_ms=16906.0 generation_ms=137856.7 generated=64 generation_tps=0.464
AGENT index=35 mig=fafc828a exit=0 wall_ms=107250 text=077e38d3762a4e5d role=child prefix_tokens=14282 suffix_tokens=33 model_ms=7516.8 context_ms=773.6 state_ms=1386.58 prefix_ms=0.0 suffix_ms=2842.7 first_token_ms=15055.6 generation_ms=91340.6 generated=64 generation_tps=0.701
AGENT index=36 mig=31ffbfe4 exit=0 wall_ms=148865 text=836ebfaf7d21007d role=child prefix_tokens=14282 suffix_tokens=24 model_ms=6023.3 context_ms=206.2 state_ms=614.72 prefix_ms=0.0 suffix_ms=1314.3 first_token_ms=10419.9 generation_ms=138106.5 generated=64 generation_tps=0.463
AGENT index=37 mig=fafc828a exit=0 wall_ms=104568 text=b5c1cde845350686 role=child prefix_tokens=14282 suffix_tokens=27 model_ms=7388.1 context_ms=553.1 state_ms=633.98 prefix_ms=0.0 suffix_ms=1643.6 first_token_ms=12581.8 generation_ms=91524.2 generated=64 generation_tps=0.699
AGENT index=38 mig=31ffbfe4 exit=0 wall_ms=155482 text=e57f2865bc99ed0e role=child prefix_tokens=14282 suffix_tokens=22 model_ms=8161.9 context_ms=678.6 state_ms=1818.82 prefix_ms=0.0 suffix_ms=4139.2 first_token_ms=17067.3 generation_ms=137909.2 generated=64 generation_tps=0.464
AGENT index=39 mig=fafc828a exit=0 wall_ms=107079 text=f9c832b7cad1a509 role=child prefix_tokens=14282 suffix_tokens=32 model_ms=8059.2 context_ms=706.6 state_ms=1504.76 prefix_ms=0.0 suffix_ms=2699.0 first_token_ms=15070.8 generation_ms=91238.5 generated=64 generation_tps=0.701
AGENT index=40 mig=31ffbfe4 exit=0 wall_ms=155653 text=1bedc9985ebffdf3 role=child prefix_tokens=14282 suffix_tokens=19 model_ms=8099.1 context_ms=533.0 state_ms=1774.97 prefix_ms=0.0 suffix_ms=4068.0 first_token_ms=16871.6 generation_ms=138117.0 generated=64 generation_tps=0.463
AGENT index=41 mig=fafc828a exit=0 wall_ms=100558 text=3be32d4f1f40e878 role=child prefix_tokens=14282 suffix_tokens=19 model_ms=6234.8 context_ms=110.8 state_ms=473.28 prefix_ms=0.0 suffix_ms=1324.7 first_token_ms=10471.3 generation_ms=89703.9 generated=64 generation_tps=0.713
AGENT index=42 mig=31ffbfe4 exit=0 wall_ms=153778 text=519b2de5b706a49d role=child prefix_tokens=14282 suffix_tokens=18 model_ms=7081.8 context_ms=624.6 state_ms=1181.02 prefix_ms=0.0 suffix_ms=2474.5 first_token_ms=13757.6 generation_ms=139666.8 generated=64 generation_tps=0.458
AGENT index=43 mig=fafc828a exit=0 wall_ms=98008 text=ad92edad967aef00 role=child prefix_tokens=14282 suffix_tokens=22 model_ms=6090.0 context_ms=161.3 state_ms=498.18 prefix_ms=0.0 suffix_ms=778.8 first_token_ms=9746.1 generation_ms=86413.8 generated=64 generation_tps=0.741
AGENT index=44 mig=31ffbfe4 exit=0 wall_ms=155261 text=806eb5a225900d3a role=child prefix_tokens=14282 suffix_tokens=21 model_ms=8097.8 context_ms=507.2 state_ms=1783.74 prefix_ms=0.0 suffix_ms=3957.4 first_token_ms=16729.9 generation_ms=138145.6 generated=64 generation_tps=0.463
AGENT index=45 mig=fafc828a exit=0 wall_ms=105032 text=9f441c92dda94d6e role=child prefix_tokens=14282 suffix_tokens=31 model_ms=6994.2 context_ms=481.0 state_ms=612.12 prefix_ms=0.0 suffix_ms=1916.8 first_token_ms=12486.8 generation_ms=92122.9 generated=64 generation_tps=0.695
AGENT index=46 mig=31ffbfe4 exit=0 wall_ms=121755 text=3f33f20708943e2f role=child prefix_tokens=14282 suffix_tokens=21 model_ms=3935.1 context_ms=537.2 state_ms=274.18 prefix_ms=0.0 suffix_ms=502.7 first_token_ms=7538.7 generation_ms=113842.5 generated=64 generation_tps=0.562
AGENT index=47 mig=fafc828a exit=0 wall_ms=106687 text=0d9668c2f9cbc9fc role=child prefix_tokens=14282 suffix_tokens=26 model_ms=7481.3 context_ms=744.4 state_ms=1342.59 prefix_ms=0.0 suffix_ms=2496.0 first_token_ms=14563.5 generation_ms=91515.3 generated=64 generation_tps=0.699
AGENT index=48 mig=31ffbfe4 exit=0 wall_ms=155628 text=27f58a7742c668f5 role=child prefix_tokens=14282 suffix_tokens=25 model_ms=8309.3 context_ms=470.5 state_ms=1790.82 prefix_ms=0.0 suffix_ms=4506.5 first_token_ms=17415.9 generation_ms=137458.3 generated=64 generation_tps=0.466
AGENT index=49 mig=fafc828a exit=0 wall_ms=106625 text=6bd685fbc4b441ec role=child prefix_tokens=14282 suffix_tokens=22 model_ms=7868.0 context_ms=810.7 state_ms=1536.48 prefix_ms=0.0 suffix_ms=2454.7 first_token_ms=14886.4 generation_ms=91230.1 generated=64 generation_tps=0.702
AGENT index=50 mig=31ffbfe4 exit=0 wall_ms=155515 text=802dc3b79f95f0ef role=child prefix_tokens=14282 suffix_tokens=21 model_ms=8124.8 context_ms=631.7 state_ms=1846.85 prefix_ms=0.0 suffix_ms=4072.7 first_token_ms=17019.2 generation_ms=137896.4 generated=64 generation_tps=0.464
AGENT index=51 mig=fafc828a exit=0 wall_ms=106826 text=88ab36014083e9b4 role=child prefix_tokens=14282 suffix_tokens=18 model_ms=8138.8 context_ms=626.0 state_ms=1615.97 prefix_ms=0.0 suffix_ms=2655.9 first_token_ms=15352.0 generation_ms=90865.9 generated=64 generation_tps=0.704
AGENT index=52 mig=31ffbfe4 exit=0 wall_ms=155694 text=56ae1f5c8f39885b role=child prefix_tokens=14282 suffix_tokens=21 model_ms=8131.4 context_ms=514.3 state_ms=1830.57 prefix_ms=0.0 suffix_ms=4111.1 first_token_ms=17030.2 generation_ms=137985.3 generated=64 generation_tps=0.464
AGENT index=53 mig=fafc828a exit=0 wall_ms=107347 text=11e4c2a85150fa06 role=child prefix_tokens=14282 suffix_tokens=26 model_ms=8033.2 context_ms=572.7 state_ms=1609.00 prefix_ms=0.0 suffix_ms=2999.6 first_token_ms=15710.0 generation_ms=90727.7 generated=64 generation_tps=0.705
AGENT index=54 mig=31ffbfe4 exit=0 wall_ms=154687 text=3b6f5b9c968721eb role=child prefix_tokens=14282 suffix_tokens=27 model_ms=7383.9 context_ms=648.7 state_ms=1617.02 prefix_ms=0.0 suffix_ms=3716.7 first_token_ms=15854.7 generation_ms=138418.5 generated=64 generation_tps=0.462
AGENT index=55 mig=fafc828a exit=0 wall_ms=107292 text=7e4fad52bd577abf role=child prefix_tokens=14282 suffix_tokens=17 model_ms=7897.2 context_ms=742.8 state_ms=1606.20 prefix_ms=0.0 suffix_ms=2635.5 first_token_ms=15265.2 generation_ms=91132.6 generated=64 generation_tps=0.702
AGENT index=56 mig=31ffbfe4 exit=0 wall_ms=154805 text=9834d2c93010cb40 role=child prefix_tokens=14282 suffix_tokens=22 model_ms=7387.5 context_ms=692.4 state_ms=1680.18 prefix_ms=0.0 suffix_ms=3339.3 first_token_ms=15535.5 generation_ms=138884.5 generated=64 generation_tps=0.461
AGENT index=57 mig=fafc828a exit=0 wall_ms=107258 text=50630b6612aba7b8 role=child prefix_tokens=14282 suffix_tokens=23 model_ms=8164.8 context_ms=467.7 state_ms=1676.13 prefix_ms=0.0 suffix_ms=2694.6 first_token_ms=15470.2 generation_ms=90944.7 generated=64 generation_tps=0.704
AGENT index=58 mig=31ffbfe4 exit=0 wall_ms=155519 text=9ca71337e20d8558 role=child prefix_tokens=14282 suffix_tokens=19 model_ms=7957.9 context_ms=606.8 state_ms=1808.66 prefix_ms=0.0 suffix_ms=4024.0 first_token_ms=16869.6 generation_ms=138112.3 generated=64 generation_tps=0.463
AGENT index=59 mig=fafc828a exit=0 wall_ms=106235 text=a0d59f42adbdb7a7 role=child prefix_tokens=14282 suffix_tokens=21 model_ms=8094.3 context_ms=693.2 state_ms=1474.71 prefix_ms=0.0 suffix_ms=2288.0 first_token_ms=14553.9 generation_ms=91225.0 generated=64 generation_tps=0.702
AGENT index=60 mig=31ffbfe4 exit=0 wall_ms=154814 text=b1fe3c81bfb2916f role=child prefix_tokens=14282 suffix_tokens=20 model_ms=7372.3 context_ms=833.2 state_ms=1677.62 prefix_ms=0.0 suffix_ms=3465.4 first_token_ms=15702.1 generation_ms=138695.1 generated=64 generation_tps=0.461
MEMORY mem_available_drop_mib=97852 mem_available_before_mib=120243 mem_free_before_mib=27369 pss_anon_mib=13953 pss_file_mib=5799 pss_shmem_mib=3550 device_mib=78256 samples=24
END_CASE failed_agents=0 wall_ms=156224
CASE mode=kv agents=19
AGENT index=0 mig=31ffbfe4 exit=0 wall_ms=36289 text=4605b6e04b2228eb role=child prefix_tokens=14282 suffix_tokens=27 model_ms=2125.6 context_ms=830.8 state_ms=6.13 prefix_ms=0.0 suffix_ms=359.5 first_token_ms=3849.4 generation_ms=32023.2 generated=64 generation_tps=1.999
AGENT index=1 mig=fafc828a exit=0 wall_ms=34644 text=a5af93194a2d1ced role=child prefix_tokens=14282 suffix_tokens=22 model_ms=7772.0 context_ms=35.5 state_ms=6.01 prefix_ms=0.0 suffix_ms=689.8 first_token_ms=9228.1 generation_ms=24867.6 generated=64 generation_tps=2.574
AGENT index=2 mig=31ffbfe4 exit=0 wall_ms=51913 text=37e5f08e6279aa62 role=child prefix_tokens=14282 suffix_tokens=24 model_ms=7314.0 context_ms=36.8 state_ms=6.17 prefix_ms=0.0 suffix_ms=1113.9 first_token_ms=9094.0 generation_ms=42139.9 generated=64 generation_tps=1.519
AGENT index=3 mig=fafc828a exit=0 wall_ms=32142 text=5e1ac569aa8b0faf role=child prefix_tokens=14282 suffix_tokens=32 model_ms=4383.1 context_ms=43.8 state_ms=7.98 prefix_ms=0.0 suffix_ms=502.2 first_token_ms=5638.7 generation_ms=26021.6 generated=64 generation_tps=2.459
AGENT index=4 mig=31ffbfe4 exit=0 wall_ms=51883 text=6e3d8f07cfceb082 role=child prefix_tokens=14282 suffix_tokens=23 model_ms=7119.2 context_ms=35.4 state_ms=6.57 prefix_ms=0.0 suffix_ms=998.3 first_token_ms=8850.9 generation_ms=42269.0 generated=64 generation_tps=1.514
AGENT index=5 mig=fafc828a exit=0 wall_ms=32191 text=47179dd0dcd49eb0 role=child prefix_tokens=14282 suffix_tokens=26 model_ms=4426.7 context_ms=53.1 state_ms=6.21 prefix_ms=0.0 suffix_ms=525.6 first_token_ms=5685.5 generation_ms=26036.0 generated=64 generation_tps=2.458
AGENT index=6 mig=31ffbfe4 exit=0 wall_ms=52085 text=f88f503d1005fa22 role=child prefix_tokens=14282 suffix_tokens=21 model_ms=9563.9 context_ms=33.7 state_ms=6.14 prefix_ms=0.0 suffix_ms=1426.9 first_token_ms=11793.3 generation_ms=39816.7 generated=64 generation_tps=1.607
AGENT index=7 mig=fafc828a exit=0 wall_ms=34730 text=f9c832b7cad1a509 role=child prefix_tokens=14282 suffix_tokens=31 model_ms=8091.9 context_ms=33.6 state_ms=6.12 prefix_ms=0.0 suffix_ms=865.7 first_token_ms=9730.2 generation_ms=24553.3 generated=64 generation_tps=2.607
AGENT index=8 mig=31ffbfe4 exit=0 wall_ms=50546 text=a3c806a5411bc6e6 role=child prefix_tokens=14282 suffix_tokens=18 model_ms=6425.1 context_ms=37.1 state_ms=6.14 prefix_ms=0.0 suffix_ms=594.1 first_token_ms=7760.5 generation_ms=42370.8 generated=64 generation_tps=1.510
AGENT index=9 mig=fafc828a exit=0 wall_ms=33658 text=a2d016def74ecc62 role=child prefix_tokens=14282 suffix_tokens=18 model_ms=5758.6 context_ms=44.7 state_ms=6.43 prefix_ms=0.0 suffix_ms=584.0 first_token_ms=7082.4 generation_ms=26032.3 generated=64 generation_tps=2.458
AGENT index=10 mig=31ffbfe4 exit=0 wall_ms=49037 text=a733f3a39259263c role=child prefix_tokens=14282 suffix_tokens=18 model_ms=5793.9 context_ms=37.2 state_ms=6.62 prefix_ms=0.0 suffix_ms=394.9 first_token_ms=7011.7 generation_ms=41626.1 generated=64 generation_tps=1.537
AGENT index=11 mig=fafc828a exit=0 wall_ms=33679 text=ad0d6edf343e5e28 role=child prefix_tokens=14282 suffix_tokens=22 model_ms=5742.5 context_ms=45.8 state_ms=6.36 prefix_ms=0.0 suffix_ms=609.4 first_token_ms=7120.3 generation_ms=26022.3 generated=64 generation_tps=2.459
AGENT index=12 mig=31ffbfe4 exit=0 wall_ms=51919 text=2c93819fe85df763 role=child prefix_tokens=14282 suffix_tokens=21 model_ms=7413.7 context_ms=35.8 state_ms=6.38 prefix_ms=0.0 suffix_ms=1114.0 first_token_ms=9128.6 generation_ms=42100.1 generated=64 generation_tps=1.520
AGENT index=13 mig=fafc828a exit=0 wall_ms=31471 text=5d483815f91685a6 role=child prefix_tokens=14282 suffix_tokens=31 model_ms=4189.3 context_ms=42.7 state_ms=6.37 prefix_ms=0.0 suffix_ms=296.2 first_token_ms=5255.1 generation_ms=25732.5 generated=64 generation_tps=2.487
AGENT index=14 mig=31ffbfe4 exit=0 wall_ms=51964 text=f8f770d151794139 role=child prefix_tokens=14282 suffix_tokens=21 model_ms=7457.1 context_ms=33.9 state_ms=6.37 prefix_ms=0.0 suffix_ms=1224.8 first_token_ms=9383.3 generation_ms=41937.8 generated=64 generation_tps=1.526
AGENT index=15 mig=fafc828a exit=0 wall_ms=31640 text=0d9668c2f9cbc9fc role=child prefix_tokens=14282 suffix_tokens=26 model_ms=4240.2 context_ms=51.5 state_ms=6.60 prefix_ms=0.0 suffix_ms=337.4 first_token_ms=5334.3 generation_ms=25844.2 generated=64 generation_tps=2.476
AGENT index=16 mig=31ffbfe4 exit=0 wall_ms=51013 text=a6ffaf564cadb5d1 role=child prefix_tokens=14282 suffix_tokens=25 model_ms=6683.7 context_ms=36.0 state_ms=6.52 prefix_ms=0.0 suffix_ms=698.1 first_token_ms=8090.5 generation_ms=42500.2 generated=64 generation_tps=1.506
AGENT index=17 mig=fafc828a exit=0 wall_ms=34821 text=6bd685fbc4b441ec role=child prefix_tokens=14282 suffix_tokens=22 model_ms=9060.9 context_ms=34.7 state_ms=6.57 prefix_ms=0.0 suffix_ms=878.3 first_token_ms=10719.0 generation_ms=23664.7 generated=64 generation_tps=2.704
AGENT index=18 mig=31ffbfe4 exit=0 wall_ms=51995 text=ba15e410535ababc role=child prefix_tokens=14282 suffix_tokens=21 model_ms=8004.3 context_ms=33.4 state_ms=6.19 prefix_ms=0.0 suffix_ms=1244.6 first_token_ms=9970.8 generation_ms=41418.4 generated=64 generation_tps=1.545
MEMORY mem_available_drop_mib=99376 mem_available_before_mib=120309 mem_free_before_mib=27410 pss_anon_mib=4557 pss_file_mib=469 pss_shmem_mib=7441 device_mib=86576 samples=8
END_CASE failed_agents=0 wall_ms=52235
CASE mode=none agents=16
AGENT index=0 mig=31ffbfe4 exit=0 wall_ms=40999 text=4605b6e04b2228eb role=child prefix_tokens=14282 suffix_tokens=27 model_ms=3902.8 context_ms=135.0 state_ms=285.04 prefix_ms=0.0 suffix_ms=590.3 first_token_ms=5558.7 generation_ms=34774.7 generated=64 generation_tps=1.840
AGENT index=1 mig=fafc828a exit=0 wall_ms=29627 text=a5af93194a2d1ced role=child prefix_tokens=14282 suffix_tokens=22 model_ms=3845.3 context_ms=162.3 state_ms=332.16 prefix_ms=0.0 suffix_ms=455.3 first_token_ms=5445.5 generation_ms=23405.4 generated=64 generation_tps=2.734
AGENT index=2 mig=31ffbfe4 exit=0 wall_ms=41703 text=37e5f08e6279aa62 role=child prefix_tokens=14282 suffix_tokens=24 model_ms=4200.2 context_ms=80.8 state_ms=377.81 prefix_ms=0.0 suffix_ms=881.5 first_token_ms=6127.3 generation_ms=34493.0 generated=64 generation_tps=1.855
AGENT index=3 mig=fafc828a exit=0 wall_ms=29625 text=5e1ac569aa8b0faf role=child prefix_tokens=14282 suffix_tokens=32 model_ms=3828.0 context_ms=81.0 state_ms=459.11 prefix_ms=0.0 suffix_ms=529.7 first_token_ms=5504.6 generation_ms=23358.9 generated=64 generation_tps=2.740
AGENT index=4 mig=31ffbfe4 exit=0 wall_ms=41625 text=6e3d8f07cfceb082 role=child prefix_tokens=14282 suffix_tokens=23 model_ms=4251.0 context_ms=91.5 state_ms=437.52 prefix_ms=0.0 suffix_ms=1004.8 first_token_ms=6399.2 generation_ms=34368.3 generated=64 generation_tps=1.862
AGENT index=5 mig=fafc828a exit=0 wall_ms=29745 text=47179dd0dcd49eb0 role=child prefix_tokens=14282 suffix_tokens=26 model_ms=4193.2 context_ms=78.0 state_ms=469.01 prefix_ms=0.0 suffix_ms=655.2 first_token_ms=5990.0 generation_ms=23152.3 generated=64 generation_tps=2.764
AGENT index=6 mig=31ffbfe4 exit=0 wall_ms=40940 text=f88f503d1005fa22 role=child prefix_tokens=14282 suffix_tokens=21 model_ms=3972.2 context_ms=106.5 state_ms=291.47 prefix_ms=0.0 suffix_ms=528.2 first_token_ms=5507.1 generation_ms=34727.6 generated=64 generation_tps=1.843
AGENT index=7 mig=fafc828a exit=0 wall_ms=30206 text=f9c832b7cad1a509 role=child prefix_tokens=14282 suffix_tokens=31 model_ms=5551.8 context_ms=107.0 state_ms=660.83 prefix_ms=0.0 suffix_ms=744.8 first_token_ms=7683.5 generation_ms=22036.3 generated=64 generation_tps=2.904
AGENT index=8 mig=31ffbfe4 exit=0 wall_ms=41644 text=a3c806a5411bc6e6 role=child prefix_tokens=14282 suffix_tokens=18 model_ms=4198.8 context_ms=103.8 state_ms=423.30 prefix_ms=0.0 suffix_ms=987.6 first_token_ms=6353.9 generation_ms=34406.9 generated=64 generation_tps=1.860
AGENT index=9 mig=fafc828a exit=0 wall_ms=28793 text=a2d016def74ecc62 role=child prefix_tokens=14282 suffix_tokens=18 model_ms=3800.0 context_ms=87.2 state_ms=267.88 prefix_ms=0.0 suffix_ms=289.9 first_token_ms=5076.0 generation_ms=23186.9 generated=64 generation_tps=2.760
AGENT index=10 mig=31ffbfe4 exit=0 wall_ms=41464 text=a733f3a39259263c role=child prefix_tokens=14282 suffix_tokens=18 model_ms=4136.2 context_ms=54.0 state_ms=395.02 prefix_ms=0.0 suffix_ms=829.0 first_token_ms=6000.8 generation_ms=34582.8 generated=64 generation_tps=1.851
AGENT index=11 mig=fafc828a exit=0 wall_ms=29313 text=ad0d6edf343e5e28 role=child prefix_tokens=14282 suffix_tokens=22 model_ms=3887.0 context_ms=150.4 state_ms=309.33 prefix_ms=0.0 suffix_ms=459.7 first_token_ms=5415.6 generation_ms=23195.6 generated=64 generation_tps=2.759
AGENT index=12 mig=31ffbfe4 exit=0 wall_ms=41005 text=2c93819fe85df763 role=child prefix_tokens=14282 suffix_tokens=21 model_ms=3927.3 context_ms=158.7 state_ms=290.42 prefix_ms=0.0 suffix_ms=511.0 first_token_ms=5481.0 generation_ms=34765.8 generated=64 generation_tps=1.841
AGENT index=13 mig=fafc828a exit=0 wall_ms=29528 text=5d483815f91685a6 role=child prefix_tokens=14282 suffix_tokens=31 model_ms=3871.6 context_ms=156.3 state_ms=359.49 prefix_ms=0.0 suffix_ms=491.4 first_token_ms=5462.6 generation_ms=23224.9 generated=64 generation_tps=2.756
AGENT index=14 mig=31ffbfe4 exit=0 wall_ms=41554 text=f8f770d151794139 role=child prefix_tokens=14282 suffix_tokens=21 model_ms=4434.5 context_ms=79.8 state_ms=542.66 prefix_ms=0.0 suffix_ms=1102.1 first_token_ms=6750.5 generation_ms=34040.4 generated=64 generation_tps=1.880
AGENT index=15 mig=fafc828a exit=0 wall_ms=30534 text=0d9668c2f9cbc9fc role=child prefix_tokens=14282 suffix_tokens=26 model_ms=7754.6 context_ms=89.8 state_ms=755.37 prefix_ms=0.0 suffix_ms=844.4 first_token_ms=10070.9 generation_ms=19978.7 generated=64 generation_tps=3.203
MEMORY mem_available_drop_mib=98084 mem_available_before_mib=120299 mem_free_before_mib=27608 pss_anon_mib=3658 pss_file_mib=408 pss_shmem_mib=5609 device_mib=87248 samples=7
END_CASE failed_agents=0 wall_ms=41827
END_KVSTACK
